# File created = Tuesday, March 19, 2024 at 12:44:01 PM Eastern Daylight Time
# Data set = SW_Shiva  356  1  /home/shiva/WMU
# Spectral Region:
# LEFT = 100.06120300292969 ppm. RIGHT = -106.03338443170102 ppm.
#
# SIZE = 32768 ( = number of points)
#
# In the following ordering is from the 'left' to the 'right' limits!
# Lines beginning with '#' must be considered as comment lines.
#
-18408.8623046875
-18035.5927734375
-17633.80078125
-17204.8984375
-16750.349609375
-16271.6591796875
-15770.3681640625
-15248.04296875
-14706.2705078125
-14146.6474609375
-13570.77734375
-12980.2578125
-12376.67578125
-11761.6015625
-11136.5810546875
-10503.125
-9862.708984375
-9216.7666015625
-8566.6806640625
-7913.77734375
-7259.3271484375
-6604.5380859375
-5950.5478515625
-5298.427734375
-4649.1767578125
-4003.7177734375
-3362.8994140625
-2727.4951171875
-2098.201171875
-1475.63671875
-860.349609375
-252.8125
346.5732421875
937.4736328125
1519.6171875
2092.79296875
2656.8515625
3211.6865234375
3757.2451171875
4293.509765625
4820.5009765625
5338.2646484375
5846.8740234375
6346.4130859375
6836.9775390625
7318.666015625
7791.5712890625
8255.7783203125
8711.3564453125
9158.3515625
9596.7822265625
10026.6337890625
10447.85546875
10860.3525390625
11263.986328125
11658.5703125
12043.86328125
12419.5751953125
12785.35546875
13140.806640625
13485.4697265625
13818.8359375
14140.34375
14449.380859375
14745.2890625
15027.3701171875
15294.8857421875
15547.064453125
15783.109375
16002.203125
16203.5126953125
16386.2001953125
16549.4287109375
16692.3701171875
16814.2119140625
16914.1708984375
16991.494140625
17045.47265625
17075.4462890625
17080.8154296875
17061.046875
17015.677734375
16944.3310546875
16846.7138671875
16722.6298828125
16571.9775390625
16394.763671875
16191.099609375
15961.2099609375
15705.431640625
15424.21875
15118.1376953125
14787.8740234375
14434.2265625
14058.107421875
13660.5390625
13242.6513671875
12805.671875
12350.9296875
11879.8427734375
11393.9130859375
10894.7177734375
10383.9033203125
9863.1787109375
9334.2998046875
8799.068359375
8259.314453125
7716.8916015625
7173.6689453125
6631.5126953125
6092.2861328125
5557.8330078125
5029.96875
4510.47265625
4001.0810546875
3503.47265625
3019.267578125
2550.0126953125
2097.1787109375
1662.15625
1246.2431640625
850.646484375
476.47265625
124.7275390625
-203.6845703125
-507.966796875
-787.4326171875
-1041.4970703125
-1269.685546875
-1471.62890625
-1647.0634765625
-1795.8251953125
-1917.8486328125
-2013.1650390625
-2081.8974609375
-2124.25390625
-2140.5263671875
-2131.0810546875
-2096.3583984375
-2036.861328125
-1953.1572265625
-1845.865234375
-1715.65234375
-1563.228515625
-1389.34375
-1194.7763671875
-980.333984375
-746.8427734375
-495.1455078125
-226.1015625
59.427734375
360.572265625
676.462890625
1006.232421875
1349.0166015625
1703.958984375
2070.2119140625
2446.9365234375
2833.3037109375
3228.4990234375
3631.716796875
4042.1630859375
4459.056640625
4881.625
5309.1064453125
5740.7490234375
6175.8076171875
6613.5458984375
7053.228515625
7494.1259765625
7935.5126953125
8376.6630859375
8816.8486328125
9255.341796875
9691.4140625
10124.3271484375
10553.3447265625
10977.7177734375
11396.6982421875
11809.5244140625
12215.431640625
12613.646484375
13003.38671875
13383.8671875
13754.29296875
14113.86328125
14461.7724609375
14797.212890625
15119.3701171875
15427.4296875
15720.5771484375
15997.99609375
16258.8779296875
16502.41015625
16727.7939453125
16934.234375
17120.947265625
17287.158203125
17432.1083984375
17555.0546875
17655.271484375
17732.052734375
17784.7158203125
17812.6005859375
17815.076171875
17791.5419921875
17741.423828125
17664.189453125
17559.3349609375
17426.4052734375
17264.9775390625
17074.681640625
16855.19140625
16606.2314453125
16327.580078125
16019.0732421875
15680.6015625
15312.1240234375
14913.66015625
14485.298828125
14027.201171875
13539.599609375
13022.806640625
12477.2099609375
11903.2822265625
11301.576171875
10672.734375
10017.4833984375
9336.640625
8631.11328125
7901.8974609375
7150.0810546875
6376.8427734375
5583.44921875
4771.255859375
3941.7021484375
3096.3125
2236.6923828125
1364.5205078125
481.548828125
-410.4072265625
-1309.47265625
-2213.71484375
-3121.162109375
-4029.802734375
-4937.595703125
-5842.48046875
-6742.388671875
-7635.2548828125
-8519.021484375
-9391.65625
-10251.16015625
-11095.58203125
-11923.02734375
-12731.669921875
-13519.765625
-14285.666015625
-15027.822265625
-15744.80078125
-16435.2958984375
-17098.134765625
-17732.2861328125
-18336.8740234375
-18911.1787109375
-19454.6484375
-19966.900390625
-20447.7275390625
-20897.09765625
-21315.1611328125
-21702.2470703125
-22058.8603515625
-22385.685546875
-22683.5771484375
-22953.556640625
-23196.806640625
-23414.6630859375
-23608.603515625
-23780.240234375
-23931.3046875
-24063.6396484375
-24179.18359375
-24279.9521484375
-24368.029296875
-24445.548828125
-24514.6748046875
-24577.5888671875
-24636.47265625
-24693.4873046875
-24750.759765625
-24810.3623046875
-24874.3017578125
-24944.4951171875
-25022.759765625
-25110.7998046875
-25210.18359375
-25322.34375
-25448.55078125
-25589.9150390625
-25747.3701171875
-25921.669921875
-26113.3759765625
-26322.859375
-26550.2939453125
-26795.6552734375
-27058.720703125
-27339.0712890625
-27636.0966796875
-27948.998046875
-28276.7919921875
-28618.326171875
-28972.283203125
-29337.1875
-29711.4267578125
-30093.2568359375
-30480.8232421875
-30872.166015625
-31265.2431640625
-31657.947265625
-32048.1171875
-32433.5546875
-32812.048828125
-33181.3857421875
-33539.369140625
-33883.8359375
-34212.6728515625
-34523.83203125
-34815.3466796875
-35085.3447265625
-35332.0615234375
-35553.8525390625
-35749.205078125
-35916.75
-36055.2685546875
-36163.6962890625
-36241.1357421875
-36286.859375
-36300.3115234375
-36281.107421875
-36229.0419921875
-36144.08203125
-36026.3662109375
-35876.2041015625
-35694.0673828125
-35480.5908203125
-35236.5556640625
-34962.8916015625
-34660.6650390625
-34331.0673828125
-33975.408203125
-33595.103515625
-33191.6640625
-32766.6884765625
-32321.8427734375
-31858.861328125
-31379.5234375
-30885.6494140625
-30379.0888671875
-29861.705078125
-29335.3701171875
-28801.9501953125
-28263.3017578125
-27721.2587890625
-27177.625
-26634.1689453125
-26092.615234375
-25554.6396484375
-25021.865234375
-24495.8564453125
-23978.1181640625
-23470.0908203125
-22973.15234375
-22488.61328125
-22017.71875
-21561.650390625
-21121.5234375
-20698.392578125
-20293.2529296875
-19907.0380859375
-19540.630859375
-19194.8603515625
-18870.5068359375
-18568.3046875
-18288.9482421875
-18033.0908203125
-17801.3466796875
-17594.302734375
-17412.5087890625
-17256.4892578125
-17126.73828125
-17023.724609375
-16947.890625
-16899.6513671875
-16879.3955078125
-16887.4853515625
-16924.25
-16989.98828125
-17084.96484375
-17209.4013671875
-17363.48046875
-17547.3349609375
-17761.046875
-18004.6376953125
-18278.068359375
-18581.2275390625
-18913.9306640625
-19275.9111328125
-19666.814453125
-20086.1904296875
-20533.4951171875
-21008.07421875
-21509.1650390625
-22035.8935546875
-22587.263671875
-23162.1591796875
-23759.3388671875
-24377.4345703125
-25014.953125
-25670.2705078125
-26341.638671875
-27027.18359375
-27724.9072265625
-28432.69921875
-29148.3310546875
-29869.4677734375
-30593.6767578125
-31318.4306640625
-32041.1201171875
-32759.0625
-33469.515625
-34169.681640625
-34856.728515625
-35527.796875
-36180.0166015625
-36810.5205078125
-37416.4541015625
-37995.0
-38543.3828125
-39058.890625
-39538.884765625
-39980.8193359375
-40382.251953125
-40740.857421875
-41054.4462890625
-41320.970703125
-41538.541015625
-41705.4345703125
-41820.1083984375
-41881.2080078125
-41887.5771484375
-41838.26171875
-41732.5166015625
-41569.818359375
-41349.8583984375
-41072.5546875
-40738.0458984375
-40346.701171875
-39899.1103515625
-39396.087890625
-38838.66796875
-38228.1005859375
-37565.8447265625
-36853.5673828125
-36093.130859375
-35286.587890625
-34436.1708984375
-33544.28515625
-32613.4951171875
-31646.515625
-30646.201171875
-29615.53125
-28557.6005859375
-27475.6025390625
-26372.818359375
-25252.607421875
-24118.3857421875
-22973.6181640625
-21821.802734375
-20666.4560546875
-19511.1025390625
-18359.2568359375
-17214.41015625
-16080.0205078125
-14959.5
-13856.19140625
-12773.3701171875
-11714.2216796875
-10681.8291015625
-9679.1689453125
-8709.091796875
-7774.3115234375
-6877.3994140625
-6020.76953125
-5206.669921875
-4437.1708984375
-3714.1591796875
-3039.3271484375
-2414.166015625
-1839.955078125
-1317.7607421875
-848.4267578125
-432.56640625
-70.5625
237.4384765625
491.5302734375
692.046875
839.56640625
934.9072265625
979.1318359375
973.541015625
919.6728515625
819.296875
674.41015625
487.23046875
260.1875
-4.087890625
-302.7685546875
-632.8486328125
-991.1533203125
-1374.3544921875
-1778.9833984375
-2201.4482421875
-2638.0517578125
-3085.009765625
-3538.4697265625
-3994.5283203125
-4449.2578125
-4898.720703125
-5338.994140625
-5766.193359375
-6176.4912109375
-6566.140625
-6931.4990234375
-7269.04296875
-7575.40234375
-7847.3662109375
-8081.912109375
-8276.22265625
-8427.7041015625
-8534.001953125
-8593.0146484375
-8602.9140625
-8562.1484375
-8469.462890625
-8323.8994140625
-8124.8115234375
-7871.8642578125
-7565.037109375
-7204.6298828125
-6791.2548828125
-6325.8369140625
-5809.6123046875
-5244.1123046875
-4631.1611328125
-3972.861328125
-3271.58203125
-2529.9453125
-1750.8046875
-937.23046875
-92.4931640625
779.962890625
1676.5361328125
2593.498046875
3527.0048828125
4473.1318359375
5427.8916015625
6387.2646484375
7347.21484375
8303.71875
9252.7890625
10190.498046875
11112.998046875
12016.54296875
12897.5107421875
13752.416015625
14577.935546875
15370.919921875
16128.4072265625
16847.6376953125
17526.0615234375
18161.3525390625
18751.41015625
19294.3662109375
19788.587890625
20232.6806640625
20625.4873046875
20966.08203125
21253.7685546875
21488.076171875
21668.7470703125
21795.7333984375
21869.1806640625
21889.419921875
21856.95703125
21772.453125
21636.7119140625
21450.669921875
21215.3720703125
20931.96484375
20601.6728515625
20225.787109375
19805.6474609375
19342.62890625
18838.126953125
18293.5400390625
17710.2587890625
17089.6552734375
16433.06640625
15741.7900390625
15017.0712890625
14260.0966796875
13471.9853515625
12653.7900390625
11806.4873046875
10930.9775390625
10028.0869140625
9098.564453125
8143.0888671875
7162.2666015625
6156.6376953125
5126.6904296875
4072.857421875
2995.52734375
1895.0615234375
771.7939453125
-373.953125
-1541.8583984375
-2731.591796875
-3942.794921875
-5175.0810546875
-6428.013671875
-7701.09765625
-8993.7705078125
-10305.384765625
-11635.20703125
-12982.3984375
-14346.013671875
-15724.9921875
-17118.14453125
-18524.1611328125
-19941.5927734375
-21368.8603515625
-22804.25
-24245.9091796875
-25691.85546875
-27139.9755859375
-28588.03515625
-30033.6796875
-31474.4462890625
-32907.7734375
-34331.01171875
-35741.435546875
-37136.25390625
-38512.630859375
-39867.6982421875
-41198.5693359375
-42502.359375
-43776.201171875
-45017.265625
-46222.775390625
-47390.0263671875
-48516.404296875
-49599.4033203125
-50636.642578125
-51625.8798828125
-52565.0322265625
-53452.1865234375
-54285.6162109375
-55063.7890625
-55785.3828125
-56449.2880859375
-57054.6259765625
-57600.740234375
-58087.21484375
-58513.8662109375
-58880.751953125
-59188.1572265625
-59436.6083984375
-59626.8515625
-59759.8544921875
-59836.7958984375
-59859.0537109375
-59828.1962890625
-59745.962890625
-59614.2548828125
-59435.1171875
-59210.720703125
-58943.34375
-58635.3544921875
-58289.1953125
-57907.3544921875
-57492.353515625
-57046.7255859375
-56572.9951171875
-56073.6591796875
-55551.169921875
-55007.916015625
-54446.2060546875
-53868.2529296875
-53276.15625
-52671.8955078125
-52057.3154296875
-51434.1123046875
-50803.83203125
-50167.8583984375
-49527.4111328125
-48883.5400390625
-48237.125
-47588.87890625
-46939.3466796875
-46288.9072265625
-45637.7861328125
-44986.0537109375
-44333.6396484375
-43680.341796875
-43025.8359375
-42369.6875
-41711.3662109375
-41050.2568359375
-40385.677734375
-39716.890625
-39043.12109375
-38363.5693359375
-37677.4248046875
-36983.8837890625
-36282.1640625
-35571.515625
-34851.2333984375
-34120.6767578125
-33379.2705078125
-32626.5224609375
-31862.03125
-31085.4921875
-30296.70703125
-29495.587890625
-28682.1611328125
-27856.5732421875
-27019.0849609375
-26170.08203125
-25310.0654296875
-24439.654296875
-23559.580078125
-22670.6806640625
-21773.9013671875
-20870.28125
-19960.94921875
-19047.1142578125
-18130.0625
-17211.140625
-16291.75
-15373.3408203125
-14457.392578125
-13545.416015625
-12638.9365234375
-11739.4833984375
-10848.583984375
-9967.7578125
-9098.498046875
-8242.2734375
-7400.517578125
-6574.6220703125
-5765.9267578125
-4975.7216796875
-4205.2353515625
-3455.6357421875
-2728.0244140625
-2023.43359375
-1342.8251953125
-687.08984375
-57.0439453125
546.56640625
1123.0712890625
1671.8701171875
2192.4345703125
2684.3046875
3147.0908203125
3580.4638671875
3984.1640625
4357.9892578125
4701.7958984375
5015.4990234375
5299.06640625
5552.517578125
5775.92578125
5969.4072265625
6133.1259765625
6267.2900390625
6372.15234375
6448.00390625
6495.1787109375
6514.0478515625
6505.025390625
6468.556640625
6405.1298828125
6315.267578125
6199.5302734375
6058.51171875
5892.845703125
5703.19921875
5490.2724609375
5254.8056640625
4997.5654296875
4719.3583984375
4421.01953125
4103.41796875
3767.4501953125
3414.0419921875
3044.146484375
2658.7431640625
2258.8310546875
1845.4306640625
1419.58203125
982.337890625
534.765625
77.9384765625
-387.0595703125
-859.1474609375
-1337.240234375
-1820.2607421875
-2307.13671875
-2796.806640625
-3288.2255859375
-3780.36328125
-4272.2119140625
-4762.7861328125
-5251.1259765625
-5736.2998046875
-6217.408203125
-6693.5849609375
-7163.9970703125
-7627.84765625
-8084.37890625
-8532.8701171875
-8972.6416015625
-9403.05078125
-9823.4970703125
-10233.419921875
-10632.2958984375
-11019.6455078125
-11395.02734375
-11758.033203125
-12108.2978515625
-12445.4912109375
-12769.3193359375
-13079.5234375
-13375.875
-13658.1845703125
-13926.2900390625
-14180.0634765625
-14419.40625
-14644.2509765625
-14854.55859375
-15050.3212890625
-15231.5556640625
-15398.3115234375
-15550.666015625
-15688.7236328125
-15812.6181640625
-15922.5126953125
-16018.5966796875
-16101.0908203125
-16170.2431640625
-16226.33203125
-16269.6630859375
-16300.5712890625
-16319.419921875
-16326.6005859375
-16322.52734375
-16307.6494140625
-16282.4306640625
-16247.365234375
-16202.96484375
-16149.7646484375
-16088.3134765625
-16019.173828125
-15942.9228515625
-15860.14453125
-15771.4267578125
-15677.359375
-15578.5263671875
-15475.509765625
-15368.875
-15259.17578125
-15146.9404296875
-15032.677734375
-14916.865234375
-14799.9453125
-14682.328125
-14564.3779296875
-14446.41796875
-14328.720703125
-14211.51171875
-14094.9619140625
-13979.1904296875
-13864.2578125
-13750.1728515625
-13636.8857421875
-13524.2939453125
-13412.2421875
-13300.5205078125
-13188.8759765625
-13077.0068359375
-12964.5732421875
-12851.2001953125
-12736.4814453125
-12619.9873046875
-12501.271484375
-12379.875
-12255.3388671875
-12127.205078125
-11995.029296875
-11858.3916015625
-11716.89453125
-11570.181640625
-11417.9375
-11259.9013671875
-11095.8701171875
-10925.7080078125
-10749.3515625
-10566.8154296875
-10378.1982421875
-10183.685546875
-9983.5546875
-9778.177734375
-9568.01953125
-9353.6455078125
-9135.7119140625
-8914.97265625
-8692.2734375
-8468.546875
-8244.810546875
-8022.16015625
-7801.7626953125
-7584.8525390625
-7372.712890625
-7166.68359375
-6968.130859375
-6778.4560546875
-6599.0703125
-6431.390625
-6276.8232421875
-6136.7578125
-6012.546875
-5905.501953125
-5816.873046875
-5747.841796875
-5699.51171875
-5672.890625
-5668.8837890625
-5688.2861328125
-5731.7685546875
-5799.8701171875
-5892.9970703125
-6011.4052734375
-6155.2060546875
-6324.3564453125
-6518.6552734375
-6737.7470703125
-6981.11328125
-7248.08203125
-7537.8232421875
-7849.357421875
-8181.5556640625
-8533.1494140625
-8902.734375
-9288.779296875
-9689.638671875
-10103.5546875
-10528.6767578125
-10963.068359375
-11404.7197265625
-11851.5625
-12301.48046875
-12752.326171875
-13201.9326171875
-13648.1298828125
-14088.7529296875
-14521.6630859375
-14944.7587890625
-15355.9833984375
-15753.3505859375
-16134.94140625
-16498.9267578125
-16843.5751953125
-17167.2607421875
-17468.474609375
-17745.8310546875
-17998.0751953125
-18224.08984375
-18422.8994140625
-18593.67578125
-18735.732421875
-18848.537109375
-18931.70703125
-18985.00390625
-19008.3388671875
-19001.765625
-18965.47265625
-18899.7861328125
-18805.1552734375
-18682.1533203125
-18531.4638671875
-18353.873046875
-18150.263671875
-17921.6025390625
-17668.931640625
-17393.3583984375
-17096.0439453125
-16778.1953125
-16441.0498046875
-16085.869140625
-15713.9296875
-15326.5068359375
-14924.873046875
-14510.283203125
-14083.9697265625
-13647.1318359375
-13200.9296875
-12746.4814453125
-12284.8515625
-11817.0517578125
-11344.0341796875
-10866.6884765625
-10385.84375
-9902.26171875
-9416.64453125
-8929.625
-8441.779296875
-7953.6240234375
-7465.6181640625
-6978.1728515625
-6491.6494140625
-6006.369140625
-5522.6181640625
-5040.654296875
-4560.7119140625
-4083.0087890625
-3607.7578125
-3135.166015625
-2665.4482421875
-2198.830078125
-1735.5576171875
-1275.900390625
-820.1591796875
-368.669921875
78.1904296875
520.0
956.291015625
1386.5419921875
1810.1845703125
2226.5947265625
2635.0986328125
3034.9736328125
3425.443359375
3805.6904296875
4174.85546875
4532.041015625
4876.3212890625
5206.74609375
5522.34765625
5822.15234375
6105.185546875
6370.4814453125
6617.0947265625
6844.109375
7050.6494140625
7235.884765625
7399.05078125
7539.451171875
7656.4716796875
7749.5830078125
7818.3623046875
7862.4912109375
7881.7685546875
7876.115234375
7845.5849609375
7790.3642578125
7710.7822265625
7607.3095703125
7480.5634765625
7331.3076171875
7160.4521484375
6969.052734375
6758.3076171875
6529.552734375
6284.2607421875
6024.0263671875
5750.5693359375
5465.7138671875
5171.390625
4869.615234375
4562.486328125
4252.1630859375
3940.8623046875
3630.8330078125
3324.349609375
3023.6953125
2731.1474609375
2448.95703125
2179.33984375
1924.4541015625
1686.392578125
1467.16015625
1268.6630859375
1092.6943359375
940.9208984375
814.8681640625
715.9091796875
645.2568359375
603.947265625
592.837890625
612.59765625
663.6953125
746.400390625
860.779296875
1006.6904296875
1183.7783203125
1391.4853515625
1629.041015625
1895.4755859375
2189.61328125
2510.0859375
2855.3388671875
3223.6328125
3613.060546875
4021.55078125
4446.8837890625
4886.6982421875
5338.51171875
5799.724609375
6267.6455078125
6739.4970703125
7212.4345703125
7683.5615234375
8149.9482421875
8608.646484375
9056.705078125
9491.1865234375
9909.1875
10307.84765625
10684.376953125
11036.0576171875
11360.2724609375
11654.5126953125
11916.39453125
12143.6728515625
12334.2529296875
12486.20703125
12597.7802734375
12667.4052734375
12693.7099609375
12675.529296875
12611.90625
12502.109375
12345.6240234375
12142.171875
11891.703125
11594.400390625
11250.685546875
10861.212890625
10426.869140625
9948.7734375
9428.2685546875
8866.919921875
8266.5048828125
7629.01171875
6956.625
6251.7138671875
5516.833984375
4754.6982421875
3968.1748046875
3160.2724609375
2334.1240234375
1492.97265625
640.1533203125
-220.9208984375
-1086.779296875
-1953.904296875
-2818.7578125
-3677.794921875
-4527.4794921875
-5364.30859375
-6184.826171875
-6985.642578125
-7763.451171875
-8515.048828125
-9237.34765625
-9927.3974609375
-10582.39453125
-11199.705078125
-11776.869140625
-12311.623046875
-12801.90625
-13245.8701171875
-13641.8955078125
-13988.5947265625
-14284.818359375
-14529.6689453125
-14722.4951171875
-14862.9013671875
-14950.75
-14986.158203125
-14969.4990234375
-14901.3974609375
-14782.7294921875
-14614.6123046875
-14398.4033203125
-14135.6884765625
-13828.275390625
-13478.1787109375
-13087.6171875
-12658.994140625
-12194.88671875
-11698.0341796875
-11171.3203125
-10617.759765625
-10040.48046875
-9442.708984375
-8827.7548828125
-8198.9912109375
-7559.837890625
-6913.75
-6264.19140625
-5614.626953125
-4968.4990234375
-4329.2177734375
-3700.1416015625
-3084.5615234375
-2485.6865234375
-1906.6357421875
-1350.4150390625
-819.91015625
-317.87890625
153.0693359375
590.4736328125
992.0390625
1355.6376953125
1679.3203125
1961.3193359375
2200.05859375
2394.15234375
2542.408203125
2643.8369140625
2697.6435546875
2703.2373046875
2660.2216796875
2568.400390625
2427.76953125
2238.5224609375
2001.033203125
1715.8662109375
1383.7578125
1005.6181640625
582.5234375
115.705078125
-393.4560546875
-943.4345703125
-1532.580078125
-2159.1142578125
-2821.1474609375
-3516.6884765625
-4243.6552734375
-4999.8828125
-5783.1357421875
-6591.1220703125
-7421.5009765625
-8271.8935546875
-9139.8974609375
-10023.09765625
-10919.0751953125
-11825.41796875
-12739.7353515625
-13659.66796875
-14582.8916015625
-15507.134765625
-16430.1875
-17349.9052734375
-18264.22265625
-19171.15625
-20068.81640625
-20955.4130859375
-21829.2578125
-22688.7763671875
-23532.5048828125
-24359.09765625
-25167.3291015625
-25956.0966796875
-26724.4208984375
-27471.443359375
-28196.4296875
-28898.765625
-29577.955078125
-30233.615234375
-30865.4736328125
-31473.3662109375
-32057.22265625
-32617.072265625
-33153.025390625
-33665.2734375
-34154.078125
-34619.7646484375
-35062.70703125
-35483.3310546875
-35882.0908203125
-36259.470703125
-36615.970703125
-36952.099609375
-37268.3662109375
-37565.271484375
-37843.2978515625
-38102.9052734375
-38344.5234375
-38568.544921875
-38775.3212890625
-38965.158203125
-39138.3115234375
-39294.9833984375
-39435.3271484375
-39559.4365234375
-39667.353515625
-39759.068359375
-39834.521484375
-39893.6064453125
-39936.1728515625
-39962.0341796875
-39970.974609375
-39962.7529296875
-39937.1083984375
-39893.775390625
-39832.486328125
-39752.982421875
-39655.0224609375
-39538.3916015625
-39402.91015625
-39248.4482421875
-39074.927734375
-38882.330078125
-38670.7119140625
-38440.2080078125
-38191.0380859375
-37923.509765625
-37638.03125
-37335.1064453125
-37015.345703125
-36679.462890625
-36328.275390625
-35962.705078125
-35583.7763671875
-35192.6123046875
-34790.4296875
-34378.53125
-33958.3056640625
-33531.205078125
-33098.7548828125
-32662.5224609375
-32224.1220703125
-31785.1943359375
-31347.39453125
-30912.3798828125
-30481.79296875
-30057.2529296875
-29640.3330078125
-29232.552734375
-28835.359375
-28450.1171875
-28078.08984375
-27720.4306640625
-27378.169921875
-27052.2001953125
-26743.2724609375
-26451.982421875
-26178.763671875
-25923.8818359375
-25687.4306640625
-25469.3271484375
-25269.3125
-25086.947265625
-24921.6201171875
-24772.5458984375
-24638.7744140625
-24519.19140625
-24412.5361328125
-24317.40234375
-24232.2548828125
-24155.44140625
-24085.2060546875
-24019.7041015625
-23957.0185546875
-23895.17578125
-23832.166015625
-23765.9599609375
-23694.5234375
-23615.8427734375
-23527.9375
-23428.8818359375
-23316.8232421875
-23189.9931640625
-23046.734375
-22885.5078125
-22704.912109375
-22503.6943359375
-22280.765625
-22035.2080078125
-21766.2880859375
-21473.4619140625
-21156.3798828125
-20814.89453125
-20449.0654296875
-20059.1494140625
-19645.6123046875
-19209.1171875
-18750.525390625
-18270.8876953125
-17771.4384765625
-17253.580078125
-16718.8837890625
-16169.0654296875
-15605.9794921875
-15031.6015625
-14448.013671875
-13857.38671875
-13261.9638671875
-12664.0419921875
-12065.9560546875
-11470.0546875
-10878.689453125
-10294.189453125
-9718.84375
-9154.8876953125
-8604.48046875
-8069.6884765625
-7552.4716796875
-7054.6650390625
-6577.96484375
-6123.916015625
-5693.8984375
-5289.1142578125
-4910.58203125
-4559.123046875
-4235.359375
-3939.701171875
-3672.349609375
-3433.2900390625
-3222.2900390625
-3038.8974609375
-2882.44921875
-2752.0654296875
-2646.658203125
-2564.935546875
-2505.4091796875
-2466.400390625
-2446.0498046875
-2442.3291015625
-2453.048828125
-2475.873046875
-2508.3291015625
-2547.826171875
-2591.6611328125
-2637.0439453125
-2681.1015625
-2720.90234375
-2753.4697265625
-2775.791015625
-2784.845703125
-2777.6142578125
-2751.0947265625
-2702.322265625
-2628.3818359375
-2526.4248046875
-2393.685546875
-2227.498046875
-2025.3037109375
-1784.6748046875
-1503.3232421875
-1179.1103515625
-810.0693359375
-394.40234375
69.4912109375
583.01953125
1147.3818359375
1763.5576171875
2432.3076171875
3154.16015625
3929.404296875
4758.091796875
5640.025390625
6574.7666015625
7561.62109375
8599.64453125
9687.646484375
10824.185546875
12007.572265625
13235.8779296875
14506.9306640625
15818.3310546875
17167.4462890625
18551.4287109375
19967.2197265625
21411.5576171875
22880.9873046875
24371.87890625
25880.4267578125
27402.6767578125
28934.52734375
30471.751953125
32010.0068359375
33544.8564453125
35071.7744140625
36586.177734375
38083.42578125
39558.8544921875
41007.7783203125
42425.5166015625
43807.412109375
45148.83984375
46445.2333984375
47692.1025390625
48885.04296875
50019.7578125
51092.076171875
52097.9658203125
53033.5517578125
53895.12890625
54679.17578125
55382.375
56001.6171875
56534.01953125
56976.93359375
57327.9580078125
57584.9501953125
57746.025390625
57809.5771484375
57774.2744140625
57639.0673828125
57403.19921875
57066.19921875
56627.890625
56088.390625
55448.1103515625
54707.751953125
53868.3056640625
52931.0498046875
51897.541015625
50769.61328125
49549.369140625
48239.171875
46841.634765625
45359.6201171875
43796.216796875
42154.7392578125
40438.7119140625
38651.85546875
36798.076171875
34881.451171875
32906.21875
30876.7568359375
28797.5703125
26673.283203125
24508.61328125
22308.3642578125
20077.4052734375
17820.6591796875
15543.0859375
13249.66796875
10945.3935546875
8635.2392578125
6324.1640625
4017.08984375
1718.87890625
-565.662109375
-2831.8095703125
-5074.9287109375
-7290.4892578125
-9474.07421875
-11621.3955078125
-13728.298828125
-15790.7763671875
-17804.9794921875
-19767.2197265625
-21673.984375
-23521.9404296875
-25307.9423828125
-27029.0380859375
-28682.47265625
-30265.6962890625
-31776.369140625
-33212.361328125
-34571.755859375
-35852.859375
-37054.1923828125
-38174.498046875
-39212.7412109375
-40168.1083984375
-41040.0068359375
-41828.0654296875
-42532.1298828125
-43152.265625
-43688.75
-44142.07421875
-44512.9384765625
-44802.2421875
-45011.0927734375
-45140.7890625
-45192.81640625
-45168.849609375
-45070.740234375
-44900.5087890625
-44660.345703125
-44352.59375
-43979.7451171875
-43544.4345703125
-43049.427734375
-42497.61328125
-41891.9912109375
-41235.6689453125
-40531.84375
-39783.7958984375
-38994.875
-38168.49609375
-37308.1162109375
-36417.232421875
-35499.3671875
-34558.0498046875
-33596.8173828125
-32619.1865234375
-31628.6533203125
-30628.6748046875
-29622.658203125
-28613.9462890625
-27605.8076171875
-26601.42578125
-25603.8818359375
-24616.1513671875
-23641.0849609375
-22681.40625
-21739.6923828125
-20818.3740234375
-19919.7216796875
-19045.8388671875
-18198.6552734375
-17379.921875
-16591.201171875
-15833.8701171875
-15109.1083984375
-14417.904296875
-13761.048828125
-13139.1328125
-12552.5556640625
-12001.5205078125
-11486.0400390625
-11005.9404296875
-10560.865234375
-10150.28125
-9773.490234375
-9429.62890625
-9117.68359375
-8836.4990234375
-8584.7861328125
-8361.1357421875
-8164.029296875
-7991.84765625
-7842.8916015625
-7715.3837890625
-7607.4873046875
-7517.322265625
-7442.9716796875
-7382.4970703125
-7333.951171875
-7295.390625
-7264.8896484375
-7240.5439453125
-7220.4931640625
-7202.9208984375
-7186.068359375
-7168.2451171875
-7147.833984375
-7123.2998046875
-7093.193359375
-7056.1611328125
-7010.947265625
-6956.39453125
-6891.451171875
-6815.1708984375
-6726.7138671875
-6625.3466796875
-6510.4423828125
-6381.474609375
-6238.025390625
-6079.76953125
-5906.482421875
-5718.0283203125
-5514.359375
-5295.5126953125
-5061.6015625
-4812.8134765625
-4549.4013671875
-4271.685546875
-3980.037109375
-3674.8876953125
-3356.7099609375
-3026.0205078125
-2683.376953125
-2329.373046875
-1964.626953125
-1589.791015625
-1205.5390625
-812.5693359375
-411.6005859375
-3.3681640625
411.37109375
831.8427734375
1257.2607421875
1686.814453125
2119.6806640625
2555.0146484375
2991.955078125
3429.62109375
3867.1064453125
4303.486328125
4737.8125
5169.111328125
5596.3837890625
6018.60546875
6434.7255859375
6843.666015625
7244.3251953125
7635.5732421875
8016.2568359375
8385.2021484375
8741.21484375
9083.0791015625
9409.5673828125
9719.443359375
10011.4609375
10284.375
10536.9404296875
10767.9287109375
10976.119140625
11160.3203125
11319.365234375
11452.1259765625
11557.51953125
11634.513671875
11682.1357421875
11699.4814453125
11685.7236328125
11640.1142578125
11561.9990234375
11450.8212890625
11306.1279296875
11127.5771484375
10914.9482421875
10668.138671875
10387.177734375
10072.224609375
9723.5771484375
9341.6689453125
8927.080078125
8480.52734375
8002.875
7495.12890625
6958.4375
6394.08984375
5803.5107421875
5188.2607421875
4550.0263671875
3890.6220703125
3211.978515625
2516.138671875
1805.2490234375
1081.55078125
347.375
-394.87109375
-1142.712890625
-1893.6171875
-2645.0029296875
-3394.255859375
-4138.7353515625
-4875.7880859375
-5602.76171875
-6317.013671875
-7015.923828125
-7696.9072265625
-8357.431640625
-8995.017578125
-9607.2587890625
-10191.833984375
-10746.5146484375
-11269.1787109375
-11757.8173828125
-12210.5498046875
-12625.6318359375
-13001.4638671875
-13336.5986328125
-13629.75390625
-13879.8115234375
-14085.8349609375
-14247.0654296875
-14362.9306640625
-14433.052734375
-14457.2421875
-14435.51171875
-14368.0693359375
-14255.3193359375
-14097.8681640625
-13896.5146484375
-13652.2529296875
-13366.265625
-13039.9208984375
-12674.7646484375
-12272.5166015625
-11835.0576171875
-11364.427734375
-10862.8056640625
-10332.5087890625
-9775.97265625
-9195.7421875
-8594.4599609375
-7974.84375
-7339.6806640625
-6691.806640625
-6034.0869140625
-5369.40625
-4700.6474609375
-4030.673828125
-3362.3134765625
-2698.3408203125
-2041.458984375
-1394.2861328125
-759.33203125
-138.9873046875
464.4931640625
1049.0068359375
1612.61328125
2153.552734375
2670.25390625
3161.3447265625
3625.662109375
4062.259765625
4470.4169921875
4849.6376953125
5199.658203125
5520.4462890625
5812.2041015625
6075.3603515625
6310.5703125
6518.7109375
6700.873046875
6858.3515625
6992.634765625
7105.3955078125
7198.47265625
7273.8623046875
7333.697265625
7380.234375
7415.830078125
7442.931640625
7464.044921875
7481.728515625
7498.5634765625
7517.134765625
7540.013671875
7569.736328125
7608.7841796875
7659.5615234375
7724.380859375
7805.4443359375
7904.82421875
8024.447265625
8166.0859375
8331.3369140625
8521.6123046875
8738.134765625
8981.9189453125
9253.7705078125
9554.2822265625
9883.826171875
10242.552734375
10630.39453125
11047.0615234375
11492.05078125
11964.6484375
12463.9345703125
12988.796875
13537.9326171875
14109.869140625
14702.96484375
15315.4326171875
15945.34765625
16590.6669921875
17249.2373046875
17918.82421875
18597.1162109375
19281.7490234375
19970.3212890625
20660.4111328125
21349.591796875
22035.451171875
22715.607421875
23387.7197265625
24049.5126953125
24698.7841796875
25333.4150390625
25951.392578125
26550.8115234375
27129.888671875
27686.974609375
28220.5537109375
28729.259765625
29211.8759765625
29667.337890625
30094.740234375
30493.33984375
30862.5439453125
31201.92578125
31511.2099609375
31790.27734375
32039.15234375
32258.00390625
32447.1376953125
32606.990234375
32738.111328125
32841.171875
32916.9404296875
32966.279296875
32990.1328125
32989.5166015625
32965.509765625
32919.2353515625
32851.861328125
32764.5771484375
32658.591796875
32535.1181640625
32395.3642578125
32240.5234375
32071.763671875
31890.21484375
31696.9697265625
31493.06640625
31279.4853515625
31057.1416015625
30826.880859375
30589.4716796875
30345.6044921875
30095.8837890625
29840.8291015625
29580.875
29316.3681640625
29047.564453125
28774.634765625
28497.6669921875
28216.6650390625
27931.5546875
27642.1875
27348.345703125
27049.7470703125
26746.0517578125
26436.8681640625
26121.7587890625
25800.251953125
25471.8427734375
25136.0078125
24792.2060546875
24439.892578125
24078.525390625
23707.5703125
23326.509765625
22934.8544921875
22532.142578125
22117.953125
21691.9072265625
21253.6787109375
20802.994140625
20339.638671875
19863.4619140625
19374.3779296875
18872.369140625
18357.4853515625
17829.8486328125
17289.6474609375
16737.140625
16172.650390625
15596.5673828125
15009.3388671875
14411.47265625
13803.5263671875
13186.1044921875
12559.8544921875
11925.4609375
11283.634765625
10635.1123046875
9980.646484375
9320.99609375
8656.9267578125
7989.1953125
7318.5546875
6645.732421875
5971.439453125
5296.3564453125
4621.1259765625
3946.3583984375
3272.6201171875
2600.4306640625
1930.26171875
1262.5390625
597.6318359375
-64.1376953125
-722.498046875
-1377.2275390625
-2028.1494140625
-2675.1357421875
-3318.0908203125
-3956.9638671875
-4591.73046875
-5222.3916015625
-5848.97265625
-6471.5068359375
-7090.0419921875
-7704.6220703125
-8315.2841796875
-8922.0556640625
-9524.943359375
-10123.9248046875
-10718.9501953125
-11309.92578125
-11896.7158203125
-12479.13671875
-13056.947265625
-13629.8505859375
-14197.4892578125
-14759.4404296875
-15315.2197265625
-15864.2724609375
-16405.982421875
-16939.66796875
-17464.5810546875
-17979.916015625
-18484.810546875
-18978.34765625
-19459.564453125
-19927.451171875
-20380.9697265625
-20819.04296875
-21240.5771484375
-21644.462890625
-22029.5810546875
-22394.81640625
-22739.0595703125
-23061.22265625
-23360.23828125
-23635.0751953125
-23884.7421875
-24108.296875
-24304.8525390625
-24473.5830078125
-24613.7314453125
-24724.6162109375
-24805.630859375
-24856.25390625
-24876.048828125
-24864.6708984375
-24821.865234375
-24747.4697265625
-24641.41796875
-24503.7373046875
-24334.546875
-24134.0625
-23902.58984375
-23640.521484375
-23348.3408203125
-23026.6142578125
-22675.9873046875
-22297.1845703125
-21891.0029296875
-21458.3125
-21000.0458984375
-20517.19921875
-20010.8271484375
-19482.0390625
-18931.994140625
-18361.896484375
-17772.9970703125
-17166.5859375
-16543.990234375
-15906.5703125
-15255.7197265625
-14592.8603515625
-13919.4423828125
-13236.9404296875
-12546.8505859375
-11850.6943359375
-11150.009765625
-10446.353515625
-9741.3017578125
-9036.44140625
-8333.375
-7633.716796875
-6939.0908203125
-6251.1240234375
-5571.455078125
-4901.7197265625
-4243.552734375
-3598.587890625
-2968.4443359375
-2354.736328125
-1759.0537109375
-1182.9697265625
-628.029296875
-95.7421875
412.41796875
895.0244140625
1350.701171875
1778.1279296875
2176.052734375
2543.2919921875
2878.744140625
3181.388671875
3450.296875
3684.6435546875
3883.701171875
4046.85546875
4173.6064453125
4263.5751953125
4316.50390625
4332.267578125
4310.8681640625
4252.44140625
4157.2578125
4025.7255859375
3858.3828125
3655.90625
3419.1025390625
3148.908203125
2846.3857421875
2512.71875
2149.208984375
1757.2685546875
1338.4150390625
894.2607421875
426.5107421875
-63.048828125
-572.5556640625
-1100.0859375
-1643.6572265625
-2201.2421875
-2770.7724609375
-3350.1513671875
-3937.2646484375
-4529.9833984375
-5126.1787109375
-5723.724609375
-6320.509765625
-6914.443359375
-7503.462890625
-8085.5361328125
-8658.6748046875
-9220.9345703125
-9770.4189453125
-10305.287109375
-10823.7548828125
-11324.099609375
-11804.6611328125
-12263.8447265625
-12700.123046875
-13112.03515625
-13498.189453125
-13857.267578125
-14188.0166015625
-14489.2578125
-14759.8798828125
-14998.8466796875
-15205.1875
-15378.0087890625
-15516.484375
-15619.8642578125
-15687.46875
-15718.6962890625
-15713.017578125
-15669.984375
-15589.2275390625
-15470.4599609375
-15313.48046875
-15118.17578125
-14884.52734375
-14612.6064453125
-14302.5908203125
-13954.7568359375
-13569.4892578125
-13147.2861328125
-12688.7587890625
-12194.6416015625
-11665.7880859375
-11103.18359375
-10507.9384765625
-9881.30078125
-9224.6474609375
-8539.498046875
-7827.5009765625
-7090.4482421875
-6330.2646484375
-5549.009765625
-4748.8701171875
-3932.1669921875
-3101.3388671875
-2258.94140625
-1407.6416015625
-550.208984375
310.4970703125
1171.53125
2029.876953125
2882.4609375
3726.1552734375
4557.806640625
5374.234375
6172.2578125
6948.703125
7700.423828125
8424.3173828125
9117.3330078125
9776.5
10398.9326171875
10981.8525390625
11522.6015625
12018.658203125
12467.6494140625
12867.3662109375
13215.7744140625
13511.0283203125
13751.482421875
13935.6953125
14062.4453125
14130.73046875
14139.7822265625
14089.060546875
13978.2666015625
13807.3349609375
13576.439453125
13285.9921875
12936.6357421875
12529.244140625
12064.9111328125
11544.953125
10970.8916015625
10344.447265625
9667.529296875
8942.2275390625
8170.7939453125
7355.6318359375
6499.2841796875
5604.419921875
4673.8125
3710.33203125
2716.9248046875
1696.6015625
652.41796875
-412.5361328125
-1495.1591796875
-2592.345703125
-3701.0048828125
-4818.072265625
-5940.5263671875
-7065.400390625
-8189.7919921875
-9310.87890625
-10425.9248046875
-11532.29296875
-12627.451171875
-13708.982421875
-14774.5888671875
-15822.1005859375
-16849.4765625
-17854.810546875
-18836.333984375
-19792.4130859375
-20721.55859375
-21622.4130859375
-22493.759765625
-23334.5166015625
-24143.732421875
-24920.583984375
-25664.3720703125
-26374.515625
-27050.546875
-27692.1064453125
-28298.9306640625
-28870.853515625
-29407.79296875
-29909.744140625
-30376.775390625
-30809.017578125
-31206.6572265625
-31569.9287109375
-31899.1044921875
-32194.4931640625
-32456.427734375
-32685.26171875
-32881.3603515625
-33045.095703125
-33176.841796875
-33276.9716796875
-33345.845703125
-33383.814453125
-33391.2158203125
-33368.3671875
-33315.568359375
-33233.0966796875
-33121.2060546875
-32980.134765625
-32810.09375
-32611.2763671875
-32383.857421875
-32127.9970703125
-31843.8427734375
-31531.5322265625
-31191.197265625
-30822.96875
-30426.984375
-30003.3876953125
-29552.33984375
-29074.0185546875
-28568.630859375
-28036.4169921875
-27477.6513671875
-26892.65625
-26281.802734375
-25645.515625
-24984.28515625
-24298.6669921875
-23589.2861328125
-22856.845703125
-22102.1298828125
-21326.005859375
-20529.42578125
-19713.4345703125
-18879.1640625
-18027.841796875
-17160.7861328125
-16279.40625
-15385.2041015625
-14479.76953125
-13564.7763671875
-12641.9853515625
-11713.232421875
-10780.42578125
-9845.5439453125
-8910.6259765625
-7977.7607421875
-7049.0869140625
-6126.78125
-5213.0439453125
-4310.09765625
-3420.173828125
-2545.4990234375
-1688.29296875
-850.7470703125
-35.0234375
756.765625
1522.5615234375
2260.375
2968.2919921875
3644.4912109375
4287.2490234375
4894.951171875
5466.103515625
5999.3388671875
6493.4287109375
6947.287109375
7359.98046875
7730.7314453125
8058.927734375
8344.123046875
8586.04296875
8784.58984375
8939.837890625
9052.0400390625
9121.623046875
9149.19140625
9135.5224609375
9081.55859375
8988.41015625
8857.34765625
8689.791015625
8487.310546875
8251.609375
7984.5244140625
7688.0068359375
7364.119140625
7015.0205078125
6642.955078125
6250.240234375
5839.2548828125
5412.423828125
4972.2080078125
4521.0830078125
4061.537109375
3596.0478515625
3127.072265625
2657.033203125
2188.3037109375
1723.197265625
1263.951171875
812.7158203125
371.5439453125
-57.6181640625
-472.9482421875
-872.75390625
-1255.4765625
-1619.7099609375
-1964.19921875
-2287.8447265625
-2589.7197265625
-2869.060546875
-3125.2783203125
-3357.9560546875
-3566.853515625
-3751.9033203125
-3913.2138671875
-4051.0615234375
-4165.890625
-4258.310546875
-4329.0849609375
-4379.1328125
-4409.513671875
-4421.4228515625
-4416.185546875
-4395.2421875
-4360.138671875
-4312.5224609375
-4254.1201171875
-4186.7353515625
-4112.23046875
-4032.5185546875
-3949.5478515625
-3865.291015625
-3781.7333984375
-3700.8583984375
-3624.6328125
-3555.005859375
-3493.8828125
-3443.1259765625
-3404.53515625
-3379.8427734375
-3370.705078125
-3378.689453125
-3405.265625
-3451.8037109375
-3519.564453125
-3609.69140625
-3723.208984375
-3861.0185546875
-4023.892578125
-4212.4716796875
-4427.26953125
-4668.6650390625
-4936.9052734375
-5232.1083984375
-5554.2587890625
-5903.2197265625
-6278.7255859375
-6680.392578125
-7107.7236328125
-7560.107421875
-8036.828125
-8537.0732421875
-9059.9326171875
-9604.412109375
-10169.4365234375
-10753.857421875
-11356.4599609375
-11975.9736328125
-12611.0693359375
-13260.3828125
-13922.50390625
-14595.998046875
-15279.40625
-15971.2490234375
-16670.041015625
-17374.29296875
-18082.5126953125
-18793.21875
-19504.9443359375
-20216.2353515625
-20925.6650390625
-21631.8271484375
-22333.3486328125
-23028.8916015625
-23717.1513671875
-24396.865234375
-25066.80859375
-25725.8046875
-26372.71875
-27006.4658203125
-27626.0048828125
-28230.3466796875
-28818.55078125
-29389.7236328125
-29943.0244140625
-30477.6591796875
-30992.8857421875
-31488.0068359375
-31962.3759765625
-32415.39453125
-32846.505859375
-33255.2021484375
-33641.0205078125
-34003.5390625
-34342.37890625
-34657.201171875
-34947.7080078125
-35213.6396484375
-35454.7724609375
-35670.919921875
-35861.9287109375
-36027.6806640625
-36168.0888671875
-36283.099609375
-36372.689453125
-36436.8603515625
-36475.6474609375
-36489.109375
-36477.3369140625
-36440.44140625
-36378.5625
-36291.8662109375
-36180.541015625
-36044.7998046875
-35884.8798828125
-35701.046875
-35493.5830078125
-35262.8017578125
-35009.037109375
-34732.6494140625
-34434.0263671875
-34113.5771484375
-33771.7431640625
-33408.990234375
-33025.8115234375
-32622.732421875
-32200.306640625
-31759.12109375
-31299.79296875
-30822.9736328125
-30329.3505859375
-29819.64453125
-29294.61328125
-28755.0537109375
-28201.7978515625
-27635.720703125
-27057.7353515625
-26468.79296875
-25869.88671875
-25262.05078125
-24646.3564453125
-24023.9169921875
-23395.8828125
-22763.4443359375
-22127.826171875
-21490.2861328125
-20852.1181640625
-20214.6416015625
-19579.20703125
-18947.185546875
-18319.970703125
-17698.9716796875
-17085.6103515625
-16481.314453125
-15887.515625
-15305.6416015625
-14737.111328125
-14183.3310546875
-13645.685546875
-13125.53125
-12624.193359375
-12142.955078125
-11683.0537109375
-11245.673828125
-10831.9365234375
-10442.8994140625
-10079.541015625
-9742.7666015625
-9433.3876953125
-9152.1259765625
-8899.603515625
-8676.341796875
-8482.7451171875
-8319.11328125
-8185.6220703125
-8082.326171875
-8009.1591796875
-7965.923828125
-7952.2958984375
-7967.8212890625
-8011.91796875
-8083.8701171875
-8182.8359375
-8307.8466796875
-8457.8076171875
-8631.50390625
-8827.60546875
-9044.669921875
-9281.14453125
-9535.3818359375
-9805.6396484375
-10090.0888671875
-10386.82421875
-10693.8740234375
-11009.205078125
-11330.736328125
-11656.349609375
-11983.8974609375
-12311.2177734375
-12636.1396484375
-12956.5048828125
-13270.16796875
-13575.0185546875
-13868.984375
-14150.0517578125
-14416.2685546875
-14665.763671875
-14896.751953125
-15107.552734375
-15296.58984375
-15462.412109375
-15603.6962890625
-15719.2607421875
-15808.0693359375
-15869.2392578125
-15902.052734375
-15905.95703125
-15880.5771484375
-15825.7099609375
-15741.3330078125
-15627.609375
-15484.8828125
-15313.6826171875
-15114.7216796875
-14888.8896484375
-14637.2568359375
-14361.0693359375
-14061.7353515625
-13740.8330078125
-13400.087890625
-13041.3779296875
-12666.7138671875
-12278.2373046875
-11878.2041015625
-11468.9765625
-11053.005859375
-10632.826171875
-10211.0341796875
-9790.2802734375
-9373.248046875
-8962.646484375
-8561.1904296875
-8171.583984375
-7796.5087890625
-7438.607421875
-7100.470703125
-6784.615234375
-6493.4794921875
-6229.40234375
-5994.6123046875
-5791.2158203125
-5621.1826171875
-5486.3369140625
-5388.3466796875
-5328.712890625
-5308.7607421875
-5329.63671875
-5392.298828125
-5497.509765625
-5645.8388671875
-5837.6533203125
-6073.12109375
-6352.208984375
-6674.68359375
-7040.1123046875
-7447.8720703125
-7897.1435546875
-8386.9267578125
-8916.0419921875
-9483.13671875
-10086.69921875
-10725.060546875
-11396.4091796875
-12098.798828125
-12830.1611328125
-13588.3154296875
-14370.9833984375
-15175.7958984375
-16000.310546875
-16842.0185546875
-17698.3623046875
-18566.744140625
-19444.5400390625
-20329.107421875
-21217.8017578125
-22107.9853515625
-22997.033203125
-23882.3515625
-24761.3798828125
-25631.6025390625
-26490.5556640625
-27335.8349609375
-28165.1044921875
-28976.095703125
-29766.62109375
-30534.57421875
-31277.9306640625
-31994.7578125
-32683.2138671875
-33341.5478515625
-33968.1015625
-34561.314453125
-35119.7197265625
-35641.9453125
-36126.7119140625
-36572.8349609375
-36979.224609375
-37344.8779296875
-37668.8837890625
-37950.4169921875
-38188.7431640625
-38383.208984375
-38533.244140625
-38638.36328125
-38698.158203125
-38712.30078125
-38680.5400390625
-38602.7041015625
-38478.6953125
-38308.4921875
-38092.1494140625
-37829.7939453125
-37521.6298828125
-37167.9384765625
-36769.072265625
-36325.462890625
-35837.6171875
-35306.119140625
-34731.6298828125
-34114.890625
-33456.7197265625
-32758.017578125
-32019.7607421875
-31243.0078125
-30428.9013671875
-29578.6591796875
-28693.580078125
-27775.044921875
-26824.513671875
-25843.51953125
-24833.67578125
-23796.669921875
-22734.2587890625
-21648.2734375
-20540.609375
-19413.2265625
-18268.1435546875
-17107.44140625
-15933.24609375
-14747.73828125
-13553.1376953125
-12351.705078125
-11145.732421875
-9937.5419921875
-8729.4755859375
-7523.89453125
-6323.16796875
-5129.671875
-3945.7783203125
-2773.85546875
-1616.2568359375
-475.3134765625
646.6650390625
1747.40625
2824.669921875
3876.26171875
4900.0390625
5893.9111328125
6855.853515625
7783.90234375
8676.16796875
9530.841796875
10346.19140625
11120.57421875
11852.443359375
12540.3466796875
13182.9326171875
13778.95703125
14327.287109375
14826.90625
15276.9150390625
15676.537109375
16025.1240234375
16322.1572265625
16567.251953125
16760.1572265625
16900.7685546875
16989.1171875
17025.3818359375
17009.88671875
16943.1064453125
16825.6611328125
16658.3232421875
16442.013671875
16177.806640625
15866.923828125
15510.732421875
15110.7470703125
14668.6259765625
14186.1669921875
13665.3017578125
13108.0927734375
12516.7294921875
11893.515625
11240.87109375
10561.3154296875
9857.4619140625
9132.01171875
8387.73828125
7627.4765625
6854.1171875
6070.5849609375
5279.8359375
4484.8330078125
3688.544921875
2893.9150390625
2103.865234375
1321.2685546875
548.9375
-210.3876953125
-954.05859375
-1679.5283203125
-2384.369140625
-3066.2861328125
-3723.126953125
-4352.896484375
-4953.7685546875
-5524.0947265625
-6062.416015625
-6567.4697265625
-7038.1982421875
-7473.7529296875
-7873.4990234375
-8237.021484375
-8564.1240234375
-8854.8291015625
-9109.376953125
-9328.2255859375
-9512.04296875
-9661.7021484375
-9778.271484375
-9863.0146484375
-9917.3701171875
-9942.9443359375
-9941.4990234375
-9914.939453125
-9865.294921875
-9794.708984375
-9705.4169921875
-9599.7353515625
-9480.0400390625
-9348.75
-9208.3115234375
-9061.1787109375
-8909.7939453125
-8756.5732421875
-8603.8896484375
-8454.0546875
-8309.3046875
-8171.7861328125
-8043.5380859375
-7926.486328125
-7822.42578125
-7733.013671875
-7659.759765625
-7604.0185546875
-7566.984375
-7549.6826171875
-7552.974609375
-7577.55078125
-7623.9287109375
-7692.458984375
-7783.3291015625
-7896.55859375
-8032.015625
-8189.41796875
-8368.33984375
-8568.224609375
-8788.3896484375
-9028.0419921875
-9286.2841796875
-9562.1279296875
-9854.5078125
-10162.2900390625
-10484.2880859375
-10819.271484375
-11165.9794921875
-11523.1337890625
-11889.4453125
-12263.6337890625
-12644.427734375
-13030.578125
-13420.87109375
-13814.126953125
-14209.2158203125
-14605.0556640625
-15000.6240234375
-15394.955078125
-15787.146484375
-16176.361328125
-16561.826171875
-16942.828125
-17318.724609375
-17688.9267578125
-18052.9052734375
-18410.185546875
-18760.3388671875
-19102.9833984375
-19437.7724609375
-19764.39453125
-20082.5615234375
-20392.0048828125
-20692.470703125
-20983.708984375
-21265.470703125
-21537.501953125
-21799.53515625
-22051.2861328125
-22292.447265625
-22522.6904296875
-22741.6484375
-22948.9296875
-23144.1044921875
-23326.705078125
-23496.2314453125
-23652.1455078125
-23793.8740234375
-23920.8115234375
-24032.3212890625
-24127.7431640625
-24206.3935546875
-24267.572265625
-24310.5693359375
-24334.66796875
-24339.1572265625
-24323.3310546875
-24286.505859375
-24228.0205078125
-24147.24609375
-24043.595703125
-23916.5302734375
-23765.5703125
-23590.2978515625
-23390.3671875
-23165.5126953125
-22915.5517578125
-22640.392578125
-22340.0390625
-22014.595703125
-21664.26953125
-21289.3759765625
-20890.3359375
-20467.6796875
-20022.0498046875
-19554.193359375
-19064.96875
-18555.333984375
-18026.349609375
-17479.1728515625
-16915.05078125
-16335.3173828125
-15741.3828125
-15134.728515625
-14516.9013671875
-13889.5009765625
-13254.1728515625
-12612.6005859375
-11966.4921875
-11317.580078125
-10667.5966796875
-10018.27734375
-9371.34765625
-8728.51171875
-8091.4423828125
-7461.77734375
-6841.107421875
-6230.9697265625
-5632.837890625
-5048.12109375
-4478.1533203125
-3924.189453125
-3387.40234375
-2868.875
-2369.60546875
-1890.4951171875
-1432.3525390625
-995.89453125
-581.7412109375
-190.421875
177.626953125
522.0595703125
842.6142578125
1139.11328125
1411.4580078125
1659.62890625
1883.669921875
2083.6962890625
2259.880859375
2412.453125
2541.69140625
2647.9189453125
2731.4970703125
2792.82421875
2832.3232421875
2850.4443359375
2847.65625
2824.4453125
2781.3076171875
2718.7470703125
2637.27734375
2537.4150390625
2419.6767578125
2284.580078125
2132.646484375
1964.39453125
1780.3427734375
1581.0126953125
1366.927734375
1138.61328125
896.607421875
641.4501953125
373.6953125
93.9130859375
-197.3115234375
-499.3720703125
-811.634765625
-1133.4462890625
-1464.1162109375
-1802.921875
-2149.107421875
-2501.875
-2860.390625
-3223.775390625
-3591.1044921875
-3961.416015625
-4333.6982421875
-4706.8974609375
-5079.9208984375
-5451.6279296875
-5820.84765625
-6186.369140625
-6546.951171875
-6901.3291015625
-7248.2099609375
-7586.29296875
-7914.2607421875
-8230.7978515625
-8534.5888671875
-8824.3359375
-9098.7578125
-9356.6005859375
-9596.65234375
-9817.7421875
-10018.7578125
-10198.646484375
-10356.4287109375
-10491.2060546875
-10602.1669921875
-10688.595703125
-10749.876953125
-10785.5087890625
-10795.099609375
-10778.37890625
-10735.201171875
-10665.5478515625
-10569.5283203125
-10447.384765625
-10299.4921875
-10126.3525390625
-9928.599609375
-9706.9951171875
-9462.4208984375
-9195.876953125
-8908.4775390625
-8601.439453125
-8276.0810546875
-7933.8056640625
-7576.099609375
-7204.515625
-6820.66796875
-6426.21875
-6022.865234375
-5612.328125
-5196.341796875
-4776.634765625
-4354.9287109375
-3932.91796875
-3512.2568359375
-3094.552734375
-2681.3544921875
-2274.1337890625
-1874.2880859375
-1483.1162109375
-1101.8271484375
-731.513671875
-373.16015625
-27.6318359375
304.33203125
622.1201171875
925.2451171875
1213.357421875
1486.2353515625
1743.7861328125
1986.044921875
2213.1728515625
2425.4482421875
2623.265625
2807.12890625
2977.6416015625
3135.5009765625
3281.4892578125
3416.466796875
3541.361328125
3657.15234375
3764.87109375
3865.583984375
3960.3857421875
4050.3837890625
4136.6962890625
4220.435546875
4302.703125
4384.5771484375
4467.1103515625
4551.314453125
4638.1611328125
4728.5693359375
4823.4033203125
4923.4677734375
5029.5048828125
5142.1875
5262.123046875
5389.8466796875
5525.828125
5670.462890625
5824.080078125
5986.9443359375
6159.25390625
6341.1474609375
6532.70703125
6733.962890625
6944.8935546875
7165.435546875
7395.4892578125
7634.9150390625
7883.55078125
8141.2041015625
8407.666015625
8682.712890625
8966.1083984375
9257.607421875
9556.96484375
9863.9306640625
10178.2578125
10499.701171875
10828.01953125
11162.9775390625
11504.3427734375
11851.888671875
12205.3896484375
12564.6240234375
12929.3662109375
13299.392578125
13674.4658203125
14054.34765625
14438.7802734375
14827.4931640625
15220.1953125
15616.568359375
16016.26953125
16418.923828125
16824.1171875
17231.404296875
17640.2919921875
18050.24609375
18460.6875
18870.990234375
19280.4794921875
19688.4306640625
20094.0751953125
20496.595703125
20895.1298828125
21288.7744140625
21676.5859375
22057.5859375
22430.767578125
22795.0927734375
23149.509765625
23492.94921875
23824.3359375
24142.595703125
24446.6591796875
24735.4736328125
25008.0078125
25263.26171875
25500.271484375
25718.1220703125
25915.9462890625
26092.94140625
26248.369140625
26381.5634765625
26491.9384765625
26578.9892578125
26642.302734375
26681.5546875
26696.515625
26687.0517578125
26653.130859375
26594.8173828125
26512.2705078125
26405.75390625
26275.6201171875
26122.3154296875
25946.375
25748.4208984375
25529.150390625
25289.337890625
25029.8232421875
24751.51171875
24455.359375
24142.37109375
23813.5927734375
23470.1005859375
23112.9990234375
22743.40625
22362.4521484375
21971.2705078125
21570.990234375
21162.7294921875
20747.5888671875
20326.646484375
19900.9560546875
19471.5341796875
19039.3642578125
18605.388671875
18170.5087890625
17735.5791015625
17301.41015625
16868.7646484375
16438.35546875
16010.853515625
15586.87890625
15167.009765625
14751.7783203125
14341.677734375
13937.1611328125
13538.6435546875
13146.5107421875
12761.115234375
12382.7802734375
12011.8095703125
11648.478515625
11293.046875
10945.7568359375
10606.8369140625
10276.4990234375
9954.947265625
9642.3720703125
9338.955078125
9044.869140625
8760.2734375
8485.3193359375
8220.142578125
7964.8662109375
7719.5947265625
7484.4150390625
7259.3916015625
7044.5595703125
6839.9296875
6645.47265625
6461.12890625
6286.79296875
6122.3115234375
5967.4873046875
5822.0634765625
5685.7294921875
5558.1123046875
5438.7724609375
5327.2099609375
5222.84765625
5125.0439453125
5033.083984375
4946.177734375
4863.46875
4784.0283203125
4706.857421875
4630.8916015625
4555.0087890625
4478.0224609375
4398.697265625
4315.75
4227.8583984375
4133.6640625
4031.787109375
3920.8310546875
3799.392578125
3666.0703125
3519.4775390625
3358.2509765625
3181.0615234375
2986.6240234375
2773.712890625
2541.1689453125
2287.9111328125
2012.9453125
1715.3828125
1394.439453125
1049.4501953125
679.8828125
285.3369140625
-134.44140625
-579.556640625
-1049.9541015625
-1545.4208984375
-2065.5751953125
-2609.8681640625
-3177.578125
-3767.814453125
-4379.5126953125
-5011.439453125
-5662.1943359375
-6330.212890625
-7013.7685546875
-7710.9873046875
-8419.84375
-9138.173828125
-9863.685546875
-10593.96875
-11326.4990234375
-12058.65625
-12787.736328125
-13510.958984375
-14225.48828125
-14928.4375
-15616.8935546875
-16287.9248046875
-16938.6005859375
-17565.998046875
-18167.232421875
-18739.4560546875
-19279.8837890625
-19785.806640625
-20254.6015625
-20683.7548828125
-21070.8662109375
-21413.6689453125
-21710.0439453125
-21958.0234375
-22155.814453125
-22301.802734375
-22394.560546875
-22432.8642578125
-22415.6962890625
-22342.2529296875
-22211.9521484375
-22024.4404296875
-21779.591796875
-21477.51953125
-21118.564453125
-20703.3115234375
-20232.5751953125
-19707.41015625
-19129.09765625
-18499.1474609375
-17819.29296875
-17091.4814453125
-16317.8681640625
-15500.8115234375
-14642.8544921875
-13746.72265625
-12815.310546875
-11851.662109375
-10858.9697265625
-9840.5458984375
-8799.8193359375
-7740.31640625
-6665.6357421875
-5579.4462890625
-4485.458984375
-3387.4150390625
-2289.060546875
-1194.1376953125
-106.3603515625
970.603515625
2033.1474609375
3077.748046875
4100.9794921875
5099.5302734375
6070.224609375
7010.03515625
7916.0966796875
8785.724609375
9616.4248046875
10405.91015625
11152.111328125
11853.185546875
12507.5283203125
13113.7802734375
13670.8349609375
14177.845703125
14634.2255859375
15039.65625
15394.0859375
15697.73046875
15951.0712890625
16154.8525390625
16310.0771484375
16418.0048828125
16480.138671875
16498.21875
16474.21875
16410.326171875
16308.935546875
16172.6337890625
16004.1875
15806.5234375
15582.7197265625
15335.982421875
15069.6318359375
14787.08203125
14491.82421875
14187.4072265625
13877.416015625
13565.458984375
13255.138671875
12950.0390625
12653.7060546875
12369.625
12101.205078125
11851.76171875
11624.4931640625
11422.470703125
11248.619140625
11105.7021484375
10996.3046875
10922.8271484375
10887.462890625
10892.1962890625
10938.78515625
11028.759765625
11163.408203125
11343.771484375
11570.64453125
11844.5673828125
12165.8203125
12534.43359375
12950.1787109375
13412.5712890625
13920.8818359375
14474.1318359375
15071.1064453125
15710.3583984375
16390.2158203125
17108.7978515625
17864.017578125
18653.6015625
19475.095703125
20325.8837890625
21203.203125
22104.15625
23025.7275390625
23964.80078125
24918.177734375
25882.595703125
26854.7373046875
27831.2578125
28808.8017578125
29784.01171875
30753.560546875
31714.1533203125
32662.5556640625
33595.6025390625
34510.2197265625
35403.4375
36272.4033203125
37114.39453125
37926.8388671875
38707.3134765625
39453.572265625
40163.5380859375
40835.32421875
41467.236328125
42057.7841796875
42605.6787109375
43109.83984375
43569.404296875
43983.71875
44352.34375
44675.056640625
44951.84375
45182.8984375
45368.62109375
45509.6083984375
45606.6494140625
45660.71875
45672.9697265625
45644.71875
45577.4462890625
45472.775390625
45332.46875
45158.4140625
44952.6103515625
44717.1591796875
44454.2509765625
44166.1474609375
43855.17578125
43523.7099609375
43174.1611328125
42808.9599609375
42430.5498046875
42041.3701171875
41643.8408203125
41240.3583984375
40833.2744140625
40424.890625
40017.4453125
39613.1015625
39213.9404296875
38821.947265625
38439.0029296875
38066.876953125
37707.220703125
37361.5576171875
37031.2724609375
36717.6142578125
36421.6845703125
36144.4296875
35886.6455078125
35648.9638671875
35431.8564453125
35235.630859375
35060.4248046875
34906.2099609375
34772.7919921875
34659.8056640625
34566.720703125
34492.83984375
34437.3095703125
34399.1103515625
34377.0712890625
34369.8701171875
34376.04296875
34393.984375
34421.958984375
34458.1083984375
34500.4599609375
34546.935546875
34595.361328125
34643.4833984375
34688.970703125
34729.4365234375
34762.4443359375
34785.525390625
34796.1943359375
34791.95703125
34770.3359375
34728.8759765625
34665.1640625
34576.8466796875
34461.6474609375
34317.376953125
34141.953125
33933.416015625
33689.9462890625
33409.8740234375
33091.6982421875
32734.1005859375
32335.955078125
31896.3408203125
31414.556640625
30890.1240234375
30322.802734375
29712.59375
29059.7431640625
28364.7509765625
27628.369140625
26851.603515625
26035.7099609375
25182.1962890625
24292.8115234375
23369.54296875
22414.60546875
21430.431640625
20419.6552734375
19385.1044921875
18329.7822265625
17256.8408203125
16169.580078125
15071.4111328125
13965.845703125
12856.466796875
11746.9072265625
10640.830078125
9541.8984375
8453.7509765625
7379.9814453125
6324.11328125
5289.5712890625
4279.658203125
3297.5380859375
2346.20703125
1428.4775390625
546.9521484375
-295.9853515625
-1098.1943359375
-1857.791015625
-2573.1533203125
-3242.943359375
-3866.107421875
-4441.8837890625
-4969.8115234375
-5449.724609375
-5881.7568359375
-6266.33984375
-6604.193359375
-6896.3212890625
-7143.9970703125
-7348.7646484375
-7512.4091796875
-7636.9541015625
-7724.6376953125
-7777.8984375
-7799.3525390625
-7791.775390625
-7758.0810546875
-7701.2958984375
-7624.5380859375
-7530.9990234375
-7423.91015625
-7306.529296875
-7182.111328125
-7053.8935546875
-6925.0625
-6798.7451171875
-6677.982421875
-6565.7138671875
-6464.7529296875
-6377.7841796875
-6307.3369140625
-6255.77734375
-6225.2978515625
-6217.90625
-6235.419921875
-6279.4560546875
-6351.4296875
-6452.5537109375
-6583.828125
-6746.056640625
-6939.8330078125
-7165.552734375
-7423.4150390625
-7713.43359375
-8035.4384765625
-8389.0849609375
-8773.86328125
-9189.1103515625
-9634.01953125
-10107.646484375
-10608.9306640625
-11136.693359375
-11689.6630859375
-12266.4765625
-12865.6962890625
-13485.818359375
-14125.28515625
-14782.4970703125
-15455.8193359375
-16143.595703125
-16844.1552734375
-17555.8203125
-18276.9140625
-19005.7744140625
-19740.75
-20480.21484375
-21222.5693359375
-21966.2490234375
-22709.7216796875
-23451.4990234375
-24190.134765625
-24924.23046875
-25652.43359375
-26373.443359375
-27086.009765625
-27788.9384765625
-28481.0830078125
-29161.3544921875
-29828.7177734375
-30482.1943359375
-31120.857421875
-31743.8359375
-32350.314453125
-32939.5283203125
-33510.7724609375
-34063.3916015625
-34596.78515625
-35110.4052734375
-35603.759765625
-36076.4052734375
-36527.951171875
-36958.0595703125
-37366.4443359375
-37752.8662109375
-38117.1376953125
-38459.1201171875
-38778.720703125
-39075.8916015625
-39350.634765625
-39602.9892578125
-39833.0390625
-40040.9091796875
-40226.7578125
-40390.7822265625
-40533.2099609375
-40654.298828125
-40754.3349609375
-40833.6298828125
-40892.51171875
-40931.3310546875
-40950.453125
-40950.2529296875
-40931.115234375
-40893.431640625
-40837.591796875
-40763.9892578125
-40673.01171875
-40565.04296875
-40440.455078125
-40299.6142578125
-40142.87109375
-39970.5625
-39783.013671875
-39580.53125
-39363.4072265625
-39131.91796875
-38886.32421875
-38626.8720703125
-38353.794921875
-38067.3115234375
-37767.6337890625
-37454.9658203125
-37129.5048828125
-36791.447265625
-36440.990234375
-36078.3330078125
-35703.6845703125
-35317.2626953125
-34919.30078125
-34510.05078125
-34089.78125
-33658.7900390625
-33217.400390625
-32765.96484375
-32304.869140625
-31834.5341796875
-31355.41796875
-30868.015625
-30372.861328125
-29870.5302734375
-29361.6337890625
-28846.8251953125
-28326.794921875
-27802.2685546875
-27274.0068359375
-26742.8017578125
-26209.47265625
-25674.86328125
-25139.8408203125
-24605.283203125
-24072.083984375
-23541.1396484375
-23013.3486328125
-22489.6025390625
-21970.78125
-21457.748046875
-20951.34375
-20452.3740234375
-19961.6123046875
-19479.7890625
-19007.5888671875
-18545.640625
-18094.5126953125
-17654.71484375
-17226.6845703125
-16810.7880859375
-16407.31640625
-16016.4794921875
-15638.4091796875
-15273.1513671875
-14920.66796875
-14580.8349609375
-14253.44140625
-13938.1953125
-13634.7158203125
-13342.541015625
-13061.1318359375
-12789.8701171875
-12528.0625
-12274.94921875
-12029.7041015625
-11791.44140625
-11559.2216796875
-11332.0576171875
-11108.91796875
-10888.736328125
-10670.41796875
-10452.8486328125
-10234.89453125
-10015.4189453125
-9793.28125
-9567.3544921875
-9336.51953125
-9099.68359375
-8855.7822265625
-8603.7880859375
-8342.7138671875
-8071.623046875
-7789.63671875
-7495.935546875
-7189.7646484375
-6870.4462890625
-6537.3759765625
-6190.0302734375
-5827.9716796875
-5450.8466796875
-5058.3974609375
-4650.453125
-4226.9423828125
-3787.8828125
-3333.3935546875
-2863.6845703125
-2379.0634765625
-1879.9306640625
-1366.77734375
-840.1865234375
-300.828125
250.5478515625
813.1064453125
1385.9404296875
1968.0732421875
2558.4560546875
3155.986328125
3759.5029296875
4367.7978515625
4979.619140625
5593.6806640625
6208.669921875
6823.2470703125
7436.0625
8045.7568359375
8650.9716796875
9250.35546875
9842.5693359375
10426.2978515625
11000.2529296875
11563.1826171875
12113.873046875
12651.166015625
13173.94921875
13681.17578125
14171.861328125
14645.0966796875
15100.0419921875
15535.9423828125
15952.1240234375
16348.0
16723.0751953125
17076.9462890625
17409.306640625
17719.943359375
18008.7431640625
18275.69140625
18520.87109375
18744.4638671875
18946.75
19128.107421875
19289.0078125
19430.0166015625
19551.791015625
19655.076171875
19740.7041015625
19809.587890625
19862.71875
19901.1630859375
19926.056640625
19938.603515625
19940.06640625
19931.7626953125
19915.0634765625
19891.384765625
19862.177734375
19828.93359375
19793.1650390625
19756.412109375
19720.2236328125
19686.1630859375
19655.7900390625
19630.6640625
19612.330078125
19602.31640625
19602.1240234375
19613.2216796875
19637.0380859375
19674.95703125
19728.3056640625
19798.3505859375
19886.2900390625
19993.248046875
20120.267578125
20268.2998046875
20438.2021484375
20630.73046875
20846.5341796875
21086.1474609375
21349.990234375
21638.3544921875
21951.4072265625
22289.1845703125
22651.5859375
23038.375
23449.17578125
23883.4736328125
24340.6103515625
24819.7880859375
25320.0712890625
25840.3857421875
26379.521484375
26936.1435546875
27508.7861328125
28095.86328125
28695.6826171875
29306.4375
29926.232421875
30553.0771484375
31184.908203125
31819.5966796875
32454.953125
33088.7529296875
33718.734375
34342.625
34958.1484375
35563.0380859375
36155.0546875
36731.9990234375
37291.7265625
37832.16015625
38351.3046875
38847.2626953125
39318.2451171875
39762.5830078125
40178.7421875
40565.3291015625
40921.10546875
41244.99609375
41536.091796875
41793.662109375
42017.1572265625
42206.2099609375
42360.6416015625
42480.4619140625
42565.86328125
42617.228515625
42635.1162109375
42620.2646484375
42573.5810546875
42496.1318359375
42389.138671875
42253.962890625
42092.0986328125
41905.154296875
41694.8466796875
41462.9794921875
41211.4326171875
40942.142578125
40657.091796875
40358.287109375
40047.74609375
39727.4775390625
39399.470703125
39065.6708984375
38727.9736328125
38388.19921875
38048.0869140625
37709.2763671875
37373.294921875
37041.548828125
36715.3095703125
36395.70703125
36083.71875
35780.1640625
35485.7001953125
35200.8154296875
34925.8271484375
34660.8837890625
34405.958984375
34160.8544921875
33925.208984375
33698.4931640625
33480.01953125
33268.9501953125
33064.2978515625
32864.94140625
32669.62890625
32476.9921875
32285.5537109375
32093.740234375
31899.890625
31702.2744140625
31499.0927734375
31288.5048828125
31068.6279296875
30837.5546875
30593.365234375
30334.138671875
30057.962890625
29762.9453125
29447.228515625
29108.9921875
28746.4677734375
28357.94921875
27941.79296875
27496.4345703125
27020.392578125
26512.271484375
25970.771484375
25394.693359375
24782.939453125
24134.5224609375
23448.5625
22724.298828125
21961.08203125
21158.38671875
20315.7998046875
19433.0361328125
18509.9287109375
17546.435546875
16542.6357421875
15498.7333984375
14415.052734375
13292.044921875
12130.28125
10930.45703125
9693.3916015625
8420.0224609375
7111.412109375
5768.7421875
4393.3154296875
2986.5537109375
1549.998046875
85.306640625
-1405.7421875
-2921.2587890625
-4459.2373046875
-6017.5576171875
-7593.9921875
-9186.201171875
-10791.744140625
-12408.07421875
-14032.544921875
-15662.4189453125
-17294.86328125
-18926.9599609375
-20555.7138671875
-22178.05078125
-23790.833984375
-25390.8603515625
-26974.876953125
-28539.5888671875
-30081.6611328125
-31597.7353515625
-33084.4384765625
-34538.3896484375
-35956.2158203125
-37334.560546875
-38670.0947265625
-39959.5361328125
-41199.6513671875
-42387.27734375
-43519.328125
-44592.8115234375
-45604.841796875
-46552.650390625
-47433.6025390625
-48245.20703125
-48985.126953125
-49651.1962890625
-50241.4287109375
-50754.0263671875
-51187.396484375
-51540.154296875
-51811.1376953125
-51999.4091796875
-52104.271484375
-52125.2646484375
-52062.1796875
-51915.0576171875
-51684.197265625
-51370.1533203125
-50973.7392578125
-50496.03125
-49938.3603515625
-49302.31640625
-48589.7412109375
-47802.7275390625
-46943.611328125
-46014.962890625
-45019.5849609375
-43960.501953125
-42840.9482421875
-41664.3603515625
-40434.36328125
-39154.7587890625
-37829.515625
-36462.748046875
-35058.7099609375
-33621.7734375
-32156.416015625
-30667.201171875
-29158.7666015625
-27635.80078125
-26103.0322265625
-24565.2041015625
-23027.0634765625
-21493.3408203125
-19968.7314453125
-18457.875
-16965.3447265625
-15495.6240234375
-14053.091796875
-12642.00390625
-11266.48046875
-9930.4873046875
-8637.818359375
-7392.087890625
-6196.7109375
-5054.8935546875
-3969.6171875
-2943.6318359375
-1979.447265625
-1079.3125
-245.224609375
521.0927734375
1218.1845703125
1844.8759765625
2400.271484375
2883.7587890625
3295.005859375
3633.96484375
3900.869140625
4096.2255859375
4220.8134765625
4275.6806640625
4262.12890625
4181.7119140625
4036.2216796875
3827.6806640625
3558.3271484375
3230.599609375
2847.12890625
2410.71875
1924.328125
1391.0556640625
814.1279296875
196.8720703125
-457.2978515625
-1144.8994140625
-1862.40234375
-2606.248046875
-3372.8681640625
-4158.7021484375
-4960.2197265625
-5773.935546875
-6596.4306640625
-7424.3662109375
-8254.5048828125
-9083.7197265625
-9909.0146484375
-10727.5361328125
-11536.5830078125
-12333.6279296875
-13116.3115234375
-13882.462890625
-14630.099609375
-15357.4423828125
-16062.9052734375
-16745.1123046875
-17402.8876953125
-18035.2607421875
-18641.4599609375
-19220.912109375
-19773.2373046875
-20298.2373046875
-20795.892578125
-21266.3515625
-21709.91796875
-22127.0419921875
-22518.3037109375
-22884.4052734375
-23226.1513671875
-23544.4365234375
-23840.232421875
-24114.5673828125
-24368.5126953125
-24603.16796875
-24819.6484375
-25019.060546875
-25202.4970703125
-25371.01953125
-25525.640625
-25667.3203125
-25796.9443359375
-25915.3232421875
-26023.17578125
-26121.123046875
-26209.6845703125
-26289.2705078125
-26360.1787109375
-26422.5888671875
-26476.568359375
-26522.0673828125
-26558.923828125
-26586.865234375
-26605.5146484375
-26614.396484375
-26612.9462890625
-26600.5146484375
-26576.3818359375
-26539.765625
-26489.8359375
-26425.7216796875
-26346.5302734375
-26251.359375
-26139.3056640625
-26009.484375
-25861.0380859375
-25693.1591796875
-25505.091796875
-25296.154296875
-25065.7451171875
-24813.3583984375
-24538.5947265625
-24241.166015625
-23920.9130859375
-23577.8046875
-23211.9521484375
-22823.6044921875
-22413.1650390625
-21981.1806640625
-21528.35546875
-21055.5390625
-20563.7333984375
-20054.0859375
-19527.88671875
-18986.560546875
-18431.6611328125
-17864.8642578125
-17287.9560546875
-16702.826171875
-16111.4521484375
-15515.8916015625
-14918.2685546875
-14320.7578125
-13725.5732421875
-13134.95703125
-12551.1591796875
-11976.427734375
-11412.9951171875
-10863.060546875
-10328.78125
-9812.255859375
-9315.51171875
-8840.4970703125
-8389.0634765625
-7962.9619140625
-7563.8271484375
-7193.1767578125
-6852.3935546875
-6542.7275390625
-6265.28515625
-6021.0302734375
-5810.7724609375
-5635.171875
-5494.7353515625
-5389.81640625
-5320.6142578125
-5287.181640625
-5289.4169921875
-5327.0771484375
-5399.7802734375
-5507.0048828125
-5648.1015625
-5822.298828125
-6028.7080078125
-6266.3291015625
-6534.0625
-6830.71484375
-7155.0068359375
-7505.5810546875
-7881.01171875
-8279.814453125
-8700.4501953125
-9141.337890625
-9600.8603515625
-10077.369140625
-10569.203125
-11074.6796875
-11592.1171875
-12119.8310546875
-12656.1435546875
-13199.39453125
-13747.9365234375
-14300.150390625
-14854.4423828125
-15409.25390625
-15963.0634765625
-16514.388671875
-17061.7919921875
-17603.8818359375
-18139.318359375
-18666.8115234375
-19185.125
-19693.078125
-20189.546875
-20673.4677734375
-21143.8330078125
-21599.6982421875
-22040.1796875
-22464.4501953125
-22871.751953125
-23261.3818359375
-23632.703125
-23985.1396484375
-24318.17578125
-24631.3603515625
-24924.30078125
-25196.6650390625
-25448.18359375
-25678.6435546875
-25887.890625
-26075.8271484375
-26242.4150390625
-26387.666015625
-26511.650390625
-26614.48828125
-26696.34765625
-26757.447265625
-26798.0517578125
-26818.4716796875
-26819.0556640625
-26800.1943359375
-26762.3134765625
-26705.8720703125
-26631.3642578125
-26539.30859375
-26430.2470703125
-26304.74609375
-26163.388671875
-26006.771484375
-25835.5048828125
-25650.2041015625
-25451.4912109375
-25239.9853515625
-25016.3056640625
-24781.0654296875
-24534.865234375
-24278.294921875
-24011.9287109375
-23736.3212890625
-23452.005859375
-23159.4921875
-22859.2666015625
-22551.7822265625
-22237.4658203125
-21916.7138671875
-21589.8896484375
-21257.32421875
-20919.318359375
-20576.1357421875
-20228.0107421875
-19875.1474609375
-19517.71875
-19155.869140625
-18789.7177734375
-18419.3603515625
-18044.87109375
-17666.3076171875
-17283.7119140625
-16897.1162109375
-16506.5478515625
-16112.0322265625
-15713.5947265625
-15311.2734375
-14905.11328125
-14495.1806640625
-14081.5654296875
-13664.380859375
-13243.77734375
-12819.9423828125
-12393.107421875
-11963.5478515625
-11531.5966796875
-11097.6396484375
-10662.125
-10225.5634765625
-9788.5341796875
-9351.685546875
-8915.7353515625
-8481.478515625
-8049.78125
-7621.5849609375
-7197.904296875
-6779.82421875
-6368.5048828125
-5965.1708984375
-5571.1103515625
-5187.673828125
-4816.2646484375
-4458.3359375
-4115.3828125
-3788.9384765625
-3480.55859375
-3191.818359375
-2924.3056640625
-2679.6015625
-2459.2822265625
-2264.8974609375
-2097.9638671875
-1959.9541015625
-1852.28515625
-1776.3037109375
-1733.27734375
-1724.3798828125
-1750.681640625
-1813.134765625
-1912.5693359375
-2049.671875
-2224.986328125
-2438.89453125
-2691.615234375
-2983.1904296875
-3313.482421875
-3682.1630859375
-4088.7138671875
-4532.4189453125
-5012.3623046875
-5527.42578125
-6076.2939453125
-6657.443359375
-7269.1630859375
-7909.5390625
-8576.4716796875
-9267.6806640625
-9980.70703125
-10712.9296875
-11461.5693359375
-12223.7060546875
-12996.2861328125
-13776.138671875
-14559.994140625
-15344.490234375
-16126.1982421875
-16901.63671875
-17667.28515625
-18419.6103515625
-19155.0771484375
-19870.1728515625
-20561.423828125
-21225.412109375
-21858.802734375
-22458.3515625
-23020.9287109375
-23543.5390625
-24023.333984375
-24457.6318359375
-24843.9296875
-25179.923828125
-25463.513671875
-25692.826171875
-25866.21875
-25982.2919921875
-26039.896484375
-26038.1455078125
-25976.4150390625
-25854.3525390625
-25671.876953125
-25429.181640625
-25126.736328125
-24765.28125
-24345.830078125
-23869.6630859375
-23338.31640625
-22753.5869140625
-22117.5126953125
-21432.3681640625
-20700.65234375
-19925.0791015625
-19108.560546875
-18254.1962890625
-17365.2568359375
-16445.166015625
-15497.486328125
-14525.904296875
-13534.205078125
-12526.263671875
-11506.013671875
-10477.4423828125
-9444.5615234375
-8411.38671875
-7381.92578125
-6360.1533203125
-5349.9921875
-4355.294921875
-3379.8232421875
-2427.234375
-1501.0537109375
-604.669921875
258.6953125
1085.990234375
1874.359375
2621.150390625
3323.9296875
3980.4931640625
4588.8828125
5147.384765625
5654.55078125
6109.197265625
6510.4130859375
6857.5615234375
7150.2890625
7388.51953125
7572.455078125
7702.580078125
7779.6513671875
7804.6923828125
7778.9931640625
7704.0947265625
7581.783203125
7414.0791015625
7203.2216796875
6951.6552734375
6662.0166015625
6337.11328125
5979.9130859375
5593.5166015625
5181.142578125
4746.10546875
4291.79296875
3821.650390625
3339.1474609375
2847.763671875
2350.9638671875
1852.173828125
1354.759765625
862.001953125
377.0791015625
-96.95703125
-557.201171875
-1000.91015625
-1425.525390625
-1828.6884765625
-2208.2529296875
-2562.3046875
-2889.1640625
-3187.4052734375
-3455.861328125
-3693.626953125
-3900.0673828125
-4074.818359375
-4217.787109375
-4329.1484375
-4409.34375
-4459.0703125
-4479.27734375
-4471.1552734375
-4436.119140625
-4375.7978515625
-4292.0205078125
-4186.796875
-4062.296875
-3920.8330078125
-3764.841796875
-3596.8564453125
-3419.4853515625
-3235.3935546875
-3047.2744140625
-2857.8251953125
-2669.7294921875
-2485.6259765625
-2308.0908203125
-2139.6142578125
-1982.5751953125
-1839.2294921875
-1711.6806640625
-1601.8681640625
-1511.5498046875
-1442.28515625
-1395.42578125
-1372.1015625
-1373.212890625
-1399.4228515625
-1451.15234375
-1528.5791015625
-1631.6318359375
-1760.0
-1913.1279296875
-2090.2275390625
-2290.2822265625
-2512.0576171875
-2754.11328125
-3014.81640625
-3292.3505859375
-3584.7421875
-3889.8671875
-4205.4794921875
-4529.2197265625
-4858.6455078125
-5191.2470703125
-5524.4677734375
-5855.7294921875
-6182.4482421875
-6502.064453125
-6812.0537109375
-7109.95703125
-7393.3916015625
-7660.0771484375
-7907.8515625
-8134.68359375
-8338.697265625
-8518.177734375
-8671.5888671875
-8797.5830078125
-8895.0107421875
-8962.927734375
-9000.6025390625
-9007.5185546875
-8983.3818359375
-8928.1123046875
-8841.8515625
-8724.9580078125
-8578.0
-8401.7490234375
-8197.177734375
-7965.4453125
-7707.8876953125
-7426.009765625
-7121.4697265625
-6796.0625
-6451.7109375
-6090.447265625
-5714.3974609375
-5325.76171875
-4926.8046875
-4519.8330078125
-4107.1787109375
-3691.185546875
-3274.1875
-2858.5
-2446.3955078125
-2040.091796875
-1641.744140625
-1253.41796875
-877.0927734375
-514.6337890625
-167.796875
161.794921875
472.6474609375
763.4130859375
1032.8876953125
1280.021484375
1503.91796875
1703.8408203125
1879.208984375
2029.603515625
2154.7578125
2254.5625
2329.05859375
2378.4306640625
2403.0068359375
2403.24609375
2379.73828125
2333.1875
2264.4140625
2174.3369140625
2063.966796875
1934.400390625
1786.8056640625
1622.4140625
1442.51171875
1248.4248046875
1041.5166015625
823.169921875
594.78515625
357.7685546875
113.5205078125
-136.5703125
-391.130859375
-648.81640625
-908.31640625
-1168.35546875
-1427.70703125
-1685.1865234375
-1939.666015625
-2190.072265625
-2435.3896484375
-2674.6611328125
-2906.994140625
-3131.556640625
-3347.576171875
-3554.345703125
-3751.2158203125
-3937.5986328125
-4112.9619140625
-4276.8291015625
-4428.775390625
-4568.427734375
-4695.4580078125
-4809.5810546875
-4910.5517578125
-4998.1650390625
-5072.2451171875
-5132.646484375
-5179.25
-5211.9619140625
-5230.70703125
-5235.42578125
-5226.0751953125
-5202.6220703125
-5165.046875
-5113.3349609375
-5047.4794921875
-4967.478515625
-4873.3359375
-4765.05859375
-4642.66015625
-4506.154296875
-4355.5634765625
-4190.9150390625
-4012.2451171875
-3819.5947265625
-3613.0224609375
-3392.5947265625
-3158.3955078125
-2910.52734375
-2649.1142578125
-2374.3046875
-2086.271484375
-1785.2236328125
-1471.3984375
-1145.0732421875
-806.5673828125
-456.2421875
-94.50390625
278.1865234375
661.3212890625
1054.33203125
1456.5947265625
1867.427734375
2286.0869140625
2711.765625
3143.5927734375
3580.6357421875
4021.8984375
4466.318359375
4912.7734375
5360.080078125
5806.998046875
6252.228515625
6694.421875
7132.1787109375
7564.0546875
7988.5693359375
8404.2041015625
8809.416015625
9202.638671875
9582.29296875
9946.791015625
10294.55078125
10623.9951171875
10933.568359375
11221.740234375
11487.021484375
11727.962890625
11943.177734375
12131.3388671875
12291.2001953125
12421.5927734375
12521.4482421875
12589.7958984375
12625.779296875
12628.6611328125
12597.830078125
12532.8115234375
12433.2705078125
12299.0166015625
12130.0146484375
11926.3818359375
11688.396484375
11416.49609375
11111.279296875
10773.5078125
10404.1025390625
10004.1435546875
9574.86328125
9117.6435546875
8634.015625
8125.6396484375
7594.3076171875
7041.931640625
6470.5322265625
5882.224609375
5279.21484375
4663.7734375
4038.2353515625
3404.9775390625
2766.404296875
2124.93359375
1482.982421875
842.9443359375
207.18359375
-421.9892578125
-1042.3310546875
-1651.6796875
-2247.9697265625
-2829.2490234375
-3393.6884765625
-3939.6005859375
-4465.4423828125
-4969.837890625
-5451.5751953125
-5909.6259765625
-6343.1416015625
-6751.470703125
-7134.1494140625
-7490.91796875
-7821.7080078125
-8126.6533203125
-8406.0771484375
-8660.49609375
-8890.61328125
-9097.306640625
-9281.623046875
-9444.7724609375
-9588.107421875
-9713.1201171875
-9821.4228515625
-9914.7333984375
-9994.86328125
-10063.697265625
-10123.1787109375
-10175.29296875
-10222.044921875
-10265.4462890625
-10307.4951171875
-10350.158203125
-10395.3544921875
-10444.935546875
-10500.6708984375
-10564.232421875
-10637.17578125
-10720.9345703125
-10816.7958984375
-10925.8974609375
-11049.212890625
-11187.544921875
-11341.515625
-11511.55859375
-11697.9208984375
-11900.650390625
-12119.603515625
-12354.4365234375
-12604.6142578125
-12869.4091796875
-13147.908203125
-13439.0146484375
-13741.462890625
-14053.8193359375
-14374.498046875
-14701.7724609375
-15033.78125
-15368.5517578125
-15704.00390625
-16037.9765625
-16368.232421875
-16692.482421875
-17008.3984375
-17313.6318359375
-17605.8330078125
-17882.6630859375
-18141.8193359375
-18381.044921875
-18598.1513671875
-18791.03125
-18957.6787109375
-19096.1982421875
-19204.828125
-19281.9462890625
-19326.0908203125
-19335.9638671875
-19310.4521484375
-19248.6279296875
-19149.765625
-19013.3427734375
-18839.0517578125
-18626.8017578125
-18376.7236328125
-18089.1708984375
-17764.7236328125
-17404.18359375
-17008.5771484375
-16579.1494140625
-16117.3603515625
-15624.8779296875
-15103.572265625
-14555.5078125
-13982.9306640625
-13388.2626953125
-12774.08203125
-12143.1181640625
-11498.234375
-10842.4111328125
-10178.732421875
-9510.369140625
-8840.5625
-8172.60546875
-7509.8232421875
-6855.560546875
-6213.154296875
-5585.923828125
-4977.1455078125
-4390.0390625
-3827.7431640625
-3293.3046875
-2789.65625
-2319.6005859375
-1885.794921875
-1490.732421875
-1136.7333984375
-825.9267578125
-560.23828125
-341.380859375
-170.84375
-49.8828125
20.4873046875
39.49609375
6.6259765625
-78.388671875
-215.5556640625
-404.6298828125
-645.1083984375
-936.2412109375
-1277.029296875
-1666.2314453125
-2102.375
-2583.76171875
-3108.4775390625
-3674.4072265625
-4279.2412109375
-4920.490234375
-5595.505859375
-6301.486328125
-7035.4990234375
-7794.4931640625
-8575.318359375
-9374.7412109375
-10189.46484375
-11016.140625
-11851.3955078125
-12691.83984375
-13534.08984375
-14374.783203125
-15210.5966796875
-16038.26171875
-16854.576171875
-17656.423828125
-18440.7861328125
-19204.7548828125
-19945.544921875
-20660.5029296875
-21347.12109375
-22003.0400390625
-22626.0654296875
-23214.1650390625
-23765.478515625
-24278.3251953125
-24751.19921875
-25182.783203125
-25571.9365234375
-25917.703125
-26219.3125
-26476.1708984375
-26687.8642578125
-26854.1533203125
-26974.966796875
-27050.4033203125
-27080.716796875
-27066.3173828125
-27007.763671875
-26905.75
-26761.109375
-26574.794921875
-26347.880859375
-26081.546875
-25777.076171875
-25435.841796875
-25059.3017578125
-24648.9921875
-24206.51171875
-23733.51953125
-23231.7265625
-22702.88671875
-22148.7861328125
-21571.2421875
-20972.087890625
-20353.1748046875
-19716.35546875
-19063.484375
-18396.4111328125
-17716.9697265625
-17026.9814453125
-16328.2392578125
-15622.5107421875
-14911.5341796875
-14197.0068359375
-13480.587890625
-12763.8955078125
-12048.501953125
-11335.92578125
-10627.640625
-9925.064453125
-9229.5625
-8542.4462890625
-7864.9716796875
-7198.337890625
-6543.689453125
-5902.1171875
-5274.6591796875
-4662.30078125
-4065.9755859375
-3486.5693359375
-2924.923828125
-2381.833984375
-1858.0576171875
-1354.3125
-871.28125
-409.619140625
30.048828125
447.1220703125
841.01953125
1211.17578125
1557.041015625
1878.0751953125
2173.7451171875
2443.521484375
2686.876953125
2903.2841796875
3092.212890625
3253.12890625
3385.4921875
3488.7607421875
3562.3828125
3605.8037109375
3618.4658203125
3599.810546875
3549.2783203125
3466.3095703125
3350.361328125
3200.890625
3017.37890625
2799.32421875
2546.251953125
2257.720703125
1933.330078125
1572.7236328125
1175.6005859375
741.716796875
270.900390625
-236.947265625
-781.8388671875
-1363.7001953125
-1982.3564453125
-2637.5302734375
-3328.8330078125
-4055.7568359375
-4817.673828125
-5613.826171875
-6443.326171875
-7305.1513671875
-8198.1396484375
-9120.990234375
-10072.2607421875
-11050.3701171875
-12053.5947265625
-13080.0791015625
-14127.828125
-15194.7177734375
-16278.5
-17376.8076171875
-18487.16015625
-19606.974609375
-20733.5712890625
-21864.1845703125
-22995.9755859375
-24126.0400390625
-25251.419921875
-26369.1201171875
-27476.115234375
-28569.365234375
-29645.83203125
-30702.4853515625
-31736.3251953125
-32744.38671875
-33723.76171875
-34671.60546875
-35585.1533203125
-36461.732421875
-37298.771484375
-38093.818359375
-38844.54296875
-39548.755859375
-40204.4091796875
-40809.6142578125
-41362.64453125
-41861.94140625
-42306.1259765625
-42693.998046875
-43024.5478515625
-43296.9521484375
-43510.583984375
-43665.0078125
-43759.984375
-43795.47265625
-43771.6220703125
-43688.779296875
-43547.4794921875
-43348.4443359375
-43092.58203125
-42780.9765625
-42414.88671875
-41995.7412109375
-41525.126953125
-41004.7880859375
-40436.6142578125
-39822.634765625
-39165.009765625
-38466.0234375
-37728.0703125
-36953.650390625
-36145.36328125
-35305.8857421875
-34437.974609375
-33544.451171875
-32628.1904296875
-31692.115234375
-30739.177734375
-29772.3583984375
-28794.6474609375
-27809.0390625
-26818.5205078125
-25826.060546875
-24834.595703125
-23847.0283203125
-22866.20703125
-21894.9228515625
-20935.896484375
-19991.7705078125
-19065.0947265625
-18158.326171875
-17273.80859375
-16413.7734375
-15580.328125
-14775.443359375
-14000.9560546875
-13258.5537109375
-12549.7685546875
-11875.9794921875
-11238.39453125
-10638.0595703125
-10075.8427734375
-9552.4404296875
-9068.3701171875
-8623.9677734375
-8219.3935546875
-7854.6240234375
-7529.45703125
-7243.5146484375
-6996.2451171875
-6786.9248046875
-6614.6630859375
-6478.412109375
-6376.9658203125
-6308.9765625
-6272.9501953125
-6267.267578125
-6290.1884765625
-6339.8603515625
-6414.3310546875
-6511.560546875
-6629.4326171875
-6765.7685546875
-6918.3359375
-7084.865234375
-7263.0634765625
-7450.6259765625
-7645.2470703125
-7844.6416015625
-8046.55078125
-8248.7607421875
-8449.1083984375
-8645.5009765625
-8835.9267578125
-9018.462890625
-9191.2900390625
-9352.6982421875
-9501.103515625
-9635.048828125
-9753.216796875
-9854.43359375
-9937.6767578125
-10002.080078125
-10046.93359375
-10071.693359375
-10075.9755859375
-10059.5625
-10022.396484375
-9964.5849609375
-9886.392578125
-9788.2392578125
-9670.6953125
-9534.474609375
-9380.4296875
-9209.541015625
-9022.912109375
-8821.7568359375
-8607.390625
-8381.220703125
-8144.736328125
-7899.4873046875
-7647.0859375
-7389.185546875
-7127.46875
-6863.634765625
-6599.38671875
-6336.4208984375
-6076.41015625
-5820.9931640625
-5571.76171875
-5330.2470703125
-5097.9111328125
-4876.1337890625
-4666.203125
-4469.3046875
-4286.51171875
-4118.7802734375
-3966.9404296875
-3831.6884765625
-3713.580078125
-3613.0341796875
-3530.3173828125
-3465.5537109375
-3418.71484375
-3389.623046875
-3377.9560546875
-3383.2412109375
-3404.8642578125
-3442.0751953125
-3493.9892578125
-3559.59375
-3637.7607421875
-3727.24609375
-3826.7060546875
-3934.7080078125
-4049.7333984375
-4170.197265625
-4294.4521484375
-4420.810546875
-4547.546875
-4672.91796875
-4795.1708984375
-4912.5615234375
-5023.3662109375
-5125.890625
-5218.4892578125
-5299.5751953125
-5367.6298828125
-5421.22265625
-5459.0107421875
-5479.7626953125
-5482.3564453125
-5465.7998046875
-5429.2265625
-5371.916015625
-5293.2890625
-5192.9228515625
-5070.544921875
-4926.0458984375
-4759.4755859375
-4571.04296875
-4361.125
-4130.251953125
-3879.11328125
-3608.556640625
-3319.572265625
-3013.2978515625
-2691.0048828125
-2354.0947265625
-2004.08984375
-1642.619140625
-1271.41796875
-892.3046875
-507.1796875
-118.009765625
273.1865234375
664.349609375
1053.3896484375
1438.2041015625
1816.6845703125
2186.736328125
2546.287109375
2893.2998046875
3225.7880859375
3541.8193359375
3839.5380859375
4117.1669921875
4373.0224609375
4605.51953125
4813.18359375
4994.6572265625
5148.7080078125
5274.2294921875
5370.25390625
5435.94921875
5470.6298828125
5473.748046875
5444.904296875
5383.845703125
5290.4619140625
5164.7841796875
5006.9853515625
4817.3759765625
4596.3984375
4344.62109375
4062.7373046875
3751.552734375
3411.9833984375
3045.044921875
2651.8466796875
2233.5830078125
1791.5224609375
1327.0029296875
841.4169921875
336.2080078125
-187.142578125
-727.123046875
-1282.203125
-1850.8388671875
-2431.484375
-3022.6015625
-3622.6640625
-4230.1689453125
-4843.6455078125
-5461.65625
-6082.8076171875
-6705.7587890625
-7329.2177734375
-7951.9560546875
-8572.806640625
-9190.671875
-9804.5205078125
-10413.3935546875
-11016.4072265625
-11612.751953125
-12201.6904296875
-12782.5615234375
-13354.775390625
-13917.814453125
-14471.228515625
-15014.6357421875
-15547.7197265625
-16070.2177734375
-16581.92578125
-17082.6923828125
-17572.4111328125
-18051.0166015625
-18518.4794921875
-18974.80078125
-19420.0087890625
-19854.150390625
-20277.2861328125
-20689.4853515625
-21090.8203125
-21481.36328125
-21861.17578125
-22230.3115234375
-22588.8037109375
-22936.6669921875
-23273.892578125
-23600.439453125
-23916.2412109375
-24221.19140625
-24515.154296875
-24797.955078125
-25069.3779296875
-25329.1708984375
-25577.044921875
-25812.671875
-26035.6875
-26245.6904296875
-26442.2509765625
-26624.9072265625
-26793.171875
-26946.5341796875
-27084.466796875
-27206.4267578125
-27311.8623046875
-27400.2197265625
-27470.947265625
-27523.5
-27557.345703125
-27571.9755859375
-27566.9052734375
-27541.68359375
-27495.8984375
-27429.1787109375
-27341.2099609375
-27231.7333984375
-27100.548828125
-26947.5283203125
-26772.6123046875
-26575.822265625
-26357.2587890625
-26117.107421875
-25855.642578125
-25573.228515625
-25270.3232421875
-24947.4775390625
-24605.3349609375
-24244.63671875
-23866.2177734375
-23471.00390625
-23060.0126953125
-22634.349609375
-22195.2041015625
-21743.845703125
-21281.62109375
-20809.947265625
-20330.3037109375
-19844.2294921875
-19353.31640625
-18859.1962890625
-18363.537109375
-17868.03515625
-17374.404296875
-16884.3671875
-16399.646484375
-15921.953125
-15452.9833984375
-14994.400390625
-14547.8291015625
-14114.849609375
-13696.9794921875
-13295.6728515625
-12912.3076171875
-12548.1767578125
-12204.478515625
-11882.3173828125
-11582.6826171875
-11306.455078125
-11054.3916015625
-10827.12890625
-10625.1689453125
-10448.8818359375
-10298.50390625
-10174.1279296875
-10075.7119140625
-10003.0693359375
-9955.8779296875
-9933.673828125
-9935.8583984375
-9961.7001953125
-10010.3408203125
-10080.79296875
-10171.9560546875
-10282.61328125
-10411.4482421875
-10557.0419921875
-10717.892578125
-10892.416015625
-11078.95703125
-11275.8037109375
-11481.1943359375
-11693.326171875
-11910.373046875
-12130.4892578125
-12351.8232421875
-12572.5302734375
-12790.7822265625
-13004.775390625
-13212.748046875
-13412.9833984375
-13603.8212890625
-13783.669921875
-13951.0107421875
-14104.4111328125
-14242.5263671875
-14364.107421875
-14468.0107421875
-14553.1962890625
-14618.736328125
-14663.818359375
-14687.74609375
-14689.9404296875
-14669.939453125
-14627.396484375
-14562.0869140625
-14473.8935546875
-14362.8134765625
-14228.9462890625
-14072.4970703125
-13893.7646484375
-13693.1416015625
-13471.1005859375
-13228.1943359375
-12965.0439453125
-12682.3310546875
-12380.79296875
-12061.2119140625
-11724.408203125
-11371.23046875
-11002.5498046875
-10619.2490234375
-10222.216796875
-9812.33984375
-9390.494140625
-8957.54296875
-8514.3251953125
-8061.65234375
-7600.3037109375
-7131.0224609375
-6654.509765625
-6171.421875
-5682.3740234375
-5187.927734375
-4688.599609375
-4184.8564453125
-3677.1162109375
-3165.7509765625
-2651.0849609375
-2133.4033203125
-1612.9462890625
-1089.919921875
-564.4970703125
-36.8203125
492.98828125
1024.8330078125
1558.625
2094.291015625
2631.7548828125
3170.9462890625
3711.7822265625
4254.1708984375
4798.005859375
5343.15234375
5889.4580078125
6436.7333984375
6984.7607421875
7533.2802734375
8081.9931640625
8630.55859375
9178.5908203125
9725.65625
10271.275390625
10814.91796875
11356.009765625
11893.92578125
12427.994140625
12957.4970703125
13481.6767578125
13999.73046875
14510.818359375
15014.06640625
15508.568359375
15993.3876953125
16467.5654296875
16930.123046875
17380.0673828125
17816.392578125
18238.08984375
18644.146484375
19033.556640625
19405.32421875
19758.4619140625
20092.0107421875
20405.02734375
20696.603515625
20965.8623046875
21211.966796875
21434.123046875
21631.5830078125
21803.654296875
21949.6953125
22069.1298828125
22161.4404296875
22226.1796875
22262.966796875
22271.4970703125
22251.5390625
22202.9375
22125.6220703125
22019.599609375
21884.9619140625
21721.884765625
21530.6298828125
21311.544921875
21065.0634765625
20791.7041015625
20492.0751953125
20166.8662109375
19816.853515625
19442.89453125
19045.9287109375
18626.97265625
18187.1201171875
17727.5400390625
17249.466796875
16754.2041015625
16243.115234375
15717.6240234375
15179.203125
14629.3759765625
14069.703125
13501.787109375
12927.2529296875
12347.7548828125
11764.9580078125
11180.5390625
10596.177734375
10013.5439453125
9434.298828125
8860.0791015625
8292.4951171875
7733.1201171875
7183.482421875
6645.0634765625
6119.2783203125
5607.484375
5110.9599609375
4630.9091796875
4168.443359375
3724.58984375
3300.275390625
2896.3271484375
2513.46484375
2152.2958984375
1813.318359375
1496.9140625
1203.34375
932.7529296875
685.1650390625
460.484375
258.49609375
78.8681640625
-78.8486328125
-215.216796875
-330.90625
-426.693359375
-503.4609375
-562.181640625
-603.9248046875
-629.83984375
-641.1611328125
-639.1904296875
-625.298828125
-600.9111328125
-567.5068359375
-526.60546875
-479.763671875
-428.5625
-374.6044921875
-319.50390625
-264.8759765625
-212.333984375
-163.4794921875
-119.890625
-83.123046875
-54.6953125
-36.0869140625
-28.73046875
-34.0029296875
-53.2216796875
-87.6376953125
-138.43359375
-206.7138671875
-293.5
-399.732421875
-526.255859375
-673.8251953125
-843.0966796875
-1034.625
-1248.86328125
-1486.1552734375
-1746.7392578125
-2030.740234375
-2338.171875
-2668.931640625
-3022.806640625
-3399.4638671875
-3798.45703125
-4219.220703125
-4661.076171875
-5123.228515625
-5604.7685546875
-6104.673828125
-6621.8125
-7154.9423828125
-7702.71875
-8263.6923828125
-8836.31640625
-9418.94921875
-10009.8623046875
-10607.23828125
-11209.189453125
-11813.7509765625
-12418.8955078125
-13022.5380859375
-13622.546875
-14216.75
-14802.943359375
-15378.900390625
-15942.3876953125
-16491.166015625
-17023.0068359375
-17535.705078125
-18027.0869140625
-18495.0205078125
-18937.4267578125
-19352.2978515625
-19737.703125
-20091.7978515625
-20412.8408203125
-20699.201171875
-20949.37109375
-21161.9716796875
-21335.76953125
-21469.6787109375
-21562.7705078125
-21614.28515625
-21623.6318359375
-21590.3984375
-21514.3544921875
-21395.455078125
-21233.841796875
-21029.845703125
-20783.986328125
-20496.9697265625
-20169.6875
-19803.2109375
-19398.7890625
-18957.8369140625
-18481.9365234375
-17972.818359375
-17432.3642578125
-16862.58203125
-16265.6044921875
-15643.673828125
-14999.12890625
-14334.388671875
-13651.94140625
-12954.326171875
-12244.1171875
-11523.9130859375
-10796.3134765625
-10063.912109375
-9329.2705078125
-8594.908203125
-7863.291015625
-7136.8056640625
-6417.7548828125
-5708.3408203125
-5010.6484375
-4326.6396484375
-3658.138671875
-3006.8203125
-2374.203125
-1761.6435546875
-1170.3251953125
-601.2578125
-55.26953125
466.994140625
965.0712890625
1438.685546875
1887.7392578125
2312.3193359375
2712.685546875
3089.2685546875
3442.666015625
3773.6279296875
4083.0576171875
4371.994140625
4641.6044921875
4893.1728515625
5128.0888671875
5347.8310546875
5553.9619140625
5748.1044921875
5931.93359375
6107.1640625
6275.52734375
6438.7685546875
6598.623046875
6756.8095703125
6915.0078125
7074.8564453125
7237.9287109375
7405.728515625
7579.6767578125
7761.0966796875
7951.2119140625
8151.1259765625
8361.8251953125
8584.1669921875
8818.8701171875
9066.5166015625
9327.54296875
9602.236328125
9890.7373046875
10193.037109375
10508.9755859375
10838.2451171875
11180.3955078125
11534.83203125
11900.82421875
12277.5107421875
12663.90234375
13058.8994140625
13461.2861328125
13869.748046875
14282.8837890625
14699.20703125
15117.1640625
15535.142578125
15951.4833984375
16364.490234375
16772.4443359375
17173.6181640625
17566.2822265625
17948.7177734375
18319.2353515625
18676.1796875
19017.94140625
19342.9697265625
19649.78125
19936.9755859375
20203.2333984375
20447.333984375
20668.1572265625
20864.7001953125
21036.06640625
21181.4873046875
21300.3193359375
21392.046875
21456.28515625
21492.7822265625
21501.421875
21482.216796875
21435.31640625
21360.9912109375
21259.646484375
21131.8046875
20978.1044921875
20799.2978515625
20596.2421875
20369.8896484375
20121.2890625
19851.5625
19561.916015625
19253.6142578125
18927.978515625
18586.3779296875
18230.2177734375
17860.931640625
17479.96875
17088.787109375
16688.8466796875
16281.5927734375
15868.4560546875
15450.8369140625
15030.099609375
14607.5712890625
14184.5224609375
13762.1728515625
13341.6787109375
12924.12890625
12510.541015625
12101.859375
11698.9482421875
11302.59375
10913.4970703125
10532.2783203125
10159.474609375
9795.5390625
9440.841796875
9095.6748046875
8760.2490234375
8434.701171875
8119.0947265625
7813.421875
7517.6123046875
7231.53125
6954.9892578125
6687.740234375
6429.494140625
6179.916015625
5938.6337890625
5705.2412109375
5479.3037109375
5260.3642578125
5047.9462890625
4841.5576171875
4640.69921875
4444.86328125
4253.5458984375
4066.2392578125
3882.4443359375
3701.669921875
3523.4375
3347.28515625
3172.7646484375
2999.44921875
2826.9326171875
2654.833984375
2482.79296875
2310.4794921875
2137.587890625
1963.8408203125
1788.9892578125
1612.81640625
1435.1298828125
1255.7705078125
1074.6083984375
891.546875
706.5146484375
519.47265625
330.4130859375
139.357421875
-53.64453125
-248.5126953125
-445.1396484375
-643.3876953125
-843.0947265625
-1044.068359375
-1246.09375
-1448.9306640625
-1652.3125
-1855.9560546875
-2059.5517578125
-2262.7724609375
-2465.27734375
-2666.7041015625
-2866.681640625
-3064.8271484375
-3260.7490234375
-3454.05078125
-3644.3330078125
-3831.197265625
-4014.248046875
-4193.099609375
-4367.373046875
-4536.7080078125
-4700.759765625
-4859.2041015625
-5011.744140625
-5158.111328125
-5298.0693359375
-5431.4150390625
-5557.9873046875
-5677.662109375
-5790.3642578125
-5896.0595703125
-5994.763671875
-6086.5439453125
-6171.509765625
-6249.830078125
-6321.7158203125
-6387.4306640625
-6447.2841796875
-6501.6328125
-6550.873046875
-6595.4443359375
-6635.8154296875
-6672.4921875
-6706.0
-6736.888671875
-6765.716796875
-6793.0517578125
-6819.4580078125
-6845.4921875
-6871.6962890625
-6898.5859375
-6926.642578125
-6956.3076171875
-6987.974609375
-7021.9765625
-7058.5830078125
-7097.9912109375
-7140.3154296875
-7185.587890625
-7233.744140625
-7284.6259765625
-7337.970703125
-7393.4140625
-7450.4814453125
-7508.591796875
-7567.0546875
-7625.0703125
-7681.7373046875
-7736.048828125
-7786.90234375
-7833.1044921875
-7873.376953125
-7906.3662109375
-7930.654296875
-7944.763671875
-7947.177734375
-7936.345703125
-7910.701171875
-7868.6728515625
-7808.705078125
-7729.263671875
-7628.8642578125
-7506.0751953125
-7359.544921875
-7188.0126953125
-6990.32421875
-6765.447265625
-6512.4892578125
-6230.7109375
-5919.5361328125
-5578.568359375
-5207.599609375
-4806.6220703125
-4375.837890625
-3915.662109375
-3426.7294921875
-2909.9033203125
-2366.271484375
-1797.1494140625
-1204.078125
-588.8212890625
46.640625
700.119140625
1369.2216796875
2051.369140625
2743.80078125
3443.59765625
4147.6904296875
4852.876953125
5555.84765625
6253.1962890625
6941.4462890625
7617.0703125
8276.51171875
8916.2060546875
9532.607421875
10122.2099609375
10681.5673828125
11207.3203125
11696.2158203125
12145.1298828125
12551.0859375
12911.2802734375
13223.091796875
13484.1103515625
13692.1416015625
13845.228515625
13941.662109375
13979.994140625
13959.0419921875
13877.8994140625
13735.943359375
13532.83203125
13268.513671875
12943.2158203125
12557.455078125
12112.0244140625
11607.9912109375
11046.6845703125
10429.69140625
9758.841796875
9036.19921875
8264.0439453125
7444.859375
6581.3154296875
5676.25390625
4732.6650390625
3753.67578125
2742.5263671875
1702.5546875
637.1728515625
-450.1474609375
-1555.8984375
-2676.552734375
-3808.5791015625
-4948.466796875
-6092.736328125
-7237.9619140625
-8380.7802734375
-9517.912109375
-10646.1708984375
-11762.4765625
-12863.8720703125
-13947.5224609375
-15010.736328125
-16050.9697265625
-17065.828125
-18053.0791015625
-19010.654296875
-19936.654296875
-20829.34765625
-21687.1796875
-22508.7646484375
-23292.8916015625
-24038.525390625
-24744.796875
-25411.0068359375
-26036.6259765625
-26621.2802734375
-27164.76171875
-27667.0126953125
-28128.1279296875
-28548.345703125
-28928.046875
-29267.7451171875
-29568.0869140625
-29829.8408203125
-30053.896484375
-30241.255859375
-30393.0302734375
-30510.43359375
-30594.7763671875
-30647.458984375
-30669.970703125
-30663.87890625
-30630.8251953125
-30572.5205078125
-30490.7373046875
-30387.3056640625
-30264.1044921875
-30123.05859375
-29966.1279296875
-29795.3046875
-29612.603515625
-29420.0546875
-29219.69921875
-29013.578125
-28803.724609375
-28592.158203125
-28380.8740234375
-28171.8359375
-27966.9658203125
-27768.134765625
-27577.1591796875
-27395.7822265625
-27225.67578125
-27068.421875
-26925.5078125
-26798.3212890625
-26688.1376953125
-26596.111328125
-26523.2705078125
-26470.51171875
-26438.5908203125
-26428.1171875
-26439.55078125
-26473.1982421875
-26529.2041015625
-26607.5576171875
-26708.083984375
-26830.4462890625
-26974.1474609375
-27138.53125
-27322.7822265625
-27525.9345703125
-27746.8740234375
-27984.34375
-28236.953125
-28503.1826171875
-28781.3955078125
-29069.8466796875
-29366.6923828125
-29670.00390625
-29977.7744140625
-30287.935546875
-30598.37109375
-30906.923828125
-31211.4140625
-31509.65234375
-31799.44921875
-32078.6328125
-32345.0595703125
-32596.623046875
-32831.2734375
-33047.021484375
-33241.9541015625
-33414.240234375
-33562.1455078125
-33684.03125
-33778.3759765625
-33843.7626953125
-33878.9013671875
-33882.6259765625
-33853.890625
-33791.787109375
-33695.5322265625
-33564.4736328125
-33398.0888671875
-33195.9814453125
-32957.880859375
-32683.6357421875
-32373.21484375
-32026.6953125
-31644.26171875
-31226.19921875
-30772.890625
-30284.802734375
-29762.486328125
-29206.56640625
-28617.73828125
-27996.7578125
-27344.435546875
-26661.63671875
-25949.2666015625
-25208.2705078125
-24439.6279296875
-23644.3525390625
-22823.478515625
-21978.0703125
-21109.20703125
-20217.9892578125
-19305.5380859375
-18372.98828125
-17421.4912109375
-16452.216796875
-15466.349609375
-14465.09375
-13449.6748046875
-12421.333984375
-11381.3388671875
-10330.9814453125
-9271.576171875
-8204.4716796875
-7131.0390625
-6052.6826171875
-4970.8427734375
-3886.986328125
-2802.6181640625
-1719.2744140625
-638.525390625
438.0283203125
1508.75390625
2571.990234375
3626.05078125
4669.2275390625
5699.7919921875
6716.0009765625
7716.10546875
8698.3466796875
9660.970703125
10602.23046875
11520.3935546875
12413.7490234375
13280.6123046875
14119.3349609375
14928.314453125
15705.994140625
16450.875
17161.5224609375
17836.57421875
18474.744140625
19074.830078125
19635.720703125
20156.3984375
20635.9453125
21073.546875
21468.4990234375
21820.2080078125
22128.1904296875
22392.083984375
22611.6396484375
22786.7255859375
22917.3310546875
23003.5595703125
23045.6328125
23043.88671875
22998.7705078125
22910.8427734375
22780.771484375
22609.328125
22397.384765625
22145.9150390625
21855.98046875
21528.736328125
21165.4208984375
20767.357421875
20335.94140625
19872.6455078125
19379.0087890625
18856.63671875
18307.19140625
17732.3955078125
17134.021484375
16513.8916015625
15873.8701171875
15215.8662109375
14541.8212890625
13853.712890625
13153.544921875
12443.34765625
11725.1728515625
11001.0869140625
10273.169921875
9543.5078125
8814.19140625
8087.3076171875
7364.935546875
6649.140625
5941.97265625
5245.4462890625
4561.5517578125
3892.236328125
3239.40234375
2604.89453125
1990.4990234375
1397.9287109375
828.822265625
284.7275390625
-232.8994140625
-722.7060546875
-1183.4501953125
-1614.0087890625
-2013.3828125
-2380.7080078125
-2715.2587890625
-3016.4541015625
-3283.8662109375
-3517.220703125
-3716.3994140625
-3881.4521484375
-4012.5869140625
-4110.1787109375
-4174.765625
-4207.048828125
-4207.88671875
-4178.296875
-4119.4423828125
-4032.6376953125
-3919.328125
-3781.08984375
-3619.615234375
-3436.70703125
-3234.2607421875
-3014.2587890625
-2778.748046875
-2529.833984375
-2269.662109375
-2000.4052734375
-1724.2421875
-1443.3505859375
-1159.8857421875
-875.966796875
-593.6591796875
-314.9638671875
-41.8037109375
223.99609375
480.7158203125
726.75390625
960.6337890625
1181.0234375
1386.7333984375
1576.7275390625
1750.1279296875
1906.2177734375
2044.44921875
2164.4345703125
2265.955078125
2348.951171875
2413.5244140625
2459.931640625
2488.57421875
2499.994140625
2494.865234375
2473.9814453125
2438.24609375
2388.66015625
2326.310546875
2252.3544921875
2168.0078125
2074.529296875
1973.2041015625
1865.3359375
1752.2265625
1635.1630859375
1515.404296875
1394.16796875
1272.615234375
1151.8427734375
1032.8681640625
916.6171875
803.9208984375
695.5
591.962890625
493.794921875
401.357421875
314.8779296875
234.455078125
160.048828125
91.486328125
28.458984375
-29.47265625
-82.8798828125
-132.4599609375
-179.0283203125
-223.517578125
-266.96875
-310.5205078125
-355.408203125
-402.947265625
-454.5302734375
-511.6103515625
-575.6962890625
-648.341796875
-731.12890625
-825.666015625
-933.5673828125
-1056.4453125
-1195.9052734375
-1353.5234375
-1530.84375
-1729.3662109375
-1950.5322265625
-2195.720703125
-2466.23046875
-2763.2802734375
-3087.98828125
-3441.3740234375
-3824.3466796875
-4237.693359375
-4682.076171875
-5158.029296875
-5665.943359375
-6206.0703125
-6778.5107421875
-7383.216796875
-8019.984375
-8688.453125
-9388.103515625
-10118.255859375
-10878.0732421875
-11666.5546875
-12482.5458984375
-13324.734375
-14191.6572265625
-15081.7001953125
-15993.10546875
-16923.9794921875
-17872.2900390625
-18835.8857421875
-19812.4931640625
-20799.7314453125
-21795.1162109375
-22796.076171875
-23799.9580078125
-24804.0400390625
-25805.5400390625
-26801.6318359375
-27789.455078125
-28766.1259765625
-29728.755859375
-30674.455078125
-31600.35546875
-32503.61328125
-33381.4326171875
-34231.0693359375
-35049.845703125
-35835.16796875
-36584.5224609375
-37295.5087890625
-37965.828125
-38593.3056640625
-39175.89453125
-39711.6875
-40198.91796875
-40635.9677734375
-41021.3779296875
-41353.841796875
-41632.2216796875
-41855.53515625
-42022.96875
-42133.8701171875
-42187.7529296875
-42184.287109375
-42123.3037109375
-42004.78515625
-41828.8642578125
-41595.818359375
-41306.0595703125
-40960.1337890625
-40558.708984375
-40102.572265625
-39592.6181640625
-39029.84375
-38415.337890625
-37750.2763671875
-37035.9130859375
-36273.5712890625
-35464.6376953125
-34610.5546875
-33712.81640625
-32772.958984375
-31792.55859375
-30773.2216796875
-29716.5908203125
-28624.328125
-27498.125
-26339.6884765625
-25150.75
-23933.05859375
-22688.3818359375
-21418.5078125
-20125.2451171875
-18810.421875
-17475.890625
-16123.53125
-14755.2509765625
-13372.984375
-11978.701171875
-10574.40625
-9162.140625
-7743.98828125
-6322.0703125
-4898.5556640625
-3475.65234375
-2055.6162109375
-640.74609375
766.615234375
2164.0849609375
3549.2392578125
4919.6171875
6272.7275390625
7606.0498046875
8917.0439453125
10203.150390625
11461.8046875
12690.4384765625
13886.4970703125
15047.4375
16170.74609375
17253.9482421875
18294.6162109375
19290.384765625
20238.9560546875
21138.119140625
21985.7548828125
22779.8525390625
23518.5166015625
24199.9833984375
24822.626953125
25384.9716796875
25885.7060546875
26323.68359375
26697.9365234375
27007.6875
27252.3466796875
27431.5283203125
27545.04296875
27592.91796875
27575.384765625
27492.8896484375
27346.09375
27135.865234375
26863.2900390625
26529.65625
26136.458984375
25685.392578125
25178.341796875
24617.380859375
24004.7578125
23342.8916015625
22634.359375
21881.884765625
21088.3291015625
20256.6796875
19390.0302734375
18491.578125
17564.6005859375
16612.4453125
15638.5205078125
14646.271484375
13639.169921875
12620.69921875
11594.3427734375
10563.5634765625
9531.791015625
8502.4140625
7478.755859375
6464.068359375
5461.5166015625
4474.1708984375
3504.9833984375
2556.7900390625
1632.29296875
734.0546875
-135.513671875
-974.1640625
-1779.806640625
-2550.529296875
-3284.59375
-3980.443359375
-4636.708984375
-5252.205078125
-5825.9345703125
-6357.091796875
-6845.0546875
-7289.3876953125
-7689.8408203125
-8046.3408203125
-8358.98828125
-8628.0546875
-8853.970703125
-9037.3232421875
-9178.8466796875
-9279.4091796875
-9340.009765625
-9361.763671875
-9345.892578125
-9293.7138671875
-9206.6279296875
-9086.1083984375
-8933.6865234375
-8750.9423828125
-8539.48828125
-8300.962890625
-8037.01171875
-7749.2822265625
-7439.408203125
-7108.9990234375
-6759.62890625
-6392.8310546875
-6010.0830078125
-5612.7998046875
-5202.330078125
-4779.9453125
-4346.833984375
-3904.1015625
-3452.7587890625
-2993.7255859375
-2527.830078125
-2055.8017578125
-1578.2783203125
-1095.802734375
-608.8271484375
-117.7197265625
377.2353515625
875.83203125
1377.93359375
1883.46875
2392.4189453125
2904.8203125
3420.7431640625
3940.2919921875
4463.5908203125
4990.77734375
5521.9931640625
6057.3740234375
6597.0361328125
7141.0732421875
7689.548828125
8242.478515625
8799.8349609375
9361.5283203125
9927.41015625
10497.259765625
11070.7861328125
11647.6171875
12227.298828125
12809.2939453125
13392.98046875
13977.646484375
14562.4951171875
15146.6455078125
15729.12890625
16308.8974609375
16884.82421875
17455.70703125
18020.2763671875
18577.1943359375
19125.0673828125
19662.4482421875
20187.841796875
20699.716796875
21196.5048828125
21676.615234375
22138.4404296875
22580.359375
23000.748046875
23397.9892578125
23770.4716796875
24116.60546875
24434.8232421875
24723.5888671875
24981.4013671875
25206.8037109375
25398.384765625
25554.78515625
25674.705078125
25756.904296875
25800.208984375
25803.5126953125
25765.78125
25686.060546875
25563.4697265625
25397.208984375
25186.56640625
24930.9130859375
24629.708984375
24282.505859375
23888.9453125
23448.7685546875
22961.8095703125
22428.0029296875
21847.38671875
21220.1015625
20546.39453125
19826.62109375
19061.25
18250.8583984375
17396.1455078125
16497.9267578125
15557.138671875
14574.8408203125
13552.2177734375
12490.5830078125
11391.3779296875
10256.1728515625
9086.673828125
7884.7138671875
6652.26171875
5391.4189453125
4104.4130859375
2793.60546875
1461.482421875
110.6533203125
-1256.150390625
-2636.0810546875
-4026.1845703125
-5423.400390625
-6824.5712890625
-8226.451171875
-9625.716796875
-11018.9716796875
-12402.76171875
-13773.583984375
-15127.8984375
-16462.140625
-17772.73828125
-19056.12109375
-20308.7353515625
-21527.060546875
-22707.6259765625
-23847.0205078125
-24941.91015625
-25989.0576171875
-26985.3330078125
-27927.7275390625
-28813.3740234375
-29639.5576171875
-30403.7275390625
-31103.515625
-31736.7451171875
-32301.4423828125
-32795.8525390625
-33218.44140625
-33567.912109375
-33843.2109375
-34043.529296875
-34168.3173828125
-34217.2822265625
-34190.3916015625
-34087.8818359375
-33910.2490234375
-33658.255859375
-33332.927734375
-32935.548828125
-32467.6552734375
-31931.033203125
-31327.7119140625
-30659.955078125
-29930.2470703125
-29141.291015625
-28295.9931640625
-27397.4501953125
-26448.9384765625
-25453.900390625
-24415.9296875
-23338.7568359375
-22226.232421875
-21082.3154296875
-19911.0498046875
-18716.55859375
-17503.0166015625
-16274.64453125
-15035.681640625
-13790.3779296875
-12542.9736328125
-11297.681640625
-10058.6787109375
-8830.0810546875
-7615.9345703125
-6420.201171875
-5246.7392578125
-4099.2978515625
-2981.498046875
-1896.822265625
-848.6044921875
159.98046875
1125.9267578125
2046.4111328125
2918.7890625
3740.6162109375
4509.6435546875
5223.8271484375
5881.3310546875
6480.5361328125
7020.0302734375
7498.6240234375
7915.337890625
8269.412109375
8560.30078125
8787.6708984375
8951.39453125
9051.556640625
9088.4365234375
9062.51171875
8974.4482421875
8825.095703125
8615.478515625
8346.787109375
8020.3720703125
7637.736328125
7200.51953125
6710.498046875
6169.564453125
5579.7255859375
4943.09375
4261.865234375
3538.3212890625
2774.8154296875
1973.759765625
1137.6162109375
268.8916015625
-629.880859375
-1556.1416015625
-2507.3212890625
-3480.84375
-4474.138671875
-5484.6455078125
-6509.8251953125
-7547.1611328125
-8594.173828125
-9648.4189453125
-10707.4970703125
-11769.05859375
-12830.8076171875
-13890.5068359375
-14945.98046875
-15995.115234375
-17035.87109375
-18066.2763671875
-19084.4296875
-20088.5068359375
-21076.76171875
-22047.5224609375
-22999.1982421875
-23930.2783203125
-24839.330078125
-25725.0048828125
-26586.0341796875
-27421.23046875
-28229.490234375
-29009.7919921875
-29761.1962890625
-30482.8466796875
-31173.9697265625
-31833.875
-32461.9560546875
-33057.6875
-33620.6279296875
-34150.4208984375
-34646.791015625
-35109.5458984375
-35538.5791015625
-35933.861328125
-36295.4501953125
-36623.4814453125
-36918.17578125
-37179.830078125
-37408.8203125
-37605.6044921875
-37770.7119140625
-37904.7470703125
-38008.390625
-38082.388671875
-38127.5576171875
-38144.77734375
-38134.990234375
-38099.1943359375
-38038.4462890625
-37953.849609375
-37846.5537109375
-37717.7529296875
-37568.6748046875
-37400.58203125
-37214.7626953125
-37012.5263671875
-36795.2001953125
-36564.123046875
-36320.638671875
-36066.0908203125
-35801.8203125
-35529.1552734375
-35249.412109375
-34963.8828125
-34673.8388671875
-34380.5185546875
-34085.1279296875
-33788.8359375
-33492.7685546875
-33198.005859375
-32905.5830078125
-32616.4794921875
-32331.626953125
-32051.8935546875
-31778.0966796875
-31510.9931640625
-31251.2783203125
-30999.587890625
-30756.4951171875
-30522.51171875
-30298.08984375
-30083.615234375
-29879.416015625
-29685.759765625
-29502.8515625
-29330.83984375
-29169.810546875
-29019.7939453125
-28880.763671875
-28752.63671875
-28635.2744140625
-28528.4814453125
-28432.0126953125
-28345.564453125
-28268.7841796875
-28201.263671875
-28142.544921875
-28092.1162109375
-28049.4130859375
-28013.822265625
-27984.6767578125
-27961.2587890625
-27942.796875
-27928.4736328125
-27917.4150390625
-27908.701171875
-27901.3603515625
-27894.3720703125
-27886.6669921875
-27877.1318359375
-27864.607421875
-27847.8896484375
-27825.73828125
-27796.873046875
-27759.98046875
-27713.716796875
-27656.7119140625
-27587.5751953125
-27504.9013671875
-27407.2724609375
-27293.271484375
-27161.48046875
-27010.494140625
-26838.92578125
-26645.412109375
-26428.630859375
-26187.2958984375
-25920.181640625
-25626.1162109375
-25304.005859375
-24952.833984375
-24571.6728515625
-24159.6962890625
-23716.185546875
-23240.5390625
-22732.279296875
-22191.0634765625
-21616.689453125
-21009.103515625
-20368.404296875
-19694.8505859375
-18988.8671875
-18251.044921875
-17482.1484375
-16683.11328125
-15855.048828125
-14999.240234375
-14117.146484375
-13210.3935546875
-12280.7783203125
-11330.259765625
-10360.9541015625
-9375.12890625
-8375.1962890625
-7363.701171875
-6343.31640625
-5316.828125
-4287.126953125
-3257.1953125
-2230.0927734375
-1208.9482421875
-196.9384765625
802.7197265625
1786.7919921875
2752.03125
3695.2021484375
4613.091796875
5502.525390625
6360.3876953125
7183.6259765625
7969.2763671875
8714.4755859375
9416.4697265625
10072.6357421875
10680.486328125
11237.6904296875
11742.08203125
12191.6669921875
12584.638671875
12919.3818359375
13194.4873046875
13408.75390625
13561.1953125
13651.048828125
13677.7763671875
13641.064453125
13540.8349609375
13377.2373046875
13150.654296875
12861.6953125
12511.19921875
12100.2294921875
11630.0654296875
11102.2041015625
10518.3486328125
9880.40234375
9190.4619140625
8450.8046875
7663.884765625
6832.318359375
5958.869140625
5046.447265625
4098.083984375
3116.927734375
2106.224609375
1069.3115234375
9.59375
-1069.4638671875
-2164.3544921875
-3271.5439453125
-4387.4853515625
-5508.634765625
-6631.462890625
-7752.4765625
-8868.2314453125
-9975.3388671875
-11070.494140625
-12150.4765625
-13212.1728515625
-14252.5830078125
-15268.83984375
-16258.212890625
-17218.1259765625
-18146.162109375
-19040.0771484375
-19897.8076171875
-20717.4755859375
-21497.3955078125
-22236.0859375
-22932.265625
-23584.8642578125
-24193.021484375
-24756.0869140625
-25273.6220703125
-25745.40234375
-26171.41015625
-26551.8349609375
-26887.068359375
-27177.697265625
-27424.5
-27628.4365234375
-27790.6435546875
-27912.41796875
-27995.216796875
-28040.63671875
-28050.41015625
-28026.3857421875
-27970.5166015625
-27884.85546875
-27771.525390625
-27632.71875
-27470.673828125
-27287.6650390625
-27085.9833984375
-26867.92578125
-26635.7763671875
-26391.794921875
-26138.2001953125
-25877.1572265625
-25610.76171875
-25341.0302734375
-25069.8837890625
-24799.1396484375
-24530.4990234375
-24265.5390625
-24005.69921875
-23752.2763671875
-23506.4189453125
-23269.1201171875
-23041.2119140625
-22823.3603515625
-22616.0673828125
-22419.666015625
-22234.3212890625
-22060.03125
-21896.62890625
-21743.787109375
-21601.01953125
-21467.69140625
-21343.017578125
-21226.0810546875
-21115.833984375
-21011.1064453125
-20910.6220703125
-20813.0029296875
-20716.78515625
-20620.4267578125
-20522.3232421875
-20420.822265625
-20314.23046875
-20200.8310546875
-20078.8984375
-19946.70703125
-19802.548828125
-19644.744140625
-19471.658203125
-19281.7109375
-19073.38671875
-18845.251953125
-18595.966796875
-18324.2880859375
-18029.087890625
-17709.361328125
-17364.232421875
-16992.9638671875
-16594.9658203125
-16169.798828125
-15717.18359375
-15237.0
-14729.2978515625
-14194.291015625
-13632.369140625
-13044.087890625
-12430.1796875
-11791.54296875
-11129.24609375
-10444.5224609375
-9738.7666015625
-9013.5322265625
-8270.5234375
-7511.587890625
-6738.716796875
-5954.0283203125
-5159.765625
-4358.2861328125
-3552.05078125
-2743.6181640625
-1935.6259765625
-1130.7900390625
-331.8876953125
458.251953125
1236.763671875
2000.75
2747.3046875
3473.51171875
4176.4697265625
4853.29296875
5501.134765625
6117.1904296875
6698.7158203125
7243.033203125
7747.546875
8209.7529296875
8627.25
8997.75
9319.0888671875
9589.234375
9806.298828125
9968.5419921875
10074.3857421875
10122.41796875
10111.3974609375
10040.265625
9908.150390625
9714.365234375
9458.4248046875
9140.0361328125
8759.1123046875
8315.76953125
7810.326171875
7243.310546875
6615.4521484375
5927.6884765625
5181.1611328125
4377.2080078125
3517.37109375
2603.3828125
1637.1669921875
620.830078125
-443.33984375
-1552.8857421875
-2705.185546875
-3897.4599609375
-5126.7822265625
-6390.0849609375
-7684.1748046875
-9005.7373046875
-10351.3544921875
-11717.5048828125
-13100.58984375
-14496.9326171875
-15902.7978515625
-17314.4072265625
-18727.9423828125
-20139.5673828125
-21545.439453125
-22941.720703125
-24324.595703125
-25690.2802734375
-27035.0380859375
-28355.1962890625
-29647.1552734375
-30907.4033203125
-32132.5302734375
-33319.23828125
-34464.357421875
-35564.853515625
-36617.84375
-37620.603515625
-38570.5810546875
-39465.40234375
-40302.8857421875
-41081.044921875
-41798.0986328125
-42452.478515625
-43042.8349609375
-43568.0390625
-44027.1904296875
-44419.6171875
-44744.8818359375
-45002.779296875
-45193.337890625
-45316.8203125
-45373.7197265625
-45364.7578125
-45290.87890625
-45153.25390625
-44953.259765625
-44692.4873046875
-44372.7216796875
-43995.943359375
-43564.3125
-43080.1630859375
-42545.9853515625
-41964.4208984375
-41338.248046875
-40670.36328125
-39963.77734375
-39221.5947265625
-38446.994140625
-37643.2265625
-36813.587890625
-35961.4072265625
-35090.0361328125
-34202.822265625
-33303.103515625
-32394.1845703125
-31479.3291015625
-30561.7333984375
-29644.5263671875
-28730.7373046875
-27823.296875
-26925.015625
-26038.5732421875
-25166.5029296875
-24311.1865234375
-23474.837890625
-22659.49609375
-21867.015625
-21099.05859375
-20357.08984375
-19642.3671875
-18955.94140625
-18298.6494140625
-17671.115234375
-17073.74609375
-16506.734375
-15970.0595703125
-15463.48828125
-14986.5810546875
-14538.6953125
-14118.994140625
-13726.44921875
-13359.8544921875
-13017.8310546875
-12698.83984375
-12401.1923828125
-12123.064453125
-11862.5068359375
-11617.4580078125
-11385.7646484375
-11165.1884765625
-10953.4296875
-10748.1328125
-10546.9140625
-10347.3681640625
-10147.08984375
-9943.6904296875
-9734.810546875
-9518.13671875
-9291.4208984375
-9052.4921875
-8799.2685546875
-8529.783203125
-8242.1806640625
-7934.744140625
-7605.8984375
-7254.2255859375
-6878.4716796875
-6477.556640625
-6050.58203125
-5596.8388671875
-5115.80859375
-4607.1708984375
-4070.8037109375
-3506.7861328125
-2915.3984375
-2297.119140625
-1652.6220703125
-982.7763671875
-288.634765625
428.5673828125
1167.4228515625
1926.361328125
2703.65625
3497.4384765625
4305.7109375
5126.3505859375
5957.13671875
6795.7529296875
7639.8056640625
8486.83984375
9334.3544921875
10179.8115234375
11020.662109375
11854.3544921875
12678.349609375
13490.138671875
14287.25390625
15067.2861328125
15827.8984375
16566.830078125
17281.9248046875
17971.123046875
18632.4853515625
19264.1953125
19864.5703125
20432.0615234375
20965.26953125
21462.9404296875
21923.9716796875
22347.412109375
22732.4658203125
23078.4892578125
23384.9873046875
23651.611328125
23878.16015625
24064.56640625
24210.892578125
24317.328125
24384.1787109375
24411.85546875
24400.8662109375
24351.8125
24265.3671875
24142.2734375
23983.330078125
23789.3818359375
23561.3095703125
23300.015625
23006.419921875
22681.443359375
22326.0048828125
21941.0078125
21527.3349609375
21085.8359375
20617.33203125
20122.5966796875
19602.361328125
19057.3056640625
18488.0615234375
17895.2021484375
17279.251953125
16640.6806640625
15979.90625
15297.2958984375
14593.177734375
13867.833984375
13121.513671875
12354.4404296875
11566.810546875
10758.8095703125
9930.6181640625
9082.4169921875
8214.3984375
7326.779296875
6419.80078125
5493.74609375
4548.9482421875
3585.791015625
2604.73046875
1606.2919921875
591.0849609375
-440.1962890625
-1486.7587890625
-2547.716796875
-3622.0732421875
-4708.7275390625
-5806.4677734375
-6913.970703125
-8029.798828125
-9152.404296875
-10280.1279296875
-11411.2041015625
-12543.76171875
-13675.8310546875
-14805.3525390625
-15930.1748046875
-17048.0703125
-18156.7412109375
-19253.8291015625
-20336.9228515625
-21403.5732421875
-22451.2998046875
-23477.6064453125
-24479.9892578125
-25455.9541015625
-26403.021484375
-27318.7470703125
-28200.7275390625
-29046.6181640625
-29854.138671875
-30621.0908203125
-31345.3671875
-32024.958984375
-32657.974609375
-33242.6396484375
-33777.3115234375
-34260.4873046875
-34690.80859375
-35067.072265625
-35388.2333984375
-35653.408203125
-35861.884765625
-36013.1201171875
-36106.7451171875
-36142.56640625
-36120.5673828125
-36040.90625
-35903.9140625
-35710.0986328125
-35460.1357421875
-35154.869140625
-34795.306640625
-34382.61328125
-33918.109375
-33403.2646484375
-32839.6865234375
-32229.1220703125
-31573.443359375
-30874.64453125
-30134.8330078125
-29356.2197265625
-28541.1123046875
-27691.9052734375
-26811.0732421875
-25901.16015625
-24964.7685546875
-24004.552734375
-23023.2109375
-22023.46875
-21008.078125
-19979.80078125
-18941.4033203125
-17895.64453125
-16845.2666015625
-15792.9873046875
-14741.4853515625
-13693.396484375
-12651.3017578125
-11617.716796875
-10595.0849609375
-9585.765625
-8592.029296875
-7616.0439453125
-6659.8720703125
-5725.4580078125
-4814.623046875
-3929.0576171875
-3070.314453125
-2239.798828125
-1438.7705078125
-668.330078125
70.5810546875
777.1845703125
1450.8720703125
2091.203125
2697.9091796875
3270.8974609375
3810.24609375
4316.2041015625
4789.193359375
5229.802734375
5638.7822265625
6017.046875
6365.6611328125
6685.837890625
6978.9306640625
7246.421875
7489.9169921875
7711.1337890625
7911.888671875
8094.0869140625
8259.7119140625
8410.806640625
8549.4638671875
8677.810546875
8797.994140625
8912.166015625
9022.466796875
9131.01171875
9239.8740234375
9351.0703125
9466.544921875
9588.1572265625
9717.6650390625
9856.7109375
10006.810546875
10169.33984375
10345.5234375
10536.4228515625
10742.927734375
10965.751953125
11205.416015625
11462.251953125
11736.3916015625
12027.767578125
12336.107421875
12660.935546875
13001.5732421875
13357.140625
13726.5625
14108.568359375
14501.7041015625
14904.3330078125
15314.65625
15730.70703125
16150.3740234375
16571.4091796875
16991.4404296875
17407.984375
17818.46484375
18220.22265625
18610.537109375
18986.63671875
19345.7216796875
19684.9736328125
20001.576171875
20292.732421875
20555.6787109375
20787.703125
20986.1591796875
21148.482421875
21272.20703125
21354.974609375
21394.5546875
21388.8486328125
21335.912109375
21233.955078125
21081.3583984375
20876.6796875
20618.6630859375
20306.244140625
19938.5537109375
19514.927734375
19034.9052734375
18498.2294921875
17904.857421875
17254.94921875
16548.8720703125
15787.201171875
14970.7099609375
14100.3720703125
13177.353515625
12203.00390625
11178.8603515625
10106.626953125
8988.1787109375
7825.5458984375
6620.908203125
5376.583984375
4095.0263671875
2778.7998046875
1430.5849609375
53.1611328125
-1350.6064453125
-2777.76953125
-4225.318359375
-5690.1806640625
-7169.2421875
-8659.353515625
-10157.3359375
-11660.0
-13164.150390625
-14666.59765625
-16164.166015625
-17653.7041015625
-19132.0966796875
-20596.2666015625
-22043.19140625
-23469.904296875
-24873.509765625
-26251.1826171875
-27600.1826171875
-28917.8564453125
-30201.646484375
-31449.0966796875
-32657.859375
-33825.697265625
-34950.49609375
-36030.2587890625
-37063.119140625
-38047.3427734375
-38981.3291015625
-39863.6162109375
-40692.88671875
-41467.962890625
-42187.818359375
-42851.5712890625
-43458.4912109375
-44008.0009765625
-44499.669921875
-44933.22265625
-45308.533203125
-45625.6298828125
-45884.68359375
-46086.0205078125
-46230.109375
-46317.560546875
-46349.126953125
-46325.697265625
-46248.2958984375
-46118.072265625
-45936.3017578125
-45704.37890625
-45423.8095703125
-45096.2080078125
-44723.2919921875
-44306.869140625
-43848.8349609375
-43351.1689453125
-42815.919921875
-42245.203125
-41641.1865234375
-41006.09375
-40342.18359375
-39651.75
-38937.111328125
-38200.6015625
-37444.5615234375
-36671.333984375
-35883.25390625
-35082.640625
-34271.7900390625
-33452.970703125
-32628.41015625
-31800.2998046875
-30970.775390625
-30141.9248046875
-29315.76953125
-28494.2734375
-27679.3271484375
-26872.751953125
-26076.29296875
-25291.6162109375
-24520.3076171875
-23763.8720703125
-23023.7294921875
-22301.2138671875
-21597.5771484375
-20913.9833984375
-20251.5126953125
-19611.1611328125
-18993.8369140625
-18400.3701171875
-17831.5078125
-17287.9150390625
-16770.1796875
-16278.814453125
-15814.2490234375
-15376.849609375
-14966.900390625
-14584.6201171875
-14230.1552734375
-13903.5859375
-13604.921875
-13334.1083984375
-13091.0224609375
-12875.478515625
-12687.220703125
-12525.931640625
-12391.2265625
-12282.654296875
-12199.697265625
-12141.7685546875
-12108.216796875
-12098.314453125
-12111.2724609375
-12146.22265625
-12202.228515625
-12278.28125
-12373.2978515625
-12486.1220703125
-12615.5244140625
-12760.201171875
-12918.779296875
-13089.8125
-13271.7841796875
-13463.1171875
-13662.1650390625
-13867.2236328125
-14076.533203125
-14288.287109375
-14500.62890625
-14711.66796875
-14919.4853515625
-15122.134765625
-15317.6630859375
-15504.1064453125
-15679.513671875
-15841.9462890625
-15989.49609375
-16120.294921875
-16232.5244140625
-16324.435546875
-16394.3486328125
-16440.6806640625
-16461.9443359375
-16456.771484375
-16423.9169921875
-16362.2744140625
-16270.8896484375
-16148.9619140625
-15995.8642578125
-15811.1494140625
-15594.5537109375
-15346.005859375
-15065.6357421875
-14753.7763671875
-14410.96484375
-14037.9453125
-13635.673828125
-13205.306640625
-12748.20703125
-12265.9345703125
-11760.240234375
-11233.0595703125
-10686.501953125
-10122.8408203125
-9544.498046875
-8954.0361328125
-8354.1337890625
-7747.5810546875
-7137.251953125
-6526.0908203125
-5917.09375
-5313.2841796875
-4717.7001953125
-4133.3671875
-3563.27734375
-3010.3720703125
-2477.521484375
-1967.5048828125
-1482.9814453125
-1026.486328125
-600.4013671875
-206.9423828125
151.85546875
474.1572265625
758.3369140625
1002.98828125
1206.9365234375
1369.2490234375
1489.2353515625
1566.45703125
1600.728515625
1592.11328125
1540.9296875
1447.7421875
1313.3583984375
1138.8212890625
925.3994140625
674.5791015625
388.0498046875
67.69140625
-284.4404296875
-666.1298828125
-1075.0205078125
-1508.6279296875
-1964.365234375
-2439.556640625
-2931.4580078125
-3437.283203125
-3954.2109375
-4479.4169921875
-5010.0869140625
-5543.43359375
-6076.7255859375
-6607.2890625
-7132.5361328125
-7649.9775390625
-8157.2333984375
-8652.052734375
-9132.3193359375
-9596.064453125
-10041.478515625
-10466.912109375
-10870.8896484375
-11252.109375
-11609.4443359375
-11941.951171875
-12248.861328125
-12529.587890625
-12783.7158203125
-13011.001953125
-13211.369140625
-13384.8994140625
-13531.826171875
-13652.5263671875
-13747.51171875
-13817.4208984375
-13863.0009765625
-13885.109375
-13884.69140625
-13862.771484375
-13820.44921875
-13758.876953125
-13679.25390625
-13582.81640625
-13470.8212890625
-13344.54296875
-13205.255859375
-13054.2275390625
-12892.7119140625
-12721.9384765625
-12543.1064453125
-12357.3740234375
-12165.857421875
-11969.62109375
-11769.67578125
-11566.97265625
-11362.40234375
-11156.79296875
-10950.9033203125
-10745.4296875
-10541.001953125
-10338.181640625
-10137.4677734375
-9939.2958984375
-9744.0419921875
-9552.0234375
-9363.5009765625
-9178.6884765625
-8997.75
-8820.806640625
-8647.9404296875
-8479.201171875
-8314.607421875
-8154.1552734375
-7997.818359375
-7845.556640625
-7697.3203125
-7553.0537109375
-7412.69921875
-7276.2060546875
-7143.52734375
-7014.62890625
-6889.4951171875
-6768.125
-6650.544921875
-6536.8056640625
-6426.982421875
-6321.1845703125
-6219.556640625
-6122.2724609375
-6029.544921875
-5941.6220703125
-5858.79296875
-5781.376953125
-5709.740234375
-5644.27734375
-5585.4248046875
-5533.6494140625
-5489.451171875
-5453.36328125
-5425.943359375
-5407.7763671875
-5399.466796875
-5401.634765625
-5414.9189453125
-5439.9619140625
-5477.4111328125
-5527.9140625
-5592.111328125
-5670.6318359375
-5764.0830078125
-5873.05078125
-5998.08984375
-6139.716796875
-6298.4072265625
-6474.5849609375
-6668.619140625
-6880.8173828125
-7111.4140625
-7360.5791015625
-7628.39453125
-7914.861328125
-8219.890625
-8543.302734375
-8884.81640625
-9244.0546875
-9620.533203125
-10013.669921875
-10422.7705078125
-10847.0419921875
-11285.5791015625
-11737.380859375
-12201.3427734375
-12676.259765625
-13160.8369140625
-13653.6904296875
-14153.353515625
-14658.28515625
-15166.8740234375
-15677.4521484375
-16188.2998046875
-16697.658203125
-17203.7392578125
-17704.732421875
-18198.8251953125
-18684.2080078125
-19159.0869140625
-19621.7001953125
-20070.326171875
-20503.2998046875
-20919.0224609375
-21315.9716796875
-21692.72265625
-22047.9453125
-22380.427734375
-22689.0791015625
-22972.9404296875
-23231.1943359375
-23463.1728515625
-23668.3583984375
-23846.3955078125
-23997.0927734375
-24120.423828125
-24216.5302734375
-24285.7216796875
-24328.474609375
-24345.427734375
-24337.3828125
-24305.2939453125
-24250.2646484375
-24173.5390625
-24076.4921875
-23960.6201171875
-23827.529296875
-23678.92578125
-23516.599609375
-23342.4111328125
-23158.28125
-22966.1689453125
-22768.064453125
-22565.9677734375
-22361.8759765625
-22157.765625
-21955.5830078125
-21757.2197265625
-21564.5087890625
-21379.2021484375
-21202.96484375
-21037.3525390625
-20883.8125
-20743.6650390625
-20618.09765625
-20508.150390625
-20414.7216796875
-20338.55078125
-20280.2177734375
-20240.146484375
-20218.5927734375
-20215.6533203125
-20231.2626953125
-20265.197265625
-20317.080078125
-20386.3876953125
-20472.451171875
-20574.470703125
-20691.5224609375
-20822.56640625
-20966.4580078125
-21121.9638671875
-21287.765625
-21462.4814453125
-21644.6748046875
-21832.8642578125
-22025.5458984375
-22221.19921875
-22418.3046875
-22615.3544921875
-22810.8662109375
-23003.396484375
-23191.55078125
-23373.994140625
-23549.4638671875
-23716.7783203125
-23874.8427734375
-24022.6611328125
-24159.3359375
-24284.08203125
-24396.2236328125
-24495.201171875
-24580.5712890625
-24652.009765625
-24709.306640625
-24752.37109375
-24781.2216796875
-24795.9873046875
-24796.9033203125
-24784.2998046875
-24758.6015625
-24720.3212890625
-24670.0419921875
-24608.419921875
-24536.171875
-24454.0625
-24362.8974609375
-24263.5126953125
-24156.767578125
-24043.5283203125
-23924.6640625
-23801.0361328125
-23673.4853515625
-23542.826171875
-23409.8388671875
-23275.2568359375
-23139.7666015625
-23003.9931640625
-22868.498046875
-22733.7763671875
-22600.24609375
-22468.25
-22338.05078125
-22209.830078125
-22083.6826171875
-21959.6259765625
-21837.587890625
-21717.421875
-21598.896484375
-21481.7099609375
-21365.4814453125
-21249.7646484375
-21134.0517578125
-21017.7734375
-20900.30859375
-20780.9892578125
-20659.109375
-20533.927734375
-20404.67578125
-20270.564453125
-20130.7958984375
-19984.560546875
-19831.052734375
-19669.4716796875
-19499.0322265625
-19318.96484375
-19128.5244140625
-18927.0
-18713.708984375
-18488.009765625
-18249.302734375
-17997.0302734375
-17730.6875
-17449.8125
-17154.0009765625
-16842.892578125
-16516.185546875
-16173.62890625
-15815.0185546875
-15440.2060546875
-15049.08984375
-14641.6171875
-14217.77734375
-13777.60546875
-13321.1787109375
-12848.6064453125
-12360.0400390625
-11855.6591796875
-11335.677734375
-10800.3349609375
-10249.8955078125
-9684.6494140625
-9104.9072265625
-8511.0
-7903.2802734375
-7282.1142578125
-6647.892578125
-6001.01953125
-5341.9189453125
-4671.0380859375
-3988.83984375
-3295.8173828125
-2592.4814453125
-1879.37890625
-1157.080078125
-426.1962890625
312.6279296875
1058.7021484375
1811.2958984375
2569.623046875
3332.84765625
4100.0751953125
4870.3525390625
5642.65625
6415.9013671875
7188.9306640625
7960.51171875
8729.3408203125
9494.0361328125
10253.142578125
11005.1259765625
11748.3798828125
12481.224609375
13201.91015625
13908.62109375
14599.4814453125
15272.55859375
15925.869140625
16557.392578125
17165.0693359375
17746.822265625
18300.5576171875
18824.177734375
19315.59765625
19772.75
20193.6044921875
20576.173828125
20918.5380859375
21218.84765625
21475.3408203125
21686.3623046875
21850.3701171875
21965.953125
22031.8427734375
22046.927734375
22010.26171875
21921.078125
21778.7978515625
21583.0419921875
21333.6337890625
21030.61328125
20674.236328125
20264.98046875
19803.5498046875
19290.873046875
18728.10546875
18116.6240234375
17458.025390625
16754.1240234375
16006.9375
15218.6845703125
14391.7734375
13528.7890625
12632.4814453125
11705.751953125
10751.6396484375
9773.298828125
8773.9873046875
7757.0498046875
6725.8935546875
5683.97265625
4634.7685546875
3581.765625
2528.439453125
1478.228515625
434.521484375
-599.3681640625
-1620.21484375
-2624.904296875
-3610.4482421875
-4573.9951171875
-5512.859375
-6424.5205078125
-7306.642578125
-8157.0830078125
-8973.90625
-9755.3876953125
-10500.021484375
-11206.525390625
-11873.845703125
-12501.15625
-13087.8603515625
-13633.58984375
-14138.19921875
-14601.7646484375
-15024.57421875
-15407.125
-15750.1103515625
-16054.412109375
-16321.0908203125
-16551.3701171875
-16746.6298828125
-16908.3876953125
-17038.287109375
-17138.0830078125
-17209.62890625
-17254.857421875
-17275.771484375
-17274.4228515625
-17252.904296875
-17213.328125
-17157.818359375
-17088.4931640625
-17007.453125
-16916.7705078125
-16818.4736328125
-16714.544921875
-16606.8974609375
-16497.37890625
-16387.75390625
-16279.70703125
-16174.826171875
-16074.6044921875
-15980.431640625
-15893.5986328125
-15815.283203125
-15746.5595703125
-15688.3916015625
-15641.63671875
-15607.04296875
-15585.2568359375
-15576.8173828125
-15582.1669921875
-15601.650390625
-15635.521484375
-15683.9443359375
-15746.998046875
-15824.685546875
-15916.935546875
-16023.6064453125
-16144.4931640625
-16279.3330078125
-16427.810546875
-16589.5615234375
-16764.1748046875
-16951.205078125
-17150.16796875
-17360.552734375
-17581.818359375
-17813.404296875
-18054.7275390625
-18305.189453125
-18564.1787109375
-18831.072265625
-19105.2392578125
-19386.0390625
-19672.828125
-19964.958984375
-20261.783203125
-20562.6513671875
-20866.912109375
-21173.9189453125
-21483.0263671875
-21793.5927734375
-22104.9794921875
-22416.5537109375
-22727.6943359375
-23037.7783203125
-23346.2001953125
-23652.3623046875
-23955.6748046875
-24255.5673828125
-24551.4814453125
-24842.875
-25129.228515625
-25410.0400390625
-25684.8359375
-25953.1640625
-26214.60546875
-26468.7705078125
-26715.306640625
-26953.896484375
-27184.2626953125
-27406.1728515625
-27619.4404296875
-27823.92578125
-28019.541015625
-28206.251953125
-28384.080078125
-28553.1044921875
-28713.4609375
-28865.3505859375
-29009.0283203125
-29144.81640625
-29273.095703125
-29394.3076171875
-29508.955078125
-29617.59765625
-29720.8515625
-29819.3876953125
-29913.921875
-30005.2255859375
-30094.1025390625
-30181.400390625
-30267.9931640625
-30354.78515625
-30442.6962890625
-30532.658203125
-30625.609375
-30722.484375
-30824.205078125
-30931.67578125
-31045.771484375
-31167.3291015625
-31297.142578125
-31435.947265625
-31584.4208984375
-31743.1650390625
-31912.7021484375
-32093.46875
-32285.802734375
-32489.9423828125
-32706.013671875
-32934.0302734375
-33173.8837890625
-33425.3408203125
-33688.041015625
-33961.4912109375
-34245.0654296875
-34538.005859375
-34839.4169921875
-35148.275390625
-35463.4228515625
-35783.5810546875
-36107.3408203125
-36433.1826171875
-36759.474609375
-37084.48046875
-37406.375
-37723.2421875
-38033.095703125
-38333.884765625
-38623.5087890625
-38899.828125
-39160.67578125
-39403.8779296875
-39627.2587890625
-39828.6611328125
-40005.9609375
-40157.076171875
-40279.9873046875
-40372.7490234375
-40433.5048828125
-40460.5
-40452.09375
-40406.7763671875
-40323.173828125
-40200.0634765625
-40036.3828125
-39831.23828125
-39583.91015625
-39293.8681640625
-38960.765625
-38584.4501953125
-38164.9658203125
-37702.5546875
-37197.6552734375
-36650.9013671875
-36063.1240234375
-35435.3427734375
-34768.7646484375
-34064.7705078125
-33324.919921875
-32550.9296875
-31744.6748046875
-30908.1689453125
-30043.560546875
-29153.115234375
-28239.2060546875
-27304.30078125
-26350.9423828125
-25381.7421875
-24399.359375
-23406.490234375
-22405.8515625
-21400.166015625
-20392.1494140625
-19384.494140625
-18379.8583984375
-17380.8515625
-16390.0205078125
-15409.8388671875
-14442.69921875
-13490.89453125
-12556.615234375
-11641.94140625
-10748.8291015625
-9879.1083984375
-9034.4765625
-8216.4912109375
-7426.5703125
-6665.9853515625
-5935.8603515625
-5237.1728515625
-4570.75
-3937.2724609375
-3337.275390625
-2771.1474609375
-2239.1357421875
-1741.3515625
-1277.767578125
-848.23046875
-452.45703125
-90.0458984375
239.51953125
536.865234375
802.7216796875
1037.91796875
1243.375
1420.09765625
1569.17578125
1691.7666015625
1789.103515625
1862.4794921875
1913.2431640625
1942.798828125
1952.5966796875
1944.1279296875
1918.921875
1878.5390625
1824.5693359375
1758.6259765625
1682.337890625
1597.3525390625
1505.3251953125
1407.919921875
1306.798828125
1203.623046875
1100.05078125
997.724609375
898.2724609375
803.3056640625
714.408203125
633.1337890625
561.0048828125
499.501953125
450.0634765625
414.0771484375
392.8740234375
387.7255859375
399.837890625
430.341796875
480.294921875
550.66796875
642.3427734375
756.109375
892.6533203125
1052.5634765625
1236.3095703125
1444.25390625
1676.63671875
1933.5810546875
2215.0791015625
2521.0
2851.08203125
3204.931640625
3582.0263671875
3981.7109375
4403.19921875
4845.5791015625
5307.810546875
5788.73046875
6287.0625
6801.4140625
7330.28515625
7872.080078125
8425.1083984375
8987.5986328125
9557.7041015625
10133.517578125
10713.0771484375
11294.380859375
11875.3974609375
12454.0771484375
13028.369140625
13596.2314453125
14155.6416015625
14704.6181640625
15241.22265625
15763.5810546875
16269.89453125
16758.455078125
17227.646484375
17675.9697265625
18102.0458984375
18504.626953125
18882.6083984375
19235.0322265625
19561.09765625
19860.1650390625
20131.765625
20375.59375
20591.5244140625
20779.6015625
20940.041015625
21073.232421875
21179.73046875
21260.251953125
21315.6708984375
21347.0078125
21355.4248046875
21342.2099609375
21308.7734375
21256.6240234375
21187.3681640625
21102.6845703125
21004.3134765625
20894.04296875
20773.6884765625
20645.07421875
20510.0234375
20370.3310546875
20227.7548828125
20083.994140625
19940.669921875
19799.318359375
19661.361328125
19528.103515625
19400.7109375
19280.2060546875
19167.443359375
19063.1142578125
18967.7255859375
18881.6005859375
18804.87109375
18737.474609375
18679.146484375
18629.4326171875
18587.6806640625
18553.044921875
18524.5
18500.83984375
18480.6904296875
18462.5283203125
18444.6787109375
18425.34765625
18402.6240234375
18374.5078125
18338.9208984375
18293.736328125
18236.79296875
18165.916015625
18078.9482421875
17973.7646484375
17848.298828125
17700.564453125
17528.68359375
17330.8984375
17105.6044921875
16851.3623046875
16566.923828125
16251.2431640625
15903.5009765625
15523.11328125
15109.7490234375
14663.3359375
14184.078125
13672.44921875
13129.2099609375
12555.40234375
11952.3505859375
11321.6572265625
10665.1962890625
9985.111328125
9283.7900390625
8563.8671875
7828.197265625
7079.841796875
6322.046875
5558.2197265625
4791.908203125
4026.76953125
3266.552734375
2515.056640625
1776.11328125
1053.5517578125
351.166015625
-327.3095703125
-978.2373046875
-1598.1005859375
-2183.5380859375
-2731.369140625
-3238.6220703125
-3702.5625
-4120.71484375
-4490.884765625
-4811.1845703125
-5080.0458984375
-5296.234375
-5458.87109375
-5567.4365234375
-5621.78125
-5622.1259765625
-5569.0732421875
-5463.59375
-5307.0361328125
-5101.107421875
-4847.8740234375
-4549.7431640625
-4209.4501953125
-3830.0380859375
-3414.841796875
-2967.462890625
-2491.748046875
-1991.7607421875
-1471.75390625
-936.1435546875
-389.47265625
163.611328125
718.3935546875
1270.1220703125
1814.0400390625
2345.41796875
2859.58203125
3351.947265625
3818.05078125
4253.568359375
4654.3564453125
5016.466796875
5336.1748046875
5610.001953125
5834.734375
6007.44140625
6125.4873046875
6186.5517578125
6188.6357421875
6130.0703125
6009.5234375
5826.00390625
5578.86328125
5267.79296875
4892.8203125
4454.306640625
3952.9384765625
3389.716796875
2765.9462890625
2083.2236328125
1343.421875
548.67578125
-298.63671875
-1195.908203125
-2140.3251953125
-3128.884765625
-4158.416015625
-5225.595703125
-6326.9765625
-7459.0009765625
-8618.021484375
-9800.3232421875
-11002.1416015625
-12219.6826171875
-13449.1396484375
-14686.7138671875
-15928.6240234375
-17171.1337890625
-18410.5556640625
-19643.26953125
-20865.7392578125
-22074.5185546875
-23266.2666015625
-24437.7568359375
-25585.88671875
-26707.6826171875
-27800.3125
-28861.08984375
-29887.478515625
-30877.099609375
-31827.732421875
-32737.3212890625
-33603.9794921875
-34425.984375
-35201.7890625
-35930.013671875
-36609.455078125
-37239.0830078125
-37818.037109375
-38345.634765625
-38821.365234375
-39244.8876953125
-39616.033203125
-39934.8056640625
-40201.373046875
-40416.072265625
-40579.4072265625
-40692.0390625
-40754.7958984375
-40768.65625
-40734.7607421875
-40654.392578125
-40528.9873046875
-40360.123046875
-40149.515625
-39899.0126953125
-39610.5908203125
-39286.3486328125
-38928.4970703125
-38539.357421875
-38121.3486328125
-37676.982421875
-37208.8515625
-36719.6240234375
-36212.029296875
-35688.8466796875
-35152.9033203125
-34607.0498046875
-34054.15625
-33497.0986328125
-32938.7451171875
-32381.94140625
-31829.5
-31284.1884765625
-30748.70703125
-30225.6884765625
-29717.673828125
-29227.103515625
-28756.3056640625
-28307.48046875
-27882.6884765625
-27483.8427734375
-27112.693359375
-26770.822265625
-26459.6298828125
-26180.326171875
-25933.927734375
-25721.2490234375
-25542.8955078125
-25399.26171875
-25290.529296875
-25216.6630859375
-25177.4111328125
-25172.3076171875
-25200.6748046875
-25261.6220703125
-25354.056640625
-25476.69140625
-25628.0419921875
-25806.4462890625
-26010.068359375
-26236.9130859375
-26484.8330078125
-26751.5458984375
-27034.646484375
-27331.6220703125
-27639.86328125
-27956.689453125
-28279.3525390625
-28605.0634765625
-28931.0068359375
-29254.349609375
-29572.2734375
-29881.9755859375
-30180.69921875
-30465.73828125
-30734.4609375
-30984.3203125
-31212.875
-31417.794921875
-31596.880859375
-31748.072265625
-31869.4619140625
-31959.3046875
-32016.0234375
-32038.22265625
-32024.6904296875
-31974.4033203125
-31886.533203125
-31760.451171875
-31595.72265625
-31392.111328125
-31149.580078125
-30868.287109375
-30548.580078125
-30190.9931640625
-29796.2431640625
-29365.2177734375
-28898.970703125
-28398.71484375
-27865.810546875
-27301.7548828125
-26708.1708984375
-26086.798828125
-25439.48046875
-24768.1474609375
-24074.8134765625
-23361.556640625
-22630.5068359375
-21883.8359375
-21123.744140625
-20352.44921875
-19572.169921875
-18785.1181640625
-17993.490234375
-17199.451171875
-16405.1259765625
-15612.5927734375
-14823.8720703125
-14040.9208984375
-13265.6220703125
-12499.78125
-11745.119140625
-11003.2685546875
-10275.76953125
-9564.064453125
-8869.4990234375
-8193.314453125
-7536.6572265625
-6900.5634765625
-6285.974609375
-5693.724609375
-5124.55078125
-4579.091796875
-4057.8857421875
-3561.3828125
-3089.9345703125
-2643.806640625
-2223.177734375
-1828.14453125
-1458.7197265625
-1114.8408203125
-796.3701171875
-503.0986328125
-234.74609375
9.0341796875
228.65234375
424.5830078125
597.3603515625
747.578125
875.888671875
983.0009765625
1069.6796875
1136.7431640625
1185.064453125
1215.5693359375
1229.236328125
1227.0966796875
1210.232421875
1179.7744140625
1136.9013671875
1082.845703125
1018.8759765625
946.3154296875
866.5224609375
780.8955078125
690.869140625
597.91015625
503.513671875
409.1962890625
316.4931640625
226.9501953125
142.1162109375
63.5439453125
-7.23046875
-68.6865234375
-119.3291015625
-157.7001953125
-182.3896484375
-192.0361328125
-185.349609375
-161.1103515625
-118.1884765625
-55.544921875
27.7509765625
132.515625
259.443359375
409.0908203125
581.8759765625
778.06640625
997.7744140625
1240.9453125
1507.36328125
1796.6328125
2108.189453125
2441.287109375
2795.0029296875
3168.2373046875
3559.712890625
3967.98046875
4391.4208984375
4828.2509765625
5276.5341796875
5734.1826171875
6198.9697265625
6668.5419921875
7140.4267578125
7612.044921875
8080.732421875
8543.7392578125
8998.2587890625
9441.435546875
9870.380859375
10282.1953125
10673.9765625
11042.8408203125
11385.939453125
11700.474609375
11983.7119140625
12233.001953125
12445.7890625
12619.6279296875
12752.2001953125
12841.3203125
12884.953125
12881.220703125
12828.416015625
12725.005859375
12569.6416015625
12361.1640625
12098.611328125
11781.2138671875
11408.4072265625
10979.828125
10495.314453125
9954.9033203125
9358.8330078125
8707.5380859375
8001.642578125
7241.9580078125
6429.4794921875
5565.376953125
4650.9912109375
3687.8203125
2677.521484375
1621.896484375
522.8896484375
-617.4306640625
-1796.865234375
-3013.10546875
-4263.7333984375
-5546.232421875
-6857.99609375
-8196.328125
-9558.4609375
-10941.5517578125
-12342.693359375
-13758.9228515625
-15187.2197265625
-16624.517578125
-18067.7080078125
-19513.6416015625
-20959.13671875
-22400.9814453125
-23835.9375
-25260.7451171875
-26672.1279296875
-28066.7900390625
-29441.4326171875
-30792.7451171875
-32117.41796875
-33412.142578125
-34673.6171875
-35898.552734375
-37083.6796875
-38225.7470703125
-39321.5390625
-40367.8720703125
-41361.6083984375
-42299.6591796875
-43178.998046875
-43996.6640625
-44749.7734375
-45435.5302734375
-46051.2333984375
-46594.2880859375
-47062.2197265625
-47452.6748046875
-47763.447265625
-47992.4736328125
-48137.853515625
-48197.861328125
-48170.9482421875
-48055.763671875
-47851.1591796875
-47556.19921875
-47170.1748046875
-46692.6044921875
-46123.25
-45462.12109375
-44709.4833984375
-43865.86328125
-42932.052734375
-41909.1142578125
-40798.3837890625
-39601.4716796875
-38320.2685546875
-36956.93359375
-35513.908203125
-33993.900390625
-32399.888671875
-30735.115234375
-29003.076171875
-27207.51953125
-25352.4326171875
-23442.0361328125
-21480.7685546875
-19473.27734375
-17424.4072265625
-15339.1845703125
-13222.80078125
-11080.6025390625
-8918.06640625
-6740.7958984375
-4554.4853515625
-2364.9169921875
-177.935546875
2000.5693359375
4164.6845703125
6308.4892578125
8426.083984375
10511.59765625
12559.2177734375
14563.2080078125
16517.923828125
18417.841796875
20257.5693359375
22031.8701171875
23735.6787109375
25364.1240234375
26912.541015625
28376.4921875
29751.7822265625
31034.4755859375
32220.9052734375
33307.6953125
34291.7666015625
35170.3515625
35941.0068359375
36601.6162109375
37150.40625
37585.951171875
37907.171875
38113.3544921875
38204.138671875
38179.52734375
38039.888671875
37785.9443359375
37418.783203125
36939.837890625
36350.896484375
35654.0849609375
34851.8623046875
33947.0087890625
32942.619140625
31842.0830078125
30649.0771484375
29367.544921875
28001.685546875
26555.93359375
25034.939453125
23443.548828125
21786.7919921875
20069.84765625
18298.03515625
16476.7822265625
14611.6083984375
12708.1005859375
10771.888671875
8808.6240234375
6823.9560546875
4823.5068359375
2812.8525390625
797.4970703125
-1217.1435546875
-3225.7705078125
-5223.2158203125
-7204.462890625
-9164.6669921875
-11099.1728515625
-13003.52734375
-14873.4970703125
-16705.0830078125
-18494.529296875
-20238.337890625
-21933.2734375
-23576.3798828125
-25164.9765625
-26696.66796875
-28169.3486328125
-29581.2041015625
-30930.70703125
-32216.623046875
-33438.001953125
-34594.181640625
-35684.7705078125
-36709.6533203125
-37668.9755859375
-38563.1376953125
-39392.78125
-40158.78515625
-40862.2421875
-41504.4560546875
-42086.921875
-42611.3125
-43079.4658203125
-43493.36328125
-43855.1220703125
-44166.96875
-44431.2294921875
-44650.310546875
-44826.681640625
-44962.8583984375
-45061.384765625
-45124.818359375
-45155.7138671875
-45156.6044921875
-45129.98828125
-45078.310546875
-45003.953125
-44909.2177734375
-44796.3154296875
-44667.3486328125
-44524.3076171875
-44369.0537109375
-44203.3115234375
-44028.66015625
-43846.52734375
-43658.1806640625
-43464.7216796875
-43267.0869140625
-43066.0400390625
-42862.1689453125
-42655.8876953125
-42447.4423828125
-42236.9013671875
-42024.1689453125
-41808.982421875
-41590.92578125
-41369.4248046875
-41143.767578125
-40913.10546875
-40676.46484375
-40432.7587890625
-40180.7978515625
-39919.306640625
-39646.931640625
-39362.2578125
-39063.826171875
-38750.1455078125
-38419.7099609375
-38071.013671875
-37702.5673828125
-37312.9150390625
-36900.6513671875
-36464.43359375
-36003.0
-35515.1865234375
-34999.9345703125
-34456.314453125
-33883.529296875
-33280.93359375
-32648.041015625
-31984.5322265625
-31290.2705078125
-30565.3017578125
-29809.8603515625
-29024.3828125
-28209.498046875
-27366.0380859375
-26495.03125
-25597.7060546875
-24675.4833984375
-23729.97265625
-22762.9638671875
-21776.423828125
-20772.4814453125
-19753.416015625
-18721.6494140625
-17679.732421875
-16630.3203125
-15576.171875
-14520.119140625
-13465.0595703125
-12413.9306640625
-11369.6982421875
-10335.3310546875
-9313.787109375
-8307.9892578125
-7320.8134765625
-6355.0615234375
-5413.451171875
-4498.59375
-3612.978515625
-2758.955078125
-1938.724609375
-1154.318359375
-407.5888671875
299.798828125
966.3818359375
1590.904296875
2172.326171875
2709.8251953125
3202.8046875
3650.892578125
4053.9423828125
4412.03125
4725.4599609375
4994.7451171875
5220.6142578125
5404.0
5546.03125
5648.021484375
5711.458984375
5737.99609375
5729.435546875
5687.7138671875
5614.8916015625
5513.1376953125
5384.7080078125
5231.939453125
5057.2255859375
4863.0029296875
4651.740234375
4425.9150390625
4188.001953125
3940.45703125
3685.701171875
3426.1103515625
3163.99609375
2901.5966796875
2641.0654296875
2384.4541015625
2133.7080078125
1890.6552734375
1656.994140625
1434.2900390625
1223.9677734375
1027.3017578125
845.4189453125
679.2841796875
529.70703125
397.3369140625
282.66015625
185.9970703125
107.5126953125
47.20703125
4.9267578125
-19.640625
-26.95703125
-17.6298828125
7.591796875
47.822265625
102.0478515625
169.1318359375
247.8212890625
336.7587890625
434.4833984375
539.4462890625
650.0166015625
764.490234375
881.0986328125
998.021484375
1113.39453125
1225.318359375
1331.869140625
1431.1142578125
1521.1103515625
1599.92578125
1665.6455078125
1716.3798828125
1750.27734375
1765.5341796875
1760.3994140625
1733.19140625
1682.30078125
1606.203125
1503.4638671875
1372.7529296875
1212.8388671875
1022.61328125
801.080078125
547.375
260.76171875
-59.359375
-413.4482421875
-801.8251953125
-1224.6611328125
-1681.9853515625
-2173.6787109375
-2699.47265625
-3258.958984375
-3851.5791015625
-4476.6357421875
-5133.2939453125
-5820.5810546875
-6537.400390625
-7282.5263671875
-8054.6162109375
-8852.2177734375
-9673.7763671875
-10517.638671875
-11382.0654296875
-12265.2392578125
-13165.2744140625
-14080.2236328125
-15008.0927734375
-15946.84375
-16894.412109375
-17848.7119140625
-18807.6494140625
-19769.126953125
-20731.0595703125
-21691.380859375
-22648.0517578125
-23599.0703125
-24542.4794921875
-25476.375
-26398.9140625
-27308.3173828125
-28202.8828125
-29080.984375
-29941.080078125
-30781.7158203125
-31601.529296875
-32399.2509765625
-33173.7099609375
-33923.8310546875
-34648.6416015625
-35347.267578125
-36018.9345703125
-36662.966796875
-37278.7890625
-37865.919921875
-38423.978515625
-38952.669921875
-39451.79296875
-39921.234375
-40360.9638671875
-40771.033203125
-41151.5703125
-41502.779296875
-41824.93359375
-42118.375
-42383.5107421875
-42620.8037109375
-42830.7783203125
-43014.01171875
-43171.12890625
-43302.8076171875
-43409.763671875
-43492.76171875
-43552.599609375
-43590.115234375
-43606.1796875
-43601.697265625
-43577.6005859375
-43534.849609375
-43474.431640625
-43397.357421875
-43304.6552734375
-43197.37890625
-43076.595703125
-42943.3896484375
-42798.8564453125
-42644.1044921875
-42480.2490234375
-42308.4111328125
-42129.7158203125
-41945.2890625
-41756.2509765625
-41563.7197265625
-41368.80078125
-41172.5888671875
-40976.1640625
-40780.580078125
-40586.875
-40396.052734375
-40209.0888671875
-40026.921875
-39850.451171875
-39680.53125
-39517.970703125
-39363.5263671875
-39217.8984375
-39081.7314453125
-38955.6064453125
-38840.04296875
-38735.4892578125
-38642.3291015625
-38560.873046875
-38491.3603515625
-38433.95703125
-38388.7578125
-38355.7802734375
-38334.9736328125
-38326.212890625
-38329.3037109375
-38343.9873046875
-38369.9365234375
-38406.7646484375
-38454.02734375
-38511.2275390625
-38577.818359375
-38653.2109375
-38736.7763671875
-38827.8564453125
-38925.7646484375
-39029.7958984375
-39139.23046875
-39253.34375
-39371.40625
-39492.701171875
-39616.5166015625
-39742.166015625
-39868.984375
-39996.3349609375
-40123.619140625
-40250.2763671875
-40375.791015625
-40499.6962890625
-40621.576171875
-40741.0673828125
-40857.86328125
-40971.7138671875
-41082.42578125
-41189.8603515625
-41293.9375
-41394.62890625
-41491.9580078125
-41585.99609375
-41676.8564453125
-41764.6953125
-41849.6982421875
-41932.0830078125
-42012.0859375
-42089.9580078125
-42165.962890625
-42240.3603515625
-42313.404296875
-42385.3349609375
-42456.3671875
-42526.69140625
-42596.4541015625
-42665.759765625
-42734.6630859375
-42803.15625
-42871.1708984375
-42938.568359375
-43005.1328125
-43070.57421875
-43134.517578125
-43196.5087890625
-43256.0029296875
-43312.375
-43364.9140625
-43412.822265625
-43455.2275390625
-43491.17578125
-43519.6455078125
-43539.544921875
-43549.7265625
-43548.9873046875
-43536.083984375
-43509.73828125
-43468.6455078125
-43411.490234375
-43336.955078125
-43243.7275390625
-43130.5234375
-42996.0859375
-42839.2060546875
-42658.734375
-42453.58984375
-42222.775390625
-41965.3857421875
-41680.6240234375
-41367.8037109375
-41026.3681640625
-40655.892578125
-40256.09375
-39826.8388671875
-39368.150390625
-38880.2080078125
-38363.3544921875
-37818.1005859375
-37245.1201171875
-36645.2529296875
-36019.5009765625
-35369.0283203125
-34695.150390625
-33999.3369140625
-33283.1923828125
-32548.462890625
-31797.0078125
-31030.806640625
-30251.9345703125
-29462.5576171875
-28664.9140625
-27861.2998046875
-27054.05859375
-26245.5625
-25438.1953125
-24634.3427734375
-23836.3701171875
-23046.6083984375
-22267.345703125
-21500.7998046875
-20749.1142578125
-20014.3408203125
-19298.427734375
-18603.2060546875
-17930.3798828125
-17281.5185546875
-16658.04296875
-16061.2236328125
-15492.1728515625
-14951.837890625
-14441.0029296875
-13960.283203125
-13510.123046875
-13090.8056640625
-12702.4453125
-12344.9990234375
-12018.2646484375
-11721.8984375
-11455.40625
-11218.1708984375
-11009.4462890625
-10828.3759765625
-10674.0029296875
-10545.279296875
-10441.0830078125
-10360.224609375
-10301.4658203125
-10263.5283203125
-10245.107421875
-10244.8857421875
-10261.5478515625
-10293.7841796875
-10340.3125
-10399.87890625
-10471.27734375
-10553.3486328125
-10644.9951171875
-10745.185546875
-10852.9619140625
-10967.4423828125
-11087.8232421875
-11213.3876953125
-11343.5009765625
-11477.609375
-11615.2470703125
-11756.0263671875
-11899.6328125
-12045.8291015625
-12194.4443359375
-12345.3662109375
-12498.537109375
-12653.9453125
-12811.6162109375
-12971.60546875
-13133.9873046875
-13298.84765625
-13466.2724609375
-13636.33984375
-13809.109375
-13984.6162109375
-14162.859375
-14343.79296875
-14527.322265625
-14713.2939453125
-14901.4951171875
-15091.6357421875
-15283.359375
-15476.2333984375
-15669.744140625
-15863.2978515625
-16056.22265625
-16247.76953125
-16437.111328125
-16623.3486328125
-16805.513671875
-16982.576171875
-17153.4482421875
-17316.9951171875
-17472.0400390625
-17617.375
-17751.771484375
-17873.98828125
-17982.7861328125
-18076.9345703125
-18155.2265625
-18216.4921875
-18259.60546875
-18283.5029296875
-18287.1865234375
-18269.7451171875
-18230.357421875
-18168.3076171875
-18082.9921875
-17973.9306640625
-17840.7763671875
-17683.3173828125
-17501.4912109375
-17295.3837890625
-17065.23828125
-16811.4560546875
-16534.6005859375
-16235.3955078125
-15914.7294921875
-15573.6484375
-15213.357421875
-14835.21484375
-14440.7294921875
-14031.5478515625
-13609.4560546875
-13176.365234375
-12734.3037109375
-12285.4033203125
-11831.8974609375
-11376.09765625
-10920.3876953125
-10467.2099609375
-10019.048828125
-9578.4208984375
-9147.853515625
-8729.8798828125
-8327.0146484375
-7941.744140625
-7576.5126953125
-7233.7060546875
-6915.6357421875
-6624.53125
-6362.5185546875
-6131.6162109375
-5933.712890625
-5770.5693359375
-5643.794921875
-5554.8447265625
-5505.0126953125
-5495.4140625
-5526.990234375
-5600.4951171875
-5716.4912109375
-5875.3486328125
-6077.2373046875
-6322.1337890625
-6609.8076171875
-6939.833984375
-7311.5869140625
-7724.24609375
-8176.796875
-8668.037109375
-9196.580078125
-9760.8642578125
-10359.154296875
-10989.5556640625
-11650.0166015625
-12338.3447265625
-13052.208984375
-13789.15625
-14546.62109375
-15321.935546875
-16112.34375
-16915.01171875
-17727.048828125
-18545.5078125
-19367.41015625
-20189.7548828125
-21009.533203125
-21823.7431640625
-22629.4033203125
-23423.5703125
-24203.349609375
-24965.9091796875
-25708.5
-26428.4599609375
-27123.236328125
-27790.39453125
-28427.6328125
-29032.7919921875
-29603.873046875
-30139.0400390625
-30636.6396484375
-31095.2060546875
-31513.46875
-31890.3671875
-32225.052734375
-32516.896484375
-32765.4970703125
-32970.68359375
-33132.5166015625
-33251.296875
-33327.560546875
-33362.0810546875
-33355.8681640625
-33310.1640625
-33226.44140625
-33106.3984375
-32951.9462890625
-32765.208984375
-32548.509765625
-32304.359375
-32035.4501953125
-31744.6337890625
-31434.916015625
-31109.43359375
-30771.4423828125
-30424.298828125
-30071.4404296875
-29716.3671875
-29362.6201171875
-29013.7607421875
-28673.3544921875
-28344.939453125
-28032.013671875
-27738.0107421875
-27466.2724609375
-27220.0361328125
-27002.404296875
-26816.3310546875
-26664.5947265625
-26549.7861328125
-26474.283203125
-26440.23828125
-26449.556640625
-26503.88671875
-26604.60546875
-26752.802734375
-26949.275390625
-27194.5146484375
-27488.70703125
-27831.720703125
-28223.107421875
-28662.1015625
-29147.623046875
-29678.27734375
-30252.3642578125
-30867.884765625
-31522.5478515625
-32213.7890625
-32938.7763671875
-33694.4326171875
-34477.4453125
-35284.2919921875
-36111.2578125
-36954.453125
-37809.8466796875
-38673.2783203125
-39540.4873046875
-40407.1416015625
-41268.859375
-42121.2353515625
-42959.869140625
-43780.3916015625
-44578.484375
-45349.916015625
-46090.55859375
-46796.4150390625
-47463.6396484375
-48088.5634765625
-48667.7138671875
-49197.830078125
-49675.884765625
-50099.1005859375
-50464.9580078125
-50771.21484375
-51015.9111328125
-51197.37890625
-51314.2490234375
-51365.4560546875
-51350.2353515625
-51268.1259765625
-51118.9697265625
-50902.90625
-50620.3623046875
-50272.0478515625
-49858.9453125
-49382.2998046875
-48843.6005859375
-48244.5693359375
-47587.146484375
-46873.4697265625
-46105.8583984375
-45286.79296875
-44418.896484375
-43504.9140625
-42547.6923828125
-41550.158203125
-40515.298828125
-39446.140625
-38345.7265625
-37217.1025390625
-36063.291015625
-34887.279296875
-33691.9970703125
-32480.3017578125
-31254.962890625
-30018.6533203125
-28773.923828125
-27523.20703125
-26268.796875
-25012.8447265625
-23757.3525390625
-22504.16796875
-21254.9775390625
-20011.3115234375
-18774.5361328125
-17545.8583984375
-16326.330078125
-15116.8505859375
-13918.169921875
-12730.8984375
-11555.513671875
-10392.3701171875
-9241.70703125
-8103.662109375
-6978.2802734375
-5865.5283203125
-4765.306640625
-3677.458984375
-2601.7919921875
-1538.0810546875
-486.0927734375
554.412109375
1583.6572265625
2601.84375
3609.1376953125
4605.6572265625
5591.458984375
6566.5380859375
7530.80859375
8484.103515625
9426.162109375
10356.630859375
11275.0517578125
12180.865234375
13073.4033203125
13951.8935546875
14815.4560546875
15663.10546875
16493.7548828125
17306.21875
18099.220703125
18871.396484375
19621.3017578125
20347.423828125
21048.1865234375
21721.9619140625
22367.083984375
22981.853515625
23564.5546875
24113.4677734375
24626.880859375
25103.1005859375
25540.4677734375
25937.37109375
26292.2578125
26603.6484375
26870.146484375
27090.455078125
27263.384765625
27387.865234375
27462.958984375
27487.8671875
27461.9375
27384.67578125
27255.75390625
27075.0078125
26842.4521484375
26558.2783203125
26222.859375
25836.7509765625
25400.6884765625
24915.5947265625
24382.5703125
23802.8916015625
23178.009765625
22509.544921875
21799.279296875
21049.146484375
20261.2314453125
19437.751953125
18581.056640625
17693.611328125
16777.986328125
15836.8447265625
14872.9345703125
13889.0712890625
12888.12109375
11872.9990234375
10846.6455078125
9812.0146484375
8772.0615234375
7729.7294921875
6687.9345703125
5649.55078125
4617.4033203125
3594.2470703125
2582.759765625
1585.5341796875
605.05859375
-356.291015625
-1296.255859375
-2212.708984375
-3103.6611328125
-3967.267578125
-4801.8349609375
-5605.830078125
-6377.876953125
-7116.7705078125
-7821.4697265625
-8491.1064453125
-9124.982421875
-9722.572265625
-10283.51953125
-10807.638671875
-11294.9072265625
-11745.4677734375
-12159.62109375
-12537.8193359375
-12880.6650390625
-13188.8994140625
-13463.4013671875
-13705.1728515625
-13915.3349609375
-14095.123046875
-14245.869140625
-14368.998046875
-14466.0185546875
-14538.51171875
-14588.1201171875
-14616.5419921875
-14625.5166015625
-14616.814453125
-14592.232421875
-14553.5791015625
-14502.66796875
-14441.3037109375
-14371.2822265625
-14294.3720703125
-14212.3095703125
-14126.7958984375
-14039.4833984375
-13951.96875
-13865.791015625
-13782.421875
-13703.2626953125
-13629.6357421875
-13562.7861328125
-13503.8701171875
-13453.9580078125
-13414.029296875
-13384.9697265625
-13367.572265625
-13362.52734375
-13370.435546875
-13391.7958984375
-13427.0126953125
-13476.388671875
-13540.1357421875
-13618.365234375
-13711.09765625
-13818.2607421875
-13939.693359375
-14075.140625
-14224.2685546875
-14386.65234375
-14561.791015625
-14749.1044921875
-14947.9345703125
-15157.5498046875
-15377.1513671875
-15605.869140625
-15842.7724609375
-16086.8671875
-16337.0986328125
-16592.361328125
-16851.494140625
-17113.2880859375
-17376.4873046875
-17639.7958984375
-17901.8759765625
-18161.3564453125
-18416.8359375
-18666.8828125
-18910.0419921875
-19144.84375
-19369.798828125
-19583.41015625
-19784.1787109375
-19970.603515625
-20141.1923828125
-20294.4658203125
-20428.9609375
-20543.2431640625
-20635.9111328125
-20705.6015625
-20750.998046875
-20770.8408203125
-20763.9306640625
-20729.1416015625
-20665.4248046875
-20571.81640625
-20447.4521484375
-20291.5654296875
-20103.505859375
-19882.7373046875
-19628.853515625
-19341.578125
-19020.7783203125
-18666.4658203125
-18278.8046875
-17858.1142578125
-17404.8798828125
-16919.748046875
-16403.533203125
-15857.220703125
-15281.9619140625
-14679.083984375
-14050.078125
-13396.599609375
-12720.470703125
-12023.6669921875
-11308.318359375
-10576.693359375
-9831.2021484375
-9074.376953125
-8308.8671875
-7537.4267578125
-6762.8974609375
-5988.2021484375
-5216.3251953125
-4450.2998046875
-3693.1904296875
-2948.0771484375
-2218.041015625
-1506.140625
-815.40234375
-148.796875
490.7744140625
1100.498046875
1677.6669921875
2219.6953125
2724.1337890625
3188.6875
3611.2255859375
3989.80078125
4322.6572265625
4608.2431640625
4845.22265625
5032.4794921875
5169.1328125
5254.5341796875
5288.275390625
5270.19140625
5200.365234375
5079.12109375
4907.0263671875
4684.8876953125
4413.7451171875
4094.8662109375
3729.7412109375
3320.068359375
2867.7470703125
2374.8662109375
1843.6904296875
1276.6435546875
676.3037109375
45.3740234375
-613.3203125
-1296.859375
-2002.236328125
-2726.3837890625
-3466.1826171875
-4218.4873046875
-4980.1376953125
-5747.978515625
-6518.8798828125
-7289.74609375
-8057.5380859375
-8819.291015625
-9572.1201171875
-10313.2431640625
-11039.9912109375
-11749.8193359375
-12440.3212890625
-13109.2373046875
-13754.4638671875
-14374.064453125
-14966.2734375
-15529.5029296875
-16062.3525390625
-16563.6044921875
-17032.2333984375
-17467.4072265625
-17868.4833984375
-18235.0126953125
-18566.736328125
-18863.5810546875
-19125.6611328125
-19353.2666015625
-19546.865234375
-19707.0888671875
-19834.7314453125
-19930.7421875
-19996.212890625
-20032.369140625
-20040.564453125
-20022.267578125
-19979.0537109375
-19912.5859375
-19824.6162109375
-19716.962890625
-19591.5048828125
-19450.1669921875
-19294.90625
-19127.7060546875
-18950.5556640625
-18765.4443359375
-18574.345703125
-18379.2080078125
-18181.94140625
-17984.40625
-17788.4052734375
-17595.6708984375
-17407.85546875
-17226.521484375
-17053.13671875
-16889.0595703125
-16735.5400390625
-16593.7060546875
-16464.5654296875
-16348.9912109375
-16247.728515625
-16161.384765625
-16090.4306640625
-16035.2001953125
-15995.8876953125
-15972.55078125
-15965.1162109375
-15973.375
-15996.9951171875
-16035.521484375
-16088.384765625
-16154.9072265625
-16234.3095703125
-16325.72265625
-16428.197265625
-16540.708984375
-16662.173828125
-16791.458984375
-16927.3935546875
-17068.7802734375
-17214.408203125
-17363.0654296875
-17513.5517578125
-17664.6875
-17815.3310546875
-17964.384765625
-18110.8115234375
-18253.640625
-18391.984375
-18525.037109375
-18652.0947265625
-18772.552734375
-18885.9208984375
-18991.822265625
-19090.0029296875
-19180.328125
-19262.794921875
-19337.5185546875
-19404.74609375
-19464.8466796875
-19518.310546875
-19565.7421875
-19607.861328125
-19645.4892578125
-19679.546875
-19711.041015625
-19741.0615234375
-19770.7646484375
-19801.365234375
-19834.1240234375
-19870.3388671875
-19911.326171875
-19958.4111328125
-20012.9189453125
-20076.1552734375
-20149.3984375
-20233.8828125
-20330.7890625
-20441.2333984375
-20566.255859375
-20706.8046875
-20863.736328125
-21037.7978515625
-21229.626953125
-21439.734375
-21668.51171875
-21916.212890625
-22182.9638671875
-22468.75
-22773.416015625
-23096.6767578125
-23438.099609375
-23797.125
-24173.05859375
-24565.078125
-24972.240234375
-25393.484375
-25827.640625
-26273.439453125
-26729.515625
-27194.419921875
-27666.6298828125
-28144.5556640625
-28626.5517578125
-29110.927734375
-29595.9560546875
-30079.8876953125
-30560.955078125
-31037.3837890625
-31507.408203125
-31969.271484375
-32421.2412109375
-32861.6123046875
-33288.7197265625
-33700.9423828125
-34096.7119140625
-34474.515625
-34832.904296875
-35170.4990234375
-35485.9873046875
-35778.134765625
-36045.7861328125
-36287.8642578125
-36503.375
-36691.408203125
-36851.134765625
-36981.8134765625
-37082.7880859375
-37153.4833984375
-37193.4111328125
-37202.1650390625
-37179.4228515625
-37124.9404296875
-37038.5595703125
-36920.1962890625
-36769.8486328125
-36587.591796875
-36373.5771484375
-36128.0341796875
-35851.2685546875
-35543.6591796875
-35205.6630859375
-34837.810546875
-34440.7099609375
-34015.04296875
-33561.5703125
-33081.125
-32574.6220703125
-32043.05078125
-31487.478515625
-30909.0537109375
-30308.9990234375
-29688.619140625
-29049.296875
-28392.490234375
-27719.7373046875
-27032.6513671875
-26332.919921875
-25622.302734375
-24902.6298828125
-24175.7998046875
-23443.7705078125
-22708.5625
-21972.2490234375
-21236.953125
-20504.8408203125
-19778.11328125
-19059.0029296875
-18349.763671875
-17652.66015625
-16969.9658203125
-16303.9453125
-15656.8544921875
-15030.919921875
-14428.337890625
-13851.259765625
-13301.783203125
-12781.935546875
-12293.6748046875
-11838.869140625
-11419.2919921875
-11036.6083984375
-10692.3720703125
-10388.0048828125
-10124.802734375
-9903.9150390625
-9726.3427734375
-9592.9365234375
-9504.376953125
-9461.1865234375
-9463.7119140625
-9512.12890625
-9606.4384765625
-9746.4609375
-9931.8427734375
-10162.0517578125
-10436.3828125
-10753.9580078125
-11113.73046875
-11514.4912109375
-11954.873046875
-12433.3564453125
-12948.2763671875
-13497.833984375
-14080.1015625
-14693.03125
-15334.4677734375
-16002.1572265625
-16693.7578125
-17406.8505859375
-18138.951171875
-18887.5185546875
-19649.9697265625
-20423.689453125
-21206.0419921875
-21994.380859375
-22786.05859375
-23578.4404296875
-24368.912109375
-25154.888671875
-25933.8212890625
-26703.21484375
-27460.6240234375
-28203.6650390625
-28930.0263671875
-29637.4677734375
-30323.8271484375
-30987.0283203125
-31625.0810546875
-32236.083984375
-32818.2294921875
-33369.802734375
-33889.1875
-34374.857421875
-34825.384765625
-35239.4384765625
-35615.7802734375
-35953.263671875
-36250.8369140625
-36507.5361328125
-36722.484375
-36894.892578125
-37024.0537109375
-37109.341796875
-37150.21484375
-37146.2001953125
-37096.9072265625
-37002.0126953125
-36861.2705078125
-36674.5029296875
-36441.5986328125
-36162.51953125
-35837.29296875
-35466.015625
-35048.8486328125
-34586.025390625
-34077.8466796875
-33524.6826171875
-32926.9765625
-32285.2421875
-31600.0693359375
-30872.123046875
-30102.1474609375
-29290.96484375
-28439.48046875
-27548.685546875
-26619.6552734375
-25653.552734375
-24651.6298828125
-23615.23046875
-22545.7890625
-21444.83203125
-20313.9775390625
-19154.9384765625
-17969.515625
-16759.6044921875
-15527.18359375
-14274.3212890625
-13003.1669921875
-11715.9521484375
-10414.9794921875
-9102.6259765625
-7781.330078125
-6453.591796875
-5121.9599609375
-3789.03125
-2457.439453125
-1129.841796875
191.0771484375
1502.6279296875
2802.1162109375
4086.8564453125
5354.1845703125
6601.462890625
7826.091796875
9025.5205078125
10197.259765625
11338.8876953125
12448.0615234375
13522.52734375
14560.12890625
15558.8154296875
16516.6533203125
17431.828125
18302.65625
19127.5927734375
19905.2294921875
20634.3076171875
21313.7197265625
21942.51171875
22519.8876953125
23045.208984375
23517.99609375
23937.9306640625
24304.853515625
24618.76171875
24879.806640625
25088.291015625
25244.66796875
25349.5302734375
25403.611328125
25407.7744140625
25363.0087890625
25270.4228515625
25131.232421875
24946.76171875
24718.42578125
24447.728515625
24136.25
23785.640625
23397.6103515625
22973.9228515625
22516.3837890625
22026.8310546875
21507.1318359375
20959.169921875
20384.837890625
19786.03125
19164.6396484375
18522.5439453125
17861.6025390625
17183.650390625
16490.4951171875
15783.904296875
15065.6103515625
14337.296875
13600.603515625
12857.1171875
12108.3701171875
11355.8388671875
10600.9423828125
9845.037109375
9089.421875
8335.3291015625
7583.9326171875
6836.3408203125
6093.6005859375
5356.6953125
4626.546875
3904.01171875
3189.890625
2484.9208984375
1789.7802734375
1105.0888671875
431.4091796875
-230.7548828125
-880.9521484375
-1518.7890625
-2143.923828125
-2756.0693359375
-3354.9912109375
-3940.5048828125
-4512.4755859375
-5070.822265625
-5615.509765625
-6146.552734375
-6664.0146484375
-7168.0048828125
-7658.6787109375
-8136.23828125
-8600.9306640625
-9053.044921875
-9492.9130859375
-9920.91015625
-10337.4482421875
-10742.98046875
-11137.9931640625
-11523.0087890625
-11898.58203125
-12265.294921875
-12623.7607421875
-12974.6103515625
-13318.498046875
-13656.0966796875
-13988.08984375
-14315.1689453125
-14638.0322265625
-14957.37890625
-15273.900390625
-15588.2822265625
-15901.1943359375
-16213.287109375
-16525.1865234375
-16837.4892578125
-17150.759765625
-17465.51953125
-17782.24609375
-18101.3701171875
-18423.2646484375
-18748.25
-19076.5771484375
-19408.4384765625
-19743.9501953125
-20083.1640625
-20426.0517578125
-20772.51171875
-21122.36328125
-21475.34765625
-21831.130859375
-22189.2978515625
-22549.3564453125
-22910.7431640625
-23272.8193359375
-23634.8759765625
-23996.142578125
-24355.783203125
-24712.9052734375
-25066.5693359375
-25415.78515625
-25759.529296875
-26096.7421875
-26426.3408203125
-26747.2265625
-27058.2900390625
-27358.419921875
-27646.513671875
-27921.482421875
-28182.26171875
-28427.814453125
-28657.1484375
-28869.3125
-29063.412109375
-29238.61328125
-29394.1474609375
-29529.3203125
-29643.5146484375
-29736.1982421875
-29806.9208984375
-29855.326171875
-29881.1484375
-29884.2158203125
-29864.44921875
-29821.8662109375
-29756.576171875
-29668.78125
-29558.76953125
-29426.919921875
-29273.6875
-29099.60546875
-28905.279296875
-28691.3779296875
-28458.62890625
-28207.8095703125
-27939.740234375
-27655.2783203125
-27355.3037109375
-27040.7216796875
-26712.4384765625
-26371.3681640625
-26018.4150390625
-25654.46875
-25280.396484375
-24897.0341796875
-24505.1796875
-24105.5849609375
-23698.95703125
-23285.9404296875
-22867.1220703125
-22443.029296875
-22014.1171875
-21580.7734375
-21143.31640625
-20701.994140625
-20256.982421875
-19808.392578125
-19356.2685546875
-18900.587890625
-18441.27734375
-17978.201171875
-17511.1826171875
-17040.0009765625
-16564.3984375
-16084.091796875
-15598.7783203125
-15108.142578125
-14611.8681640625
-14109.642578125
-13601.1689453125
-13086.1748046875
-12564.41796875
-12035.697265625
-11499.8603515625
-10956.810546875
-10406.517578125
-9849.0185546875
-9284.4287109375
-8712.9453125
-8134.8515625
-7550.521484375
-6960.4208984375
-6365.115234375
-5765.26171875
-5161.6171875
-4555.0322265625
-3946.4541015625
-3336.919921875
-2727.552734375
-2119.5625
-1514.234375
-912.9248046875
-317.0595703125
271.8857421875
852.37890625
1422.8564453125
1981.7158203125
2527.3369140625
3058.0908203125
3572.3427734375
4068.470703125
4544.8720703125
4999.9716796875
5432.2353515625
5840.1826171875
6222.38671875
6577.4892578125
6904.212890625
7201.3642578125
7467.83984375
7702.6396484375
7904.865234375
8073.732421875
8208.5693359375
8308.828125
8374.078125
8404.013671875
8398.45703125
8357.3525390625
8280.7744140625
8168.9140625
8022.08984375
7840.7333984375
7625.396484375
7376.736328125
7095.517578125
6782.6025390625
6438.9482421875
6065.595703125
5663.666015625
5234.3515625
4778.90625
4298.640625
3794.9111328125
3269.1103515625
2722.6650390625
2157.017578125
1573.6240234375
973.9443359375
359.4345703125
-268.4638671875
-908.326171875
-1558.7607421875
-2218.4052734375
-2885.943359375
-3560.103515625
-4239.6689453125
-4923.4814453125
-5610.4453125
-6299.533203125
-6989.787109375
-7680.3232421875
-8370.3359375
-9059.0947265625
-9745.94921875
-10430.328125
-11111.7412109375
-11789.775390625
-12464.09375
-13134.4404296875
-13800.626953125
-14462.541015625
-15120.1357421875
-15773.42578125
-16422.490234375
-17067.4599609375
-17708.5166015625
-18345.8896484375
-18979.8447265625
-19610.6826171875
-20238.734375
-20864.349609375
-21487.8974609375
-22109.7548828125
-22730.2998046875
-23349.9130859375
-23968.9599609375
-24587.7958984375
-25206.7509765625
-25826.1318359375
-26446.2109375
-27067.22265625
-27689.3583984375
-28312.7646484375
-28937.533203125
-29563.701171875
-30191.2470703125
-30820.0869140625
-31450.072265625
-32080.9853515625
-32712.54296875
-33344.3916015625
-33976.10546875
-34607.189453125
-35237.080078125
-35865.1416015625
-36490.673828125
-37112.908203125
-37731.0146484375
-38344.1015625
-38951.2197265625
-39551.3662109375
-40143.4912109375
-40726.4970703125
-41299.2451171875
-41860.5634765625
-42409.2509765625
-42944.078125
-43463.7998046875
-43967.1552734375
-44452.880859375
-44919.7060546875
-45366.3671875
-45791.61328125
-46194.208984375
-46572.9384765625
-46926.6162109375
-47254.0908203125
-47554.2490234375
-47826.01953125
-48068.3837890625
-48280.3740234375
-48461.078125
-48609.65234375
-48725.3125
-48807.345703125
-48855.111328125
-48868.0419921875
-48845.6484375
-48787.521484375
-48693.330078125
-48562.8291015625
-48395.8544921875
-48192.3271484375
-47952.2529296875
-47675.720703125
-47362.9072265625
-47014.0693359375
-46629.5537109375
-46209.783203125
-45755.267578125
-45266.59375
-44744.4306640625
-44189.5224609375
-43602.6875
-42984.822265625
-42336.8896484375
-41659.9248046875
-40955.0263671875
-40223.359375
-39466.1494140625
-38684.6787109375
-37880.287109375
-37054.3642578125
-36208.3505859375
-35343.7294921875
-34462.0283203125
-33564.8125
-32653.681640625
-31730.265625
-30796.2216796875
-29853.228515625
-28902.9853515625
-27947.2001953125
-26987.59765625
-26025.8994140625
-25063.8330078125
-24103.1171875
-23145.4638671875
-22192.5693359375
-21246.1083984375
-20307.732421875
-19379.0634765625
-18461.689453125
-17557.1552734375
-16666.9638671875
-15792.5654296875
-14935.359375
-14096.681640625
-13277.8076171875
-12479.9453125
-11704.2265625
-10951.7099609375
-10223.3759765625
-9520.1201171875
-8842.75390625
-8192.001953125
-7568.4970703125
-6972.7822265625
-6405.30859375
-5866.431640625
-5356.4140625
-4875.4287109375
-4423.55078125
-4000.7685546875
-3606.978515625
-3241.9921875
-2905.533203125
-2597.2470703125
-2316.7001953125
-2063.38671875
-1836.7294921875
-1636.0888671875
-1460.763671875
-1310.0048828125
-1183.0068359375
-1078.927734375
-996.8876953125
-935.9775390625
-895.263671875
-873.794921875
-870.6083984375
-884.73828125
-915.216796875
-961.0830078125
-1021.388671875
-1095.201171875
-1181.611328125
-1279.7353515625
-1388.7197265625
-1507.7451171875
-1636.02734375
-1772.822265625
-1917.4287109375
-2069.1845703125
-2227.47265625
-2391.7177734375
-2561.3876953125
-2735.9931640625
-2915.0810546875
-3098.2412109375
-3285.0927734375
-3475.2880859375
-3668.5068359375
-3864.451171875
-4062.84375
-4263.416015625
-4465.9091796875
-4670.06640625
-4875.626953125
-5082.31640625
-5289.8486328125
-5497.9130859375
-5706.16796875
-5914.2421875
-6121.71875
-6328.1396484375
-6532.9931640625
-6735.7138671875
-6935.677734375
-7132.1953125
-7324.5146484375
-7511.8154296875
-7693.2060546875
-7867.728515625
-8034.3525390625
-8191.982421875
-8339.4560546875
-8475.5458984375
-8598.96875
-8708.3837890625
-8802.404296875
-8879.6015625
-8938.5126953125
-8977.650390625
-8995.509765625
-8990.5830078125
-8961.3642578125
-8906.3671875
-8824.1328125
-8713.244140625
-8572.337890625
-8400.119140625
-8195.375
-7956.984375
-7683.935546875
-7375.33984375
-7030.4423828125
-6648.630859375
-6229.458984375
-5772.6435546875
-5278.087890625
-4745.8818359375
-4176.3134765625
-3569.880859375
-2927.2919921875
-2249.4716796875
-1537.5654296875
-792.9404296875
-17.1875
787.8828125
1620.2421875
2477.6484375
3357.6572265625
4257.62109375
5174.7080078125
6105.9111328125
7048.060546875
7997.83984375
8951.802734375
9906.388671875
10857.9482421875
11802.7578125
12737.0439453125
13657.0068359375
14558.8427734375
15438.765625
16293.0400390625
17117.994140625
17910.0556640625
18665.76953125
19381.8251953125
20055.0810546875
20682.5849609375
21261.6005859375
21789.625
22264.4111328125
22683.986328125
23046.6650390625
23351.0703125
23596.1416015625
23781.15234375
23905.70703125
23969.76171875
23973.62109375
23917.939453125
23803.7216796875
23632.3232421875
23405.4375
23125.0947265625
22793.6494140625
22413.7626953125
21988.3955078125
21520.783203125
21014.423828125
20473.046875
19900.6005859375
19301.2216796875
18679.205078125
18038.9873046875
17385.1064453125
16722.1787109375
16054.869140625
15387.85546875
14725.806640625
14073.341796875
13435.0078125
12815.2431640625
12218.3564453125
11648.4931640625
11109.607421875
10605.4404296875
10139.494140625
9715.0107421875
9334.9501953125
9001.97265625
8718.4208984375
8486.3076171875
8307.3076171875
8182.7373046875
8113.560546875
8100.3759765625
8143.416015625
8242.552734375
8397.29296875
8606.7890625
8869.845703125
9184.9267578125
9550.1708984375
9963.4033203125
10422.15234375
10923.66796875
11464.9375
12042.7119140625
12653.5205078125
13293.69921875
13959.416015625
14646.6875
15351.4091796875
16069.3837890625
16796.33984375
17527.9619140625
18259.916015625
18987.87109375
19707.5263671875
20414.634765625
21105.0244140625
21774.623046875
22419.4765625
23035.771484375
23619.84765625
24168.22265625
24677.60546875
25144.90625
25567.25390625
25942.0048828125
26266.75390625
26539.3408203125
26757.859375
26920.65625
27026.341796875
27073.78515625
27062.1181640625
26990.734375
26859.2861328125
26667.67578125
26416.060546875
26104.8349609375
25734.6337890625
25306.3203125
24820.9697265625
24279.873046875
23684.513671875
23036.5673828125
22337.8779296875
21590.45703125
20796.46484375
19958.1982421875
19078.0791015625
18158.6376953125
17202.5048828125
16212.39453125
15191.0908203125
14141.4375
13066.3212890625
11968.6650390625
10851.4072265625
9717.498046875
8569.8828125
7411.494140625
6245.236328125
5073.9794921875
3900.5498046875
2727.7158203125
1558.1845703125
394.59375
-760.5
-1904.626953125
-3035.41015625
-4150.56640625
-5247.9228515625
-6325.4072265625
-7381.0654296875
-8413.0546875
-9419.654296875
-10399.259765625
-11350.3935546875
-12271.697265625
-13161.939453125
-14020.01171875
-14844.927734375
-15635.826171875
-16391.9658203125
-17112.72265625
-17797.5927734375
-18446.181640625
-19058.2080078125
-19633.498046875
-20171.9794921875
-20673.6796875
-21138.7197265625
-21567.3095703125
-21959.7431640625
-22316.39453125
-22637.7119140625
-22924.212890625
-23176.4736328125
-23395.1318359375
-23580.8759765625
-23734.439453125
-23856.5986328125
-23948.162109375
-24009.9716796875
-24042.8935546875
-24047.814453125
-24025.634765625
-23977.2705078125
-23903.640625
-23805.6708984375
-23684.28515625
-23540.40625
-23374.94921875
-23188.8212890625
-22982.9208984375
-22758.1328125
-22515.3291015625
-22255.3671875
-21979.087890625
-21687.3193359375
-21380.8701171875
-21060.537109375
-20727.0986328125
-20381.3203125
-20023.9541015625
-19655.7373046875
-19277.3994140625
-18889.654296875
-18493.212890625
-18088.7744140625
-17677.033203125
-17258.6806640625
-16834.40234375
-16404.8818359375
-15970.8037109375
-15532.8505859375
-15091.7060546875
-14648.0556640625
-14202.587890625
-13755.9892578125
-13308.953125
-12862.171875
-12416.3359375
-11972.142578125
-11530.2822265625
-11091.4453125
-10656.31640625
-10225.578125
-9799.900390625
-9379.9462890625
-8966.365234375
-8559.7900390625
-8160.8388671875
-7770.107421875
-7388.1650390625
-7015.5595703125
-6652.8076171875
-6300.392578125
-5958.765625
-5628.337890625
-5309.484375
-5002.5361328125
-4707.779296875
-4425.458984375
-4155.76953125
-3898.857421875
-3654.822265625
-3423.716796875
-3205.5390625
-3000.2431640625
-2807.734375
-2627.8720703125
-2460.46875
-2305.296875
-2162.0849609375
-2030.5283203125
-1910.2822265625
-1800.9775390625
-1702.212890625
-1613.5673828125
-1534.5966796875
-1464.8466796875
-1403.8525390625
-1351.1435546875
-1306.2509765625
-1268.708984375
-1238.064453125
-1213.8779296875
-1195.7294921875
-1183.224609375
-1175.9970703125
-1173.71484375
-1176.0810546875
-1182.83984375
-1193.7802734375
-1208.73828125
-1227.5966796875
-1250.2900390625
-1276.8046875
-1307.181640625
-1341.515625
-1379.9482421875
-1422.681640625
-1469.96484375
-1522.095703125
-1579.4189453125
-1642.3251953125
-1711.2421875
-1786.63671875
-1869.00390625
-1958.869140625
-2056.7783203125
-2163.291015625
-2278.9814453125
-2404.423828125
-2540.193359375
-2686.8515625
-2844.94921875
-3015.01171875
-3197.5390625
-3392.9912109375
-3601.7900390625
-3824.306640625
-4060.8603515625
-4311.7099609375
-4577.0498046875
-4857.0029296875
-5151.62109375
-5460.8740234375
-5784.654296875
-6122.7685546875
-6474.9384765625
-6840.794921875
-7219.88671875
-7611.6689453125
-8015.5126953125
-8430.7021484375
-8856.4375
-9291.8388671875
-9735.9482421875
-10187.736328125
-10646.1025390625
-11109.888671875
-11577.876953125
-12048.7978515625
-12521.34765625
-12994.181640625
-13465.9296875
-13935.205078125
-14400.611328125
-14860.751953125
-15314.240234375
-15759.7060546875
-16195.80859375
-16621.2421875
-17034.7470703125
-17435.1162109375
-17821.2080078125
-18191.94921875
-18546.34765625
-18883.4931640625
-19202.572265625
-19502.865234375
-19783.759765625
-20044.75
-20285.4423828125
-20505.55859375
-20704.9384765625
-20883.541015625
-21041.443359375
-21178.8447265625
-21296.0595703125
-21393.5185546875
-21471.7705078125
-21531.4677734375
-21573.3720703125
-21598.341796875
-21607.33203125
-21601.384765625
-21581.623046875
-21549.236328125
-21505.48828125
-21451.6875
-21389.1953125
-21319.4052734375
-21243.740234375
-21163.6396484375
-21080.548828125
-20995.912109375
-20911.158203125
-20827.6943359375
-20746.8955078125
-20670.0947265625
-20598.578125
-20533.56640625
-20476.2177734375
-20427.6142578125
-20388.7578125
-20360.560546875
-20343.8408203125
-20339.3173828125
-20347.607421875
-20369.2197265625
-20404.55078125
-20453.888671875
-20517.4013671875
-20595.1435546875
-20687.0546875
-20792.958984375
-20912.5625
-21045.4619140625
-21191.1396484375
-21348.970703125
-21518.224609375
-21698.0712890625
-21887.5791015625
-22085.724609375
-22291.3974609375
-22503.40234375
-22720.466796875
-22941.2470703125
-23164.3291015625
-23388.2431640625
-23611.462890625
-23832.416015625
-24049.486328125
-24261.025390625
-24465.3544921875
-24660.7744140625
-24845.5712890625
-25018.0244140625
-25176.408203125
-25319.0068359375
-25444.1142578125
-25550.04296875
-25635.13671875
-25697.765625
-25736.3466796875
-25749.3388671875
-25735.2568359375
-25692.6796875
-25620.2490234375
-25516.689453125
-25380.8017578125
-25211.48046875
-25007.7158203125
-24768.6015625
-24493.34375
-24181.2646484375
-23831.8115234375
-23444.5625
-23019.23046875
-22555.6767578125
-22053.9033203125
-21514.0732421875
-20936.5009765625
-20321.6669921875
-19670.2158203125
-18982.9599609375
-18260.8837890625
-17505.140625
-16717.0576171875
-15898.130859375
-15050.0283203125
-14174.58203125
-13273.7890625
-12349.802734375
-11404.9296875
-10441.6220703125
-9462.4658203125
-8470.17578125
-7467.5830078125
-6457.62109375
-5443.3154296875
-4427.7705078125
-3414.150390625
-2405.6650390625
-1405.556640625
-417.0751953125
556.533203125
1512.0458984375
2446.2919921875
3356.1552734375
4238.609375
5090.7265625
5909.703125
6692.876953125
7437.7431640625
8141.974609375
8803.439453125
9420.2119140625
9990.595703125
10513.1279296875
10986.599609375
11410.05859375
11782.826171875
12104.49609375
12374.947265625
12594.341796875
12763.1279296875
12882.0390625
12952.0927734375
12974.5810546875
12951.072265625
12883.390625
12773.6142578125
12624.0576171875
12437.259765625
12215.96484375
11963.1064453125
11681.7890625
11375.2626953125
11046.9033203125
10700.1923828125
10338.689453125
9966.009765625
9585.796875
9201.7021484375
8817.3544921875
8436.33984375
8062.171875
7698.2724609375
7347.947265625
7014.36328125
6700.525390625
6409.259765625
6143.1953125
5904.74609375
5696.0927734375
5519.1787109375
5375.6865234375
5267.0400390625
5194.388671875
5158.6083984375
5160.29296875
5199.7587890625
5277.0400390625
5391.8955078125
5543.818359375
5732.029296875
5955.4990234375
6212.9541015625
6502.88671875
6823.572265625
7173.083984375
7549.3037109375
7949.9501953125
8372.5849609375
8814.642578125
9273.4423828125
9746.2119140625
10230.10546875
10722.2275390625
11219.65234375
11719.4384765625
12218.6572265625
12714.40625
13203.828125
13684.1318359375
14152.6044921875
14606.6337890625
15043.7158203125
15461.4755859375
15857.669921875
16230.212890625
16577.1728515625
16896.78515625
17187.4619140625
17447.796875
17676.5673828125
17872.7392578125
18035.4697265625
18164.1064453125
18258.1884765625
18317.4423828125
18341.7802734375
18331.2958984375
18286.2646484375
18207.126953125
18094.4921875
17949.1240234375
17771.9384765625
17563.990234375
17326.46875
17060.6826171875
16768.0537109375
16450.109375
16108.4658203125
15744.822265625
15360.94921875
14958.6806640625
14539.896484375
14106.5224609375
13660.51171875
13203.8369140625
12738.484375
12266.4404296875
11789.681640625
11310.171875
10829.8466796875
10350.6103515625
9874.3271484375
9402.810546875
8937.818359375
8481.05078125
8034.134765625
7598.6259765625
7175.9990234375
6767.64453125
6374.8623046875
5998.859375
5640.7421875
5301.51953125
4982.0888671875
4683.2421875
4405.6611328125
4149.912109375
3916.4462890625
3705.595703125
3517.5791015625
3352.490234375
3210.302734375
3090.873046875
2993.9345703125
2919.1025390625
2865.873046875
2833.625
2821.6201171875
2829.0107421875
2854.8349609375
2898.02734375
2957.416015625
3031.7333984375
3119.6142578125
3219.607421875
3330.1767578125
3449.7119140625
3576.529296875
3708.88671875
3844.984375
3982.978515625
4120.986328125
4257.09765625
4389.3876953125
4515.91796875
4634.755859375
4743.9814453125
4841.6982421875
4926.0458984375
4995.2109375
5047.4365234375
5081.0400390625
5094.416015625
5086.0517578125
5054.5380859375
4998.5830078125
4917.017578125
4808.8056640625
4673.0595703125
4509.0400390625
4316.171875
4094.048828125
3842.4384765625
3561.291015625
3250.740234375
2911.1083984375
2542.9130859375
2146.861328125
1723.853515625
1274.984375
801.537109375
304.978515625
-213.0380859375
-750.6884765625
-1305.9794921875
-1876.7578125
-2460.72265625
-3055.4326171875
-3658.3212890625
-4266.708984375
-4877.8154296875
-5488.775390625
-6096.6572265625
-6698.474609375
-7291.2060546875
-7871.8095703125
-8437.24609375
-8984.48828125
-9510.546875
-10012.482421875
-10487.427734375
-10932.59765625
-11345.31640625
-11723.0234375
-12063.294921875
-12363.8583984375
-12622.6015625
-12837.587890625
-13007.072265625
-13129.5048828125
-13203.5419921875
-13228.056640625
-13202.1396484375
-13125.1123046875
-12996.521484375
-12816.1484375
-12584.00390625
-12300.33203125
-11965.6064453125
-11580.525390625
-11146.0078125
-10663.1904296875
-10133.4150390625
-9558.2236328125
-8939.3505859375
-8278.7080078125
-7578.380859375
-6840.6083984375
-6067.77734375
-5262.4072265625
-4427.1396484375
-3564.720703125
-2677.9912109375
-1769.875
-843.3564453125
98.517578125
1052.6650390625
2015.97265625
2985.3115234375
3957.548828125
4929.5556640625
5898.220703125
6860.462890625
7813.232421875
8753.5322265625
9678.41015625
10584.982421875
11470.4306640625
12332.009765625
13167.0595703125
13973.001953125
14747.353515625
15487.7236328125
16191.8251953125
16857.47265625
17482.587890625
18065.2041015625
18603.46875
19095.6474609375
19540.123046875
19935.4072265625
20280.130859375
20573.060546875
20813.087890625
20999.2451171875
21130.69921875
21206.759765625
21226.87890625
21190.6552734375
21097.837890625
20948.326171875
20742.1796875
20479.609375
20160.98828125
19786.8515625
19357.8984375
18874.98828125
18339.1494140625
17751.572265625
17113.6142578125
16426.7900390625
15692.7802734375
14913.4208984375
14090.7060546875
13226.7724609375
12323.90625
11384.53125
10411.1982421875
9406.583984375
8373.474609375
7314.763671875
6233.431640625
5132.544921875
4015.2314453125
2884.677734375
1744.1142578125
596.791015625
-554.0234375
-1705.064453125
-2853.087890625
-3994.87890625
-5127.2724609375
-6247.1640625
-7351.5283203125
-8437.4306640625
-9502.0400390625
-10542.64453125
-11556.6591796875
-12541.642578125
-13495.3017578125
-14415.505859375
-15300.2890625
-16147.8623046875
-16956.6123046875
-17725.1123046875
-18452.1181640625
-19136.5771484375
-19777.6201171875
-20374.5625
-20926.9052734375
-21434.3212890625
-21896.662109375
-22313.9404296875
-22686.3291015625
-23014.1484375
-23297.859375
-23538.0478515625
-23735.4228515625
-23890.7939453125
-24005.064453125
-24079.2197265625
-24114.314453125
-24111.453125
-24071.7861328125
-23996.4951171875
-23886.775390625
-23743.8291015625
-23568.8564453125
-23363.0361328125
-23127.5244140625
-22863.443359375
-22571.8681640625
-22253.830078125
-21910.298828125
-21542.185546875
-21150.3359375
-20735.52734375
-20298.466796875
-19839.79296875
-19360.0693359375
-18859.794921875
-18339.3994140625
-17799.2490234375
-17239.6533203125
-16660.861328125
-16063.0771484375
-15446.4609375
-14811.1357421875
-14157.197265625
-13484.7177734375
-12793.7578125
-12084.3720703125
-11356.6171875
-10610.5634765625
-9846.298828125
-9063.939453125
-8263.63671875
-7445.5869140625
-6610.0361328125
-5757.287109375
-4887.708984375
-4001.73828125
-3099.8896484375
-2182.755859375
-1251.017578125
-305.4384765625
653.12109375
1623.7119140625
2605.2861328125
3596.7041015625
4596.728515625
5604.0234375
6617.16796875
7634.6396484375
8654.83203125
9676.052734375
10696.5244140625
11714.392578125
12727.734375
13734.5546875
14732.80078125
15720.3681640625
16695.1015625
17654.8095703125
18597.2705078125
19520.2412109375
20421.462890625
21298.6767578125
22149.6279296875
22972.0771484375
23763.8115234375
24522.6572265625
25246.4794921875
25933.2099609375
26580.837890625
27187.4404296875
27751.17578125
28270.302734375
28743.189453125
29168.3232421875
29544.318359375
29869.9248046875
30144.0439453125
30365.724609375
30534.181640625
30648.7998046875
30709.1357421875
30714.9287109375
30666.107421875
30562.78515625
30405.271484375
30194.0703125
29929.8828125
29613.60546875
29246.3310546875
28829.3447265625
28364.125
27852.3349609375
27295.818359375
26696.5927734375
26056.84375
25378.916015625
24665.2998046875
23918.626953125
23141.6552734375
22337.25390625
21508.396484375
20658.138671875
19789.615234375
18906.01171875
18010.55859375
17106.51171875
16197.1328125
15285.681640625
14375.3896484375
13469.451171875
12571.0009765625
11683.10546875
10808.740234375
9950.78125
9111.9853515625
8294.9775390625
7502.244140625
6736.1103515625
5998.73828125
5292.115234375
4618.037109375
3978.1162109375
3373.759765625
2806.1728515625
2276.3525390625
1785.0869140625
1332.951171875
920.3095703125
547.318359375
213.923828125
-80.12890625
-335.29296875
-552.2138671875
-731.720703125
-874.8193359375
-982.6826171875
-1056.6357421875
-1098.1572265625
-1108.8515625
-1090.4482421875
-1044.78515625
-973.7978515625
-879.498046875
-763.970703125
-629.3544921875
-477.8271484375
-311.59375
-132.8740234375
56.1171875
253.171875
456.1142578125
662.8017578125
871.1455078125
1079.1123046875
1284.74609375
1486.16796875
1681.587890625
1869.3154296875
2047.7646484375
2215.458984375
2371.0390625
2513.2666015625
2641.0302734375
2753.341796875
2849.345703125
2928.3173828125
2989.662109375
3032.9140625
3057.7392578125
3063.927734375
3051.396484375
3020.1806640625
2970.4306640625
2902.4140625
2816.4990234375
2713.158203125
2592.9580078125
2456.5537109375
2304.6826171875
2138.15625
1957.853515625
1764.7158203125
1559.7353515625
1343.953125
1118.4462890625
884.3251953125
642.724609375
394.796875
141.705078125
-115.3818359375
-375.294921875
-636.876953125
-898.974609375
-1160.45703125
-1420.212890625
-1677.1572265625
-1930.23046875
-2178.41015625
-2420.705078125
-2656.1611328125
-2883.86328125
-3102.939453125
-3312.5556640625
-3511.9208984375
-3700.2890625
-3876.9521484375
-4041.2490234375
-4192.556640625
-4330.296875
-4453.927734375
-4562.94921875
-4656.8994140625
-4735.3515625
-4797.9150390625
-4844.234375
-4873.9873046875
-4886.8818359375
-4882.6591796875
-4861.0908203125
-4821.9736328125
-4765.138671875
-4690.44140625
-4597.765625
-4487.0244140625
-4358.158203125
-4211.1357421875
-4045.9541015625
-3862.640625
-3661.251953125
-3441.87890625
-3204.638671875
-2949.689453125
-2677.2177734375
-2387.451171875
-2080.650390625
-1757.1162109375
-1417.1904296875
-1061.251953125
-689.7255859375
-303.0751953125
98.189453125
513.5205078125
942.3203125
1383.953125
1837.73828125
2302.953125
2778.833984375
3264.5810546875
3759.349609375
4262.265625
4772.419921875
5288.8701171875
5810.6455078125
6336.75390625
6866.1767578125
7397.8818359375
7930.8154296875
8463.91796875
8996.1201171875
9526.34765625
10053.5302734375
10576.595703125
11094.482421875
11606.140625
12110.533203125
12606.6396484375
13093.4609375
13570.0205078125
14035.3671875
14488.5791015625
14928.76171875
15355.052734375
15766.6220703125
16162.6748046875
16542.447265625
16905.2119140625
17250.2783203125
17576.986328125
17884.71484375
18172.8740234375
18440.9130859375
18688.3115234375
18914.5791015625
19119.2626953125
19301.9404296875
19462.220703125
19599.744140625
19714.181640625
19805.236328125
19872.640625
19916.162109375
19935.59765625
19930.78125
19901.578125
19847.8916015625
19769.6640625
19666.875
19539.5498046875
19387.755859375
19211.609375
19011.2763671875
18786.9755859375
18538.982421875
18267.6279296875
17973.306640625
17656.4775390625
17317.6630859375
16957.455078125
16576.5146484375
16175.5712890625
15755.4296875
15316.9638671875
14861.119140625
14388.9140625
13901.4296875
13399.8193359375
12885.298828125
12359.138671875
11822.6689453125
11277.267578125
10724.3583984375
10165.3974609375
9601.876953125
9035.306640625
8467.2099609375
7899.119140625
7332.556640625
6769.03515625
6210.0390625
5657.0244140625
5111.4013671875
4574.5234375
4047.6865234375
3532.111328125
3028.9365234375
2539.2158203125
2063.8994140625
1603.83984375
1159.7724609375
732.322265625
321.9892578125
-70.845703125
-445.9296875
-803.140625
-1142.4755859375
-1464.0654296875
-1768.16015625
-2055.1318359375
-2325.4697265625
-2579.771484375
-2818.7373046875
-3043.166015625
-3253.9423828125
-3452.0283203125
-3638.4560546875
-3814.3115234375
-3980.7275390625
-4138.8720703125
-4289.9345703125
-4435.11328125
-4575.6044921875
-4712.591796875
-4847.228515625
-4980.6328125
-5113.8720703125
-5247.9541015625
-5383.814453125
-5522.3134765625
-5664.216796875
-5810.1982421875
-5960.828125
-6116.5673828125
-6277.7646484375
-6444.6494140625
-6617.33203125
-6795.8017578125
-6979.92578125
-7169.44921875
-7363.9951171875
-7563.0732421875
-7766.0751953125
-7972.2841796875
-8180.876953125
-8390.9345703125
-8601.44140625
-8811.2998046875
-9019.33203125
-9224.2900390625
-9424.865234375
-9619.6962890625
-9807.3779296875
-9986.46875
-10155.501953125
-10312.9951171875
-10457.4560546875
-10587.392578125
-10701.326171875
-10797.791015625
-10875.3505859375
-10932.6015625
-10968.1796875
-10980.775390625
-10969.1279296875
-10932.0439453125
-10868.39453125
-10777.1279296875
-10657.2705078125
-10507.9345703125
-10328.322265625
-10117.7294921875
-9875.552734375
-9601.2890625
-9294.54296875
-8955.0302734375
-8582.5771484375
-8177.1298828125
-7738.75
-7267.623046875
-6764.0576171875
-6228.4892578125
-5661.4775390625
-5063.7138671875
-4436.01953125
-3779.345703125
-3094.7724609375
-2383.5166015625
-1646.91796875
-886.453125
-103.720703125
699.5498046875
1521.5087890625
2360.1845703125
3213.48828125
4079.220703125
4955.0751953125
5838.640625
6727.4189453125
7618.81640625
8510.1630859375
9398.7177734375
10281.677734375
11156.1875
12019.349609375
12868.23828125
13699.9052734375
14511.396484375
15299.7626953125
16062.0732421875
16795.4248046875
17496.958984375
18163.8740234375
18793.435546875
19382.9892578125
19929.974609375
20431.943359375
20886.552734375
21291.6005859375
21645.013671875
21944.875
22189.419921875
22377.0517578125
22506.34765625
22576.0615234375
22585.1337890625
22532.6943359375
22418.0634765625
22240.7529296875
22000.4765625
21697.13671875
21330.8330078125
20901.85546875
20410.685546875
19857.9853515625
19244.6025390625
18571.552734375
17840.0244140625
17051.3662109375
16207.078125
15308.8115234375
14358.3466796875
13357.59765625
12308.5966796875
11213.48828125
10074.515625
8894.015625
7674.408203125
6418.19140625
5127.92578125
3806.232421875
2455.7822265625
1079.2919921875
-320.486328125
-1740.76953125
-3178.7529296875
-4631.607421875
-6096.4921875
-7570.55859375
-9050.94921875
-10534.8056640625
-12019.2724609375
-13501.49609375
-14978.630859375
-16447.8427734375
-17906.306640625
-19351.2138671875
-20779.7724609375
-22189.2099609375
-23576.775390625
-24939.7412109375
-26275.408203125
-27581.1123046875
-28854.2158203125
-30092.1259765625
-31292.2919921875
-32452.2080078125
-33569.423828125
-34641.548828125
-35666.255859375
-36641.2890625
-37564.4775390625
-38433.728515625
-39247.052734375
-40002.5576171875
-40698.46484375
-41333.1181640625
-41904.9892578125
-42412.6884765625
-42854.9755859375
-43230.76171875
-43539.130859375
-43779.3359375
-43950.8115234375
-44053.1845703125
-44086.2763671875
-44050.1123046875
-43944.9267578125
-43771.16796875
-43529.4990234375
-43220.8076171875
-42846.2021484375
-42407.017578125
-41904.80859375
-41341.3564453125
-40718.658203125
-40038.9296875
-39304.5986328125
-38518.294921875
-37682.8505859375
-36801.28125
-35876.7861328125
-34912.7333984375
-33912.64453125
-32880.1875
-31819.15625
-30733.46484375
-29627.12109375
-28504.220703125
-27368.9208984375
-26225.4296875
-25077.9853515625
-23930.8359375
-22788.2255859375
-21654.37109375
-20533.4453125
-19429.560546875
-18346.74609375
-17288.931640625
-16259.9326171875
-15263.427734375
-14302.947265625
-13381.8505859375
-12503.322265625
-11670.3447265625
-10885.693359375
-10151.9248046875
-9471.3583984375
-8846.07421875
-8277.900390625
-7768.4052734375
-7318.89453125
-6930.4013671875
-6603.6865234375
-6339.23828125
-6137.265625
-5997.7041015625
-5920.2177734375
-5904.1982421875
-5948.7763671875
-6052.822265625
-6214.9599609375
-6433.5703125
-6706.8037109375
-7032.5908203125
-7408.658203125
-7832.5390625
-8301.5869140625
-8812.9970703125
-9363.81640625
-9950.962890625
-10571.2470703125
-11221.38671875
-11898.025390625
-12597.75390625
-13317.1298828125
-14052.6953125
-14800.9970703125
-15558.609375
-16322.1455078125
-17088.2861328125
-17853.791015625
-18615.5166015625
-19370.4384765625
-20115.662109375
-20848.439453125
-21566.1875
-22266.4921875
-22947.1298828125
-23606.0703125
-24241.4912109375
-24851.7802734375
-25435.548828125
-25991.6279296875
-26519.0751953125
-27017.181640625
-27485.45703125
-27923.64453125
-28331.7041015625
-28709.8154296875
-29058.3662109375
-29377.9462890625
-29669.337890625
-29933.5048828125
-30171.5771484375
-30384.83984375
-30574.7216796875
-30742.771484375
-30890.6494140625
-31020.1025390625
-31132.9560546875
-31231.0869140625
-31316.40625
-31390.845703125
-31456.333984375
-31514.779296875
-31568.052734375
-31617.966796875
-31666.26171875
-31714.587890625
-31764.48828125
-31817.3818359375
-31874.5595703125
-31937.1572265625
-32006.15625
-32082.3671875
-32166.42578125
-32258.779296875
-32359.6865234375
-32469.21484375
-32587.2314453125
-32713.41015625
-32847.2255859375
-32987.962890625
-33134.712890625
-33286.390625
-33441.7275390625
-33599.2900390625
-33757.4873046875
-33914.58203125
-34068.7001953125
-34217.8505859375
-34359.9326171875
-34492.755859375
-34614.0537109375
-34721.5
-34812.7294921875
-34885.34765625
-34936.95703125
-34965.1689453125
-34967.6201171875
-34941.9970703125
-34886.0439453125
-34797.5859375
-34674.541015625
-34514.9384765625
-34316.9306640625
-34078.8095703125
-33799.0166015625
-33476.15625
-33109.005859375
-32696.525390625
-32237.8662109375
-31732.376953125
-31179.6103515625
-30579.328125
-29931.501953125
-29236.31640625
-28494.171875
-27705.6796875
-26871.6630859375
-25993.150390625
-25071.3779296875
-24107.775390625
-23103.9658203125
-22061.75390625
-20983.1181640625
-19870.205078125
-18725.310546875
-17550.87890625
-16349.4833984375
-15123.8154296875
-13876.67578125
-12610.955078125
-11329.6240234375
-10035.7197265625
-8732.330078125
-7422.583984375
-6109.62890625
-4796.625
-3486.7314453125
-2183.0859375
-888.7998046875
393.0595703125
1659.4765625
2907.5048828125
4134.271484375
5336.990234375
6512.9736328125
7659.6376953125
8774.5107421875
9855.2421875
10899.60546875
11905.5087890625
12870.998046875
13794.255859375
14673.611328125
15507.5400390625
16294.6640625
17033.75390625
17723.7275390625
18363.65234375
18952.740234375
19490.3505859375
19975.978515625
20409.2626953125
20789.974609375
21118.0185546875
21393.423828125
21616.33984375
21787.037109375
21905.8935546875
21973.3994140625
21990.1396484375
21956.798828125
21874.1513671875
21743.0576171875
21564.455078125
21339.361328125
21068.8564453125
20754.0947265625
20396.2841796875
19996.6943359375
19556.646484375
19077.509765625
18560.7021484375
18007.68359375
17419.9560546875
16799.0595703125
16146.568359375
15464.091796875
14753.2763671875
14015.794921875
13253.3515625
12467.681640625
11660.544921875
10833.732421875
9989.056640625
9128.357421875
8253.498046875
7366.3642578125
6468.8623046875
5562.91796875
4650.4755859375
3733.4921875
2813.9404296875
1893.802734375
975.06640625
59.724609375
-850.23046875
-1752.8125
-2646.041015625
-3527.9541015625
-4396.6044921875
-5250.0751953125
-6086.4765625
-6903.9560546875
-7700.7060546875
-8474.966796875
-9225.0400390625
-9949.2841796875
-10646.1337890625
-11314.0966796875
-11951.765625
-12557.82421875
-13131.0498046875
-13670.32421875
-14174.634765625
-14643.08203125
-15074.8857421875
-15469.3837890625
-15826.0400390625
-16144.4443359375
-16424.3193359375
-16665.513671875
-16868.0146484375
-17031.931640625
-17157.5107421875
-17245.1259765625
-17295.2734375
-17308.578125
-17285.779296875
-17227.7294921875
-17135.392578125
-17009.8310546875
-16852.20703125
-16663.7666015625
-16445.837890625
-16199.8203125
-15927.17578125
-15629.423828125
-15308.125
-14964.876953125
-14601.306640625
-14219.0546875
-13819.7724609375
-13405.11328125
-12976.7158203125
-12536.20703125
-12085.185546875
-11625.2197265625
-11157.8388671875
-10684.52734375
-10206.71875
-9725.79296875
-9243.0693359375
-8759.806640625
-8277.19921875
-7796.375
-7318.39453125
-6844.2529296875
-6374.87890625
-5911.1357421875
-5453.8251953125
-5003.689453125
-4561.416015625
-4127.6376953125
-3702.943359375
-3287.875
-2882.9443359375
-2488.626953125
-2105.375
-1733.62109375
-1373.7880859375
-1026.2880859375
-691.5361328125
-369.9541015625
-61.9716796875
231.958984375
511.3662109375
775.748046875
1024.572265625
1257.267578125
1473.2265625
1671.794921875
1852.2763671875
2013.923828125
2155.9482421875
2277.5068359375
2377.71484375
2455.6337890625
2510.287109375
2540.6513671875
2545.6650390625
2524.232421875
2475.2255859375
2397.4892578125
2289.8505859375
2151.12109375
1980.1025390625
1775.599609375
1536.4208984375
1261.3916015625
949.3603515625
599.2080078125
209.853515625
-219.732421875
-690.5205078125
-1203.416015625
-1759.244140625
-2358.74609375
-3002.564453125
-3691.2431640625
-4425.20703125
-5204.7607421875
-6030.08203125
-6901.20703125
-7818.025390625
-8780.279296875
-9787.5458984375
-10839.2412109375
-11934.6064453125
-13072.708984375
-14252.4365234375
-15472.4931640625
-16731.39453125
-18027.47265625
-19358.8671875
-20723.529296875
-22119.2216796875
-23543.5224609375
-24993.826171875
-26467.3447265625
-27961.115234375
-29472.0107421875
-30996.7373046875
-32531.8466796875
-34073.7490234375
-35618.7158203125
-37162.8984375
-38702.3330078125
-40232.9580078125
-41750.6298828125
-43251.1318359375
-44730.1943359375
-46183.51171875
-47606.7568359375
-48995.6005859375
-50345.7294921875
-51652.865234375
-52912.7822265625
-54121.3310546875
-55274.451171875
-56368.1962890625
-57398.7529296875
-58362.4541015625
-59255.8076171875
-60075.5029296875
-60818.4404296875
-61481.73828125
-62062.755859375
-62559.1044921875
-62968.6591796875
-63289.5810546875
-63520.3173828125
-63659.6181640625
-63706.5439453125
-63660.470703125
-63521.0966796875
-63288.4443359375
-62962.8662109375
-62545.0400390625
-62035.970703125
-61436.984375
-60749.7265625
-59976.15234375
-59118.517578125
-58179.373046875
-57161.5498046875
-56068.1416015625
-54902.5009765625
-53668.2138671875
-52369.0859375
-51009.1279296875
-49592.5302734375
-48123.6484375
-46606.9814453125
-45047.1494140625
-43448.8759765625
-41816.9609375
-40156.267578125
-38471.6923828125
-36768.1494140625
-35050.5478515625
-33323.775390625
-31592.671875
-29862.0166015625
-28136.5068359375
-26420.7451171875
-24719.216796875
-23036.2802734375
-21376.154296875
-19742.8994140625
-18140.4140625
-16572.4189453125
-15042.44921875
-13553.8515625
-12109.7724609375
-10713.158203125
-9366.74609375
-8073.0625
-6834.427734375
-5652.9482421875
-4530.517578125
-3468.826171875
-2469.34765625
-1533.359375
-661.9326171875
144.0595703125
883.931640625
1557.1923828125
2163.53125
2702.8154296875
3175.0859375
3580.5498046875
3919.57421875
4192.6875
4400.5615234375
4544.0205078125
4624.0244140625
4641.6669921875
4598.17578125
4494.9033203125
4333.3203125
4115.0146484375
3841.6845703125
3515.138671875
3137.2861328125
2710.1337890625
2235.7841796875
1716.4296875
1154.3466796875
551.890625
-88.5068359375
-764.341796875
-1473.052734375
-2212.013671875
-2978.552734375
-3769.951171875
-4583.4501953125
-5416.265625
-6265.591796875
-7128.609375
-8002.49609375
-8884.4365234375
-9771.630859375
-10661.306640625
-11550.7294921875
-12437.212890625
-13318.1298828125
-14190.92578125
-15053.1279296875
-15902.357421875
-16736.3408203125
-17552.919921875
-18350.0654296875
-19125.8857421875
-19878.6328125
-20606.7197265625
-21308.7236328125
-21983.3916015625
-22629.6552734375
-23246.6279296875
-23833.6162109375
-24390.12109375
-24915.8408203125
-25410.669921875
-25874.7041015625
-26308.234375
-26711.74609375
-27085.91796875
-27431.609375
-27749.8603515625
-28041.8837890625
-28309.046875
-28552.873046875
-28775.0205078125
-28977.2744140625
-29161.5302734375
-29329.77734375
-29484.08984375
-29626.603515625
-29759.498046875
-29884.9873046875
-30005.2900390625
-30122.62109375
-30239.16796875
-30357.07421875
-30478.419921875
-30605.205078125
-30739.3330078125
-30882.5908203125
-31036.6376953125
-31202.984375
-31382.9873046875
-31577.8232421875
-31788.4931640625
-32015.796875
-32260.3369140625
-32522.501953125
-32802.4638671875
-33100.177734375
-33415.373046875
-33747.5576171875
-34096.0166015625
-34459.8125
-34837.7958984375
-35228.6083984375
-35630.689453125
-36042.283203125
-36461.45703125
-36886.107421875
-37313.9775390625
-37742.6689453125
-38169.6591796875
-38592.3212890625
-39007.9384765625
-39413.724609375
-39806.8447265625
-40184.43359375
-40543.619140625
-40881.5361328125
-41195.3544921875
-41482.2998046875
-41739.6650390625
-41964.841796875
-42155.3310546875
-42308.765625
-42422.9267578125
-42495.763671875
-42525.4052734375
-42510.17578125
-42448.609375
-42339.4580078125
-42181.7080078125
-41974.58203125
-41717.546875
-41410.32421875
-41052.8828125
-40645.4541015625
-40188.5205078125
-39682.8125
-39129.3154296875
-38529.2548828125
-37884.0888671875
-37195.5068359375
-36465.408203125
-35695.8955078125
-34889.2626953125
-34047.978515625
-33174.666015625
-32272.0927734375
-31343.146484375
-30390.8203125
-29418.1923828125
-28428.4033203125
-27424.638671875
-26410.109375
-25388.0263671875
-24361.587890625
-23333.9521484375
-22308.2216796875
-21287.4248046875
-20274.4951171875
-19272.2587890625
-18283.4130859375
-17310.5146484375
-16355.9638671875
-15421.994140625
-14510.6611328125
-13623.833984375
-12763.1845703125
-11930.181640625
-11126.0908203125
-10351.966796875
-9608.654296875
-8896.787109375
-8216.794921875
-7568.900390625
-6953.126953125
-6369.310546875
-5817.0986328125
-5295.96875
-4805.232421875
-4344.05078125
-3911.4482421875
-3506.3212890625
-3127.4599609375
-2773.5576171875
-2443.228515625
-2135.0244140625
-1847.44921875
-1578.9765625
-1328.064453125
-1093.1767578125
-872.7880859375
-665.4091796875
-469.59765625
-283.9697265625
-107.2158203125
61.8857421875
224.46484375
381.541015625
534.0205078125
682.685546875
828.1884765625
971.0517578125
1111.65625
1250.2451171875
1386.9208984375
1521.646484375
1654.244140625
1784.40625
1911.6884765625
2035.5244140625
2155.2314453125
2270.0126953125
2378.9716796875
2481.12109375
2575.388671875
2660.63671875
2735.6640625
2799.23046875
2850.05859375
2886.8525390625
2908.310546875
2913.1396484375
2900.0654296875
2867.8486328125
2815.30078125
2741.2890625
2644.7568359375
2524.73046875
2380.3330078125
2210.794921875
2015.4599609375
1793.8037109375
1545.4267578125
1270.076171875
967.64453125
638.173828125
281.8623046875
-100.9326171875
-509.6943359375
-943.7490234375
-1402.259765625
-1884.234375
-2388.5263671875
-2913.83984375
-3458.7333984375
-4021.6279296875
-4600.814453125
-5194.4609375
-5800.6220703125
-6417.251953125
-7042.2099609375
-7673.279296875
-8308.1728515625
-8944.5498046875
-9580.02734375
-10212.197265625
-10838.63671875
-11456.923828125
-12064.6513671875
-12659.4423828125
-13238.96484375
-13800.9423828125
-14343.171875
-14863.5341796875
-15360.009765625
-15830.689453125
-16273.783203125
-16687.63671875
-17070.7373046875
-17421.7275390625
-17739.41015625
-18022.751953125
-18270.900390625
-18483.1806640625
-18659.1005859375
-18798.3583984375
-18900.8388671875
-18966.6201171875
-18995.96484375
-18989.3310546875
-18947.3544921875
-18870.8583984375
-18760.8388671875
-18618.4638671875
-18445.06640625
-18242.1328125
-18011.2998046875
-17754.3369140625
-17473.14453125
-17169.7373046875
-16846.234375
-16504.8447265625
-16147.859375
-15777.6337890625
-15396.576171875
-15007.134765625
-14611.7802734375
-14213.0009765625
-13813.279296875
-13415.08203125
-13020.849609375
-12632.98046875
-12253.8173828125
-11885.640625
-11530.6513671875
-11190.958984375
-10868.578125
-10565.412109375
-10283.24609375
-10023.7412109375
-9788.4208984375
-9578.6708984375
-9395.728515625
-9240.6796875
-9114.455078125
-9017.8232421875
-8951.392578125
-8915.60546875
-8910.7412109375
-8936.91015625
-8994.0615234375
-9081.978515625
-9200.28515625
-9348.4443359375
-9525.765625
-9731.4072265625
-9964.3818359375
-10223.5595703125
-10507.6796875
-10815.3505859375
-11145.0615234375
-11495.1875
-11864.0
-12249.6708984375
-12650.2880859375
-13063.857421875
-13488.318359375
-13921.5498046875
-14361.3798828125
-14805.6015625
-15251.974609375
-15698.2451171875
-16142.1484375
-16581.4248046875
-17013.828125
-17437.1357421875
-17849.1611328125
-18247.765625
-18630.861328125
-18996.4326171875
-19342.5341796875
-19667.3076171875
-19968.9921875
-20245.92578125
-20496.5615234375
-20719.4677734375
-20913.34375
-21077.0166015625
-21209.45703125
-21309.77734375
-21377.2392578125
-21411.25390625
-21411.3916015625
-21377.376953125
-21309.09375
-21206.583984375
-21070.048828125
-20899.8427734375
-20696.4755859375
-20460.6103515625
-20193.05078125
-19894.7490234375
-19566.78515625
-19210.37109375
-18826.83984375
-18417.6396484375
-17984.3154296875
-17528.5146484375
-17051.9619140625
-16556.4619140625
-16043.87890625
-15516.1318359375
-14975.17578125
-14423.001953125
-13861.6142578125
-13293.0263671875
-12719.24609375
-12142.267578125
-11564.060546875
-10986.5556640625
-10411.640625
-9841.1494140625
-9276.85546875
-8720.458984375
-8173.5859375
-7637.7822265625
-7114.501953125
-6605.11328125
-6110.88671875
-5633.0009765625
-5172.5302734375
-4730.458984375
-4307.669921875
-3904.951171875
-3522.998046875
-3162.41796875
-2823.7275390625
-2507.3671875
-2213.6962890625
-1943.005859375
-1695.525390625
-1471.421875
-1270.8095703125
-1093.7626953125
-940.3134765625
-810.466796875
-704.19921875
-621.4697265625
-562.23046875
-526.4189453125
-513.9775390625
-524.8505859375
-558.990234375
-616.3583984375
-696.9326171875
-800.7041015625
-927.6826171875
-1077.89453125
-1251.3828125
-1448.2041015625
-1668.4345703125
-1912.1533203125
-2179.453125
-2470.4296875
-2785.17578125
-3123.77734375
-3486.3115234375
-3872.8349609375
-4283.3818359375
-4717.953125
-5176.515625
-5658.9892578125
-6165.2431640625
-6695.08984375
-7248.27734375
-7824.4814453125
-8423.3056640625
-9044.267578125
-9686.8046875
-10350.2568359375
-11033.8779296875
-11736.8203125
-12458.138671875
-13196.7880859375
-13951.6240234375
-14721.4013671875
-15504.7724609375
-16300.30078125
-17106.447265625
-17921.5888671875
-18744.01171875
-19571.9228515625
-20403.453125
-21236.66796875
-22069.5654296875
-22900.0947265625
-23726.1552734375
-24545.611328125
-25356.296875
-26156.025390625
-26942.6025390625
-27713.8310546875
-28467.5205078125
-29201.5029296875
-29913.6328125
-30601.802734375
-31263.951171875
-31898.072265625
-32502.2177734375
-33074.515625
-33613.1689453125
-34116.4677734375
-34582.7958984375
-35010.634765625
-35398.5703125
-35745.30078125
-36049.6376953125
-36310.51171875
-36526.9814453125
-36698.2255859375
-36823.55859375
-36902.421875
-36934.392578125
-36919.18359375
-36856.64453125
-36746.759765625
-36589.6533203125
-36385.583984375
-36134.9462890625
-35838.2724609375
-35496.2275390625
-35109.6103515625
-34679.349609375
-34206.501953125
-33692.255859375
-33137.9169921875
-32544.919921875
-31914.8115234375
-31249.2587890625
-30550.03515625
-29819.0283203125
-29058.2265625
-28269.7177734375
-27455.6884765625
-26618.412109375
-25760.25
-24883.64453125
-23991.1123046875
-23085.23828125
-22168.6708984375
-21244.115234375
-20314.3251953125
-19382.09765625
-18450.263671875
-17521.6826171875
-16599.2314453125
-15685.796875
-14784.271484375
-13897.5380859375
-13028.4638671875
-12179.8896484375
-11354.625
-10555.4306640625
-9785.015625
-9046.0224609375
-8341.021484375
-7672.5
-7042.849609375
-6454.3564453125
-5909.19921875
-5409.4296875
-4956.9677734375
-4553.5966796875
-4200.947265625
-3900.4970703125
-3653.5556640625
-3461.2626953125
-3324.5810546875
-3244.287109375
-3220.970703125
-3255.02734375
-3346.6513671875
-3495.8408203125
-3702.384765625
-3965.8720703125
-4285.6796875
-4660.9833984375
-5090.74609375
-5573.7333984375
-6108.5009765625
-6693.4111328125
-7326.6240234375
-8006.11328125
-8729.6640625
-9494.880859375
-10299.1943359375
-11139.87109375
-12014.0185546875
-12918.5947265625
-13850.4169921875
-14806.173828125
-15782.4365234375
-16775.6640625
-17782.2216796875
-18798.388671875
-19820.3720703125
-20844.3203125
-21866.3369140625
-22882.4912109375
-23888.833984375
-24881.4130859375
-25856.28515625
-26809.5302734375
-27737.267578125
-28635.673828125
-29500.9873046875
-30329.5341796875
-31117.73828125
-31862.1328125
-32559.3798828125
-33206.28125
-33799.794921875
-34337.046875
-34815.3427734375
-35232.185546875
-35585.2822265625
-35872.5615234375
-36092.1767578125
-36242.5263671875
-36322.251953125
-36330.259765625
-36265.716796875
-36128.0634765625
-35917.0205078125
-35632.587890625
-35275.0556640625
-34844.998046875
-34343.28125
-33771.05859375
-33129.771484375
-32421.1416015625
-31647.1708984375
-30810.1337890625
-29912.56640625
-28957.2626953125
-27947.2548828125
-26885.8125
-25776.41796875
-24622.7568359375
-23428.69921875
-22198.28515625
-20935.697265625
-19645.2509765625
-18331.361328125
-16998.53125
-15651.3212890625
-14294.328125
-12932.1591796875
-11569.4091796875
-10210.6318359375
-8860.3173828125
-7522.865234375
-6202.560546875
-4903.55078125
-3629.8154296875
-2385.15234375
-1173.1474609375
2.83984375
1139.7041015625
2234.6025390625
3284.9814453125
4288.578125
5243.4521484375
6147.974609375
7000.85546875
7801.1396484375
8548.2109375
9241.7978515625
9881.9736328125
10469.1455078125
11004.0595703125
11487.7822265625
11921.7001953125
12307.4970703125
12647.1474609375
12942.8955078125
13197.2392578125
13412.9013671875
13592.818359375
13740.107421875
13858.046875
13950.0419921875
14019.609375
14070.3359375
14105.857421875
14129.830078125
14145.8955078125
14157.658203125
14168.654296875
14182.3232421875
14201.982421875
14230.7998046875
14271.76953125
14327.6904296875
14401.142578125
14494.4716796875
14609.763671875
14748.8388671875
14913.2294921875
15104.1767578125
15322.6162109375
15569.177734375
15844.1728515625
16147.6044921875
16479.1572265625
16838.2119140625
17223.8427734375
17634.830078125
18069.669921875
18526.5869140625
19003.5478515625
19498.2802734375
20008.2900390625
20530.8759765625
21063.16015625
21602.099609375
22144.51953125
22687.1279296875
23226.546875
23759.3310546875
24282.0
24791.0546875
25283.0078125
25754.408203125
26201.8603515625
26622.05078125
27011.767578125
27367.9248046875
27687.578125
27967.9482421875
28206.435546875
28400.6318359375
28548.3427734375
28647.5966796875
28696.65234375
28694.013671875
28638.435546875
28528.9287109375
28364.765625
28145.484375
27870.8857421875
27541.0380859375
27156.2705078125
26717.1748046875
26224.59765625
25679.6337890625
25083.6220703125
24438.1357421875
23744.9736328125
23006.146484375
22223.8740234375
21400.564453125
20538.8076171875
19641.359375
18711.12890625
17751.1640625
16764.63671875
15754.83203125
14725.1259765625
13678.9794921875
12619.9150390625
11551.50390625
10477.3564453125
9401.0986328125
8326.3623046875
7256.7666015625
6195.9091796875
5147.3447265625
4114.5751953125
3101.0322265625
2110.0673828125
1144.9365234375
208.787109375
-695.357421875
-1564.6044921875
-2396.2080078125
-3187.5791015625
-3936.296875
-4640.1181640625
-5296.98828125
-5905.0498046875
-6462.6484375
-6968.34765625
-7420.9267578125
-7819.396484375
-8162.9951171875
-8451.1982421875
-8683.72265625
-8860.529296875
-8981.8193359375
-9048.0390625
-9059.884765625
-9018.2861328125
-8924.41796875
-8779.6904296875
-8585.7412109375
-8344.435546875
-8057.849609375
-7728.2724609375
-7358.185546875
-6950.2607421875
-6507.33984375
-6032.427734375
-5528.6728515625
-4999.3564453125
-4447.8720703125
-3877.7080078125
-3292.4365234375
-2695.68359375
-2091.119140625
-1482.4326171875
-873.31640625
-267.4384765625
331.5712890625
920.142578125
1494.7880859375
2052.1220703125
2588.87890625
3101.9345703125
3588.32421875
4045.2587890625
4470.1416015625
4860.5888671875
5214.4384765625
5529.763671875
5804.890625
6038.404296875
6229.15625
6376.27734375
6479.1767578125
6537.55078125
6551.384765625
6520.9521484375
6446.8095703125
6329.8017578125
6171.048828125
5971.9443359375
5734.1416015625
5459.55078125
5150.318359375
4808.8212890625
4437.6484375
4039.5810546875
3617.583984375
3174.7783203125
2714.4267578125
2239.908203125
1754.705078125
1262.3681640625
766.5087890625
270.7646484375
-221.216796875
-705.8046875
-1179.40625
-1638.48828125
-2079.6015625
-2499.3984375
-2894.6591796875
-3262.3056640625
-3599.4267578125
-3903.2890625
-4171.3603515625
-4401.318359375
-4591.0693359375
-4738.7578125
-4842.779296875
-4901.7861328125
-4914.6953125
-4880.701171875
-4799.2685546875
-4670.1396484375
-4493.3369140625
-4269.1591796875
-3998.1767578125
-3681.228515625
-3319.4169921875
-2914.0986328125
-2466.8701171875
-1979.5654296875
-1454.240234375
-893.15234375
-298.7578125
326.3134765625
979.2724609375
1657.1845703125
2356.9951171875
3075.5400390625
3809.5693359375
4555.765625
5310.7685546875
6071.181640625
6833.6064453125
7594.654296875
8350.9609375
9099.2138671875
9836.166015625
10558.6513671875
11263.6025390625
11948.06640625
12609.21875
13244.375
13851.005859375
14426.748046875
14969.4072265625
15476.9765625
15947.638671875
16379.76953125
16771.947265625
17122.9541015625
17431.775390625
17697.603515625
17919.8369140625
18098.0751953125
18232.12109375
18321.9697265625
18367.8115234375
18370.017578125
18329.1376953125
18245.8896484375
18121.154296875
17955.9609375
17751.4794921875
17509.0107421875
17229.9736328125
16915.89453125
16568.3955078125
16189.1826171875
15780.033203125
15342.7841796875
14879.3212890625
14391.5654296875
13881.4638671875
13350.9755859375
12802.064453125
12236.6845703125
11656.775390625
11064.248046875
10460.9794921875
9848.8017578125
9229.4970703125
8604.7919921875
7976.3466796875
7345.7548828125
6714.5361328125
6084.1337890625
5455.912109375
4831.1533203125
4211.0517578125
3596.724609375
2989.197265625
2389.4189453125
1798.25
1216.4716796875
644.7900390625
83.83203125
-465.8466796875
-1003.7568359375
-1529.4755859375
-2042.6357421875
-2542.92578125
-3030.083984375
-3503.890625
-3964.166015625
-4410.76171875
-4843.552734375
-5262.44140625
-5667.341796875
-6058.1787109375
-6434.8818359375
-6797.3818359375
-7145.60546875
-7479.4677734375
-7798.8740234375
-8103.7109375
-8393.84765625
-8669.1318359375
-8929.384765625
-9174.4033203125
-9403.9599609375
-9617.7998046875
-9815.6396484375
-9997.173828125
-10162.072265625
-10309.9814453125
-10440.5302734375
-10553.3310546875
-10647.9853515625
-10724.0849609375
-10781.220703125
-10818.986328125
-10836.9794921875
-10834.814453125
-10812.1259765625
-10768.572265625
-10703.8466796875
-10617.681640625
-10509.8544921875
-10380.197265625
-10228.595703125
-10055.0078125
-9859.45703125
-9642.044921875
-9402.95703125
-9142.458984375
-8860.9140625
-8558.7724609375
-8236.58203125
-7894.9921875
-7534.744140625
-7156.685546875
-6761.7568359375
-6351.0
-5925.5458984375
-5486.625
-5035.5458984375
-4573.7041015625
-4102.5703125
-3623.685546875
-3138.6513671875
-2649.12109375
-2156.796875
-1663.4130859375
-1170.73046875
-680.5224609375
-194.5712890625
285.3544921875
757.4970703125
1220.1318359375
1671.576171875
2110.1943359375
2534.4140625
2942.734375
3333.736328125
3706.0927734375
4058.5712890625
4390.0517578125
4699.5224609375
4986.095703125
5249.001953125
5487.60546875
5701.3984375
5890.0068359375
6053.1875
6190.83203125
6302.9619140625
6389.7275390625
6451.4013671875
6488.3779296875
6501.162109375
6490.37109375
6456.71484375
6400.998046875
6324.1083984375
6227.001953125
6110.7021484375
5976.28125
5824.85546875
5657.5703125
5475.591796875
5280.099609375
5072.265625
4853.259765625
4624.224609375
4386.2802734375
4140.50390625
3887.931640625
3629.5458984375
3366.2724609375
3098.970703125
2828.4365234375
2555.39453125
2280.4912109375
2004.3076171875
1727.3408203125
1450.0205078125
1172.7001953125
895.6650390625
619.1298828125
343.251953125
68.1259765625
-206.20703125
-479.7509765625
-752.552734375
-1024.6923828125
-1296.279296875
-1567.4443359375
-1838.3310546875
-2109.08984375
-2379.873046875
-2650.826171875
-2922.0810546875
-3193.755859375
-3465.9404296875
-3738.703125
-4012.0732421875
-4286.0517578125
-4560.5986328125
-4835.634765625
-5111.041015625
-5386.658203125
-5662.283203125
-5937.677734375
-6212.564453125
-6486.630859375
-6759.533203125
-7030.9013671875
-7300.3388671875
-7567.4345703125
-7831.76171875
-8092.884765625
-8350.369140625
-8603.7802734375
-8852.6953125
-9096.7080078125
-9335.4306640625
-9568.5029296875
-9795.5966796875
-10016.4208984375
-10230.72265625
-10438.2958984375
-10638.9814453125
-10832.669921875
-11019.3046875
-11198.8818359375
-11371.451171875
-11537.1142578125
-11696.02734375
-11848.3935546875
-11994.46484375
-12134.5361328125
-12268.9443359375
-12398.05859375
-12522.279296875
-12642.029296875
-12757.75
-12869.8935546875
-12978.9150390625
-13085.2685546875
-13189.3916015625
-13291.7080078125
-13392.6162109375
-13492.4765625
-13591.6142578125
-13690.3037109375
-13788.7685546875
-13887.1748046875
-13985.6162109375
-14084.126953125
-14182.66015625
-14281.0986328125
-14379.240234375
-14476.8056640625
-14573.4345703125
-14668.6826171875
-14762.025390625
-14852.8603515625
-14940.5107421875
-15024.2255859375
-15103.185546875
-15176.5107421875
-15243.2626953125
-15302.4541015625
-15353.0556640625
-15394.0029296875
-15424.2060546875
-15442.556640625
-15447.9384765625
-15439.240234375
-15415.3564453125
-15375.2060546875
-15317.736328125
-15241.9345703125
-15146.83984375
-15031.546875
-14895.2158203125
-14737.083984375
-14556.47265625
-14352.7880859375
-14125.53515625
-13874.3193359375
-13598.8505859375
-13298.951171875
-12974.5537109375
-12625.7060546875
-12252.5712890625
-11855.431640625
-11434.6806640625
-10990.830078125
-10524.4990234375
-10036.4189453125
-9527.4228515625
-8998.4423828125
-8450.5087890625
-7884.7333984375
-7302.3134765625
-6704.51953125
-6092.6875
-5468.2109375
-4832.537109375
-4187.1494140625
-3533.5712890625
-2873.3466796875
-2208.0390625
-1539.216796875
-868.455078125
-197.3203125
472.6376953125
1139.8837890625
1802.91015625
2460.2412109375
3110.4375
3752.0966796875
4383.86328125
5004.423828125
5612.5146484375
6206.921875
6786.478515625
7350.0673828125
7896.6240234375
8425.123046875
8934.5908203125
9424.0908203125
9892.7333984375
10339.6572265625
10764.0390625
11165.083984375
11542.021484375
11894.103515625
12220.6005859375
12520.7958984375
12793.9853515625
13039.47265625
13256.56640625
13444.580078125
13602.828125
13730.625
13827.2900390625
13892.140625
13924.4990234375
13923.69140625
13889.0537109375
13819.9306640625
13715.685546875
13575.705078125
13399.3984375
13186.21484375
12935.642578125
12647.2216796875
12320.5478515625
11955.287109375
11551.181640625
11108.0595703125
10625.845703125
10104.5693359375
9544.375
8945.5322265625
8308.443359375
7633.650390625
6921.84765625
6173.8837890625
5390.767578125
4573.6806640625
3723.96875
2843.158203125
1932.94921875
995.2177734375
32.0166015625
-954.431640625
-1961.7314453125
-2987.32421875
-4028.49609375
-5082.3828125
-6145.982421875
-7216.1630859375
-8289.6787109375
-9363.1796875
-10433.23046875
-11496.3212890625
-12548.8916015625
-13587.33984375
-14608.0458984375
-15607.3896484375
-16581.7705078125
-17527.6259765625
-18441.4501953125
-19319.8154296875
-20159.3896484375
-20956.9560546875
-21709.4306640625
-22413.8818359375
-23067.544921875
-23667.8369140625
-24212.375
-24698.98828125
-25125.7255859375
-25490.8740234375
-25792.9638671875
-26030.7724609375
-26203.337890625
-26309.958984375
-26350.1962890625
-26323.87890625
-26231.099609375
-26072.2099609375
-25847.826171875
-25558.8134765625
-25206.283203125
-24791.587890625
-24316.3076171875
-23782.23828125
-23191.38671875
-22545.947265625
-21848.30078125
-21100.9892578125
-20306.7080078125
-19468.2880859375
-18588.6767578125
-17670.927734375
-16718.18359375
-15733.6572265625
-14720.6171875
-13682.3720703125
-12622.255859375
-11543.6123046875
-10449.7822265625
-9344.0869140625
-8229.81640625
-7110.2177734375
-5988.484375
-4867.740234375
-3751.037109375
-2641.337890625
-1541.515625
-454.3408203125
617.52734375
1671.5400390625
2705.2666015625
3716.404296875
4702.7724609375
5662.3251953125
6593.1494140625
7493.4658203125
8361.6318359375
9196.14453125
9995.634765625
10758.8779296875
11484.7822265625
12172.3994140625
12820.912109375
13429.6474609375
13998.060546875
14525.74609375
15012.4287109375
15457.9677734375
15862.349609375
16225.689453125
16548.23046875
16830.337890625
17072.5009765625
17275.3251953125
17439.5400390625
17565.982421875
17655.6044921875
17709.4658203125
17728.7314453125
17714.6669921875
17668.634765625
17592.0908203125
17486.580078125
17353.7255859375
17195.2333984375
17012.876953125
16808.498046875
16583.9931640625
16341.3134765625
16082.453125
15809.44140625
15524.337890625
15229.22265625
14926.185546875
14617.3203125
14304.7138671875
13990.439453125
13676.544921875
13365.046875
13057.9189453125
12757.0849609375
12464.4072265625
12181.6845703125
11910.6376953125
11652.904296875
11410.033203125
11183.4765625
10974.5849609375
10784.5966796875
10614.6455078125
10465.740234375
10338.775390625
10234.521484375
10153.625
10096.6103515625
10063.873046875
10055.6904296875
10072.212890625
10113.47265625
10179.3857421875
10269.7568359375
10384.2783203125
10522.544921875
10684.05078125
10868.2001953125
11074.314453125
11301.63671875
11549.3427734375
11816.546875
12102.3056640625
12405.63671875
12725.5185546875
13060.8974609375
13410.703125
13773.8486328125
14149.2412109375
14535.7919921875
14932.419921875
15338.0537109375
15751.6474609375
16172.1787109375
16598.6533203125
17030.115234375
17465.6435546875
17904.3564453125
18345.41796875
18788.033203125
19231.453125
19674.9716796875
20117.9296875
20559.708984375
20999.7333984375
21437.466796875
21872.404296875
22304.08203125
22732.0576171875
23155.91796875
23575.271484375
23989.7412109375
24398.9638671875
24802.5810546875
25200.2373046875
25591.576171875
25976.2314453125
26353.8271484375
26723.970703125
27086.2470703125
27440.2197265625
27785.421875
28121.3583984375
28447.5
28763.28125
29068.1005859375
29361.31640625
29642.25
29910.1826171875
30164.3564453125
30403.9775390625
30628.2138671875
30836.2021484375
31027.0458984375
31199.8212890625
31353.5791015625
31487.3525390625
31600.154296875
31690.990234375
31758.8564453125
31802.751953125
31821.6796875
31814.6513671875
31780.7001953125
31718.8779296875
31628.2705078125
31507.994140625
31357.2119140625
31175.134765625
30961.01953125
30714.1943359375
30434.0419921875
30120.0205078125
29771.662109375
29388.578125
28970.4619140625
28517.099609375
28028.359375
27504.208984375
26944.7109375
26350.0205078125
25720.3984375
25056.2001953125
24357.8798828125
23625.994140625
22861.1953125
22064.2333984375
21235.9541015625
20377.2919921875
19489.275390625
18573.015625
17629.7060546875
16660.6181640625
15667.099609375
14650.560546875
13612.478515625
12554.3828125
11477.8583984375
10384.5341796875
9276.072265625
8154.1728515625
7020.55859375
5876.9677734375
4725.15625
3566.8779296875
2403.890625
1237.939453125
70.7568359375
-1095.9462890625
-2260.486328125
-3421.2119140625
-4576.5107421875
-5724.814453125
-6864.6005859375
-7994.40234375
-9112.80859375
-10218.4658203125
-11310.087890625
-12386.4501953125
-13446.400390625
-14488.8515625
-15512.7880859375
-16517.2685546875
-17501.419921875
-18464.439453125
-19405.5966796875
-20324.2265625
-21219.7333984375
-22091.5849609375
-22939.3095703125
-23762.4951171875
-24560.7841796875
-25333.8720703125
-26081.5
-26803.4521484375
-27499.5537109375
-28169.6611328125
-28813.6650390625
-29431.4765625
-30023.03125
-30588.279296875
-31127.1826171875
-31639.7109375
-32125.8359375
-32585.5341796875
-33018.7734375
-33425.517578125
-33805.7216796875
-34159.330078125
-34486.271484375
-34786.462890625
-35059.8076171875
-35306.1923828125
-35525.4892578125
-35717.556640625
-35882.2421875
-36019.3818359375
-36128.8046875
-36210.3349609375
-36263.794921875
-36289.01171875
-36285.8154296875
-36254.05078125
-36193.578125
-36104.27734375
-35986.0576171875
-35838.859375
-35662.66015625
-35457.482421875
-35223.3935546875
-34960.5166015625
-34669.03515625
-34349.193359375
-34001.3037109375
-33625.7529296875
-33222.998046875
-32793.5791015625
-32338.11328125
-31857.302734375
-31351.9306640625
-30822.86328125
-30271.0537109375
-29697.533203125
-29103.4140625
-28489.8876953125
-27858.21875
-27209.7412109375
-26545.85546875
-25868.0205078125
-25177.748046875
-24476.5986328125
-23766.169921875
-23048.091796875
-22324.0146484375
-21595.607421875
-20864.541015625
-20132.484375
-19401.0908203125
-18671.9931640625
-17946.7919921875
-17227.0478515625
-16514.2685546875
-15809.90625
-15115.34375
-14431.8896484375
-13760.7705078125
-13103.1259765625
-12459.9951171875
-11832.322265625
-11220.94140625
-10626.5830078125
-10049.861328125
-9491.275390625
-8951.2109375
-8429.9375
-7927.60546875
-7444.25390625
-6979.8076171875
-6534.083984375
-6106.7880859375
-5697.529296875
-5305.818359375
-4931.07421875
-4572.6298828125
-4229.7451171875
-3901.603515625
-3587.3271484375
-3285.984375
-2996.595703125
-2718.1416015625
-2449.572265625
-2189.81640625
-1937.7890625
-1692.3994140625
-1452.5576171875
-1217.1865234375
-985.22265625
-755.6318359375
-527.408203125
-299.58203125
-71.232421875
158.521484375
390.4990234375
625.4658203125
864.1279296875
1107.123046875
1355.0263671875
1608.3388671875
1867.4970703125
2132.8623046875
2404.7236328125
2683.2998046875
2968.7353515625
3261.103515625
3560.41015625
3866.5908203125
4179.51171875
4498.9765625
4824.7255859375
5156.4345703125
5493.724609375
5836.162109375
6183.2568359375
6534.46875
6889.21484375
7246.8603515625
7606.734375
7968.1259765625
8330.287109375
8692.4404296875
9053.7744140625
9413.4521484375
9770.6142578125
10124.3798828125
10473.8466796875
10818.1015625
11156.21484375
11487.2509765625
11810.265625
12124.3115234375
12428.4404296875
12721.7109375
13003.1796875
13271.9169921875
13527.0078125
13767.5478515625
13992.654296875
14201.4658203125
14393.1484375
14566.89453125
14721.9326171875
14857.525390625
14972.9755859375
15067.6279296875
15140.8759765625
15192.1611328125
15220.9775390625
15226.875
15209.46484375
15168.4140625
15103.4580078125
15014.3935546875
14901.0908203125
14763.4833984375
14601.576171875
14415.4482421875
14205.2470703125
13971.1943359375
13713.5810546875
13432.7724609375
13129.201171875
12803.369140625
12455.8447265625
12087.263671875
11698.3203125
11289.7705078125
10862.42578125
10417.150390625
9954.8583984375
9476.5048828125
8983.0908203125
8475.6494140625
7955.2451171875
7422.9716796875
6879.94140625
6327.287109375
5766.1484375
5197.67578125
4623.0205078125
4043.3291015625
3459.7431640625
2873.3916015625
2285.38671875
1696.8173828125
1108.7548828125
522.2333984375
-61.7373046875
-642.1875
-1218.1806640625
-1788.826171875
-2353.271484375
-2910.7109375
-3460.3857421875
-4001.583984375
-4533.6435546875
-5055.953125
-5567.9501953125
-6069.1259765625
-6559.0205078125
-7037.2265625
-7503.38671875
-7957.1943359375
-8398.392578125
-8826.771484375
-9242.1728515625
-9644.48046875
-10033.626953125
-10409.5859375
-10772.375
-11122.0498046875
-11458.708984375
-11782.4814453125
-12093.5361328125
-12392.072265625
-12678.318359375
-12952.5322265625
-13214.9951171875
-13466.01171875
-13705.908203125
-13935.0244140625
-14153.7158203125
-14362.349609375
-14561.2978515625
-14750.9384765625
-14931.6513671875
-15103.8125
-15267.787109375
-15423.9365234375
-15572.6025390625
-15714.1123046875
-15848.767578125
-15976.84375
-16098.5849609375
-16214.205078125
-16323.873046875
-16427.716796875
-16525.8212890625
-16618.2158203125
-16704.880859375
-16785.734375
-16860.638671875
-16929.3916015625
-16991.7265625
-17047.3095703125
-17095.7373046875
-17136.5390625
-17169.1728515625
-17193.029296875
-17207.42578125
-17211.615234375
-17204.78515625
-17186.0576171875
-17154.4970703125
-17109.1103515625
-17048.8544921875
-16972.63671875
-16879.330078125
-16767.7685546875
-16636.7626953125
-16485.103515625
-16311.5703125
-16114.943359375
-15894.0068359375
-15647.5654296875
-15374.4482421875
-15073.521484375
-14743.6982421875
-14383.9501953125
-13993.3154296875
-13570.9111328125
-13115.9384765625
-12627.7021484375
-12105.6064453125
-11549.1787109375
-10958.064453125
-10332.0458984375
-9671.0390625
-8975.1103515625
-8244.47265625
-7479.4951171875
-6680.70703125
-5848.796875
-4984.6162109375
-4089.1796875
-3163.6630859375
-2209.4052734375
-1227.8984375
-220.7900390625
810.126953125
1862.916015625
2935.509765625
4025.71484375
5131.22265625
6249.6162109375
7378.3935546875
8514.962890625
9656.6669921875
10800.7939453125
11944.5869140625
13085.263671875
14220.029296875
15346.0869140625
16460.6611328125
17561.001953125
18644.404296875
19708.2265625
20749.8935546875
21766.919921875
22756.9150390625
23717.599609375
24646.8154296875
25542.533203125
26402.8642578125
27226.0654296875
28010.5537109375
28754.8984375
29457.83984375
30118.2841796875
30735.306640625
31308.15625
31836.2509765625
32319.1826171875
32756.7021484375
33148.7314453125
33495.3486328125
33796.7802734375
34053.40234375
34265.7294921875
34434.4033203125
34560.189453125
34643.9609375
34686.69140625
34689.447265625
34653.373046875
34579.6806640625
34469.638671875
34324.5615234375
34145.80078125
33934.73046875
33692.73828125
33421.2177734375
33121.556640625
32795.1279296875
32443.2841796875
32067.34765625
31668.6044921875
31248.302734375
30807.6376953125
30347.7587890625
29869.7646484375
29374.6923828125
28863.52734375
28337.193359375
27796.5634765625
27242.451171875
26675.6171875
26096.7734375
25506.5830078125
24905.6650390625
24294.60546875
23673.9482421875
23044.2138671875
22405.8984375
21759.4794921875
21105.423828125
20444.1875
19776.2314453125
19102.0166015625
18422.0126953125
17736.705078125
17046.595703125
16352.208984375
15654.0908203125
14952.818359375
14248.9931640625
13543.25
12836.251953125
12128.6923828125
11421.294921875
10714.8095703125
10010.0107421875
9307.6953125
8608.67578125
7913.78125
7223.84765625
6539.712890625
5862.212890625
5192.1767578125
4530.412109375
3877.7099609375
3234.826171875
2602.486328125
1981.3671875
1372.09765625
775.25
191.3330078125
-379.2138671875
-936.0244140625
-1478.814453125
-2007.380859375
-2521.609375
-3021.4755859375
-3507.0498046875
-3978.4912109375
-4436.0595703125
-4880.107421875
-5311.0771484375
-5729.5078125
-6136.0234375
-6531.333984375
-6916.23046875
-7291.578125
-7658.3115234375
-8017.4287109375
-8369.982421875
-8717.0712890625
-9059.8359375
-9399.44140625
-9737.080078125
-10073.94921875
-10411.2529296875
-10750.1845703125
-11091.9169921875
-11437.599609375
-11788.3408203125
-12145.203125
-12509.1953125
-12881.2548828125
-13262.2529296875
-13652.978515625
-14054.12890625
-14466.3125
-14890.033203125
-15325.6943359375
-15773.5859375
-16233.888671875
-16706.6669921875
-17191.8681640625
-17689.32421875
-18198.7490234375
-18719.7392578125
-19251.779296875
-19794.240234375
-20346.3876953125
-20907.3779296875
-21476.2744140625
-22052.044921875
-22633.568359375
-23219.6455078125
-23809.00390625
-24400.306640625
-24992.1572265625
-25583.11328125
-26171.693359375
-26756.3798828125
-27335.638671875
-27907.91796875
-28471.6650390625
-29025.3271484375
-29567.3681640625
-30096.26953125
-30610.544921875
-31108.740234375
-31589.4453125
-32051.302734375
-32493.0078125
-32913.314453125
-33311.05078125
-33685.1044921875
-34034.443359375
-34358.1083984375
-34655.220703125
-34924.9794921875
-35166.666015625
-35379.638671875
-35563.3388671875
-35717.2822265625
-35841.0654296875
-35934.3583984375
-35996.8994140625
-36028.4951171875
-36029.017578125
-35998.3974609375
-35936.6171875
-35843.712890625
-35719.7626953125
-35564.884765625
-35379.2314453125
-35162.9833984375
-34916.3427734375
-34639.53515625
-34332.7919921875
-33996.359375
-33630.4833984375
-33235.4130859375
-32811.3896484375
-32358.654296875
-31877.43359375
-31367.943359375
-30830.3896484375
-30264.962890625
-29671.8408203125
-29051.1875
-28403.1572265625
-27727.8916015625
-27025.5283203125
-26296.19921875
-25540.0341796875
-24757.1708984375
-23947.75390625
-23111.9453125
-22249.9228515625
-21361.8974609375
-20448.107421875
-19508.8349609375
-18544.4111328125
-17555.2177734375
-16541.705078125
-15504.384765625
-14443.849609375
-13360.775390625
-12255.92578125
-11130.1611328125
-9984.44140625
-8819.8349609375
-7637.51953125
-6438.7861328125
-5225.0419921875
-3997.818359375
-2758.7607421875
-1509.63671875
-252.3369140625
1011.134765625
2278.6572265625
3547.9990234375
4816.8232421875
6082.689453125
7343.0703125
8595.345703125
9836.8251953125
11064.748046875
12276.296875
13468.6123046875
14638.80078125
15783.94921875
16901.1376953125
17987.4521484375
19040.001953125
20055.9296875
21032.427734375
21966.7548828125
22856.24609375
23698.3310546875
24490.5439453125
25230.541015625
25916.1123046875
26545.19140625
27115.873046875
27626.41796875
28075.267578125
28461.0478515625
28782.5849609375
29038.9091796875
29229.2548828125
29353.078125
29410.048828125
29400.0595703125
29323.2236328125
29179.8798828125
28970.5869140625
28696.123046875
28357.4814453125
27955.8681640625
27492.6923828125
26969.56640625
26388.2919921875
25750.8525390625
25059.40625
24316.275390625
23523.9326171875
22684.9921875
21802.19921875
20878.4130859375
19916.5986328125
18919.80859375
17891.1787109375
16833.9013671875
15751.2255859375
14646.4365234375
13522.84375
12383.7724609375
11232.541015625
10072.462890625
8906.82421875
7738.8759765625
6571.8271484375
5408.8310546875
4252.978515625
3107.2841796875
1974.689453125
858.046875
-239.884765625
-1316.4423828125
-2369.0654296875
-3395.2978515625
-4392.7939453125
-5359.3212890625
-6292.755859375
-7191.0888671875
-8052.4267578125
-8874.9892578125
-9657.1064453125
-10397.22265625
-11093.8935546875
-11745.775390625
-12351.6376953125
-12910.3466796875
-13420.87109375
-13882.2744140625
-14293.7119140625
-14654.431640625
-14963.7685546875
-15221.13671875
-15426.033203125
-15578.0361328125
-15676.79296875
-15722.029296875
-15713.537109375
-15651.181640625
-15534.8935546875
-15364.6708984375
-15140.5830078125
-14862.7587890625
-14531.3984375
-14146.771484375
-13709.21484375
-13219.1376953125
-12677.01953125
-12083.4189453125
-11438.9716796875
-10744.3916015625
-10000.482421875
-9208.1328125
-8368.322265625
-7482.125
-6550.716796875
-5575.373046875
-4557.4736328125
-3498.5126953125
-2400.0888671875
-1263.9208984375
-91.8408203125
1114.19921875
2352.1298828125
3619.7578125
4914.7734375
6234.7451171875
7577.125
8939.251953125
10318.34765625
11711.5283203125
13115.8076171875
14528.0986328125
15945.2275390625
17363.9326171875
18780.880859375
20192.6728515625
21595.849609375
22986.912109375
24362.3251953125
25718.5341796875
27051.9716796875
28359.0810546875
29636.3193359375
30880.1767578125
32087.1884765625
33253.955078125
34377.14453125
35453.5205078125
36479.9462890625
37453.4033203125
38371.0048828125
39230.0048828125
40027.8134765625
40762.01171875
41430.353515625
42030.78515625
42561.447265625
43020.6884765625
43407.0693359375
43719.3671875
43956.5849609375
44117.9521484375
44202.9248046875
44211.1923828125
44142.67578125
43997.521484375
43776.10546875
43479.02734375
43107.10546875
42661.369140625
42143.0576171875
41553.6083984375
40894.6494140625
40167.9892578125
39375.6103515625
38519.65625
37602.4189453125
36626.3330078125
35593.9580078125
34507.9716796875
33371.1533203125
32186.376953125
30956.595703125
29684.830078125
28374.16015625
27027.7099609375
25648.640625
24240.134765625
22805.392578125
21347.6181640625
19870.0126953125
18375.7646484375
16868.04296875
15349.990234375
13824.7177734375
12295.294921875
10764.7470703125
9236.05078125
7712.12890625
6195.849609375
4690.0185546875
3197.3759765625
1720.5986328125
262.296875
-1174.9912109375
-2588.7978515625
-3976.7275390625
-5336.4599609375
-6665.7490234375
-7962.4267578125
-9224.40234375
-10449.662109375
-11636.2744140625
-12782.3896484375
-13886.23828125
-14946.1396484375
-15960.4970703125
-16927.8017578125
-17846.63671875
-18715.677734375
-19533.6943359375
-20299.5546875
-21012.2294921875
-21670.7880859375
-22274.41015625
-22822.37890625
-23314.095703125
-23749.068359375
-24126.927734375
-24447.419921875
-24710.416015625
-24915.908203125
-25064.015625
-25154.9853515625
-25189.19140625
-25167.138671875
-25089.4619140625
-24956.9267578125
-24770.427734375
-24530.98828125
-24239.76171875
-23898.02734375
-23507.1845703125
-23068.759765625
-22584.3935546875
-22055.8427734375
-21484.97265625
-20873.755859375
-20224.263671875
-19538.6630859375
-18819.208984375
-18068.2392578125
-17288.1669921875
-16481.4736328125
-15650.7021484375
-14798.4482421875
-13927.3525390625
-13040.095703125
-12139.38671875
-11227.9541015625
-10308.5390625
-9383.888671875
-8456.7451171875
-7529.837890625
-6605.8740234375
-5687.53125
-4777.453125
-3878.232421875
-2992.4130859375
-2122.474609375
-1270.83203125
-439.8193359375
368.3046875
1151.3759765625
1907.322265625
2634.173828125
3330.064453125
3993.240234375
4622.0654296875
5215.01953125
5770.7109375
6287.873046875
6765.3671875
7202.1904296875
7597.47265625
7950.4775390625
8260.6103515625
8527.408203125
8750.546875
8929.8388671875
9065.2333984375
9156.810546875
9204.783203125
9209.494140625
9171.412109375
9091.125
8969.3427734375
8806.88671875
8604.69140625
8363.791015625
8085.3212890625
7770.5087890625
7420.6689453125
7037.1953125
6621.5576171875
6175.2900390625
5699.98828125
5197.3037109375
4668.9296875
4116.6015625
3542.0869140625
2947.1796875
2333.6923828125
1703.4501953125
1058.28515625
400.0302734375
-269.48828125
-948.4521484375
-1635.0595703125
-2327.5302734375
-3024.1044921875
-3723.0537109375
-4422.677734375
-5121.3125
-5817.328125
-6509.1328125
-7195.177734375
-7873.9501953125
-8543.9833984375
-9203.8486328125
-9852.1591796875
-10487.57421875
-11108.787109375
-11714.53515625
-12303.5927734375
-12874.7724609375
-13426.9208984375
-13958.919921875
-14469.685546875
-14958.1630859375
-15423.3291015625
-15864.185546875
-16279.765625
-16669.1259765625
-17031.34765625
-17365.5380859375
-17670.8271484375
-17946.369140625
-18191.3427734375
-18404.94921875
-18586.4169921875
-18734.9990234375
-18849.978515625
-18930.6640625
-18976.400390625
-18986.5615234375
-18960.5595703125
-18897.845703125
-18797.9111328125
-18660.2958984375
-18484.58203125
-18270.4091796875
-18017.466796875
-17725.5048828125
-17394.333984375
-17023.83203125
-16613.9404296875
-16164.6728515625
-15676.1201171875
-15148.443359375
-14581.888671875
-13976.77734375
-13333.5166015625
-12652.5966796875
-11934.591796875
-11180.1630859375
-10390.05859375
-9565.109375
-8706.234375
-7814.4375
-6890.806640625
-5936.5107421875
-4952.7998046875
-3941.0029296875
-2902.5244140625
-1838.8408203125
-751.498046875
357.88671875
1487.6396484375
2636.021484375
3801.2421875
4981.45703125
6174.7763671875
7379.2646484375
8592.951171875
9813.8271484375
11039.85546875
12268.97265625
13499.095703125
14728.123046875
15953.9384765625
17174.423828125
18387.4501953125
19590.892578125
20782.626953125
21960.5419921875
23122.53515625
24266.51953125
25390.427734375
26492.21875
27569.876953125
28621.4140625
29644.880859375
30638.3603515625
31599.9794921875
32527.908203125
33420.3623046875
34275.6064453125
35091.962890625
35867.802734375
36601.5615234375
37291.7333984375
37936.8740234375
38535.6103515625
39086.6328125
39588.70703125
40040.6689453125
40441.4296875
40789.978515625
41085.3828125
41326.7900390625
41513.4296875
41644.6123046875
41719.736328125
41738.283203125
41699.8193359375
41604.0
41450.56640625
41239.3486328125
40970.2646484375
40643.318359375
40258.607421875
39816.3134765625
39316.708984375
38760.154296875
38147.0986328125
37478.080078125
36753.724609375
35974.7490234375
35141.9560546875
34256.23828125
33318.578125
32330.046875
31291.8046875
30205.10546875
29071.2880859375
27891.791015625
26668.1376953125
25401.9501953125
24094.9423828125
22748.9248046875
21365.8056640625
19947.587890625
18496.3740234375
17014.369140625
15503.8740234375
13967.29296875
12407.1337890625
10825.998046875
9226.595703125
7611.7333984375
5984.3193359375
4347.3564453125
2703.9443359375
1057.275390625
-589.37109375
-2232.62890625
-3869.0556640625
-5495.1328125
-7107.275390625
-8701.8427734375
-10275.140625
-11823.435546875
-13342.962890625
-14829.9404296875
-16280.5751953125
-17691.0869140625
-19057.7099609375
-20376.712890625
-21644.4169921875
-22857.20703125
-24011.55078125
-25104.013671875
-26131.27734375
-27090.15625
-27977.615234375
-28790.7880859375
-29526.994140625
-30183.7529296875
-30758.802734375
-31250.1201171875
-31655.9267578125
-31974.7138671875
-32205.24609375
-32346.580078125
-32398.076171875
-32359.40234375
-32230.548828125
-32011.8330078125
-31703.9013671875
-31307.736328125
-30824.6591796875
-30256.326171875
-29604.7294921875
-28872.1904296875
-28061.353515625
-27175.1865234375
-26216.958984375
-25190.236328125
-24098.8701171875
-22946.9755859375
-21738.919921875
-20479.3017578125
-19172.93359375
-17824.81640625
-16440.119140625
-15024.1591796875
-13582.3701171875
-12120.2841796875
-10643.498046875
-9157.6533203125
-7668.4072265625
-6181.4033203125
-4702.2490234375
-3236.4833984375
-1789.5546875
-366.79296875
1026.615234375
2385.6513671875
3705.48828125
4981.513671875
6209.3486328125
7384.87109375
8504.2333984375
9563.873046875
10560.5400390625
11491.296875
12353.5390625
13145.0029296875
13863.7705078125
14508.279296875
15077.322265625
15570.0556640625
15985.9892578125
16324.99609375
16587.30078125
16773.4755859375
16884.43359375
16921.4208984375
16886.0009765625
16780.048828125
16605.73046875
16365.494140625
16062.044921875
15698.33984375
15277.5546875
14803.07421875
14278.466796875
13707.466796875
13093.9482421875
12441.90625
11755.4326171875
11038.6943359375
10295.9091796875
9531.326171875
8749.1982421875
7953.765625
7149.2333984375
6339.74609375
5529.373046875
4722.0888671875
3921.748046875
3132.0791015625
2356.658203125
1598.9033203125
862.052734375
149.15625
-536.93359375
-1193.57421875
-1818.337890625
-2409.021484375
-2963.6455078125
-3480.4658203125
-3957.9638671875
-4394.859375
-4790.0986328125
-5142.8564453125
-5452.5322265625
-5718.7412109375
-5941.3125
-6120.2744140625
-6255.853515625
-6348.4541015625
-6398.658203125
-6407.203125
-6374.978515625
-6303.00390625
-6192.423828125
-6044.48828125
-5860.5361328125
-5641.9892578125
-5390.333984375
-5107.099609375
-4793.8603515625
-4452.2080078125
-4083.744140625
-3690.0732421875
-3272.78125
-2833.4296875
-2373.55078125
-1894.6298828125
-1398.103515625
-885.3505859375
-357.6884765625
183.6337890625
737.4365234375
1302.611328125
1878.1259765625
2463.017578125
3056.3984375
3657.4462890625
4265.4091796875
4879.595703125
5499.3671875
6124.1435546875
6753.384765625
7386.5908203125
8023.2880859375
8663.03125
9305.3857421875
9949.92578125
10596.22265625
11243.841796875
11892.3291015625
12541.205078125
13189.96484375
13838.0625
14484.908203125
15129.8662109375
15772.2509765625
16411.3193359375
17046.2705078125
17676.244140625
18300.322265625
18917.52734375
19526.8232421875
20127.1201171875
20717.2763671875
21296.1015625
21862.3642578125
22414.7998046875
22952.1123046875
23472.98046875
23976.0771484375
24460.06640625
24923.6181640625
25365.416015625
25784.169921875
26178.6220703125
26547.5595703125
26889.8212890625
27204.3173828125
27490.0234375
27746.0009765625
27971.404296875
28165.4873046875
28327.6083984375
28457.244140625
28553.98828125
28617.5625
28647.8173828125
28644.73828125
28608.4462890625
28539.197265625
28437.392578125
28303.5654296875
28138.390625
27942.673828125
27717.3564453125
27463.50390625
27182.30859375
26875.0751953125
26543.224609375
26188.279296875
25811.85546875
25415.6630859375
25001.4873046875
24571.1865234375
24126.6796875
23669.9375
23202.97265625
22727.830078125
22246.580078125
21761.3037109375
21274.083984375
20787.001953125
20302.12109375
19821.484375
19347.09765625
18880.9306640625
18424.904296875
17980.884765625
17550.6767578125
17136.015625
16738.5673828125
16359.9150390625
16001.5625
15664.92578125
15351.328125
15062.00390625
14798.0869140625
14560.6171875
14350.5322265625
14168.671875
14015.7734375
13892.4716796875
13799.3037109375
13736.7021484375
13705.0029296875
13704.44140625
13735.154296875
13797.1845703125
13890.4794921875
14014.8955078125
14170.197265625
14356.0625
14572.08203125
14817.767578125
15092.5458984375
15395.76953125
15726.7158203125
16084.587890625
16468.5224609375
16877.5888671875
17310.7958984375
17767.0888671875
18245.359375
18744.4443359375
19263.126953125
19800.1484375
20354.2041015625
20923.9462890625
21507.990234375
22104.919921875
22713.2822265625
23331.6015625
23958.3720703125
24592.0712890625
25231.1552734375
25874.064453125
26519.2265625
27165.0634765625
27809.9853515625
28452.4013671875
29090.7216796875
29723.35546875
30348.7177734375
30965.23046875
31571.3271484375
32165.44921875
32746.056640625
33311.623046875
33860.6435546875
34391.6298828125
34903.1181640625
35393.666015625
35861.8623046875
36306.318359375
36725.6728515625
37118.5986328125
37483.798828125
37820.005859375
38125.9921875
38400.5595703125
38642.548828125
38850.83984375
39024.349609375
39162.0390625
39262.9072265625
39326.0
39350.4072265625
39335.265625
39279.763671875
39183.138671875
39044.6826171875
38863.7421875
38639.724609375
38372.0947265625
38060.384765625
37704.1923828125
37303.181640625
36857.095703125
36365.748046875
35829.0322265625
35246.9287109375
34619.4970703125
33946.890625
33229.3525390625
32467.2216796875
31660.9345703125
30811.029296875
29918.146484375
28983.0322265625
28006.5400390625
26989.6318359375
25933.3818359375
24838.97265625
23707.6982421875
22540.9658203125
21340.2890625
20107.29296875
18843.708984375
17551.3720703125
16232.2197265625
14888.2841796875
13521.69140625
12134.658203125
10729.4775390625
9308.521484375
7874.2314453125
6429.107421875
4975.703125
3516.6181640625
2054.484375
591.9619140625
-868.2744140625
-2323.5419921875
-3771.166015625
-5208.4833984375
-6632.859375
-8041.693359375
-9432.431640625
-10802.5791015625
-12149.7060546875
-13471.462890625
-14765.58203125
-16029.89453125
-17262.3359375
-18460.9521484375
-19623.908203125
-20749.4951171875
-21836.1337890625
-22882.3828125
-23886.9384765625
-24848.6416015625
-25766.474609375
-26639.5673828125
-27467.1962890625
-28248.779296875
-28983.8779296875
-29672.193359375
-30313.5615234375
-30907.9501953125
-31455.447265625
-31956.2646484375
-32410.7197265625
-32819.2373046875
-33182.33203125
-33500.603515625
-33774.73046875
-34005.4501953125
-34193.560546875
-34339.900390625
-34445.3427734375
-34510.787109375
-34537.1416015625
-34525.322265625
-34476.236328125
-34390.7783203125
-34269.81640625
-34114.1923828125
-33924.70703125
-33702.1181640625
-33447.1357421875
-33160.4140625
-32842.556640625
-32494.1044921875
-32115.5439453125
-31707.302734375
-31269.75390625
-30803.2138671875
-30307.955078125
-29784.2021484375
-29232.146484375
-28651.9453125
-28043.7392578125
-27407.65234375
-26743.80859375
-26052.341796875
-25333.4052734375
-24587.1826171875
-23813.9052734375
-23013.859375
-22187.4013671875
-21334.9716796875
-20457.1025390625
-19554.4345703125
-18627.7275390625
-17677.8681640625
-16705.884765625
-15712.9501953125
-14700.400390625
-13669.7265625
-12622.595703125
-11560.84375
-10486.484375
-9401.70703125
-8308.876953125
-7210.533203125
-6109.3857421875
-5008.3046875
-3910.3193359375
-2818.6025390625
-1736.4638671875
-667.33203125
385.2568359375
1417.6748046875
2426.22265625
3407.1484375
4356.666015625
5270.978515625
6146.302734375
6978.888671875
7765.0458984375
8501.1669921875
9183.7529296875
9809.4384765625
10375.013671875
10877.455078125
11313.939453125
11681.8759765625
11978.9208984375
12203.001953125
12352.3427734375
12425.4658203125
12421.2255859375
12338.8115234375
12177.7626953125
11937.982421875
11619.740234375
11223.6806640625
10750.822265625
10202.5654296875
9580.68359375
8887.3203125
8124.986328125
7296.5439453125
6405.197265625
5454.48046875
4448.2392578125
3390.609375
2285.998046875
1139.0654296875
-45.3095703125
-1262.044921875
-2505.8935546875
-3771.4619140625
-5053.2470703125
-6345.662109375
-7643.072265625
-8939.822265625
-10230.2666015625
-11508.8046875
-12769.91015625
-14008.15625
-15218.2548828125
-16395.0751953125
-17533.673828125
-18629.3251953125
-19677.5361328125
-20674.0751953125
-21614.9912109375
-22496.6298828125
-23315.6494140625
-24069.0341796875
-24754.1103515625
-25368.5458984375
-25910.3681640625
-26377.95703125
-26770.0517578125
-27085.7529296875
-27324.5107421875
-27486.126953125
-27570.7451171875
-27578.837890625
-27511.201171875
-27368.93359375
-27153.4228515625
-26866.3330078125
-26509.580078125
-26085.318359375
-25595.9140625
-25043.9287109375
-24432.0927734375
-23763.2880859375
-23040.5185546875
-22266.896484375
-21445.6103515625
-20579.9091796875
-19673.076171875
-18728.4111328125
-17749.208984375
-16738.73828125
-15700.2265625
-14636.8388671875
-13551.666015625
-12447.708984375
-11327.8662109375
-10194.9169921875
-9051.5224609375
-7900.208984375
-6743.36328125
-5583.2294921875
-4421.9072265625
-3261.3447265625
-2103.341796875
-949.5517578125
198.5146484375
1339.490234375
2472.140625
3595.3603515625
4708.16796875
5809.6904296875
6899.1630859375
7975.9140625
9039.3564453125
10088.9755859375
11124.3232421875
12144.9990234375
13150.6494140625
14140.9482421875
15115.5927734375
16074.287109375
17016.7412109375
17942.654296875
18851.7099609375
19743.568359375
20617.8603515625
21474.1806640625
22312.0830078125
23131.07421875
23930.6162109375
24710.119140625
25468.9423828125
26206.3935546875
26921.7314453125
27614.166015625
28282.8603515625
28926.9384765625
29545.4833984375
30137.5458984375
30702.15234375
31238.3046875
31744.99609375
32221.20703125
32665.923828125
33078.1396484375
33456.8642578125
33801.1318359375
34110.013671875
34382.6142578125
34618.095703125
34815.669921875
34974.6142578125
35094.27734375
35174.0859375
35213.5439453125
35212.2490234375
35169.888671875
35086.2490234375
34961.21484375
34794.7744140625
34587.021484375
34338.1572265625
34048.4873046875
33718.427734375
33348.498046875
32939.3251953125
32491.63671875
32006.2646484375
31484.134765625
30926.267578125
30333.7744140625
29707.8525390625
29049.77734375
28360.90234375
27642.6474609375
26896.5029296875
26124.0107421875
25326.7705078125
24506.427734375
23664.6689453125
22803.2177734375
21923.8251953125
21028.26953125
20118.345703125
19195.86328125
18262.64453125
17320.5126953125
16371.29296875
15416.8076171875
14458.8720703125
13499.2900390625
12539.853515625
11582.3388671875
10628.501953125
9680.080078125
8738.7861328125
7806.3134765625
6884.3232421875
5974.4541015625
5078.3154296875
4197.486328125
3333.5185546875
2487.9306640625
1662.2119140625
857.814453125
76.158203125
-681.3701171875
-1413.421875
-2118.685546875
-2795.888671875
-3443.798828125
-4061.2275390625
-4647.033203125
-5200.1162109375
-5719.4296875
-6203.9794921875
-6652.826171875
-7065.0888671875
-7439.9462890625
-7776.64453125
-8074.498046875
-8332.892578125
-8551.287109375
-8729.224609375
-8866.326171875
-8962.3037109375
-9016.953125
-9030.16796875
-9001.9345703125
-8932.3388671875
-8821.56640625
-8669.90625
-8477.7509765625
-8245.59765625
-7974.0498046875
-7663.818359375
-7315.716796875
-6930.6630859375
-6509.6806640625
-6053.8896484375
-5564.5087890625
-5042.849609375
-4490.3125
-3908.3857421875
-3298.630859375
-2662.6875
-2002.2568359375
-1319.0986328125
-615.0283203125
108.1015625
848.400390625
1603.953125
2372.8310546875
3153.0947265625
3942.810546875
4740.0576171875
5542.9326171875
6349.5703125
7158.142578125
7966.8701171875
8774.033203125
9577.98046875
10377.1337890625
11169.9951171875
11955.1591796875
12731.3115234375
13497.2392578125
14251.833984375
14994.0947265625
15723.1298828125
16438.1611328125
17138.5224609375
17823.6611328125
18493.1376953125
19146.619140625
19783.8798828125
20404.80078125
21009.357421875
21597.6171875
22169.7353515625
22725.94140625
23266.5400390625
23791.892578125
24302.416015625
24798.5673828125
25280.8369140625
25749.736328125
26205.787109375
26649.513671875
27081.4248046875
27502.0126953125
27911.7333984375
28311.001953125
28700.1806640625
29079.5703125
29449.3984375
29809.81640625
30160.888671875
30502.583984375
30834.7763671875
31157.2353515625
31469.6201171875
31771.4873046875
32062.2763671875
32341.3212890625
32607.8447265625
32860.9619140625
33099.685546875
33322.9306640625
33529.5185546875
33718.1875
33887.59765625
34036.3427734375
34162.9599609375
34265.94140625
34343.7490234375
34394.822265625
34417.599609375
34410.5263671875
34372.0712890625
34300.7470703125
34195.12109375
34053.830078125
33875.6005859375
33659.26171875
33403.7607421875
33108.1806640625
32771.748046875
32393.859375
31974.0771484375
31512.158203125
31008.0537109375
30461.9248046875
29874.1484375
29245.3251953125
28576.2880859375
27868.1025390625
27122.0712890625
26339.73828125
25522.8798828125
24673.51171875
23793.8818359375
22886.4619140625
21953.9423828125
20999.2236328125
20025.404296875
19035.765625
18033.767578125
17023.0185546875
16007.2724609375
14990.3994140625
13976.3720703125
12969.2451171875
11973.1328125
10992.18359375
10030.560546875
9092.41796875
8181.875
7302.9921875
6459.748046875
5656.013671875
4895.53125
4181.884765625
3518.484375
2908.541015625
2355.0439453125
1860.7431640625
1428.12890625
1059.4130859375
756.5166015625
521.0537109375
354.3173828125
257.2685546875
230.5322265625
274.3857421875
388.7509765625
573.2021484375
826.953125
1148.8671875
1537.4580078125
1990.892578125
2507.0068359375
3083.3046875
3716.98046875
4404.92578125
5143.75
5929.79296875
6759.150390625
7627.689453125
8531.07421875
9464.7861328125
10424.1513671875
11404.3671875
12400.525390625
13407.64453125
14420.6884765625
15434.6044921875
16444.349609375
17444.91015625
18431.3408203125
19398.7900390625
20342.517578125
21257.93359375
22140.6171875
22986.341796875
23791.099609375
24551.1220703125
25262.904296875
25923.2177734375
26529.1318359375
27078.03125
27567.6220703125
27995.953125
28361.4169921875
28662.7626953125
28899.1005859375
29069.90234375
29175.0068359375
29214.6142578125
29189.2880859375
29099.9462890625
28947.853515625
28734.615234375
28462.1611328125
28132.7373046875
27748.890625
27313.443359375
26829.4921875
26300.3701171875
25729.63671875
25121.0537109375
24478.55859375
23806.2470703125
23108.33984375
22389.162109375
21653.1201171875
20904.6689453125
20148.29296875
19388.470703125
18629.662109375
17876.2685546875
17132.6220703125
16402.9482421875
15691.3544921875
15001.7958984375
14338.068359375
13703.775390625
13102.31640625
12536.8701171875
12010.376953125
11525.5224609375
11084.734375
10690.162109375
10343.673828125
10046.84765625
9800.9697265625
9607.0283203125
9465.7138671875
9377.419921875
9342.2470703125
9360.0048828125
9430.21875
9552.138671875
9724.7490234375
9946.7802734375
10216.7138671875
10532.806640625
10893.0966796875
11295.4267578125
11737.4521484375
12216.6640625
12730.408203125
13275.8984375
13850.236328125
14450.4375
15073.44140625
15716.1337890625
16375.3681640625
17047.98046875
17730.8095703125
18420.712890625
19114.5859375
19809.3740234375
20502.091796875
21189.8359375
21869.7958984375
22539.2705078125
23195.67578125
23836.5537109375
24459.5849609375
25062.59375
25643.552734375
26200.58984375
26731.9912109375
27236.2041015625
27711.8388671875
28157.666015625
28572.619140625
28955.7919921875
29306.4345703125
29623.951171875
29907.89453125
30157.9619140625
30373.98828125
30555.9423828125
30703.916015625
30818.1240234375
30898.8857421875
30946.6337890625
30961.888671875
30945.263671875
30897.4560546875
30819.2353515625
30711.4345703125
30574.955078125
30410.7451171875
30219.8046875
30003.1748046875
29761.9326171875
29497.1875
29210.0751953125
28901.755859375
28573.408203125
28226.2275390625
27861.4248046875
27480.2177734375
27083.83984375
26673.52734375
26250.52734375
25816.0908203125
25371.47265625
24917.9345703125
24456.7421875
23989.162109375
23516.4677734375
23039.9345703125
22560.8408203125
22080.4658203125
21600.0908203125
21121.0
20644.474609375
20171.7939453125
19704.236328125
19243.0732421875
18789.5673828125
18344.974609375
17910.533203125
17487.4697265625
17076.9873046875
16680.2666015625
16298.4599609375
15932.6875
15584.0302734375
15253.5263671875
14942.1708984375
14650.90234375
14380.603515625
14132.091796875
13906.1181640625
13703.3583984375
13524.412109375
13369.7919921875
13239.9248046875
13135.146484375
13055.693359375
13001.705078125
12973.2197265625
12970.16796875
12992.375
13039.5595703125
13111.3310546875
13207.19140625
13326.53515625
13468.6513671875
13632.7255859375
13817.8427734375
14022.994140625
14247.07421875
14488.8955078125
14747.1884765625
15020.607421875
15307.740234375
15607.1201171875
15917.224609375
16236.490234375
16563.3212890625
16896.099609375
17233.193359375
17572.966796875
17913.79296875
18254.0615234375
18592.1875
18926.6279296875
19255.8828125
19578.5166015625
19893.154296875
20198.5
20493.341796875
20776.5615234375
21047.138671875
21304.1611328125
21546.826171875
21774.451171875
21986.47265625
22182.4541015625
22362.0849609375
22525.181640625
22671.6884765625
22801.681640625
22915.3583984375
23013.0439453125
23095.18359375
23162.3349609375
23215.1689453125
23254.4560546875
23281.0703125
23295.96875
23300.19140625
23294.84765625
23281.11328125
23260.2109375
23233.4033203125
23201.986328125
23167.2763671875
23130.591796875
23093.25390625
23056.56640625
23021.810546875
22990.232421875
22963.0322265625
22941.3564453125
22926.2880859375
22918.837890625
22919.9375
22930.435546875
22951.0830078125
22982.5400390625
23025.36328125
23080.005859375
23146.8154296875
23226.0322265625
23317.7900390625
23422.1171875
23538.9384765625
23668.076171875
23809.2568359375
23962.1142578125
24126.1923828125
24300.9619140625
24485.8095703125
24680.064453125
24882.9931640625
25093.8125
25311.697265625
25535.7919921875
25765.21484375
25999.0732421875
26236.4658203125
26476.4951171875
26718.2763671875
26960.9443359375
27203.662109375
27445.6259765625
27686.07421875
27924.29296875
28159.619140625
28391.4501953125
28619.2421875
28842.513671875
29060.8525390625
29273.9111328125
29481.4091796875
29683.1396484375
29878.953125
30068.7724609375
30252.5810546875
30430.4189453125
30602.38671875
30768.6337890625
30929.359375
31084.8037109375
31235.2470703125
31381.0
31522.404296875
31659.8212890625
31793.6318359375
31924.23046875
32052.0146484375
32177.3935546875
32300.771484375
32422.548828125
32543.1220703125
32662.87890625
32782.1962890625
32901.439453125
33020.9609375
33141.103515625
33262.1953125
33384.5576171875
33508.5029296875
33634.3369140625
33762.3623046875
33892.8828125
34026.2080078125
34162.650390625
34302.5419921875
34446.2236328125
34594.0615234375
34746.4453125
34903.7958984375
35066.56640625
35235.244140625
35410.36328125
35592.4931640625
35782.2587890625
35980.322265625
36187.4013671875
36404.26171875
36631.7158203125
36870.625
37121.8974609375
37386.4814453125
37665.3681640625
37959.5830078125
38270.1826171875
38598.2451171875
38944.869140625
39311.162109375
39698.2353515625
40107.1953125
40539.1318359375
40995.111328125
41476.1708984375
41983.298828125
42517.4345703125
43079.455078125
43670.166015625
44290.287109375
44940.4521484375
45621.1953125
46332.9423828125
47076.0009765625
47850.5634765625
48656.6884765625
49494.3037109375
50363.197265625
51263.017578125
52193.2666015625
53153.302734375
54142.337890625
55159.4365234375
56203.5205078125
57273.3701171875
58367.6240234375
59484.7919921875
60623.2548828125
61781.2666015625
62956.9736328125
64148.4091796875
65353.513671875
66570.134765625
67796.0419921875
69028.935546875
70266.45703125
71506.2041015625
72745.73046875
73982.5703125
75214.2431640625
76438.259765625
77652.146484375
78853.443359375
80039.71875
81208.5810546875
82357.6884765625
83484.7548828125
84587.5595703125
85663.958984375
86711.888671875
87729.3720703125
88714.5283203125
89665.5771484375
90580.8408203125
91458.751953125
92297.8544921875
93096.8076171875
93854.3876953125
94569.4892578125
95241.1259765625
95868.431640625
96450.6591796875
96987.1806640625
97477.4873046875
97921.185546875
98317.994140625
98667.7451171875
98970.3828125
99225.9541015625
99434.611328125
99596.6083984375
99712.29296875
99782.109375
99806.591796875
99786.3583984375
99722.1142578125
99614.640625
99464.796875
99273.5146484375
99041.7939453125
98770.7001953125
98461.36328125
98114.9736328125
97732.7744140625
97316.06640625
96866.2001953125
96384.576171875
95872.640625
95331.8818359375
94763.833984375
94170.0654296875
93552.1884765625
92911.849609375
92250.724609375
91570.5302734375
90873.0068359375
90159.92578125
89433.0908203125
88694.3251953125
87945.4814453125
87188.431640625
86425.072265625
85657.318359375
84887.103515625
84116.3759765625
83347.1005859375
82581.2509765625
81820.814453125
81067.783203125
80324.1552734375
79591.931640625
78873.1103515625
78169.685546875
77483.646484375
76816.966796875
76171.607421875
75549.5087890625
74952.5869140625
74382.73046875
73841.7880859375
73331.5751953125
72853.8583984375
72410.3544921875
72002.72265625
71632.55859375
71301.38671875
71010.658203125
70761.7392578125
70555.908203125
70394.34375
70278.1259765625
70208.2236328125
70185.490234375
70210.66015625
70284.3359375
70406.9931640625
70578.966796875
70800.4501953125
71071.4892578125
71391.9853515625
71761.6826171875
72180.1748046875
72646.8994140625
73161.138671875
73722.0185546875
74328.5146484375
74979.447265625
75673.4921875
76409.1787109375
77184.8994140625
77998.9150390625
78849.3564453125
79734.2421875
80651.4794921875
81598.876953125
82574.1552734375
83574.95703125
84598.861328125
85643.3916015625
86706.03515625
87784.248046875
88875.478515625
89977.1728515625
91086.794921875
92201.8359375
93319.8291015625
94438.3671875
95555.1103515625
96667.8046875
97774.2880859375
98872.505859375
99960.5234375
101036.5302734375
102098.85546875
103145.970703125
104176.4990234375
105189.2216796875
106183.08203125
107157.1884765625
108110.81640625
109043.41015625
109954.58203125
110844.1103515625
111711.939453125
112558.1689453125
113383.0595703125
114187.013671875
114970.5810546875
115734.443359375
116479.4072265625
117206.3916015625
117916.4287109375
118610.63671875
119290.2236328125
119956.4677734375
120610.7099609375
121254.3388671875
121888.783203125
122515.498046875
123135.9521484375
123751.6240234375
124363.9853515625
124974.4912109375
125584.57421875
126195.63671875
126809.0390625
127426.095703125
128048.06640625
128676.154296875
129311.5009765625
129955.177734375
130608.1875
131271.46484375
131945.8671875
132632.1796875
133331.1123046875
134043.3056640625
134769.32421875
135509.6630859375
136264.751953125
137034.9482421875
137820.5517578125
138621.796875
139438.8642578125
140271.876953125
141120.904296875
141985.966796875
142867.0400390625
143764.0517578125
144676.88671875
145605.388671875
146549.361328125
147508.5693359375
148482.7353515625
149471.546875
150474.6484375
151491.646484375
152522.1044921875
153565.5439453125
154621.44140625
155689.224609375
156768.2744140625
157857.91796875
158957.4296875
160066.0244140625
161182.8603515625
162307.0322265625
163437.5712890625
164573.4423828125
165713.54296875
166856.7001953125
168001.67578125
169147.158203125
170291.767578125
171434.056640625
172572.51171875
173705.556640625
174831.552734375
175948.8076171875
177055.5751953125
178150.068359375
179230.455078125
180294.8759765625
181341.4462890625
182368.2646484375
183373.4267578125
184355.0283203125
185311.18359375
186240.0302734375
187139.7412109375
188008.5380859375
188844.701171875
189646.5859375
190412.625
191141.3505859375
191831.400390625
192481.5283203125
193090.619140625
193657.6962890625
194181.931640625
194662.65625
195099.365234375
195491.734375
195839.6162109375
196143.0537109375
196402.2802734375
196617.7255859375
196790.0234375
196920.0048828125
197008.703125
197057.35546875
197067.3974609375
197040.4638671875
196978.3798828125
196883.1640625
196757.013671875
196602.302734375
196421.5732421875
196217.525390625
195993.0087890625
195751.0078125
195494.6357421875
195227.1181640625
194951.78125
194672.0361328125
194391.369140625
194113.32421875
193841.484375
193579.4638671875
193330.8857421875
193099.3681640625
192888.5107421875
192701.8740234375
192542.96875
192415.2333984375
192322.0234375
192266.59375
192252.0849609375
192281.505859375
192357.7216796875
192483.4365234375
192661.185546875
192893.314453125
193181.97265625
193529.1025390625
193936.4228515625
194405.423828125
194937.357421875
195533.2255859375
196193.77734375
196919.498046875
197710.609375
198567.05859375
199488.51953125
200474.3916015625
201523.794921875
202635.5732421875
203808.294921875
205040.255859375
206329.484375
207673.744140625
209070.541015625
210517.1357421875
212010.544921875
213547.5595703125
215124.751953125
216738.490234375
218384.951171875
220060.1357421875
221759.8896484375
223479.912109375
225215.7861328125
226962.9853515625
228716.9033203125
230472.87109375
232226.177734375
233972.09765625
235705.90625
237422.9072265625
239118.45703125
240787.9853515625
242427.017578125
244031.203125
245596.33203125
247118.3623046875
248593.4384765625
250017.9140625
251388.3720703125
252701.642578125
253954.8232421875
255145.29296875
256270.7314453125
257329.1279296875
258318.796875
259238.3876953125
260086.8935546875
260863.658203125
261568.380859375
262201.1171875
262762.28515625
263252.658203125
263673.365234375
264025.8828125
264312.0322265625
264533.9658203125
264694.1572265625
264795.38671875
264840.7314453125
264833.5390625
264777.419921875
264676.21875
264534.0
264355.0185546875
264143.7021484375
263904.623046875
263642.474609375
263362.044921875
263068.1884765625
262765.8037109375
262459.80078125
262155.0810546875
261856.5048828125
261568.8701171875
261296.8837890625
261045.1376953125
260818.0888671875
260620.0302734375
260455.072265625
260327.1259765625
260239.87890625
260196.7802734375
260201.02734375
260255.544921875
260362.9814453125
260525.6943359375
260745.73828125
261024.8642578125
261364.5146484375
261765.8115234375
262229.568359375
262756.2783203125
263346.1259765625
263998.984375
264714.4248046875
265491.72265625
266329.86328125
267227.560546875
268183.255859375
269195.1376953125
270261.15625
271379.0341796875
272546.2802734375
273760.2119140625
275017.96484375
276316.513671875
277652.6875
279023.1875
280424.60546875
281853.44140625
283306.12109375
284779.013671875
286268.4462890625
287770.7265625
289282.1533203125
290799.0380859375
292317.7138671875
293834.560546875
295346.0068359375
296848.5546875
298338.787109375
299813.3818359375
301269.12109375
302702.908203125
304111.7705078125
305492.873046875
306843.52734375
308161.1982421875
309443.509765625
310688.2548828125
311893.3935546875
313057.072265625
314177.6083984375
315253.51171875
316283.4736328125
317266.37890625
318201.2978515625
319087.4931640625
319924.4189453125
320711.71484375
321449.2138671875
322136.9287109375
322775.056640625
323363.974609375
323904.232421875
324396.552734375
324841.8193359375
325241.076171875
325595.521484375
325906.494140625
326175.4736328125
326404.0703125
326594.01171875
326747.138671875
326865.3984375
326950.8251953125
327005.541015625
327031.73828125
327031.671875
327007.6474609375
326962.0107421875
326897.1376953125
326815.421875
326719.263671875
326611.05859375
326493.189453125
326368.013671875
326237.849609375
326104.97265625
325971.603515625
325839.89453125
325711.9267578125
325589.701171875
325475.1240234375
325370.009765625
325276.0693359375
325194.904296875
325128.005859375
325076.744140625
325042.3720703125
325026.01953125
325028.69140625
325051.2685546875
325094.505859375
325159.033203125
325245.361328125
325353.8779296875
325484.8544921875
325638.4501953125
325814.712890625
326013.5869140625
326234.919921875
326478.466796875
326743.89453125
327030.7890625
327338.6689453125
327666.9794921875
328015.1162109375
328382.4150390625
328768.1728515625
329171.6494140625
329592.0732421875
330028.6533203125
330480.576171875
330947.0244140625
331427.173828125
331920.201171875
332425.291015625
332941.638671875
333468.453125
334004.9638671875
334550.421875
335104.099609375
335665.2998046875
336233.3505859375
336807.6083984375
337387.4599609375
337972.3203125
338561.6318359375
339154.8681640625
339751.5234375
340351.1240234375
340953.212890625
341557.3564453125
342163.140625
342770.1640625
343378.041015625
343986.3974609375
344594.86328125
345203.076171875
345810.6767578125
346417.3037109375
347022.5927734375
347626.177734375
348227.6826171875
348826.7216796875
349422.8994140625
350015.80859375
350605.029296875
351190.1220703125
351770.6376953125
352346.1083984375
352916.05078125
353479.96484375
354037.3349609375
354587.6318359375
355130.30859375
355664.806640625
356190.5546875
356706.96875
357213.4560546875
357709.4140625
358194.2353515625
358667.3046875
359128.0048828125
359575.7177734375
360009.82421875
360429.7060546875
360834.7529296875
361224.35546875
361597.916015625
361954.8447265625
362294.5634765625
362616.5078125
362920.1259765625
363204.8857421875
363470.271484375
363715.7880859375
363940.9609375
364145.337890625
364328.4931640625
364490.0263671875
364629.560546875
364746.7529296875
364841.287109375
364912.876953125
364961.2724609375
364986.2529296875
364987.6337890625
364965.267578125
364919.041015625
364848.880859375
364754.75
364636.65234375
364494.6298828125
364328.767578125
364139.1884765625
363926.060546875
363689.58984375
363430.025390625
363147.6591796875
362842.8193359375
362515.8798828125
362167.25390625
361797.3896484375
361406.775390625
360995.9365234375
360565.4326171875
360115.857421875
359647.8330078125
359162.0107421875
358659.072265625
358139.7177734375
357604.669921875
357054.6708984375
356490.4765625
355912.8544921875
355322.5810546875
354720.4365234375
354107.203125
353483.662109375
352850.587890625
352208.75
351558.90234375
350901.783203125
350238.1171875
349568.6064453125
348893.9306640625
348214.740234375
347531.666015625
346845.3017578125
346156.216796875
345464.9453125
344771.990234375
344077.8232421875
343382.8818359375
342687.5712890625
341992.267578125
341297.3125
340603.0234375
339909.6875
339217.56640625
338526.900390625
337837.91015625
337150.7978515625
336465.751953125
335782.94921875
335102.5595703125
334424.7490234375
333749.6845703125
333077.53125
332408.466796875
331742.6728515625
331080.3505859375
330421.7138671875
329766.998046875
329116.4619140625
328470.3876953125
327829.08984375
327192.908203125
326562.21875
325937.431640625
325318.98828125
324707.3720703125
324103.099609375
323506.728515625
322918.8486328125
322340.0927734375
321771.1279296875
321212.6552734375
320665.4140625
320130.173828125
319607.736328125
319098.9326171875
318604.6220703125
318125.685546875
317663.02734375
317217.5712890625
316790.255859375
316382.033203125
315993.8623046875
315626.7119140625
315281.55078125
314959.345703125
314661.0595703125
314387.6455078125
314140.04296875
313919.1767578125
313725.94921875
313561.2392578125
313425.89453125
313320.73046875
313246.5263671875
313204.0185546875
313193.8984375
313216.8046875
313273.32421875
313363.9833984375
313489.24609375
313649.5087890625
313845.0927734375
314076.2451171875
314343.1328125
314645.8369140625
314984.3466796875
315358.560546875
315768.27734375
316213.1962890625
316692.9111328125
317206.9091796875
317754.5615234375
318335.12890625
318947.7568359375
319591.4697265625
320265.1728515625
320967.65234375
321697.5732421875
322453.4794921875
323233.7939453125
324036.8251953125
324860.76171875
325703.68359375
326563.560546875
327438.2568359375
328325.5419921875
329223.0888671875
330128.4912109375
331039.2626953125
331952.8505859375
332866.6416015625
333777.9794921875
334684.1640625
335582.478515625
336470.1865234375
337344.5537109375
338202.861328125
339042.416015625
339860.5615234375
340654.7021484375
341422.3056640625
342160.92578125
342868.2109375
343541.916015625
344179.9228515625
344780.2470703125
345341.0498046875
345860.650390625
346337.53515625
346770.369140625
347158.0
347499.46875
347794.0126953125
348041.072265625
348240.291015625
348391.5185546875
348494.810546875
348550.4267578125
348558.826171875
348520.6689453125
348436.8017578125
348308.255859375
348136.2333984375
347922.10546875
347667.390625
347373.75
347042.96875
346676.943359375
346277.6630859375
345847.201171875
345387.689453125
344901.3046875
344390.2529296875
343856.7490234375
343302.998046875
342731.1845703125
342143.4462890625
341541.8642578125
340928.447265625
340305.11328125
339673.67578125
339035.8359375
338393.1650390625
337747.0966796875
337098.9169921875
336449.7607421875
335800.6005859375
335152.2431640625
334505.33203125
333860.3388671875
333217.5693359375
332577.1640625
331939.1015625
331303.2021484375
330669.140625
330036.4462890625
329404.5166015625
328772.6318359375
328139.955078125
327505.5595703125
326868.4296875
326227.4814453125
325581.57421875
324929.529296875
324270.1396484375
323602.1884765625
322924.4658203125
322235.7783203125
321534.96484375
320820.9140625
320092.576171875
319348.9677734375
318589.1943359375
317812.4521484375
317018.0419921875
316205.373046875
315373.97265625
314523.4921875
313653.7060546875
312764.5185546875
311855.962890625
310928.203125
309981.5302734375
309016.359375
308033.2265625
307032.7802734375
306015.7822265625
304983.0908203125
303935.6572265625
302874.5166015625
301800.775390625
300715.6025390625
299620.2158203125
298515.8759765625
297403.8671875
296285.4892578125
295162.048828125
294034.841796875
292905.142578125
291774.2001953125
290643.2177734375
289513.3505859375
288385.689453125
287261.26171875
286141.015625
285025.8154296875
283916.4365234375
282813.564453125
281717.783203125
280629.576171875
279549.3291015625
278477.322265625
277413.7333984375
276358.642578125
275312.0263671875
274273.7705078125
273243.666015625
272221.419921875
271206.65625
270198.923828125
269197.701171875
268202.4072265625
267212.404296875
266227.0078125
265245.4951171875
264267.1083984375
263291.0693359375
262316.5810546875
261342.8349609375
260369.0244140625
259394.3466796875
258418.0078125
257439.2314453125
256457.263671875
255471.37890625
254480.8818359375
253485.111328125
252483.447265625
251475.306640625
250460.15234375
249437.4853515625
248406.8583984375
247367.8642578125
246320.1376953125
245263.3623046875
244197.2568359375
243121.5849609375
242036.14453125
240940.771484375
239835.333984375
238719.728515625
237593.8818359375
236457.7431640625
235311.28515625
234154.498046875
232987.3896484375
231809.984375
230622.314453125
229424.4267578125
228216.3759765625
226998.2255859375
225770.048828125
224531.923828125
223283.9375
222026.1865234375
220758.77734375
219481.8271484375
218195.4677734375
216899.8486328125
215595.1318359375
214281.5078125
212959.189453125
211628.41796875
210289.466796875
208942.6474609375
207588.30859375
206226.84375
204858.6962890625
203484.357421875
202104.375
200719.357421875
199329.9677734375
197936.9365234375
196541.0595703125
195143.2001953125
193744.28515625
192345.314453125
190947.3564453125
189551.5419921875
188159.07421875
186771.2138671875
185389.2890625
184014.6806640625
182648.8271484375
181293.212890625
179949.3662109375
178618.8564453125
177303.27734375
176004.25390625
174723.423828125
173462.43359375
172222.93359375
171006.5634765625
169814.94921875
168649.689453125
167512.3505859375
166404.4580078125
165327.484375
164282.845703125
163271.88671875
162295.880859375
161356.0185546875
160453.3994140625
159589.0283203125
158763.8095703125
157978.5400390625
157233.9052734375
156530.4755859375
155868.7060546875
155248.9287109375
154671.35546875
154136.0771484375
153643.05859375
153192.146484375
152783.0654296875
152415.42578125
152088.7177734375
151802.3251953125
151555.5224609375
151347.4814453125
151177.2783203125
151043.8994140625
150946.23828125
150883.119140625
150853.2841796875
150855.416015625
150888.134765625
150950.0078125
151039.55859375
151155.26953125
151295.5888671875
151458.9404296875
151643.724609375
151848.330078125
152071.1318359375
152310.5
152564.8056640625
152832.4208984375
153111.7236328125
153401.1025390625
153698.9580078125
154003.703125
154313.7666015625
154627.595703125
154943.6494140625
155260.4091796875
155576.3740234375
155890.05859375
156199.9951171875
156504.732421875
156802.8349609375
157092.8818359375
157373.4677734375
157643.19921875
157900.6943359375
158144.587890625
158373.521484375
158586.1513671875
158781.1474609375
158957.19140625
159112.9765625
159247.21484375
159358.6357421875
159445.9892578125
159508.0439453125
159543.599609375
159551.4833984375
159530.556640625
159479.72265625
159397.9208984375
159284.150390625
159137.45703125
158956.9521484375
158741.810546875
158491.28515625
158204.705078125
157881.48828125
157521.142578125
157123.2783203125
156687.6064453125
156213.9541015625
155702.2578125
155152.5791015625
154565.1064453125
153940.1513671875
153278.162109375
152579.71875
151845.541015625
151076.484375
150273.5380859375
149437.8310546875
148570.626953125
147673.3193359375
146747.4306640625
145794.6064453125
144816.6123046875
143815.322265625
142792.71875
141750.8798828125
140691.9697265625
139618.232421875
138531.982421875
137435.5859375
136331.462890625
135222.064453125
134109.8623046875
132997.3447265625
131886.994140625
130781.2802734375
129682.6455078125
128593.49609375
127516.185546875
126453.005859375
125406.17578125
124377.830078125
123370.0068359375
122384.64453125
121423.5654296875
120488.47265625
119580.9384765625
118702.4072265625
117854.1767578125
117037.4052734375
116253.103515625
115502.1298828125
114785.1953125
114102.8583984375
113455.5244140625
112843.451171875
112266.7548828125
111725.3994140625
111219.2177734375
110747.90625
110311.0341796875
109908.052734375
109538.2958984375
109200.9931640625
108895.2802734375
108620.201171875
108374.72265625
108157.7431640625
107968.099609375
107804.5810546875
107665.9345703125
107550.87890625
107458.1123046875
107386.3232421875
107334.1962890625
107300.4267578125
107283.72265625
107282.8212890625
107296.48828125
107323.53125
107362.8037109375
107413.2109375
107473.71484375
107543.3447265625
107621.1923828125
107706.419921875
107798.267578125
107896.0439453125
107999.140625
108107.0234375
108219.2353515625
108335.3994140625
108455.2119140625
108578.4443359375
108704.939453125
108834.609375
108967.43359375
109103.44921875
109242.755859375
109385.5
109531.87890625
109682.1318359375
109836.53515625
109995.396484375
110159.044921875
110327.830078125
110502.115234375
110682.267578125
110868.654296875
111061.6357421875
111261.560546875
111468.7568359375
111683.5302734375
111906.1533203125
112136.865234375
112375.861328125
112623.2939453125
112879.26171875
113143.8115234375
113416.9306640625
113698.546875
113988.5205078125
114286.646484375
114592.650390625
114906.189453125
115226.84765625
115554.1396484375
115887.5078125
116226.32421875
116569.890625
116917.443359375
117268.1533203125
117621.1298828125
117975.419921875
118330.0185546875
118683.87109375
119035.87109375
119384.8759765625
119729.7060546875
120069.1533203125
120401.9833984375
120726.9462890625
121042.7841796875
121348.2314453125
121642.0283203125
121922.9267578125
122189.693359375
122441.125
122676.044921875
122893.3212890625
123091.865234375
123270.6435546875
123428.6796875
123565.06640625
123678.966796875
123769.62109375
123836.353515625
123878.5732421875
123895.7861328125
123887.5869140625
123853.6728515625
123793.83984375
123707.990234375
123596.126953125
123458.359375
123294.900390625
123106.0703125
122892.2919921875
122654.087890625
122392.0830078125
122106.994140625
121799.63671875
121470.9072265625
121121.7939453125
120753.359375
120366.7412109375
119963.140625
119543.828125
119110.1201171875
118663.3876953125
118205.0400390625
117736.5166015625
117259.291015625
116774.849609375
116284.693359375
115790.3291015625
115293.2578125
114794.9755859375
114296.9599609375
113800.6669921875
113307.52734375
112818.93359375
112336.2431640625
111860.7685546875
111393.7724609375
110936.4697265625
110490.015625
110055.5107421875
109633.994140625
109226.4423828125
108833.771484375
108456.8291015625
108096.4033203125
107753.2177734375
107427.9326171875
107121.1474609375
106833.40234375
106565.181640625
106316.9111328125
106088.970703125
105881.685546875
105695.341796875
105530.1796875
105386.404296875
105264.1865234375
105163.66796875
105084.9619140625
105028.1640625
104993.34765625
104980.57421875
104989.8935546875
105021.349609375
105074.978515625
105150.8173828125
105248.90234375
105369.2724609375
105511.97265625
105677.052734375
105864.5673828125
106074.5830078125
106307.169921875
106562.40625
106840.376953125
107141.173828125
107464.890625
107811.6259765625
108181.478515625
108574.5419921875
108990.9091796875
109430.666015625
109893.8837890625
110380.6279296875
110890.9384765625
111424.8427734375
111982.3427734375
112563.4130859375
113168.0
113796.0166015625
114447.3447265625
115121.8212890625
115819.2490234375
116539.3837890625
117281.94140625
118046.5888671875
118832.9482421875
119640.5908203125
120469.044921875
121317.787109375
122186.248046875
123073.8115234375
123979.818359375
124903.5625
125844.30078125
126801.2470703125
127773.5830078125
128760.455078125
129760.9833984375
130774.259765625
131799.3564453125
132835.328125
133881.21484375
134936.052734375
135998.8681640625
137068.6943359375
138144.564453125
139225.5224609375
140310.6298828125
141398.9599609375
142489.61328125
143581.7138671875
144674.416015625
145766.90625
146858.408203125
147948.1806640625
149035.525390625
150119.7861328125
151200.3505859375
152276.650390625
153348.1630859375
154414.4150390625
155474.9765625
156529.4638671875
157577.5400390625
158618.91015625
159653.326171875
160680.578125
161700.498046875
162712.9560546875
163717.8544921875
164715.1357421875
165704.7666015625
166686.74609375
167661.1005859375
168627.8779296875
169587.146484375
170538.998046875
171483.5341796875
172420.875
173351.1552734375
174274.51171875
175191.095703125
176101.0654296875
177004.5810546875
177901.806640625
178792.9111328125
179678.064453125
180557.4384765625
181431.2021484375
182299.5263671875
183162.583984375
184020.54296875
184873.5712890625
185721.83984375
186565.5146484375
187404.76171875
188239.748046875
189070.6357421875
189897.59375
190720.7822265625
191540.365234375
192356.50390625
193169.357421875
193979.083984375
194785.8388671875
195589.7734375
196391.03515625
197189.765625
197986.1005859375
198780.1669921875
199572.083984375
200361.95703125
201149.8837890625
201935.9404296875
202720.1953125
203502.6943359375
204283.4638671875
205062.509765625
205839.81640625
206615.341796875
207389.021484375
208160.759765625
208930.4375
209697.9013671875
210462.9755859375
211225.4501953125
211985.0859375
212741.6171875
213494.7490234375
214244.158203125
214989.4990234375
215730.3974609375
216466.4619140625
217197.279296875
217922.423828125
218641.4521484375
219353.9150390625
220059.3564453125
220757.3193359375
221447.349609375
222129.0009765625
222801.837890625
223465.443359375
224119.4208984375
224763.4013671875
225397.0458984375
226020.052734375
226632.158203125
227233.14453125
227822.8447265625
228401.1416015625
228967.9765625
229523.3466796875
230067.314453125
230600.0029296875
231121.6064453125
231632.37890625
232132.6474609375
232622.8056640625
233103.3154296875
233574.703125
234037.5625
234492.5478515625
234940.376953125
235381.8232421875
235817.712890625
236248.9248046875
236676.3798828125
237101.0419921875
237523.908203125
237946.00390625
238368.3818359375
238792.1083984375
239218.263671875
239647.9326171875
240082.1962890625
240522.1318359375
240968.7978515625
241423.2353515625
241886.458984375
242359.44921875
242843.1494140625
243338.4599609375
243846.232421875
244367.265625
244902.3037109375
245452.02734375
246017.0537109375
246597.9345703125
247195.15234375
247809.1201171875
248440.1796875
249088.59765625
249754.572265625
250438.2294921875
251139.6240234375
251858.7412109375
252595.5009765625
253349.7578125
254121.3046875
254909.8779296875
255715.1572265625
256536.771484375
257374.3056640625
258227.3017578125
259095.2666015625
259977.673828125
260873.96875
261783.580078125
262705.916015625
263640.3759765625
264586.353515625
265543.23828125
266510.4306640625
267487.3359375
268473.3720703125
269467.9794921875
270470.6171875
271480.7734375
272497.9638671875
273521.73828125
274551.6826171875
275587.4189453125
276628.611328125
277674.96484375
278726.2275390625
279782.189453125
280842.6875
281907.6005859375
282976.8486328125
284050.3955078125
285128.2470703125
286210.4453125
287297.068359375
288388.23046875
289484.07421875
290584.7685546875
291690.5107421875
292801.51171875
293918.001953125
295040.2216796875
296168.4169921875
297302.8369140625
298443.724609375
299591.3173828125
300745.8369140625
301907.4873046875
303076.4462890625
304252.869140625
305436.8681640625
306628.5263671875
307827.8740234375
309034.9013671875
310249.541015625
311471.671875
312701.1123046875
313937.6142578125
315180.8662109375
316430.486328125
317686.0205078125
318946.9384765625
320212.638671875
321482.439453125
322755.5810546875
324031.2275390625
325308.46484375
326586.302734375
327863.669921875
329139.4287109375
330412.359375
331681.1796875
332944.53515625
334201.0078125
335449.1201171875
336687.333984375
337914.0654296875
339127.6748046875
340326.484375
341508.7783203125
342672.8056640625
343816.79296875
344938.943359375
346037.4482421875
347110.48828125
348156.24609375
349172.9052734375
350158.666015625
351111.7431640625
352030.3798828125
352912.849609375
353757.46484375
354562.583984375
355326.619140625
356048.0380859375
356725.375
357357.2373046875
357942.30859375
358479.3525390625
358967.2294921875
359404.8876953125
359791.3779296875
360125.8564453125
360407.587890625
360635.953125
360810.4482421875
360930.693359375
360996.4345703125
361007.5439453125
360964.0283203125
360866.0283203125
360713.8134765625
360507.7998046875
360248.5341796875
359936.70703125
359573.14453125
359158.8125
358694.814453125
358182.392578125
357622.919921875
357017.9052734375
356368.9853515625
355677.92578125
354946.611328125
354177.046875
353371.3515625
352531.7509765625
351660.576171875
350760.251953125
349833.29296875
348882.2958984375
347909.93359375
346918.9453125
345912.12890625
344892.330078125
343862.4375
342825.3720703125
341784.0751953125
340741.5009765625
339700.607421875
338664.34375
337635.6435546875
336617.41015625
335612.5146484375
334623.7783203125
333653.962890625
332705.76953125
331781.8212890625
330884.6533203125
330016.712890625
329180.341796875
328377.7724609375
327611.12109375
326882.3798828125
326193.4091796875
325545.9326171875
324941.5322265625
324381.642578125
323867.5478515625
323400.376953125
322981.099609375
322610.5302734375
322289.3173828125
322017.9521484375
321796.7568359375
321625.8984375
321505.37890625
321435.0419921875
321414.576171875
321443.5146484375
321521.240234375
321646.990234375
321819.8623046875
322038.8134765625
322302.673828125
322610.1474609375
322959.8193359375
323350.1650390625
323779.5556640625
324246.2646484375
324748.4794921875
325284.3037109375
325851.7724609375
326448.85546875
327073.466796875
327723.4775390625
328396.7177734375
329090.9951171875
329804.0947265625
330533.7919921875
331277.861328125
332034.08984375
332800.27734375
333574.2509765625
334353.8740234375
335137.0537109375
335921.748046875
336705.9736328125
337487.818359375
338265.443359375
339037.091796875
339801.099609375
340555.8955078125
341300.013671875
342032.09375
342750.888671875
343455.2685546875
344144.228515625
344816.884765625
345472.482421875
346110.400390625
346730.14453125
347331.3564453125
347913.80859375
348477.40625
349022.185546875
349548.3115234375
350056.0732421875
350545.8828125
351018.26953125
351473.876953125
351913.44921875
352337.8359375
352747.974609375
353144.8896484375
353529.6787109375
353903.5048828125
354267.587890625
354623.1923828125
354971.62109375
355314.1953125
355652.2509765625
355987.1259765625
356320.1455078125
356652.611328125
356985.791015625
357320.9072265625
357659.125
358001.537109375
358349.1611328125
358702.921875
359063.6494140625
359432.060546875
359808.759765625
360194.2275390625
360588.8125
360992.728515625
361406.0498046875
361828.70703125
362260.484375
362701.0185546875
363149.7998046875
363606.1689453125
364069.3251953125
364538.3251953125
365012.08984375
365489.404296875
365968.9365234375
366449.228515625
366928.71875
367405.744140625
367878.5498046875
368345.3056640625
368804.111328125
369253.01171875
369690.009765625
370113.078125
370520.1689453125
370909.2353515625
371278.23828125
371625.16015625
371948.0185546875
372244.8818359375
372513.8779296875
372753.208984375
372961.158203125
373136.107421875
373276.541015625
373381.0576171875
373448.37890625
373477.3583984375
373466.986328125
373416.39453125
373324.859375
373191.814453125
373016.83984375
372799.6748046875
372540.212890625
372238.5
371894.736328125
371509.2763671875
371082.6171875
370615.3974609375
370108.3994140625
369562.53125
368978.8271484375
368358.443359375
367702.6376953125
367012.7744140625
366290.30859375
365536.7783203125
364753.79296875
363943.02734375
363106.2060546875
362245.099609375
361361.5078125
360457.255859375
359534.1787109375
358594.1142578125
357638.8916015625
356670.32421875
355690.197265625
354700.26171875
353702.22265625
352697.734375
351688.3916015625
350675.7177734375
349661.169921875
348646.1181640625
347631.84765625
346619.5556640625
345610.341796875
344605.205078125
343605.0419921875
342610.642578125
341622.6884765625
340641.751953125
339668.2900390625
338702.6484375
337745.0625
336795.650390625
335854.423828125
334921.2783203125
333996.0029296875
333078.2802734375
332167.685546875
331263.7001953125
330365.7001953125
329472.970703125
328584.7099609375
327700.02734375
326817.9560546875
325937.4521484375
325057.40625
324176.64453125
323293.935546875
322408.0
321517.515625
320621.123046875
319717.4345703125
318805.0419921875
317882.5205078125
316948.44140625
316001.375
315039.90234375
314062.619140625
313068.1484375
312055.1435546875
311022.2978515625
309968.3515625
308892.099609375
307792.400390625
306668.1806640625
305518.4443359375
304342.2734375
303138.845703125
301907.4296875
300647.3955078125
299358.2177734375
298039.4853515625
296690.8994140625
295312.279296875
293903.5732421875
292464.849609375
290996.3095703125
289498.28125
287971.2275390625
286415.7451171875
284832.5625
283222.54296875
281586.6826171875
279926.111328125
278242.0849609375
276535.9892578125
274809.3349609375
273063.7529296875
271300.9912109375
269522.912109375
267731.4833984375
265928.7744140625
264116.951171875
262298.267578125
260475.0625
258649.7421875
256824.7880859375
255002.7333984375
253186.162109375
251377.6982421875
249579.9990234375
247795.7392578125
246027.6064453125
244278.2880859375
242550.4658203125
240846.794921875
239169.90625
237522.3876953125
235906.7734375
234325.5380859375
232781.078125
231275.712890625
229811.6630859375
228391.046875
227015.8671875
225688.0029296875
224409.2021484375
223181.068359375
222005.0546875
220882.458984375
219814.408203125
218801.8603515625
217845.591796875
216946.197265625
216104.078125
215319.4443359375
214592.310546875
213922.4853515625
213309.5849609375
212753.0166015625
212251.9873046875
211805.5048828125
211412.376953125
211071.2119140625
210780.4287109375
210538.255859375
210342.7421875
210191.7568359375
210083.0
210014.0146484375
209982.1875
209984.763671875
210018.8564453125
210081.45703125
210169.44921875
210279.6162109375
210408.65625
210553.19921875
210709.8115234375
210875.0185546875
211045.3115234375
211217.166015625
211387.052734375
211551.4521484375
211706.8720703125
211849.8544921875
211976.9951171875
212084.951171875
212170.458984375
212230.3408203125
212261.521484375
212261.0322265625
212226.03125
212153.802734375
212041.7724609375
211887.513671875
211688.7529296875
211443.3798828125
211149.451171875
210805.1923828125
210409.0078125
209959.4765625
209455.36328125
208895.611328125
208279.3505859375
207605.892578125
206874.732421875
206085.544921875
205238.185546875
204332.689453125
203369.26171875
202348.28125
201270.29296875
200136.00390625
198946.28125
197702.1416015625
196404.7568359375
195055.4365234375
193655.630859375
192206.923828125
190711.0263671875
189169.771484375
187585.109375
185959.103515625
184293.921875
182591.8369140625
180855.2138671875
179086.513671875
177288.2802734375
175463.142578125
173613.802734375
171743.0390625
169853.6953125
167948.6748046875
166030.9443359375
164103.51953125
162169.4619140625
160231.8779296875
158293.9091796875
156358.728515625
154429.53125
152509.5341796875
150601.9638671875
148710.0498046875
146837.0185546875
144986.0888671875
143160.455078125
141363.2890625
139597.7197265625
137866.8330078125
136173.658203125
134521.1533203125
132912.2060546875
131349.6083984375
129836.0576171875
128374.138671875
126966.3115234375
125614.9072265625
124322.107421875
123089.94140625
121920.2666015625
120814.76171875
119774.9208984375
118802.0361328125
117897.189453125
117061.2490234375
116294.8564453125
115598.4169921875
114972.1044921875
114415.841796875
113929.3095703125
113511.93359375
113162.8876953125
112881.09375
112665.2236328125
112513.6953125
112424.685546875
112396.1279296875
112425.724609375
112510.951171875
112649.0693359375
112837.1337890625
113072.009765625
113350.3828125
113668.7744140625
114023.560546875
114410.9853515625
114827.181640625
115268.1884765625
115729.97265625
116208.4453125
116699.486328125
117198.966796875
117702.7607421875
118206.7802734375
118706.9853515625
119199.4091796875
119680.1796875
120145.537109375
120591.8525390625
121015.6513671875
121413.6220703125
121782.640625
122119.7822265625
122422.3330078125
122687.8056640625
122913.94921875
123098.7578125
123240.4775390625
123337.6171875
123388.947265625
123393.5029296875
123350.5908203125
123259.7822265625
123120.9140625
122934.083984375
122699.646484375
122418.2060546875
122090.60546875
121717.9228515625
121301.4560546875
120842.7119140625
120343.39453125
119805.3935546875
119230.765625
118621.724609375
117980.62109375
117309.9306640625
116612.240234375
115890.2216796875
115146.62890625
114384.275390625
113606.0166015625
112814.740234375
112013.34765625
111204.7412109375
110391.8095703125
109577.4130859375
108764.37890625
107955.4775390625
107153.4228515625
106360.85546875
105580.3359375
104814.337890625
104065.234375
103335.298828125
102626.6962890625
101941.474609375
101281.56640625
100648.7763671875
100044.7900390625
99471.16015625
98929.30859375
98420.5302734375
97945.98046875
97506.6845703125
97103.533203125
96737.2783203125
96408.54296875
96117.810546875
95865.4345703125
95651.630859375
95476.486328125
95339.9501953125
95241.8447265625
95181.857421875
95159.5498046875
95174.3486328125
95225.55859375
95312.3515625
95433.7783203125
95588.7626953125
95776.1064453125
95994.490234375
96242.478515625
96518.517578125
96820.9404296875
97147.9755859375
97497.7392578125
97868.2529296875
98257.439453125
98663.130859375
99083.0771484375
99514.94921875
99956.353515625
100404.828125
100857.865234375
101312.9130859375
101767.3876953125
102218.6826171875
102664.1865234375
103101.28515625
103527.3857421875
103939.919921875
104336.361328125
104714.2412109375
105071.1572265625
105404.794921875
105712.9326171875
105993.4609375
106244.3955078125
106463.8876953125
106650.2431640625
106801.9228515625
106917.568359375
106995.998046875
107036.2294921875
107037.478515625
106999.169921875
106920.9453125
106802.6640625
106644.4091796875
106446.486328125
106209.427734375
105933.9873046875
105621.142578125
105272.0830078125
104888.2109375
104471.1279296875
104022.630859375
103544.6962890625
103039.47265625
102509.26171875
101956.5126953125
101383.7900390625
100793.7783203125
100189.2431640625
99573.0263671875
98948.021484375
98317.150390625
97683.3515625
97049.5517578125
96418.6484375
95793.4892578125
95176.8544921875
94571.4287109375
93979.791015625
93404.39453125
92847.5439453125
92311.3828125
91797.8798828125
91308.8125
90845.7529296875
90410.0615234375
90002.87109375
89625.0869140625
89277.3720703125
88960.1474609375
88673.591796875
88417.6357421875
88191.962890625
87996.0166015625
87829.00390625
87689.89453125
87577.4404296875
87490.173828125
87426.4248046875
87384.333984375
87361.859375
87356.7998046875
87366.8037109375
87389.390625
87421.96484375
87461.8369140625
87506.240234375
87552.3505859375
87597.3056640625
87638.2236328125
87672.2255859375
87696.4501953125
87708.076171875
87704.3388671875
87682.5478515625
87640.1064453125
87574.525390625
87483.44140625
87364.6279296875
87216.0146484375
87035.6904296875
86821.9248046875
86573.1708984375
86288.080078125
85965.5009765625
85604.494140625
85204.3330078125
84764.505859375
84284.720703125
83764.904296875
83205.2021484375
82605.9765625
81967.8017578125
81291.4658203125
80577.955078125
79828.4580078125
79044.34765625
78227.18359375
77378.693359375
76500.7666015625
75595.44140625
74664.8994140625
73711.4423828125
72737.48828125
71745.552734375
70738.240234375
69718.2216796875
68688.23046875
67651.0390625
66609.4501953125
65566.279296875
64524.337890625
63486.4267578125
62455.3095703125
61433.7138671875
60424.302734375
59429.6689453125
58452.32421875
57494.6767578125
56559.033203125
55647.572265625
54762.345703125
53905.263671875
53078.08203125
52282.4013671875
51519.6533203125
50791.091796875
50097.794921875
49440.6533203125
48820.3671875
48237.4453125
47692.1982421875
47184.744140625
46715.0009765625
46282.6904296875
45887.3447265625
45528.298828125
45204.70703125
44915.5400390625
44659.58984375
44435.4833984375
44241.685546875
44076.5146484375
43938.140625
43824.6123046875
43733.853515625
43663.6875
43611.8447265625
43575.9765625
43553.673828125
43542.4775390625
43539.896484375
43543.4267578125
43550.560546875
43558.80859375
43565.71484375
43568.869140625
43565.9326171875
43554.638671875
43532.8251953125
43498.435546875
43449.54296875
43384.35546875
43301.232421875
43198.7021484375
43075.4580078125
42930.3837890625
42762.5478515625
42571.21875
42355.8740234375
42116.1875
41852.0517578125
41563.56640625
41251.04296875
40914.9970703125
40556.15234375
40175.4306640625
39773.943359375
39352.9873046875
38914.033203125
38458.7119140625
37988.806640625
37506.234375
37013.03515625
36511.353515625
36003.4189453125
35491.5380859375
34978.0654296875
34465.3896484375
33955.9140625
33452.0400390625
32956.1416015625
32470.5517578125
31997.541015625
31539.30078125
31097.92578125
30675.392578125
30273.55078125
29894.1015625
29538.58984375
29208.384765625
28904.673828125
28628.4541015625
28380.51953125
28161.458984375
27971.646484375
27811.2470703125
27680.2060546875
27578.255859375
27504.9169921875
27459.5
27441.1181640625
27448.6865234375
27480.935546875
27536.4267578125
27613.5517578125
27710.560546875
27825.568359375
27956.572265625
28101.466796875
28258.0673828125
28424.119140625
28597.3251953125
28775.359375
28955.88671875
29136.5849609375
29315.158203125
29489.3623046875
29657.0146484375
29816.0205078125
29964.3837890625
30100.224609375
30221.794921875
30327.4873046875
30415.85546875
30485.6181640625
30535.6708984375
30565.09375
30573.16015625
30559.3388671875
30523.2978515625
30464.90625
30384.2353515625
30281.5546875
30157.330078125
30012.22265625
29847.07421875
29662.91015625
29460.921875
29242.4580078125
29009.0205078125
28762.2431640625
28503.8828125
28235.80859375
27959.9775390625
27678.4287109375
27393.263671875
27106.6298828125
26820.7080078125
26537.6884765625
26259.76171875
25989.1005859375
25727.845703125
25478.0830078125
25241.83984375
25021.0634765625
24817.6083984375
24633.2255859375
24469.5478515625
24328.0849609375
24210.2060546875
24117.13671875
24049.9501953125
24009.55859375
23996.708984375
24011.982421875
24055.7880859375
24128.361328125
24229.7646484375
24359.8916015625
24518.466796875
24705.0439453125
24919.021484375
25159.638671875
25425.9892578125
25717.0263671875
26031.568359375
26368.314453125
26725.8525390625
27102.669921875
27497.1640625
27907.658203125
28332.416015625
28769.64453125
29217.521484375
29674.2021484375
30137.8291015625
30606.556640625
31078.5576171875
31552.037109375
32025.248046875
32496.50390625
32964.1904296875
33426.779296875
33882.8359375
34331.033203125
34770.1611328125
35199.134765625
35617.0
36022.943359375
36416.2958984375
36796.54296875
37163.3173828125
37516.4091796875
37855.7685546875
38181.4970703125
38493.8525390625
38793.2451171875
39080.23046875
39355.509765625
39619.9169921875
39874.4140625
40120.0830078125
40358.1142578125
40589.7998046875
40816.5126953125
41039.7041015625
41260.8857421875
41481.6162109375
41703.4833984375
41928.0986328125
42157.0703125
42392.0009765625
42634.4580078125
42885.97265625
43148.013671875
43421.9814453125
43709.185546875
44010.8408203125
44328.044921875
44661.7734375
45012.8662109375
45382.0166015625
45769.7646484375
46176.4873046875
46602.3935546875
47047.5205078125
47511.7275390625
47994.6923828125
48495.91796875
49014.7236328125
49550.25390625
50101.482421875
50667.212890625
51246.0859375
51836.595703125
52437.0869140625
53045.7724609375
53660.74609375
54279.98828125
54901.3916015625
55522.759765625
56141.8359375
56756.314453125
57363.8544921875
57962.099609375
58548.6943359375
59121.296875
59677.603515625
60215.359375
60732.375
61226.5458984375
61695.861328125
62138.423828125
62552.4609375
62936.3359375
63288.564453125
63607.81640625
63892.9306640625
64142.9248046875
64356.9931640625
64534.51953125
64675.0771484375
64778.4306640625
64844.53515625
64873.541015625
64865.78515625
64821.7890625
64742.25390625
64628.056640625
64480.2373046875
64299.9912109375
64088.6650390625
63847.7353515625
63578.8046875
63283.5869140625
62963.8896484375
62621.6064453125
62258.697265625
61877.17578125
61479.095703125
61066.529296875
60641.560546875
60206.263671875
59762.69140625
59312.8583984375
58858.7294921875
58402.2041015625
57945.10546875
57489.166015625
57036.0185546875
56587.1845703125
56144.06640625
55707.9365234375
55279.93359375
54861.0537109375
54452.1484375
54053.9189453125
53666.9140625
53291.5283203125
52928.0068359375
52576.4384765625
52236.7685546875
51908.7919921875
51592.166015625
51286.412109375
50990.9228515625
50704.97265625
50427.7236328125
50158.236328125
49895.4775390625
49638.337890625
49385.6357421875
49136.1298828125
48888.5400390625
48641.546875
48393.81640625
48144.00390625
47890.7705078125
47632.80078125
47368.8037109375
47097.533203125
46817.80078125
46528.478515625
46228.5185546875
45916.958984375
45592.9306640625
45255.671875
44904.5322265625
44538.9755859375
44158.59375
43763.103515625
43352.359375
42926.3427734375
42485.17578125
42029.1171875
41558.5595703125
41074.0302734375
40576.1875
40065.81640625
39543.8232421875
39011.2314453125
38469.17578125
37918.8896484375
37361.7021484375
36799.0244140625
36232.3427734375
35663.208984375
35093.228515625
34524.0458984375
33957.3369140625
33394.7998046875
32838.1337890625
32289.041015625
31749.19921875
31220.2626953125
30703.84765625
30201.517578125
29714.7744140625
29245.0517578125
28793.7060546875
28362.001953125
27951.1103515625
27562.0986328125
27195.92578125
26853.4365234375
26535.3603515625
26242.302734375
25974.74609375
25733.0498046875
25517.4482421875
25328.0537109375
25164.8525390625
25027.7158203125
24916.3994140625
24830.546875
24769.6982421875
24733.2939453125
24720.681640625
24731.126953125
24763.81640625
24817.8720703125
24892.3544921875
24986.2744140625
25098.60546875
25228.287109375
25374.2412109375
25535.3759765625
25710.59765625
25898.8193359375
26098.9716796875
26310.005859375
26530.9072265625
26760.6982421875
26998.447265625
27243.2763671875
27494.3603515625
27750.9365234375
28012.3076171875
28277.8388671875
28546.970703125
28819.20703125
29094.1259765625
29371.37109375
29650.654296875
29931.75390625
30214.5068359375
30498.80859375
30784.60546875
31071.8955078125
31360.712890625
31651.1298828125
31943.2431640625
32237.17578125
32533.0595703125
32831.0322265625
33131.232421875
33433.787109375
33738.8046875
34046.37109375
34356.5380859375
34669.3212890625
34984.6884765625
35302.5556640625
35622.7861328125
35945.1787109375
36269.466796875
36595.3173828125
36922.3251953125
37250.013671875
37577.830078125
37905.1533203125
38231.28515625
38555.462890625
38876.849609375
39194.5517578125
39507.61328125
39815.025390625
40115.73046875
40408.6337890625
40692.60546875
40966.4921875
41229.1240234375
41479.326171875
41715.921875
41937.755859375
42143.6875
42332.6162109375
42503.4794921875
42655.2724609375
42787.0517578125
42897.9482421875
42987.17578125
43054.0380859375
43097.9404296875
43118.3955078125
43115.029296875
43087.591796875
43035.9541015625
42960.12109375
42860.23046875
42736.5576171875
42589.51171875
42419.642578125
42227.6376953125
42014.31640625
41780.6318359375
41527.6640625
41256.6162109375
40968.806640625
40665.662109375
40348.7099609375
40019.5693359375
39679.9375
39331.5869140625
38976.3427734375
38616.0810546875
38252.7080078125
37888.1533203125
37524.3525390625
37163.2333984375
36806.7080078125
36456.6474609375
36114.8818359375
35783.1748046875
35463.2197265625
35156.62109375
34864.884765625
34589.40625
34331.4580078125
34092.1806640625
33872.5771484375
33673.49609375
33495.6328125
33339.5205078125
33205.5205078125
33093.8291015625
33004.4599609375
32937.2568359375
32891.884765625
32867.8330078125
32864.41796875
32880.7861328125
32915.91796875
32968.6357421875
33037.609375
33121.359375
33218.2763671875
33326.62109375
33444.5400390625
33570.076171875
33701.18359375
33835.7333984375
33971.537109375
34106.3544921875
34237.9091796875
34363.904296875
34482.037109375
34590.015625
34685.5703125
34766.4736328125
34830.5537109375
34875.7060546875
34899.912109375
34901.2509765625
34877.9140625
34828.2138671875
34750.6064453125
34643.689453125
34506.22265625
34337.1337890625
34135.5283203125
33900.697265625
33632.1220703125
33329.4833984375
32992.6650390625
32621.755859375
32217.052734375
31779.0615234375
31308.498046875
30806.287109375
30273.556640625
29711.6376953125
29122.056640625
28506.5302734375
27866.9619140625
27205.4248046875
26524.162109375
25825.5693359375
25112.1845703125
24386.677734375
23651.8388671875
22910.5546875
22165.8046875
21420.6416015625
20678.171875
19941.5419921875
19213.9208984375
18498.4853515625
17798.39453125
17116.7802734375
16456.7255859375
15821.244140625
15213.2705078125
14635.634765625
14091.048828125
13582.0927734375
13111.193359375
12680.6142578125
12292.4375
11948.5546875
11650.650390625
11400.193359375
11198.427734375
11046.361328125
10944.76171875
10894.14453125
10894.7763671875
10946.669921875
11049.5751953125
11202.990234375
11406.158203125
11658.0703125
11957.4697265625
12302.8603515625
12692.5166015625
13124.486328125
13596.6083984375
14106.521484375
14651.6787109375
15229.36328125
15836.7001953125
16470.6787109375
17128.1669921875
17805.9296875
18500.6484375
19208.9423828125
19927.3837890625
20652.5234375
21380.9072265625
22109.095703125
22833.6875
23551.33203125
24258.75390625
24952.7705078125
25630.3076171875
26288.4130859375
26924.2763671875
27535.2412109375
28118.81640625
28672.69140625
29194.7421875
29683.0390625
30135.859375
30551.6875
30929.220703125
31267.369140625
31565.2607421875
31822.2353515625
32037.8447265625
32211.849609375
32344.2119140625
32435.0869140625
32484.818359375
32493.9287109375
32463.1064453125
32393.1943359375
32285.181640625
32140.1875
31959.4482421875
31744.3037109375
31496.1796875
31216.583984375
30907.0771484375
30569.26953125
30204.8037109375
29815.3359375
29402.5302734375
28968.0439453125
28513.509765625
28040.5302734375
27550.6669921875
27045.4287109375
26526.2646484375
25994.5537109375
25451.60546875
24898.64453125
24336.814453125
23767.173828125
23190.6884765625
22608.236328125
22020.6064453125
21428.5
20832.53125
20233.2314453125
19631.052734375
19026.375
18419.5068359375
17810.6943359375
17200.126953125
16587.9462890625
15974.25
15359.1005859375
14742.533203125
14124.5634765625
13505.193359375
12884.421875
12262.2451171875
11638.673828125
11013.7275390625
10387.451171875
9759.9150390625
9131.2197265625
8501.5009765625
7870.935546875
7239.7412109375
6608.1806640625
5976.5634765625
5345.2470703125
4714.6376953125
4085.1875
3457.396484375
2831.8134765625
2209.029296875
1589.6787109375
974.435546875
364.0087890625
-240.85546875
-839.3837890625
-1430.7744140625
-2014.2060546875
-2588.833984375
-3153.8037109375
-3708.2421875
-4251.2763671875
-4782.0244140625
-5299.6044921875
-5803.1396484375
-6291.7529296875
-6764.5810546875
-7220.765625
-7659.4638671875
-8079.84375
-8481.0888671875
-8862.3984375
-9222.98828125
-9562.0927734375
-9878.9580078125
-10172.8515625
-10443.0576171875
-10688.873046875
-10909.6142578125
-11104.6103515625
-11273.2041015625
-11414.7578125
-11528.6396484375
-11614.240234375
-11670.955078125
-11698.19921875
-11695.400390625
-11662.0
-11597.458984375
-11501.2529296875
-11372.8798828125
-11211.8564453125
-11017.73046875
-10790.072265625
-10528.48828125
-10232.62109375
-9902.1513671875
-9536.8095703125
-9136.3740234375
-8700.681640625
-8229.6318359375
-7723.189453125
-7181.3974609375
-6604.3759765625
-5992.333984375
-5345.5673828125
-4664.478515625
-3949.5634765625
-3201.431640625
-2420.8046875
-1608.5185546875
-765.53125
107.078125
1008.10546875
1936.22265625
2889.9736328125
3867.779296875
4867.9345703125
5888.6171875
6927.8876953125
7983.6923828125
9053.873046875
10136.1708984375
11228.236328125
12327.6357421875
13431.8642578125
14538.3525390625
15644.4794921875
16747.5859375
17844.9833984375
18933.9736328125
20011.853515625
21075.9345703125
22123.55859375
23152.1044921875
24159.009765625
25141.779296875
26098.0009765625
27025.3583984375
27921.64453125
28784.7705078125
29612.7763671875
30403.8486328125
31156.3193359375
31868.6796875
32539.5869140625
33167.8662109375
33752.521484375
34292.732421875
34787.8583984375
35237.44140625
35641.201171875
35999.0341796875
36311.013671875
36577.3798828125
36798.5361328125
36975.044921875
37107.61328125
37197.091796875
37244.4580078125
37250.8134765625
37217.3603515625
37145.408203125
37036.3447265625
36891.6328125
36712.8017578125
36501.4228515625
36259.111328125
35987.509765625
35688.2734375
35363.0673828125
35013.5498046875
34641.369140625
34248.15234375
33835.5
33404.9814453125
32958.1240234375
32496.4189453125
32021.3095703125
31534.1953125
31036.4287109375
30529.31640625
30014.123046875
29492.0693359375
28964.341796875
28432.0908203125
27896.439453125
27358.4873046875
26819.318359375
26280.0048828125
25741.619140625
25205.232421875
24671.931640625
24142.81640625
23619.0146484375
23101.6787109375
22592.0009765625
22091.2138671875
21600.5908203125
21121.458984375
20655.1875
20203.2060546875
19766.990234375
19348.0693359375
18948.01953125
18568.46484375
18211.06640625
17877.525390625
17569.568359375
17288.943359375
17037.4091796875
16816.7255859375
16628.642578125
16474.888671875
16357.1572265625
16277.0927734375
16236.28125
16236.2294921875
16278.35546875
16363.974609375
16494.283203125
16670.341796875
16893.068359375
17163.2216796875
17481.38671875
17847.966796875
18263.173828125
18727.0126953125
19239.2802734375
19799.552734375
20407.1884765625
21061.3125
21760.8232421875
22504.388671875
23290.4462890625
24117.2060546875
24982.6572265625
25884.5712890625
26820.51171875
27787.83984375
28783.7275390625
29805.173828125
30849.0087890625
31911.916015625
32990.4482421875
34081.0390625
35180.0283203125
36283.6748046875
37388.1767578125
38489.6982421875
39584.376953125
40668.359375
41737.8095703125
42788.9345703125
43818.0048828125
44821.3740234375
45795.49609375
46736.9423828125
47642.42578125
48508.8115234375
49333.1328125
50112.607421875
50844.6484375
51526.880859375
52157.14453125
52733.505859375
53254.2685546875
53717.97265625
54123.40234375
54469.5888671875
54755.80859375
54981.5830078125
55146.677734375
55251.095703125
55295.0751953125
55279.080078125
55203.7939453125
55070.1083984375
54879.1162109375
54632.0966796875
54330.5029296875
53975.953125
53570.2158203125
53115.1875
52612.8896484375
52065.44921875
51475.0810546875
50844.0751953125
50174.783203125
49469.6015625
48730.9560546875
47961.2939453125
47163.0625
46338.705078125
45490.640625
44621.2587890625
43732.9091796875
42827.890625
41908.4443359375
40976.744140625
40034.8955078125
39084.9296875
38128.7958984375
37168.36328125
36205.41796875
35241.6630859375
34278.7197265625
33318.1259765625
32361.3447265625
31409.76171875
30464.6943359375
29527.390625
28599.0419921875
27680.7802734375
26773.6904296875
25878.8154296875
24997.1630859375
24129.708984375
23277.4052734375
22441.1884765625
21621.9833984375
20820.7080078125
20038.2744140625
19275.6015625
18533.61328125
17813.2412109375
17115.4228515625
16441.1123046875
15791.267578125
15166.861328125
14568.8671875
13998.265625
13456.0341796875
12943.1455078125
12460.5595703125
12009.21484375
11590.0263671875
11203.8701171875
10851.578125
10533.927734375
10251.6318359375
10005.3291015625
9795.5712890625
9622.814453125
9487.4091796875
9389.5888671875
9329.4638671875
9307.00390625
9322.0419921875
9374.2568359375
9463.171875
9588.1474609375
9748.37890625
9942.8916015625
10170.5439453125
10430.0205078125
10719.841796875
11038.36328125
11383.78125
11754.140625
12147.3408203125
12561.1513671875
12993.21875
13441.0810546875
13902.1806640625
14373.88671875
14853.5048828125
15338.2998046875
15825.509765625
16312.375
16796.1494140625
17274.125
17743.6533203125
18202.166015625
18647.1953125
19076.3916015625
19487.548828125
19878.6181640625
20247.728515625
20593.1982421875
20913.560546875
21207.5654296875
21474.1943359375
21712.67578125
21922.4873046875
22103.36328125
22255.2978515625
22378.544921875
22473.6201171875
22541.2939453125
22582.58984375
22598.7734375
22591.34375
22562.01953125
22512.7275390625
22445.5830078125
22362.876953125
22267.05078125
22160.6787109375
22046.4423828125
21927.11328125
21805.525390625
21684.546875
21567.064453125
21455.9453125
21354.0244140625
21264.0732421875
21188.7744140625
21130.703125
21092.298828125
21075.8486328125
21083.4658203125
21117.068359375
21178.369140625
21268.849609375
21389.759765625
21542.099609375
21726.609375
21943.767578125
22193.783203125
22476.5947265625
22791.8720703125
23139.0126953125
23517.154296875
23925.17578125
24361.7099609375
24825.150390625
25313.6640625
25825.2080078125
26357.546875
26908.2607421875
27474.7744140625
28054.3701171875
28644.20703125
29241.34765625
29842.775390625
30445.4130859375
31046.1513671875
31641.865234375
32229.4375
32805.7802734375
33367.8515625
33912.68359375
34437.390625
34939.1943359375
35415.4404296875
35863.6103515625
36281.337890625
36666.423828125
37016.84375
37330.7626953125
37606.5390625
37842.736328125
38038.1259765625
38191.69140625
38302.6328125
38370.3681640625
38394.5322265625
38374.974609375
38311.7578125
38205.1533203125
38055.638671875
37863.8876953125
37630.763671875
37357.318359375
37044.771484375
36694.5126953125
36308.08203125
35887.1689453125
35433.59375
34949.296875
34436.3310546875
33896.849609375
33333.0869140625
32747.3583984375
32142.037109375
31519.548828125
30882.357421875
30232.955078125
29573.849609375
28907.5537109375
28236.5751953125
27563.4033203125
26890.505859375
26220.310546875
25555.203125
24897.515625
24249.5185546875
23613.412109375
22991.3232421875
22385.2958984375
21797.28125
21229.140625
20682.6357421875
20159.4228515625
19661.05078125
19188.9580078125
18744.4697265625
18328.794921875
17943.0244140625
17588.130859375
17264.9677734375
16974.267578125
16716.6474609375
16492.6025390625
16302.513671875
16146.6474609375
16025.1572265625
15938.087890625
15885.37890625
15866.8671875
15882.2919921875
15931.30078125
16013.451171875
16128.21875
16274.998046875
16453.1171875
16661.833984375
16900.3486328125
17167.806640625
17463.3046875
17785.9013671875
18134.615234375
18508.44140625
18906.34765625
19327.28515625
19770.1982421875
20234.01953125
20717.681640625
21220.126953125
21740.296875
22277.15234375
22829.6689453125
23396.8369140625
23977.6728515625
24571.21484375
25176.5263671875
25792.6982421875
26418.8466796875
27054.1162109375
27697.67578125
28348.7236328125
29006.478515625
29670.181640625
30339.09765625
31012.50390625
31689.693359375
32369.9716796875
33052.6484375
33737.0400390625
34422.4599609375
35108.2177734375
35793.6171875
36477.9453125
37160.474609375
37840.45703125
38517.12109375
39189.6689453125
39857.2705078125
40519.0634765625
41174.15234375
41821.6015625
42460.439453125
43089.6533203125
43708.1923828125
44314.9677734375
44908.8466796875
45488.6669921875
46053.2255859375
46601.2890625
47131.595703125
47642.8564453125
48133.759765625
48602.9794921875
49049.177734375
49471.0078125
49867.1240234375
50236.1875
50576.8701171875
50887.865234375
51167.88671875
51415.6875
51630.0556640625
51809.8251953125
51953.8876953125
52061.1884765625
52130.7421875
52161.634765625
52153.0302734375
52104.1708984375
52014.390625
51883.115234375
51709.8642578125
51494.2548828125
51236.0087890625
50934.947265625
50590.9970703125
50204.193359375
49774.671875
49302.677734375
48788.556640625
48232.7587890625
47635.833984375
46998.4296875
46321.2880859375
45605.2412109375
44851.208984375
44060.193359375
43233.2763671875
42371.611328125
41476.4208984375
40548.9931640625
39590.6708984375
38602.85546875
37586.9931640625
36544.576171875
35477.1357421875
34386.2373046875
33273.4794921875
32140.486328125
30988.90234375
29820.3984375
28636.658203125
27439.3818359375
26230.283203125
25011.0869140625
23783.52734375
22549.3466796875
21310.296875
20068.1376953125
18824.6328125
17581.5595703125
16340.697265625
15103.837890625
13872.7783203125
12649.32421875
11435.29296875
10232.5068359375
9042.80078125
7868.0166015625
6710.00390625
5570.6201171875
4451.7275390625
3355.1923828125
2282.880859375
1236.6611328125
218.39453125
-770.06640625
-1726.880859375
-2650.2294921875
-3538.314453125
-4389.3701171875
-5201.6669921875
-5973.5205078125
-6703.2978515625
-7389.4287109375
-8030.41015625
-8624.8212890625
-9171.322265625
-9668.6728515625
-10115.7421875
-10511.5087890625
-10855.0791015625
-11145.6923828125
-11382.728515625
-11565.720703125
-11694.3564453125
-11768.490234375
-11788.1474609375
-11753.5322265625
-11665.02734375
-11523.2041015625
-11328.8212890625
-11082.8291015625
-10786.365234375
-10440.7607421875
-10047.533203125
-9608.38671875
-9125.2060546875
-8600.0498046875
-8035.1474609375
-7432.88671875
-6795.8095703125
-6126.59765625
-5428.0615234375
-4703.1279296875
-3954.83203125
-3186.2958984375
-2400.71484375
-1601.3466796875
-791.4912109375
25.5263671875
846.3701171875
1667.7119140625
2486.2451171875
3298.7080078125
4101.8974609375
4892.681640625
5668.0205078125
6424.982421875
7160.755859375
7872.6640625
8558.1796875
9214.9345703125
9840.7353515625
10433.5693359375
10991.6162109375
11513.25390625
11997.06640625
12441.8486328125
12846.611328125
13210.5810546875
13533.205078125
13814.1474609375
14053.2900390625
14250.732421875
14406.78125
14521.951171875
14596.9580078125
14632.708984375
14630.296875
14590.9921875
14516.228515625
14407.59765625
14266.8349609375
14095.8095703125
13896.5107421875
13671.037109375
13421.58203125
13150.4228515625
12859.9033203125
12552.42578125
12230.4384765625
11896.4150390625
11552.8515625
11202.248046875
10847.0986328125
10489.876953125
10133.033203125
9778.974609375
9430.05859375
9088.583984375
8756.7841796875
8436.81640625
8130.751953125
7840.57421875
7568.1708984375
7315.3291015625
7083.7265625
6874.935546875
6690.4111328125
6531.4951171875
6399.41015625
6295.26171875
6220.0302734375
6174.58203125
6159.658203125
6175.8837890625
6223.7646484375
6303.693359375
6415.9453125
6560.685546875
6737.970703125
6947.7548828125
7189.8857421875
7464.1181640625
7770.109375
8107.4296875
8475.55859375
8873.8994140625
9301.7763671875
9758.44140625
10243.0771484375
10754.8056640625
11292.685546875
11855.72265625
12442.8701171875
13053.0380859375
13685.0888671875
14337.8486328125
15010.10546875
15700.6201171875
16408.12109375
17131.3095703125
17868.869140625
18619.4580078125
19381.71875
20154.2822265625
20935.759765625
21724.7568359375
22519.8671875
23319.677734375
24122.76953125
24927.7177734375
25733.09765625
26537.48046875
27339.4375
28137.5390625
28930.3603515625
29716.4775390625
30494.4755859375
31262.9423828125
32020.4736328125
32765.6767578125
33497.169921875
34213.5869140625
34913.57421875
35595.8017578125
36258.95703125
36901.7548828125
37522.9365234375
38121.2763671875
38695.5830078125
39244.705078125
39767.5341796875
40263.01171875
40730.130859375
41167.9423828125
41575.5615234375
41952.16796875
42297.01953125
42609.4462890625
42888.8662109375
43134.783203125
43346.794921875
43524.59765625
43667.986328125
43776.8671875
43851.2529296875
43891.271484375
43897.1640625
43869.29296875
43808.1416015625
43714.30859375
43588.51953125
43431.6181640625
43244.5693359375
43028.453125
42784.46484375
42513.912109375
42218.20703125
41898.865234375
41557.494140625
41195.7900390625
40815.5302734375
40418.560546875
40006.7900390625
39582.1796875
39146.7294921875
38702.4736328125
38251.458984375
37795.7431640625
37337.3740234375
36878.380859375
36420.765625
35966.48046875
35517.423828125
35075.4248046875
34642.2294921875
34219.4921875
33808.763671875
33411.4775390625
33028.947265625
32662.34765625
32312.7158203125
31980.9375
31667.74609375
31373.712890625
31099.25
30844.599609375
30609.83984375
30394.880859375
30199.4677734375
30023.1865234375
29865.4609375
29725.5634765625
29602.623046875
29495.6279296875
29403.44140625
29324.8056640625
29258.357421875
29202.638671875
29156.111328125
29117.1689453125
29084.1533203125
29055.3701171875
29029.099609375
29003.619140625
28977.2158203125
28948.2021484375
28914.931640625
28875.8154296875
28829.3408203125
28774.0771484375
28708.697265625
28631.9873046875
28542.861328125
28440.37109375
28323.71484375
28192.2470703125
28045.4873046875
27883.1259765625
27705.0263671875
27511.232421875
27301.96484375
27077.6279296875
26838.80078125
26586.240234375
26320.873046875
26043.7900390625
25756.2412109375
25459.6220703125
25155.4697265625
24845.44140625
24531.3154296875
24214.96484375
23898.349609375
23583.498046875
23272.4931640625
22967.4541015625
22670.517578125
22383.82421875
22109.49609375
21849.623046875
21606.24609375
21381.3359375
21176.7783203125
20994.359375
20835.7509765625
20702.490234375
20595.9755859375
20517.4482421875
20467.9814453125
20448.474609375
20459.6396484375
20501.998046875
20575.87890625
20681.404296875
20818.49609375
20986.876953125
21186.064453125
21415.3779296875
21673.939453125
21960.685546875
22274.3681640625
22613.568359375
22976.7021484375
23362.03125
23767.6826171875
24191.6513671875
24631.8232421875
25085.982421875
25551.8330078125
26027.013671875
26509.107421875
26995.66796875
27484.2294921875
27972.3232421875
28457.498046875
28937.3291015625
29409.4404296875
29871.5126953125
30321.302734375
30756.6533203125
31175.501953125
31575.9013671875
31956.0166015625
32314.1455078125
32648.7197265625
32958.310546875
33241.6337890625
33497.55859375
33725.1025390625
33923.4384765625
34091.8896484375
34229.931640625
34337.1865234375
34413.42578125
34458.5576171875
34472.6259765625
34455.8046875
34408.3896484375
34330.7900390625
34223.521484375
34087.19921875
33922.5263671875
33730.287109375
33511.3369140625
33266.59375
32997.033203125
32703.6708984375
32387.5654296875
32049.8046875
31691.4970703125
31313.771484375
30917.7646484375
30504.619140625
30075.4794921875
29631.48828125
29173.7802734375
28703.48046875
28221.70703125
27729.564453125
27228.146484375
26718.533203125
26201.7958984375
25678.99609375
25151.18359375
24619.4052734375
24084.701171875
23548.1083984375
23010.666015625
22473.4140625
21937.396484375
21403.6630859375
20873.2734375
20347.2939453125
19826.8017578125
19312.884765625
18806.640625
18309.177734375
17821.6123046875
17345.0654296875
16880.666015625
16429.5400390625
15992.8095703125
15571.59375
15166.9951171875
14780.0966796875
14411.9599609375
14063.61328125
13736.0458984375
13430.2041015625
13146.9794921875
12887.2021484375
12651.6357421875
12440.966796875
12255.7978515625
12096.646484375
11963.92578125
11857.953125
11778.931640625
11726.95703125
11702.0029296875
11703.9267578125
11732.4619140625
11787.216796875
11867.67578125
11973.2060546875
12103.0458984375
12256.3212890625
12432.04296875
12629.1162109375
12846.33984375
13082.4248046875
13335.994140625
13605.59375
13889.705078125
14186.7578125
14495.1357421875
14813.1923828125
15139.265625
15471.6875
15808.7958984375
16148.955078125
16490.560546875
16832.0556640625
17171.94140625
17508.794921875
17841.271484375
18168.1220703125
18488.197265625
18800.4619140625
19103.99609375
19398.005859375
19681.82421875
19954.919921875
20216.8935546875
20467.4814453125
20706.556640625
20934.12109375
21150.306640625
21355.3701171875
21549.68359375
21733.7275390625
21908.0869140625
22073.43359375
22230.5185546875
22380.1630859375
22523.2412109375
22660.669921875
22793.3935546875
22922.3681640625
23048.5517578125
23172.8896484375
23296.291015625
23419.630859375
23543.7236328125
23669.31640625
23797.0771484375
23927.580078125
24061.302734375
24198.611328125
24339.75390625
24484.857421875
24633.923828125
24786.822265625
24943.291015625
25102.9404296875
25265.25
25429.576171875
25595.154296875
25761.107421875
25926.455078125
26090.1220703125
26250.94921875
26407.7099609375
26559.1162109375
26703.8427734375
26840.53125
26967.81640625
27084.341796875
27188.7685546875
27279.7998046875
27356.2001953125
27416.8037109375
27460.5380859375
27486.4384765625
27493.6630859375
27481.5068359375
27449.416015625
27396.9990234375
27324.0390625
27230.5029296875
27116.544921875
26982.521484375
26828.986328125
26656.7001953125
26466.623046875
26259.9228515625
26037.962890625
25802.302734375
25554.6875
25297.0400390625
25031.44921875
24760.1611328125
24485.5556640625
24210.142578125
23936.5380859375
23667.4423828125
23405.6298828125
23153.921875
22915.169921875
22692.2294921875
22487.943359375
22305.1162109375
22146.494140625
22014.7421875
21912.423828125
21841.9814453125
21805.71484375
21805.759765625
21844.080078125
21922.4384765625
22042.390625
22205.271484375
22412.177734375
22663.962890625
22961.232421875
23304.3271484375
23693.330078125
24128.05859375
24608.06640625
25132.64453125
25700.8251953125
26311.390625
26962.8759765625
27653.58203125
28381.5869140625
29144.755859375
29940.759765625
30767.0849609375
31621.056640625
32499.853515625
33400.5244140625
34320.0107421875
35255.1650390625
36202.7734375
37159.5732421875
38122.2734375
39087.580078125
40052.2109375
41012.91796875
41966.505859375
42909.849609375
43839.9140625
44753.771484375
45648.611328125
46521.76171875
47370.69921875
48193.060546875
48986.65234375
49749.46484375
50479.671875
51175.6455078125
51835.951171875
52459.3623046875
53044.8515625
53591.5966796875
54098.982421875
54566.5888671875
54994.197265625
55381.7822265625
55729.50390625
56037.7041015625
56306.8984375
56537.765625
56731.1416015625
56888.0078125
57009.482421875
57096.8076171875
57151.3408203125
57174.5390625
57167.95703125
57133.224609375
57072.04296875
56986.1689453125
56877.4072265625
56747.59765625
56598.6044921875
56432.3076171875
56250.5888671875
56055.328125
55848.3916015625
55631.62109375
55406.8310546875
55175.796875
54940.248046875
54701.865234375
54462.2734375
54223.033203125
53985.6396484375
53751.5185546875
53522.0205078125
53298.41796875
53081.9052734375
52873.5947265625
52674.513671875
52485.603515625
52307.724609375
52141.6474609375
51988.0576171875
51847.556640625
51720.66015625
51607.80078125
51509.3291015625
51425.515625
51356.55078125
51302.5537109375
51263.56640625
51239.560546875
51230.443359375
51236.056640625
51256.181640625
51290.54296875
51338.8125
51400.6142578125
51475.5263671875
51563.087890625
51662.7998046875
51774.1357421875
51896.537109375
52029.427734375
52172.2099609375
52324.275390625
52485.00390625
52653.7734375
52829.95703125
53012.9375
53202.0986328125
53396.83984375
53596.5712890625
53800.7236328125
54008.7470703125
54220.11328125
54434.3203125
54650.8916015625
54869.3818359375
55089.373046875
55310.4765625
55532.3349609375
55754.6201171875
55977.033203125
56199.3046875
56421.19140625
56642.474609375
56862.9599609375
57082.4716796875
57300.853515625
57517.9619140625
57733.666015625
57947.8427734375
58160.3720703125
58371.1337890625
58580.0068359375
58786.8583984375
58991.5458984375
59193.9150390625
59393.787109375
59590.96484375
59785.224609375
59976.314453125
60163.951171875
60347.81640625
60527.560546875
60702.794921875
60873.09375
61037.990234375
61196.984375
61349.5380859375
61495.072265625
61632.9755859375
61762.60546875
61883.28515625
61994.314453125
62094.9658203125
62184.494140625
62262.13671875
62327.1220703125
62378.671875
62416.0048828125
62438.3466796875
62444.93359375
62435.015625
62407.8642578125
62362.7822265625
62299.1005859375
62216.1904296875
62113.466796875
61990.392578125
61846.484375
61681.3173828125
61494.525390625
61285.8115234375
61054.943359375
60801.7607421875
60526.1767578125
60228.1767578125
59907.8212890625
59565.2490234375
59200.6689453125
58814.3662109375
58406.69921875
57978.095703125
57529.052734375
57060.1298828125
56571.9521484375
56065.1982421875
55540.6044921875
54998.955078125
54441.076171875
53867.8359375
53280.13671875
52678.9091796875
52065.107421875
51439.7060546875
50803.6884765625
50158.05078125
49503.791015625
48841.9033203125
48173.3798828125
47499.19921875
46820.3271484375
46137.712890625
45452.2841796875
44764.9453125
44076.576171875
43388.0302734375
42700.1298828125
42013.6669921875
41329.4091796875
40648.0888671875
39970.4072265625
39297.0400390625
38628.6318359375
37965.7998046875
37309.1357421875
36659.2060546875
36016.5537109375
35381.7001953125
34755.15234375
34137.3916015625
33528.890625
32930.1044921875
32341.478515625
31763.4453125
31196.4296875
30640.845703125
30097.1025390625
29565.5986328125
29046.728515625
28540.8740234375
28048.416015625
27569.7197265625
27105.1416015625
26655.0283203125
26219.7099609375
25799.5009765625
25394.697265625
25005.5712890625
24632.3740234375
24275.32421875
23934.61328125
23610.3984375
23302.798828125
23011.8896484375
22737.7080078125
22480.2392578125
22239.4248046875
22015.1494140625
21807.2470703125
21615.498046875
21439.623046875
21279.2890625
21134.103515625
21003.62109375
20887.33984375
20784.7041015625
20695.109375
20617.8994140625
20552.3798828125
20497.8125
20453.42578125
20418.4189453125
20391.96875
20373.2353515625
20361.3671875
20355.5146484375
20354.83203125
20358.484375
20365.662109375
20375.58203125
20387.5009765625
20400.7197265625
20414.591796875
20428.5322265625
20442.0234375
20454.6220703125
20465.9599609375
20475.7607421875
20483.83203125
20490.076171875
20494.4912109375
20497.1708984375
20498.306640625
20498.1884765625
20497.203125
20495.828125
20494.6328125
20494.271484375
20495.4765625
20499.0546875
20505.87890625
20516.875
20533.0166015625
20555.3173828125
20584.810546875
20622.55078125
20669.5869140625
20726.962890625
20795.6982421875
20876.775390625
20971.1298828125
21079.6357421875
21203.0927734375
21342.2158203125
21497.6240234375
21669.826171875
21859.21875
22066.064453125
22290.498046875
22532.5068359375
22791.935546875
23068.4736328125
23361.6552734375
23670.8564453125
23995.2978515625
24334.0390625
24685.9892578125
25049.9013671875
25424.3857421875
25807.908203125
26198.8076171875
26595.296875
26995.474609375
27397.33984375
27798.7998046875
28197.68359375
28591.763671875
28978.7548828125
29356.3466796875
29722.205078125
30073.998046875
30409.40234375
30726.1298828125
31021.931640625
31294.6240234375
31542.0947265625
31762.3251953125
31953.396484375
32113.5107421875
32240.9990234375
32334.330078125
32392.1279296875
32413.1748046875
32396.421875
32340.9970703125
32246.2109375
32111.560546875
31936.7314453125
31721.6044921875
31466.2509765625
31170.939453125
30836.1279296875
30462.46484375
30050.7861328125
29602.107421875
29117.6240234375
28598.701171875
28046.865234375
27463.7998046875
26851.3359375
26211.44140625
25546.2138671875
24857.869140625
24148.7314453125
23421.2197265625
22677.84375
21921.1865234375
21153.89453125
20378.6728515625
19598.26171875
18815.4345703125
18032.9892578125
17253.724609375
16480.4462890625
15715.9423828125
14962.9765625
14224.287109375
13502.560546875
12800.4384765625
12120.4951171875
11465.2373046875
10837.0888671875
10238.3876953125
9671.373046875
9138.1787109375
8640.828125
8181.2216796875
7761.1337890625
7382.203125
7045.9296875
6753.666015625
6506.6103515625
6305.806640625
6152.1318359375
6046.2998046875
5988.849609375
5980.1494140625
6020.3896484375
6109.580078125
6247.55078125
6433.951171875
6668.248046875
6949.7275390625
7277.4990234375
7650.490234375
8067.458984375
8526.9921875
9027.5126953125
9567.283203125
10144.4130859375
10756.8681640625
11402.478515625
12078.9453125
12783.8525390625
13514.6767578125
14268.8017578125
15043.5263671875
15836.080078125
16643.6337890625
17463.3154296875
18292.2265625
19127.447265625
19966.0625
20805.1689453125
21641.890625
22473.39453125
23296.90625
24109.7177734375
24909.2080078125
25692.849609375
26458.2255859375
27203.037109375
27925.1162109375
28622.4345703125
29293.1123046875
29935.423828125
30547.80859375
31128.87109375
31677.3896484375
32192.31640625
32672.78125
33118.0908203125
33527.7275390625
33901.3525390625
34238.7939453125
34540.0546875
34805.2958984375
35034.83984375
35229.1591796875
35388.87109375
35514.7255859375
35607.6044921875
35668.5009765625
35698.5205078125
35698.8662109375
35670.826171875
35615.7666015625
35535.12109375
35430.37890625
35303.07421875
35154.779296875
34987.091796875
34801.626953125
34600.0048828125
34383.8505859375
34154.7783203125
33914.38671875
33664.25390625
33405.9296875
33140.931640625
32870.73828125
32596.7841796875
32320.4658203125
32043.123046875
31766.0498046875
31490.4873046875
31217.623046875
30948.5888671875
30684.462890625
30426.2705078125
30174.9765625
29931.49609375
29696.6884765625
29471.361328125
29256.2646484375
29052.1025390625
28859.5244140625
28679.1279296875
28511.4619140625
28357.025390625
28216.2646484375
28089.5791015625
27977.314453125
27879.765625
27797.177734375
27729.740234375
27677.5888671875
27640.8046875
27619.4111328125
27613.3720703125
27622.58984375
27646.908203125
27686.1015625
27739.8798828125
27807.8876953125
27889.6953125
27984.806640625
28092.6513671875
28212.5859375
28343.8916015625
28485.77734375
28637.3818359375
28797.7626953125
28965.9130859375
29140.7509765625
29321.1279296875
29505.828125
29693.576171875
29883.0341796875
30072.8125
30261.470703125
30447.5224609375
30629.447265625
30805.6884765625
30974.6669921875
31134.7822265625
31284.4267578125
31421.98828125
31545.8623046875
31654.45703125
31746.2041015625
31819.5673828125
31873.0498046875
31905.203125
31914.640625
31900.0361328125
31860.14453125
31793.7998046875
31699.9287109375
31577.5556640625
31425.8115234375
31243.9384765625
31031.296875
30787.3720703125
30511.77734375
30204.2587890625
29864.7021484375
29493.1279296875
29089.7041015625
28654.73828125
28188.6865234375
27692.146484375
27165.8603515625
26610.712890625
26027.73046875
25418.07421875
24783.0419921875
24124.0576171875
23442.6728515625
22740.5537109375
22019.484375
21281.3466796875
20528.126953125
19761.8974609375
18984.8115234375
18199.095703125
17407.0380859375
16610.98046875
15813.306640625
15016.4345703125
14222.798828125
13434.8515625
12655.0419921875
11885.806640625
11129.5654296875
10388.703125
9665.5625
8962.4326171875
8281.5400390625
7625.0380859375
6994.9951171875
6393.392578125
5822.1083984375
5282.912109375
4777.4580078125
4307.2763671875
3873.7705078125
3478.2060546875
3121.712890625
2805.2744140625
2529.7275390625
2295.7607421875
2103.91015625
1954.5595703125
1847.94140625
1784.1376953125
1763.080078125
1784.55078125
1848.1904296875
1953.5
2099.841796875
2286.4521484375
2512.44140625
2776.8037109375
3078.421875
3416.078125
3788.4609375
4194.1748046875
4631.7451171875
5099.6337890625
5596.2421875
6119.9296875
6669.009765625
7241.775390625
7836.494140625
8451.4267578125
9084.8359375
9734.986328125
10400.1650390625
11078.6806640625
11768.8779296875
12469.134765625
13177.880859375
13893.58984375
14614.8017578125
15340.1083984375
16068.1708984375
16797.716796875
17527.5439453125
18256.51953125
18983.5859375
19707.7578125
20428.1171875
21143.8203125
21854.091796875
22558.2197265625
23255.556640625
23945.5146484375
24627.560546875
25301.2099609375
25966.0283203125
26621.6171875
27267.6181640625
27903.6982421875
28529.552734375
29144.8955078125
29749.451171875
30342.9521484375
30925.13671875
31495.7392578125
32054.4853515625
32601.091796875
33135.2568359375
33656.6611328125
34164.962890625
34659.794921875
35140.763671875
35607.4443359375
36059.388671875
36496.111328125
36917.1005859375
37321.8173828125
37709.6923828125
38080.1318359375
38432.5205078125
38766.2216796875
39080.5830078125
39374.9404296875
39648.6240234375
39900.95703125
40131.2705078125
40338.90234375
40523.205078125
40683.55078125
40819.3408203125
40930.0068359375
41015.025390625
41073.9140625
41106.24609375
41111.6552734375
41089.8369140625
41040.55859375
40963.6669921875
40859.0869140625
40726.83203125
40567.0078125
40379.8115234375
40165.5419921875
39924.5966796875
39657.4794921875
39364.794921875
39047.2578125
38705.6865234375
38341.005859375
37954.24609375
37546.5400390625
37119.1201171875
36673.31640625
36210.5556640625
35732.345703125
35240.287109375
34736.052734375
34221.38671875
33698.0986328125
33168.0556640625
32633.1708984375
32095.3994140625
31556.7275390625
31019.16015625
30484.716796875
29955.419921875
29433.279296875
28920.2890625
28418.416015625
27929.583984375
27455.6708984375
26998.4912109375
26559.7919921875
26141.240234375
25744.412109375
25370.787109375
25021.7373046875
24698.517578125
24402.2607421875
24133.96875
23894.5078125
23684.5986328125
23504.818359375
23355.587890625
23237.1728515625
23149.681640625
23093.0615234375
23067.1005859375
23071.421875
23105.4892578125
23168.6083984375
23259.927734375
23378.4453125
23523.0068359375
23692.318359375
23884.94921875
24099.3330078125
24333.791015625
24586.5234375
24855.626953125
25139.107421875
25434.880859375
25740.794921875
26054.6337890625
26374.1318359375
26696.9833984375
27020.865234375
27343.435546875
27662.353515625
27975.2958984375
28279.9609375
28574.08984375
28855.4765625
29121.9765625
29371.525390625
29602.1455078125
29811.9599609375
29999.2001953125
30162.220703125
30299.5068359375
30409.6787109375
30491.5078125
30543.916015625
30565.98828125
30556.9716796875
30516.28515625
30443.51953125
30338.4404296875
30200.9912109375
30031.2880859375
29829.6259765625
29596.470703125
29332.458984375
29038.3935546875
28715.2373046875
28364.107421875
27986.2685546875
27583.1220703125
27156.203125
26707.1630859375
26237.7646484375
25749.8662109375
25245.4150390625
24726.4306640625
24194.9921875
23653.224609375
23103.291015625
22547.369140625
21987.6455078125
21426.294921875
20865.4765625
20307.3056640625
19753.8564453125
19207.13671875
18669.0810546875
18141.5400390625
17626.265625
17124.9052734375
16638.9873046875
16169.9150390625
15718.9638671875
15287.2666015625
14875.8134765625
14485.4462890625
14116.8583984375
13770.5869140625
13447.0185546875
13146.388671875
12868.779296875
12614.1298828125
12382.232421875
12172.74609375
11985.2001953125
11818.9951171875
11673.42578125
11547.67578125
11440.8369140625
11351.9208984375
11279.8623046875
11223.5390625
11181.7822265625
11153.388671875
11137.1337890625
11131.78125
11136.103515625
11148.8876953125
11168.9501953125
11195.1494140625
11226.3935546875
11261.6552734375
11299.9794921875
11340.4921875
11382.4091796875
11425.0419921875
11467.806640625
11510.2216796875
11551.9208984375
11592.6484375
11632.263671875
11670.740234375
11708.1630859375
11744.728515625
11780.73828125
11816.599609375
11852.8115234375
11889.962890625
11928.7265625
11969.84375
12014.12109375
12062.4208984375
12115.642578125
12174.7216796875
12240.611328125
12314.2724609375
12396.6640625
12488.7314453125
12591.390625
12705.521484375
12831.9541015625
12971.4599609375
13124.7421875
13292.423828125
13475.0419921875
13673.0380859375
13886.7529296875
14116.4208984375
14362.1611328125
14623.978515625
14901.7587890625
15195.2646484375
15504.140625
15827.9033203125
16165.9560546875
16517.580078125
16881.9423828125
17258.0986328125
17645.0
18041.4951171875
18446.3447265625
18858.21875
19275.7080078125
19697.3369140625
20121.56640625
20546.8046875
20971.4208984375
21393.74609375
21812.0908203125
22224.751953125
22630.0224609375
23026.19921875
23411.5966796875
23784.5517578125
24143.4365234375
24486.662109375
24812.6923828125
25120.048828125
25407.3173828125
25673.1572265625
25916.3046875
26135.5830078125
26329.9052734375
26498.2763671875
26639.8046875
26753.6982421875
26839.275390625
26895.9609375
26923.29296875
26920.923828125
26888.6181640625
26826.2626953125
26733.8544921875
26611.5146484375
26459.4765625
26278.0908203125
26067.828125
25829.267578125
25563.103515625
25270.1455078125
24951.3056640625
24607.60546875
24240.171875
23850.2294921875
23439.0986328125
23008.1962890625
22559.02734375
22093.177734375
21612.31640625
21118.1845703125
20612.59375
20097.41796875
19574.5869140625
19046.08203125
18513.9248046875
17980.1748046875
17446.921875
16916.271484375
16390.345703125
15871.26953125
15361.1611328125
14862.126953125
14376.25390625
13905.58984375
13452.1513671875
13017.8974609375
12604.732421875
12214.4931640625
11848.9365234375
11509.7392578125
11198.48046875
10916.638671875
10665.5859375
10446.5751953125
10260.7392578125
10109.0810546875
9992.470703125
9911.640625
9867.1787109375
9859.5302734375
9888.9931640625
9955.71484375
10059.6943359375
10200.7822265625
10378.681640625
10592.951171875
10843.0048828125
11128.1220703125
11447.4443359375
11799.98828125
12184.6474609375
12600.2021484375
13045.32421875
13518.58984375
14018.48046875
14543.40234375
15091.6884765625
15661.6123046875
16251.39453125
16859.21875
17483.236328125
18121.580078125
18772.376953125
19433.75
20103.8349609375
20780.7900390625
21462.8017578125
22148.0927734375
22834.935546875
23521.65234375
24206.630859375
24888.3212890625
25565.2470703125
26236.013671875
26899.3017578125
27553.8798828125
28198.60546875
28832.423828125
29454.37109375
30063.5751953125
30659.255859375
31240.724609375
31807.380859375
32358.7158203125
32894.2998046875
33413.794921875
33916.9365234375
34403.54296875
34873.501953125
35326.7724609375
35763.380859375
36183.416015625
36587.0224609375
36974.4013671875
37345.802734375
37701.5234375
38041.90625
38367.3271484375
38678.2021484375
38974.9775390625
39258.1298828125
39528.1630859375
39785.6005859375
40030.9912109375
40264.9013671875
40487.9140625
40700.623046875
40903.6416015625
41097.5869140625
41283.08984375
41460.7861328125
41631.3173828125
41795.328125
41953.466796875
42106.37890625
42254.7109375
42399.103515625
42540.193359375
42678.6015625
42814.947265625
42949.8271484375
43083.826171875
43217.5068359375
43351.40625
43486.0361328125
43621.8759765625
43759.3701171875
43898.92578125
44040.9052734375
44185.623046875
44333.3466796875
44484.2841796875
44638.5859375
44796.3427734375
44957.5732421875
45122.234375
45290.20703125
45461.294921875
45635.2314453125
45811.66796875
45990.177734375
46170.255859375
46351.3154296875
46532.693359375
46713.6533203125
46893.3779296875
47070.9833984375
47245.517578125
47415.96484375
47581.2509765625
47740.25390625
47891.802734375
48034.6904296875
48167.6767578125
48289.505859375
48398.90234375
48494.5927734375
48575.306640625
48639.7890625
48686.8125
48715.1826171875
48723.75390625
48711.4365234375
48677.203125
48620.1025390625
48539.26953125
48433.927734375
48303.4033203125
48147.1279296875
47964.6484375
47755.630859375
47519.8623046875
47257.26171875
46967.8759765625
46651.8828125
46309.5947265625
45941.4541015625
45548.0341796875
45130.0361328125
44688.283203125
44223.716796875
43737.392578125
43230.4697265625
42704.2060546875
42159.947265625
41599.1171875
41023.2119140625
40433.7841796875
39832.431640625
39220.7890625
38600.5146484375
37973.27734375
37340.7470703125
36704.5810546875
36066.4072265625
35427.8271484375
34790.3857421875
34155.5791015625
33524.8330078125
32899.49609375
32280.837890625
31670.0322265625
31068.1591796875
30476.1943359375
29895.0068359375
29325.3564453125
28767.892578125
28223.15234375
27691.5576171875
27173.4248046875
26668.9599609375
26178.263671875
25701.3408203125
25238.09765625
24788.357421875
24351.859375
23928.2705078125
23517.1943359375
23118.177734375
22730.7236328125
22354.294921875
21988.326171875
21632.2392578125
21285.4443359375
20947.3505859375
20617.3818359375
20294.9775390625
19979.60546875
19670.765625
19368.0009765625
19070.9013671875
18779.1103515625
18492.328125
18210.31640625
17932.8994140625
17659.96875
17391.484375
17127.470703125
16868.017578125
16613.2861328125
16363.4921875
16118.916015625
15879.890625
15646.80078125
15420.080078125
15200.19921875
14987.6640625
14783.0126953125
14586.80078125
14399.6025390625
14222.0009765625
14054.5810546875
13897.9228515625
13752.59765625
13619.16015625
13498.142578125
13390.0498046875
13295.3544921875
13214.4921875
13147.8564453125
13095.7978515625
13058.619140625
13036.5732421875
13029.8603515625
13038.62890625
13062.974609375
13102.9345703125
13158.494140625
13229.5859375
13316.0859375
13417.822265625
13534.5693359375
13666.0546875
13811.9560546875
13971.9091796875
14145.5048828125
14332.291015625
14531.77734375
14743.4375
14966.7041015625
15200.9814453125
15445.63671875
15700.0068359375
15963.396484375
16235.080078125
16514.306640625
16800.2880859375
17092.2158203125
17389.248046875
17690.513671875
17995.1142578125
18302.1220703125
18610.5810546875
18919.5048828125
19227.8779296875
19534.6591796875
19838.775390625
20139.12890625
20434.5947265625
20724.025390625
21006.2490234375
21280.0771484375
21544.30078125
21797.7001953125
22039.046875
22267.10546875
22480.646484375
22678.4423828125
22859.283203125
23021.974609375
23165.353515625
23288.2880859375
23389.69140625
23468.5302734375
23523.826171875
23554.6728515625
23560.23828125
23539.77734375
23492.6396484375
23418.2734375
23316.23828125
23186.2099609375
23027.986328125
22841.49609375
22626.798828125
22384.0947265625
22113.7236328125
21816.1689453125
21492.05859375
21142.1650390625
20767.4033203125
20368.8330078125
19947.64453125
19505.1669921875
19042.8515625
18562.2744140625
18065.1181640625
17553.171875
17028.3134765625
16492.5068359375
15947.78125
15396.2275390625
14839.982421875
14281.208984375
13722.0947265625
13164.830078125
12611.5966796875
12064.556640625
11525.8349609375
10997.5126953125
10481.6083984375
9980.0751953125
9494.78125
9027.5078125
8579.9375
8153.6474609375
7750.1015625
7370.650390625
7016.51953125
6688.8193359375
6388.5302734375
6116.5107421875
5873.501953125
5660.1240234375
5476.876953125
5324.16015625
5202.259765625
5111.373046875
5051.599609375
5022.9658203125
5025.4208984375
5058.8486328125
5123.083984375
5217.9140625
5343.091796875
5498.34375
5683.37890625
5897.8984375
6141.6005859375
6414.193359375
6715.390625
7044.9306640625
7402.56640625
7788.0810546875
8201.28125
8642.0029296875
9110.107421875
9605.484375
10128.0419921875
10677.7109375
11254.4384765625
11858.171875
12488.8671875
13146.4697265625
13830.9140625
14542.1064453125
15279.919921875
16044.1865234375
16834.6826171875
17651.123046875
18493.14453125
19360.3056640625
20252.068359375
21167.79296875
22106.73046875
23068.013671875
24050.6533203125
25053.5283203125
26075.3857421875
27114.8369140625
28170.353515625
29240.2705078125
30322.78515625
31415.9599609375
32517.7275390625
33625.892578125
34738.1455078125
35852.0615234375
36965.1220703125
38074.7080078125
39178.130859375
40272.6318359375
41355.400390625
42423.5859375
43474.3173828125
44504.712890625
45511.900390625
46493.0302734375
47445.29296875
48365.93359375
49252.265625
50101.69140625
50911.7119140625
51679.939453125
52404.11328125
53082.111328125
53711.958984375
54291.8408203125
54820.1083984375
55295.2841796875
55716.07421875
56081.365234375
56390.2294921875
56641.9306640625
56835.919921875
56971.8330078125
57049.4951171875
57068.908203125
57030.2509765625
56933.8759765625
56780.2939453125
56570.1748046875
56304.3310546875
55983.7177734375
55609.4111328125
55182.6064453125
54704.607421875
54176.8095703125
53600.6943359375
52977.8134765625
52309.7841796875
51598.2734375
50844.98828125
50051.671875
49220.0859375
48352.0048828125
47449.212890625
46513.4931640625
45546.6162109375
44550.3447265625
43526.421875
42476.5693359375
41402.4833984375
40305.8359375
39188.2685546875
38051.3984375
36896.8095703125
35726.0625
34540.69140625
33342.2060546875
32132.0966796875
30911.8349609375
29682.8798828125
28446.6787109375
27204.669921875
25958.2939453125
24708.98828125
23458.197265625
22207.373046875
20957.9794921875
19711.498046875
18469.42578125
17233.28125
16004.6044921875
14784.9580078125
13575.9306640625
12379.1328125
11196.201171875
10028.791015625
8878.58203125
7747.267578125
6636.5556640625
5548.169921875
4483.833984375
3445.2705078125
2434.205078125
1452.3447265625
501.380859375
-417.01953125
-1301.2236328125
-2149.638671875
-2960.7216796875
-3732.9833984375
-4465.001953125
-5155.4287109375
-5802.9931640625
-6406.517578125
-6964.9189453125
-7477.220703125
-7942.556640625
-8360.1796875
-8729.46484375
-9049.921875
-9321.189453125
-9543.0517578125
-9715.43359375
-9838.40625
-9912.1875
-9937.1474609375
-9913.8056640625
-9842.8291015625
-9725.0380859375
-9561.3955078125
-9353.0078125
-9101.123046875
-8807.1259765625
-8472.52734375
-8098.9638671875
-7688.1904296875
-7242.068359375
-6762.5625
-6251.7294921875
-5711.7080078125
-5144.7119140625
-4553.0166015625
-3938.951171875
-3304.8837890625
-2653.216796875
-1986.3701171875
-1306.7734375
-616.8515625
80.982421875
784.3408203125
1490.87109375
2198.265625
2904.271484375
3606.701171875
4303.439453125
4992.4541015625
5671.80078125
6339.6298828125
6994.1962890625
7633.8583984375
8257.087890625
8862.474609375
9448.7197265625
10014.6484375
10559.2060546875
11081.4560546875
11580.5830078125
12055.890625
12506.7939453125
12932.822265625
13333.6142578125
13708.90625
14058.537109375
14382.4326171875
14680.603515625
14953.140625
15200.19921875
15421.998046875
15618.8095703125
15790.9501953125
15938.771484375
16062.6572265625
16163.00390625
16240.2255859375
16294.734375
16326.943359375
16337.251953125
16326.0390625
16293.6669921875
16240.4619140625
16166.720703125
16072.69921875
15958.6181640625
15824.6494140625
15670.9248046875
15497.529296875
15304.505859375
15091.85546875
14859.5361328125
14607.4697265625
14335.5478515625
14043.630859375
13731.5595703125
13399.1572265625
13046.240234375
12672.6220703125
12278.1240234375
11862.5869140625
11425.8701171875
10967.8720703125
10488.533203125
9987.8486328125
9465.873046875
8922.7373046875
8358.6474609375
7773.9052734375
7168.904296875
6544.146484375
5900.2451171875
5237.931640625
4558.0576171875
3861.6064453125
3149.69140625
2423.5556640625
1684.5830078125
934.2841796875
174.306640625
-593.5693359375
-1367.4404296875
-2145.2783203125
-2924.9404296875
-3704.171875
-4480.619140625
-5251.837890625
-6015.298828125
-6768.404296875
-7508.501953125
-8232.88671875
-8938.8291015625
-9623.5791015625
-10284.3818359375
-10918.4970703125
-11523.2109375
-12095.8486328125
-12633.796875
-13134.509765625
-13595.529296875
-14014.4990234375
-14389.1787109375
-14717.44921875
-14997.3349609375
-15227.0107421875
-15404.8125
-15529.244140625
-15598.9912109375
-15612.9208984375
-15570.095703125
-15469.76953125
-15311.3974609375
-15094.634765625
-14819.3349609375
-14485.552734375
-14093.54296875
-13643.7490234375
-13136.8076171875
-12573.53515625
-11954.927734375
-11282.1455078125
-10556.5107421875
-9779.4912109375
-8952.6943359375
-8077.8544921875
-7156.8173828125
-6191.5380859375
-5184.0517578125
-4136.478515625
-3050.998046875
-1929.8427734375
-775.28125
410.38671875
1624.8515625
2865.80078125
4130.927734375
5417.9443359375
6724.5927734375
8048.646484375
9387.927734375
10740.3037109375
12103.7021484375
13476.1064453125
14855.5703125
16240.2080078125
17628.20703125
19017.8193359375
20407.3681640625
21795.244140625
23179.9013671875
24559.85546875
25933.681640625
27300.0087890625
28657.5107421875
30004.91015625
31340.962890625
32664.455078125
33974.2001953125
35269.0283203125
36547.7783203125
37809.2978515625
39052.4296875
40276.0107421875
41478.8623046875
42659.7900390625
43817.5751953125
44950.970703125
46058.6982421875
47139.44921875
48191.8759765625
49214.5947265625
50206.1865234375
51165.1943359375
52090.1259765625
52979.458984375
53831.638671875
54645.0849609375
55418.1982421875
56149.361328125
56836.9521484375
57479.341796875
58074.912109375
58622.0546875
59119.1845703125
59564.7529296875
59957.2490234375
60295.2119140625
60577.2470703125
60802.0283203125
60968.3115234375
61074.9482421875
61120.8896484375
61105.2001953125
61027.06640625
60885.8076171875
60680.8828125
60411.9013671875
60078.62890625
59680.9970703125
59219.10546875
58693.236328125
58103.849609375
57451.5966796875
56737.3173828125
55962.0458984375
55127.0126953125
54233.6435546875
53283.564453125
52278.595703125
51220.7509765625
50112.23828125
48955.453125
47752.9765625
46507.5654296875
45222.1513671875
43899.830078125
42543.857421875
41157.6328125
39744.7001953125
38308.7294921875
36853.5068359375
35382.92578125
33900.9736328125
32411.7197265625
30919.2939453125
29427.8837890625
27941.7138671875
26465.0283203125
25002.083984375
23557.1240234375
22134.3701171875
20738.00390625
19372.1474609375
18040.8525390625
16748.080078125
15497.685546875
14293.404296875
13138.83203125
12037.4140625
10992.4267578125
10006.96484375
9083.9267578125
8226.0009765625
7435.6533203125
6715.119140625
6066.3857421875
5491.1865234375
4990.9931640625
4567.0029296875
4220.1376953125
3951.0361328125
3760.0458984375
3647.2294921875
3612.353515625
3654.8955078125
3774.0390625
3968.6826171875
4237.4404296875
4578.6474609375
4990.369140625
5470.40625
6016.3115234375
6625.3896484375
7294.720703125
8021.1689453125
8801.3955078125
9631.87890625
10508.9287109375
11428.7060546875
12387.2392578125
13380.4443359375
14404.14453125
15454.091796875
16525.98828125
17615.4990234375
18718.28515625
19830.0146484375
20946.390625
22063.1611328125
23176.150390625
24281.26953125
25374.5380859375
26452.1015625
27510.248046875
28545.419921875
29554.232421875
30533.48828125
31480.1806640625
32391.51171875
33264.8974609375
34097.9775390625
34888.6181640625
35634.916015625
36335.2041015625
36988.0498046875
37592.2548828125
38146.85546875
38651.1142578125
39104.5234375
39506.78515625
39857.822265625
40157.75
40406.8837890625
40605.716796875
40754.9111328125
40855.2890625
40907.81640625
40913.5927734375
40873.8310546875
40789.8505859375
40663.0595703125
40494.9404296875
40287.037109375
40040.94140625
39758.27734375
39440.693359375
39089.8427734375
38707.3759765625
38294.931640625
37854.125
37386.533203125
36893.6962890625
36377.1044921875
35838.193359375
35278.3388671875
34698.853515625
34100.9814453125
33485.900390625
32854.720703125
32208.48046875
31548.1533203125
30874.6455078125
30188.8056640625
29491.4189453125
28783.22265625
28064.9033203125
27337.1064453125
26600.443359375
25855.4951171875
25102.8251953125
24342.978515625
23576.4951171875
22803.9189453125
22025.7958984375
21242.6923828125
20455.1923828125
19663.9140625
18869.501953125
18072.6455078125
17274.0771484375
16474.57421875
15674.9677734375
14876.1435546875
14079.0400390625
13284.6513671875
12494.0322265625
11708.28515625
10928.5703125
10156.0966796875
9392.1181640625
8637.9345703125
7894.8798828125
7164.31640625
6447.6337890625
5746.23828125
5061.5458984375
4394.9677734375
3747.9130859375
3121.771484375
2517.90625
1937.6435546875
1382.2666015625
853.001953125
351.013671875
-122.607421875
-566.853515625
-980.8037109375
-1363.638671875
-1714.6396484375
-2033.2041015625
-2318.841796875
-2571.189453125
-2790.005859375
-2975.18359375
-3126.74609375
-3244.849609375
-3329.7900390625
-3381.990234375
-3402.0126953125
-3390.548828125
-3348.41796875
-3276.560546875
-3176.041015625
-3048.0341796875
-2893.822265625
-2714.7861328125
-2512.3994140625
-2288.2197265625
-2043.87890625
-1781.0732421875
-1501.5546875
-1207.1201171875
-899.6044921875
-580.8623046875
-252.7666015625
82.8046875
423.9814453125
768.91015625
1115.7607421875
1462.7412109375
1808.0986328125
2150.13671875
2487.21875
2817.7734375
3140.3076171875
3453.4052734375
3755.7421875
4046.0791015625
4323.2763671875
4586.2919921875
4834.185546875
5066.123046875
5281.373046875
5479.310546875
5659.419921875
5821.2900390625
5964.6123046875
6089.1845703125
6194.90625
6281.7744140625
6349.8837890625
6399.4208984375
6430.66015625
6443.96484375
6439.7763671875
6418.6123046875
6381.064453125
6327.7890625
6259.5068359375
6176.9931640625
6081.0751953125
5972.6279296875
5852.5673828125
5721.84375
5581.439453125
5432.361328125
5275.634765625
5112.298828125
4943.4033203125
4770.0
4593.138671875
4413.8623046875
4233.2001953125
4052.1630859375
3871.7392578125
3692.8857421875
3516.525390625
3343.5439453125
3174.77734375
3011.015625
2852.9921875
2701.37890625
2556.7822265625
2419.7412109375
2290.716796875
2170.09375
2058.173828125
1955.1728515625
1861.21484375
1776.3349609375
1700.470703125
1633.46484375
1575.0615234375
1524.9072265625
1482.55078125
1447.4404296875
1418.9306640625
1396.2841796875
1378.669921875
1365.1708984375
1354.7900390625
1346.451171875
1339.01171875
1331.265625
1321.9541015625
1309.771484375
1293.376953125
1271.4091796875
1242.48828125
1205.23828125
1158.2900390625
1100.30078125
1029.9609375
946.0146484375
847.2685546875
732.6025390625
600.9921875
451.5087890625
283.345703125
95.8193359375
-111.6123046875
-339.345703125
-587.6142578125
-856.4873046875
-1145.857421875
-1455.4345703125
-1784.7470703125
-2133.1279296875
-2499.7216796875
-2883.4853515625
-3283.17578125
-3697.3720703125
-4124.4619140625
-4562.662109375
-5010.0185546875
-5464.41796875
-5923.5966796875
-6385.1572265625
-6846.580078125
-7305.236328125
-7758.41015625
-8203.3115234375
-8637.0927734375
-9056.8740234375
-9459.7578125
-9842.8515625
-10203.2861328125
-10538.2392578125
-10844.951171875
-11120.7490234375
-11363.064453125
-11569.451171875
-11737.6044921875
-11865.380859375
-11950.8056640625
-11992.09765625
-11987.673828125
-11936.1650390625
-11836.4267578125
-11687.541015625
-11488.8310546875
-11239.857421875
-10940.427734375
-10590.587890625
-10190.6318359375
-9741.087890625
-9242.7216796875
-8696.5205078125
-8103.693359375
-7465.6533203125
-6784.0087890625
-6060.5498046875
-5297.2353515625
-4496.173828125
-3659.6064453125
-2789.89453125
-1889.4970703125
-960.953125
-6.865234375
970.123046875
1967.341796875
2982.1181640625
4011.7861328125
5053.7158203125
6105.3173828125
7164.0654296875
8227.51171875
9293.2958984375
10359.1611328125
11422.9638671875
12482.6826171875
13536.4287109375
14582.4501953125
15619.1396484375
16645.0361328125
17658.830078125
18659.357421875
19645.611328125
20616.728515625
21571.9912109375
22510.8232421875
23432.78515625
24337.5634765625
25224.9697265625
26094.927734375
26947.46484375
27782.70703125
28600.861328125
29402.2158203125
30187.1201171875
30955.982421875
31709.25
32447.41015625
33170.96875
33880.4521484375
34576.3876953125
35259.2998046875
35929.7001953125
36588.0830078125
37234.9111328125
37870.6181640625
38495.5927734375
39110.185546875
39714.6923828125
40309.359375
40894.3759765625
41469.8740234375
42035.9248046875
42592.5390625
43139.66796875
43677.2001953125
44204.966796875
44722.7373046875
45230.2255859375
45727.091796875
46212.943359375
46687.337890625
47149.7880859375
47599.76171875
48036.6923828125
48459.9755859375
48868.978515625
49263.0380859375
49641.4765625
50003.5927734375
50348.67578125
50676.009765625
50984.87109375
51274.544921875
51544.3193359375
51793.49609375
52021.3984375
52227.369140625
52410.7822265625
52571.044921875
52707.607421875
52819.9619140625
52907.6533203125
52970.2822265625
53007.5126953125
53019.078125
53004.78125
52964.505859375
52898.2197265625
52805.978515625
52687.9306640625
52544.32421875
52375.5078125
52181.9345703125
51964.1689453125
51722.884765625
51458.87109375
51173.0263671875
50866.37109375
50540.037109375
50195.26953125
49833.4296875
49455.9833984375
49064.5068359375
48660.671875
48246.25
47823.099609375
47393.1591796875
46958.4365234375
46521.0068359375
46082.9931640625
45646.5546875
45213.8818359375
44787.1787109375
44368.646484375
43960.4697265625
43564.8046875
43183.7626953125
42819.3896484375
42473.65625
42148.4375
41845.498046875
41566.4775390625
41312.8759765625
41086.0361328125
40887.1318359375
40717.154296875
40576.8994140625
40466.9619140625
40387.71484375
40339.3134765625
40321.6787109375
40334.5029296875
40377.2314453125
40449.0771484375
40549.0087890625
40675.759765625
40827.828125
41003.4833984375
41200.7763671875
41417.5478515625
41651.4375
41899.896484375
42160.208984375
42429.501953125
42704.76171875
42982.861328125
43260.568359375
43534.5791015625
43801.529296875
44058.0234375
44300.65625
44526.03125
44730.79296875
44911.6416015625
45065.3623046875
45188.841796875
45279.09375
45333.2802734375
45348.728515625
45322.94921875
45253.658203125
45138.7880859375
44976.5
44765.2041015625
44503.5615234375
44190.5
43825.2138671875
43407.1708984375
42936.119140625
42412.0830078125
41835.3623046875
41206.5322265625
40526.431640625
39796.162109375
39017.0791015625
38190.7744140625
37319.0732421875
36404.013671875
35447.8369140625
34452.9658203125
33421.99609375
32357.669921875
31262.861328125
30140.5625
28993.8505859375
27825.8837890625
26639.8720703125
25439.0615234375
24226.7109375
23006.0810546875
21780.4072265625
20552.8896484375
19326.671875
18104.82421875
16890.3330078125
15686.0849609375
14494.8525390625
13319.2861328125
12161.90234375
11025.072265625
9911.01953125
8821.80859375
7759.3447265625
6725.3662109375
5721.4443359375
4748.9833984375
3809.21484375
2903.208984375
2031.8662109375
1195.9296875
395.984375
-367.5390625
-1094.349609375
-1784.30078125
-2437.37109375
-3053.6689453125
-3633.4111328125
-4176.923828125
-4684.6279296875
-5157.03125
-5594.71875
-5998.3466796875
-6368.6220703125
-6706.310546875
-7012.2080078125
-7287.146484375
-7531.9765625
-7747.5654296875
-7934.78125
-8094.4912109375
-8227.5556640625
-8334.814453125
-8417.08984375
-8475.1728515625
-8509.8251953125
-8521.7724609375
-8511.6982421875
-8480.24609375
-8428.0146484375
-8355.55859375
-8263.3828125
-8151.9482421875
-8021.6708984375
-7872.9208984375
-7706.02734375
-7521.2783203125
-7318.9267578125
-7099.1923828125
-6862.267578125
-6608.318359375
-6337.4951171875
-6049.93359375
-5745.763671875
-5425.1123046875
-5088.1142578125
-4734.9169921875
-4365.6845703125
-3980.6064453125
-3579.90625
-3163.84765625
-2732.7353515625
-2286.9296875
-1826.8466796875
-1352.9658203125
-865.8330078125
-366.068359375
145.6328125
668.494140625
1201.658203125
1744.1826171875
2295.041015625
2853.1201171875
3417.2236328125
3986.0703125
4558.298828125
5132.47265625
5707.0791015625
6280.541015625
6851.21875
7417.416015625
7977.392578125
8529.373046875
9071.5458984375
9602.08984375
10119.1708984375
10620.9609375
11105.6474609375
11571.4443359375
12016.6064453125
12439.44140625
12838.3193359375
13211.6904296875
13558.091796875
13876.1640625
14164.6591796875
14422.4541015625
14648.556640625
14842.123046875
15002.4580078125
15129.02734375
15221.46484375
15279.576171875
15303.3427734375
15292.9296875
15248.6796875
15171.123046875
15060.970703125
14919.11328125
14746.62109375
14544.7373046875
14314.8681640625
14058.5849609375
13777.609375
13473.8056640625
13149.1669921875
12805.8154296875
12445.9736328125
12071.9638671875
11686.1923828125
11291.130859375
10889.3056640625
10483.283203125
10075.6552734375
9669.0185546875
9265.96875
8869.0771484375
8480.8837890625
8103.8779296875
7740.4873046875
7393.0615234375
7063.87109375
6755.0771484375
6468.7421875
6206.802734375
5971.0703125
5763.2236328125
5584.7958984375
5437.1767578125
5321.603515625
5239.1552734375
5190.755859375
5177.1708984375
5199.001953125
5256.693359375
5350.5283203125
5480.6376953125
5646.9921875
5849.4130859375
6087.57421875
6361.00390625
6669.091796875
7011.0966796875
7386.1416015625
7793.23046875
8231.248046875
8698.96484375
9195.044921875
9718.0498046875
10266.4443359375
10838.60546875
11432.822265625
12047.2998046875
12680.1728515625
13329.5029296875
13993.28515625
14669.453125
15355.8828125
16050.3984375
16750.775390625
17454.7431640625
18159.9951171875
18864.1884765625
19564.9482421875
20259.8740234375
20946.5478515625
21622.533203125
22285.38671875
22932.6611328125
23561.912109375
24170.7080078125
24756.630859375
25317.2900390625
25850.3310546875
26353.4375
26824.349609375
27260.86328125
27660.849609375
28022.26171875
28343.140625
28621.63671875
28856.0078125
29044.638671875
29186.0517578125
29278.912109375
29322.044921875
29314.44140625
29255.26953125
29143.8818359375
28979.828125
28762.857421875
28492.931640625
28170.2255859375
27795.1318359375
27368.26953125
26890.4814453125
26362.837890625
25786.6357421875
25163.396484375
24494.861328125
23782.9892578125
23029.9501953125
22238.1142578125
21410.0478515625
20548.49609375
19656.3779296875
18736.767578125
17792.8828125
16828.0654296875
15845.7705078125
14849.5400390625
13842.994140625
12829.8046875
11813.6748046875
10798.3271484375
9787.4716796875
8784.7958984375
7793.9365234375
6818.462890625
5861.85546875
4927.4931640625
4018.6201171875
3138.34375
2289.611328125
1475.1904296875
697.6640625
-40.58984375
-737.4111328125
-1390.8583984375
-1999.2275390625
-2561.0517578125
-3075.1103515625
-3540.431640625
-3956.29296875
-4322.2236328125
-4638.001953125
-4903.6513671875
-5119.4375
-5285.8623046875
-5403.65625
-5473.765625
-5497.3525390625
-5475.771484375
-5410.5673828125
-5303.458984375
-5156.3212890625
-4971.1806640625
-4750.19140625
-4495.6279296875
-4209.8623046875
-3895.35546875
-3554.638671875
-3190.302734375
-2804.9736328125
-2401.310546875
-1981.982421875
-1549.6591796875
-1106.9990234375
-656.634765625
-201.16015625
256.8740234375
714.9765625
1170.7197265625
1621.7490234375
2065.7958984375
2500.6767578125
2924.2998046875
3334.67578125
3729.9150390625
4108.236328125
4467.9697265625
4807.5537109375
5125.544921875
5420.6123046875
5691.546875
5937.25
6156.744140625
6349.171875
6513.791015625
6649.9794921875
6757.2294921875
6835.1552734375
6883.484375
6902.0615234375
6890.849609375
6849.92578125
6779.484375
6679.833984375
6551.3984375
6394.71484375
6210.4384765625
5999.3359375
5762.2890625
5500.2880859375
5214.443359375
4905.9677734375
4576.1904296875
4226.544921875
3858.572265625
3473.916015625
3074.32421875
2661.6376953125
2237.7958984375
1804.822265625
1364.8291015625
920.0048828125
472.6123046875
24.978515625
-420.51171875
-861.423828125
-1295.279296875
-1719.5703125
-2131.767578125
-2529.3251953125
-2909.7041015625
-3270.369140625
-3608.80859375
-3922.544921875
-4209.1455078125
-4466.236328125
-4691.513671875
-4882.7509765625
-5037.8212890625
-5154.69921875
-5231.4775390625
-5266.375
-5257.75
-5204.1064453125
-5104.1064453125
-4956.578125
-4760.51953125
-4515.111328125
-4219.7138671875
-3873.884765625
-3477.369140625
-3030.11328125
-2532.255859375
-1984.140625
-1386.3037109375
-739.482421875
-44.6064453125
697.2021484375
1484.6376953125
2316.212890625
3190.2646484375
4104.9619140625
5058.31640625
6048.1845703125
7072.2880859375
8128.2080078125
9213.40625
10325.234375
11460.939453125
12617.6806640625
13792.5361328125
14982.515625
16184.572265625
17395.61328125
18612.5087890625
19832.1044921875
21051.2294921875
22266.712890625
23475.3837890625
24674.087890625
25859.6943359375
27029.1025390625
28179.251953125
29307.1328125
30409.78515625
31484.314453125
32527.89453125
33537.7734375
34511.279296875
35445.828125
36338.9287109375
37188.1845703125
37991.3056640625
38746.10546875
39450.5126953125
40102.5732421875
40700.4541015625
41242.453125
41726.9951171875
42152.6455078125
42518.111328125
42822.2490234375
43064.0654296875
43242.724609375
43357.5576171875
43408.0576171875
43393.900390625
43314.93359375
43171.1923828125
42962.8994140625
42690.474609375
42354.53125
41955.8876953125
41495.5712890625
40974.8115234375
40395.0576171875
39757.9658203125
39065.4091796875
38319.4775390625
37522.47265625
36676.908203125
35785.5087890625
34851.2041015625
33877.125
32866.5966796875
31823.130859375
30750.4150390625
29652.3095703125
28532.8251953125
27396.1171875
26246.474609375
25088.294921875
23926.07421875
22764.3896484375
21607.876953125
20461.21484375
19329.099609375
18216.228515625
17127.2744140625
16066.8623046875
15039.5498046875
14049.8056640625
13101.9736328125
12200.2646484375
11348.728515625
10551.224609375
9811.408203125
9132.7080078125
8518.298828125
7971.0908203125
7493.7041015625
7088.458984375
6757.353515625
6502.056640625
6323.88671875
6223.8115234375
6202.4365234375
6259.9951171875
6396.3466796875
6610.978515625
6903.0009765625
7271.15234375
7713.80078125
8228.955078125
8814.271484375
9467.0634765625
10184.3173828125
10962.7041015625
11798.6005859375
12688.1025390625
13627.048828125
14611.04296875
15635.470703125
16695.5322265625
17786.2607421875
18902.5517578125
20039.1865234375
21190.865234375
22352.2265625
23517.8798828125
24682.4326171875
25840.5146484375
26986.8095703125
28116.0751953125
29223.1748046875
30303.0986328125
31350.986328125
32362.1533203125
33332.1083984375
34256.5732421875
35131.505859375
35953.109375
36717.8564453125
37422.4912109375
38064.052734375
38639.8740234375
39147.5986328125
39585.1806640625
39950.892578125
40243.328125
40461.3974609375
40604.333984375
40671.6865234375
40663.3173828125
40579.3935546875
40420.384765625
40187.0517578125
39880.4326171875
39501.841796875
39052.8486328125
38535.2685546875
37951.1494140625
37302.755859375
36592.5546875
35823.2041015625
34997.5263671875
34118.50390625
33189.25390625
32213.021484375
31193.150390625
30133.0810546875
29036.32421875
27906.451171875
26747.0771484375
25561.841796875
24354.4072265625
23128.4287109375
21887.5537109375
20635.4072265625
19375.5771484375
18111.603515625
16846.9755859375
15585.109375
14329.3564453125
13082.98046875
11849.16015625
10630.978515625
9431.4208984375
8253.3662109375
7099.5888671875
5972.748046875
4875.39453125
3809.95703125
2778.75390625
1783.98046875
827.7158203125
-88.0791015625
-961.5615234375
-1791.0068359375
-2574.8056640625
-3311.46484375
-3999.6064453125
-4637.9599609375
-5225.3701171875
-5760.7890625
-6243.27734375
-6672.0
-7046.2265625
-7365.330078125
-7628.783203125
-7836.1611328125
-7987.1376953125
-8081.482421875
-8119.0625
-8099.8466796875
-8023.8955078125
-7891.3701171875
-7702.5234375
-7457.7099609375
-7157.380859375
-6802.0830078125
-6392.466796875
-5929.2783203125
-5413.3671875
-4845.68359375
-4227.2841796875
-3559.3251953125
-2843.0703125
-2079.8916015625
-1271.2666015625
-418.779296875
475.875
1410.8955078125
2384.37109375
3394.2841796875
4438.5087890625
5514.814453125
6620.8681640625
7754.2314453125
8912.3720703125
10092.6591796875
11292.3740234375
12508.7080078125
13738.7734375
14979.6083984375
16228.1826171875
17481.404296875
18736.1298828125
19989.1689453125
21237.298828125
22477.2724609375
23705.828125
24919.7001953125
26115.62890625
27290.3818359375
28440.751953125
29563.5810546875
30655.7705078125
31714.291015625
32736.1982421875
33718.6474609375
34658.9052734375
35554.3623046875
36402.546875
37201.1337890625
37947.96484375
38641.0546875
39278.5966796875
39858.9853515625
40380.8154296875
40842.896484375
41244.2548828125
41584.146484375
41862.05859375
42077.7138671875
42231.0751953125
42322.345703125
42351.97265625
42320.6416015625
42229.2763671875
42079.0380859375
41871.3173828125
41607.73046875
41290.10546875
40920.484375
40501.1044921875
40034.3876953125
39522.93359375
38969.5009765625
38376.9951171875
37748.45703125
37087.03515625
36395.984375
35678.6396484375
34938.400390625
34178.7119140625
33403.0498046875
32614.8994140625
31817.7392578125
31015.0224609375
30210.158203125
29406.4990234375
28607.318359375
27815.80078125
27035.017578125
26267.9267578125
25517.345703125
24785.9462890625
24076.2431640625
23390.5810546875
22731.1298828125
22099.8740234375
21498.6064453125
20928.9248046875
20392.2275390625
19889.7119140625
19422.3720703125
18990.9970703125
18596.1796875
18238.310546875
17917.5859375
17634.01171875
17387.412109375
17177.4287109375
17003.5380859375
16865.0517578125
16761.12890625
16690.7841796875
16652.8994140625
16646.2333984375
16669.4296875
16721.0322265625
16799.490234375
16903.173828125
17030.3828125
17179.35546875
17348.2841796875
17535.31640625
17738.57421875
17956.158203125
18186.154296875
18426.646484375
18675.72265625
18931.4833984375
19192.044921875
19455.5498046875
19720.16796875
19984.107421875
20245.615234375
20502.9814453125
20754.5458984375
20998.7001953125
21233.888671875
21458.6142578125
21671.4384765625
21870.98828125
22055.9521484375
22225.0859375
22377.2138671875
22511.2314453125
22626.1025390625
22720.8681640625
22794.6435546875
22846.6220703125
22876.0751953125
22882.3583984375
22864.9072265625
22823.2451171875
22756.9833984375
22665.822265625
22549.556640625
22408.0751953125
22241.3623046875
22049.501953125
21832.68359375
21591.1943359375
21325.427734375
21035.8876953125
20723.1796875
20388.0224609375
20031.23828125
19653.7646484375
19256.638671875
18841.0126953125
18408.134765625
17959.3642578125
17496.154296875
17020.0556640625
16532.708984375
16035.83984375
15531.255859375
15020.837890625
14506.5322265625
13990.3408203125
13474.318359375
12960.5576171875
12451.181640625
11948.3349609375
11454.1689453125
10970.83203125
10500.462890625
10045.173828125
9607.0380859375
9188.0810546875
8790.267578125
8415.4892578125
8065.5537109375
7742.17578125
7446.958984375
7181.39453125
6946.8466796875
6744.5400390625
6575.5615234375
6440.841796875
6341.1533203125
6277.1064453125
6249.1396484375
6257.51953125
6302.3349609375
6383.4970703125
6500.73828125
6653.6123046875
6841.494140625
7063.5849609375
7318.9130859375
7606.3408203125
7924.56640625
8272.1357421875
8647.4443359375
9048.7470703125
9474.169921875
9921.7138671875
10389.2705078125
10874.630859375
11375.4970703125
11889.48828125
12414.1669921875
12947.033203125
13485.5498046875
14027.1533203125
14569.2607421875
15109.287109375
15644.65625
16172.8154296875
16691.2412109375
17197.4599609375
17689.05078125
18163.6630859375
18619.0224609375
19052.9443359375
19463.3388671875
19848.2265625
20205.7421875
20534.1376953125
20831.8046875
21097.26171875
21329.177734375
21526.36328125
21687.7841796875
21812.5615234375
21899.974609375
21949.466796875
21960.642578125
21933.2734375
21867.2958984375
21762.8115234375
21620.087890625
21439.5537109375
21221.8037109375
20967.587890625
20677.814453125
20353.5439453125
19995.9853515625
19606.4892578125
19186.5478515625
18737.783203125
18261.943359375
17760.8974609375
17236.623046875
16691.2060546875
16126.8232421875
15545.7412109375
14950.302734375
14342.9208984375
13726.064453125
13102.251953125
12474.041015625
11844.0126953125
11214.7685546875
10588.9111328125
9969.0390625
9357.732421875
8757.5439453125
8170.9853515625
7600.517578125
7048.5380859375
6517.3720703125
6009.2607421875
5526.349609375
5070.68359375
4644.1884765625
4248.671875
3885.80859375
3557.1318359375
3264.0322265625
3007.744140625
2789.3447265625
2609.7451171875
2469.6923828125
2369.7568359375
2310.3359375
2291.6552734375
2313.7578125
2376.515625
2479.6240234375
2622.60546875
2804.8115234375
3025.4326171875
3283.4921875
3577.8642578125
3907.2705078125
4270.2939453125
4665.3837890625
5090.8662109375
5544.9501953125
6025.744140625
6531.2587890625
7059.423828125
7608.095703125
8175.0732421875
8758.103515625
9354.900390625
9963.150390625
10580.5322265625
11204.71875
11833.3984375
12464.28125
13095.111328125
13723.677734375
14347.8251953125
14965.462890625
15574.5771484375
16173.232421875
16759.58984375
17331.9072265625
17888.5458984375
18427.982421875
18948.8056640625
19449.7255859375
19929.5810546875
20387.3310546875
20822.0693359375
21233.015625
21619.5224609375
21981.0712890625
22317.271484375
22627.86328125
22912.708984375
23171.79296875
23405.216796875
23613.2001953125
23796.068359375
23954.2509765625
24088.28125
24198.7802734375
24286.4609375
24352.1162109375
24396.61328125
24420.8876953125
24425.9404296875
24412.8251953125
24382.646484375
24336.5517578125
24275.7265625
24201.3876953125
24114.7744140625
24017.150390625
23909.79296875
23793.986328125
23671.0244140625
23542.2021484375
23408.806640625
23272.1259765625
23133.4326171875
22993.990234375
22855.048828125
22717.8369140625
22583.5673828125
22453.4326171875
22328.6005859375
22210.216796875
22099.40625
21997.26171875
21904.8583984375
21823.2392578125
21753.421875
21696.3994140625
21653.1318359375
21624.556640625
21611.576171875
21615.06640625
21635.8740234375
21674.8095703125
21732.6533203125
21810.1484375
21908.0029296875
22026.8876953125
22167.4296875
22330.212890625
22515.779296875
22724.615234375
22957.1572265625
23213.787109375
23494.8251953125
23800.5263671875
24131.08203125
24486.60546875
24867.138671875
25272.6396484375
25702.9814453125
26157.94921875
26637.232421875
27140.4267578125
27667.0234375
28216.408203125
28787.8623046875
29380.5546875
29993.541015625
30625.7646484375
31276.0517578125
31943.115234375
32625.5458984375
33321.8271484375
34030.3232421875
34749.2919921875
35476.8779296875
36211.12890625
36949.9873046875
37691.3056640625
38432.8466796875
39172.2958984375
39907.26953125
40635.314453125
41353.9306640625
42060.5732421875
42752.6640625
43427.6064453125
44082.796875
44715.6328125
45323.53125
45903.939453125
46454.349609375
46972.3095703125
47455.439453125
47901.4443359375
48308.12890625
48673.4052734375
48995.3154296875
49272.033203125
49501.8857421875
49683.35546875
49815.099609375
49895.9541015625
49924.9453125
49901.2939453125
49824.4296875
49693.9912109375
49509.8330078125
49272.0263671875
48980.8681640625
48636.876953125
48240.79296875
47793.58203125
47296.4287109375
46750.7314453125
46158.103515625
45520.36328125
44839.5263671875
44117.8017578125
43357.576171875
42561.41015625
41732.021484375
40872.2763671875
39985.177734375
39073.8466796875
38141.5126953125
37191.49609375
36227.1962890625
35252.0693359375
34269.6201171875
33283.3828125
32296.900390625
31313.71484375
30337.345703125
29371.279296875
28418.9482421875
27483.7177734375
26568.8681640625
25677.587890625
24812.9482421875
23977.8974609375
23175.24609375
22407.65625
21677.623046875
20987.4765625
20339.3623046875
19735.2333984375
19176.8466796875
18665.7529296875
18203.294921875
17790.595703125
17428.5595703125
17117.8681640625
16858.9775390625
16652.119140625
16497.298828125
16394.294921875
16342.666015625
16341.7490234375
16390.666015625
16488.326171875
16633.4345703125
16824.494140625
17059.818359375
17337.53515625
17655.595703125
18011.787109375
18403.736328125
18828.927734375
19284.7099609375
19768.306640625
20276.83203125
20807.30078125
21356.638671875
21921.7041015625
22499.2900390625
23086.1455078125
23678.98828125
24274.51171875
24869.4091796875
25460.3798828125
26044.146484375
26617.4638671875
27177.138671875
27720.0390625
28243.1064453125
28743.369140625
29217.9560546875
29664.1064453125
30079.1806640625
30460.671875
30806.2158203125
31113.599609375
31380.7734375
31605.8525390625
31787.130859375
31923.083984375
32012.3779296875
32053.87109375
32046.6181640625
31989.8759765625
31883.10546875
31725.9716796875
31518.345703125
31260.3037109375
30952.1259765625
30594.2939453125
30187.4912109375
29732.5947265625
29230.6728515625
28682.9765625
28090.94140625
27456.1708984375
26780.43359375
26065.654296875
25313.9013671875
24527.384765625
23708.4384765625
22859.509765625
21983.15234375
21082.01171875
20158.8125
19216.3486328125
18257.4677734375
17285.0595703125
16302.0458984375
15311.361328125
14315.9443359375
13318.7294921875
12322.6220703125
11330.498046875
10345.1875
9369.4619140625
8406.0234375
7457.49609375
6526.412109375
5615.2099609375
4726.21484375
3861.638671875
3023.5703125
2213.9677734375
1434.6552734375
687.31640625
-26.5107421875
-705.4345703125
-1348.212890625
-1953.7548828125
-2521.1220703125
-3049.5244140625
-3538.3251953125
-3987.0322265625
-4395.30078125
-4762.9248046875
-5089.8369140625
-5376.1025390625
-5621.91015625
-5827.5693359375
-5993.505859375
-6120.24609375
-6208.4189453125
-6258.7451171875
-6272.0244140625
-6249.1337890625
-6191.017578125
-6098.67578125
-5973.1611328125
-5815.568359375
-5627.0244140625
-5408.6875
-5161.732421875
-4887.349609375
-4586.73828125
-4261.0966796875
-3911.6220703125
-3539.5
-3145.9111328125
-2732.015625
-2298.9609375
-1847.869140625
-1379.849609375
-895.9833984375
-397.3369140625
115.05078125
640.1533203125
1176.9677734375
1724.5009765625
2281.779296875
2847.8359375
3421.712890625
4002.453125
4589.10546875
5180.7119140625
5776.3076171875
6374.923828125
6975.5732421875
7577.25390625
8178.9501953125
8779.619140625
9378.2001953125
9973.6064453125
10564.7314453125
11150.4384765625
11729.5703125
12300.9462890625
12863.3642578125
13415.6044921875
13956.4287109375
14484.591796875
14998.8359375
15497.904296875
15980.5419921875
16445.5048828125
16891.5615234375
17317.501953125
17722.15234375
18104.369140625
18463.0576171875
18797.1708984375
19105.7255859375
19387.8037109375
19642.5615234375
19869.236328125
20067.1552734375
20235.736328125
20374.4970703125
20483.0615234375
20561.158203125
20608.6279296875
20625.4267578125
20611.6240234375
20567.40625
20493.0732421875
20389.041015625
20255.8369140625
20094.0966796875
19904.55859375
19688.0625
19445.541015625
19178.0126953125
18886.57421875
18572.3955078125
18236.7041015625
17880.7841796875
17505.9599609375
17113.5888671875
16705.05078125
16281.7392578125
15845.0478515625
15396.359375
14937.044921875
14468.4404296875
13991.8486328125
13508.5244140625
13019.6728515625
12526.43359375
12029.8818359375
11531.0185546875
11030.7705078125
10529.9814453125
10029.412109375
9529.7412109375
9031.5615234375
8535.380859375
8041.625
7550.642578125
7062.7060546875
6578.015625
6096.7099609375
5618.8671875
5144.5146484375
4673.63671875
4206.181640625
3742.0751953125
3281.2216796875
2823.5224609375
2368.8779296875
1917.2041015625
1468.4326171875
1022.529296875
579.498046875
139.388671875
-297.693359375
-731.580078125
-1162.037109375
-1588.7529296875
-2011.3427734375
-2429.3359375
-2842.1787109375
-3249.234375
-3649.7763671875
-4042.9951171875
-4427.99609375
-4803.8046875
-5169.3701171875
-5523.5712890625
-5865.2177734375
-6193.06640625
-6505.8173828125
-6802.1337890625
-7080.642578125
-7339.9521484375
-7578.658203125
-7795.3525390625
-7988.6435546875
-8157.1591796875
-8299.5615234375
-8414.5615234375
-8500.9287109375
-8557.4990234375
-8583.1953125
-8577.0283203125
-8538.1162109375
-8465.6865234375
-8359.0927734375
-8217.81640625
-8041.4794921875
-7829.8505859375
-7582.8466796875
-7300.5458984375
-6983.1865234375
-6631.1640625
-6245.0478515625
-5825.568359375
-5373.623046875
-4890.2724609375
-4376.740234375
-3834.4072265625
-3264.8056640625
-2669.6181640625
-2050.6650390625
-1409.9013671875
-749.40234375
-71.3642578125
621.9189453125
1328.0556640625
2044.57421875
2768.93359375
3498.5361328125
4230.7392578125
4962.87109375
5692.2421875
6416.1650390625
7131.9580078125
7836.9677734375
8528.5810546875
9204.2373046875
9861.4443359375
10497.7880859375
11110.9501953125
11698.71875
12258.99609375
12789.818359375
13289.359375
13755.9453125
14188.0576171875
14584.3486328125
14943.64453125
15264.9541015625
15547.47265625
15790.5869140625
15993.875
16157.1181640625
16280.291015625
16363.5693359375
16407.322265625
16412.1171875
16378.7080078125
16308.041015625
16201.2373046875
16059.591796875
15884.56640625
15677.7802734375
15440.9951171875
15176.111328125
14885.1494140625
14570.240234375
14233.61328125
13877.578125
13504.5146484375
13116.849609375
12717.0537109375
12307.6103515625
11891.0146484375
11469.7412109375
11046.24609375
10622.9306640625
10202.14453125
9786.15625
9377.1474609375
8977.1884765625
8588.2353515625
8212.1123046875
7850.4970703125
7504.9150390625
7176.7216796875
6867.1044921875
6577.0654296875
6307.421875
6058.794921875
5831.61328125
5626.10546875
5442.2998046875
5280.03125
5138.9326171875
5018.44921875
4917.8369140625
4836.1708984375
4772.3544921875
4725.126953125
4693.072265625
4674.6337890625
4668.1220703125
4671.7333984375
4683.5595703125
4701.6044921875
4723.80078125
4748.01953125
4772.095703125
4793.8369140625
4811.0419921875
4821.51953125
4823.1025390625
4813.66015625
4791.12109375
4753.482421875
4698.82421875
4625.3271484375
4531.279296875
4415.0947265625
4275.3154296875
4110.6298828125
3919.8740234375
3702.04296875
3456.2939453125
3181.9580078125
2878.53125
2545.6884765625
2183.279296875
1791.3271484375
1370.0302734375
919.755859375
441.0419921875
-65.412109375
-598.75
-1157.9677734375
-1741.9130859375
-2349.3017578125
-2978.7236328125
-3628.6494140625
-4297.447265625
-4983.3837890625
-5684.640625
-6399.32421875
-7125.4775390625
-7861.0859375
-8604.095703125
-9352.416015625
-10103.9345703125
-10856.5302734375
-11608.072265625
-12356.4453125
-13099.541015625
-13835.279296875
-14561.6142578125
-15276.53515625
-15978.0791015625
-16664.3359375
-17333.4541015625
-17983.6455078125
-18613.19140625
-19220.44140625
-19803.828125
-20361.857421875
-20893.12109375
-21396.2919921875
-21870.1337890625
-22313.4931640625
-22725.3095703125
-23104.61328125
-23450.521484375
-23762.2470703125
-24039.0908203125
-24280.44921875
-24485.80859375
-24654.74609375
-24786.93359375
-24882.1328125
-24940.1943359375
-24961.0615234375
-24944.767578125
-24891.43359375
-24801.26953125
-24674.5751953125
-24511.7333984375
-24313.21484375
-24079.57421875
-23811.4462890625
-23509.5537109375
-23174.689453125
-22807.73046875
-22409.6240234375
-21981.390625
-21524.1181640625
-21038.9619140625
-20527.1357421875
-19989.9111328125
-19428.6103515625
-18844.6064453125
-18239.3095703125
-17614.166015625
-16970.654296875
-16310.275390625
-15634.5419921875
-14944.9794921875
-14243.1123046875
-13530.4580078125
-12808.5205078125
-12078.7802734375
-11342.6875
-10601.6513671875
-9857.0380859375
-9110.1533203125
-8362.248046875
-7614.49609375
-6867.9990234375
-6123.7734375
-5382.7490234375
-4645.7587890625
-3913.537109375
-3186.71875
-2465.828125
-1751.283203125
-1043.3916015625
-342.357421875
351.7333984375
1038.896484375
1719.25390625
2393.0263671875
3060.53515625
3722.185546875
4378.4697265625
5029.955078125
5677.275390625
6321.1220703125
6962.23046875
7601.375
8239.3515625
8876.9697265625
9515.0361328125
10154.34375
10795.6591796875
11439.708984375
12087.1640625
12738.6298828125
13394.630859375
14055.6015625
14721.8720703125
15393.65625
16071.0458984375
16753.9921875
17442.310546875
18135.66015625
18833.5458984375
19535.3125
20240.1376953125
20947.0341796875
21654.84375
22362.24609375
23067.7548828125
23769.7236328125
24466.3505859375
25155.6884765625
25835.6474609375
26504.013671875
27158.451171875
27796.5205078125
28415.6923828125
29013.357421875
29586.8486328125
30133.4541015625
30650.4365234375
31135.0517578125
31584.5654296875
31996.271484375
32367.515625
32695.7119140625
32978.361328125
33213.0703125
33397.5732421875
33529.744140625
33607.62109375
33629.4140625
33593.529296875
33498.576171875
33343.3837890625
33127.01171875
32848.7607421875
32508.18359375
32105.08203125
31639.529296875
31111.8583984375
30522.669921875
29872.8359375
29163.490234375
28396.03125
27572.1171875
26693.6533203125
25762.791015625
24781.9130859375
23753.6201171875
22680.7275390625
21566.23828125
20413.3369140625
19225.3662109375
18005.818359375
16758.3046875
15486.5478515625
14194.353515625
12885.5947265625
11564.19140625
10234.0830078125
8899.21875
7563.5283203125
6230.90234375
4905.177734375
3590.1103515625
2289.36328125
1006.484375
-255.109375
-1492.1474609375
-2701.5244140625
-3880.3076171875
-5025.7578125
-6135.3330078125
-7206.7021484375
-8237.7548828125
-9226.60546875
-10171.6015625
-11071.3251953125
-11924.59765625
-12730.4775390625
-13488.267578125
-14197.501953125
-14857.951171875
-15469.615234375
-16032.7158203125
-16547.69140625
-17015.1865234375
-17436.0419921875
-17811.2861328125
-18142.1220703125
-18429.916015625
-18676.1796875
-18882.564453125
-19050.8359375
-19182.8681640625
-19280.6240234375
-19346.1396484375
-19381.5068359375
-19388.86328125
-19370.3701171875
-19328.197265625
-19264.5107421875
-19181.45703125
-19081.1435546875
-18965.6318359375
-18836.919921875
-18696.9267578125
-18547.4873046875
-18390.3349609375
-18227.091796875
-18059.2646484375
-17888.2294921875
-17715.228515625
-17541.361328125
-17367.583984375
-17194.697265625
-17023.3515625
-16854.0400390625
-16687.099609375
-16522.7119140625
-16360.9033203125
-16201.5478515625
-16044.3720703125
-15888.9599609375
-15734.7548828125
-15581.0712890625
-15427.099609375
-15271.9140625
-15114.4853515625
-14953.6826171875
-14788.2958984375
-14617.0361328125
-14438.5537109375
-14251.4462890625
-14054.2744140625
-13845.5712890625
-13623.8603515625
-13387.6611328125
-13135.51171875
-12865.96875
-12577.6328125
-12269.15625
-11939.25
-11586.7060546875
-11210.400390625
-10809.3056640625
-10382.5029296875
-9929.1904296875
-9448.6962890625
-8940.4755859375
-8404.130859375
-7839.408203125
-7246.2080078125
-6624.587890625
-5974.765625
-5297.123046875
-4592.203125
-3860.71484375
-3103.53125
-2321.685546875
-1516.369140625
-688.927734375
159.1416015625
1026.2021484375
1910.4765625
2810.060546875
3722.9326171875
4646.95703125
5579.8974609375
6519.4326171875
7463.1591796875
8408.6083984375
9353.2607421875
10294.5498046875
11229.8857421875
12156.662109375
13072.2724609375
13974.1201171875
14859.634765625
15726.28125
16571.576171875
17393.1005859375
18188.5087890625
18955.5390625
19692.03125
20395.927734375
21065.2919921875
21698.30859375
22293.2978515625
22848.7197265625
23363.181640625
23835.4404296875
24264.41015625
24649.1640625
24988.935546875
25283.1240234375
25531.2880859375
25733.150390625
25888.5986328125
25997.673828125
26060.5771484375
26077.6611328125
26049.421875
25976.50390625
25859.68359375
25699.8720703125
25498.0966796875
25255.5068359375
24973.359375
24653.009765625
24295.908203125
23903.5888671875
23477.6650390625
23019.81640625
22531.7841796875
22015.3671875
21472.4052734375
20904.78125
20314.4111328125
19703.234375
19073.2138671875
18426.3251953125
17764.55859375
17089.9033203125
16404.3564453125
15709.91015625
15008.548828125
14302.2548828125
13592.9951171875
12882.724609375
12173.384765625
11466.8994140625
10765.177734375
10070.1064453125
9383.5537109375
8707.3671875
8043.3671875
7393.3564453125
6759.10546875
6142.3603515625
5544.8369140625
4968.2197265625
4414.1513671875
3884.2421875
3380.0576171875
2903.1162109375
2454.8837890625
2036.76953125
1650.1181640625
1296.208984375
976.240234375
691.3330078125
442.509765625
230.703125
56.7333984375
-78.6923828125
-174.990234375
-231.70703125
-248.529296875
-225.2900390625
-161.982421875
-58.7578125
84.0625
265.9794921875
486.3154296875
744.2041015625
1038.591796875
1368.23046875
1731.681640625
2127.310546875
2553.2890625
3007.599609375
3488.0361328125
3992.2109375
4517.560546875
5061.3544921875
5620.7021484375
6192.568359375
6773.779296875
7361.041015625
7950.9521484375
8540.0224609375
9124.681640625
9701.3115234375
10266.2509765625
10815.8232421875
11346.3564453125
11854.201171875
12335.751953125
12787.4736328125
13205.912109375
13587.728515625
13929.708984375
14228.79296875
14482.0859375
14686.8818359375
14840.6826171875
14941.208984375
14986.4248046875
14974.5390625
14904.0302734375
14773.650390625
14582.435546875
14329.7158203125
14015.1171875
13638.56640625
13200.2939453125
12700.8369140625
12141.0302734375
11522.0078125
10845.197265625
10112.3095703125
9325.3310546875
8486.515625
7598.3701171875
6663.6396484375
5685.2939453125
4666.51171875
3610.6630859375
2521.2890625
1402.0888671875
256.892578125
-910.353515625
-2095.61328125
-3294.76953125
-4503.662109375
-5718.09375
-6933.8583984375
-8146.759765625
-9352.6298828125
-10547.3515625
-11726.875
-12887.2353515625
-14024.5732421875
-15135.1455078125
-16215.3466796875
-17261.72265625
-18270.9765625
-19239.994140625
-20165.84375
-21045.79296875
-21877.314453125
-22658.0986328125
-23386.0517578125
-24059.3154296875
-24676.2548828125
-25235.4775390625
-25735.8271484375
-26176.388671875
-26556.4873046875
-26875.6904296875
-27133.8056640625
-27330.876953125
-27467.185546875
-27543.2421875
-27559.7861328125
-27517.7802734375
-27418.3994140625
-27263.0302734375
-27053.263671875
-26790.880859375
-26477.8515625
-26116.3212890625
-25708.5986328125
-25257.15234375
-24764.59375
-24233.6669921875
-23667.23828125
-23068.28125
-22439.861328125
-21785.130859375
-21107.3046875
-20409.6484375
-19695.4697265625
-18968.09375
-18230.8544921875
-17487.072265625
-16740.0458984375
-15993.029296875
-15249.220703125
-14511.740234375
-13783.62109375
-13067.7900390625
-12367.0498046875
-11684.068359375
-11021.36328125
-10381.2861328125
-9766.0068359375
-9177.51171875
-8617.578125
-8087.775390625
-7589.4482421875
-7123.7109375
-6691.443359375
-6293.2802734375
-5929.61328125
-5600.5791015625
-5306.0732421875
-5045.734375
-4818.95703125
-4624.8955078125
-4462.4638671875
-4330.345703125
-4227.0078125
-4150.703125
-4099.48828125
-4071.2353515625
-4063.64453125
-4074.2685546875
-4100.517578125
-4139.6904296875
-4188.9853515625
-4245.5263671875
-4306.3818359375
-4368.583984375
-4429.1552734375
-4485.126953125
-4533.5673828125
-4571.595703125
-4596.408203125
-4605.3037109375
-4595.6962890625
-4565.140625
-4511.349609375
-4432.2138671875
-4325.8154296875
-4190.4443359375
-4024.615234375
-3827.0732421875
-3596.8115234375
-3333.076171875
-3035.373046875
-2703.4736328125
-2337.4189453125
-1937.5185546875
-1504.3515625
-1038.763671875
-541.8623046875
-15.0078125
540.1904296875
1121.8857421875
1728.009765625
2356.2783203125
3004.2138671875
3669.154296875
4348.2744140625
5038.6064453125
5737.05078125
6440.4052734375
7145.3818359375
7848.623046875
8546.732421875
9236.2890625
9913.873046875
10576.0849609375
11219.56640625
11841.0244140625
12437.2451171875
13005.123046875
13541.6708984375
14044.0390625
14509.5400390625
14935.65234375
15320.0458984375
15660.587890625
15955.3603515625
16202.6640625
16401.0380859375
16549.25390625
16646.3349609375
16691.552734375
16684.4345703125
16624.76171875
16512.572265625
16348.158203125
16132.064453125
15865.0849609375
15548.25390625
15182.83984375
14770.3427734375
14312.4755859375
13811.1591796875
13268.5126953125
12686.8349609375
12068.59375
11416.4130859375
10733.0537109375
10021.3994140625
9284.4423828125
8525.2626953125
7747.0078125
6952.88671875
6146.1376953125
5330.01953125
4507.7861328125
3682.67578125
2857.888671875
2036.5693359375
1221.7919921875
416.541015625
-376.3056640625
-1153.9892578125
-1913.884765625
-2653.51953125
-3370.580078125
-4062.9296875
-4728.615234375
-5365.875
-5973.154296875
-6549.103515625
-7092.5947265625
-7602.7119140625
-8078.7666015625
-8520.29296875
-8927.0458984375
-9299.0078125
-9636.375
-9939.5595703125
-10209.1865234375
-10446.0751953125
-10651.2431640625
-10825.8876953125
-10971.3798828125
-11089.2470703125
-11181.166015625
-11248.943359375
-11294.501953125
-11319.869140625
-11327.1513671875
-11318.52734375
-11296.2236328125
-11262.501953125
-11219.63671875
-11169.9033203125
-11115.55859375
-11058.8212890625
-11001.8603515625
-10946.7763671875
-10895.58984375
-10850.2236328125
-10812.4912109375
-10784.0859375
-10766.5732421875
-10761.373046875
-10769.76171875
-10792.8583984375
-10831.6259765625
-10886.861328125
-10959.203125
-11049.1181640625
-11156.916015625
-11282.744140625
-11426.59375
-11588.3076171875
-11767.5849609375
-11963.9892578125
-12176.9619140625
-12405.8271484375
-12649.8076171875
-12908.0361328125
-13179.5654296875
-13463.388671875
-13758.44140625
-14063.62890625
-14377.8310546875
-14699.9228515625
-15028.7783203125
-15363.294921875
-15702.3994140625
-16045.0625
-16390.306640625
-16737.2216796875
-17084.9677734375
-17432.7890625
-17780.0146484375
-18126.06640625
-18470.4658203125
-18812.8310546875
-19152.8798828125
-19490.4296875
-19825.3955078125
-20157.78515625
-20487.6962890625
-20815.306640625
-21140.8701171875
-21464.7060546875
-21787.1875
-22108.7373046875
-22429.8046875
-22750.8671875
-23072.4013671875
-23394.884765625
-23718.7705078125
-24044.48046875
-24372.3876953125
-24702.8046875
-25035.9677734375
-25372.0263671875
-25711.033203125
-26052.923828125
-26397.5205078125
-26744.5087890625
-27093.44140625
-27443.7216796875
-27794.6064453125
-28145.1943359375
-28494.435546875
-28841.115234375
-29183.869140625
-29521.1767578125
-29851.3701171875
-30172.642578125
-30483.0478515625
-30780.5146484375
-31062.861328125
-31327.794921875
-31572.943359375
-31795.8505859375
-31994.0068359375
-32164.85546875
-32305.81640625
-32414.3017578125
-32487.7353515625
-32523.5703125
-32519.30859375
-32472.5205078125
-32380.861328125
-32242.09765625
-32054.11328125
-31814.9375
-31522.7587890625
-31175.9375
-30773.025390625
-30312.775390625
-29794.15625
-29216.3662109375
-28578.8369140625
-27881.2451171875
-27123.521484375
-26305.849609375
-25428.67578125
-24492.705078125
-23498.90625
-22448.5029296875
-21342.98046875
-20184.0712890625
-18973.7548828125
-17714.244140625
-16407.982421875
-15057.6259765625
-13666.037109375
-12236.267578125
-10771.544921875
-9275.259765625
-7750.9443359375
-6202.2626953125
-4632.9853515625
-3046.978515625
-1448.1826171875
159.4072265625
1771.7568359375
3384.814453125
4994.525390625
6596.8505859375
8187.7900390625
9763.390625
11319.7705078125
12853.1298828125
14359.7705078125
15836.1025390625
17278.66796875
18684.146484375
20049.3662109375
21371.3203125
22647.171875
23874.2607421875
25050.1171875
26172.4599609375
27239.2099609375
28248.4892578125
29198.625
30088.1533203125
30915.8173828125
31680.572265625
32381.580078125
33018.212890625
33590.0439453125
34096.8525390625
34538.6171875
34915.50390625
35227.8779296875
35476.28125
35661.4365234375
35784.2392578125
35845.748046875
35847.1796875
35789.9033203125
35675.427734375
35505.400390625
35281.59375
35005.8974609375
34680.3125
34306.943359375
33887.986328125
33425.7216796875
32922.5068359375
32380.767578125
31802.986328125
31191.6953125
30549.4716796875
29878.921875
29182.677734375
28463.38671875
27723.705078125
26966.28515625
26193.7734375
25408.7939453125
24613.9501953125
23811.8056640625
23004.8857421875
22195.666015625
21386.5615234375
20579.92578125
19778.0361328125
18983.09375
18197.2099609375
17422.4072265625
16660.6025390625
15913.611328125
15183.1376953125
14470.765625
13777.9609375
13106.0615234375
12456.275390625
11829.6767578125
11227.203125
10649.65234375
10097.6796875
9571.7998046875
9072.3857421875
8599.6640625
8153.7197265625
7734.4970703125
7341.798828125
6975.2958984375
6634.51953125
6318.875
6027.6416015625
5759.978515625
5514.9326171875
5291.4404296875
5088.337890625
4904.3681640625
4738.1884765625
4588.376953125
4453.4462890625
4331.8466796875
4221.9775390625
4122.1982421875
4030.8330078125
3946.1865234375
3866.548828125
3790.2099609375
3715.4609375
3640.6123046875
3563.9970703125
3483.984375
3398.98046875
3307.4453125
3207.8955078125
3098.9130859375
2979.150390625
2847.3388671875
2702.2919921875
2542.9150390625
2368.2021484375
2177.25
1969.2509765625
1743.50390625
1499.4111328125
1236.482421875
954.3349609375
652.6962890625
331.3994140625
-9.615234375
-370.298828125
-750.498046875
-1149.9609375
-1568.33203125
-2005.1591796875
-2459.8974609375
-2931.9111328125
-3420.478515625
-3924.794921875
-4443.9775390625
-4977.0703125
-5523.048828125
-6080.8232421875
-6649.2451171875
-7227.11328125
-7813.17578125
-8406.1396484375
-9004.6689453125
-9607.400390625
-10212.939453125
-10819.8720703125
-11426.765625
-12032.1787109375
-12634.666015625
-13232.7783203125
-13825.0791015625
-14410.1396484375
-14986.55078125
-15552.9296875
-16107.921875
-16650.2080078125
-17178.515625
-17691.6162109375
-18188.337890625
-18667.568359375
-19128.263671875
-19569.4501953125
-19990.234375
-20389.8046875
-20767.4404296875
-21122.515625
-21454.501953125
-21762.978515625
-22047.62890625
-22308.2529296875
-22544.765625
-22757.1962890625
-22945.7021484375
-23110.556640625
-23252.1611328125
-23371.041015625
-23467.841796875
-23543.3359375
-23598.4111328125
-23634.078125
-23651.45703125
-23651.77734375
-23636.3740234375
-23606.677734375
-23564.208984375
-23510.568359375
-23447.4326171875
-23376.5380859375
-23299.6748046875
-23218.673828125
-23135.396484375
-23051.720703125
-22969.5302734375
-22890.697265625
-22817.0771484375
-22750.486328125
-22692.6943359375
-22645.4111328125
-22610.2666015625
-22588.8076171875
-22582.478515625
-22592.6123046875
-22620.41796875
-22666.9716796875
-22733.2041015625
-22819.8984375
-22927.673828125
-23056.984375
-23208.1142578125
-23381.1728515625
-23576.0888671875
-23792.615234375
-24030.326171875
-24288.6171875
-24566.708984375
-24863.6552734375
-25178.341796875
-25509.501953125
-25855.71875
-26215.43359375
-26586.9658203125
-26968.513671875
-27358.1728515625
-27753.94921875
-28153.775390625
-28555.5205078125
-28957.009765625
-29356.037109375
-29750.3876953125
-30137.841796875
-30516.205078125
-30883.3134765625
-31237.052734375
-31575.373046875
-31896.3037109375
-32197.966796875
-32478.5859375
-32736.501953125
-32970.185546875
-33178.240234375
-33359.4150390625
-33512.611328125
-33636.88671875
-33731.462890625
-33795.724609375
-33829.2197265625
-33831.6689453125
-33802.9541015625
-33743.1201171875
-33652.375
-33531.076171875
-33379.7333984375
-33198.99609375
-32989.64453125
-32752.587890625
-32488.8466796875
-32199.5458984375
-31885.9033203125
-31549.216796875
-31190.853515625
-30812.2392578125
-30414.84375
-30000.16796875
-29569.7333984375
-29125.0693359375
-28667.703125
-28199.142578125
-27720.8759765625
-27234.3486328125
-26740.96484375
-26242.0703125
-25738.9501953125
-25232.8154296875
-24724.8046875
-24215.9697265625
-23707.275390625
-23199.5966796875
-22693.712890625
-22190.3076171875
-21689.96484375
-21193.1748046875
-20700.326171875
-20211.71484375
-19727.541015625
-19247.91796875
-18772.869140625
-18302.3359375
-17836.1826171875
-17374.19921875
-16916.1103515625
-16461.5830078125
-16010.2255859375
-15561.6015625
-15115.2333984375
-14670.6103515625
-14227.1943359375
-13784.431640625
-13341.751953125
-12898.58203125
-12454.349609375
-12008.490234375
-11560.455078125
-11109.712890625
-10655.7587890625
-10198.1220703125
-9736.3623046875
-9270.0859375
-8798.9365234375
-8322.6103515625
-7840.8544921875
-7353.46484375
-6860.296875
-6361.26171875
-5856.328125
-5345.5224609375
-4828.931640625
-4306.6982421875
-3779.025390625
-3246.1689453125
-2708.4423828125
-2166.208984375
-1619.884765625
-1069.9296875
-516.853515625
38.80078125
596.4462890625
1155.4638671875
1715.2099609375
2275.0078125
2834.166015625
3391.97265625
3947.703125
4500.6279296875
5050.01171875
5595.1201171875
6135.2236328125
6669.6025390625
7197.55078125
7718.376953125
8231.4111328125
8736.0087890625
9231.5498046875
9717.4462890625
10193.1396484375
10658.1103515625
11111.8720703125
11553.9765625
11984.0166015625
12401.625
12806.4736328125
13198.279296875
13576.796875
13941.8203125
14293.1875
14630.771484375
14954.4873046875
15264.2802734375
15560.1328125
15842.05859375
16110.1005859375
16364.330078125
16604.83984375
16831.7490234375
17045.189453125
17245.3154296875
17432.2890625
17606.28515625
17767.4853515625
17916.076171875
18052.2451171875
18176.17578125
18288.052734375
18388.052734375
18476.341796875
18553.0771484375
18618.4052734375
18672.455078125
18715.341796875
18747.1640625
18768.0009765625
18777.9140625
18776.943359375
18765.111328125
18742.41796875
18708.84375
18664.349609375
18608.8740234375
18542.33984375
18464.6474609375
18375.6796875
18275.3037109375
18163.369140625
18039.70703125
17904.1396484375
17756.47265625
17596.5009765625
17424.0068359375
17238.7646484375
17040.5400390625
16829.091796875
16604.1728515625
16365.5302734375
16112.9130859375
15846.064453125
15564.7265625
15268.646484375
14957.572265625
14631.2529296875
14289.4482421875
13931.9189453125
13558.4404296875
13168.794921875
12762.7724609375
12340.1865234375
11900.85546875
11444.62109375
10971.34375
10480.900390625
9973.19921875
9448.1669921875
8905.7626953125
8345.9736328125
7768.8232421875
7174.3662109375
6562.69921875
5933.9580078125
5288.3251953125
4626.0244140625
3947.33203125
3252.5771484375
2542.140625
1816.4619140625
1076.0419921875
321.4384765625
-446.72265625
-1227.751953125
-2020.8896484375
-2825.3125
-3640.1220703125
-4464.3525390625
-5296.962890625
-6136.845703125
-6982.818359375
-7833.630859375
-8687.9619140625
-9544.423828125
-10401.5615234375
-11257.8583984375
-12111.736328125
-12961.5634765625
-13805.6513671875
-14642.263671875
-15469.623046875
-16285.9130859375
-17089.2802734375
-17877.8515625
-18649.7294921875
-19403.0048828125
-20135.7646484375
-20846.0947265625
-21532.095703125
-22191.87890625
-22823.591796875
-23425.408203125
-23995.552734375
-24532.2978515625
-25033.9814453125
-25499.0078125
-25925.86328125
-26313.1240234375
-26659.4599609375
-26963.6455078125
-27224.5712890625
-27441.24609375
-27612.8125
-27738.5419921875
-27817.853515625
-27850.3115234375
-27835.6396484375
-27773.712890625
-27664.578125
-27508.4462890625
-27305.6953125
-27056.8818359375
-26762.7314453125
-26424.146484375
-26042.2001953125
-25618.142578125
-25153.3896484375
-24649.5263671875
-24108.2998046875
-23531.615234375
-22921.525390625
-22280.23046875
-21610.064453125
-20913.486328125
-20193.0712890625
-19451.501953125
-18691.546875
-17916.060546875
-17127.958984375
-16330.2099609375
-15525.8203125
-14717.810546875
-13909.2109375
-13103.0361328125
-12302.2724609375
-11509.8544921875
-10728.658203125
-9961.47265625
-9210.990234375
-8479.787109375
-7770.3046875
-7084.837890625
-6425.515625
-5794.2890625
-5192.9150390625
-4622.947265625
-4085.72265625
-3582.34765625
-3113.697265625
-2680.400390625
-2282.8359375
-1921.1337890625
-1595.162109375
-1304.5361328125
-1048.61328125
-826.5009765625
-637.056640625
-478.8984375
-350.408203125
-249.75
-174.87109375
-123.52734375
-93.2890625
-81.5634765625
-85.609375
-102.556640625
-129.427734375
-163.162109375
-200.630859375
-238.6630859375
-274.072265625
-303.6728515625
-324.30859375
-332.8759765625
-326.34375
-301.775390625
-256.3564453125
-187.40625
-92.404296875
30.9921875
184.9345703125
371.361328125
591.9931640625
848.3095703125
1141.5478515625
1472.689453125
1842.455078125
2251.3017578125
2699.4150390625
3186.7177734375
3712.8603515625
4277.234375
4878.9697265625
5516.947265625
6189.80859375
6895.958984375
7633.591796875
8400.6884765625
9195.0419921875
10014.2734375
10855.83984375
11717.0654296875
12595.1474609375
13487.181640625
14390.1787109375
15301.0859375
16216.8046875
17134.2080078125
18050.162109375
18961.5419921875
19865.251953125
20758.240234375
21637.5146484375
22500.16015625
23343.3515625
24164.3642578125
24960.59375
25729.5595703125
26468.9150390625
27176.4609375
27850.1484375
28488.0888671875
29088.556640625
29649.9951171875
30171.013671875
30650.3994140625
31087.11328125
31480.2880859375
31829.2353515625
32133.43359375
32392.53515625
32606.3603515625
32774.896484375
32898.291015625
32976.849609375
33011.033203125
33001.453125
32948.86328125
32854.1611328125
32718.376953125
32542.671875
32328.3310546875
32076.7626953125
31789.4873046875
31468.130859375
31114.427734375
30730.2060546875
30317.38671875
29877.974609375
29414.056640625
28927.787109375
28421.390625
27897.1474609375
27357.392578125
26804.5
26240.8828125
25668.9814453125
25091.25390625
24510.16796875
23928.1923828125
23347.787109375
22771.390625
22201.4150390625
21640.23046875
21090.15625
20553.451171875
20032.30078125
19528.806640625
19044.978515625
18582.71875
18143.8173828125
17729.9365234375
17342.6044921875
16983.205078125
16652.970703125
16352.974609375
16084.119140625
15847.1357421875
15642.5791015625
15470.818359375
15332.0400390625
15226.2392578125
15153.2275390625
15112.6279296875
15103.8779296875
15126.232421875
15178.767578125
15260.3896484375
15369.8388671875
15505.6982421875
15666.4033203125
15850.25
16055.408203125
16279.9384765625
16521.79296875
16778.841796875
17048.8779296875
17329.6376953125
17618.8115234375
17914.06640625
18213.05078125
18513.416015625
18812.8349609375
19109.0048828125
19399.677734375
19682.658203125
19955.8291015625
20217.1552734375
20464.701171875
20696.634765625
20911.2470703125
21106.94921875
21282.2880859375
21435.94921875
21566.7607421875
21673.7041015625
21755.9072265625
21812.65234375
21843.373046875
21847.66015625
21825.251953125
21776.03515625
21700.044921875
21597.45703125
21468.578125
21313.8525390625
21133.845703125
20929.240234375
20700.8310546875
20449.515625
20176.2861328125
19882.2265625
19568.4990234375
19236.337890625
18887.046875
18521.984375
18142.5625
17750.2353515625
17346.498046875
16932.8740234375
16510.9150390625
16082.1923828125
15648.2939453125
15210.81640625
14771.36328125
14331.5419921875
13892.9560546875
13457.2060546875
13025.8828125
12600.56640625
12182.8232421875
11774.201171875
11376.228515625
10990.4130859375
10618.2314453125
10261.138671875
9920.5537109375
9597.859375
9294.404296875
9011.4921875
8750.3798828125
8512.27734375
8298.3369140625
8109.6552734375
7947.2587890625
7812.115234375
7705.107421875
7627.044921875
7578.6513671875
7560.560546875
7573.310546875
7617.3349609375
7692.966796875
7800.423828125
7939.810546875
8111.109375
8314.1787109375
8548.7509765625
8814.4267578125
9110.673828125
9436.8271484375
9792.0849609375
10175.51171875
10586.0361328125
11022.4541015625
11483.4345703125
11967.5146484375
12473.1123046875
12998.52734375
13541.9453125
14101.4521484375
14675.0341796875
15260.587890625
15855.935546875
16458.82421875
17066.947265625
17677.947265625
18289.4306640625
18898.978515625
19504.1611328125
20102.5458984375
20691.7119140625
21269.26171875
21832.833984375
22380.111328125
22908.8359375
23416.8203125
23901.9521484375
24362.208984375
24795.6669921875
25200.50390625
25575.013671875
25917.603515625
26226.80859375
26501.2880859375
26739.8359375
26941.375
27104.9638671875
27229.794921875
27315.193359375
27360.6142578125
27365.642578125
27329.9853515625
27253.4697265625
27136.037109375
26977.732421875
26778.708984375
26539.2041015625
26259.5478515625
25940.1435546875
25581.4638671875
25184.0419921875
24748.462890625
24275.3544921875
23765.3779296875
23219.2216796875
22637.59375
22021.2138671875
21370.802734375
20687.083984375
19970.771484375
19222.5673828125
18443.16015625
17633.2158203125
16793.380859375
15924.28125
15026.515625
14100.6630859375
13147.28125
12166.9072265625
11160.0634765625
10127.2578125
9068.9912109375
7985.7666015625
6878.0830078125
5746.45703125
4591.41796875
3413.5185546875
2213.345703125
991.529296875
-251.2587890625
-1514.287109375
-2796.7607421875
-4097.8134765625
-5416.501953125
-6751.794921875
-8102.5703125
-9467.6064453125
-10845.580078125
-12235.05859375
-13634.5009765625
-15042.2490234375
-16456.53125
-17875.458984375
-19297.02734375
-20719.1162109375
-22139.494140625
-23555.8232421875
-24965.658203125
-26366.4580078125
-27755.58984375
-29130.337890625
-30487.9140625
-31825.4609375
-33140.0732421875
-34428.80078125
-35688.6650390625
-36916.6708984375
-38109.8173828125
-39265.119140625
-40379.6142578125
-41450.3818359375
-42474.5546875
-43449.3369140625
-44372.0185546875
-45239.9873046875
-46050.74609375
-46801.92578125
-47491.3017578125
-48116.8017578125
-48676.521484375
-49168.734375
-49591.9072265625
-49944.703125
-50225.994140625
-50434.8681640625
-50570.6357421875
-50632.8359375
-50621.2392578125
-50535.8515625
-50376.916015625
-50144.9111328125
-49840.5517578125
-49464.7890625
-49018.80078125
-48503.994140625
-47921.9921875
-47274.6318359375
-46563.9560546875
-45792.2001953125
-44961.783203125
-44075.2978515625
-43135.4970703125
-42145.283203125
-41107.6875
-40025.86328125
-38903.06640625
-37742.642578125
-36548.00390625
-35322.6259765625
-34070.017578125
-32793.7119140625
-31497.248046875
-30184.1552734375
-28857.93359375
-27522.0390625
-26179.873046875
-24834.755859375
-23489.923828125
-22148.5068359375
-20813.515625
-19487.833984375
-18174.203125
-16875.2080078125
-15593.2724609375
-14330.6455078125
-13089.39453125
-11871.4033203125
-10678.3544921875
-9511.73828125
-8372.833984375
-7262.7236328125
-6182.279296875
-5132.1640625
-4112.841796875
-3124.5673828125
-2167.3994140625
-1241.201171875
-345.6484375
519.7685546875
1355.7265625
2163.0732421875
2942.8076171875
3696.0712890625
4424.138671875
5128.4013671875
5810.3583984375
6471.6005859375
7113.79296875
7738.66796875
8348.0
8943.59765625
9527.2880859375
10100.892578125
10666.2265625
11225.06640625
11779.1513671875
12330.158203125
12879.6884765625
13429.26171875
13980.29296875
14534.08984375
15091.8359375
15654.583984375
16223.2451171875
16798.5810546875
17381.1982421875
17971.54296875
18569.8984375
19176.375
19790.9189453125
20413.3046875
21043.1396484375
21679.8642578125
22322.759765625
22970.9462890625
23623.400390625
24278.947265625
24936.28515625
25593.9833984375
26250.498046875
26904.1806640625
27553.294921875
28196.0224609375
28830.482421875
29454.740234375
30066.826171875
30664.74609375
31246.494140625
31810.0703125
32353.494140625
32874.814453125
33372.1259765625
33843.580078125
34287.396484375
34701.876953125
35085.408203125
35436.4814453125
35753.6943359375
36035.7568359375
36281.501953125
36489.8896484375
36660.0078125
36791.078125
36882.458984375
36933.63671875
36944.2412109375
36914.029296875
36842.88671875
36730.8291015625
36577.9921875
36384.6259765625
36151.0947265625
35877.8623046875
35565.490234375
35214.6259765625
34826.0009765625
34400.4130859375
33938.7255859375
33441.857421875
32910.76953125
32346.4619140625
31749.96484375
31122.3271484375
30464.611328125
29777.8896484375
29063.2314453125
28321.701171875
27554.3525390625
26762.2236328125
25946.3369140625
25107.6884765625
24247.25390625
23365.9814453125
22464.794921875
21544.58984375
20606.240234375
19650.591796875
18678.47265625
17690.69140625
16688.0380859375
15671.294921875
14641.2333984375
13598.6220703125
12544.2294921875
11478.83203125
10403.21484375
9318.1806640625
8224.548828125
7123.1689453125
6014.9140625
4900.6982421875
3781.4658203125
2658.2080078125
1531.9580078125
403.7958984375
-725.146484375
-1853.6904296875
-2980.6015625
-4104.595703125
-5224.3330078125
-6338.423828125
-7445.4306640625
-8543.8623046875
-9632.181640625
-10708.8095703125
-11772.1279296875
-12820.478515625
-13852.1728515625
-14865.4931640625
-15858.697265625
-16830.029296875
-17777.7177734375
-18699.982421875
-19595.044921875
-20461.1318359375
-21296.4755859375
-22099.330078125
-22867.9658203125
-23600.685546875
-24295.822265625
-24951.75
-25566.884765625
-26139.693359375
-26668.6953125
-27152.470703125
-27589.66015625
-27978.97265625
-28319.1884765625
-28609.1640625
-28847.833984375
-29034.2099609375
-29167.39453125
-29246.572265625
-29271.0205078125
-29240.10546875
-29153.2890625
-29010.130859375
-28810.2841796875
-28553.5068359375
-28239.654296875
-27868.685546875
-27440.6650390625
-26955.7607421875
-26414.25
-25816.5166015625
-25163.0556640625
-24454.4697265625
-23691.478515625
-22874.9091796875
-22005.70703125
-21084.9296875
-20113.751953125
-19093.466796875
-18025.482421875
-16911.3232421875
-15752.63671875
-14551.1845703125
-13308.845703125
-12027.6201171875
-10709.6201171875
-9357.076171875
-7972.330078125
-6557.837890625
-5116.162109375
-3649.9716796875
-2162.037109375
-655.228515625
867.4921875
2403.076171875
3948.3935546875
5500.236328125
7055.3349609375
8610.3583984375
10161.9248046875
11706.6142578125
13240.9775390625
14761.5439453125
16264.8369140625
17747.3857421875
19205.734375
20636.462890625
22036.1923828125
23401.6015625
24729.4462890625
26016.56640625
27259.9072265625
28456.529296875
29603.62890625
30698.546875
31738.7861328125
32722.02734375
33646.138671875
34509.1943359375
35309.4794921875
36045.5126953125
36716.0458984375
37320.0830078125
37856.8818359375
38325.9697265625
38727.1396484375
39060.46484375
39326.296875
39525.26953125
39658.2978515625
39726.5771484375
39731.5830078125
39675.0615234375
39559.0234375
39385.7431640625
39157.7373046875
38877.7626953125
38548.79296875
38174.013671875
37756.798828125
37300.693359375
36809.3955078125
36286.732421875
35736.6416015625
35163.1416015625
34570.3134765625
33962.2724609375
33343.1416015625
32717.029296875
32087.99609375
31460.03515625
30837.0390625
30222.78125
29620.8828125
29034.7919921875
28467.7587890625
27922.814453125
27402.74609375
26910.078125
26447.05859375
26015.634765625
25617.4453125
25253.802734375
24925.69140625
24633.7509765625
24378.275390625
24159.2138671875
23976.1640625
23828.3798828125
23714.7763671875
23633.935546875
23584.1171875
23563.275390625
23569.0712890625
23598.890625
23649.865234375
23718.896484375
23802.677734375
23897.7197265625
24000.380859375
24106.89453125
24213.396484375
24315.9619140625
24410.6298828125
24493.4443359375
24560.474609375
24607.857421875
24631.82421875
24628.7294921875
24595.0869140625
24527.595703125
24423.1630859375
24278.939453125
24092.333984375
23861.04296875
23583.0654296875
23256.7216796875
22880.6689453125
22453.916015625
21975.8271484375
21446.1337890625
20864.935546875
20232.703125
19550.2744140625
18818.85546875
18040.0029296875
17215.6240234375
16347.9560546875
15439.5546875
14493.2763671875
13512.255859375
12499.8857421875
11459.7890625
10395.802734375
9311.9345703125
8212.3525390625
7101.3427734375
5983.283203125
4862.6142578125
3743.806640625
2631.328125
1529.6201171875
443.0595703125
-624.06640625
-1667.5888671875
-2683.486328125
-3667.908203125
-4617.19921875
-5527.9208984375
-6396.876953125
-7221.125
-7997.9990234375
-8725.1162109375
-9400.3935546875
-10022.056640625
-10588.6416015625
-11099.0087890625
-11552.33203125
-11948.107421875
-12286.14453125
-12566.5673828125
-12789.7978515625
-12956.55078125
-13067.8271484375
-13124.88671875
-13129.24609375
-13082.65625
-12987.083984375
-12844.6904296875
-12657.81640625
-12428.9541015625
-12160.732421875
-11855.8876953125
-11517.2470703125
-11147.701171875
-10750.1845703125
-10327.65234375
-9883.0615234375
-9419.3447265625
-8939.3994140625
-8446.0556640625
-7942.0703125
-7430.109375
-6912.72265625
-6392.3447265625
-5871.26953125
-5351.646484375
-4835.4736328125
-4324.5869140625
-3820.6513671875
-3325.162109375
-2839.443359375
-2364.6416015625
-1901.728515625
-1451.5048828125
-1014.603515625
-591.4921875
-182.4814453125
212.271484375
592.75
959.07421875
1311.48828125
1650.3515625
1976.12890625
2289.3779296875
2590.7412109375
2880.9296875
3160.71875
3430.931640625
3692.4306640625
3946.107421875
4192.873046875
4433.6484375
4669.3515625
4900.8984375
5129.185546875
5355.0908203125
5579.4619140625
5803.1123046875
6026.8212890625
6251.322265625
6477.3056640625
6705.412109375
6936.2353515625
7170.31640625
7408.1455078125
7650.1591796875
7896.744140625
8148.2333984375
8404.912109375
8667.0107421875
8934.716796875
9208.1630859375
9487.4423828125
9772.5986328125
10063.62890625
10360.490234375
10663.0927734375
10971.3046875
11284.951171875
11603.810546875
11927.6201171875
12256.068359375
12588.7978515625
12925.4033203125
13265.42578125
13608.35546875
13953.625
14300.6103515625
14648.6259765625
14996.9208984375
15344.6787109375
15691.0146484375
16034.9677734375
16375.5068359375
16711.5244140625
17041.8330078125
17365.166015625
17680.181640625
17985.453125
18279.48046875
18560.6826171875
18827.408203125
19077.9326171875
19310.4619140625
19523.1435546875
19714.0693359375
19881.27734375
20022.7685546875
20136.5087890625
20220.4423828125
20272.4990234375
20290.607421875
20272.7080078125
20216.76171875
20120.763671875
19982.7626953125
19800.865234375
19573.2587890625
19298.220703125
18974.1328125
18599.49609375
18172.9482421875
17693.26953125
17159.40234375
16570.462890625
15925.748046875
15224.75390625
14467.1796875
13652.9404296875
12782.171875
11855.2412109375
10872.7490234375
9835.53515625
8744.68359375
7601.5185546875
6407.611328125
5164.7744140625
3875.056640625
2540.748046875
1164.365234375
-251.3505859375
-1703.4453125
-3188.7568359375
-4703.931640625
-6245.4306640625
-7809.5458984375
-9392.4150390625
-10990.0322265625
-12598.267578125
-14212.880859375
-15829.541015625
-17443.841796875
-19051.318359375
-20647.46875
-22227.76953125
-23787.693359375
-25322.7314453125
-26828.408203125
-28300.30078125
-29734.056640625
-31125.41015625
-32470.2021484375
-33764.3955078125
-35004.08984375
-36185.5380859375
-37305.1591796875
-38359.5595703125
-39345.53515625
-40260.0947265625
-41100.462890625
-41864.095703125
-42548.6923828125
-43152.197265625
-43672.8154296875
-44109.0146484375
-44459.533203125
-44723.3857421875
-44899.8671875
-44988.5498046875
-44989.2978515625
-44902.2568359375
-44727.8583984375
-44466.81640625
-44120.12890625
-43689.0693359375
-43175.1875
-42580.30078125
-41906.4853515625
-41156.0732421875
-40331.6416015625
-39436.0009765625
-38472.1884765625
-37443.451171875
-36353.2353515625
-35205.1767578125
-34003.078125
-32750.900390625
-31452.7421875
-30112.8271484375
-28735.4814453125
-27325.1220703125
-25886.228515625
-24423.3349609375
-22941.00390625
-21443.8056640625
-19936.30859375
-18423.0439453125
-16908.50390625
-15397.107421875
-13893.19140625
-12400.9873046875
-10924.607421875
-9468.0224609375
-8035.0546875
-6629.3515625
-5254.380859375
-3913.4140625
-2609.5146484375
-1345.529296875
-124.0791015625
1052.451171875
2181.9130859375
3262.4033203125
4292.2646484375
5270.0849609375
6194.7021484375
7065.1982421875
7880.89453125
8641.3515625
9346.35546875
9995.9169921875
10590.2587890625
11129.8056640625
11615.173828125
12047.1591796875
12426.72265625
12754.9765625
13033.1748046875
13262.6904296875
13445.0078125
13581.703125
13674.43359375
13724.91796875
13734.9287109375
13706.267578125
13640.767578125
13540.2626953125
13406.591796875
13241.578125
13047.0224609375
12824.6943359375
12576.3232421875
12303.5947265625
12008.1416015625
11691.5400390625
11355.310546875
11000.91015625
10629.736328125
10243.123046875
9842.34765625
9428.6279296875
9003.126953125
8566.958984375
8121.1884765625
7666.84375
7204.9130859375
6736.357421875
6262.11328125
5783.099609375
5300.2255859375
4814.3916015625
4326.5009765625
3837.4619140625
3348.193359375
2859.6298828125
2372.72265625
1888.4462890625
1407.796875
931.798828125
461.5
-2.0244140625
-457.6767578125
-904.337890625
-1340.86328125
-1766.1025390625
-2178.88671875
-2578.0439453125
-2962.404296875
-3330.802734375
-3682.08984375
-4015.1376953125
-4328.8486328125
-4622.162109375
-4894.068359375
-5143.6083984375
-5369.8896484375
-5572.091796875
-5749.474609375
-5901.3837890625
-6027.2666015625
-6126.6640625
-6199.234375
-6244.7451171875
-6263.08203125
-6254.255859375
-6218.4033203125
-6155.7890625
-6066.8037109375
-5951.97265625
-5811.9443359375
-5647.498046875
-5459.53515625
-5249.0771484375
-5017.263671875
-4765.3408203125
-4494.6572265625
-4206.6640625
-3902.892578125
-3584.95703125
-3254.5400390625
-2913.384765625
-2563.2802734375
-2206.0556640625
-1843.56640625
-1477.6787109375
-1110.2666015625
-743.19140625
-378.294921875
-17.380859375
337.78515625
685.4990234375
1024.1240234375
1352.1015625
1667.9619140625
1970.3388671875
2257.970703125
2529.7138671875
2784.5556640625
3021.611328125
3240.1396484375
3439.54296875
3619.376953125
3779.3525390625
3919.337890625
4039.3623046875
4139.6201171875
4220.462890625
4282.4091796875
4326.13671875
4352.4814453125
4362.4345703125
4357.13671875
4337.8759765625
4306.0771484375
4263.296875
4211.216796875
4151.6337890625
4086.4501953125
4017.658203125
3947.3408203125
3877.6474609375
3810.7900390625
3749.025390625
3694.642578125
3649.951171875
3617.2646484375
3598.8857421875
3597.09375
3614.1279296875
3652.1728515625
3713.34375
3799.6748046875
3913.0986328125
4055.435546875
4228.3837890625
4433.498046875
4672.1865234375
4945.6904296875
5255.0791015625
5601.236328125
5984.85546875
6406.4267578125
6866.2314453125
7364.341796875
7900.60546875
8474.65234375
9085.8896484375
9733.4990234375
10416.4365234375
11133.4443359375
11883.0390625
12663.53125
13473.0205078125
14309.4111328125
15170.416015625
16053.5693359375
16956.23828125
17875.630859375
18808.8173828125
19752.7373046875
20704.21875
21659.9931640625
22616.712890625
23570.9677734375
24519.3037109375
25458.2373046875
26384.279296875
27293.951171875
28183.796875
29050.4130859375
29890.455078125
30700.6611328125
31477.865234375
32219.01953125
32921.19921875
33581.625
34197.67578125
34766.8984375
35287.021484375
35755.9638671875
36171.8447265625
36532.9892578125
36837.9404296875
37085.4560546875
37274.51953125
37404.3408203125
37474.353515625
37484.2197265625
37433.826171875
37323.279296875
37152.90625
36923.24609375
36635.0439453125
36289.244140625
35886.982421875
35429.57421875
34918.5078125
34355.431640625
33742.1435546875
33080.5791015625
32372.794921875
31620.9638671875
30827.353515625
29994.3193359375
29124.28515625
28219.7373046875
27283.201171875
26317.236328125
25324.423828125
24307.34375
23268.5732421875
22210.671875
21136.1640625
20047.537109375
18947.2255859375
17837.6025390625
16720.9716796875
15599.5595703125
14475.5009765625
13350.84765625
12227.54296875
11107.43359375
9992.25390625
8883.62890625
7783.06640625
6691.958984375
5611.58203125
4543.0908203125
3487.51953125
2445.7890625
1418.7001953125
406.9423828125
-588.9111328125
-1568.390625
-2531.13671875
-3476.884765625
-4405.4736328125
-5316.8291015625
-6210.962890625
-7087.970703125
-7948.021484375
-8791.353515625
-9618.267578125
-10429.1201171875
-11224.3203125
-12004.322265625
-12769.6142578125
-13520.7197265625
-14258.1845703125
-14982.576171875
-15694.474609375
-16394.46875
-17083.1484375
-17761.1005859375
-18428.9033203125
-19087.1240234375
-19736.3125
-20376.9931640625
-21009.6689453125
-21634.814453125
-22252.8681640625
-22864.2373046875
-23469.2890625
-24068.3525390625
-24661.7138671875
-25249.6162109375
-25832.26171875
-26409.8017578125
-26982.3466796875
-27549.958984375
-28112.654296875
-28670.40625
-29223.1416015625
-29770.7421875
-30313.05078125
-30849.865234375
-31380.9453125
-31906.015625
-32424.7607421875
-32936.833984375
-33441.8603515625
-33939.4306640625
-34429.1162109375
-34910.4619140625
-35382.994140625
-35846.2216796875
-36299.6416015625
-36742.7373046875
-37174.98828125
-37595.869140625
-38004.8525390625
-38401.4140625
-38785.0390625
-39155.2177734375
-39511.455078125
-39853.271484375
-40180.205078125
-40491.8193359375
-40787.6982421875
-41067.4580078125
-41330.7421875
-41577.224609375
-41806.62109375
-42018.6806640625
-42213.1923828125
-42389.9853515625
-42548.9306640625
-42689.9462890625
-42812.990234375
-42918.0703125
-43005.234375
-43074.5810546875
-43126.251953125
-43160.4326171875
-43177.3544921875
-43177.291015625
-43160.5537109375
-43127.4990234375
-43078.515625
-43014.03125
-42934.5
-42840.4091796875
-42732.2744140625
-42610.626953125
-42476.021484375
-42329.029296875
-42170.2255859375
-42000.203125
-41819.5498046875
-41628.8544921875
-41428.7041015625
-41219.671875
-41002.3232421875
-40777.2041015625
-40544.83984375
-40305.7333984375
-40060.3603515625
-39809.1669921875
-39552.56640625
-39290.9384765625
-39024.626953125
-38753.935546875
-38479.130859375
-38200.44140625
-37918.0546875
-37632.1181640625
-37342.740234375
-37049.994140625
-36753.916015625
-36454.5068359375
-36151.7392578125
-35845.552734375
-35535.86328125
-35222.56640625
-34905.5341796875
-34584.6279296875
-34259.6982421875
-33930.5849609375
-33597.130859375
-33259.177734375
-32916.57421875
-32569.1796875
-32216.8701171875
-31859.53515625
-31497.0966796875
-31129.4931640625
-30756.6982421875
-30378.7138671875
-29995.58203125
-29607.3779296875
-29214.216796875
-28816.2548828125
-28413.6884765625
-28006.755859375
-27595.736328125
-27180.9501953125
-26762.7587890625
-26341.560546875
-25917.7900390625
-25491.9169921875
-25064.443359375
-24635.8984375
-24206.8359375
-23777.8369140625
-23349.494140625
-22922.4189453125
-22497.2294921875
-22074.5556640625
-21655.021484375
-21239.2578125
-20827.8818359375
-20421.5068359375
-20020.7294921875
-19626.1298828125
-19238.267578125
-18857.6806640625
-18484.8798828125
-18120.349609375
-17764.541015625
-17417.875
-17080.744140625
-16753.5
-16436.466796875
-16129.9296875
-15834.14453125
-15549.3330078125
-15275.6845703125
-15013.3583984375
-14762.4873046875
-14523.1748046875
-14295.50390625
-14079.5341796875
-13875.3037109375
-13682.83984375
-13502.150390625
-13333.2373046875
-13176.0927734375
-13030.705078125
-12897.05859375
-12775.140625
-12664.9404296875
-12566.4501953125
-12479.6748046875
-12404.625
-12341.322265625
-12289.8037109375
-12250.1162109375
-12222.3251953125
-12206.5078125
-12202.7568359375
-12211.181640625
-12231.90625
-12265.068359375
-12310.8173828125
-12369.3154296875
-12440.7373046875
-12525.2646484375
-12623.0859375
-12734.392578125
-12859.384765625
-12998.255859375
-13151.1982421875
-13318.4033203125
-13500.05078125
-13696.310546875
-13907.337890625
-14133.27734375
-14374.2470703125
-14630.3486328125
-14901.658203125
-15188.2255859375
-15490.0693359375
-15807.1767578125
-16139.50390625
-16486.966796875
-16849.44921875
-17226.7890625
-17618.7841796875
-18025.193359375
-18445.7275390625
-18880.0546875
-19327.7958984375
-19788.5244140625
-20261.76953125
-20747.01171875
-21243.6826171875
-21751.1689453125
-22268.8125
-22795.9033203125
-23331.693359375
-23875.3857421875
-24426.14453125
-24983.0888671875
-25545.3037109375
-26111.83203125
-26681.6875
-27253.8466796875
-27827.2587890625
-28400.8447265625
-28973.5087890625
-29544.126953125
-30111.5634765625
-30674.6689453125
-31232.2861328125
-31783.25390625
-32326.408203125
-32860.5947265625
-33384.662109375
-33897.478515625
-34397.92578125
-34884.9111328125
-35357.3701171875
-35814.2666015625
-36254.607421875
-36677.4404296875
-37081.8544921875
-37466.99609375
-37832.0615234375
-38176.310546875
-38499.0615234375
-38799.7021484375
-39077.6884765625
-39332.5478515625
-39563.8837890625
-39771.376953125
-39954.78515625
-40113.94921875
-40248.787109375
-40359.3017578125
-40445.57421875
-40507.7685546875
-40546.1298828125
-40560.978515625
-40552.7158203125
-40521.8125
-40468.8173828125
-40394.341796875
-40299.06640625
-40183.7294921875
-40049.1298828125
-39896.1171875
-39725.58984375
-39538.4853515625
-39335.78125
-39118.486328125
-38887.6337890625
-38644.2783203125
-38389.490234375
-38124.34375
-37849.9208984375
-37567.296875
-37277.5390625
-36981.701171875
-36680.814453125
-36375.88671875
-36067.89453125
-35757.77734375
-35446.4375
-35134.728515625
-34823.4580078125
-34513.380859375
-34205.1943359375
-33899.5361328125
-33596.984375
-33298.048828125
-33003.17578125
-32712.7412109375
-32427.0478515625
-32146.3330078125
-31870.7568359375
-31600.4111328125
-31335.3115234375
-31075.40234375
-30820.55859375
-30570.5810546875
-30325.205078125
-30084.095703125
-29846.853515625
-29613.0146484375
-29382.05859375
-29153.4013671875
-28926.4091796875
-28700.3955078125
-28474.62890625
-28248.3349609375
-28020.69921875
-27790.8759765625
-27557.9912109375
-27321.1494140625
-27079.4345703125
-26831.9228515625
-26577.6826171875
-26315.7822265625
-26045.298828125
-25765.32421875
-25474.9658203125
-25173.3623046875
-24859.681640625
-24533.1337890625
-24192.9736328125
-23838.5107421875
-23469.109375
-23084.203125
-22683.294921875
-22265.962890625
-21831.8662109375
-21380.7529296875
-20912.45703125
-20426.912109375
-19924.142578125
-19404.279296875
-18867.548828125
-18314.28515625
-17744.923828125
-17160.0048828125
-16560.1689453125
-15946.1572265625
-15318.8095703125
-14679.060546875
-14027.93359375
-13366.537109375
-12696.0615234375
-12017.7646484375
-11332.9736328125
-10643.0732421875
-9949.4931640625
-9253.7041015625
-8557.2080078125
-7861.5263671875
-7168.185546875
-6478.7177734375
-5794.63671875
-5117.43359375
-4448.56640625
-3789.4482421875
-3141.4345703125
-2505.8154296875
-1883.806640625
-1276.53515625
-685.03515625
-110.2392578125
447.029296875
986.0634765625
1506.2783203125
2007.21484375
2488.541015625
2950.0576171875
3391.6962890625
3813.5224609375
4215.7294921875
4598.642578125
4962.7080078125
5308.494140625
5636.6796875
5948.052734375
6243.49609375
6523.9853515625
6790.5693359375
7044.3671875
7286.5546875
7518.3486328125
7740.998046875
7955.7685546875
8163.9287109375
8366.736328125
8565.4267578125
8761.1982421875
8955.1923828125
9148.4912109375
9342.0986328125
9536.927734375
9733.791015625
9933.388671875
10136.302734375
10342.978515625
10553.732421875
10768.7275390625
10987.9853515625
11211.3701171875
11438.5908203125
11669.19921875
11902.591796875
12138.009765625
12374.5419921875
12611.1298828125
12846.5751953125
13079.5439453125
13308.576171875
13532.0966796875
13748.4248046875
13955.7890625
14152.333984375
14336.1396484375
14505.234375
14657.6083984375
14791.232421875
14904.0703125
14994.099609375
15059.3212890625
15097.787109375
15107.6015625
15086.953125
15034.119140625
14947.4814453125
14825.5498046875
14666.96875
14470.5263671875
14235.1767578125
13960.04296875
13644.4296875
13287.8330078125
12889.9423828125
12450.6533203125
11970.06640625
11448.4931640625
10886.45703125
10284.69140625
9644.142578125
8965.9619140625
8251.5048828125
7502.3271484375
6720.1689453125
5906.958984375
5064.794921875
4195.9365234375
3302.7958984375
2387.9208984375
1453.9853515625
503.7724609375
-459.8427734375
-1433.90234375
-2415.3837890625
-3401.22265625
-4388.318359375
-5373.5576171875
-6353.828125
-7326.0380859375
-8287.1259765625
-9234.080078125
-10163.955078125
-11073.87890625
-11961.07421875
-12822.8671875
-13656.7001953125
-14460.1416015625
-15230.89453125
-15966.8115234375
-16665.892578125
-17326.3017578125
-17946.3623046875
-18524.5703125
-19059.591796875
-19550.2626953125
-19995.6005859375
-20394.7890625
-20747.185546875
-21052.3203125
-21309.884765625
-21519.7353515625
-21681.8837890625
-21796.494140625
-21863.875
-21884.46875
-21858.853515625
-21787.724609375
-21671.89453125
-21512.28125
-21309.8994140625
-21065.853515625
-20781.3271484375
-20457.578125
-20095.9296875
-19697.7587890625
-19264.4951171875
-18797.6083984375
-18298.607421875
-17769.02734375
-17210.4326171875
-16624.40234375
-16012.5341796875
-15376.4345703125
-14717.7197265625
-14038.0107421875
-13338.9296875
-12622.1005859375
-11889.1455078125
-11141.6865234375
-10381.3427734375
-9609.7294921875
-8828.4599609375
-8039.14453125
-7243.388671875
-6442.798828125
-5638.9775390625
-4833.5244140625
-4028.0380859375
-3224.1162109375
-2423.353515625
-1627.34375
-837.67578125
-55.9345703125
716.298828125
1477.451171875
2225.9580078125
2960.267578125
3678.841796875
4380.158203125
5062.7197265625
5725.048828125
6365.7041015625
6983.2705078125
7576.3779296875
8143.6953125
8683.94140625
9195.8896484375
9678.373046875
10130.2861328125
10550.595703125
10938.3427734375
11292.6455078125
11612.7109375
11897.83203125
12147.3935546875
12360.87890625
12537.8720703125
12678.0556640625
12781.22265625
12847.2705078125
12876.203125
12868.13671875
12823.294921875
12742.009765625
12624.7197265625
12471.9716796875
12284.416015625
12062.8017578125
11807.978515625
11520.888671875
11202.56640625
10854.12890625
10476.7763671875
10071.78125
9640.4892578125
9184.306640625
8704.701171875
8203.189453125
7681.3359375
7140.7421875
6583.0458984375
6009.908203125
5423.0146484375
4824.0634765625
4214.7607421875
3596.8193359375
2971.947265625
2341.849609375
1708.2119140625
1072.7119140625
437.0
-197.2958984375
-828.5751953125
-1455.2724609375
-2075.8544921875
-2688.828125
-3292.7392578125
-3886.1767578125
-4467.7744140625
-5036.2119140625
-5590.21875
-6128.5712890625
-6650.0966796875
-7153.67578125
-7638.240234375
-8102.7734375
-8546.31640625
-8967.9609375
-9366.8544921875
-9742.201171875
-10093.259765625
-10419.3447265625
-10719.828125
-10994.138671875
-11241.759765625
-11462.23828125
-11655.1728515625
-11820.2255859375
-11957.1123046875
-12065.6123046875
-12145.5625
-12196.8603515625
-12219.462890625
-12213.390625
-12178.7197265625
-12115.5927734375
-12024.2109375
-11904.8369140625
-11757.7958984375
-11583.4736328125
-11382.3173828125
-11154.833984375
-10901.59375
-10623.22265625
-10320.4111328125
-9993.9013671875
-9644.4970703125
-9273.056640625
-8880.4931640625
-8467.7705078125
-8035.9072265625
-7585.9658203125
-7119.0595703125
-6636.34375
-6139.013671875
-5628.3056640625
-5105.490234375
-4571.8701171875
-4028.775390625
-3477.5595703125
-2919.5986328125
-2356.28515625
-1789.021484375
-1219.21875
-648.2880859375
-77.640625
491.3212890625
1057.2099609375
1618.6533203125
2174.3046875
2722.8466796875
3262.99609375
3793.51171875
4313.1962890625
4820.90625
5315.5537109375
5796.111328125
6261.623046875
6711.201171875
7144.0380859375
7559.4033203125
7956.654296875
8335.236328125
8694.685546875
9034.6337890625
9354.80859375
9655.0361328125
9935.2412109375
10195.44921875
10435.7822265625
10656.4619140625
10857.8095703125
11040.2353515625
11204.2421875
11350.419921875
11479.4453125
11592.064453125
11689.1005859375
11771.439453125
11840.0234375
11895.845703125
11939.939453125
11973.369140625
11997.2255859375
12012.607421875
12020.62109375
12022.3623046875
12018.9130859375
12011.3251953125
12000.615234375
11987.751953125
11973.6474609375
11959.1455078125
11945.0185546875
11931.9541015625
11920.5478515625
11911.3017578125
11904.61328125
11900.7685546875
11899.947265625
11902.2119140625
11907.5078125
11915.662109375
11926.38671875
11939.2783203125
11953.8212890625
11969.3896484375
11985.2578125
12000.59765625
12014.4990234375
12025.9619140625
12033.9228515625
12037.25
12034.765625
12025.248046875
12007.4541015625
11980.123046875
11941.9921875
11891.8134765625
11828.3623046875
11750.4541015625
11656.9541015625
11546.79296875
11418.98046875
11272.6103515625
11106.8779296875
10921.0888671875
10714.66796875
10487.16796875
10238.2744140625
9967.81640625
9675.767578125
9362.251953125
9027.5419921875
8672.0693359375
8296.412109375
7901.3037109375
7487.62109375
7056.3857421875
6608.759765625
6146.03125
5669.6123046875
5181.03125
4681.9150390625
4173.9873046875
3659.048828125
3138.96875
2615.6728515625
2091.1240234375
1567.31640625
1046.2529296875
529.9375
20.35546875
-480.537109375
-970.828125
-1448.666015625
-1912.26953125
-2359.94140625
-2790.08203125
-3201.2001953125
-3591.9228515625
-3961.0048828125
-4307.341796875
-4629.970703125
-4928.08203125
-5201.0263671875
-5448.31640625
-5669.6298828125
-5864.81640625
-6033.892578125
-6177.0517578125
-6294.65234375
-6387.2255859375
-6455.462890625
-6500.2236328125
-6522.5205078125
-6523.517578125
-6504.5244140625
-6466.986328125
-6412.478515625
-6342.69140625
-6259.4267578125
-6164.5859375
-6060.1552734375
-5948.1982421875
-5830.8369140625
-5710.25
-5588.6474609375
-5468.267578125
-5351.353515625
-5240.1484375
-5136.876953125
-5043.728515625
-4962.8515625
-4896.3291015625
-4846.17578125
-4814.3125
-4802.56640625
-4812.646484375
-4846.1376953125
-4904.48828125
-4988.9951171875
-5100.7998046875
-5240.87109375
-5410.0029296875
-5608.802734375
-5837.685546875
-6096.8701171875
-6386.3681640625
-6705.9892578125
-7055.333984375
-7433.7919921875
-7840.5478515625
-8274.5751953125
-8734.6484375
-9219.3427734375
-9727.0400390625
-10255.939453125
-10804.064453125
-11369.275390625
-11949.27734375
-12541.638671875
-13143.802734375
-13753.1025390625
-14366.779296875
-14982.0
-15595.876953125
-16205.48046875
-16807.8701171875
-17400.103515625
-17979.265625
-18542.4853515625
-19086.955078125
-19609.953125
-20108.865234375
-20581.2001953125
-21024.6123046875
-21436.9150390625
-21816.103515625
-22160.365234375
-22468.09375
-22737.908203125
-22968.654296875
-23159.423828125
-23309.5546875
-23418.6357421875
-23486.51953125
-23513.3115234375
-23499.3798828125
-23445.345703125
-23352.0830078125
-23220.705078125
-23052.56640625
-22849.240234375
-22612.5146484375
-22344.373046875
-22046.982421875
-21722.669921875
-21373.9130859375
-21003.3095703125
-20613.5654296875
-20207.4677734375
-19787.8662109375
-19357.646484375
-18919.7119140625
-18476.9619140625
-18032.259765625
-17588.4248046875
-17148.1982421875
-16714.2353515625
-16289.07421875
-15875.1240234375
-15474.650390625
-15089.7509765625
-14722.3525390625
-14374.1904296875
-14046.8046875
-13741.5263671875
-13459.474609375
-13201.552734375
-12968.4404296875
-12760.6015625
-12578.2763671875
-12421.4931640625
-12290.06640625
-12183.6103515625
-12101.5400390625
-12043.0888671875
-12007.3125
-11993.1103515625
-11999.2275390625
-12024.28125
-12066.7724609375
-12125.0966796875
-12197.5673828125
-12282.4306640625
-12377.8818359375
-12482.0810546875
-12593.177734375
-12709.314453125
-12828.654296875
-12949.3916015625
-13069.765625
-13188.0771484375
-13302.69921875
-13412.0908203125
-13514.80859375
-13609.51171875
-13694.9765625
-13770.0966796875
-13833.896484375
-13885.5302734375
-13924.2880859375
-13949.5947265625
-13961.0166015625
-13958.255859375
-13941.1484375
-13909.6650390625
-13863.9091796875
-13804.1025390625
-13730.5927734375
-13643.837890625
-13544.400390625
-13432.9462890625
-13310.2265625
-13177.0771484375
-13034.40625
-12883.1875
-12724.443359375
-12559.248046875
-12388.7060546875
-12213.951171875
-12036.12890625
-11856.3955078125
-11675.9052734375
-11495.802734375
-11317.2109375
-11141.2294921875
-10968.9228515625
-10801.3173828125
-10639.38671875
-10484.0595703125
-10336.2001953125
-10196.611328125
-10066.0322265625
-9945.126953125
-9834.4892578125
-9734.63671875
-9646.009765625
-9568.9697265625
-9503.798828125
-9450.7021484375
-9409.8046875
-9381.15625
-9364.73046875
-9360.4287109375
-9368.0830078125
-9387.4560546875
-9418.2490234375
-9460.10546875
-9512.6123046875
-9575.30859375
-9647.6865234375
-9729.2001953125
-9819.271484375
-9917.2939453125
-10022.6396484375
-10134.6630859375
-10252.7138671875
-10376.134765625
-10504.2724609375
-10636.482421875
-10772.1376953125
-10910.6279296875
-11051.3701171875
-11193.8134765625
-11337.44140625
-11481.779296875
-11626.3916015625
-11770.8974609375
-11914.958984375
-12058.294921875
-12200.6767578125
-12341.931640625
-12481.9404296875
-12620.6416015625
-12758.0244140625
-12894.1318359375
-13029.0595703125
-13162.947265625
-13295.9765625
-13428.3740234375
-13560.39453125
-13692.326171875
-13824.478515625
-13957.177734375
-14090.7626953125
-14225.5732421875
-14361.947265625
-14500.2119140625
-14640.67578125
-14783.62109375
-14929.3017578125
-15077.9287109375
-15229.6689453125
-15384.63671875
-15542.8876953125
-15704.41796875
-15869.1513671875
-16036.9462890625
-16207.5810546875
-16380.759765625
-16556.1083984375
-16733.1748046875
-16911.4287109375
-17090.26171875
-17268.9931640625
-17446.869140625
-17623.0712890625
-17796.71875
-17966.875
-18132.556640625
-18292.7392578125
-18446.3671875
-18592.361328125
-18729.6279296875
-18857.076171875
-18973.6181640625
-19078.1884765625
-19169.7509765625
-19247.30859375
-19309.919921875
-19356.70703125
-19386.861328125
-19399.666015625
-19394.4931640625
-19370.818359375
-19328.2275390625
-19266.4306640625
-19185.255859375
-19084.6689453125
-18964.7646484375
-18825.7802734375
-18668.091796875
-18492.2197265625
-18298.8212890625
-18088.6962890625
-17862.7783203125
-17622.134765625
-17367.958984375
-17101.5654296875
-16824.3779296875
-16537.9248046875
-16243.8271484375
-15943.787109375
-15639.5771484375
-15333.0283203125
-15026.013671875
-14720.4384765625
-14418.2216796875
-14121.2841796875
-13831.5361328125
-13550.8564453125
-13281.080078125
-13023.98828125
-12781.287109375
-12554.5986328125
-12345.4443359375
-12155.236328125
-11985.26171875
-11836.673828125
-11710.4794921875
-11607.5361328125
-11528.5361328125
-11474.0048828125
-11444.294921875
-11439.578125
-11459.84765625
-11504.9150390625
-11574.4033203125
-11667.7578125
-11784.2421875
-11922.9423828125
-12082.76953125
-12262.47265625
-12460.6357421875
-12675.6943359375
-12905.9384765625
-13149.5263671875
-13404.4892578125
-13668.75
-13940.1328125
-14216.3701171875
-14495.125
-14773.9951171875
-15050.5361328125
-15322.2646484375
-15586.6845703125
-15841.2880859375
-16083.5830078125
-16311.09375
-16521.3837890625
-16712.06640625
-16880.814453125
-17025.37890625
-17143.595703125
-17233.3974609375
-17292.826171875
-17320.0458984375
-17313.341796875
-17271.142578125
-17192.0185546875
-17074.69140625
-16918.04296875
-16721.1181640625
-16483.1298828125
-16203.462890625
-15881.6806640625
-15517.5244140625
-15110.9130859375
-14661.94921875
-14170.9130859375
-13638.2705078125
-13064.662109375
-12450.9091796875
-11798.0078125
-11107.12109375
-10379.5869140625
-9616.9033203125
-8820.7255859375
-7992.865234375
-7135.2802734375
-6250.0654296875
-5339.4560546875
-4405.8095703125
-3451.599609375
-2479.4169921875
-1491.947265625
-491.9716796875
517.64453125
1533.9638671875
2553.986328125
3574.6552734375
4592.8759765625
5605.51953125
6609.4375
7601.470703125
8578.46484375
9537.2744140625
10474.7861328125
11387.919921875
12273.646484375
13128.9990234375
13951.0810546875
14737.0859375
15484.2998046875
16190.1201171875
16852.064453125
17467.7783203125
18035.0537109375
18551.833984375
19016.2197265625
19426.4931640625
19781.1064453125
20078.70703125
20318.1396484375
20498.4482421875
20618.8896484375
20678.9306640625
20678.26171875
20616.7919921875
20494.6552734375
20312.2099609375
20070.0380859375
19768.94921875
19409.96875
18994.34375
18523.5341796875
17999.205078125
17423.224609375
16797.6494140625
16124.720703125
15406.8525390625
14646.615234375
13846.732421875
13010.05859375
12139.5703125
11238.34765625
10309.560546875
9356.4541015625
8382.326171875
7390.515625
6384.3828125
5367.2919921875
4342.5927734375
3313.603515625
2283.5947265625
1255.771484375
233.2578125
-780.9228515625
-1783.85546875
-2772.755859375
-3744.9794921875
-4698.033203125
-5629.587890625
-6537.490234375
-7419.7685546875
-8274.638671875
-9100.517578125
-9896.0166015625
-10659.955078125
-11391.3564453125
-12089.4462890625
-12753.6591796875
-13383.6279296875
-13979.181640625
-14540.3427734375
-15067.318359375
-15560.4931640625
-16020.4169921875
-16447.80078125
-16843.501953125
-17208.51171875
-17543.9443359375
-17851.025390625
-18131.0732421875
-18385.494140625
-18615.7568359375
-18823.3876953125
-19009.9541015625
-19177.0458984375
-19326.2705078125
-19459.232421875
-19577.5234375
-19682.7119140625
-19776.3251953125
-19859.8505859375
-19934.712890625
-20002.2744140625
-20063.822265625
-20120.5634765625
-20173.6201171875
-20224.0224609375
-20272.7021484375
-20320.498046875
-20368.146484375
-20416.28125
-20465.4375
-20516.05078125
-20568.4541015625
-20622.890625
-20679.505859375
-20738.357421875
-20799.4208984375
-20862.5859375
-20927.6728515625
-20994.4306640625
-21062.54296875
-21131.6357421875
-21201.28515625
-21271.01953125
-21340.326171875
-21408.6591796875
-21475.44140625
-21540.07421875
-21601.939453125
-21660.4052734375
-21714.8291015625
-21764.5634765625
-21808.9619140625
-21847.375
-21879.1611328125
-21903.689453125
-21920.3310546875
-21928.4775390625
-21927.53125
-21916.9072265625
-21896.04296875
-21864.390625
-21821.4228515625
-21766.6318359375
-21699.5322265625
-21619.6591796875
-21526.5712890625
-21419.8515625
-21299.10546875
-21163.9677734375
-21014.0966796875
-20849.1806640625
-20668.935546875
-20473.109375
-20261.482421875
-20033.869140625
-19790.12109375
-19530.126953125
-19253.8134765625
-18961.1552734375
-18652.1640625
-18326.90234375
-17985.48046875
-17628.0576171875
-17254.84375
-16866.107421875
-16462.1650390625
-16043.3935546875
-15610.2265625
-15163.150390625
-14702.7138671875
-14229.51953125
-13744.2255859375
-13247.546875
-12740.2509765625
-12223.1552734375
-11697.1279296875
-11163.08203125
-10621.96875
-10074.7841796875
-9522.5537109375
-8966.3349609375
-8407.205078125
-7846.267578125
-7284.6337890625
-6723.42578125
-6163.767578125
-5606.7802734375
-5053.5751953125
-4505.2490234375
-3962.8798828125
-3427.5185546875
-2900.185546875
-2381.865234375
-1873.5048828125
-1376.00390625
-890.21875
-416.9541015625
43.0390625
489.0625
920.4716796875
1336.6826171875
1737.162109375
2121.4365234375
2489.0849609375
2839.7392578125
3173.080078125
3488.8369140625
3786.783203125
4066.7333984375
4328.5380859375
4572.0791015625
4797.26953125
5004.0439453125
5192.35546875
5362.169921875
5513.47265625
5646.2421875
5760.46484375
5856.1279296875
5933.2080078125
5991.6767578125
6031.4970703125
6052.6171875
6054.974609375
6038.4931640625
6003.08203125
5948.642578125
5875.060546875
5782.216796875
5669.9873046875
5538.248046875
5386.873046875
5215.751953125
5024.779296875
4813.876953125
4582.98828125
4332.0908203125
4061.2001953125
3770.3818359375
3459.7509765625
3129.48828125
2779.8359375
2411.1201171875
2023.7392578125
1618.1865234375
1195.0439453125
754.9931640625
298.8173828125
-172.59375
-658.2412109375
-1157.017578125
-1667.7021484375
-2188.9638671875
-2719.3623046875
-3257.3515625
-3801.2783203125
-4349.3935546875
-4899.8505859375
-5450.7197265625
-5999.9912109375
-6545.5830078125
-7085.35546875
-7617.1201171875
-8138.6484375
-8647.6875
-9141.9697265625
-9619.232421875
-10077.2255859375
-10513.73046875
-10926.5712890625
-11313.634765625
-11672.8779296875
-12002.349609375
-12300.205078125
-12564.712890625
-12794.27734375
-12987.4462890625
-13142.9267578125
-13259.5966796875
-13336.5146484375
-13372.9287109375
-13368.2890625
-13322.2548828125
-13234.6953125
-13105.7060546875
-12935.6015625
-12724.92578125
-12474.4501953125
-12185.1728515625
-11858.3212890625
-11495.345703125
-11097.9150390625
-10667.9130859375
-10207.4287109375
-9718.751953125
-9204.3583984375
-8666.904296875
-8109.208984375
-7534.25
-6945.1396484375
-6345.1162109375
-5737.52734375
-5125.8095703125
-4513.478515625
-3904.1064453125
-3301.3037109375
-2708.705078125
-2129.9443359375
-1568.6435546875
-1028.388671875
-512.71484375
-25.0849609375
431.126953125
852.6533203125
1236.34375
1579.1962890625
1878.3583984375
2131.150390625
2335.0751953125
2487.83203125
2587.3359375
2631.7158203125
2619.3369140625
2548.802734375
2418.9677734375
2228.9384765625
1978.0849609375
1666.0390625
1292.7060546875
858.2548828125
363.130859375
-191.955078125
-806.0224609375
-1477.826171875
-2205.86328125
-2988.373046875
-3823.3505859375
-4708.5517578125
-5641.4990234375
-6619.4990234375
-7639.6484375
-8698.845703125
-9793.8115234375
-10921.0908203125
-12077.0810546875
-13258.0380859375
-14460.09765625
-15679.2880859375
-16911.5537109375
-18152.767578125
-19398.7529296875
-20645.30078125
-21888.185546875
-23123.193359375
-24346.1298828125
-25552.84765625
-26739.259765625
-27901.36328125
-29035.2529296875
-30137.140625
-31203.373046875
-32230.4501953125
-33215.037109375
-34153.984375
-35044.3388671875
-35883.357421875
-36668.5205078125
-37397.5419921875
-38068.3818359375
-38679.2509765625
-39228.623046875
-39715.236328125
-40138.1044921875
-40496.509765625
-40790.0166015625
-41018.462890625
-41181.962890625
-41280.9052734375
-41315.9423828125
-41287.9951171875
-41198.2353515625
-41048.08203125
-40839.193359375
-40573.4482421875
-40252.9404296875
-39879.9619140625
-39456.98828125
-38986.662109375
-38471.7763671875
-37915.255859375
-37320.1435546875
-36689.576171875
-36026.7666015625
-35334.9833984375
-34617.537109375
-33877.7529296875
-33118.95703125
-32344.451171875
-31557.5029296875
-30761.3212890625
-29959.037109375
-29153.6943359375
-28348.232421875
-27545.4658203125
-26748.076171875
-25958.6025390625
-25179.4228515625
-24412.7548828125
-23660.6416015625
-22924.9453125
-22207.3505859375
-21509.3515625
-20832.2578125
-20177.193359375
-19545.095703125
-18936.72265625
-18352.658203125
-17793.314453125
-17258.9423828125
-16749.6455078125
-16265.37890625
-15805.9697265625
-15371.125
-14960.4462890625
-14573.4404296875
-14209.5380859375
-13868.1005859375
-13548.439453125
-13249.8310546875
-12971.525390625
-12712.7646484375
-12472.794921875
-12250.8740234375
-12046.294921875
-11858.3828125
-11686.513671875
-11530.119140625
-11388.697265625
-11261.81640625
-11149.1220703125
-11050.337890625
-10965.26953125
-10893.8056640625
-10835.9189453125
-10791.6611328125
-10761.16015625
-10744.6181640625
-10742.302734375
-10754.54296875
-10781.7177734375
-10824.2509765625
-10882.5966796875
-10957.234375
-11048.65234375
-11157.341796875
-11283.7783203125
-11428.4169921875
-11591.6728515625
-11773.9169921875
-11975.45703125
-12196.533203125
-12437.30078125
-12697.826171875
-12978.0732421875
-13277.900390625
-13597.0458984375
-13935.1279296875
-14291.63671875
-14665.9345703125
-15057.2490234375
-15464.6708984375
-15887.1630859375
-16323.552734375
-16772.5400390625
-17232.69921875
-17702.4892578125
-18180.2548828125
-18664.23828125
-19152.5888671875
-19643.37109375
-20134.578125
-20624.1416015625
-21109.9453125
-21589.841796875
-22061.66015625
-22523.2255859375
-22972.369140625
-23406.947265625
-23824.8515625
-24224.025390625
-24602.478515625
-24958.2998046875
-25289.66796875
-25594.869140625
-25872.3017578125
-26120.494140625
-26338.1123046875
-26523.9677734375
-26677.021484375
-26796.4013671875
-26881.3974609375
-26931.4765625
-26946.2734375
-26925.60546875
-26869.46484375
-26778.025390625
-26651.6328125
-26490.810546875
-26296.2568359375
-26068.8291015625
-25809.552734375
-25519.6044921875
-25200.310546875
-24853.138671875
-24479.6826171875
-24081.6640625
-23660.912109375
-23219.3583984375
-22759.0234375
-22282.009765625
-21790.482421875
-21286.666015625
-20772.826171875
-20251.259765625
-19724.2802734375
-19194.2119140625
-18663.373046875
-18134.0615234375
-17608.5517578125
-17089.0751953125
-16577.8134765625
-16076.8876953125
-15588.3466796875
-15114.158203125
-14656.203125
-14216.2587890625
-13796.0009765625
-13396.9921875
-13020.6689453125
-12668.34765625
-12341.212890625
-12040.30859375
-11766.5439453125
-11520.685546875
-11303.3515625
-11115.017578125
-10956.01171875
-10826.5146484375
-10726.560546875
-10656.0439453125
-10614.71484375
-10602.1865234375
-10617.9375
-10661.3203125
-10731.5595703125
-10827.76953125
-10948.947265625
-11093.9912109375
-11261.70703125
-11450.8095703125
-11659.94140625
-11887.6748046875
-12132.525390625
-12392.9609375
-12667.4130859375
-12954.283203125
-13251.9599609375
-13558.8232421875
-13873.259765625
-14193.666015625
-14518.4658203125
-14846.115234375
-15175.1123046875
-15504.0087890625
-15831.41015625
-16155.9921875
-16476.5029296875
-16791.767578125
-17100.697265625
-17402.2880859375
-17695.6298828125
-17979.904296875
-18254.3896484375
-18518.4599609375
-18771.580078125
-19013.3173828125
-19243.3212890625
-19461.337890625
-19667.1923828125
-19860.79296875
-20042.12109375
-20211.2275390625
-20368.224609375
-20513.2783203125
-20646.60546875
-20768.45703125
-20879.1181640625
-20978.896484375
-21068.115234375
-21147.1025390625
-21216.18359375
-21275.677734375
-21325.8857421875
-21367.0849609375
-21399.521484375
-21423.408203125
-21438.912109375
-21446.1611328125
-21445.228515625
-21436.138671875
-21418.8623046875
-21393.3125
-21359.3544921875
-21316.791015625
-21265.3779296875
-21204.822265625
-21134.78125
-21054.873046875
-20964.6787109375
-20863.74609375
-20751.6005859375
-20627.7451171875
-20491.677734375
-20342.88671875
-20180.8681640625
-20005.1298828125
-19815.1953125
-19610.6220703125
-19390.998046875
-19155.9580078125
-18905.1826171875
-18638.4130859375
-18355.4501953125
-18056.166015625
-17740.5048828125
-17408.486328125
-17060.2119140625
-16695.8671875
-16315.72265625
-15920.1328125
-15509.537109375
-15084.4638671875
-14645.5185546875
-14193.388671875
-13728.837890625
-13252.7041015625
-12765.8876953125
-12269.35546875
-11764.123046875
-11251.26171875
-10731.8779296875
-10207.1142578125
-9678.1376953125
-9146.1337890625
-8612.298828125
-8077.8271484375
-7543.9111328125
-7011.724609375
-6482.4248046875
-5957.134765625
-5436.9453125
-4922.9072265625
-4416.0205078125
-3917.2333984375
-3427.439453125
-2947.470703125
-2478.0947265625
-2020.0146484375
-1573.8642578125
-1140.2099609375
-719.5498046875
-312.3125
81.140625
460.51171875
825.5693359375
1176.140625
1512.111328125
1833.4208984375
2140.05859375
2432.0595703125
2709.50390625
2972.5068359375
3221.2138671875
3455.8056640625
3676.4853515625
3883.4736328125
4077.0107421875
4257.3505859375
4424.7587890625
4579.5048828125
4721.865234375
4852.119140625
4970.5478515625
5077.4326171875
5173.0546875
5257.693359375
5331.6337890625
5395.154296875
5448.5419921875
5492.0849609375
5526.0771484375
5550.8193359375
5566.623046875
5573.814453125
5572.7333984375
5563.73828125
5547.208984375
5523.5498046875
5493.1904296875
5456.5927734375
5414.244140625
5366.669921875
5314.4296875
5258.115234375
5198.357421875
5135.82421875
5071.2197265625
5005.2822265625
4938.787109375
4872.537109375
4807.369140625
4744.1435546875
4683.74609375
4627.0791015625
4575.060546875
4528.615234375
4488.671875
4456.15625
4431.9853515625
4417.060546875
4412.2568359375
4418.4228515625
4436.37109375
4466.865234375
4510.623046875
4568.2998046875
4640.4873046875
4727.70703125
4830.4013671875
4948.9287109375
5083.5625
5234.4775390625
5401.75390625
5585.373046875
5785.20703125
6001.0263671875
6232.4912109375
6479.154296875
6740.4609375
7015.7509765625
7304.255859375
7605.1064453125
7917.333984375
8239.873046875
8571.5703125
8911.185546875
9257.4013671875
9608.826171875
9964.0068359375
10321.4296875
10679.537109375
11036.73046875
11391.3779296875
11741.8291015625
12086.419921875
12423.4853515625
12751.3681640625
13068.4248046875
13373.0439453125
13663.642578125
13938.6884765625
14196.69921875
14436.25390625
14656.005859375
14854.6796875
15031.0888671875
15184.134765625
15312.818359375
15416.23828125
15493.603515625
15544.2294921875
15567.55078125
15563.111328125
15530.578125
15469.7373046875
15380.4892578125
15262.861328125
15116.9970703125
14943.1533203125
14741.7099609375
14513.1533203125
14258.0849609375
13977.2080078125
13671.3330078125
13341.3662109375
12988.3056640625
12613.2421875
12217.3447265625
11801.86328125
11368.1162109375
10917.4921875
10451.43359375
9971.439453125
9479.0556640625
8975.8681640625
8463.4970703125
7943.5908203125
7417.8203125
6887.87109375
6355.4384765625
5822.2236328125
5289.921875
4760.2236328125
4234.8046875
3715.3193359375
3203.40234375
2700.65625
2208.6474609375
1728.9052734375
1262.9130859375
812.107421875
377.8671875
-38.4833984375
-435.68359375
-812.5380859375
-1167.9248046875
-1500.79296875
-1810.171875
-2095.171875
-2354.98828125
-2588.9052734375
-2796.298828125
-2976.638671875
-3129.494140625
-3254.5322265625
-3351.521484375
-3420.3369140625
-3460.958984375
-3473.474609375
-3458.080078125
-3415.0810546875
-3344.8916015625
-3248.0380859375
-3125.1552734375
-2976.9853515625
-2804.3779296875
-2608.291015625
-2389.7822265625
-2150.0126953125
-1890.23828125
-1611.8095703125
-1316.1669921875
-1004.833984375
-679.4140625
-341.5849609375
6.9130859375
364.2734375
728.640625
1098.11328125
1470.75
1844.5849609375
2217.6279296875
2587.876953125
2953.3310546875
3311.9921875
3661.8798828125
4001.041015625
4327.552734375
4639.5390625
4935.1767578125
5212.705078125
5470.4287109375
5706.7421875
5920.1171875
6109.1240234375
6272.43359375
6408.8271484375
6517.1982421875
6596.560546875
6646.0546875
6664.9462890625
6652.6357421875
6608.6591796875
6532.6865234375
6424.5302734375
6284.138671875
6111.599609375
5907.138671875
5671.1171875
5404.03125
5106.505859375
4779.2939453125
4423.271484375
4039.4326171875
3628.87890625
3192.826171875
2732.58203125
2249.5517578125
1745.2236328125
1221.166015625
679.01171875
120.4609375
-452.7353515625
-1038.783203125
-1635.849609375
-2242.076171875
-2855.587890625
-3474.4970703125
-4096.9140625
-4720.9619140625
-5344.7724609375
-5966.505859375
-6584.3525390625
-7196.5419921875
-7801.349609375
-8397.107421875
-8982.205078125
-9555.0986328125
-10114.3193359375
-10658.47265625
-11186.2529296875
-11696.4384765625
-12187.8994140625
-12659.6044921875
-13110.6201171875
-13540.1171875
-13947.3662109375
-14331.748046875
-14692.7529296875
-15029.974609375
-15343.1201171875
-15632.00390625
-15896.546875
-16136.77734375
-16352.8330078125
-16544.951171875
-16713.4697265625
-16858.8251953125
-16981.5478515625
-17082.2587890625
-17161.662109375
-17220.544921875
-17259.7705078125
-17280.2685546875
-17283.0341796875
-17269.123046875
-17239.63671875
-17195.7236328125
-17138.5673828125
-17069.3837890625
-16989.41015625
-16899.896484375
-16802.1015625
-16697.2861328125
-16586.6982421875
-16471.57421875
-16353.1279296875
-16232.54296875
-16110.9658203125
-15989.5009765625
-15869.2041015625
-15751.07421875
-15636.052734375
-15525.013671875
-15418.7607421875
-15318.029296875
-15223.47265625
-15135.6669921875
-15055.1064453125
-14982.203125
-14917.287109375
-14860.6025390625
-14812.3095703125
-14772.4931640625
-14741.1513671875
-14718.2080078125
-14703.515625
-14696.849609375
-14697.92578125
-14706.3935546875
-14721.849609375
-14743.833984375
-14771.849609375
-14805.3525390625
-14843.7685546875
-14886.4970703125
-14932.9169921875
-14982.3916015625
-15034.2822265625
-15087.9404296875
-15142.7294921875
-15198.01953125
-15253.1982421875
-15307.671875
-15360.875
-15412.26953125
-15461.3505859375
-15507.65234375
-15550.7451171875
-15590.23828125
-15625.7890625
-15657.08984375
-15683.8798828125
-15705.9384765625
-15723.0859375
-15735.181640625
-15742.1201171875
-15743.830078125
-15740.267578125
-15731.4208984375
-15717.29296875
-15697.9072265625
-15673.3017578125
-15643.51953125
-15608.6044921875
-15568.6005859375
-15523.5419921875
-15473.4501953125
-15418.3291015625
-15358.158203125
-15292.8896484375
-15222.4462890625
-15146.708984375
-15065.5263671875
-14978.7001953125
-14885.9921875
-14787.1123046875
-14681.728515625
-14569.4560546875
-14449.8642578125
-14322.47265625
-14186.759765625
-14042.1513671875
-13888.0390625
-13723.76953125
-13548.6591796875
-13361.9892578125
-13163.0185546875
-12950.9814453125
-12725.1005859375
-12484.587890625
-12228.650390625
-11956.5029296875
-11667.3681640625
-11360.4873046875
-11035.126953125
-10690.5849609375
-10326.19921875
-9941.3525390625
-9535.4814453125
-9108.08203125
-8658.7158203125
-8187.017578125
-7692.6982421875
-7175.552734375
-6635.4619140625
-6072.40234375
-5486.443359375
-4877.7529296875
-4246.603515625
-3593.369140625
-2918.5302734375
-2222.671875
-1506.4873046875
-770.7744140625
-16.4345703125
755.5244140625
1543.9970703125
2347.779296875
3165.5693359375
3995.9794921875
4837.5322265625
5688.66796875
6547.759765625
7413.0986328125
8282.9189453125
9155.3935546875
10028.6484375
10900.7646484375
11769.7841796875
12633.7255859375
13490.5810546875
14338.333984375
15174.958984375
15998.4345703125
16806.7509765625
17597.912109375
18369.953125
19120.94140625
19848.9814453125
20552.2294921875
21228.8994140625
21877.26171875
22495.658203125
23082.5068359375
23636.3056640625
24155.6396484375
24639.18359375
25085.7109375
25494.0908203125
25863.3046875
26192.4345703125
26480.67578125
26727.3388671875
26931.84765625
27093.7392578125
27212.6728515625
27288.423828125
27320.884765625
27310.0634765625
27256.0859375
27159.1904296875
27019.73046875
26838.1640625
26615.05859375
26351.0849609375
26047.009765625
25703.697265625
25322.1005859375
24903.2587890625
24448.2890625
23958.38671875
23434.810546875
22878.890625
22292.00390625
21675.5869140625
21031.1171875
20360.1123046875
19664.12109375
18944.720703125
18203.5107421875
17442.1005859375
16662.1142578125
15865.1796875
15052.9208984375
14226.9580078125
13388.900390625
12540.34375
11682.865234375
10818.01953125
9947.3369140625
9072.3203125
8194.4404296875
7315.138671875
6435.8203125
5557.857421875
4682.583984375
3811.2978515625
2945.259765625
2085.693359375
1233.7841796875
390.6826171875
-442.498046875
-1264.681640625
-2074.826171875
-2871.921875
-3654.9951171875
-4423.1025390625
-5175.3330078125
-5910.8076171875
-6628.677734375
-7328.12109375
-8008.349609375
-8668.6044921875
-9308.15234375
-9926.2958984375
-10522.365234375
-11095.72265625
-11645.7646484375
-12171.921875
-12673.6611328125
-13150.48828125
-13601.94921875
-14027.6337890625
-14427.17578125
-14800.2607421875
-15146.6240234375
-15466.056640625
-15758.4052734375
-16023.580078125
-16261.5546875
-16472.37109375
-16656.140625
-16813.044921875
-16943.345703125
-17047.380859375
-17125.5654296875
-17178.3974609375
-17206.458984375
-17210.4111328125
-17191.0009765625
-17149.056640625
-17085.4912109375
-17001.2939453125
-16897.533203125
-16775.35546875
-16635.98046875
-16480.689453125
-16310.8369140625
-16127.8271484375
-15933.125
-15728.23828125
-15514.716796875
-15294.1416015625
-15068.123046875
-14838.283203125
-14606.2587890625
-14373.685546875
-14142.1904296875
-13913.3837890625
-13688.8505859375
-13470.1416015625
-13258.763671875
-13056.169921875
-12863.755859375
-12682.8447265625
-12514.685546875
-12360.4453125
-12221.1962890625
-12097.916015625
-11991.478515625
-11902.6533203125
-11832.0947265625
-11780.34375
-11747.826171875
-11734.84375
-11741.58203125
-11768.103515625
-11814.3525390625
-11880.1552734375
-11965.224609375
-12069.1572265625
-12191.447265625
-12331.4814453125
-12488.5546875
-12661.8681640625
-12850.541015625
-13053.6181640625
-13270.07421875
-13498.8291015625
-13738.75390625
-13988.677734375
-14247.40234375
-14513.708984375
-14786.369140625
-15064.158203125
-15345.8583984375
-15630.2744140625
-15916.2431640625
-16202.6376953125
-16488.384765625
-16772.466796875
-17053.9306640625
-17331.9013671875
-17605.5810546875
-17874.2587890625
-18137.3193359375
-18394.2421875
-18644.6083984375
-18888.1083984375
-19124.533203125
-19353.7880859375
-19575.8857421875
-19790.9462890625
-19999.2041015625
-20200.994140625
-20396.759765625
-20587.041015625
-20772.4755859375
-20953.7939453125
-21131.8095703125
-21307.416015625
-21481.580078125
-21655.330078125
-21829.75390625
-22005.9873046875
-22185.203125
-22368.607421875
-22557.42578125
-22752.8955078125
-22956.2548828125
-23168.736328125
-23391.5546875
-23625.8955078125
-23872.9130859375
-24133.7119140625
-24409.345703125
-24700.8046875
-25009.0078125
-25334.798828125
-25678.9345703125
-26042.0830078125
-26424.810546875
-26827.5849609375
-27250.7646484375
-27694.6005859375
-28159.224609375
-28644.6552734375
-29150.7919921875
-29677.4130859375
-30224.1796875
-30790.630859375
-31376.1904296875
-31980.1640625
-32601.7421875
-33240.0087890625
-33893.9384765625
-34562.4033203125
-35244.1787109375
-35937.9501953125
-36642.318359375
-37355.798828125
-38076.84375
-38803.8349609375
-39535.099609375
-40268.9150390625
-41003.5185546875
-41737.11328125
-42467.8779296875
-43193.9794921875
-43913.5693359375
-44624.806640625
-45325.857421875
-46014.90234375
-46690.1494140625
-47349.837890625
-47992.248046875
-48615.705078125
-49218.58984375
-49799.3408203125
-50356.462890625
-50888.5322265625
-51394.2001953125
-51872.197265625
-52321.33984375
-52740.5302734375
-53128.76171875
-53485.12109375
-53808.787109375
-54099.03515625
-54355.240234375
-54576.8681640625
-54763.486328125
-54914.755859375
-55030.431640625
-55110.36328125
-55154.494140625
-55162.8515625
-55135.55078125
-55072.7919921875
-54974.8544921875
-54842.0947265625
-54674.9423828125
-54473.896484375
-54239.51953125
-53972.4375
-53673.333984375
-53342.9423828125
-52982.0478515625
-52591.4794921875
-52172.107421875
-51724.8369140625
-51250.6064453125
-50750.3857421875
-50225.16796875
-49675.9658203125
-49103.8154296875
-48509.7666015625
-47894.8798828125
-47260.2294921875
-46606.8935546875
-45935.958984375
-45248.513671875
-44545.6494140625
-43828.4560546875
-43098.0244140625
-42355.4404296875
-41601.7890625
-40838.150390625
-40065.6015625
-39285.2119140625
-38498.048828125
-37705.1708984375
-36907.634765625
-36106.4892578125
-35302.779296875
-34497.544921875
-33691.8212890625
-32886.638671875
-32083.021484375
-31281.9951171875
-30484.57421875
-29691.775390625
-28904.6083984375
-28124.078125
-27351.1904296875
-26586.9404296875
-25832.322265625
-25088.3251953125
-24355.927734375
-23636.1064453125
-22929.826171875
-22238.04296875
-21561.701171875
-20901.7294921875
-20259.046875
-19634.55078125
-19029.1181640625
-18443.6064453125
-17878.84375
-17335.6318359375
-16814.7392578125
-16316.8994140625
-15842.806640625
-15393.1123046875
-14968.41796875
-14569.27734375
-14196.185546875
-13849.580078125
-13529.8349609375
-13237.2509765625
-12972.0625
-12734.421875
-12524.404296875
-12341.9951171875
-12187.095703125
-12059.5107421875
-11958.953125
-11885.0341796875
-11837.265625
-11815.0537109375
-11817.703125
-11844.4091796875
-11894.2626953125
-11966.24609375
-12059.2353515625
-12172.00390625
-12303.2197265625
-12451.4521484375
-12615.171875
-12792.7578125
-12982.501953125
-13182.6123046875
-13391.224609375
-13606.400390625
-13826.146484375
-14048.4150390625
-14271.1162109375
-14492.1259765625
-14709.3017578125
-14920.4853515625
-15123.5205078125
-15316.2646484375
-15496.5966796875
-15662.43359375
-15811.7421875
-15942.544921875
-16052.9462890625
-16141.1298828125
-16205.37890625
-16244.0869140625
-16255.767578125
-16239.0625
-16192.7568359375
-16115.7822265625
-16007.2265625
-15866.3466796875
-15692.564453125
-15485.478515625
-15244.86328125
-14970.677734375
-14663.0595703125
-14322.328125
-13948.982421875
-13543.6962890625
-13107.3193359375
-12640.8623046875
-12145.4990234375
-11622.5546875
-11073.4921875
-10499.9091796875
-9903.5205078125
-9286.1494140625
-8649.7138671875
-7996.2080078125
-7327.6962890625
-6646.2900390625
-5954.1376953125
-5253.4091796875
-4546.2763671875
-3834.90625
-3121.4375
-2407.9736328125
-1696.5625
-989.1923828125
-287.771484375
405.875
1090.01953125
1763.0400390625
2423.421875
3069.76953125
3700.8056640625
4315.376953125
4912.4521484375
5491.12109375
6050.5986328125
6590.2099609375
7109.3955078125
7607.6982421875
8084.7568359375
8540.30078125
8974.134765625
9386.1279296875
9776.2080078125
10144.341796875
10490.52734375
10814.7763671875
11117.1064453125
11397.5234375
11656.013671875
11892.5234375
12106.95703125
12299.158203125
12468.9091796875
12615.912109375
12739.7880859375
12840.072265625
12916.2080078125
12967.5419921875
12993.3271484375
12992.7236328125
12964.8017578125
12908.5439453125
12822.8564453125
12706.576171875
12558.4765625
12377.2880859375
12161.705078125
11910.40625
11622.064453125
11295.373046875
10929.0576171875
10521.8984375
10072.7490234375
9580.5615234375
9044.3994140625
8463.4638671875
7837.115234375
7164.8837890625
6446.501953125
5681.9072265625
4871.275390625
4015.0166015625
3113.8076171875
2168.5908203125
1180.5859375
151.3046875
-917.455078125
-2023.5986328125
-3164.7353515625
-4338.185546875
-5540.982421875
-6769.876953125
-8021.3525390625
-9291.634765625
-10576.7119140625
-11872.341796875
-13174.083984375
-14477.310546875
-15777.2392578125
-17068.953125
-18347.4287109375
-19607.5654296875
-20844.2158203125
-22052.2119140625
-23226.40234375
-24361.6767578125
-25453.001953125
-26495.4501953125
-27484.2314453125
-28414.7216796875
-29282.4931640625
-30083.337890625
-30813.302734375
-31468.703125
-32046.15234375
-32542.5791015625
-32955.248046875
-33281.7724609375
-33520.1298828125
-33668.67578125
-33726.1435546875
-33691.658203125
-33564.736328125
-33345.28515625
-33033.599609375
-32630.361328125
-32136.6279296875
-31553.82421875
-30883.7275390625
-30128.45703125
-29290.4560546875
-28372.47265625
-27377.5419921875
-26308.9609375
-25170.2724609375
-23965.236328125
-22697.8056640625
-21372.10546875
-19992.40234375
-18563.083984375
-17088.6298828125
-15573.58984375
-14022.552734375
-12440.130859375
-10830.931640625
-9199.533203125
-7550.4697265625
-5888.205078125
-4217.1171875
-2541.48046875
-865.44921875
806.9560546875
2471.861328125
4125.5517578125
5764.4765625
7385.2607421875
8984.7109375
10559.8193359375
12107.76171875
13625.908203125
15111.81640625
16563.2294921875
17978.0791015625
19354.478515625
20690.7177734375
21985.2568359375
23236.720703125
24443.892578125
25605.70703125
26721.236328125
27789.6904296875
28810.4013671875
29782.8125
30706.482421875
31581.056640625
32406.27734375
33181.9609375
33907.998046875
34584.341796875
35211.0
35788.03125
36315.53515625
36793.6455078125
37222.529296875
37602.3759765625
37933.400390625
38215.830078125
38449.91015625
38635.8935546875
38774.0458984375
38864.6396484375
38907.9521484375
38904.2705078125
38853.88671875
38757.0986328125
38614.2138671875
38425.546875
38191.4228515625
37912.181640625
37588.1767578125
37219.7763671875
36807.373046875
36351.3798828125
35852.232421875
35310.400390625
34726.3837890625
34100.7177734375
33433.9765625
32726.779296875
31979.7880859375
31193.7177734375
30369.3349609375
29507.462890625
28608.986328125
27674.853515625
26706.0771484375
25703.7451171875
24669.0107421875
23603.109375
22507.353515625
21383.1328125
20231.9228515625
19055.2822265625
17854.85546875
16632.3759765625
15389.6611328125
14128.6181640625
12851.2412109375
11559.61328125
10255.8984375
8942.3505859375
7621.30078125
6295.1591796875
4966.412109375
3637.611328125
2311.3798828125
990.3974609375
-322.603515625
-1624.845703125
-2913.5126953125
-4185.7578125
-5438.71875
-6669.5185546875
-7875.28515625
-9053.15625
-10200.294921875
-11313.8984375
-12391.212890625
-13429.548828125
-14426.291015625
-15378.912109375
-16284.9873046875
-17142.208984375
-17948.3974609375
-18701.5185546875
-19399.69140625
-20041.20703125
-20624.533203125
-21148.3349609375
-21611.4765625
-22013.0361328125
-22352.3154296875
-22628.8447265625
-22842.3896484375
-22992.9599609375
-23080.80859375
-23106.4384765625
-23070.6015625
-22974.298828125
-22818.7802734375
-22605.537109375
-22336.2998046875
-22013.033203125
-21637.921875
-21213.3681640625
-20741.97265625
-20226.52734375
-19669.998046875
-19075.513671875
-18446.33984375
-17785.8720703125
-17097.60546875
-16385.1279296875
-15652.0888671875
-14902.1806640625
-14139.12109375
-13366.6279296875
-12588.39453125
-11808.0791015625
-11029.2666015625
-10255.4609375
-9490.0595703125
-8736.3349609375
-7997.4111328125
-7276.251953125
-6575.6396484375
-5898.1630859375
-5246.2001953125
-4621.9072265625
-4027.2099609375
-3463.7890625
-2933.078125
-2436.255859375
-1974.2421875
-1547.6962890625
-1157.0166015625
-802.34375
-483.5634765625
-200.3115234375
48.0166015625
262.263671875
443.490234375
592.970703125
712.1806640625
802.7744140625
866.5791015625
905.5732421875
921.87109375
917.7060546875
895.408203125
857.3935546875
806.138671875
744.1650390625
674.01953125
598.2578125
519.4267578125
440.0439453125
362.5859375
289.46875
223.0361328125
165.541015625
119.140625
85.876953125
67.669921875
66.30859375
83.4423828125
120.5732421875
179.052734375
260.0732421875
364.671875
493.7216796875
647.935546875
827.8623046875
1033.8935546875
1266.2607421875
1525.0439453125
1810.169921875
2121.4208984375
2458.4375
2820.728515625
3207.671875
3618.5283203125
4052.439453125
4508.4462890625
4985.4873046875
5482.408203125
5997.9755859375
6530.875
7079.728515625
7643.0908203125
8219.466796875
8807.3115234375
9405.041015625
10011.037109375
10623.6513671875
11241.2177734375
11862.0478515625
12484.4482421875
13106.7138671875
13727.14453125
14344.0380859375
14955.7041015625
15560.462890625
16156.65234375
16742.6318359375
17316.7822265625
17877.515625
18423.27734375
18952.546875
19463.8427734375
19955.732421875
20426.8271484375
20875.791015625
21301.3447265625
21702.265625
22077.3974609375
22425.650390625
22746.005859375
23037.5185546875
23299.3232421875
23530.6357421875
23730.7607421875
23899.0849609375
24035.0927734375
24138.3583984375
24208.5546875
24245.451171875
24248.9169921875
24218.9228515625
24155.537109375
24058.9345703125
23929.3837890625
23767.255859375
23573.017578125
23347.2294921875
23090.5419921875
22803.697265625
22487.515625
22142.89453125
21770.8076171875
21372.291015625
20948.4384765625
20500.400390625
20029.365234375
19536.560546875
19023.2431640625
18490.685546875
17940.1728515625
17372.9912109375
16790.4208984375
16193.7255859375
15584.150390625
14962.900390625
14331.1484375
13690.0185546875
13040.5849609375
12383.8603515625
11720.794921875
11052.2685546875
10379.095703125
9702.009765625
9021.6708984375
8338.6640625
7653.498046875
6966.6005859375
6278.333984375
5588.9853515625
4898.779296875
4207.876953125
3516.3857421875
2824.3671875
2131.8369140625
1438.78515625
745.171875
50.9462890625
-643.9482421875
-1339.5634765625
-2035.9375
-2733.08203125
-3430.9736328125
-4129.5439453125
-4828.6728515625
-5528.171875
-6227.787109375
-6927.1796875
-7625.9248046875
-8323.5048828125
-9019.3046875
-9712.6064453125
-10402.58203125
-11088.30078125
-11768.7177734375
-12442.68359375
-13108.939453125
-13766.1240234375
-14412.7744140625
-15047.3310546875
-15668.15234375
-16273.51171875
-16861.611328125
-17430.59375
-17978.5517578125
-18503.537109375
-19003.578125
-19476.6865234375
-19920.8828125
-20334.1943359375
-20714.6826171875
-21060.455078125
-21369.6748046875
-21640.58203125
-21871.505859375
-22060.875
-22207.236328125
-22309.265625
-22365.7802734375
-22375.7490234375
-22338.3037109375
-22252.75
-22118.5712890625
-21935.439453125
-21703.21875
-21421.970703125
-21091.953125
-20713.630859375
-20287.666015625
-19814.9189453125
-19296.4521484375
-18733.5146484375
-18127.546875
-17480.166015625
-16793.166015625
-16068.4970703125
-15308.2666015625
-14514.72265625
-13690.2412109375
-12837.3134765625
-11958.53515625
-11056.5888671875
-10134.232421875
-9194.28125
-8239.595703125
-7273.0625
-6297.587890625
-5316.0732421875
-4331.404296875
-3346.44140625
-2363.9990234375
-1386.837890625
-417.6533203125
540.94140625
1486.4189453125
2416.3525390625
3328.4189453125
4220.4130859375
5090.248046875
5935.962890625
6755.7265625
7547.83984375
8310.7431640625
9043.005859375
9743.3388671875
10410.5849609375
11043.7236328125
11641.859375
12204.2275390625
12730.1875
13219.2099609375
13670.8828125
14084.8994140625
14461.0517578125
14799.2275390625
15099.3974609375
15361.61328125
15586.0009765625
15772.751953125
15922.111328125
16034.384765625
16109.9169921875
16149.095703125
16152.3408203125
16120.1064453125
16052.86328125
15951.1103515625
15815.3564453125
15646.1279296875
15443.9619140625
15209.4052734375
14943.0087890625
14645.3359375
14316.953125
13958.4375
13570.37109375
13153.3486328125
12707.9716796875
12234.861328125
11734.6474609375
11207.982421875
10655.537109375
10078.0078125
9476.1171875
8850.6171875
8202.2919921875
7531.9619140625
6840.4833984375
6128.7568359375
5397.72265625
4648.3671875
3881.71875
3098.85546875
2300.9033203125
1489.033203125
664.46484375
-171.5380859375
-1017.6650390625
-1872.5654296875
-2734.84765625
-3603.0830078125
-4475.8095703125
-5351.5341796875
-6228.7421875
-7105.8955078125
-7981.44140625
-8853.8154296875
-9721.4541015625
-10582.7900390625
-11436.267578125
-12280.341796875
-13113.4892578125
-13934.2138671875
-14741.0517578125
-15532.576171875
-16307.4052734375
-17064.2041015625
-17801.69921875
-18518.6689453125
-19213.9609375
-19886.48828125
-20535.2373046875
-21159.265625
-21757.7119140625
-22329.791015625
-22874.7958984375
-23392.103515625
-23881.16796875
-24341.525390625
-24772.7880859375
-25174.6484375
-25546.8701171875
-25889.2890625
-26201.8095703125
-26484.3994140625
-26737.0859375
-26959.955078125
-27153.13671875
-27316.8125
-27451.1982421875
-27556.546875
-27633.138671875
-27681.27734375
-27701.2822265625
-27693.4853515625
-27658.224609375
-27595.841796875
-27506.6708984375
-27391.0439453125
-27249.2744140625
-27081.66796875
-26888.5068359375
-26670.056640625
-26426.55859375
-26158.23046875
-25865.2705078125
-25547.84765625
-25206.11328125
-24840.1923828125
-24450.1962890625
-24036.2138671875
-23598.326171875
-23136.6025390625
-22651.107421875
-22141.908203125
-21609.07421875
-21052.6923828125
-20472.861328125
-19869.7080078125
-19243.3896484375
-18594.1044921875
-17922.0908203125
-17227.642578125
-16511.11328125
-15772.9189453125
-15013.5517578125
-14233.580078125
-13433.65625
-12614.5234375
-11777.0185546875
-10922.076171875
-10050.7333984375
-9164.1328125
-8263.5224609375
-7350.2587890625
-6425.806640625
-5491.73828125
-4549.732421875
-3601.5732421875
-2649.142578125
-1694.4208984375
-739.4794921875
213.5244140625
1162.35546875
2104.7099609375
3038.216796875
3960.45703125
4868.9658203125
5761.2470703125
6634.7841796875
7487.0498046875
8315.517578125
9117.6796875
9891.0546875
10633.19921875
11341.7255859375
12014.3115234375
12648.71484375
13242.7822265625
13794.466796875
14301.8359375
14763.0849609375
15176.5458984375
15540.7001953125
15854.1845703125
16115.8046875
16324.5400390625
16479.55078125
16580.18359375
16625.978515625
16616.6728515625
16552.19921875
16432.6962890625
16258.5009765625
16030.15234375
15748.3876953125
15414.1435546875
15028.546875
14592.9140625
14108.7431640625
13577.7041015625
13001.6396484375
12382.5439453125
11722.5625
11023.9755859375
10289.1875
9520.71875
8721.1884765625
7893.298828125
7039.8291015625
6163.6142578125
5267.5302734375
4354.4853515625
3427.3974609375
2489.18359375
1542.7431640625
590.9462890625
-363.3876953125
-1317.4970703125
-2268.6982421875
-3214.39453125
-4152.0888671875
-5079.40234375
-5994.076171875
-6893.9892578125
-7777.1650390625
-8641.783203125
-9486.1826171875
-10308.8701171875
-11108.5302734375
-11884.0234375
-12634.390625
-13358.861328125
-14056.84375
-14727.935546875
-15371.9150390625
-15988.7431640625
-16578.5537109375
-17141.6513671875
-17678.5087890625
-18189.7548828125
-18676.1669921875
-19138.6630859375
-19578.291015625
-19996.2177734375
-20393.7158203125
-20772.1533203125
-21132.9794921875
-21477.7138671875
-21807.9248046875
-22125.2275390625
-22431.2587890625
-22727.66796875
-23016.1025390625
-23298.1953125
-23575.544921875
-23849.708984375
-24122.1904296875
-24394.4189453125
-24667.751953125
-24943.44921875
-25222.673828125
-25506.478515625
-25795.7998046875
-26091.4501953125
-26394.11328125
-26704.3388671875
-27022.5400390625
-27348.9912109375
-27683.8271484375
-28027.0439453125
-28378.498046875
-28737.9150390625
-29104.8857421875
-29478.87890625
-29859.240234375
-30245.20703125
-30635.9091796875
-31030.37890625
-31427.5654296875
-31826.3408203125
-32225.5068359375
-32623.8154296875
-33019.9697265625
-33412.6416015625
-33800.48046875
-34182.1259765625
-34556.216796875
-34921.404296875
-35276.3564453125
-35619.7783203125
-35950.4130859375
-36267.05078125
-36568.5390625
-36853.79296875
-37121.791015625
-37371.59375
-37602.3359375
-37813.2373046875
-38003.6044921875
-38172.830078125
-38320.3935546875
-38445.86328125
-38548.8935546875
-38629.22265625
-38686.671875
-38721.138671875
-38732.599609375
-38721.0947265625
-38686.7333984375
-38629.685546875
-38550.1728515625
-38448.462890625
-38324.873046875
-38179.751953125
-38013.48046875
-37826.46484375
-37619.1328125
-37391.9267578125
-37145.2998046875
-36879.712890625
-36595.6298828125
-36293.513671875
-35973.8291015625
-35637.0341796875
-35283.5849609375
-34913.9287109375
-34528.513671875
-34127.7802734375
-33712.166015625
-33282.111328125
-32838.0537109375
-32380.44140625
-31909.7236328125
-31426.3662109375
-30930.8466796875
-30423.6640625
-29905.3369140625
-29376.412109375
-28837.466796875
-28289.1103515625
-27731.990234375
-27166.7919921875
-26594.2470703125
-26015.1240234375
-25430.244140625
-24840.4697265625
-24246.7109375
-23649.923828125
-23051.107421875
-22451.302734375
-21851.591796875
-21253.091796875
-20656.94921875
-20064.3408203125
-19476.4619140625
-18894.5244140625
-18319.7470703125
-17753.3505859375
-17196.548828125
-16650.544921875
-16116.515625
-15595.6103515625
-15088.9404296875
-14597.5673828125
-14122.5029296875
-13664.6943359375
-13225.0205078125
-12804.283203125
-12403.2021484375
-12022.4091796875
-11662.44140625
-11323.740234375
-11006.64453125
-10711.388671875
-10438.103515625
-10186.810546875
-9957.4267578125
-9749.763671875
-9563.5302734375
-9398.33203125
-9253.681640625
-9128.99609375
-9023.609375
-8936.775390625
-8867.673828125
-8815.41796875
-8779.0673828125
-8757.630859375
-8750.0791015625
-8755.3544921875
-8772.3759765625
-8800.0537109375
-8837.296875
-8883.025390625
-8936.1748046875
-8995.7080078125
-9060.625
-9129.9716796875
-9202.8408203125
-9278.388671875
-9355.833984375
-9434.4677734375
-9513.65625
-9592.84375
-9671.55859375
-9749.412109375
-9826.103515625
-9901.4140625
-9975.2119140625
-10047.451171875
-10118.162109375
-10187.455078125
-10255.513671875
-10322.587890625
-10388.990234375
-10455.0888671875
-10521.3017578125
-10588.0869140625
-10655.9345703125
-10725.359375
-10796.892578125
-10871.0712890625
-10948.4326171875
-11029.4951171875
-11114.7646484375
-11204.712890625
-11299.7744140625
-11400.337890625
-11506.7353515625
-11619.2373046875
-11738.0458984375
-11863.2880859375
-11995.005859375
-12133.16015625
-12277.6201171875
-12428.1591796875
-12584.455078125
-12746.091796875
-12912.552734375
-13083.2216796875
-13257.3935546875
-13434.2607421875
-13612.9326171875
-13792.4287109375
-13971.6904296875
-14149.58203125
-14324.9033203125
-14496.3955078125
-14662.7451171875
-14822.6025390625
-14974.5849609375
-15117.2890625
-15249.3046875
-15369.22265625
-15475.6484375
-15567.2177734375
-15642.603515625
-15700.533203125
-15739.7958984375
-15759.2607421875
-15757.8857421875
-15734.73046875
-15688.9638671875
-15619.8828125
-15526.9130859375
-15409.626953125
-15267.7451171875
-15101.1484375
-14909.880859375
-14694.158203125
-14454.37109375
-14191.0869140625
-13905.0498046875
-13597.1884765625
-13268.6044921875
-12920.578125
-12554.5595703125
-12172.1669921875
-11775.1767578125
-11365.5146484375
-10945.25390625
-10516.59375
-10081.8525390625
-9643.4580078125
-9203.92578125
-8765.849609375
-8331.8818359375
-7904.7177734375
-7487.0830078125
-7081.703125
-6691.2978515625
-6318.556640625
-5966.1171875
-5636.5546875
-5332.35546875
-5055.9033203125
-4809.4580078125
-4595.1435546875
-4414.9287109375
-4270.611328125
-4163.802734375
-4095.919921875
-4068.1708984375
-4081.541015625
-4136.7890625
-4234.439453125
-4374.771484375
-4557.8212890625
-4783.37890625
-5050.9814453125
-5359.923828125
-5709.25390625
-6097.7822265625
-6524.0849609375
-6986.515625
-7483.2109375
-8012.1044921875
-8570.939453125
-9157.2802734375
-9768.5302734375
-10401.9482421875
-11054.6630859375
-11723.693359375
-12405.966796875
-13098.3388671875
-13797.6123046875
-14500.5576171875
-15203.93359375
-15904.50390625
-16599.0625
-17284.451171875
-17957.5751953125
-18615.4267578125
-19255.09765625
-19873.802734375
-20468.888671875
-21037.8525390625
-21578.35546875
-22088.2353515625
-22565.513671875
-23008.4111328125
-23415.353515625
-23784.974609375
-24116.1298828125
-24407.8916015625
-24659.5556640625
-24870.640625
-25040.8896484375
-25170.2646484375
-25258.9443359375
-25307.318359375
-25315.9814453125
-25285.7275390625
-25217.5361328125
-25112.5673828125
-24972.1474609375
-24797.755859375
-24591.01953125
-24353.6884765625
-24087.6298828125
-23794.810546875
-23477.27734375
-23137.150390625
-22776.5966796875
-22397.82421875
-22003.0595703125
-21594.529296875
-21174.4521484375
-20745.017578125
-20308.373046875
-19866.6064453125
-19421.736328125
-18975.6953125
-18530.3173828125
-18087.3291015625
-17648.3330078125
-17214.806640625
-16788.0830078125
-16369.3525390625
-15959.6513671875
-15559.857421875
-15170.6845703125
-14792.6865234375
-14426.24609375
-14071.58203125
-13728.748046875
-13397.63671875
-13077.9814453125
-12769.3642578125
-12471.2197265625
-12182.8447265625
-11903.40625
-11631.951171875
-11367.4228515625
-11108.6611328125
-10854.4267578125
-10603.41015625
-10354.244140625
-10105.521484375
-9855.80859375
-9603.66015625
-9347.6376953125
-9086.3232421875
-8818.330078125
-8542.326171875
-8257.0458984375
-7961.2998046875
-7653.994140625
-7334.1416015625
-7000.8701171875
-6653.4404296875
-6291.248046875
-5913.83984375
-5520.9150390625
-5112.3330078125
-4688.119140625
-4248.4658203125
-3793.73828125
-3324.4677734375
-2841.3564453125
-2345.2685546875
-1837.232421875
-1318.4296875
-790.189453125
-253.978515625
288.60546875
835.8486328125
1385.931640625
1936.9423828125
2486.8896484375
3033.720703125
3575.3310546875
4109.5849609375
4634.33203125
5147.4130859375
5646.6904296875
6130.052734375
6595.4375
7040.837890625
7464.326171875
7864.0615234375
8238.302734375
8585.423828125
8903.91796875
9192.4140625
9449.6826171875
9674.642578125
9866.3662109375
10024.0849609375
10147.1904296875
10235.240234375
10287.95703125
10305.224609375
10287.0908203125
10233.7607421875
10145.5947265625
10023.1015625
9866.9345703125
9677.8837890625
9456.8662109375
9204.919921875
8923.197265625
8612.9501953125
8275.5244140625
7912.3525390625
7524.935546875
7114.8447265625
6683.7041015625
6233.185546875
5764.994140625
5280.87109375
4782.572265625
4271.8701171875
3750.546875
3220.3798828125
2683.1494140625
2140.62109375
1594.548828125
1046.6708984375
498.7041015625
-47.658203125
-590.7431640625
-1128.904296875
-1660.5244140625
-2184.0087890625
-2697.7900390625
-3200.3310546875
-3690.1171875
-4165.6611328125
-4625.50390625
-5068.20703125
-5492.3623046875
-5896.583984375
-6279.5126953125
-6639.8154296875
-6976.185546875
-7287.3447265625
-7572.046875
-7829.072265625
-8057.2421875
-8255.41015625
-8422.4736328125
-8557.3759765625
-8659.10546875
-8726.7080078125
-8759.2861328125
-8756.0078125
-8716.109375
-8638.90234375
-8523.78125
-8370.2255859375
-8177.8076171875
-7946.19921875
-7675.1748046875
-7364.619140625
-7014.53125
-6625.02734375
-6196.34765625
-5728.8583984375
-5223.0576171875
-4679.5693359375
-4099.1572265625
-3482.71484375
-2831.2724609375
-2145.994140625
-1428.173828125
-679.23828125
99.2587890625
905.6435546875
1738.1201171875
2594.7802734375
3473.6123046875
4372.5009765625
5289.2392578125
6221.5380859375
7167.033203125
8123.29296875
9087.830078125
10058.11328125
11031.57421875
12005.62109375
12977.6494140625
13945.052734375
14905.232421875
15855.6123046875
16793.6455078125
17716.8330078125
18622.7255859375
19508.9375
20373.1650390625
21213.1826171875
22026.8623046875
22812.1806640625
23567.2275390625
24290.21484375
24979.4814453125
25633.5029296875
26250.900390625
26830.4384765625
27371.0419921875
27871.7890625
28331.9228515625
28750.849609375
29128.146484375
29463.5576171875
29756.9970703125
30008.5517578125
30218.4775390625
30387.1943359375
30515.2958984375
30603.5341796875
30652.8203125
30664.224609375
30638.96484375
30578.4033203125
30484.041015625
30357.5087890625
30200.5615234375
30015.0654296875
29802.998046875
29566.4267578125
29307.5087890625
29028.474609375
28731.619140625
28419.291015625
28093.880859375
27757.8076171875
27413.5068359375
27063.423828125
26709.9912109375
26355.6259765625
26002.7119140625
25653.5908203125
25310.55078125
24975.8076171875
24651.50390625
24339.693359375
24042.3291015625
23761.255859375
23498.2021484375
23254.767578125
23032.4208984375
22832.490234375
22656.15625
22504.4453125
22378.232421875
22278.23046875
22204.990234375
22158.8994140625
22140.1826171875
22148.9013671875
22184.9501953125
22248.0703125
22337.841796875
22453.69140625
22594.8974609375
22760.599609375
22949.7919921875
23161.3466796875
23394.009765625
23646.4111328125
23917.07421875
24204.427734375
24506.806640625
24822.46875
25149.6005859375
25486.326171875
25830.720703125
26180.814453125
26534.6064453125
26890.0703125
27245.1650390625
27597.8466796875
27946.068359375
28287.798828125
28621.0205078125
28943.74609375
29254.015625
29549.912109375
29829.5625
30091.146484375
30332.8984375
30553.1142578125
30750.1572265625
30922.4599609375
31068.5302734375
31186.955078125
31276.3994140625
31335.61328125
31363.4384765625
31358.80078125
31320.720703125
31248.3125
31140.7880859375
30997.45703125
30817.7275390625
30601.1142578125
30347.23046875
30055.7978515625
29726.6416015625
29359.69921875
28955.0126953125
28512.736328125
28033.1357421875
27516.5849609375
26963.57421875
26374.703125
25750.685546875
25092.3447265625
24400.6171875
23676.5498046875
22921.2958984375
22136.1201171875
21322.388671875
20481.5712890625
19615.2333984375
18725.041015625
17812.74609375
16880.189453125
15929.291015625
14962.044921875
13980.513671875
12986.8232421875
11983.1494140625
10971.7158203125
9954.783203125
8934.6396484375
7913.59375
6893.9619140625
5878.0634765625
4868.2060546875
3866.673828125
2875.724609375
1897.5771484375
934.39453125
-11.7158203125
-938.71875
-1844.6591796875
-2727.6689453125
-3585.978515625
-4417.923828125
-5221.951171875
-5996.62890625
-6740.6533203125
-7452.84765625
-8132.173828125
-8777.734375
-9388.775390625
-9964.6904296875
-10505.0166015625
-11009.443359375
-11477.8056640625
-11910.0869140625
-12306.416015625
-12667.0634765625
-12992.44140625
-13283.09375
-13539.6982421875
-13763.0576171875
-13954.0947265625
-14113.84375
-14243.4462890625
-14344.14453125
-14417.271484375
-14464.244140625
-14486.55859375
-14485.7734375
-14463.5146484375
-14421.4541015625
-14361.3154296875
-14284.8505859375
-14193.84765625
-14090.11328125
-13975.46875
-13851.7451171875
-13720.7724609375
-13584.3798828125
-13444.3828125
-13302.583984375
-13160.765625
-13020.6845703125
-12884.0712890625
-12752.6220703125
-12627.9990234375
-12511.8271484375
-12405.6884765625
-12311.1279296875
-12229.6376953125
-12162.6708984375
-12111.6298828125
-12077.8662109375
-12062.685546875
-12067.3369140625
-12093.01953125
-12140.87890625
-12212.001953125
-12307.4208984375
-12428.1103515625
-12574.982421875
-12748.8896484375
-12950.6162109375
-13180.8818359375
-13440.3369140625
-13729.5576171875
-14049.04296875
-14399.21484375
-14780.40625
-15192.8671875
-15636.75390625
-16112.12109375
-16618.9287109375
-17157.0205078125
-17726.138671875
-18325.8994140625
-18955.802734375
-19615.2177734375
-20303.38671875
-21019.4111328125
-21762.2587890625
-22530.75
-23323.55859375
-24139.2109375
-24976.083984375
-25832.40234375
-26706.23828125
-27595.513671875
-28498.0009765625
-29411.3271484375
-30332.9765625
-31260.2958984375
-32190.4990234375
-33120.6796875
-34047.8125
-34968.7705078125
-35880.3291015625
-36779.18359375
-37661.9609375
-38525.236328125
-39365.544921875
-40179.3984375
-40963.3125
-41713.8125
-42427.45703125
-43100.8662109375
-43730.728515625
-44313.830078125
-44847.0732421875
-45327.498046875
-45752.30078125
-46118.861328125
-46424.75
-46667.76171875
-46845.92578125
-46957.5205078125
-47001.099609375
-46975.4970703125
-46879.84765625
-46713.5927734375
-46476.494140625
-46168.640625
-45790.451171875
-45342.6845703125
-44826.4326171875
-44243.126953125
-43594.5302734375
-42882.732421875
-42110.1416015625
-41279.4755859375
-40393.7451171875
-39456.2451171875
-38470.5283203125
-37440.392578125
-36369.8603515625
-35263.1484375
-34124.6474609375
-32958.896484375
-31770.5556640625
-30564.3720703125
-29345.1552734375
-28117.7490234375
-26886.9912109375
-25657.6943359375
-24434.6083984375
-23222.392578125
-22025.5869140625
-20848.580078125
-19695.5869140625
-18570.6181640625
-17477.4580078125
-16419.6416015625
-15400.43359375
-14422.80859375
-13489.435546875
-12602.6669921875
-11764.5224609375
-10976.6796875
-10240.4765625
-9556.89453125
-8926.5703125
-8349.791015625
-7826.498046875
-7356.298828125
-6938.4716796875
-6571.978515625
-6255.4833984375
-5987.361328125
-5765.7197265625
-5588.4208984375
-5453.09765625
-5357.1796875
-5297.9130859375
-5272.390625
-5277.5703125
-5310.3037109375
-5367.3583984375
-5445.44921875
-5541.255859375
-5651.451171875
-5772.7236328125
-5901.7998046875
-6035.466796875
-6170.5888671875
-6304.1357421875
-6433.1845703125
-6554.9501953125
-6666.79296875
-6766.228515625
-6850.9423828125
-6918.796875
-6967.841796875
-6996.3095703125
-7002.6318359375
-6985.427734375
-6943.5146484375
-6875.9033203125
-6781.7880859375
-6660.556640625
-6511.771484375
-6335.1689453125
-6130.6513671875
-5898.28125
-5638.2666015625
-5350.9580078125
-5036.833984375
-4696.4912109375
-4330.640625
-3940.0888671875
-3525.7314453125
-3088.5498046875
-2629.587890625
-2149.955078125
-1650.8125
-1133.3671875
-598.861328125
-48.56640625
516.2197265625
1094.18359375
1683.9970703125
2284.32421875
2893.826171875
3511.1611328125
4134.9912109375
4763.9775390625
5396.7958984375
6032.1240234375
6668.6513671875
7305.0771484375
7940.1123046875
8572.4794921875
9200.9169921875
9824.1748046875
10441.0185546875
11050.2294921875
11650.607421875
12240.96875
12820.1513671875
13387.0107421875
13940.4306640625
14479.31640625
15002.6025390625
15509.2529296875
15998.2646484375
16468.6689453125
16919.5380859375
17349.9833984375
17759.162109375
18146.2783203125
18510.5869140625
18851.3974609375
19168.07421875
19460.0419921875
19726.7861328125
19967.8583984375
20182.87109375
20371.5078125
20533.5185546875
20668.7216796875
20777.0068359375
20858.3291015625
20912.7158203125
20940.2578125
20941.1123046875
20915.501953125
20863.70703125
20786.068359375
20682.9814453125
20554.888671875
20402.2841796875
20225.703125
20025.716796875
19802.9306640625
19557.978515625
19291.5185546875
19004.22265625
18696.7802734375
18369.88671875
18024.2412109375
17660.537109375
17279.46484375
16881.7041015625
16467.9169921875
16038.748046875
15594.8203125
15136.73046875
14665.0458984375
14180.306640625
13683.017578125
13173.650390625
12652.64453125
12120.40234375
11577.291015625
11023.6435546875
10459.759765625
9885.904296875
9302.3115234375
8709.1865234375
8106.70703125
7495.0263671875
6874.2744140625
6244.5634765625
5605.990234375
4958.640625
4302.5859375
3637.90234375
2964.6572265625
2282.9267578125
1592.7919921875
894.3447265625
187.6953125
-527.02734375
-1249.6728515625
-1980.0595703125
-2717.9755859375
-3463.1748046875
-4215.3720703125
-4974.2353515625
-5739.3916015625
-6510.41796875
-7286.837890625
-8068.123046875
-8853.6845703125
-9642.8798828125
-10435.0029296875
-11229.2861328125
-12024.896484375
-12820.9443359375
-13616.46875
-14410.44921875
-15201.8017578125
-15989.3798828125
-16771.9765625
-17548.3271484375
-18317.111328125
-19076.953125
-19826.431640625
-20564.078125
-21288.3818359375
-21997.7998046875
-22690.755859375
-23365.650390625
-24020.8662109375
-24654.7734375
-25265.740234375
-25852.1376953125
-26412.3466796875
-26944.76953125
-27447.8330078125
-27920.0009765625
-28359.78515625
-28765.7421875
-29136.49609375
-29470.7373046875
-29767.2314453125
-30024.8330078125
-30242.484375
-30419.2294921875
-30554.2138671875
-30646.7001953125
-30696.0625
-30701.7958984375
-30663.5234375
-30580.994140625
-30454.0849609375
-30282.810546875
-30067.310546875
-29807.8623046875
-29504.8720703125
-29158.8740234375
-28770.53125
-28340.625
-27870.0615234375
-27359.85546875
-26811.12890625
-26225.109375
-25603.111328125
-24946.5458984375
-24256.896484375
-23535.71875
-22784.6328125
-22005.3125
-21199.4794921875
-20368.8916015625
-19515.337890625
-18640.6259765625
-17746.5830078125
-16835.0400390625
-15907.828125
-14966.7763671875
-14013.697265625
-13050.390625
-12078.6337890625
-11100.1845703125
-10116.7685546875
-9130.083984375
-8141.8017578125
-7153.55859375
-6166.9619140625
-5183.5888671875
-4204.986328125
-3232.6748046875
-2268.150390625
-1312.8837890625
-368.3291015625
564.078125
1482.9189453125
2386.7802734375
3274.2607421875
4143.962890625
4994.490234375
5824.4501953125
6632.44921875
7417.087890625
8176.9677734375
8910.6845703125
9616.8388671875
10294.025390625
10940.84375
11555.900390625
12137.8134765625
12685.2138671875
13196.75390625
13671.1171875
14107.0166015625
14503.2119140625
14858.51171875
15171.787109375
15441.9736328125
15668.087890625
15849.236328125
15984.6201171875
16073.548828125
16115.4482421875
16109.869140625
16056.4951171875
15955.154296875
15805.818359375
15608.6162109375
15363.8388671875
15071.9365234375
14733.52734375
14349.40234375
13920.5146484375
13447.990234375
12933.119140625
12377.353515625
11782.298828125
11149.7197265625
10481.51171875
9779.7119140625
9046.478515625
8284.078125
7494.87890625
6681.33203125
5845.9609375
4991.3447265625
4120.0986328125
3234.8681640625
2338.2998046875
1433.03515625
521.69140625
-393.16015625
-1309.0009765625
-2223.38671875
-3133.95703125
-4038.455078125
-4934.734375
-5820.771484375
-6694.6806640625
-7554.71484375
-8399.2802734375
-9226.9404296875
-10036.419921875
-10826.6025390625
-11596.5439453125
-12345.4599609375
-13072.7314453125
-13777.8994140625
-14460.662109375
-15120.861328125
-15758.4853515625
-16373.6533203125
-16966.609375
-17537.70703125
-18087.40234375
-18616.2392578125
-19124.8408203125
-19613.8896484375
-20084.1181640625
-20536.2939453125
-20971.2119140625
-21389.6669921875
-21792.462890625
-22180.3779296875
-22554.16796875
-22914.5517578125
-23262.197265625
-23597.71875
-23921.666015625
-24234.517578125
-24536.6748046875
-24828.4609375
-25110.1142578125
-25381.791015625
-25643.5595703125
-25895.4072265625
-26137.2373046875
-26368.875
-26590.0751953125
-26800.5205078125
-26999.8349609375
-27187.5869140625
-27363.298828125
-27526.4541015625
-27676.5107421875
-27812.90625
-27935.0673828125
-28042.42578125
-28134.419921875
-28210.5107421875
-28270.1884765625
-28312.9833984375
-28338.470703125
-28346.2822265625
-28336.11328125
-28307.728515625
-28260.96484375
-28195.7431640625
-28112.0634765625
-28010.015625
-27889.7724609375
-27751.603515625
-27595.859375
-27422.9833984375
-27233.5009765625
-27028.0224609375
-26807.236328125
-26571.9033203125
-26322.8544921875
-26060.9833984375
-25787.2373046875
-25502.6171875
-25208.16015625
-24904.94140625
-24594.0595703125
-24276.634765625
-23953.7958984375
-23626.67578125
-23296.40234375
-22964.091796875
-22630.845703125
-22297.7373046875
-21965.814453125
-21636.0859375
-21309.52734375
-20987.0673828125
-20669.58984375
-20357.9365234375
-20052.8935546875
-19755.2001953125
-19465.548828125
-19184.5810546875
-18912.890625
-18651.02734375
-18399.498046875
-18158.771484375
-17929.27734375
-17711.4150390625
-17505.5546875
-17312.04296875
-17131.203125
-16963.3505859375
-16808.78125
-16667.78515625
-16540.65234375
-16427.666015625
-16329.1181640625
-16245.2998046875
-16176.513671875
-16123.0654296875
-16085.2734375
-16063.4599609375
-16057.9599609375
-16069.111328125
-16097.2568359375
-16142.7421875
-16205.90625
-16287.0869140625
-16386.6064453125
-16504.771484375
-16641.8671875
-16798.1474609375
-16973.833984375
-17169.103515625
-17384.083984375
-17618.84375
-17873.392578125
-18147.6650390625
-18441.5224609375
-18754.736328125
-19086.994140625
-19437.8828125
-19806.8935546875
-20193.41015625
-20596.7109375
-21015.9609375
-21450.2197265625
-21898.4287109375
-22359.421875
-22831.9208984375
-23314.546875
-23805.80859375
-24304.125
-24807.818359375
-25315.130859375
-25824.2236328125
-26333.1943359375
-26840.08203125
-27342.8798828125
-27839.5458984375
-28328.01953125
-28806.2255859375
-29272.099609375
-29723.58984375
-30158.6796875
-30575.396484375
-30971.8271484375
-31346.1328125
-31696.5625
-32021.4619140625
-32319.29296875
-32588.63671875
-32828.2109375
-33036.8779296875
-33213.6533203125
-33357.712890625
-33468.3994140625
-33545.23046875
-33587.8994140625
-33596.279296875
-33570.421875
-33510.5634765625
-33417.1123046875
-33290.6591796875
-33131.9619140625
-32941.943359375
-32721.6845703125
-32472.4169921875
-32195.5126953125
-31892.4677734375
-31564.900390625
-31214.5302734375
-30843.169921875
-30452.7060546875
-30045.08984375
-29622.3154296875
-29186.41015625
-28739.4169921875
-28283.376953125
-27820.31640625
-27352.2265625
-26881.056640625
-26408.689453125
-25936.9365234375
-25467.5185546875
-25002.052734375
-24542.048828125
-24088.88671875
-23643.8173828125
-23207.9482421875
-22782.240234375
-22367.498046875
-21964.3681640625
-21573.333984375
-21194.71484375
-20828.6669921875
-20475.1826171875
-20134.0888671875
-19805.05859375
-19487.6083984375
-19181.107421875
-18884.7841796875
-18597.736328125
-18318.935546875
-18047.240234375
-17781.4091796875
-17520.1044921875
-17261.9169921875
-17005.365234375
-16748.919921875
-16491.01171875
-16230.0458984375
-15964.4189453125
-15692.53125
-15412.80078125
-15123.6748046875
-14823.6513671875
-14511.28515625
-14185.201171875
-13844.1142578125
-13486.8291015625
-13112.2646484375
-12719.453125
-12307.5576171875
-11875.875
-11423.84765625
-10951.0703125
-10457.294921875
-9942.4306640625
-9406.5576171875
-8849.9208984375
-8272.935546875
-7676.1875
-7060.4306640625
-6426.5859375
-5775.7412109375
-5109.142578125
-4428.1904296875
-3734.4375
-3029.576171875
-2315.4345703125
-1593.966796875
-867.240234375
-137.4287109375
593.197265625
1322.2900390625
2047.4267578125
2766.1318359375
3475.884765625
4174.134765625
4858.3154296875
5525.857421875
6174.208984375
6800.8388671875
7403.2607421875
7979.0439453125
8525.8251953125
9041.3251953125
9523.3603515625
9969.8564453125
10378.861328125
10748.552734375
11077.2548828125
11363.4443359375
11605.7626953125
11803.0224609375
11954.2138671875
12058.5166015625
12115.2998046875
12124.130859375
12084.7744140625
11997.201171875
11861.583984375
11678.2998046875
11447.927734375
11171.251953125
10849.2529296875
10483.1044921875
10074.1708984375
9624.0
9134.314453125
8607.00390625
8044.1181640625
7447.85546875
6820.5498046875
6164.6669921875
5482.783203125
4777.576171875
4051.814453125
3308.3408203125
2550.060546875
1779.923828125
1000.9130859375
216.0283203125
-571.724609375
-1359.3583984375
-2143.904296875
-2922.44140625
-3692.1005859375
-4450.083984375
-5193.6748046875
-5920.2529296875
-6627.3056640625
-7312.4443359375
-7973.4072265625
-8608.078125
-9214.4921875
-9790.845703125
-10335.5078125
-10847.0185546875
-11324.1103515625
-11765.697265625
-12170.8935546875
-12539.005859375
-12869.546875
-13162.2265625
-13416.9638671875
-13633.8740234375
-13813.279296875
-13955.6982421875
-14061.8466796875
-14132.630859375
-14169.1474609375
-14172.66796875
-14144.6435546875
-14086.6845703125
-14000.56640625
-13888.2060546875
-13751.66015625
-13593.111328125
-13414.857421875
-13219.2998046875
-13008.927734375
-12786.3125
-12554.083984375
-12314.9228515625
-12071.5478515625
-11826.6953125
-11583.11328125
-11343.537109375
-11110.68359375
-10887.2333984375
-10675.81640625
-10478.998046875
-10299.2666015625
-10139.0224609375
-10000.5595703125
-9886.0625
-9797.5869140625
-9737.0556640625
-9706.2451171875
-9706.7783203125
-9740.1181640625
-9807.556640625
-9910.2177734375
-10049.0439453125
-10224.796875
-10438.0546875
-10689.2119140625
-10978.4775390625
-11305.875
-11671.2490234375
-12074.2646484375
-12514.416015625
-12991.0244140625
-13503.2509765625
-14050.103515625
-14630.443359375
-15242.9921875
-15886.3447265625
-16558.978515625
-17259.2646484375
-17985.4755859375
-18735.8046875
-19508.3662109375
-20301.21875
-21112.37109375
-21939.79296875
-22781.4296875
-23635.2138671875
-24499.0712890625
-25370.9375
-26248.763671875
-27130.5263671875
-28014.2392578125
-28897.9560546875
-29779.779296875
-30657.8681640625
-31530.44140625
-32395.783203125
-33252.244140625
-34098.24609375
-34932.2822265625
-35752.919921875
-36558.7978515625
-37348.625
-38121.181640625
-38875.3134765625
-39609.931640625
-40324.009765625
-41016.572265625
-41686.7041015625
-42333.5302734375
-42956.224609375
-43553.9951171875
-44126.0859375
-44671.7705078125
-45190.3427734375
-45681.12109375
-46143.439453125
-46576.64453125
-46980.0927734375
-47353.15234375
-47695.1962890625
-48005.6044921875
-48283.76171875
-48529.064453125
-48740.912109375
-48918.71875
-49061.9111328125
-49169.93359375
-49242.251953125
-49278.359375
-49277.78125
-49240.0791015625
-49164.8642578125
-49051.794921875
-48900.5908203125
-48711.0341796875
-48482.984375
-48216.3779296875
-47911.240234375
-47567.689453125
-47185.9453125
-46766.33203125
-46309.287109375
-45815.3662109375
-45285.2431640625
-44719.71484375
-44119.7080078125
-43486.275390625
-42820.5966796875
-42123.982421875
-41397.865234375
-40643.8076171875
-39863.4892578125
-39058.7041015625
-38231.361328125
-37383.46875
-36517.134765625
-35634.5556640625
-34738.0048828125
-33829.8291015625
-32912.4306640625
-31988.2646484375
-31059.8212890625
-30129.615234375
-29200.1787109375
-28274.041015625
-27353.7275390625
-26441.736328125
-25540.5341796875
-24652.541015625
-23780.1240234375
-22925.5791015625
-22091.1259765625
-21278.8994140625
-20490.9375
-19729.1748046875
-18995.4345703125
-18291.4228515625
-17618.7216796875
-16978.787109375
-16372.94140625
-15802.37109375
-15268.12890625
-14771.1240234375
-14312.12890625
-13891.779296875
-13510.5693359375
-13168.8583984375
-12866.87109375
-12604.7001953125
-12382.3134765625
-12199.55078125
-12056.13671875
-11951.67578125
-11885.6669921875
-11857.5009765625
-11866.4697265625
-11911.771484375
-11992.513671875
-12107.720703125
-12256.33984375
-12437.24609375
-12649.2451171875
-12891.080078125
-13161.439453125
-13458.9580078125
-13782.22265625
-14129.7783203125
-14500.1328125
-14891.7568359375
-15303.0947265625
-15732.564453125
-16178.5634765625
-16639.470703125
-17113.6552734375
-17599.4755859375
-18095.2841796875
-18599.435546875
-19110.2880859375
-19626.20703125
-20145.5693359375
-20666.76953125
-21188.2255859375
-21708.37890625
-22225.7021484375
-22738.7041015625
-23245.9345703125
-23745.98828125
-24237.5087890625
-24719.1962890625
-25189.8115234375
-25648.1787109375
-26093.1904296875
-26523.814453125
-26939.09375
-27338.1572265625
-27720.2119140625
-28084.5576171875
-28430.58203125
-28757.767578125
-29065.6875
-29354.009765625
-29622.4990234375
-29871.0126953125
-30099.5029296875
-30308.01171875
-30496.669921875
-30665.6943359375
-30815.384765625
-30946.11328125
-31058.3271484375
-31152.5390625
-31229.3154296875
-31289.2802734375
-31333.0966796875
-31361.462890625
-31375.1064453125
-31374.7724609375
-31361.2099609375
-31335.173828125
-31297.404296875
-31248.625
-31189.529296875
-31120.7763671875
-31042.9755859375
-30956.685546875
-30862.40234375
-30760.552734375
-30651.4912109375
-30535.48828125
-30412.73046875
-30283.3154296875
-30147.2470703125
-30004.4345703125
-29854.69140625
-29697.7333984375
-29533.181640625
-29360.5634765625
-29179.3134765625
-28988.779296875
-28788.22265625
-28576.8310546875
-28353.7158203125
-28117.9267578125
-27868.4521484375
-27604.234375
-27324.171875
-27027.1337890625
-26711.96484375
-26377.4990234375
-26022.568359375
-25646.0087890625
-25246.6787109375
-24823.458984375
-24375.2724609375
-23901.0859375
-23399.923828125
-22870.875
-22313.1015625
-21725.845703125
-21108.4404296875
-20460.3134765625
-19780.9931640625
-19070.1162109375
-18327.427734375
-17552.79296875
-16746.1953125
-15907.736328125
-15037.64453125
-14136.2763671875
-13204.1083984375
-12241.7490234375
-11249.9306640625
-10229.5087890625
-9181.466796875
-8106.9052734375
-7007.046875
-5883.2314453125
-4736.91015625
-3569.6484375
-2383.1142578125
-1179.08203125
40.576171875
1273.8955078125
2518.8173828125
3773.19921875
5034.8173828125
6301.37109375
7570.490234375
8839.740234375
10106.6201171875
11368.5771484375
12623.0107421875
13867.2744140625
15098.685546875
16314.5302734375
17512.0673828125
18688.5419921875
19841.1865234375
20967.23046875
22063.91015625
23128.4736328125
24158.1904296875
25150.3642578125
26102.3349609375
27011.4931640625
27875.2919921875
28691.2548828125
29456.9833984375
30170.1748046875
30828.625
31430.2490234375
31973.0859375
32455.310546875
32875.248046875
33231.3818359375
33522.3662109375
33747.037109375
33904.41796875
33993.7373046875
34014.4306640625
33966.1513671875
33848.7763671875
33662.41796875
33407.419921875
33084.3681640625
32694.095703125
32237.67578125
31716.4287109375
31131.921875
30485.9609375
29780.58984375
29018.083984375
28200.9462890625
27331.8896484375
26413.8359375
25449.8994140625
24443.375
23397.7197265625
22316.5439453125
21203.5830078125
20062.693359375
18897.8203125
17712.9814453125
16512.2509765625
15299.728515625
14079.5244140625
12855.736328125
11632.4208984375
10413.580078125
9203.130859375
8004.890625
6822.548828125
5659.6513671875
4519.5810546875
3405.5361328125
2320.517578125
1267.306640625
248.458984375
-733.7119140625
-1677.1494140625
-2580.0556640625
-3440.9052734375
-4258.4404296875
-5031.689453125
-5759.9501953125
-6442.806640625
-7080.1103515625
-7671.9853515625
-8218.8173828125
-8721.2470703125
-9180.1591796875
-9596.6669921875
-9972.1025390625
-10308.00390625
-10606.08984375
-10868.2529296875
-11096.529296875
-11293.0947265625
-11460.23046875
-11600.3095703125
-11715.775390625
-11809.1240234375
-11882.8759765625
-11939.56640625
-11981.71484375
-12011.8154296875
-12032.3115234375
-12045.5830078125
-12053.927734375
-12059.5478515625
-12064.5302734375
-12070.8466796875
-12080.328125
-12094.6669921875
-12115.40234375
-12143.9150390625
-12181.427734375
-12228.9931640625
-12287.50390625
-12357.6796875
-12440.0830078125
-12535.111328125
-12643.0048828125
-12763.8564453125
-12897.615234375
-13044.0927734375
-13202.9765625
-13373.8369140625
-13556.140625
-13749.2578125
-13952.4775390625
-14165.0185546875
-14386.0400390625
-14614.6572265625
-14849.9482421875
-15090.9716796875
-15336.771484375
-15586.3955078125
-15838.8974609375
-16093.3544921875
-16348.8681640625
-16604.5810546875
-16859.67578125
-17113.3857421875
-17365.0
-17613.86328125
-17859.3857421875
-18101.037109375
-18338.353515625
-18570.9345703125
-18798.4453125
-19020.607421875
-19237.2021484375
-19448.0654296875
-19653.0830078125
-19852.18359375
-20045.3330078125
-20232.5322265625
-20413.8046875
-20589.1953125
-20758.7548828125
-20922.5419921875
-21080.611328125
-21233.00390625
-21379.7451171875
-21520.8349609375
-21656.2421875
-21785.8974609375
-21909.6904296875
-22027.462890625
-22139.0068359375
-22244.056640625
-22342.2890625
-22433.3232421875
-22516.71875
-22591.9697265625
-22658.515625
-22715.732421875
-22762.9443359375
-22799.416015625
-22824.3681640625
-22836.9716796875
-22836.361328125
-22821.6337890625
-22791.8623046875
-22746.095703125
-22683.37109375
-22602.720703125
-22503.1796875
-22383.791015625
-22243.619140625
-22081.759765625
-21897.33984375
-21689.537109375
-21457.5771484375
-21200.751953125
-20918.4208984375
-20610.0205078125
-20275.07421875
-19913.19140625
-19524.0830078125
-19107.5615234375
-18663.544921875
-18192.0634765625
-17693.2626953125
-17167.408203125
-16614.8818359375
-16036.189453125
-15431.9580078125
-14802.9345703125
-14149.9921875
-13474.1181640625
-12776.4189453125
-12058.1142578125
-11320.5341796875
-10565.1171875
-9793.396484375
-9007.0087890625
-8207.6748046875
-7397.197265625
-6577.4580078125
-5750.4072265625
-4918.052734375
-4082.45703125
-3245.7265625
-2410.0029296875
-1577.4541015625
-750.267578125
69.3603515625
879.2353515625
1677.16796875
2460.990234375
3228.55859375
3977.765625
4706.544921875
5412.8837890625
6094.830078125
6750.4990234375
7378.078125
7975.8388671875
8542.1416015625
9075.4423828125
9574.294921875
10037.3623046875
10463.419921875
10851.3583984375
11200.1875
11509.044921875
11777.1904296875
12004.01953125
12189.0576171875
12331.96484375
12432.5361328125
12490.7041015625
12506.5361328125
12480.2373046875
12412.1474609375
12302.7412109375
12152.6259765625
11962.5390625
11733.3447265625
11466.033203125
11161.7138671875
10821.611328125
10447.0693359375
10039.5283203125
9600.5400390625
9131.7451171875
8634.880859375
8111.7607421875
7564.279296875
6994.400390625
6404.1484375
5795.6015625
5170.8857421875
4532.1630859375
3881.6279296875
3221.4931640625
2553.984375
1881.3330078125
1205.7646484375
529.4873046875
-145.310546875
-816.47265625
-1481.8857421875
-2139.4814453125
-2787.25390625
-3423.26171875
-4045.6376953125
-4652.59765625
-5242.447265625
-5813.58984375
-6364.53125
-6893.892578125
-7400.40625
-7882.931640625
-8340.4521484375
-8772.0888671875
-9177.09375
-9554.8623046875
-9904.9326171875
-10226.984375
-10520.8486328125
-10786.5009765625
-11024.0634765625
-11233.80859375
-11416.15234375
-11571.654296875
-11701.015625
-11805.07421875
-11884.8017578125
-11941.298828125
-11975.7861328125
-11989.6005859375
-11984.1904296875
-11961.1015625
-11921.9765625
-11868.5361328125
-11802.580078125
-11725.9677734375
-11640.6142578125
-11548.474609375
-11451.5361328125
-11351.8037109375
-11251.2880859375
-11151.994140625
-11055.908203125
-10964.98828125
-10881.1455078125
-10806.236328125
-10742.048828125
-10690.291015625
-10652.5771484375
-10630.4208984375
-10625.2177734375
-10638.2392578125
-10670.625
-10723.36328125
-10797.298828125
-10893.1103515625
-11011.3125
-11152.2451171875
-11316.0751953125
-11502.7841796875
-11712.1728515625
-11943.857421875
-12197.2705078125
-12471.6552734375
-12766.0791015625
-13079.4287109375
-13410.416015625
-13757.5869140625
-14119.3251953125
-14493.859375
-14879.2783203125
-15273.5361328125
-15674.4609375
-16079.77734375
-16487.1083984375
-16893.9970703125
-17297.9169921875
-17696.2880859375
-18086.49609375
-18465.9052734375
-18831.8740234375
-19181.7744140625
-19513.0078125
-19823.0224609375
-20109.3291015625
-20369.51953125
-20601.2783203125
-20802.400390625
-20970.810546875
-21104.5703125
-21201.8955078125
-21261.166015625
-21280.939453125
-21259.9619140625
-21197.1728515625
-21091.71875
-20942.9541015625
-20750.44921875
-20513.9921875
-20233.595703125
-19909.4912109375
-19542.130859375
-19132.1884765625
-18680.552734375
-18188.3193359375
-17656.7919921875
-17087.4677734375
-16482.033203125
-15842.3486328125
-15170.443359375
-14468.4990234375
-13738.8369140625
-12983.9033203125
-12206.2607421875
-11408.5625
-10593.5458984375
-9764.0107421875
-8922.8046875
-8072.8095703125
-7216.91796875
-6358.0234375
-5499.0048828125
-4642.7021484375
-3791.912109375
-2949.365234375
-2117.7177734375
-1299.5361328125
-497.2802734375
286.69921875
1050.177734375
1791.0634765625
2507.408203125
3197.4130859375
3859.4326171875
4491.9814453125
5093.7412109375
5663.5576171875
6200.447265625
6703.5927734375
7172.3466796875
7606.2275390625
8004.91796875
8368.263671875
8696.2646484375
8989.0693359375
9246.9775390625
9470.4267578125
9659.984375
9816.34375
9940.3173828125
10032.826171875
10094.8916015625
10127.62890625
10132.236328125
10109.9873046875
10062.2265625
9990.3525390625
9895.8203125
9780.1240234375
9644.794921875
9491.3935546875
9321.4990234375
9136.708984375
8938.6279296875
8728.8623046875
8509.01953125
8280.6943359375
8045.4736328125
7804.9248046875
7560.59765625
7314.015625
7066.67578125
6820.0458984375
6575.5576171875
6334.6103515625
6098.564453125
5868.7392578125
5646.4130859375
5432.8193359375
5229.1474609375
5036.53515625
4856.0703125
4688.79296875
4535.6865234375
4397.681640625
4275.646484375
4170.396484375
4082.677734375
4013.1806640625
3962.5224609375
3931.255859375
3919.8662109375
3928.759765625
3958.2734375
4008.66796875
4080.12109375
4172.7353515625
4286.529296875
4421.4365234375
4577.3095703125
4753.9140625
4950.9287109375
5167.9482421875
5404.478515625
5659.943359375
5933.677734375
6224.9375
6532.892578125
6856.6376953125
7195.1884765625
7547.48828125
7912.412109375
8288.7666015625
8675.3017578125
9070.7099609375
9473.6337890625
9882.673828125
10296.390625
10713.314453125
11131.955078125
11550.80078125
11968.3330078125
12383.0322265625
12793.3818359375
13197.8828125
13595.0537109375
13983.4453125
14361.642578125
14728.2724609375
15082.0185546875
15421.615234375
15745.865234375
16053.6376953125
16343.8818359375
16615.6240234375
16867.9765625
17100.1435546875
17311.4208984375
17501.19921875
17668.970703125
17814.3251953125
17936.9560546875
18036.66015625
18113.33203125
18166.9716796875
18197.6787109375
18205.6484375
18191.17578125
18154.6484375
18096.5419921875
18017.41796875
17917.9208984375
17798.7685546875
17660.7568359375
17504.740234375
17331.638671875
17142.4228515625
16938.11328125
16719.76953125
16488.490234375
16245.396484375
15991.634765625
15728.3642578125
15456.751953125
15177.9638671875
14893.1630859375
14603.49609375
14310.095703125
14014.0625
13716.4716796875
13418.3564453125
13120.7099609375
12824.4755859375
12530.5400390625
12239.736328125
11952.83203125
11670.5263671875
11393.4501953125
11122.16015625
10857.1328125
10598.765625
10347.3779296875
10103.2021484375
9866.384765625
9636.990234375
9414.99609375
9200.2939453125
8992.6904296875
8791.9091796875
8597.5947265625
8409.30859375
8226.5400390625
8048.7001953125
7875.1357421875
7705.125
7537.8896484375
7372.5947265625
7208.35546875
7044.248046875
6879.306640625
6712.5419921875
6542.9384765625
6369.4697265625
6191.1005859375
6006.796875
5815.53515625
5616.30859375
5408.1396484375
5190.0810546875
4961.228515625
4720.732421875
4467.7958984375
4201.6923828125
3921.7646484375
3627.439453125
3318.2275390625
2993.732421875
2653.6513671875
2297.7900390625
1926.0556640625
1538.46484375
1135.1455078125
716.33984375
282.40234375
-166.19921875
-628.8818359375
-1104.953125
-1593.6142578125
-2093.958984375
-2604.9814453125
-3125.580078125
-3654.56640625
-4190.666015625
-4732.53125
-5278.7470703125
-5827.837890625
-6378.28125
-6928.509765625
-7476.927734375
-8021.9208984375
-8561.857421875
-9095.1123046875
-9620.064453125
-10135.1142578125
-10638.69140625
-11129.2646484375
-11605.3505859375
-12065.521484375
-12508.4150390625
-12932.7412109375
-13337.2919921875
-13720.94140625
-14082.658203125
-14421.5029296875
-14736.6416015625
-15027.337890625
-15292.9658203125
-15533.001953125
-15747.0322265625
-15934.7490234375
-16095.9501953125
-16230.5380859375
-16338.5166015625
-16419.9853515625
-16475.1416015625
-16504.267578125
-16507.7333984375
-16485.9873046875
-16439.5498046875
-16369.0078125
-16275.0107421875
-16158.2607421875
-16019.5048828125
-15859.5361328125
-15679.1767578125
-15479.2802734375
-15260.7177734375
-15024.3818359375
-14771.16796875
-14501.9814453125
-14217.728515625
-13919.3056640625
-13607.6064453125
-13283.5078125
-12947.875
-12601.556640625
-12245.3798828125
-11880.15234375
-11506.6591796875
-11125.6650390625
-10737.91015625
-10344.1142578125
-9944.9736328125
-9541.1669921875
-9133.3515625
-8722.1650390625
-8308.2314453125
-7892.1591796875
-7474.5400390625
-7055.9599609375
-6636.9912109375
-6218.1982421875
-5800.140625
-5383.369140625
-4968.435546875
-4555.884765625
-4146.259765625
-3740.1025390625
-3337.955078125
-2940.3544921875
-2547.837890625
-2160.94140625
-1780.1962890625
-1406.130859375
-1039.267578125
-680.123046875
-329.2041015625
12.9873046875
345.9677734375
669.259765625
982.4072265625
1284.966796875
1576.515625
1856.650390625
2124.9912109375
2381.1806640625
2624.884765625
2855.7998046875
3073.64453125
3278.1669921875
3469.1435546875
3646.376953125
3809.701171875
3958.974609375
4094.083984375
4214.9453125
4321.4970703125
4413.705078125
4491.5546875
4555.0556640625
4604.2392578125
4639.1533203125
4659.86328125
4666.4541015625
4659.0205078125
4637.671875
4602.5302734375
4553.7255859375
4491.40234375
4415.7099609375
4326.8076171875
4224.8642578125
4110.0556640625
3982.5693359375
3842.6005859375
3690.35546875
3526.0556640625
3349.93359375
3162.240234375
2963.244140625
2753.2333984375
2532.525390625
2301.4560546875
2060.3984375
1809.7529296875
1549.9609375
1281.498046875
1004.8876953125
720.6923828125
429.52734375
132.0576171875
-171.0009765625
-478.875
-790.73828125
-1105.701171875
-1422.8232421875
-1741.09765625
-2059.4658203125
-2376.8115234375
-2691.958984375
-3003.6826171875
-3310.7060546875
-3611.7060546875
-3905.3154296875
-4190.1279296875
-4464.70703125
-4727.5869140625
-4977.28125
-5212.2900390625
-5431.1044921875
-5632.2197265625
-5814.13671875
-5975.3740234375
-6114.4765625
-6230.0234375
-6320.6337890625
-6384.98046875
-6421.794921875
-6429.8779296875
-6408.1064453125
-6355.4404296875
-6270.935546875
-6153.7412109375
-6003.1181640625
-5818.4375
-5599.1875
-5344.9794921875
-5055.55078125
-4730.7724609375
-4370.64453125
-3975.30859375
-3545.0380859375
-3080.2451171875
-2581.48046875
-2049.4306640625
-1484.9150390625
-888.8857421875
-262.423828125
393.2666015625
1076.8623046875
1786.923828125
2521.9052734375
3280.16015625
4059.9453125
4859.4345703125
5676.716796875
6509.8193359375
7356.703125
8215.275390625
9083.40234375
9958.91796875
10839.6279296875
11723.3251953125
12607.798828125
13490.8369140625
14370.2451171875
15243.8505859375
16109.5087890625
16965.119140625
17808.6259765625
18638.029296875
19451.396484375
20246.861328125
21022.638671875
21777.025390625
22508.408203125
23215.2685546875
23896.1884765625
24549.8525390625
25175.0546875
25770.6962890625
26335.7978515625
26869.4873046875
27371.015625
27839.74609375
