# File created = Friday, February 9, 2024 at 1:02:46 PM Eastern Standard Time
# Data set = SW_Shiva  261  1  /home/shiva/WMU
# Spectral Region:
# LEFT = 100.06120300292969 ppm. RIGHT = -106.03338443170102 ppm.
#
# SIZE = 32768 ( = number of points)
#
# In the following ordering is from the 'left' to the 'right' limits!
# Lines beginning with '#' must be considered as comment lines.
#
-42027.423828125
-41796.87890625
-41563.171875
-41326.052734375
-41085.240234375
-40840.4189453125
-40591.2529296875
-40337.3916015625
-40078.4775390625
-39814.150390625
-39544.0634765625
-39267.8818359375
-38985.296875
-38696.0283203125
-38399.8359375
-38096.5244140625
-37785.9462890625
-37468.013671875
-37142.6923828125
-36810.021484375
-36470.1025390625
-36123.1083984375
-35769.28125
-35408.9384765625
-35042.470703125
-34670.3330078125
-34293.052734375
-33911.2216796875
-33525.494140625
-33136.578125
-32745.232421875
-32352.263671875
-31958.5087890625
-31564.837890625
-31172.142578125
-30781.3251953125
-30393.291015625
-30008.939453125
-29629.154296875
-29254.79296875
-28886.677734375
-28525.5888671875
-28172.2548828125
-27827.3369140625
-27491.4345703125
-27165.064453125
-26848.662109375
-26542.5732421875
-26247.0478515625
-25962.240234375
-25688.2001953125
-25424.8740234375
-25172.1064453125
-24929.6318359375
-24697.0888671875
-24474.0078125
-24259.8291015625
-24053.89453125
-23855.4638671875
-23663.716796875
-23477.759765625
-23296.6357421875
-23119.3388671875
-22944.81640625
-22771.982421875
-22599.732421875
-22426.955078125
-22252.5400390625
-22075.3916015625
-21894.4462890625
-21708.6796875
-21517.1181640625
-21318.8544921875
-21113.056640625
-20898.9794921875
-20675.97265625
-20443.49609375
-20201.1162109375
-19948.525390625
-19685.541015625
-19412.1123046875
-19128.322265625
-18834.3955078125
-18530.6904296875
-18217.7080078125
-17896.0791015625
-17566.5751953125
-17230.0888671875
-16887.640625
-16540.3642578125
-16189.501953125
-15836.3896484375
-15482.4541015625
-15129.1962890625
-14778.177734375
-14431.0126953125
-14089.3505859375
-13754.859375
-13429.2177734375
-13114.091796875
-12811.1259765625
-12521.923828125
-12248.0390625
-11990.953125
-11752.0673828125
-11532.6845703125
-11333.998046875
-11157.0791015625
-11002.8681640625
-10872.1611328125
-10765.6005859375
-10683.6669921875
-10626.6796875
-10594.77734375
-10587.92578125
-10605.912109375
-10648.3388671875
-10714.6279296875
-10804.0263671875
-10915.59765625
-11048.2353515625
-11200.66796875
-11371.4609375
-11559.0283203125
-11761.6396484375
-11977.431640625
-12204.419921875
-12440.5087890625
-12683.5048828125
-12931.1298828125
-13181.037109375
-13430.82421875
-13678.044921875
-13920.2314453125
-14154.9013671875
-14379.580078125
-14591.8076171875
-14789.162109375
-14969.271484375
-15129.8232421875
-15268.5859375
-15383.4130859375
-15472.26953125
-15533.2265625
-15564.48828125
-15564.3896484375
-15531.41796875
-15464.2119140625
-15361.572265625
-15222.47265625
-15046.060546875
-14831.6630859375
-14578.7939453125
-14287.15234375
-13956.62890625
-13587.30078125
-13179.4384765625
-12733.501953125
-12250.1337890625
-11730.1650390625
-11174.6103515625
-10584.654296875
-9961.654296875
-9307.1318359375
-8622.7685546875
-7910.3916015625
-7171.9716796875
-6409.6123046875
-5625.5390625
-4822.087890625
-4001.6982421875
-3166.8994140625
-2320.298828125
-1464.5712890625
-602.443359375
263.3125
1129.900390625
1994.50390625
2854.310546875
3706.5126953125
4548.3310546875
5377.0224609375
6189.8955078125
6984.3212890625
7757.7470703125
8507.7099609375
9231.8466796875
9927.9072265625
10593.7666015625
11227.4296875
11827.046875
12390.9228515625
12917.5234375
13405.4833984375
13853.609375
14260.8955078125
14626.5166015625
14949.841796875
15230.4287109375
15468.0341796875
15662.6064453125
15814.2880859375
15923.4150390625
15990.5126953125
16016.291015625
16001.640625
15947.625
15855.4765625
15726.583984375
15562.4814453125
15364.845703125
15135.4775390625
14876.29296875
14589.30859375
14276.6298828125
13940.4345703125
13582.962890625
13206.494140625
12813.3408203125
12405.8271484375
11986.275390625
11556.9921875
11120.248046875
10678.26953125
10233.2177734375
9787.1796875
9342.15234375
8900.0263671875
8462.5859375
8031.48046875
7608.2294921875
7194.203125
6790.62109375
6398.5390625
6018.8515625
5652.2783203125
5299.365234375
4960.484375
4635.830078125
4325.4169921875
4029.0888671875
3746.5166015625
3477.2001953125
3220.4814453125
2975.544921875
2741.42578125
2517.01953125
2301.091796875
2092.2841796875
1889.13671875
1690.083984375
1493.4794921875
1297.6044921875
1100.6796875
900.8828125
696.3564453125
485.2314453125
265.630859375
35.69140625
-206.4287109375
-462.52734375
-734.3525390625
-1023.587890625
-1331.8369140625
-1660.6142578125
-2011.3271484375
-2385.2783203125
-2783.63671875
-3207.4443359375
-3657.59765625
-4134.841796875
-4639.7646484375
-5172.791015625
-5734.1728515625
-6323.990234375
-6942.140625
-7588.345703125
-8262.138671875
-8962.8740234375
-9689.71875
-10441.66015625
-11217.50390625
-12015.880859375
-12835.2470703125
-13673.8896484375
-14529.9365234375
-15401.3583984375
-16285.978515625
-17181.484375
-18085.4267578125
-18995.2431640625
-19908.2607421875
-20821.708984375
-21732.7314453125
-22638.40234375
-23535.7333984375
-24421.6943359375
-25293.2216796875
-26147.23828125
-26980.662109375
-27790.4287109375
-28573.5009765625
-29326.8828125
-30047.64453125
-30732.923828125
-31379.9541015625
-31986.0693359375
-32548.7236328125
-33065.5048828125
-33534.14453125
-33952.533203125
-34318.736328125
-34630.9970703125
-34887.75390625
-35087.64453125
-35229.521484375
-35312.447265625
-35335.71875
-35298.853515625
-35201.60546875
-35043.9619140625
-34826.1484375
-34548.6259765625
-34212.08984375
-33817.4658203125
-33365.9111328125
-32858.7998046875
-32297.7236328125
-31684.4814453125
-31021.0712890625
-30309.671875
-29552.646484375
-28752.51171875
-27911.943359375
-27033.7451171875
-26120.84375
-25176.271484375
-24203.146484375
-23204.66015625
-22184.0576171875
-21144.6240234375
-20089.6630859375
-19022.484375
-17946.384765625
-16864.630859375
-15780.4453125
-14696.9912109375
-13617.357421875
-12544.54296875
-11481.4443359375
-10430.84375
-9395.408203125
-8377.6572265625
-7379.97265625
-6404.587890625
-5453.5732421875
-4528.8427734375
-3632.1416015625
-2765.0439453125
-1928.9541015625
-1125.1064453125
-354.5654296875
381.771484375
1083.177734375
1749.0830078125
2379.0712890625
2972.8857421875
3530.40234375
4051.6435546875
4536.755859375
4986.0087890625
5399.7861328125
5778.5712890625
6122.9462890625
6433.578125
6711.2099609375
6956.6533203125
7170.779296875
7354.5087890625
7508.8046875
7634.6650390625
7733.115234375
7805.203125
7851.9814453125
7874.5224609375
7873.8935546875
7851.1630859375
7807.3876953125
7743.62109375
7660.8974609375
7560.2392578125
7442.6494140625
7309.107421875
7160.576171875
6997.9951171875
6822.279296875
6634.3212890625
6434.9912109375
6225.134765625
6005.5693359375
5777.09765625
5540.4912109375
5296.5009765625
5045.853515625
4789.25
4527.3671875
4260.8564453125
3990.341796875
3716.419921875
3439.6572265625
3160.5869140625
2879.7119140625
2597.5
2314.376953125
2030.728515625
1746.8984375
1463.1806640625
1179.8251953125
897.01953125
614.9033203125
333.5537109375
52.986328125
-226.84765625
-506.0615234375
-784.8408203125
-1063.43359375
-1342.1689453125
-1621.4404296875
-1901.7138671875
-2183.5263671875
-2467.4833984375
-2754.2587890625
-3044.58984375
-3339.2744140625
-3639.1669921875
-3945.1767578125
-4258.25390625
-4579.388671875
-4909.607421875
-5249.9580078125
-5601.505859375
-5965.3232421875
-6342.482421875
-6734.041015625
-7141.0380859375
-7564.48046875
-8005.3330078125
-8464.505859375
-8942.8486328125
-9441.140625
-9960.0712890625
-10500.2421875
-11062.1533203125
-11646.19140625
-12252.626953125
-12881.603515625
-13533.134765625
-14207.091796875
-14903.2080078125
-15621.0693359375
-16360.111328125
-17119.6220703125
-17898.732421875
-18696.4326171875
-19511.5576171875
-20342.802734375
-21188.7138671875
-22047.7138671875
-22918.0830078125
-23797.990234375
-24685.4853515625
-25578.515625
-26474.935546875
-27372.513671875
-28268.94921875
-29161.880859375
-30048.90234375
-30927.5703125
-31795.427734375
-32650.001953125
-33488.833984375
-34309.48046875
-35109.5380859375
-35886.642578125
-36638.494140625
-37362.865234375
-38057.611328125
-38720.6826171875
-39350.13671875
-39944.14453125
-40501.0048828125
-41019.1455078125
-41497.1357421875
-41933.693359375
-42327.6845703125
-42678.1318359375
-42984.21875
-43245.287109375
-43460.8447265625
-43630.5595703125
-43754.2626953125
-43831.947265625
-43863.7626953125
-43850.013671875
-43791.1572265625
-43687.791015625
-43540.6630859375
-43350.646484375
-43118.74609375
-42846.0849609375
-42533.90234375
-42183.541015625
-41796.4375
-41374.123046875
-40918.203125
-40430.35546875
-39912.322265625
-39365.8984375
-38792.923828125
-38195.27734375
-37574.8623046875
-36933.6064453125
-36273.4501953125
-35596.337890625
-34904.2138671875
-34199.013671875
-33482.658203125
-32757.0478515625
-32024.05859375
-31285.5341796875
-30543.2802734375
-29799.068359375
-29054.6220703125
-28311.6162109375
-27571.677734375
-26836.3818359375
-26107.248046875
-25385.7373046875
-24673.2548828125
-23971.14453125
-23280.69140625
-22603.1201171875
-21939.5947265625
-21291.2197265625
-20659.0380859375
-20044.0341796875
-19447.134765625
-18869.2119140625
-18311.0751953125
-17773.4833984375
-17257.14453125
-16762.712890625
-16290.794921875
-15841.9453125
-15416.6796875
-15015.46484375
-14638.7265625
-14286.8525390625
-13960.1875
-13659.0458984375
-13383.703125
-13134.4013671875
-12911.353515625
-12714.73828125
-12544.708984375
-12401.3857421875
-12284.8642578125
-12195.2060546875
-12132.4560546875
-12096.619140625
-12087.6806640625
-12105.595703125
-12150.2880859375
-12221.6513671875
-12319.5498046875
-12443.80859375
-12594.2216796875
-12770.5458984375
-12972.4951171875
-13199.7421875
-13451.9140625
-13728.5869140625
-14029.294921875
-14353.509765625
-14700.6484375
-15070.068359375
-15461.0625
-15872.861328125
-16304.625
-16755.4423828125
-17224.330078125
-17710.23046875
-18212.009765625
-18728.455078125
-19258.2783203125
-19800.109375
-20352.50390625
-20913.939453125
-21482.8193359375
-22057.4736328125
-22636.1591796875
-23217.072265625
-23798.34375
-24378.046875
-24954.2041015625
-25524.791015625
-26087.75
-26640.98828125
-27182.3916015625
-27709.8291015625
-28221.169921875
-28714.287109375
-29187.0693359375
-29637.42578125
-30063.3115234375
-30462.72265625
-30833.712890625
-31174.41015625
-31483.0205078125
-31757.8388671875
-31997.267578125
-32199.8154296875
-32364.1171875
-32488.9375
-32573.18359375
-32615.908203125
-32616.3251953125
-32573.8017578125
-32487.8857421875
-32358.2900390625
-32184.908203125
-31967.814453125
-31707.265625
-31403.6982421875
-31057.736328125
-30670.1865234375
-30242.029296875
-29774.4248046875
-29268.705078125
-28726.3642578125
-28149.05859375
-27538.5947265625
-26896.9228515625
-26226.126953125
-25528.41015625
-24806.0947265625
-24061.59765625
-23297.427734375
-22516.1708984375
-21720.4736328125
-20913.03125
-20096.5791015625
-19273.869140625
-18447.666015625
-17620.7265625
-16795.7900390625
-15975.55859375
-15162.697265625
-14359.798828125
-13569.400390625
-12793.943359375
-12035.7802734375
-11297.158203125
-10580.2099609375
-9886.943359375
-9219.232421875
-8578.8134765625
-7967.2763671875
-7386.0556640625
-6836.4306640625
-6319.521484375
-5836.279296875
-5387.4951171875
-4973.791015625
-4595.619140625
-4253.2705078125
-3946.8701171875
-3676.380859375
-3441.607421875
-3242.2021484375
-3077.6689453125
-2947.369140625
-2850.525390625
-2786.240234375
-2753.4853515625
-2751.12890625
-2777.9287109375
-2832.5546875
-2913.5888671875
-3019.5419921875
-3148.857421875
-3299.9287109375
-3471.10546875
-3660.703125
-3867.0185546875
-4088.333984375
-4322.9345703125
-4569.111328125
-4825.17578125
-5089.466796875
-5360.361328125
-5636.2822265625
-5915.7080078125
-6197.173828125
-6479.2890625
-6760.732421875
-7040.2666015625
-7316.7373046875
-7589.0810546875
-7856.3232421875
-8117.587890625
-8372.09375
-8619.158203125
-8858.1943359375
-9088.716796875
-9310.330078125
-9522.7373046875
-9725.7314453125
-9919.1923828125
-10103.0849609375
-10277.4501953125
-10442.4052734375
-10598.1357421875
-10744.8896484375
-10882.96484375
-11012.7177734375
-11134.541015625
-11248.8671875
-11356.1484375
-11456.8681640625
-11551.521484375
-11640.6083984375
-11724.6337890625
-11804.095703125
-11879.4833984375
-11951.26953125
-12019.908203125
-12085.822265625
-12149.416015625
-12211.0537109375
-12271.0712890625
-12329.7607421875
-12387.3857421875
-12444.169921875
-12500.2958984375
-12555.9140625
-12611.1396484375
-12666.05078125
-12720.7001953125
-12775.1123046875
-12829.287109375
-12883.2080078125
-12936.8388671875
-12990.138671875
-13043.060546875
-13095.5537109375
-13147.576171875
-13199.0947265625
-13250.0908203125
-13300.5673828125
-13350.548828125
-13400.0927734375
-13449.2841796875
-13498.248046875
-13547.1435546875
-13596.173828125
-13645.5849609375
-13695.6630859375
-13746.7412109375
-13799.193359375
-13853.4365234375
-13909.9287109375
-13969.16015625
-14031.662109375
-14097.9921875
-14168.732421875
-14244.490234375
-14325.880859375
-14413.529296875
-14508.0654296875
-14610.1103515625
-14720.2734375
-14839.1416015625
-14967.2763671875
-15105.1982421875
-15253.3916015625
-15412.2822265625
-15582.2421875
-15763.5791015625
-15956.5244140625
-16161.2333984375
-16377.779296875
-16606.146484375
-16846.228515625
-17097.8173828125
-17360.61328125
-17634.21484375
-17918.1123046875
-18211.7041015625
-18514.283203125
-18825.0419921875
-19143.08203125
-19467.40234375
-19796.921875
-20130.4736328125
-20466.810546875
-20804.6181640625
-21142.5126953125
-21479.060546875
-21812.775390625
-22142.1376953125
-22465.5927734375
-22781.5732421875
-23088.501953125
-23384.794921875
-23668.8876953125
-23939.2373046875
-24194.328125
-24432.6875
-24652.8994140625
-24853.6064453125
-25033.5234375
-25191.4443359375
-25326.25390625
-25436.931640625
-25522.5654296875
-25582.3466796875
-25615.591796875
-25621.736328125
-25600.34375
-25551.1083984375
-25473.8623046875
-25368.572265625
-25235.34765625
-25074.4345703125
-24886.224609375
-24671.24609375
-24430.16796875
-24163.796875
-23873.078125
-23559.08203125
-23223.0126953125
-22866.197265625
-22490.076171875
-22096.2109375
-21686.263671875
-21262.0009765625
-20825.2783203125
-20378.0419921875
-19922.310546875
-19460.173828125
-18993.78515625
-18525.345703125
-18057.0986328125
-17591.3232421875
-17130.318359375
-16676.3974609375
-16231.8779296875
-15799.068359375
-15380.2587890625
-14977.712890625
-14593.6552734375
-14230.2626953125
-13889.65234375
-13573.87109375
-13284.8876953125
-13024.5791015625
-12794.7275390625
-12597.0009765625
-12432.955078125
-12304.0166015625
-12211.4755859375
-12156.48046875
-12140.029296875
-12162.9609375
-12225.951171875
-12329.5048828125
-12473.951171875
-12659.443359375
-12885.9423828125
-13153.23046875
-13460.8974609375
-13808.34375
-14194.779296875
-14619.224609375
-15080.5107421875
-15577.2822265625
-16108.001953125
-16670.9541015625
-17264.248046875
-17885.8310546875
-18533.4853515625
-19204.84765625
-19897.41015625
-20608.533203125
-21335.4560546875
-22075.31640625
-22825.14453125
-23581.90234375
-24342.4716796875
-25103.6865234375
-25862.341796875
-26615.208984375
-27359.0556640625
-28090.6572265625
-28806.8154296875
-29504.3740234375
-30180.240234375
-30831.39453125
-31454.91015625
-32047.966796875
-32607.873046875
-33132.068359375
-33618.1513671875
-34063.8837890625
-34467.2080078125
-34826.25390625
-35139.357421875
-35405.0625
-35622.1337890625
-35789.5595703125
-35906.5625
-35972.6064453125
-35987.3857421875
-35950.8447265625
-35863.166015625
-35724.771484375
-35536.3232421875
-35298.712890625
-35013.0625
-34680.712890625
-34303.2158203125
-33882.3251953125
-33419.984375
-32918.3134765625
-32379.59765625
-31806.271484375
-31200.9013671875
-30566.169921875
-29904.861328125
-29219.83984375
-28514.033203125
-27790.4130859375
-27051.9765625
-26301.7275390625
-25542.65625
-24777.7216796875
-24009.8310546875
-23241.8291015625
-22476.4658203125
-21716.396484375
-20964.154296875
-20222.140625
-19492.611328125
-18777.658203125
-18079.208984375
-17399.005859375
-16738.6064453125
-16099.369140625
-15482.451171875
-14888.80859375
-14319.189453125
-13774.1337890625
-13253.978515625
-12758.853515625
-12288.6943359375
-11843.2451171875
-11422.064453125
-11024.5341796875
-10649.875
-10297.150390625
-9965.2900390625
-9653.0927734375
-9359.248046875
-9082.3486328125
-8820.9111328125
-8573.3896484375
-8338.1904296875
-8113.6962890625
-7898.279296875
-7690.318359375
-7488.2197265625
-7290.427734375
-7095.4482421875
-6901.8623046875
-6708.3330078125
-6513.6328125
-6316.64453125
-6116.3798828125
-5911.9873046875
-5702.76171875
-5488.1474609375
-5267.7529296875
-5041.3447265625
-4808.861328125
-4570.40234375
-4326.2373046875
-4076.7998046875
-3822.6806640625
-3564.6298828125
-3303.54296875
-3040.45703125
-2776.533203125
-2513.0576171875
-2251.419921875
-1993.1015625
-1739.6640625
-1492.7265625
-1253.962890625
-1025.0703125
-807.76171875
-603.7431640625
-414.701171875
-242.2822265625
-88.0751953125
46.408203125
159.7431640625
250.6142578125
317.828125
360.328125
377.20703125
367.7236328125
331.306640625
267.572265625
176.3271484375
57.5771484375
-88.4658203125
-261.3818359375
-460.541015625
-685.1005859375
-934.0087890625
-1206.0078125
-1499.6357421875
-1813.2353515625
-2144.9580078125
-2492.7822265625
-2854.51171875
-3227.80078125
-3610.158203125
-3998.96875
-4391.5068359375
-4784.951171875
-5176.412109375
-5562.94140625
-5941.5546875
-6309.2578125
-6663.056640625
-6999.990234375
-7317.1435546875
-7611.6728515625
-7880.82421875
-8121.95703125
-8332.5625
-8510.2822265625
-8652.9296875
-8758.5048828125
-8825.21484375
-8851.484375
-8835.974609375
-8777.591796875
-8675.5048828125
-8529.1435546875
-8338.2177734375
-8102.716796875
-7822.9140625
-7499.37109375
-7132.935546875
-6724.740234375
-6276.197265625
-5788.9951171875
-5265.087890625
-4706.685546875
-4116.244140625
-3496.4482421875
-2850.19921875
-2180.59765625
-1490.919921875
-784.6064453125
-65.232421875
663.5107421875
1397.837890625
2133.8974609375
2867.79296875
3595.615234375
4313.45703125
5017.447265625
5703.7724609375
6368.703125
7008.62109375
7620.037109375
8199.619140625
8744.2119140625
9250.8603515625
9716.822265625
10139.59375
10516.92578125
10846.8251953125
11127.583984375
11357.779296875
11536.2841796875
11662.27734375
11735.23828125
11754.955078125
11721.5263671875
11635.3525390625
11497.1328125
11307.8603515625
11068.80859375
10781.5302734375
10447.828125
10069.7607421875
9649.6064453125
9189.86328125
8693.2197265625
8162.53515625
7600.828125
7011.2451171875
6397.0439453125
5761.5712890625
5108.2412109375
4440.5087890625
3761.8564453125
3075.7626953125
2385.689453125
1695.056640625
1007.2275390625
325.490234375
-346.966796875
-1007.05859375
-1651.8251953125
-2278.443359375
-2884.23828125
-3466.6884765625
-4023.439453125
-4552.30859375
-5051.2890625
-5518.5517578125
-5952.4541015625
-6351.5283203125
-6714.494140625
-7040.2451171875
-7327.853515625
-7576.55859375
-7785.767578125
-7955.044921875
-8084.1083984375
-8172.8193359375
-8221.1728515625
-8229.296875
-8197.43359375
-8125.9384765625
-8015.267578125
-7865.970703125
-7678.6865234375
-7454.1240234375
-7193.0712890625
-6896.37109375
-6564.9326171875
-6199.7109375
-5801.7080078125
-5371.974609375
-4911.59375
-4421.689453125
-3903.419921875
-3357.974609375
-2786.576171875
-2190.4814453125
-1570.9755859375
-929.3798828125
-267.048828125
414.6279296875
1114.2275390625
1830.2822265625
2561.2880859375
3305.6982421875
4061.927734375
4828.33984375
5603.259765625
6384.9658203125
7171.6904296875
7961.6220703125
8752.9072265625
9543.6513671875
10331.91796875
11115.7412109375
11893.1171875
12662.0224609375
13420.404296875
14166.201171875
14897.3369140625
15611.7373046875
16307.3330078125
16982.0693359375
17633.91015625
18260.859375
18860.9521484375
19432.2802734375
19972.9912109375
20481.3046875
20955.5166015625
21394.009765625
21795.2646484375
22157.8642578125
22480.5029296875
22762.0
23001.296875
23197.46875
23349.7255859375
23457.42578125
23520.068359375
23537.3017578125
23508.92578125
23434.8896484375
23315.296875
23150.396484375
22940.5869140625
22686.41015625
22388.55078125
22047.8271484375
21665.19140625
21241.7138671875
20778.5888671875
20277.115234375
19738.693359375
19164.818359375
18557.0654296875
17917.0849609375
17246.5947265625
16547.357421875
15821.189453125
15069.9365234375
14295.4716796875
13499.6767578125
12684.4462890625
11851.6640625
11003.205078125
10140.919921875
9266.6337890625
8382.1328125
7489.16015625
6589.4091796875
5684.51953125
4776.0712890625
3865.5791015625
2954.494140625
2044.1904296875
1135.98046875
231.095703125
-669.302734375
-1564.126953125
-2452.36328125
-3333.06640625
-4205.36328125
-5068.4462890625
-5921.5712890625
-6764.0556640625
-7595.271484375
-8414.6435546875
-9221.6455078125
-10015.791015625
-10796.6328125
-11563.759765625
-12316.7841796875
-13055.3408203125
-13779.0810546875
-14487.6708984375
-15180.7841796875
-15858.0908203125
-16519.2626953125
-17163.9677734375
-17791.8564453125
-18402.5673828125
-18995.7275390625
-19570.9375
-20127.7734375
-20665.7939453125
-21184.5302734375
-21683.4833984375
-22162.1328125
-22619.927734375
-23056.294921875
-23470.63671875
-23862.333984375
-24230.7451171875
-24575.21484375
-24895.0771484375
-25189.6513671875
-25458.25390625
-25700.2041015625
-25914.826171875
-26101.4521484375
-26259.431640625
-26388.13671875
-26486.9677734375
-26555.3603515625
-26592.7900390625
-26598.7802734375
-26572.9091796875
-26514.8134765625
-26424.1953125
-26300.8291015625
-26144.5703125
-25955.349609375
-25733.1923828125
-25478.21484375
-25190.6298828125
-24870.7470703125
-24518.9833984375
-24135.8642578125
-23722.017578125
-23278.1845703125
-22805.220703125
-22304.083984375
-21775.849609375
-21221.705078125
-20642.939453125
-20040.9521484375
-19417.24609375
-18773.4228515625
-18111.181640625
-17432.3134765625
-16738.6943359375
-16032.28515625
-15315.119140625
-14589.296875
-13856.986328125
-13120.4091796875
-12381.8271484375
-11643.5517578125
-10907.9189453125
-10177.294921875
-9454.052734375
-8740.580078125
-8039.255859375
-7352.4521484375
-6682.521484375
-6031.78515625
-5402.53125
-4796.9970703125
-4217.369140625
-3665.7705078125
-3144.25390625
-2654.7890625
-2199.2626953125
-1779.462890625
-1397.076171875
-1053.6767578125
-750.72265625
-489.5498046875
-271.3583984375
-97.212890625
31.966796875
115.4052734375
152.486328125
142.7529296875
85.9072265625
-18.1767578125
-169.455078125
-367.7109375
-612.55078125
-903.4013671875
-1239.5126953125
-1619.953125
-2043.611328125
-2509.1962890625
-3015.2412109375
-3560.1015625
-4141.9658203125
-4758.84765625
-5408.6015625
-6088.9208984375
-6797.3544921875
-7531.2998046875
-8288.021484375
-9064.6591796875
-9858.2314453125
-10665.654296875
-11483.7470703125
-12309.2470703125
-13138.822265625
-13969.0830078125
-14796.5986328125
-15617.9150390625
-16429.55859375
-17228.064453125
-18009.982421875
-18771.9013671875
-19510.4609375
-20222.359375
-20904.3896484375
-21553.4326171875
-22166.486328125
-22740.6787109375
-23273.2744140625
-23761.6943359375
-24203.5322265625
-24596.5546875
-24938.7197265625
-25228.1875
-25463.3251953125
-25642.7119140625
-25765.150390625
-25829.6708984375
-25835.5283203125
-25782.20703125
-25669.4267578125
-25497.1318359375
-25265.49609375
-24974.9150390625
-24626.001953125
-24219.5791015625
-23756.6748046875
-23238.5107421875
-22666.48828125
-22042.1875
-21367.341796875
-20643.83984375
-19873.701171875
-19059.0634765625
-18202.1748046875
-17305.3720703125
-16371.0703125
-15401.7431640625
-14399.916015625
-13368.146484375
-12309.0078125
-11225.0791015625
-10118.9345703125
-8993.126953125
-7850.1767578125
-6692.56640625
-5522.724609375
-4343.015625
-3155.744140625
-1963.138671875
-767.3427734375
429.57421875
1625.6357421875
2818.9501953125
4007.716796875
5190.2236328125
6364.845703125
7530.041015625
8684.3564453125
9826.41015625
10954.900390625
12068.591796875
13166.3115234375
14246.943359375
15309.427734375
16352.740234375
17375.90234375
18377.9599609375
19357.98828125
20315.0771484375
21248.3251953125
22156.8408203125
23039.7314453125
23896.09765625
24725.0322265625
25525.6142578125
26296.904296875
27037.947265625
27747.767578125
28425.365234375
29069.7216796875
29679.794921875
30254.5283203125
30792.83984375
31293.6416015625
31755.8291015625
32178.291015625
32559.9189453125
32899.6025390625
33196.2451171875
33448.76171875
33656.09375
33817.2099609375
33931.1171875
33996.8681640625
34013.5654296875
33980.3740234375
33896.5263671875
33761.3310546875
33574.1806640625
33334.556640625
33042.0439453125
32696.3251953125
32297.2001953125
31844.5849609375
31338.51953125
30779.171875
30166.8408203125
29501.96875
28785.1328125
28017.056640625
27198.607421875
26330.80078125
25414.80078125
24451.916015625
23443.6044921875
22391.466796875
21297.248046875
20162.83203125
18990.2392578125
17781.6220703125
16539.25390625
15265.533203125
13962.9677734375
12634.1728515625
11281.8583984375
9908.8251953125
8517.94921875
7112.1787109375
5694.5146484375
4268.0126953125
2835.7568359375
1400.857421875
-33.564453125
-1464.38671875
-2888.5048828125
-4302.83984375
-5704.3515625
-7090.0556640625
-8457.0263671875
-9802.4248046875
-11123.4951171875
-12417.591796875
-13682.1748046875
-14914.8388671875
-16113.30859375
-17275.4580078125
-18399.3134765625
-19483.068359375
-20525.0859375
-21523.908203125
-22478.2607421875
-23387.056640625
-24249.404296875
-25064.6025390625
-25832.1484375
-26551.7333984375
-27223.2431640625
-27846.7587890625
-28422.5478515625
-28951.05859375
-29432.9267578125
-29868.951171875
-30260.09765625
-30607.48828125
-30912.388671875
-31176.197265625
-31400.4365234375
-31586.7392578125
-31736.8388671875
-31852.546875
-31935.75390625
-31988.400390625
-32012.474609375
-32009.9921875
-31982.9833984375
-31933.4794921875
-31863.5
-31775.041015625
-31670.05859375
-31550.4560546875
-31418.076171875
-31274.6923828125
-31121.994140625
-30961.578125
-30794.94140625
-30623.4794921875
-30448.470703125
-30271.080078125
-30092.3466796875
-29913.189453125
-29734.3994140625
-29556.642578125
-29380.455078125
-29206.25
-29034.3173828125
-28864.822265625
-28697.81640625
-28533.234375
-28370.9033203125
-28210.5498046875
-28051.7998046875
-27894.1865234375
-27737.1591796875
-27580.0908203125
-27422.2783203125
-27262.9580078125
-27101.3017578125
-26936.43359375
-26767.4326171875
-26593.3330078125
-26413.142578125
-26225.8330078125
-26030.359375
-25825.6572265625
-25610.646484375
-25384.240234375
-25145.345703125
-24892.8662109375
-24625.7060546875
-24342.7763671875
-24042.9912109375
-23725.275390625
-23388.5625
-23031.798828125
-22653.9453125
-22253.98046875
-21830.9013671875
-21383.724609375
-20911.490234375
-20413.2626953125
-19888.13671875
-19335.236328125
-18753.720703125
-18142.7880859375
-17501.681640625
-16829.69140625
-16126.1552734375
-15390.4794921875
-14622.1259765625
-13820.63671875
-12985.6279296875
-12116.80078125
-11213.951171875
-10276.9814453125
-9305.8955078125
-8300.8232421875
-7262.017578125
-6189.8671875
-5084.90234375
-3947.810546875
-2779.427734375
-1580.7646484375
-353.0
902.5087890625
2184.21875
3490.4033203125
4819.140625
6168.3193359375
7535.6318359375
8918.5751953125
10314.458984375
11720.3984375
13133.326171875
14549.990234375
15966.97265625
17380.6865234375
18787.3916015625
20183.20703125
21564.1201171875
22926.001953125
24264.626953125
25575.6806640625
26854.7900390625
28097.533203125
29299.45703125
30456.111328125
31563.0556640625
32615.8876953125
33610.267578125
34541.9404296875
35406.7490234375
36200.671875
36919.8330078125
37560.5341796875
38119.2685546875
38592.744140625
38977.9033203125
39271.947265625
39472.33984375
39576.8427734375
39583.5166015625
39490.7373046875
39297.2138671875
39001.990234375
38604.4580078125
38104.3681640625
37501.822265625
36797.28515625
35991.5888671875
35085.9169921875
34081.818359375
32981.18359375
31786.255859375
30499.6083984375
29124.1396484375
27663.0576171875
26119.87109375
24498.36328125
22802.5830078125
21036.826171875
19205.607421875
17313.6474609375
15365.84765625
13367.26953125
11323.10546875
9238.6650390625
7119.3369140625
4970.5791015625
2797.8857421875
606.7666015625
-1597.2802734375
-3808.7880859375
-6022.345703125
-8232.62109375
-10434.3779296875
-12622.4990234375
-14792.0068359375
-16938.08203125
-19056.072265625
-21141.515625
-23190.1533203125
-25197.939453125
-27161.0537109375
-29075.9111328125
-30939.1689453125
-32747.7333984375
-34498.7646484375
-36189.6845703125
-37818.16796875
-39382.1533203125
-40879.837890625
-42309.6767578125
-43670.37890625
-44960.900390625
-46180.44140625
-47328.439453125
-48404.560546875
-49408.6923828125
-50340.935546875
-51201.58984375
-51991.1513671875
-52710.29296875
-53359.861328125
-53940.8642578125
-54454.455078125
-54901.9287109375
-55284.7041015625
-55604.318359375
-55862.4150390625
-56060.73046875
-56201.08984375
-56285.392578125
-56315.6103515625
-56293.767578125
-56221.9462890625
-56102.2724609375
-55936.90625
-55728.0478515625
-55477.9169921875
-55188.7587890625
-54862.8369140625
-54502.427734375
-54109.8193359375
-53687.30859375
-53237.19921875
-52761.7958984375
-52263.408203125
-51744.3427734375
-51206.9091796875
-50653.4130859375
-50086.158203125
-49507.443359375
-48919.5576171875
-48324.7880859375
-47725.41015625
-47123.6865234375
-46521.873046875
-45922.2001953125
-45326.8876953125
-44738.126953125
-44158.087890625
-43588.9091796875
-43032.69140625
-42491.4990234375
-41967.3447265625
-41462.1982421875
-40977.9619140625
-40516.478515625
-40079.5146484375
-39668.76171875
-39285.8203125
-38932.1962890625
-38609.2939453125
-38318.4033203125
-38060.69921875
-37837.2275390625
-37648.8994140625
-37496.4833984375
-37380.60546875
-37301.7275390625
-37260.1552734375
-37256.029296875
-37289.3154296875
-37359.8056640625
-37467.11328125
-37610.6708984375
-37789.7314453125
-38003.361328125
-38250.44921875
-38529.701171875
-38839.6474609375
-39178.6416015625
-39544.873046875
-39936.3662109375
-40350.990234375
-40786.466796875
-41240.3798828125
-41710.181640625
-42193.212890625
-42686.705078125
-43187.796875
-43693.546875
-44200.9521484375
-44706.955078125
-45208.462890625
-45702.3623046875
-46185.5400390625
-46654.8857421875
-47107.3251953125
-47539.8212890625
-47949.400390625
-48333.1591796875
-48688.2939453125
-49012.0966796875
-49301.986328125
-49555.5146484375
-49770.3798828125
-49944.44140625
-50075.732421875
-50162.4697265625
-50203.060546875
-50196.1181640625
-50140.46484375
-50035.1435546875
-49879.419921875
-49672.7890625
-49414.978515625
-49105.9521484375
-48745.9130859375
-48335.3017578125
-47874.794921875
-47365.3056640625
-46807.9814453125
-46204.19921875
-45555.556640625
-44863.8759765625
-44131.1845703125
-43359.7197265625
-42551.912109375
-41710.376953125
-40837.9033203125
-39937.453125
-39012.1298828125
-38065.185546875
-37099.9951171875
-36120.046875
-35128.931640625
-34130.3193359375
-33127.953125
-32125.6279296875
-31127.1748046875
-30136.44921875
-29157.30859375
-28193.5986328125
-27249.13671875
-26327.6943359375
-25432.9794921875
-24568.6181640625
-23738.1435546875
-22944.970703125
-22192.3857421875
-21483.5263671875
-20821.373046875
-20208.7177734375
-19648.1669921875
-19142.111328125
-18692.7265625
-18301.9462890625
-17971.4580078125
-17702.6865234375
-17496.7890625
-17354.6396484375
-17276.82421875
-17263.6279296875
-17315.0390625
-17430.7314453125
-17610.072265625
-17852.1123046875
-18155.5888671875
-18518.9296875
-18940.2470703125
-19417.3515625
-19947.7529296875
-20528.6689453125
-21157.03515625
-21829.5185546875
-22542.5234375
-23292.216796875
-24074.533203125
-24885.2041015625
-25719.7646484375
-26573.5830078125
-27441.8828125
-28319.76171875
-29202.2177734375
-30084.1767578125
-30960.515625
-31826.0888671875
-32675.7607421875
-33504.42578125
-34307.0419921875
-35078.658203125
-35814.435546875
-36509.685546875
-37159.884765625
-37760.708984375
-38308.0537109375
-38798.0576171875
-39227.1279296875
-39591.9580078125
-39889.548828125
-40117.216796875
-40272.626953125
-40353.787109375
-40359.068359375
-40287.21484375
-40137.3447265625
-39908.9541015625
-39601.921875
-39216.5068359375
-38753.34375
-38213.4345703125
-37598.146484375
-36909.193359375
-36148.626953125
-35318.822265625
-34422.4599609375
-33462.5048828125
-32442.185546875
-31364.9794921875
-30234.5751953125
-29054.86328125
-27829.8994140625
-26563.88671875
-25261.138671875
-23926.064453125
-22563.130859375
-21176.84375
-19771.716796875
-18352.2490234375
-16922.892578125
-15488.0419921875
-14051.998046875
-12618.9541015625
-11192.97265625
-9777.9716796875
-8377.7001953125
-6995.734375
-5635.4541015625
-4300.041015625
-2992.462890625
-1715.47265625
-471.6005859375
736.8447265625
1907.7783203125
3039.3447265625
4129.8974609375
5178.0107421875
6182.46484375
7142.236328125
8056.4931640625
8924.578125
9746.0009765625
10520.42578125
11247.6513671875
11927.603515625
12560.318359375
13145.9248046875
13684.6318359375
14176.71484375
14622.4970703125
15022.341796875
15376.6337890625
15685.7666015625
15950.1357421875
16170.1220703125
16346.087890625
16478.365234375
16567.2490234375
16612.9912109375
16615.8017578125
16575.8349609375
16493.197265625
16367.94921875
16200.09375
15989.5927734375
15736.3642578125
15440.291015625
15101.21875
14718.9794921875
14293.3837890625
13824.2392578125
13311.3564453125
12754.5634765625
12153.7138671875
11508.7001953125
10819.46484375
10086.01171875
9308.41796875
8486.8447265625
7621.5556640625
6712.9111328125
5761.4013671875
4767.634765625
3732.359375
2656.46875
1541.0068359375
387.171875
-803.6708984375
-2029.99609375
-3290.1044921875
-4582.130859375
-5904.0390625
-7253.6259765625
-8628.5234375
-10026.203125
-11443.974609375
-12879.0068359375
-14328.3173828125
-15788.80078125
-17257.22265625
-18730.23828125
-20204.400390625
-21676.1806640625
-23141.9716796875
-24598.111328125
-26040.890625
-27466.578125
-28871.4228515625
-30251.685546875
-31603.6435546875
-32923.6142578125
-34207.966796875
-35453.1435546875
-36655.6748046875
-37812.1923828125
-38919.44921875
-39974.3310546875
-40973.8720703125
-41915.2724609375
-42795.9033203125
-43613.326171875
-44365.30078125
-45049.7978515625
-45665.0009765625
-46209.326171875
-46681.4189453125
-47080.16015625
-47404.6796875
-47654.3486328125
-47828.7841796875
-47927.8544921875
-47951.66796875
-47900.5849609375
-47775.1982421875
-47576.341796875
-47305.07421875
-46962.6796875
-46550.65234375
-46070.69140625
-45524.69140625
-44914.7236328125
-44243.0341796875
-43512.0185546875
-42724.2216796875
-41882.310546875
-40989.06640625
-40047.3671875
-39060.17578125
-38030.513671875
-36961.4599609375
-35856.123046875
-34717.6318359375
-33549.1171875
-32353.6962890625
-31134.4638671875
-29894.46875
-28636.708984375
-27364.1142578125
-26079.5380859375
-24785.7412109375
-23485.3857421875
-22181.029296875
-20875.1103515625
-19569.943359375
-18267.7177734375
-16970.490234375
-15680.1796875
-14398.5712890625
-13127.310546875
-11867.9013671875
-10621.71484375
-9389.9912109375
-8173.8359375
-6974.2314453125
-5792.0419921875
-4628.013671875
-3482.79296875
-2356.9267578125
-1250.869140625
-164.9970703125
900.3837890625
1945.0283203125
2968.7412109375
3971.37109375
4952.796875
5912.916015625
6851.63671875
7768.869140625
8664.5166015625
9538.4609375
10390.5654296875
11220.6552734375
12028.51953125
12813.8994140625
13576.4873046875
14315.9169921875
15031.767578125
15723.5546875
16390.728515625
17032.677734375
17648.7255859375
18238.13671875
18800.1103515625
19333.7939453125
19838.2744140625
20312.599609375
20755.7685546875
21166.748046875
21544.4736328125
21887.86328125
22195.8203125
22467.2490234375
22701.0556640625
22896.1689453125
23051.5400390625
23166.1611328125
23239.0703125
23269.369140625
23256.2216796875
23198.8798828125
23096.681640625
22949.0693359375
22755.5927734375
22515.9228515625
22229.8623046875
21897.34375
21518.451171875
21093.416015625
20622.625
20106.6318359375
19546.150390625
18942.06640625
18295.435546875
17607.4892578125
16879.6259765625
16113.4140625
15310.5966796875
14473.0771484375
13602.91796875
12702.3408203125
11773.7080078125
10819.525390625
9842.4296875
8845.1748046875
7830.623046875
6801.736328125
5761.5537109375
4713.189453125
3659.8095703125
2604.6181640625
1550.84375
501.72265625
-539.5224609375
-1569.6962890625
-2585.642578125
-3584.2763671875
-4562.583984375
-5517.65234375
-6446.681640625
-7347.001953125
-8216.0869140625
-9051.5712890625
-9851.265625
-10613.1689453125
-11335.4794921875
-12016.60546875
-12655.177734375
-13250.05859375
-13800.3427734375
-14305.3720703125
-14764.728515625
-15178.248046875
-15546.01171875
-15868.3515625
-16145.8408203125
-16379.294921875
-16569.7666015625
-16718.53125
-16827.08203125
-16897.1201171875
-16930.537109375
-16929.4091796875
-16895.970703125
-16832.611328125
-16741.8447265625
-16626.302734375
-16488.7060546875
-16331.8544921875
-16158.5986328125
-15971.8212890625
-15774.4228515625
-15569.29296875
-15359.2939453125
-15147.244140625
-14935.892578125
-14727.9033203125
-14525.83984375
-14332.146484375
-14149.1318359375
-13978.958984375
-13823.626953125
-13684.9658203125
-13564.623046875
-13464.0546875
-13384.5224609375
-13327.08984375
-13292.6123046875
-13281.748046875
-13294.9443359375
-13332.45703125
-13394.3369140625
-13480.44921875
-13590.4716796875
-13723.9091796875
-13880.1005859375
-14058.23046875
-14257.341796875
-14476.3427734375
-14714.03125
-14969.1005859375
-15240.1572265625
-15525.7333984375
-15824.306640625
-16134.3056640625
-16454.1357421875
-16782.1875
-17116.845703125
-17456.5146484375
-17799.6181640625
-18144.619140625
-18490.0244140625
-18834.3984375
-19176.369140625
-19514.6376953125
-19847.978515625
-20175.2529296875
-20495.404296875
-20807.4658203125
-21110.560546875
-21403.8974609375
-21686.7763671875
-21958.5791015625
-22218.775390625
-22466.91015625
-22702.6015625
-22925.5390625
-23135.474609375
-23332.2138671875
-23515.615234375
-23685.5810546875
-23842.046875
-23984.98046875
-24114.369140625
-24230.2197265625
-24332.546875
-24421.375
-24496.7236328125
-24558.6064453125
-24607.03515625
-24642.00390625
-24663.498046875
-24671.4833984375
-24665.9169921875
-24646.7314453125
-24613.85546875
-24567.1962890625
-24506.658203125
-24432.1328125
-24343.513671875
-24240.6943359375
-24123.572265625
-23992.0625
-23846.09375
-23685.619140625
-23510.6240234375
-23321.126953125
-23117.1904296875
-22898.9267578125
-22666.5009765625
-22420.138671875
-22160.1328125
-21886.841796875
-21600.70703125
-21302.2392578125
-20992.0361328125
-20670.77734375
-20339.228515625
-19998.2421875
-19648.7568359375
-19291.7939453125
-18928.466796875
-18559.9619140625
-18187.5537109375
-17812.583984375
-17436.470703125
-17060.6982421875
-16686.80859375
-16316.3984375
-15951.1103515625
-15592.630859375
-15242.67578125
-14902.984375
-14575.314453125
-14261.4287109375
-13963.0888671875
-13682.0517578125
-13420.0478515625
-13178.7880859375
-12959.94140625
-12765.1376953125
-12595.953125
-12453.90625
-12340.4404296875
-12256.935546875
-12204.6826171875
-12184.8857421875
-12198.654296875
-12247.001953125
-12330.83203125
-12450.9404296875
-12608.01171875
-12802.6044921875
-13035.1650390625
-13306.0078125
-13615.3251953125
-13963.177734375
-14349.49609375
-14774.0810546875
-15236.5966796875
-15736.576171875
-16273.419921875
-16846.3955078125
-17454.638671875
-18097.154296875
-18772.8212890625
-19480.390625
-20218.4873046875
-20985.62109375
-21780.1796875
-22600.44140625
-23444.5751953125
-24310.642578125
-25196.61328125
-26100.359375
-27019.6669921875
-27952.2470703125
-28895.734375
-29847.7001953125
-30805.66015625
-31767.083984375
-32729.3994140625
-33690.0087890625
-34646.29296875
-35595.625
-36535.3798828125
-37462.9453125
-38375.728515625
-39271.1767578125
-40146.77734375
-41000.078125
-41828.693359375
-42630.3154296875
-43402.7255859375
-44143.806640625
-44851.5498046875
-45524.06640625
-46159.5966796875
-46756.5166015625
-47313.349609375
-47828.7666015625
-48301.6025390625
-48730.8486328125
-49115.66796875
-49455.3955078125
-49749.5361328125
-49997.76953125
-50199.9521484375
-50356.1103515625
-50466.443359375
-50531.3203125
-50551.267578125
-50526.97265625
-50459.275390625
-50349.1572265625
-50197.734375
-50006.251953125
-49776.064453125
-49508.638671875
-49205.5302734375
-48868.375
-48498.880859375
-48098.8134765625
-47669.9794921875
-47214.21875
-46733.3876953125
-46229.3525390625
-45703.970703125
-45159.0830078125
-44596.501953125
-44018.0029296875
-43425.3076171875
-42820.083984375
-42203.935546875
-41578.3896484375
-40944.8974609375
-40304.826171875
-39659.4560546875
-39009.9775390625
-38357.490234375
-37703.0
-37047.423828125
-36391.5908203125
-35736.2392578125
-35082.02734375
-34429.537109375
-33779.2744140625
-33131.6806640625
-32487.1376953125
-31845.9765625
-31208.4794921875
-30574.8974609375
-29945.4501953125
-29320.3388671875
-28699.7529296875
-28083.8779296875
-27472.904296875
-26867.03515625
-26266.4912109375
-25671.517578125
-25082.3916015625
-24499.4267578125
-23922.974609375
-23353.4306640625
-22791.234375
-22236.8740234375
-21690.8837890625
-21153.84375
-20626.3779296875
-20109.15234375
-19602.8720703125
-19108.275390625
-18626.1298828125
-18157.224609375
-17702.365234375
-17262.36328125
-16838.033203125
-16430.1806640625
-16039.591796875
-15667.0302734375
-15313.2236328125
-14978.8544921875
-14664.5517578125
-14370.884765625
-14098.3515625
-13847.3720703125
-13618.2802734375
-13411.31640625
-13226.623046875
-13064.23828125
-12924.091796875
-12805.9990234375
-12709.6630859375
-12634.666015625
-12580.4755859375
-12546.439453125
-12531.7890625
-12535.642578125
-12557.005859375
-12594.7783203125
-12647.7578125
-12714.6455078125
-12794.052734375
-12884.5087890625
-12984.470703125
-13092.326171875
-13206.4091796875
-13325.0068359375
-13446.3671875
-13568.7158203125
-13690.2529296875
-13809.181640625
-13923.701171875
-14032.0283203125
-14132.3994140625
-14223.087890625
-14302.404296875
-14368.7158203125
-14420.44140625
-14456.072265625
-14474.173828125
-14473.388671875
-14452.4482421875
-14410.177734375
-14345.498046875
-14257.4296875
-14145.1005859375
-14007.74609375
-13844.7080078125
-13655.4453125
-13439.5244140625
-13196.62890625
-12926.5537109375
-12629.2060546875
-12304.6083984375
-11952.8916015625
-11574.2978515625
-11169.1748046875
-10737.9775390625
-10281.263671875
-9799.689453125
-9294.013671875
-8765.083984375
-8213.845703125
-7641.326171875
-7048.6435546875
-6436.994140625
-5807.654296875
-5161.974609375
-4501.3740234375
-3827.3427734375
-3141.427734375
-2445.2412109375
-1740.4443359375
-1028.75
-311.9189453125
408.25390625
1129.9306640625
1851.2529296875
2570.3310546875
3285.2607421875
3994.123046875
4694.9951171875
5385.9560546875
6065.0908203125
6730.5009765625
7380.310546875
8012.673828125
8625.78515625
9217.8828125
9787.2607421875
10332.2763671875
10851.3583984375
11343.0107421875
11805.8310546875
12238.5078125
12639.833984375
13008.712890625
13344.1640625
13645.3330078125
13911.4951171875
14142.0595703125
14336.5771484375
14494.74609375
14616.4072265625
14701.556640625
14750.3388671875
14763.0556640625
14740.15625
14682.2470703125
14590.080078125
14464.5537109375
14306.7080078125
14117.720703125
13898.90234375
13651.6796875
13377.6025390625
13078.3193359375
12755.58203125
12411.2255859375
12047.1591796875
11665.353515625
11267.8369140625
10856.6669921875
10433.9365234375
10001.7421875
9562.1845703125
9117.3525390625
8669.3046875
8220.0595703125
7771.5888671875
7325.7978515625
6884.5146484375
6449.4873046875
6022.3642578125
5604.6904296875
5197.8984375
4803.3017578125
4422.0849609375
4055.302734375
3703.875
3368.5810546875
3050.0595703125
2748.8095703125
2465.1865234375
2199.4072265625
1951.5517578125
1721.5673828125
1509.265625
1314.33984375
1136.3642578125
974.802734375
829.01171875
698.2568359375
581.7158203125
478.4892578125
387.6123046875
308.060546875
238.7626953125
178.6083984375
126.4677734375
81.181640625
41.5966796875
6.55078125
-25.0966796875
-54.470703125
-82.66796875
-110.7431640625
-139.7099609375
-170.5283203125
-204.099609375
-241.2646484375
-282.7919921875
-329.3779296875
-381.642578125
-440.1259765625
-505.28515625
-577.49609375
-657.0458984375
-744.13671875
-838.8876953125
-941.3310546875
-1051.4140625
-1169.0068359375
-1293.8916015625
-1425.7783203125
-1564.30078125
-1709.0185546875
-1859.4248046875
-2014.947265625
-2174.951171875
-2338.7470703125
-2505.591796875
-2674.689453125
-2845.2080078125
-3016.26953125
-3186.966796875
-3356.3544921875
-3523.474609375
-3687.3359375
-3846.9404296875
-4001.2744140625
-4149.3251953125
-4290.0732421875
-4422.505859375
-4545.619140625
-4658.4267578125
-4759.9580078125
-4849.2705078125
-4925.4462890625
-4987.6044921875
-5034.9072265625
-5066.556640625
-5081.8056640625
-5079.9609375
-5060.3857421875
-5022.5126953125
-4965.8359375
-4889.9248046875
-4794.4248046875
-4679.0595703125
-4543.638671875
-4388.056640625
-4212.298828125
-4016.4462890625
-3800.6669921875
-3565.2333984375
-3310.51171875
-3036.9677734375
-2745.1689453125
-2435.77734375
-2109.5556640625
-1767.365234375
-1410.15625
-1038.9775390625
-654.9658203125
-259.3369140625
146.60546875
561.484375
983.85546875
1412.2080078125
1844.974609375
2280.537109375
2717.2421875
3153.39453125
3587.2802734375
4017.1640625
4441.3095703125
4857.978515625
5265.4453125
5662.009765625
6045.998046875
6415.779296875
6769.7734375
7106.45703125
7424.3779296875
7722.158203125
7998.50390625
8252.21875
8482.197265625
8687.4453125
8867.076171875
9020.326171875
9146.5439453125
9245.20703125
9315.9189453125
9358.4111328125
9372.546875
9358.31640625
9315.8388671875
9245.3671875
9147.2724609375
9022.0537109375
8870.32421875
8692.81640625
8490.3671875
8263.9189453125
8014.509765625
7743.26953125
7451.4111328125
7140.2158203125
6811.04296875
6465.298828125
6104.4482421875
5729.9931640625
5343.4697265625
4946.439453125
4540.478515625
4127.1708984375
3708.09765625
3284.837890625
2858.9482421875
2431.96484375
2005.39453125
1580.70703125
1159.3310546875
742.646484375
331.9833984375
-71.3857421875
-466.2490234375
-851.4580078125
-1225.9296875
-1588.6474609375
-1938.6669921875
-2275.115234375
-2597.1904296875
-2904.1640625
-3195.376953125
-3470.244140625
-3728.2509765625
-3968.951171875
-4191.97265625
-4397.005859375
-4583.8056640625
-4752.1962890625
-4902.05859375
-5033.337890625
-5146.0341796875
-5240.205078125
-5315.962890625
-5373.47265625
-5412.947265625
-5434.650390625
-5438.8935546875
-5426.0283203125
-5396.4580078125
-5350.6181640625
-5288.994140625
-5212.1044921875
-5120.5068359375
-5014.7978515625
-4895.603515625
-4763.5908203125
-4619.451171875
-4463.9111328125
-4297.728515625
-4121.6787109375
-3936.5703125
-3743.234375
-3542.5166015625
-3335.2861328125
-3122.4248046875
-2904.826171875
-2683.392578125
-2459.03125
-2232.6513671875
-2005.158203125
-1777.4453125
-1550.40234375
-1324.8955078125
-1101.7705078125
-881.84765625
-665.9130859375
-454.716796875
-248.9658203125
-49.3173828125
143.6220703125
329.3037109375
507.2431640625
677.0205078125
838.2890625
990.771484375
1134.2734375
1268.6767578125
1393.9453125
1510.125
1617.34375
1715.814453125
1805.830078125
1887.7607421875
1962.0556640625
2029.2353515625
2089.8876953125
2144.6650390625
2194.2744140625
2239.4716796875
2281.0576171875
2319.8583984375
2356.73046875
2392.541015625
2428.1611328125
2464.453125
2502.2626953125
2542.4052734375
2585.65234375
2632.7294921875
2684.291015625
2740.9208984375
2803.119140625
2871.287109375
2945.7236328125
3026.6142578125
3114.0263671875
3207.8935546875
3308.0234375
3414.08203125
3525.59765625
3641.955078125
3762.3955078125
3886.0205078125
4011.794921875
4138.546875
4264.9755859375
4389.662109375
4511.0732421875
4627.576171875
4737.443359375
4838.875
4930.0078125
5008.9287109375
5073.693359375
5122.34375
5152.9306640625
5163.51953125
5152.22265625
5117.2109375
5056.7333984375
4969.138671875
4852.89453125
4706.5986328125
4529.0029296875
4319.03125
4075.7861328125
3798.5712890625
3486.8994140625
3140.5068359375
2759.3583984375
2343.658203125
1893.8564453125
1410.6494140625
894.9814453125
348.048828125
-228.70703125
-833.603515625
-1464.7255859375
-2119.931640625
-2796.86328125
-3492.9658203125
-4205.49609375
-4931.54296875
-5668.0439453125
-6411.8056640625
-7159.52734375
-7907.8193359375
-8653.2265625
-9392.259765625
-10121.4111328125
-10837.18359375
-11536.1162109375
-12214.810546875
-12869.9501953125
-13498.3310546875
-14096.8818359375
-14662.6875
-15193.013671875
-15685.3173828125
-16137.2802734375
-16546.8115234375
-16912.0751953125
-17231.4951171875
-17503.771484375
-17727.8896484375
-17903.1220703125
-18029.046875
-18105.533203125
-18132.755859375
-18111.185546875
-18041.5908203125
-17925.0302734375
-17762.8408203125
-17556.6318359375
-17308.2783203125
-17019.89453125
-16693.826171875
-16332.6416015625
-15939.0966796875
-15516.12890625
-15066.830078125
-14594.431640625
-14102.2763671875
-13593.7978515625
-13072.5
-12541.931640625
-12005.66796875
-11467.2802734375
-10930.32421875
-10398.306640625
-9874.6708984375
-9362.7783203125
-8865.884765625
-8387.1220703125
-7929.486328125
-7495.8125
-7088.7685546875
-6710.837890625
-6364.3076171875
-6051.259765625
-5773.560546875
-5532.8544921875
-5330.5556640625
-5167.8486328125
-5045.6796875
-4964.7578125
-4925.5546875
-4928.3095703125
-4973.0234375
-5059.47265625
-5187.2080078125
-5355.5615234375
-5563.65625
-5810.4130859375
-6094.5634765625
-6414.6513671875
-6769.0546875
-7155.9892578125
-7573.5205078125
-8019.5859375
-8491.9970703125
-8988.458984375
-9506.580078125
-10043.892578125
-10597.857421875
-11165.8896484375
-11745.3603515625
-12333.6220703125
-12928.015625
-13525.8837890625
-14124.5888671875
-14721.52734375
-15314.134765625
-15899.90234375
-16476.3935546875
-17041.2470703125
-17592.1962890625
-18127.0732421875
-18643.8173828125
-19140.498046875
-19615.3017578125
-20066.55859375
-20492.73828125
-20892.45703125
-21264.490234375
-21607.76953125
-21921.3876953125
-22204.60546875
-22456.8486328125
-22677.7099609375
-22866.9521484375
-23024.505859375
-23150.462890625
-23245.0810546875
-23308.7783203125
-23342.1259765625
-23345.8427734375
-23320.796875
-23267.98828125
-23188.5517578125
-23083.73828125
-22954.9150390625
-22803.5517578125
-22631.2109375
-22439.5400390625
-22230.2568359375
-22005.1416015625
-21766.0263671875
-21514.779296875
-21253.296875
-20983.494140625
-20707.283203125
-20426.576171875
-20143.2646484375
-19859.208984375
-19576.234375
-19296.111328125
-19020.55859375
-18751.2177734375
-18489.6611328125
-18237.3779296875
-17995.7607421875
-17766.109375
-17549.6220703125
-17347.3876953125
-17160.3876953125
-16989.4853515625
-16835.4345703125
-16698.8671875
-16580.3017578125
-16480.1376953125
-16398.66015625
-16336.0400390625
-16292.337890625
-16267.50390625
-16261.384765625
-16273.73046875
-16304.189453125
-16352.32421875
-16417.61328125
-16499.451171875
-16597.1650390625
-16710.0107421875
-16837.1865234375
-16977.833984375
-17131.0478515625
-17295.87890625
-17471.34375
-17656.4248046875
-17850.0849609375
-18051.2626953125
-18258.884765625
-18471.8662109375
-18689.1181640625
-18909.5458984375
-19132.064453125
-19355.5888671875
-19579.04296875
-19801.3642578125
-20021.5048828125
-20238.4326171875
-20451.1318359375
-20658.6083984375
-20859.8916015625
-21054.0322265625
-21240.1044921875
-21417.2138671875
-21584.48828125
-21741.087890625
-21886.2021484375
-22019.052734375
-22138.896484375
-22245.0224609375
-22336.7587890625
-22413.4755859375
-22474.578125
-22519.5244140625
-22547.8095703125
-22558.986328125
-22552.6572265625
-22528.4736328125
-22486.154296875
-22425.4755859375
-22346.2763671875
-22248.462890625
-22132.0146484375
-21996.982421875
-21843.4912109375
-21671.7470703125
-21482.0341796875
-21274.71875
-21050.2490234375
-20809.158203125
-20552.0634765625
-20279.6650390625
-19992.744140625
-19692.166015625
-19378.873046875
-19053.8828125
-18718.2841796875
-18373.2333984375
-18019.953125
-17659.7158203125
-17293.8447265625
-16923.7080078125
-16550.7060546875
-16176.265625
-15801.826171875
-15428.8388671875
-15058.7490234375
-14692.9912109375
-14332.9697265625
-13980.0625
-13635.5966796875
-13300.8466796875
-12977.017578125
-12665.2392578125
-12366.5595703125
-12081.92578125
-11812.185546875
-11558.072265625
-11320.201171875
-11099.0654296875
-10895.025390625
-10708.306640625
-10539.001953125
-10387.05859375
-10252.2919921875
-10134.3720703125
-10032.833984375
-9947.080078125
-9876.3828125
-9819.8876953125
-9776.6298828125
-9745.525390625
-9725.400390625
-9714.984375
-9712.9326171875
-9717.830078125
-9728.208984375
-9742.560546875
-9759.3466796875
-9777.021484375
-9794.033203125
-9808.8515625
-9819.97265625
-9825.939453125
-9825.3505859375
-9816.8779296875
-9799.275390625
-9771.396484375
-9732.1982421875
-9680.7578125
-9616.279296875
-9538.0986328125
-9445.693359375
-9338.6904296875
-9216.8642578125
-9080.1396484375
-8928.599609375
-8762.4755859375
-8582.150390625
-8388.1572265625
-8181.1640625
-7961.982421875
-7731.5439453125
-7490.90234375
-7241.2177734375
-6983.7470703125
-6719.8291015625
-6450.8740234375
-6178.349609375
-5903.7646484375
-5628.6484375
-5354.546875
-5082.9990234375
-4815.5224609375
-4553.595703125
-4298.646484375
-4052.037109375
-3815.0419921875
-3588.845703125
-3374.5205078125
-3173.01953125
-2985.16015625
-2811.6220703125
-2652.9326171875
-2509.4619140625
-2381.4150390625
-2268.830078125
-2171.5732421875
-2089.3369140625
-2021.642578125
-1967.841796875
-1927.11328125
-1898.4765625
-1880.791015625
-1872.76953125
-1872.9775390625
-1879.85546875
-1891.7177734375
-1906.7734375
-1923.1357421875
-1938.8359375
-1951.83984375
-1960.0615234375
-1961.3798828125
-1953.654296875
-1934.7412109375
-1902.509765625
-1854.859375
-1789.740234375
-1705.1572265625
-1599.2001953125
-1470.0458984375
-1315.984375
-1135.4248046875
-926.9072265625
-689.1240234375
-420.9189453125
-121.30859375
210.5234375
575.2021484375
973.16796875
1404.666015625
1869.7431640625
2368.2470703125
2899.8271484375
3463.9287109375
4059.8017578125
4686.4990234375
5342.8896484375
6027.650390625
6739.287109375
7476.1337890625
8236.365234375
9018.0107421875
9818.9609375
10636.9833984375
11469.734375
12314.7705078125
13169.5712890625
14031.5478515625
14898.060546875
15766.43359375
16633.9775390625
17497.99609375
18355.8125
19204.7783203125
20042.2958984375
20865.8291015625
21672.921875
22461.2119140625
23228.4453125
23972.4912109375
24691.3525390625
25383.177734375
26046.2744140625
26679.11328125
27280.3427734375
27848.7919921875
28383.4765625
28883.60546875
29348.580078125
29778.0
30171.65625
30529.5380859375
30851.822265625
31138.873046875
31391.232421875
31609.619140625
31794.9091796875
31948.1357421875
32070.470703125
32163.216796875
32227.7861328125
32265.6982421875
32278.55078125
32268.013671875
32235.8037109375
32183.6748046875
32113.3984375
32026.736328125
31925.44140625
31811.2216796875
31685.736328125
31550.568359375
31407.2197265625
31257.087890625
31101.4521484375
30941.466796875
30778.1435546875
30612.3408203125
30444.76171875
30275.9384765625
30106.228515625
29935.818359375
29764.7119140625
29592.7333984375
29419.5341796875
29244.591796875
29067.212890625
28886.5458984375
28701.5888671875
28511.2021484375
28314.1142578125
28108.9443359375
27894.2158203125
27668.365234375
27429.7734375
27176.775390625
26907.681640625
26620.798828125
26314.455078125
25987.0107421875
25636.890625
25262.59375
24862.724609375
24436.0048828125
23981.29296875
23497.603515625
22984.1259765625
22440.2314453125
21865.4951171875
21259.705078125
20622.8681640625
19955.21875
19257.2333984375
18529.6181640625
17773.3232421875
16989.5390625
16179.685546875
15345.416015625
14488.6025390625
13611.330078125
12715.8798828125
11804.7236328125
10880.494140625
9945.9794921875
9004.0966796875
8057.8740234375
7110.42578125
6164.9306640625
5224.6103515625
4292.697265625
3372.4189453125
2466.9638671875
1579.4609375
712.955078125
-129.6201171875
-945.4638671875
-1731.9326171875
-2486.5595703125
-3207.0771484375
-3891.4345703125
-4537.8154296875
-5144.650390625
-5710.6318359375
-6234.7265625
-6716.181640625
-7154.533203125
-7549.6083984375
-7901.5244140625
-8210.6962890625
-8477.826171875
-8703.90234375
-8890.1875
-9038.208984375
-9149.7529296875
-9226.841796875
-9271.7255859375
-9286.857421875
-9274.880859375
-9238.6044921875
-9180.9814453125
-9105.08984375
-9014.099609375
-8911.26171875
-8799.87109375
-8683.24609375
-8564.7080078125
-8447.5498046875
-8335.0126953125
-8230.263671875
-8136.373046875
-8056.2900390625
-7992.8232421875
-7948.6171875
-7926.1416015625
-7927.6630859375
-7955.240234375
-8010.7021484375
-8095.638671875
-8211.39453125
-8359.0546875
-8539.4384765625
-8753.1005859375
-9000.3251953125
-9281.1201171875
-9595.2294921875
-9942.1240234375
-10321.017578125
-10730.8681640625
-11170.37890625
-11638.02734375
-12132.0546875
-12650.49609375
-13191.181640625
-13751.759765625
-14329.7109375
-14922.36328125
-15526.91015625
-16140.4306640625
-16759.90625
-17382.2412109375
-18004.279296875
-18622.830078125
-19234.6796875
-19836.6162109375
-20425.443359375
-20998.00390625
-21551.1953125
-22081.9873046875
-22587.4404296875
-23064.71875
-23511.1044921875
-23924.0185546875
-24301.02734375
-24639.8544921875
-24938.396484375
-25194.7294921875
-25407.1142578125
-25574.013671875
-25694.0849609375
-25766.19921875
-25789.431640625
-25763.0712890625
-25686.62109375
-25559.794921875
-25382.5205078125
-25154.9326171875
-24877.369140625
-24550.373046875
-24174.6787109375
-23751.205078125
-23281.0576171875
-22765.5048828125
-22205.984375
-21604.0810546875
-20961.5205078125
-20280.1630859375
-19561.978515625
-18809.0498046875
-18023.5498046875
-17207.732421875
-16363.9208984375
-15494.4921875
-14601.865234375
-13688.4921875
-12756.8388671875
-11809.375
-10848.5673828125
-9876.8623046875
-8896.677734375
-7910.3896484375
-6920.326171875
-5928.755859375
-4937.8798828125
-3949.8232421875
-2966.62890625
-1990.251953125
-1022.5517578125
-65.2900390625
879.876953125
1811.3994140625
2727.83203125
3627.8447265625
4510.21484375
5373.830078125
6217.6923828125
7040.9091796875
7842.697265625
8622.373046875
9379.3603515625
10113.1767578125
10823.4326171875
11509.830078125
12172.1533203125
12810.267578125
13424.1064453125
14013.6796875
14579.0537109375
15120.3564453125
15637.7626953125
16131.4970703125
16601.8232421875
17049.041015625
17473.4765625
17875.486328125
18255.447265625
18613.74609375
18950.7890625
19266.9853515625
19562.755859375
19838.5146484375
20094.681640625
20331.673828125
20549.896484375
20749.7568359375
20931.6474609375
21095.9580078125
21243.060546875
21373.32421875
21487.103515625
21584.7431640625
21666.5791015625
21732.9345703125
21784.12890625
21820.46484375
21842.2431640625
21849.7529296875
21843.28125
21823.1064453125
21789.5
21742.734375
21683.072265625
21610.7763671875
21526.1064453125
21429.31640625
21320.666015625
21200.404296875
21068.7822265625
20926.048828125
20772.4501953125
20608.232421875
20433.6337890625
20248.89453125
20054.248046875
19849.9267578125
19636.154296875
19413.1552734375
19181.140625
18940.3251953125
18690.908203125
18433.0888671875
18167.0576171875
17892.9970703125
17611.087890625
17321.49609375
17024.3896484375
16719.9296875
16408.2705078125
16089.564453125
15763.9609375
15431.6103515625
15092.662109375
14747.26953125
14395.587890625
14037.78125
13674.0224609375
13304.4931640625
12929.3896484375
12548.923828125
12163.3251953125
11772.84375
11377.751953125
10978.3505859375
10574.9619140625
10167.9453125
9757.6826171875
9344.59765625
8929.140625
8511.8037109375
8093.1083984375
7673.6171875
7253.9306640625
6834.6787109375
6416.5322265625
6000.1943359375
5586.4013671875
5175.9150390625
4769.5283203125
4368.0595703125
3972.3408203125
3583.2265625
3201.5771484375
2828.267578125
2464.1640625
2110.1376953125
1767.041015625
1435.7119140625
1116.9677734375
811.5927734375
520.3330078125
243.8935546875
-17.078125
-261.984375
-490.2998046875
-701.56640625
-895.40625
-1071.525390625
-1229.71875
-1369.87890625
-1491.9951171875
-1596.1630859375
-1682.5849609375
-1751.5771484375
-1803.564453125
-1839.0888671875
-1858.806640625
-1863.4892578125
-1854.025390625
-1831.412109375
-1796.7568359375
-1751.2763671875
-1696.291015625
-1633.2109375
-1563.546875
-1488.8876953125
-1410.900390625
-1331.326171875
-1251.9599609375
-1174.6533203125
-1101.296875
-1033.8115234375
-974.140625
-924.2392578125
-886.0546875
-861.529296875
-852.576171875
-861.0771484375
-888.8662109375
-937.7197265625
-1009.3505859375
-1105.3876953125
-1227.37890625
-1376.771484375
-1554.91015625
-1763.0244140625
-2002.228515625
-2273.5029296875
-2577.701171875
-2915.5380859375
-3287.58984375
-3694.2861328125
-4135.9140625
-4612.609375
-5124.3662109375
-5671.0283203125
-6252.30078125
-6867.740234375
-7516.7666015625
-8198.6630859375
-8912.591796875
-9657.5791015625
-10432.5400390625
-11236.275390625
-12067.4833984375
-12924.7646484375
-13806.6298828125
-14711.5107421875
-15637.7666015625
-16583.69140625
-17547.525390625
-18527.46484375
-19521.6630859375
-20528.2490234375
-21545.3251953125
-22570.9853515625
-23603.3134765625
-24640.396484375
-25680.3310546875
-26721.224609375
-27761.2099609375
-28798.4375
-29831.095703125
-30857.404296875
-31875.6201171875
-32884.0458984375
-33881.025390625
-34864.9482421875
-35834.2548828125
-36787.43359375
-37723.0234375
-38639.6142578125
-39535.8427734375
-40410.40234375
-41262.029296875
-42089.5087890625
-42891.67578125
-43667.4091796875
-44415.6328125
-45135.3076171875
-45825.443359375
-46485.0771484375
-47113.294921875
-47709.2060546875
-48271.9609375
-48800.73828125
-49294.7470703125
-49753.2236328125
-50175.43359375
-50560.6689453125
-50908.24609375
-51217.5078125
-51487.822265625
-51718.5810546875
-51909.201171875
-52059.1279296875
-52167.828125
-52234.80078125
-52259.568359375
-52241.689453125
-52180.74609375
-52076.361328125
-51928.189453125
-51735.921875
-51499.291015625
-51218.0732421875
-50892.087890625
-50521.203125
-50105.3369140625
-49644.46484375
-49138.6142578125
-48587.876953125
-47992.4033203125
-47352.416015625
-46668.2041015625
-45940.126953125
-45168.625
-44354.212890625
-43497.4912109375
-42599.1416015625
-41659.93359375
-40680.7275390625
-39662.4765625
-38606.2236328125
-37513.1123046875
-36384.3798828125
-35221.3642578125
-34025.5029296875
-32798.33203125
-31541.4892578125
-30256.7099609375
-28945.8291015625
-27610.78125
-26253.59375
-24876.3916015625
-23481.3857421875
-22070.87890625
-20647.2548828125
-19212.9736328125
-17770.5751953125
-16322.6640625
-14871.904296875
-13421.0166015625
-11972.7666015625
-10529.9619140625
-9095.435546875
-7672.0458984375
-6262.66015625
-4870.1455078125
-3497.36328125
-2147.1484375
-822.3095703125
474.388671875
1740.23828125
2972.595703125
4168.89453125
5326.65625
6443.505859375
7517.1767578125
8545.5244140625
9526.541015625
10458.3544921875
11339.2490234375
12167.6669921875
12942.2197265625
13661.6904296875
14325.048828125
14931.447265625
15480.2265625
15970.92578125
16403.2802734375
16777.2177734375
17092.8671875
17350.5537109375
17550.7890625
17694.28515625
17781.9326171875
17814.8037109375
17794.1455078125
17721.37109375
17598.0458984375
17425.890625
17206.7587890625
16942.6337890625
16635.6103515625
16287.892578125
15901.771484375
15479.6162109375
15023.865234375
14537.0029296875
14021.560546875
13480.0888671875
12915.1552734375
12329.328125
11725.1630859375
11105.193359375
10471.9169921875
9827.7890625
9175.2099609375
8516.5146484375
7853.9677734375
7189.7529296875
6525.9697265625
5864.626953125
5207.63671875
4556.806640625
3913.8505859375
3280.369140625
2657.86328125
2047.72265625
1451.2392578125
869.591796875
303.86328125
-244.9619140625
-776.0009765625
-1288.45703125
-1781.625
-2254.8798828125
-2707.6767578125
-3139.5439453125
-3550.0751953125
-3938.9306640625
-4305.8232421875
-4650.5185546875
-4972.830078125
-5272.6123046875
-5549.75390625
-5804.1767578125
-6035.833984375
-6244.6962890625
-6430.7587890625
-6594.0361328125
-6734.55078125
-6852.345703125
-6947.470703125
-7019.984375
-7069.9560546875
-7097.46484375
-7102.5947265625
-7085.4404296875
-7046.10546875
-6984.703125
-6901.3603515625
-6796.2158203125
-6669.421875
-6521.1494140625
-6351.5859375
-6160.947265625
-5949.4599609375
-5717.3896484375
-5465.021484375
-5192.6728515625
-4900.6923828125
-4589.4677734375
-4259.4169921875
-3911.001953125
-3544.7197265625
-3161.111328125
-2760.7626953125
-2344.2998046875
-1912.396484375
-1465.771484375
-1005.189453125
-531.46484375
-45.453125
451.9384765625
959.7568359375
1477.00390625
2002.638671875
2535.5703125
3074.669921875
3618.7626953125
4166.634765625
4717.0341796875
5268.669921875
5820.2177734375
6370.3212890625
6917.5927734375
7460.6162109375
7997.9521484375
8528.1376953125
9049.6953125
9561.1298828125
10060.9365234375
10547.6025390625
11019.61328125
11475.45703125
11913.626953125
12332.630859375
12730.9912109375
13107.25390625
13459.9912109375
13787.81640625
14089.3759765625
14363.3681640625
14608.546875
14823.7197265625
15007.7685546875
15159.6474609375
15278.3916015625
15363.125
15413.0673828125
15427.54296875
15405.9833984375
15347.935546875
15253.0693359375
15121.1845703125
14952.2119140625
14746.2216796875
14503.4306640625
14224.1982421875
13909.0390625
13558.6171875
13173.759765625
12755.4423828125
12304.802734375
11823.1357421875
11311.8896484375
10772.666015625
10207.2177734375
9617.439453125
9005.3701171875
8373.1787109375
7723.1611328125
7057.73046875
6379.412109375
5690.8232421875
4994.6728515625
4293.7451171875
3590.8798828125
2888.9775390625
2190.9619140625
1499.7841796875
818.3994140625
149.7490234375
-503.24609375
-1137.712890625
-1750.83203125
-2339.859375
-2902.138671875
-3435.12109375
-3936.3779296875
-4403.61328125
-4834.6826171875
-5227.599609375
-5580.5576171875
-5891.9306640625
-6160.296875
-6384.4345703125
-6563.3408203125
-6696.2333984375
-6782.55859375
-6821.9951171875
-6814.4580078125
-6760.1005859375
-6659.3134765625
-6512.7255859375
-6321.2001953125
-6085.830078125
-5807.9306640625
-5489.0439453125
-5130.9150390625
-4735.4912109375
-4304.91015625
-3841.490234375
-3347.708984375
-2826.201171875
-2279.7333984375
-1711.19140625
-1123.5693359375
-519.94140625
96.546875
722.703125
1355.3017578125
1991.1025390625
2626.8779296875
3259.4208984375
3885.572265625
4502.2314453125
5106.3828125
5695.10546875
6265.5947265625
6815.17578125
7341.32421875
7841.6708984375
8314.025390625
8756.380859375
9166.9287109375
9544.0673828125
9886.4140625
10192.8056640625
10462.3095703125
10694.228515625
10888.09765625
11043.6923828125
11161.025390625
11240.34765625
11282.1416015625
11287.12109375
11256.21875
11190.58984375
11091.5947265625
10960.7900390625
10799.9208984375
10610.91015625
10395.8388671875
10156.9384765625
9896.572265625
9617.220703125
9321.4658203125
9011.97265625
8691.47265625
8362.7421875
8028.5947265625
7691.8486328125
7355.3203125
7021.796875
6694.0263671875
6374.6962890625
6066.416015625
5771.6962890625
5492.9443359375
5232.439453125
4992.318359375
4774.5673828125
4581.005859375
4413.27734375
4272.8388671875
4160.9501953125
4078.6689453125
4026.8466796875
4006.11328125
4016.8935546875
4059.38671875
4133.5703125
4239.21484375
4375.8671875
4542.8701171875
4739.3583984375
4964.2685546875
5216.35546875
5494.18359375
5796.1572265625
6120.521484375
6465.376953125
6828.6953125
7208.3349609375
7602.0546875
8007.525390625
8422.3583984375
8844.1103515625
9270.30859375
9698.46484375
10126.0888671875
10550.716796875
10969.9150390625
11381.3056640625
11782.5771484375
12171.5029296875
12545.953125
12903.9091796875
13243.4794921875
13562.90234375
13860.564453125
14135.0068359375
14384.9306640625
14609.20703125
14806.8779296875
14977.1630859375
15119.455078125
15233.3291015625
15318.5361328125
15375.0
15402.8125
15402.2314453125
15373.6708984375
15317.6962890625
15235.005859375
15126.43359375
14992.9287109375
14835.54296875
14655.4228515625
14453.79296875
14231.9404296875
13991.201171875
13732.9482421875
13458.5693359375
13169.4619140625
12867.0078125
12552.5693359375
12227.4677734375
11892.97265625
11550.2919921875
11200.552734375
10844.802734375
10483.986328125
10118.951171875
9750.4306640625
9379.037109375
9005.26953125
8629.4951171875
8251.9609375
7872.78125
7491.9541015625
7109.349609375
6724.720703125
6337.708984375
5947.853515625
5554.5888671875
5157.267578125
4755.1611328125
4347.4736328125
3933.3525390625
3511.9072265625
3082.208984375
2643.318359375
2194.29296875
1734.1982421875
1262.1220703125
777.1982421875
278.6044921875
-234.4140625
-762.5390625
-1306.3603515625
-1866.37109375
-2442.95703125
-3036.3876953125
-3646.8056640625
-4274.2216796875
-4918.5146484375
-5579.41796875
-6256.525390625
-6949.2841796875
-7656.998046875
-8378.826171875
-9113.7890625
-9860.7685546875
-10618.5126953125
-11385.6484375
-12160.6796875
-12942.0
-13727.9013671875
-14516.5859375
-15306.1728515625
-16094.7119140625
-16880.1904296875
-17660.55078125
-18433.703125
-19197.5283203125
-19949.9033203125
-20688.701171875
-21411.8115234375
-22117.150390625
-22802.6630859375
-23466.349609375
-24106.26171875
-24720.521484375
-25307.322265625
-25864.9453125
-26391.76171875
-26886.2373046875
-27346.94921875
-27772.5751953125
-28161.9130859375
-28513.875
-28827.494140625
-29101.9248046875
-29336.4453125
-29530.462890625
-29683.5078125
-29795.2333984375
-29865.4208984375
-29893.978515625
-29880.931640625
-29826.4326171875
-29730.75
-29594.2744140625
-29417.509765625
-29201.076171875
-28945.70703125
-28652.244140625
-28321.638671875
-27954.951171875
-27553.3408203125
-27118.0751953125
-26650.5224609375
-26152.1455078125
-25624.509765625
-25069.2724609375
-24488.185546875
-23883.0966796875
-23255.9375
-22608.7294921875
-21943.576171875
-21262.66796875
-20568.2666015625
-19862.7138671875
-19148.419921875
-18427.8623046875
-17703.572265625
-16978.1435546875
-16254.216796875
-15534.470703125
-14821.6162109375
-14118.3955078125
-13427.5615234375
-12751.87109375
-12094.0810546875
-11456.9326171875
-10843.13671875
-10255.3701171875
-9696.25390625
-9168.34765625
-8674.134765625
-8216.005859375
-7796.2490234375
-7417.0390625
-7080.4169921875
-6788.28515625
-6542.390625
-6344.314453125
-6195.4609375
-6097.0478515625
-6050.09375
-6055.416015625
-6113.6171875
-6225.0869140625
-6389.98046875
-6608.2392578125
-6879.5673828125
-7203.4462890625
-7579.1259765625
-8005.6337890625
-8481.771484375
-9006.1337890625
-9577.09765625
-10192.845703125
-10851.3701171875
-11550.4873046875
-12287.8447265625
-13060.9423828125
-13867.138671875
-14703.6787109375
-15567.7001953125
-16456.2548828125
-17366.3271484375
-18294.8525390625
-19238.732421875
-20194.86328125
-21160.140625
-22131.4892578125
-23105.8779296875
-24080.3310546875
-25051.95703125
-26017.951171875
-26975.6220703125
-27922.4013671875
-28855.8515625
-29773.6865234375
-30673.7744140625
-31554.1513671875
-32413.0263671875
-33248.7880859375
-34060.009765625
-34845.4482421875
-35604.0517578125
-36334.9541015625
-37037.4775390625
-37711.1279296875
-38355.5888671875
-38970.71875
-39556.5419921875
-40113.24609375
-40641.166015625
-41140.78125
-41612.7021484375
-42057.65625
-42476.486328125
-42870.1328125
-43239.6162109375
-43586.0380859375
-43910.560546875
-44214.396484375
-44498.798828125
-44765.0458984375
-45014.4375
-45248.27734375
-45467.8681640625
-45674.4970703125
-45869.439453125
-46053.93359375
-46229.1865234375
-46396.365234375
-46556.5869140625
-46710.9208984375
-46860.3759765625
-47005.9052734375
-47148.4013671875
-47288.6904296875
-47427.5322265625
-47565.6279296875
-47703.603515625
-47842.025390625
-47981.388671875
-48122.1259765625
-48264.60546875
-48409.1318359375
-48555.9453125
-48705.2265625
-48857.09765625
-49011.6181640625
-49168.791015625
-49328.5625
-49490.822265625
-49655.40234375
-49822.078125
-49990.5732421875
-50160.5478515625
-50331.6103515625
-50503.310546875
-50675.1376953125
-50846.525390625
-51016.841796875
-51185.396484375
-51351.4326171875
-51514.1357421875
-51672.6201171875
-51825.9345703125
-51973.0625
-52112.9208984375
-52244.3564453125
-52366.1513671875
-52477.021484375
-52575.6171875
-52660.5244140625
-52730.2734375
-52783.33203125
-52818.1201171875
-52833.0029296875
-52826.3076171875
-52796.32421875
-52741.3056640625
-52659.490234375
-52549.0986328125
-52408.3447265625
-52235.44921875
-52028.642578125
-51786.1845703125
-51506.3681640625
-51187.5361328125
-50828.087890625
-50426.4951171875
-49981.3134765625
-49491.1953125
-48954.8974609375
-48371.294921875
-47739.400390625
-47058.361328125
-46327.48046875
-45546.2197265625
-44714.216796875
-43831.2841796875
-42897.4248046875
-41912.828125
-40877.8857421875
-39793.189453125
-38659.5341796875
-37477.919921875
-36249.5478515625
-34975.828125
-33658.365234375
-32298.9619140625
-30899.6064453125
-29462.4716796875
-27989.9013671875
-26484.404296875
-24948.6357421875
-23385.3935546875
-21797.599609375
-20188.283203125
-18560.5693359375
-16917.6611328125
-15262.8203125
-13599.3525390625
-11930.5859375
-10259.8544921875
-8590.4833984375
-6925.7587890625
-5268.92578125
-3623.154296875
-1991.5322265625
-377.04296875
1217.4443359375
2789.201171875
4335.6435546875
5854.3466796875
7343.064453125
8799.728515625
10222.46875
11609.611328125
12959.6904296875
14271.4501953125
15543.8505859375
16776.0615234375
17967.46875
19117.669921875
20226.46875
21293.8740234375
22320.0830078125
23305.4833984375
24250.640625
25156.28125
26023.2900390625
26852.685546875
27645.6162109375
28403.3388671875
29127.20703125
29818.65234375
30479.1669921875
31110.2939453125
31713.599609375
32290.669921875
32843.0830078125
33372.400390625
33880.1513671875
34367.8134765625
34836.806640625
35288.4755859375
35724.078125
36144.7783203125
36551.6337890625
36945.591796875
37327.478515625
37697.9951171875
38057.71875
38407.0927734375
38746.4306640625
39075.9150390625
39395.60546875
39705.4267578125
40005.193359375
40294.5947265625
40573.220703125
40840.5537109375
41095.98828125
41338.833984375
41568.3271484375
41783.6435546875
41983.90625
42168.1982421875
42335.5732421875
42485.0673828125
42615.7109375
42726.537109375
42816.5947265625
42884.9609375
42930.744140625
42953.0966796875
42951.224609375
42924.396484375
42871.9404296875
42793.263671875
42687.845703125
42555.25
42395.119140625
42207.185546875
41991.2666015625
41747.263671875
41475.1689453125
41175.052734375
40847.068359375
40491.44921875
40108.5009765625
39698.5966796875
39262.1767578125
38799.7412109375
38311.8408203125
37799.0751953125
37262.0869140625
36701.552734375
36118.1787109375
35512.697265625
34885.8564453125
34238.421875
33571.1640625
32884.861328125
32180.2880859375
31458.2216796875
30719.4326171875
29964.68359375
29194.7314453125
28410.3212890625
27612.1953125
26801.0830078125
25977.7109375
25142.798828125
24297.06640625
23441.2353515625
22576.0302734375
21702.18359375
20820.44140625
19931.5673828125
19036.3447265625
18135.58203125
17230.1181640625
16320.8251953125
15408.6123046875
14494.43359375
13579.2841796875
12664.20703125
11750.2958984375
10838.6962890625
9930.603515625
9027.2685546875
8129.9912109375
7240.1220703125
6359.064453125
5488.2607421875
4629.2021484375
3783.4111328125
2952.4453125
2137.8876953125
1341.341796875
564.419921875
-191.2548828125
-924.0732421875
-1632.4306640625
-2314.7509765625
-2969.484375
-3595.126953125
-4190.22265625
-4753.380859375
-5283.2744140625
-5778.6591796875
-6238.380859375
-6661.37890625
-7046.6962890625
-7393.4921875
-7701.0380859375
-7968.736328125
-8196.11328125
-8382.8310546875
-8528.685546875
-8633.6123046875
-8697.6884765625
-8721.126953125
-8704.28125
-8647.6435546875
-8551.833984375
-8417.6083984375
-8245.84375
-8037.5390625
-7793.8037109375
-7515.8544921875
-7205.0048828125
-6862.65625
-6490.2919921875
-6089.4638671875
-5661.7861328125
-5208.921875
-4732.5791015625
-4234.4912109375
-3716.416015625
-3180.12109375
-2627.3759765625
-2059.9453125
-1479.572265625
-887.9814453125
-286.8642578125
322.126953125
937.3818359375
1557.3408203125
2180.49609375
2805.3974609375
3430.658203125
4054.9482421875
4677.001953125
5295.6181640625
5909.6572265625
6518.041015625
7119.751953125
7713.8251953125
8299.357421875
8875.4892578125
9441.41015625
9996.3515625
10539.583984375
11070.4091796875
11588.1591796875
12092.1875
12581.8720703125
13056.6005859375
13515.7763671875
13958.806640625
14385.1064453125
14794.0927734375
15185.181640625
15557.7861328125
15911.3203125
16245.1923828125
16558.810546875
16851.5830078125
17122.9150390625
17372.2197265625
17598.9169921875
17802.43359375
17982.2138671875
18137.7236328125
18268.44921875
18373.9111328125
18453.6650390625
18507.30859375
18534.4921875
18534.916015625
18508.3466796875
18454.6142578125
18373.6259765625
18265.3681640625
18129.904296875
17967.3974609375
17778.09375
17562.341796875
17320.5859375
17053.37109375
16761.345703125
16445.2568359375
16105.9580078125
15744.3994140625
15361.6259765625
14958.7822265625
14537.099609375
14097.8935546875
13642.5615234375
13172.5703125
12689.4521484375
12194.8017578125
11690.25390625
11177.490234375
10658.220703125
10134.1748046875
9607.0947265625
9078.72265625
8550.79296875
8025.0205078125
7503.0908203125
6986.65234375
6477.306640625
5976.6015625
5486.017578125
5006.96484375
4540.7783203125
4088.705078125
3651.90625
3231.4482421875
2828.2998046875
2443.3251953125
2077.2958984375
1730.87109375
1404.6123046875
1098.9736328125
814.3115234375
550.8798828125
308.83984375
88.255859375
-110.89453125
-288.716796875
-445.3994140625
-581.203125
-696.4541015625
-791.54296875
-866.9189453125
-923.0751953125
-960.5546875
-979.9345703125
-981.8251953125
-966.86328125
-935.70703125
-889.0322265625
-827.5224609375
-751.8681640625
-662.771484375
-560.9248046875
-447.025390625
-321.76171875
-185.818359375
-39.87109375
115.412109375
279.37109375
451.357421875
630.7255859375
816.8408203125
1009.0732421875
1206.7978515625
1409.392578125
1616.236328125
1826.70703125
2040.1787109375
2256.025390625
2473.6083984375
2692.2880859375
2911.4072265625
3130.3056640625
3348.3046875
3564.7177734375
3778.837890625
3989.953125
4197.333984375
4400.2353515625
4597.904296875
4789.576171875
4974.4755859375
5151.8212890625
5320.8271484375
5480.7060546875
5630.6708984375
5769.9375
5897.7314453125
6013.291015625
6115.8662109375
6204.728515625
6279.1728515625
6338.5234375
6382.1328125
6409.3935546875
6419.736328125
6412.6357421875
6387.619140625
6344.2587890625
6282.1875
6201.0986328125
6100.7451171875
5980.9443359375
5841.5849609375
5682.623046875
5504.087890625
5306.0830078125
5088.7900390625
4852.462890625
4597.4375
4324.1279296875
4033.0234375
3724.6962890625
3399.7958984375
3059.0498046875
2703.2607421875
2333.3115234375
1950.1552734375
1554.8232421875
1148.4130859375
732.0927734375
307.099609375
-125.267578125
-563.650390625
-1006.62890625
-1452.732421875
-1900.4375
-2348.1767578125
-2794.3388671875
-3237.275390625
-3675.3076171875
-4106.7275390625
-4529.80859375
-4942.806640625
-5343.9697265625
-5731.541015625
-6103.7705078125
-6458.919921875
-6795.2685546875
-7111.123046875
-7404.8232421875
-7674.75390625
-7919.3486328125
-8137.1015625
-8326.572265625
-8486.400390625
-8615.30859375
-8712.11328125
-8775.728515625
-8805.185546875
-8799.6259765625
-8758.3203125
-8680.6708984375
-8566.2158203125
-8414.640625
-8225.7802734375
-7999.625
-7736.322265625
-7436.18359375
-7099.681640625
-6727.4580078125
-6320.3193359375
-5879.2353515625
-5405.3427734375
-4899.9365234375
-4364.47265625
-3800.5546875
-3209.935546875
-2594.505859375
-1956.2900390625
-1297.43359375
-620.1923828125
73.072265625
779.9130859375
1497.8017578125
2224.1484375
2956.310546875
3691.609375
4427.3486328125
5160.81640625
5889.3134765625
6610.166015625
7320.73046875
8018.4248046875
8700.7255859375
9365.1962890625
10009.4892578125
10631.3701171875
11228.7197265625
11799.5517578125
12342.01953125
12854.4296875
13335.24609375
13783.0966796875
14196.7880859375
14575.2978515625
14917.7890625
15223.6064453125
15492.2822265625
15723.529296875
15917.2451171875
16073.5126953125
16192.5869140625
16274.900390625
16321.05078125
16331.7958984375
16308.0439453125
16250.85546875
16161.419921875
16041.0517578125
15891.181640625
15713.34765625
15509.1767578125
15280.376953125
15028.724609375
14756.05859375
14464.2578125
14155.2353515625
13830.9306640625
13493.2880859375
13144.25390625
12785.763671875
12419.7314453125
12048.03515625
11672.5205078125
11294.9765625
10917.1376953125
10540.673828125
10167.1796875
9798.1787109375
9435.107421875
9079.3134765625
8732.052734375
8394.490234375
8067.6884765625
7752.6103515625
7450.1201171875
7160.9775390625
6885.83984375
6625.259765625
6379.693359375
6149.4873046875
5934.8994140625
5736.0791015625
5553.0869140625
5385.8916015625
5234.3642578125
5098.298828125
4977.3984375
4871.2880859375
4779.515625
4701.5576171875
4636.8193359375
4584.6435546875
4544.3076171875
4515.0361328125
4496.001953125
4486.322265625
4485.078125
4491.306640625
4504.0087890625
4522.15625
4544.6904296875
4570.5322265625
4598.5810546875
4627.7236328125
4656.837890625
4684.791015625
4710.451171875
4732.6865234375
4750.3720703125
4762.3935546875
4767.646484375
4765.048828125
4753.5322265625
4732.0595703125
4699.6181640625
4655.2294921875
4597.9443359375
4526.8583984375
4441.099609375
4339.849609375
4222.32421875
4087.798828125
3935.59375
3765.0830078125
3575.6982421875
3366.9248046875
3138.3125
2889.46484375
2620.0498046875
2329.80078125
2018.509765625
1686.03515625
1332.30078125
957.296875
561.076171875
143.7578125
-294.470703125
-753.3603515625
-1232.5966796875
-1731.7998046875
-2250.529296875
-2788.279296875
-3344.486328125
-3918.525390625
-4509.7119140625
-5117.310546875
-5740.5234375
-6378.5068359375
-7030.3623046875
-7695.14453125
-8371.865234375
-9059.4892578125
-9756.9462890625
-10463.1240234375
-11176.8818359375
-11897.048828125
-12622.4267578125
-13351.796875
-14083.9208984375
-14817.5517578125
-15551.4296875
-16284.294921875
-17014.8837890625
-17741.9453125
-18464.2392578125
-19180.5380859375
-19889.6416015625
-20590.3759765625
-21281.6005859375
-21962.216796875
-22631.1669921875
-23287.4482421875
-23930.1123046875
-24558.2666015625
-25171.091796875
-25767.833984375
-26347.8154296875
-26910.4365234375
-27455.1787109375
-27981.611328125
-28489.3876953125
-28978.2509765625
-29448.037109375
-29898.671875
-30330.1708984375
-30742.638671875
-31136.2734375
-31511.35546875
-31868.248046875
-32207.3935546875
-32529.314453125
-32834.591796875
-33123.87890625
-33397.8818359375
-33657.3505859375
-33903.0830078125
-34135.9013671875
-34356.65625
-34566.2021484375
-34765.404296875
-34955.1142578125
-35136.1669921875
-35309.3671875
-35475.478515625
-35635.21484375
-35789.2275390625
-35938.099609375
-36082.3310546875
-36222.3310546875
-36358.4140625
-36490.7841796875
-36619.5361328125
-36744.64453125
-36865.9580078125
-36983.203125
-37095.9697265625
-37203.720703125
-37305.787109375
-37401.36328125
-37489.5234375
-37569.208984375
-37639.24609375
-37698.345703125
-37745.1123046875
-37778.0537109375
-37795.5908203125
-37796.06640625
-37777.7587890625
-37738.8974609375
-37677.6708984375
-37592.2470703125
-37480.7841796875
-37341.4482421875
-37172.4287109375
-36971.9560546875
-36738.3125
-36469.8544921875
-36165.025390625
-35822.369140625
-35440.5517578125
-35018.3642578125
-34554.748046875
-34048.796875
-33499.77734375
-32907.130859375
-32270.48828125
-31589.6748046875
-30864.716796875
-30095.8466796875
-29283.5009765625
-28428.3330078125
-27531.2001953125
-26593.1728515625
-25615.5205078125
-24599.716796875
-23547.42578125
-22460.4990234375
-21340.9638671875
-20191.01171875
-19012.98828125
-17809.3828125
-16582.80859375
-15335.990234375
-14071.7529296875
-12793.001953125
-11502.701171875
-10203.8701171875
-8899.5537109375
-7592.810546875
-6286.7001953125
-4984.2568359375
-3688.4814453125
-2402.3251953125
-1128.6708984375
129.6796875
1370.015625
2589.732421875
3786.3427734375
4957.4853515625
6100.9365234375
7214.6103515625
8296.57421875
9345.0478515625
10358.40625
11335.185546875
12274.0830078125
13173.9541015625
14033.8134765625
14852.8310546875
15630.3310546875
16365.7841796875
17058.802734375
17709.1328125
18316.6552734375
18881.3642578125
19403.3740234375
19882.8984375
20320.2490234375
20715.8212890625
21070.09375
21383.6103515625
21656.9736328125
21890.84375
22085.9169921875
22242.9345703125
22362.6552734375
22445.8701171875
22493.37890625
22505.9970703125
22484.54296875
22429.8359375
22342.6943359375
22223.9345703125
22074.36328125
21894.78125
21685.9765625
21448.734375
21183.828125
20892.0244140625
20574.083984375
20230.7626953125
19862.8134765625
19470.9873046875
19056.041015625
18618.7314453125
18159.8251953125
17680.0947265625
17180.3251953125
16661.3154296875
16123.8759765625
15568.837890625
14997.0439453125
14409.3583984375
13806.6640625
13189.8583984375
12559.8603515625
11917.6025390625
11264.03125
10600.1103515625
9926.810546875
9245.111328125
8555.998046875
7860.458984375
7159.4814453125
6454.0439453125
5745.1201171875
5033.671875
4320.642578125
3606.9541015625
2893.5146484375
2181.1962890625
1470.8466796875
763.283203125
59.2861328125
-640.3955078125
-1335.0498046875
-2024.00390625
-2706.6201171875
-3382.296875
-4050.466796875
-4710.59765625
-5362.1884765625
-6004.7666015625
-6637.8828125
-7261.1123046875
-7874.0439453125
-8476.28125
-9067.4365234375
-9647.123046875
-10214.951171875
-10770.5302734375
-11313.4482421875
-11843.2841796875
-12359.5888671875
-12861.8916015625
-13349.6884765625
-13822.443359375
-14279.583984375
-14720.505859375
-15144.5556640625
-15551.044921875
-15939.2470703125
-16308.396484375
-16657.6923828125
-16986.3017578125
-17293.365234375
-17577.998046875
-17839.3046875
-18076.375
-18288.30078125
-18474.1806640625
-18633.1318359375
-18764.2998046875
-18866.8662109375
-18940.0634765625
-18983.185546875
-18995.5966796875
-18976.7470703125
-18926.18359375
-18843.556640625
-18728.6376953125
-18581.3251953125
-18401.65234375
-18189.8046875
-17946.115234375
-17671.08203125
-17365.3671875
-17029.8037109375
-16665.3955078125
-16273.32421875
-15854.9404296875
-15411.767578125
-14945.4970703125
-14457.9814453125
-13951.2265625
-13427.384765625
-12888.7431640625
-12337.7109375
-11776.806640625
-11208.6435546875
-10635.91015625
-10061.357421875
-9487.775390625
-8917.9794921875
-8354.7802734375
-7800.974609375
-7259.318359375
-6732.5009765625
-6223.1328125
-5733.7197265625
-5266.6435546875
-4824.1376953125
-4408.275390625
-4020.947265625
-3663.84375
-3338.4423828125
-3045.98828125
-2787.4921875
-2563.7080078125
-2375.1328125
-2221.994140625
-2104.2490234375
-2021.583984375
-1973.4072265625
-1958.857421875
-1976.8046875
-2025.859375
-2104.376953125
-2210.470703125
-2342.0283203125
-2496.7158203125
-2672.00390625
-2865.1826171875
-3073.376953125
-3293.5712890625
-3522.6318359375
-3757.32421875
-3994.34375
-4230.33203125
-4461.9072265625
-4685.685546875
-4898.3046875
-5096.453125
-5276.8837890625
-5436.447265625
-5572.1123046875
-5680.9765625
-5760.3046875
-5807.5283203125
-5820.2783203125
-5796.3935546875
-5733.931640625
-5631.1884765625
-5486.7080078125
-5299.287109375
-5067.9833984375
-4792.1201171875
-4471.2939453125
-4105.3671875
-3694.4765625
-3239.0244140625
-2739.6748046875
-2197.349609375
-1613.2197265625
-988.697265625
-325.4208984375
374.7490234375
1109.7490234375
1877.3271484375
2675.052734375
3500.337890625
4350.447265625
5222.5224609375
6113.595703125
7020.60546875
7940.41796875
8869.8408203125
9805.64453125
10744.578125
11683.3857421875
12618.82421875
13547.6767578125
14466.7734375
15373.0
16263.3193359375
17134.7734375
17984.51171875
18809.7890625
19607.9833984375
20376.60546875
21113.302734375
21815.8779296875
22482.2861328125
23110.64453125
23699.244140625
24246.54296875
24751.177734375
25211.96875
25627.91015625
25998.1884765625
26322.171875
26599.4072265625
26829.6298828125
27012.7548828125
27148.876953125
27238.2685546875
27281.37109375
27278.80078125
27231.3330078125
27139.9052734375
27005.6083984375
26829.677734375
26613.494140625
26358.568359375
26066.5361328125
25739.1552734375
25378.2880859375
24985.9013671875
24564.0498046875
24114.87109375
23640.5732421875
23143.4296875
22625.7626953125
22089.9326171875
21538.333984375
20973.3779296875
20397.484375
19813.0693359375
19222.5361328125
18628.263671875
18032.59375
17437.8212890625
16846.189453125
16259.87109375
15680.9658203125
15111.4892578125
14553.357421875
14008.3935546875
13478.310546875
12964.7041015625
12469.048828125
11992.6982421875
11536.873046875
11102.662109375
10691.0185546875
10302.7578125
9938.5634765625
9598.978515625
9284.4150390625
8995.1474609375
8731.330078125
8492.9853515625
8280.0234375
8092.2392578125
7929.322265625
7790.8642578125
7676.3642578125
7585.2470703125
7516.8603515625
7470.4892578125
7445.3671875
7440.6865234375
7455.607421875
7489.2607421875
7540.771484375
7609.255859375
7693.8349609375
7793.6484375
7907.849609375
8035.625
8176.1943359375
8328.8154296875
8492.7919921875
8667.4755859375
8852.267578125
9046.6201171875
9250.0390625
9462.0810546875
9682.349609375
9910.4970703125
10146.216796875
10389.2421875
10639.3359375
10896.287109375
11159.9013671875
11429.99609375
11706.3876953125
11988.88671875
12277.291015625
12571.365234375
12870.8447265625
13175.41796875
13484.7236328125
13798.3349609375
14115.7626953125
14436.435546875
14759.7041015625
15084.830078125
15410.984375
15737.248046875
16062.59765625
16385.921875
16706.0078125
17021.5537109375
17331.1708984375
17633.384765625
17926.642578125
18209.330078125
18479.76953125
18736.240234375
18976.982421875
19200.2197265625
19404.166015625
19587.0478515625
19747.109375
19882.6455078125
19992.0029296875
20073.607421875
20125.9765625
20147.7431640625
20137.66015625
20094.6328125
20017.720703125
19906.1611328125
19759.37890625
19577.0029296875
19358.869140625
19105.0419921875
18815.810546875
18491.7021484375
18133.486328125
17742.173828125
17319.0166015625
16865.5087890625
16383.3837890625
15874.599609375
15341.34375
14786.0107421875
14211.197265625
13619.6845703125
13014.423828125
12398.5166015625
11775.19921875
11147.8173828125
10519.810546875
9894.6787109375
9275.97265625
8667.2568359375
8072.09375
7494.0107421875
6936.484375
6402.908203125
5896.5732421875
5420.6416015625
4978.126953125
4571.865234375
4204.5068359375
3878.4873046875
3596.017578125
3359.05859375
3169.3193359375
3028.2373046875
2936.97265625
2896.3994140625
2907.099609375
2969.3623046875
3083.177734375
3248.248046875
3463.9814453125
3729.501953125
4043.66015625
4405.0361328125
4811.955078125
5262.5029296875
5754.5322265625
6285.6943359375
6853.4365234375
7455.0390625
8087.6240234375
8748.181640625
9433.5849609375
10140.6162109375
10865.98828125
11606.365234375
12358.384765625
13118.67578125
13883.8828125
14650.6865234375
15415.822265625
16176.09375
16928.3984375
17669.7412109375
18397.2412109375
19108.1611328125
19799.904296875
20470.033203125
21116.2783203125
21736.544921875
22328.91796875
22891.671875
23423.2626953125
23922.3447265625
24387.7607421875
24818.541015625
25213.9091796875
25573.2685546875
25896.201171875
26182.46484375
26431.984375
26644.8427734375
26821.271484375
26961.6455078125
27066.4716796875
27136.3740234375
27172.09375
27174.46875
27144.423828125
27082.9658203125
26991.1669921875
26870.1552734375
26721.109375
26545.234375
26343.7705078125
26117.9697265625
25869.0947265625
25598.404296875
25307.150390625
24996.5703125
24667.87890625
24322.2646484375
23960.8818359375
23584.849609375
23195.2470703125
22793.111328125
22379.4326171875
21955.15625
21521.1796875
21078.3515625
20627.478515625
20169.3154296875
19704.5751953125
19233.9296875
18758.0068359375
18277.3974609375
17792.6640625
17304.3271484375
16812.88671875
16318.8134765625
15822.5625
15324.564453125
14825.2392578125
14324.9951171875
13824.234375
13323.3525390625
12822.74609375
12322.8095703125
11823.943359375
11326.5498046875
10831.0400390625
10337.8330078125
9847.357421875
9360.046875
8876.3486328125
8396.7138671875
7921.60546875
7451.48828125
6986.8330078125
6528.115234375
6075.806640625
5630.3779296875
5192.294921875
4762.0107421875
4339.9677734375
3926.591796875
3522.291015625
3127.443359375
2742.40625
2367.5029296875
2003.0166015625
1649.197265625
1306.251953125
974.3408203125
653.576171875
344.01953125
45.6796875
-241.48828125
-517.5869140625
-782.771484375
-1037.2587890625
-1281.3193359375
-1515.28125
-1739.5244140625
-1954.4833984375
-2160.640625
-2358.5322265625
-2548.73046875
-2731.8505859375
-2908.5439453125
-3079.4931640625
-3245.4052734375
-3407.0078125
-3565.04296875
-3720.26171875
-3873.416015625
-4025.2548828125
-4176.517578125
-4327.923828125
-4480.173828125
-4633.935546875
-4789.84375
-4948.4912109375
-5110.4228515625
-5276.1337890625
-5446.0634765625
-5620.5849609375
-5800.0146484375
-5984.59375
-6174.4970703125
-6369.8232421875
-6570.5966796875
-6776.7685546875
-6988.20703125
-7204.7099609375
-7425.994140625
-7651.705078125
-7881.412109375
-8114.6142578125
-8350.7412109375
-8589.16015625
-8829.173828125
-9070.0263671875
-9310.912109375
-9550.97265625
-9789.306640625
-10024.974609375
-10257.00390625
-10484.392578125
-10706.115234375
-10921.130859375
-11128.384765625
-11326.8173828125
-11515.369140625
-11692.984375
-11858.6171875
-12011.236328125
-12149.83203125
-12273.419921875
-12381.0419921875
-12471.779296875
-12544.744140625
-12599.09765625
-12634.044921875
-12648.8408203125
-12642.79296875
-12615.2646484375
-12565.6826171875
-12493.5341796875
-12398.3701171875
-12279.8125
-12137.552734375
-11971.3544921875
-11781.0576171875
-11566.580078125
-11327.9169921875
-11065.1435546875
-10778.421875
-10467.9931640625
-10134.1875
-9777.4208984375
-9398.1943359375
-8997.099609375
-8574.814453125
-8132.1103515625
-7669.8408203125
-7188.951171875
-6690.4755859375
-6175.5341796875
-5645.3271484375
-5101.1435546875
-4544.349609375
-3976.392578125
-3398.7880859375
-2813.130859375
-2221.072265625
-1624.3330078125
-1024.685546875
-423.953125
175.99609375
773.259765625
1365.9013671875
1951.9677734375
2529.490234375
3096.4951171875
3651.0126953125
4191.0859375
4714.78125
5220.1962890625
5705.47265625
6168.7998046875
6608.43359375
7022.6943359375
7409.9873046875
7768.8037109375
8097.736328125
8395.4794921875
8660.845703125
8892.76953125
9090.3076171875
9252.6611328125
9379.1630859375
9469.2919921875
9522.677734375
9539.1005859375
9518.4921875
9460.9423828125
9366.69140625
9236.138671875
9069.83203125
8868.46875
8632.900390625
8364.111328125
8063.2314453125
7731.51953125
7370.3564453125
6981.2490234375
6565.8037109375
6125.736328125
5662.8525390625
5179.0400390625
4676.2607421875
4156.5390625
3621.951171875
3074.6162109375
2516.6806640625
1950.3173828125
1377.703125
801.017578125
222.4267578125
-355.927734375
-931.931640625
-1503.51171875
-2068.6513671875
-2625.3857421875
-3171.8232421875
-3706.1474609375
-4226.62109375
-4731.6025390625
-5219.5400390625
-5688.98828125
-6138.6044921875
-6567.1630859375
-6973.5439453125
-7356.755859375
-7715.91796875
-8050.279296875
-8359.208984375
-8642.203125
-8898.87890625
-9128.9794921875
-9332.3759765625
-9509.05078125
-9659.115234375
-9782.7939453125
-9880.423828125
-9952.4541015625
-9999.4384765625
-10022.0341796875
-10020.98828125
-9997.146484375
-9951.435546875
-9884.8583984375
-9798.4921875
-9693.4775390625
-9571.0146484375
-9432.3515625
-9278.779296875
-9111.619140625
-8932.2216796875
-8741.9541015625
-8542.1904296875
-8334.306640625
-8119.6689453125
-7899.626953125
-7675.501953125
-7448.5869140625
-7220.1279296875
-6991.322265625
-6763.3115234375
-6537.171875
-6313.90625
-6094.44140625
-5879.6220703125
-5670.2021484375
-5466.83984375
-5270.1025390625
-5080.453125
-4898.2509765625
-4723.7548828125
-4557.1142578125
-4398.375
-4247.48046875
-4104.2685546875
-3968.4755859375
-3839.7451171875
-3717.623046875
-3601.572265625
-3490.9658203125
-3385.1083984375
-3283.2314453125
-3184.50390625
-3088.0439453125
-2992.919921875
-2898.169921875
-2802.798828125
-2705.798828125
-2606.1494140625
-2502.8359375
-2394.849609375
-2281.205078125
-2160.9462890625
-2033.1552734375
-1896.958984375
-1751.544921875
-1596.1533203125
-1430.103515625
-1252.7841796875
-1063.6708984375
-862.31640625
-648.375
-421.583984375
-181.787109375
71.0830078125
336.9892578125
615.798828125
907.275390625
1211.091796875
1526.8173828125
1853.939453125
2191.845703125
2539.841796875
2897.154296875
3262.9267578125
3636.234375
4016.08203125
4401.4169921875
4791.1201171875
5184.0302734375
5578.935546875
5974.580078125
6369.6748046875
6762.8984375
7152.900390625
7538.3115234375
7917.734375
8289.7666015625
8652.9853515625
9005.9599609375
9347.2548828125
9675.42578125
9989.0263671875
10286.607421875
10566.7216796875
10827.921875
11068.7587890625
11287.7880859375
11483.5732421875
11654.6748046875
11799.666015625
11917.123046875
12005.6337890625
12063.798828125
12090.2275390625
12083.5517578125
12042.4208984375
11965.509765625
11851.5234375
11699.2001953125
11507.3203125
11274.7109375
11000.2548828125
10682.8994140625
10321.662109375
9915.6396484375
9464.0244140625
8966.1044921875
8421.2841796875
7829.0849609375
7189.166015625
6501.328125
5765.53125
4981.8974609375
4150.7265625
3272.5068359375
2347.9208984375
1377.8603515625
363.4228515625
-694.0673828125
-1793.0654296875
-2931.794921875
-4108.2431640625
-5320.1669921875
-6565.0869140625
-7840.29296875
-9142.8408203125
-10469.568359375
-11817.0869140625
-13181.80859375
-14559.9423828125
-15947.5166015625
-17340.3876953125
-18734.2568359375
-20124.689453125
-21507.134765625
-22876.94921875
-24229.412109375
-25559.7587890625
-26863.1953125
-28134.9365234375
-29370.2177734375
-30564.3349609375
-31712.6650390625
-32810.69921875
-33854.0615234375
-34838.5458984375
-35760.1357421875
-36615.03515625
-37399.6923828125
-38110.8193359375
-38745.421875
-39300.81640625
-39774.6494140625
-40164.9169921875
-40469.9765625
-40688.5615234375
-40819.7978515625
-40863.203125
-40818.6962890625
-40686.6044921875
-40467.66015625
-40162.9951171875
-39774.1455078125
-39303.0361328125
-38751.9736328125
-38123.6357421875
-37421.0546875
-36647.595703125
-35806.9443359375
-34903.0849609375
-33940.26953125
-32922.9990234375
-31855.9970703125
-30744.17578125
-29592.611328125
-28406.517578125
-27191.203125
-25952.052734375
-24694.486328125
-23423.935546875
-22145.8037109375
-20865.4443359375
-19588.1220703125
-18318.9912109375
-17063.060546875
-15825.1728515625
-14609.978515625
-13421.9072265625
-12265.1484375
-11143.638671875
-10061.0302734375
-9020.689453125
-8025.6767578125
-7078.732421875
-6182.2763671875
-5338.3955078125
-4548.8447265625
-3815.0400390625
-3138.0634765625
-2518.6689453125
-1957.2802734375
-1454.005859375
-1008.6435546875
-620.6953125
-289.3779296875
-13.6396484375
207.8212890625
376.5478515625
494.294921875
563.015625
584.83984375
562.0546875
497.08203125
392.4560546875
250.802734375
74.8212890625
-132.73828125
-369.0966796875
-631.4658203125
-917.0625
-1223.12890625
-1546.9560546875
-1885.880859375
-2237.322265625
-2598.783203125
-2967.8583984375
-3342.2509765625
-3719.7802734375
-4098.3896484375
-4476.1455078125
-4851.2490234375
-5222.0380859375
-5586.9814453125
-5944.6875
-6293.90234375
-6633.4970703125
-6962.478515625
-7279.9755859375
-7585.234375
-7877.6171875
-8156.591796875
-8421.7236328125
-8672.669921875
-8909.171875
-9131.0439453125
-9338.1708984375
-9530.48828125
-9707.990234375
-9870.7080078125
-10018.7099609375
-10152.091796875
-10270.9697265625
-10375.4775390625
-10465.7548828125
-10541.9501953125
-10604.212890625
-10652.685546875
-10687.513671875
-10708.8330078125
-10716.76953125
-10711.4462890625
-10692.9765625
-10661.4697265625
-10617.0302734375
-10559.759765625
-10489.763671875
-10407.150390625
-10312.0390625
-10204.5556640625
-10084.8505859375
-9953.0888671875
-9809.4658203125
-9654.2060546875
-9487.5693359375
-9309.853515625
-9121.4013671875
-8922.60546875
-8713.9052734375
-8495.7978515625
-8268.8369140625
-8033.63671875
-7790.8720703125
-7541.28125
-7285.6640625
-7024.884765625
-6759.873046875
-6491.6162109375
-6221.162109375
-5949.6181640625
-5678.1435546875
-5407.9501953125
-5140.294921875
-4876.474609375
-4617.8271484375
-4365.71875
-4121.5380859375
-3886.6943359375
-3662.609375
-3450.70703125
-3252.408203125
-3069.1259765625
-2902.2509765625
-2753.1552734375
-2623.169921875
-2513.5888671875
-2425.6591796875
-2360.5673828125
-2319.4423828125
-2303.3349609375
-2313.228515625
-2350.013671875
-2414.49609375
-2507.3837890625
-2629.283203125
-2780.6923828125
-2962.00390625
-3173.486328125
-3415.294921875
-3687.4599609375
-3989.8837890625
-4322.34375
-4684.4873046875
-5075.8291015625
-5495.7509765625
-5943.5078125
-6418.2197265625
-6918.8740234375
-7444.3359375
-7993.337890625
-8564.4912109375
-9156.2890625
-9767.1025390625
-10395.197265625
-11038.728515625
-11695.75390625
-12364.23046875
-13042.0361328125
-13726.9580078125
-14416.72265625
-15108.984375
-15801.3466796875
-16491.36328125
-17176.5546875
-17854.416015625
-18522.4267578125
-19178.0576171875
-19818.7919921875
-20442.1240234375
-21045.5849609375
-21626.736328125
-22183.197265625
-22712.6494140625
-23212.845703125
-23681.6240234375
-24116.9189453125
-24516.7705078125
-24879.333984375
-25202.890625
-25485.8564453125
-25726.7861328125
-25924.3896484375
-26077.5302734375
-26185.236328125
-26246.701171875
-26261.294921875
-26228.560546875
-26148.2236328125
-26020.1806640625
-25844.5185546875
-25621.4970703125
-25351.5546875
-25035.3046875
-24673.53515625
-24267.1943359375
-23817.3955078125
-23325.4033203125
-22792.6298828125
-22220.6240234375
-21611.0654296875
-20965.74609375
-20286.5751953125
-19575.55078125
-18834.759765625
-18066.3603515625
-17272.5751953125
-16455.671875
-15617.9541015625
-14761.7509765625
-13889.404296875
-13003.25
-12105.611328125
-11198.7890625
-10285.0498046875
-9366.609375
-8445.630859375
-7524.2109375
-6604.37109375
-5688.052734375
-4777.1103515625
-3873.30078125
-2978.2861328125
-2093.62109375
-1220.7568359375
-361.0400390625
484.30078125
1314.1357421875
2127.4501953125
2923.333984375
3700.98046875
4459.681640625
5198.83203125
5917.9111328125
6616.486328125
7294.2080078125
7950.7939453125
8586.03515625
9199.7763671875
9791.916015625
10362.3955078125
10911.193359375
11438.3134765625
11943.7841796875
12427.640625
12889.9267578125
13330.6826171875
13749.939453125
14147.7138671875
14523.9990234375
14878.76171875
15211.9375
15523.4248046875
15813.0810546875
16080.724609375
16326.125
16549.0048828125
16749.04296875
16925.8671875
17079.05859375
17208.1552734375
17312.6474609375
17391.990234375
17445.59765625
17472.8505859375
17473.1044921875
17445.6875
17389.916015625
17305.091796875
17190.515625
17045.4921875
16869.3330078125
16661.3740234375
16420.9775390625
16147.5419921875
15840.509765625
15499.3779296875
15123.70703125
14713.125
14267.34375
13786.162109375
13269.474609375
12717.2802734375
12129.693359375
11506.9462890625
10849.3955078125
10157.53515625
9431.994140625
8673.5478515625
7883.12109375
7061.787109375
6210.7763671875
5331.4814453125
4425.4482421875
3494.384765625
2540.1591796875
1564.796875
570.4794921875
-440.4580078125
-1465.5341796875
-2502.119140625
-3547.4521484375
-4598.63671875
-5652.658203125
-6706.3857421875
-7756.58984375
-8799.9423828125
-9833.04296875
-10852.416015625
-11854.5361328125
-12835.8369140625
-13792.7236328125
-14721.5986328125
-15618.861328125
-16480.939453125
-17304.294921875
-18085.4482421875
-18820.9892578125
-19507.6005859375
-20142.0703125
-20721.3076171875
-21242.365234375
-21702.4501953125
-22098.943359375
-22429.412109375
-22691.623046875
-22883.56640625
-23003.4521484375
-23049.7373046875
-23021.1298828125
-22916.599609375
-22735.384765625
-22477.0029296875
-22141.255859375
-21728.234375
-21238.3173828125
-20672.1826171875
-20030.7958984375
-19315.419921875
-18527.60546875
-17669.18359375
-16742.2724609375
-15749.255859375
-14692.78125
-13575.751953125
-12401.306640625
-11172.8134765625
-9893.8583984375
-8568.220703125
-7199.8623046875
-5792.91015625
-4351.6357421875
-2880.4384765625
-1383.8251953125
133.6123046875
1667.2138671875
3212.2783203125
4764.0751953125
6317.8759765625
7868.966796875
9412.677734375
10944.39453125
12459.5849609375
13953.8173828125
15422.7744140625
16862.283203125
18268.3193359375
19637.02734375
20964.7421875
22247.99609375
23483.5302734375
24668.318359375
25799.55859375
26874.7001953125
27891.4375
28847.7255859375
29741.779296875
30572.078125
31337.3671875
32036.6611328125
32669.2373046875
33234.638671875
33732.666015625
34163.376953125
34527.076171875
34824.310546875
35055.857421875
35222.7216796875
35326.1171875
35367.4609375
35348.3623046875
35270.60546875
35136.1396484375
34947.06640625
34705.6220703125
34414.1689453125
34075.173828125
33691.201171875
33264.892578125
32798.9599609375
32296.1591796875
31759.291015625
31191.1767578125
30594.6494140625
29972.5439453125
29327.67578125
28662.84375
27980.8056640625
27284.27734375
26575.9189453125
25858.330078125
25134.0341796875
24405.4853515625
23675.046875
22944.99609375
22217.517578125
21494.6962890625
20778.5166015625
20070.8603515625
19373.505859375
18688.1220703125
18016.2763671875
17359.423828125
16718.9189453125
16096.0078125
15491.8349609375
14907.4423828125
14343.7734375
13801.673828125
13281.892578125
12785.0908203125
12311.8369140625
11862.615234375
11437.826171875
11037.787109375
10662.7431640625
10312.857421875
9988.2265625
9688.873046875
9414.7529296875
9165.7568359375
8941.7109375
8742.37890625
8567.46484375
8416.6123046875
8289.41015625
8185.384765625
8104.0107421875
8044.703125
8006.826171875
7989.6904296875
7992.5478515625
8014.603515625
8055.005859375
8112.853515625
8187.1953125
8277.02734375
8381.30078125
8498.9169921875
8628.73046875
8769.5576171875
8920.166015625
9079.2890625
9245.619140625
9417.8203125
9594.5234375
9774.3349609375
9955.8388671875
10137.6005859375
10318.1767578125
10496.1142578125
10669.9580078125
10838.2607421875
10999.58203125
11152.50390625
11295.625
11427.5810546875
11547.0390625
11652.7158203125
11743.3759765625
11817.84375
11875.0048828125
11913.8232421875
11933.3330078125
11932.66015625
11911.0146484375
11867.7021484375
11802.1357421875
11713.826171875
11602.396484375
11467.58203125
11309.2353515625
11127.32421875
10921.935546875
10693.279296875
10441.68359375
10167.5947265625
9871.580078125
9554.3193359375
9216.6044921875
8859.337890625
8483.5283203125
8090.2763671875
7680.78125
7256.3232421875
6818.265625
6368.0390625
5907.1337890625
5437.09765625
4959.5166015625
4476.01171875
3988.2265625
3497.8154296875
3006.435546875
2515.734375
2027.3388671875
1542.8427734375
1063.8017578125
591.71484375
128.0234375
-325.9072265625
-768.7890625
-1199.4306640625
-1616.7314453125
-2019.703125
-2407.4658203125
-2779.259765625
-3134.44921875
-3472.5263671875
-3793.11328125
-4095.96875
-4380.98046875
-4648.1767578125
-4897.71875
-5129.8994140625
-5345.138671875
-5543.9873046875
-5727.1162109375
-5895.306640625
-6049.44921875
-6190.5400390625
-6319.6611328125
-6437.9775390625
-6546.728515625
-6647.2138671875
-6740.7822265625
-6828.8212890625
-6912.744140625
-6993.9765625
-7073.9443359375
-7154.0634765625
-7235.71875
-7320.2607421875
-7408.98828125
-7503.13671875
-7603.8642578125
-7712.2412109375
-7829.244140625
-7955.73828125
-8092.470703125
-8240.06640625
-8399.009765625
-8569.6513671875
-8752.193359375
-8946.6884765625
-9153.0302734375
-9370.9638671875
-9600.0751953125
-9839.7919921875
-10089.3896484375
-10347.98828125
-10614.5673828125
-10887.9560546875
-11166.8515625
-11449.8212890625
-11735.314453125
-12021.6669921875
-12307.1171875
-12589.81640625
-12867.8349609375
-13139.18359375
-13401.8212890625
-13653.673828125
-13892.63671875
-14116.607421875
-14323.4873046875
-14511.1962890625
-14677.6923828125
-14820.984375
-14939.1474609375
-15030.3330078125
-15092.7841796875
-15124.8505859375
-15124.998046875
-15091.822265625
-15024.0498046875
-14920.5673828125
-14780.41015625
-14602.7822265625
-14387.05859375
-14132.791015625
-13839.71484375
-13507.7548828125
-13137.0185546875
-12727.80859375
-12280.6162109375
-11796.1259765625
-11275.208984375
-10718.9248046875
-10128.5146484375
-9505.3994140625
-8851.1748046875
-8167.6025390625
-7456.6083984375
-6720.265625
-5960.8046875
-5180.58203125
-4382.0888671875
-3567.9326171875
-2740.8310546875
-1903.599609375
-1059.142578125
-210.439453125
639.4609375
1487.4560546875
2330.400390625
3165.115234375
3988.4013671875
4797.0478515625
5587.8486328125
6357.607421875
7103.15625
7821.357421875
8509.1259765625
9163.4296875
9781.310546875
10359.8857421875
10896.361328125
11388.046875
11832.3642578125
12226.8544921875
12569.1865234375
12857.1767578125
13088.7841796875
13262.130859375
13375.505859375
13427.3759765625
13416.3876953125
13341.384765625
13201.408203125
12995.7041015625
12723.7314453125
12385.166015625
11979.9091796875
11508.0869140625
10970.0546875
10366.4052734375
9697.9619140625
8965.787109375
8171.181640625
7315.67578125
6401.0390625
5429.2705078125
4402.59765625
3323.4658203125
2194.5380859375
1018.6884765625
-201.01171875
-1461.2998046875
-2758.7314453125
-4089.6962890625
-5450.4248046875
-6837.009765625
-8245.4130859375
-9671.484375
-11110.9775390625
-12559.5693359375
-14012.8740234375
-15466.4677734375
-16915.8935546875
-18356.697265625
-19784.43359375
-21194.69140625
-22583.1162109375
-23945.419921875
-25277.41015625
-26575.001953125
-27834.23828125
-29051.3095703125
-30222.5634765625
-31344.5341796875
-32413.9404296875
-33427.716796875
-34383.0107421875
-35277.2060546875
-36107.9296875
-36873.0576171875
-37570.7314453125
-38199.3486328125
-38757.5859375
-39244.3935546875
-39658.9931640625
-40000.88671875
-40269.8486328125
-40465.927734375
-40589.4404296875
-40640.9677734375
-40621.345703125
-40531.6572265625
-40373.228515625
-40147.609375
-39856.572265625
-39502.08984375
-39086.33203125
-38611.638671875
-38080.51953125
-37495.630859375
-36859.759765625
-36175.8115234375
-35446.7900390625
-34675.7861328125
-33865.9521484375
-33020.501953125
-32142.6748046875
-31235.732421875
-30302.94140625
-29347.560546875
-28372.814453125
-27381.89453125
-26377.935546875
-25364.0068359375
-24343.099609375
-23318.1142578125
-22291.8515625
-21267.005859375
-20246.1474609375
-19231.720703125
-18226.0380859375
-17231.2744140625
-16249.453125
-15282.451171875
-14331.9912109375
-13399.6435546875
-12486.8134765625
-11594.751953125
-10724.5498046875
-9877.1376953125
-9053.2919921875
-8253.626953125
-7478.611328125
-6728.55859375
-6003.6376953125
-5303.8759765625
-4629.166015625
-3979.26953125
-3353.81640625
-2752.330078125
-2174.2109375
-1618.7607421875
-1085.1826171875
-572.5859375
-80.005859375
393.60546875
849.3544921875
1288.4091796875
1711.984375
2121.33984375
2517.765625
2902.5751953125
3277.103515625
3642.693359375
4000.6826171875
4352.4140625
4699.2109375
5042.376953125
5383.19140625
5722.900390625
6062.71484375
6403.7958984375
6747.265625
7094.189453125
7445.57421875
7802.37109375
8165.466796875
8535.685546875
8913.78125
9300.4423828125
9696.28515625
10101.859375
10517.640625
10944.0400390625
11381.3916015625
11829.9697265625
12289.9755859375
12761.548828125
13244.7646484375
13739.634765625
14246.1171875
14764.1064453125
15293.4482421875
15833.9345703125
16385.30859375
16947.2685546875
17519.4658203125
18101.5166015625
18692.9892578125
19293.4248046875
19902.32421875
20519.15625
21143.3623046875
21774.3525390625
22411.509765625
23054.19140625
23701.7275390625
24353.42578125
25008.572265625
25666.427734375
26326.232421875
26987.2060546875
27648.544921875
28309.4267578125
28969.01171875
29626.4375
30280.826171875
30931.279296875
31576.888671875
32216.7255859375
32849.8505859375
33475.310546875
34092.1484375
34699.3984375
35296.087890625
35881.248046875
36453.912109375
37013.119140625
37557.9228515625
38087.388671875
38600.60546875
39096.6884765625
39574.783203125
40034.0732421875
40473.78515625
40893.1943359375
41291.6279296875
41668.4765625
42023.1982421875
42355.318359375
42664.4423828125
42950.2568359375
43212.5341796875
43451.138671875
43666.0263671875
43857.251953125
44024.96875
44169.431640625
44290.9951171875
44390.1162109375
44467.353515625
44523.361328125
44558.888671875
44574.7802734375
44571.96484375
44551.455078125
44514.3359375
44461.759765625
44394.9423828125
44315.1455078125
44223.6767578125
44121.8701171875
44011.08203125
43892.6767578125
43768.0166015625
43638.4541015625
43505.3056640625
43369.861328125
43233.35546875
43096.962890625
42961.7880859375
42828.8525390625
42699.087890625
42573.3212890625
42452.275390625
42336.5537109375
42226.63671875
42122.8818359375
42025.5078125
41934.6064453125
41850.1279296875
41771.8896484375
41699.578125
41632.7421875
41570.80859375
41513.078125
41458.740234375
41406.8740234375
41356.46484375
41306.404296875
41255.5146484375
41202.5478515625
41146.208984375
41085.162109375
41018.0498046875
40943.505859375
40860.169921875
40766.697265625
40661.7880859375
40544.1865234375
40412.69921875
40266.2158203125
40103.712890625
39924.2724609375
39727.08984375
39511.484375
39276.91015625
39022.9619140625
38749.37890625
38456.0595703125
38143.0517578125
37810.56640625
37458.96875
37088.7822265625
36700.685546875
36295.50390625
35874.2080078125
35437.90625
34987.833984375
34525.3408203125
34051.8857421875
33569.021484375
33078.3779296875
32581.6552734375
32080.6005859375
31577.0009765625
31072.658203125
30569.3818359375
30068.9658203125
29573.1787109375
29083.740234375
28602.3115234375
28130.48046875
27669.7431640625
27221.494140625
26787.01171875
26367.4521484375
25963.830078125
25577.0166015625
25207.7353515625
24856.544921875
24523.8486328125
24209.8779296875
23914.7060546875
23638.2353515625
23380.2080078125
23140.2060546875
22917.654296875
22711.8369140625
22521.8955078125
22346.8388671875
22185.5625
22036.8544921875
21899.4013671875
21771.818359375
21652.6494140625
21540.38671875
21433.4892578125
21330.3916015625
21229.52734375
21129.337890625
21028.2939453125
20924.9013671875
20817.7265625
20705.404296875
20586.6494140625
20460.271484375
20325.1865234375
20180.421875
20025.130859375
19858.595703125
19680.234375
19489.6044921875
19286.40625
19070.486328125
18841.830078125
18600.5693359375
18346.9677734375
18081.4296875
17804.4814453125
17516.7734375
17219.060546875
16912.2021484375
16597.150390625
16274.927734375
15946.6298828125
15613.3994140625
15276.41796875
14936.892578125
14596.0390625
14255.0673828125
13915.171875
13577.5078125
13243.1884765625
12913.2666015625
12588.7216796875
12270.4482421875
11959.24609375
11655.8134765625
11360.7353515625
11074.474609375
10797.369140625
10529.6279296875
10271.3271484375
10022.4033203125
9782.6640625
9551.783203125
9329.2958984375
9114.6201171875
8907.044921875
8705.7529296875
8509.81640625
8318.2119140625
8129.8310546875
7943.4892578125
7757.94140625
7571.892578125
7384.0146484375
7192.955078125
6997.3564453125
6795.8681640625
6587.162109375
6369.947265625
6142.9814453125
5905.0908203125
5655.1767578125
5392.23046875
5115.34765625
4823.732421875
4516.7177734375
4193.76171875
3854.4638671875
3498.5673828125
3125.96875
2736.708984375
2330.9931640625
1909.1748046875
1471.7685546875
1019.43359375
552.9853515625
73.380859375
-418.2861328125
-920.791015625
-1432.7880859375
-1952.8154296875
-2479.3125
-3010.626953125
-3545.0302734375
-4080.72265625
-4615.85546875
-5148.541015625
-5676.8603515625
-6198.8916015625
-6712.701171875
-7216.3857421875
-7708.0556640625
-8185.8740234375
-8648.0498046875
-9092.8583984375
-9518.6533203125
-9923.869140625
-10307.0419921875
-10666.8056640625
-11001.908203125
-11311.2109375
-11593.7021484375
-11848.490234375
-12074.8173828125
-12272.0537109375
-12439.701171875
-12577.392578125
-12684.892578125
-12762.0888671875
-12808.99609375
-12825.7470703125
-12812.58984375
-12769.8798828125
-12698.078125
-12597.7353515625
-12469.4951171875
-12314.0791015625
-12132.279296875
-11924.9541015625
-11693.013671875
-11437.4140625
-11159.150390625
-10859.248046875
-10538.7509765625
-10198.716796875
-9840.20703125
-9464.2841796875
-9072.0
-8664.3916015625
-8242.474609375
-7807.2373046875
-7359.6396484375
-6900.60546875
-6431.017578125
-5951.7197265625
-5463.5078125
-4967.1337890625
-4463.302734375
-3952.669921875
-3435.8369140625
-2913.3642578125
-2385.7578125
-1853.4775390625
-1316.9296875
-776.484375
-232.458984375
314.869140625
865.265625
1418.5361328125
1974.525390625
2533.1123046875
3094.2109375
3657.771484375
4223.7724609375
4792.2236328125
5363.1630859375
5936.65625
6512.794921875
7091.6982421875
7673.505859375
8258.384765625
8846.5224609375
9438.1337890625
10033.44921875
10632.7275390625
11236.24609375
11844.302734375
12457.2177734375
13075.33203125
13699.0068359375
14328.623046875
14964.580078125
15607.2919921875
16257.1953125
16914.7373046875
17580.380859375
18254.6025390625
18937.88671875
19630.7265625
20333.6201171875
21047.06640625
21771.56640625
22507.6123046875
23255.69140625
24016.279296875
24789.8330078125
25576.7919921875
26377.568359375
27192.5439453125
28022.0693359375
28866.4541015625
29725.962890625
30600.8154296875
31491.173828125
32397.1455078125
33318.7724609375
34256.033203125
35208.833984375
36177.0068359375
37160.30859375
38158.4091796875
39170.9033203125
40197.29296875
41236.9951171875
42289.3408203125
43353.568359375
44428.8251953125
45514.169921875
46608.5703125
47710.9111328125
48819.9833984375
49934.4990234375
51053.0859375
52174.2900390625
53296.5908203125
54418.38671875
55538.015625
56653.7490234375
57763.8046875
58866.349609375
59959.5
61041.333984375
62109.8974609375
63163.20703125
64199.259765625
65216.03515625
66211.5048828125
67183.642578125
68130.421875
69049.8310546875
69939.8779296875
70798.5908203125
71624.033203125
72414.302734375
73167.5400390625
73881.939453125
74555.7431640625
75187.26171875
75774.865234375
76316.9970703125
76812.1787109375
77259.009765625
77656.1748046875
78002.451171875
78296.7060546875
78537.908203125
78725.126953125
78857.5322265625
78934.408203125
78955.1455078125
78919.251953125
78826.3515625
78676.1845703125
78468.6162109375
78203.6298828125
77881.337890625
77501.9765625
77065.91015625
76573.6298828125
76025.7548828125
75423.03515625
74766.3427734375
74056.6845703125
73295.19140625
72483.1171875
71621.8447265625
70712.873046875
69757.822265625
68758.42578125
67716.5341796875
66634.1015625
65513.185546875
64355.9443359375
63164.6259765625
61941.5654296875
60689.1806640625
59409.95703125
58106.4482421875
56781.265625
55437.064453125
54076.544921875
52702.4326171875
51317.4765625
49924.435546875
48526.068359375
47125.1259765625
45724.3349609375
44326.39453125
42933.9609375
41549.640625
40175.9736328125
38815.4345703125
37470.4091796875
36143.1943359375
34835.986328125
33550.875
32289.8291015625
31054.693359375
29847.185546875
28668.8828125
27521.21875
26405.486328125
25322.822265625
24274.216796875
23260.5029296875
22282.359375
21340.3134765625
20434.7373046875
19565.85546875
18733.74609375
17938.3408203125
17179.4404296875
16456.7080078125
15769.6884765625
15117.8095703125
14500.3837890625
13916.634765625
13365.6884765625
12846.5966796875
12358.337890625
11899.8349609375
11469.962890625
11067.5595703125
10691.4365234375
10340.3916015625
10013.2197265625
9708.72265625
9425.7158203125
9163.0439453125
8919.5869140625
8694.2685546875
8486.0625
8294.0048828125
8117.1923828125
7954.7958984375
7806.056640625
7670.2998046875
7546.921875
7435.412109375
7335.330078125
7246.3291015625
7168.1328125
7100.546875
7043.44921875
6996.791015625
6960.5830078125
6934.8974609375
6919.8564453125
6915.6279296875
6922.419921875
6940.4609375
6970.0068359375
7011.318359375
7064.6630859375
7130.296875
7208.4580078125
7299.3623046875
7403.185546875
7520.064453125
7650.076171875
7793.24609375
7949.525390625
8118.7939453125
8300.8486328125
8495.4013671875
8702.076171875
8920.3984375
9149.798828125
9389.61328125
9639.0693359375
9897.3037109375
10163.345703125
10436.1357421875
10714.5185546875
10997.244140625
11282.9814453125
11570.3173828125
11857.7685546875
12143.779296875
12426.7421875
12704.9921875
12976.828125
13240.515625
13494.2978515625
13736.4033203125
13965.06640625
14178.521484375
14375.033203125
14552.888671875
14710.4208984375
14846.0146484375
14958.1171875
15045.25
15106.0166015625
15139.1123046875
15143.3330078125
15117.5869140625
15060.8984375
14972.41796875
14851.42578125
14697.3408203125
14509.7265625
14288.2919921875
14032.896484375
13743.5595703125
13420.4501953125
13063.90234375
12674.4052734375
12252.6103515625
11799.3232421875
11315.513671875
10802.3037109375
10260.9658203125
9692.9267578125
9099.7548828125
8483.1611328125
7844.9912109375
7187.224609375
6511.958984375
5821.4150390625
5117.9169921875
4403.8974609375
3681.8818359375
2954.48046875
2224.3818359375
1494.3408203125
767.1767578125
45.751953125
-667.0263671875
-1368.224609375
-2054.890625
-2724.05859375
-3372.7705078125
-3998.0791015625
-4597.05859375
-5166.822265625
-5704.5283203125
-6207.3896484375
-6672.689453125
-7097.7939453125
-7480.15234375
-7817.3271484375
-8106.9873046875
-8346.92578125
-8535.078125
-8669.51953125
-8748.4833984375
-8770.3740234375
-8733.76953125
-8637.43359375
-8480.3310546875
-8261.6240234375
-7980.6943359375
-7637.13671875
-7230.7783203125
-6761.673828125
-6230.123046875
-5636.6630859375
-4982.0771484375
-4267.40234375
-3493.9208984375
-2663.16796875
-1776.9296875
-837.2392578125
153.62109375
1193.1328125
2278.537109375
3406.849609375
4574.861328125
5779.1533203125
7016.107421875
8281.912109375
9572.5830078125
10883.9755859375
12211.7978515625
13551.6279296875
14898.9365234375
16249.0986328125
17597.419921875
18939.154296875
20269.5234375
21583.7451171875
22877.0498046875
24144.703125
25382.037109375
26584.462890625
27747.501953125
28866.8076171875
29938.18359375
30957.6142578125
31921.275390625
32825.568359375
33667.130859375
34442.8583984375
35149.921875
35785.7861328125
36348.2265625
36835.3349609375
37245.5380859375
37577.607421875
37830.666015625
38004.1923828125
38098.0322265625
38112.390625
38047.8408203125
37905.3193359375
37686.1201171875
37391.892578125
37024.62890625
36586.6572265625
36080.6318359375
35509.5107421875
34876.5498046875
34185.2763671875
33439.482421875
32643.1904296875
31800.6416015625
30916.265625
29994.6650390625
29040.5849609375
28058.88671875
27054.52734375
26032.52734375
24997.951171875
23955.873046875
22911.3564453125
21869.4267578125
20835.0458984375
19813.087890625
18808.3154296875
17825.3544921875
16868.6806640625
15942.58984375
15051.1796875
14198.3427734375
13387.73828125
12622.7861328125
11906.646484375
11242.2197265625
10632.1259765625
10078.7060546875
9584.01171875
9149.806640625
8777.5537109375
8468.4296875
8223.31640625
8042.802734375
7927.197265625
7876.5263671875
7890.54296875
7968.7373046875
8110.349609375
8314.3671875
8579.548828125
8904.4326171875
9287.349609375
9726.431640625
10219.6318359375
10764.734375
11359.369140625
12001.02734375
12687.0751953125
13414.7666015625
14181.25390625
14983.6064453125
15818.828125
16683.8505859375
17575.568359375
18490.8388671875
19426.4912109375
20379.3427734375
21346.205078125
22323.8974609375
23309.25
24299.1171875
25290.3798828125
26279.955078125
27264.80859375
28241.9482421875
29208.4384765625
30161.41015625
31098.0498046875
32015.6220703125
32911.4609375
33782.98046875
34627.6796875
35443.1455078125
36227.0517578125
36977.1728515625
37691.3779296875
38367.646484375
39004.0576171875
39598.810546875
40150.216796875
40656.70703125
41116.84375
41529.3125
41892.9375
42206.6787109375
42469.64453125
42681.0869140625
42840.4111328125
42947.181640625
43001.119140625
43002.1103515625
42950.2119140625
42845.646484375
42688.8125
42480.283203125
42220.806640625
41911.30859375
41552.896484375
41146.8447265625
40694.6123046875
40197.826171875
39658.28515625
39077.9541015625
38458.95703125
37803.5771484375
37114.2451171875
36393.5283203125
35644.1328125
34868.88671875
34070.7275390625
33252.7001953125
32417.9345703125
31569.6416015625
30711.0966796875
29845.6220703125
28976.5810546875
28107.3525390625
27241.326171875
26381.880859375
25532.3671875
24696.1005859375
23876.3359375
23076.255859375
22298.9560546875
21547.4296875
20824.55078125
20133.0625
19475.5634765625
18854.4892578125
18272.1103515625
17730.51171875
17231.583984375
16777.01953125
16368.298828125
16006.681640625
15693.20703125
15428.6845703125
15213.6875
15048.5595703125
14933.40234375
14868.0830078125
14852.234375
14885.2568359375
14966.3203125
15094.3720703125
15268.1416015625
15486.1494140625
15746.7138671875
16047.958984375
16387.833984375
16764.1103515625
17174.4091796875
17616.2021484375
18086.8349609375
18583.5341796875
19103.427734375
19643.55859375
20200.900390625
20772.3720703125
21354.859375
21945.2275390625
22540.333984375
23137.056640625
23732.2978515625
24323.0048828125
24906.1884765625
25478.9345703125
26038.419921875
26581.9267578125
27106.8544921875
27610.734375
28091.2421875
28546.205078125
28973.6142578125
29371.634765625
29738.61328125
30073.08203125
30373.76953125
30639.599609375
30869.7001953125
31063.4033203125
31220.244140625
31339.962890625
31422.5029296875
31468.0107421875
31476.8291015625
31449.4892578125
31386.71484375
31289.4052734375
31158.630859375
30995.625
30801.76953125
30578.59375
30327.7490234375
30051.0078125
29750.244140625
29427.4228515625
29084.583984375
28723.828125
28347.3037109375
27957.1904296875
27555.6845703125
27144.9814453125
26727.2666015625
26304.6923828125
25879.375
25453.3681640625
25028.6572265625
24607.1484375
24190.6474609375
23780.8583984375
23379.3681640625
22987.6337890625
22606.9814453125
22238.5986328125
21883.517578125
21542.62109375
21216.6376953125
20906.130859375
20611.505859375
20333.0126953125
20070.73046875
19824.58984375
19594.365234375
19379.681640625
19180.0224609375
18994.7333984375
18823.0341796875
18664.0283203125
18516.7080078125
18379.966796875
18252.6162109375
18133.3896484375
18020.9638671875
17913.9638671875
17810.9814453125
17710.5849609375
17611.3408203125
17511.814453125
17410.59765625
17306.3076171875
17197.6142578125
17083.240234375
16961.9794921875
16832.70703125
16694.3896484375
16546.0908203125
16386.9873046875
16216.3681640625
16033.6513671875
15838.3759765625
15630.2177734375
15408.9892578125
15174.6357421875
14927.24609375
14667.0439453125
14394.3896484375
14109.77734375
13813.8310546875
13507.30078125
13191.052734375
12866.06640625
12533.427734375
12194.3134765625
11849.9921875
11501.806640625
11151.1650390625
10799.5341796875
10448.4228515625
10099.3740234375
9753.9501953125
9413.7265625
9080.2724609375
8755.1494140625
8439.8916015625
8135.99609375
7844.9208984375
7568.0634765625
7306.7568359375
7062.2626953125
6835.7607421875
6628.341796875
6441.0
6274.630859375
6130.0224609375
6007.8515625
5908.685546875
5832.974609375
5781.0458984375
5753.1171875
5749.2861328125
5769.529296875
5813.7109375
5881.58203125
5972.7841796875
6086.8466796875
6223.2041015625
6381.1865234375
6560.0341796875
6758.89453125
6976.8408203125
7212.861328125
7465.8779296875
7734.748046875
8018.2705078125
8315.1953125
8624.2216796875
8944.0146484375
9273.2060546875
9610.400390625
9954.1826171875
10303.1220703125
10655.779296875
11010.712890625
11366.4833984375
11721.658203125
12074.81640625
12424.552734375
12769.484375
13108.2587890625
13439.5458984375
13762.0546875
14074.5302734375
14375.7607421875
14664.58203125
14939.875
15200.578125
15445.6826171875
15674.24609375
15885.3828125
16078.2802734375
16252.1962890625
16406.4619140625
16540.486328125
16653.763671875
16745.8671875
16816.462890625
16865.310546875
16892.2587890625
16897.259765625
16880.3623046875
16841.7216796875
16781.59765625
16700.359375
16598.4794921875
16476.5498046875
16335.2666015625
16175.4423828125
15997.9990234375
15803.970703125
15594.5
15370.8359375
15134.3359375
14886.4521484375
14628.740234375
14362.84375
14090.4951171875
13813.50390625
13533.75390625
13253.193359375
12973.8251953125
12697.701171875
12426.908203125
12163.5576171875
11909.779296875
11667.701171875
11439.447265625
11227.1162109375
11032.7763671875
10858.4453125
10706.083984375
10577.5810546875
10474.73828125
10399.2607421875
10352.7421875
10336.658203125
10352.34765625
10401.0107421875
10483.6904296875
10601.2685546875
10754.4580078125
10943.79296875
11169.6240234375
11432.1142578125
11731.232421875
12066.7509765625
12438.2509765625
12845.1083984375
13286.509765625
13761.443359375
14268.7099609375
14806.9228515625
15374.515625
15969.7509765625
16590.7255859375
17235.37890625
17901.509765625
18586.779296875
19288.7255859375
20004.77734375
20732.2705078125
21468.4521484375
22210.5
22955.5419921875
23700.6630859375
24442.919921875
25179.3603515625
25907.033203125
26623.0068359375
27324.3779296875
28008.291015625
28671.9423828125
29312.6025390625
29927.6220703125
30514.4404296875
31070.60546875
31593.76953125
32081.712890625
32532.3369140625
32943.6826171875
33313.927734375
33641.400390625
33924.57421875
34162.080078125
34352.703125
34495.38671875
34589.232421875
34633.498046875
34627.607421875
34571.138671875
34463.822265625
34305.5478515625
34096.3583984375
33836.4423828125
33526.1357421875
33165.919921875
32756.412109375
32298.369140625
31792.67578125
31240.3466796875
30642.5234375
30000.4638671875
29315.544921875
28589.2529296875
27823.18359375
27019.0400390625
26178.6201171875
25303.8232421875
24396.640625
23459.150390625
22493.517578125
21501.986328125
20486.8798828125
19450.5908203125
18395.58203125
17324.380859375
16239.568359375
15143.78515625
14039.7119140625
12930.0810546875
11817.6513671875
10705.2177734375
9595.5927734375
8491.6064453125
7396.09765625
6311.8984375
5241.8359375
4188.7177734375
3155.3212890625
2144.388671875
1158.611328125
200.625
-727.0029296875
-1621.7861328125
-2481.3291015625
-3303.3349609375
-4085.6162109375
-4826.1123046875
-5522.8896484375
-6174.1611328125
-6778.287109375
-7333.791015625
-7839.3642578125
-8293.873046875
-8696.3701171875
-9046.09765625
-9342.4921875
-9585.1923828125
-9774.033203125
-9909.0625
-9990.5302734375
-10018.8935546875
-9994.810546875
-9919.150390625
-9792.9755859375
-9617.541015625
-9394.2919921875
-9124.857421875
-8811.03125
-8454.7783203125
-8058.208984375
-7623.5791015625
-7153.2734375
-6649.791015625
-6115.732421875
-5553.787109375
-4966.7177734375
-4357.3408203125
-3728.521484375
-3083.14453125
-2424.1103515625
-1754.3125
-1076.623046875
-393.87890625
291.1328125
975.6875
1657.1416015625
2332.943359375
3000.6396484375
3657.8955078125
4302.498046875
4932.3671875
5545.56640625
6140.306640625
6714.9521484375
7268.025390625
7798.2158203125
8304.3720703125
8785.5107421875
9240.814453125
9669.62890625
10071.4609375
10445.9794921875
10793.005859375
11112.5126953125
11404.6123046875
11669.5576171875
11907.728515625
12119.626953125
12305.869140625
12467.169921875
12604.3427734375
12718.287109375
12809.9716796875
12880.4365234375
12930.7744140625
12962.123046875
12975.658203125
12972.5830078125
12954.1181640625
12921.4912109375
12875.9365234375
12818.677734375
12750.9248046875
12673.873046875
12588.681640625
12496.48828125
12398.384765625
12295.42578125
12188.62109375
12078.927734375
11967.259765625
11854.466796875
11741.3515625
11628.6552734375
11517.068359375
11407.2158203125
11299.671875
11194.951171875
11093.5126953125
10995.7578125
10902.0390625
10812.654296875
10727.8486328125
10647.822265625
10572.724609375
10502.6630859375
10437.69921875
10377.85546875
10323.1162109375
10273.4267578125
10228.7001953125
10188.814453125
10153.619140625
10122.93359375
10096.55078125
10074.2412109375
10055.7490234375
10040.7998046875
10029.1015625
10020.3427734375
10014.2001953125
10010.333984375
10008.3974609375
10008.0322265625
10008.8759765625
10010.560546875
10012.716796875
10014.9755859375
10016.970703125
10018.34375
10018.740234375
10017.818359375
10015.25
10010.7236328125
10003.9462890625
9994.6455078125
9982.5703125
9967.50390625
9949.25
9927.6494140625
9902.572265625
9873.9306640625
9841.66796875
9805.7685546875
9766.2568359375
9723.19921875
9676.7041015625
9626.9208984375
9574.0390625
9518.29296875
9459.95703125
9399.341796875
9336.7978515625
9272.7099609375
9207.49609375
9141.599609375
9075.4970703125
9009.6787109375
8944.6591796875
8880.9609375
8819.1181640625
8759.66796875
8703.1435546875
8650.0712890625
8600.96484375
8556.3203125
8516.603515625
8482.2578125
8453.68359375
8431.2470703125
8415.263671875
8406.0009765625
8403.66796875
8408.4189453125
8420.34375
8439.4658203125
8465.740234375
8499.0537109375
8539.2216796875
8585.9873046875
8639.0205078125
8697.9248046875
8762.2294921875
8831.3994140625
8904.8330078125
8981.8701171875
9061.7890625
9143.82421875
9227.1533203125
9310.9189453125
9394.228515625
9476.16015625
9555.7705078125
9632.1025390625
9704.1962890625
9771.0888671875
9831.830078125
9885.486328125
9931.1484375
9967.9423828125
9995.033203125
10011.634765625
10017.01171875
10010.494140625
9991.4765625
9959.4287109375
9913.892578125
9854.498046875
9780.953125
9693.05859375
9590.703125
9473.869140625
9342.6259765625
9197.140625
9037.6650390625
8864.544921875
8678.2109375
8479.1767578125
8268.0341796875
8045.453125
7812.169921875
7568.9892578125
7316.765625
7056.412109375
6788.8818359375
6515.1630859375
6236.2763671875
5953.255859375
5667.150390625
5379.0146484375
5089.892578125
4800.8203125
4512.8076171875
4226.8349609375
3943.8466796875
3664.73828125
3390.3544921875
3121.4814453125
2858.833984375
2603.0576171875
2354.7197265625
2114.302734375
1882.205078125
1658.7314453125
1444.091796875
1238.404296875
1041.68359375
853.8505859375
674.7236328125
504.0224609375
341.373046875
186.2998046875
38.2421875
-103.455078125
-239.53125
-370.8037109375
-498.16796875
-622.587890625
-745.08984375
-866.7529296875
-988.7099609375
-1112.1298828125
-1238.212890625
-1368.1845703125
-1503.2822265625
-1644.74609375
-1793.81640625
-1951.71484375
-2119.6376953125
-2298.7509765625
-2490.1708984375
-2694.96875
-2914.1435546875
-3148.6318359375
-3399.2822265625
-3666.8564453125
-3952.0224609375
-4255.33984375
-4577.2607421875
-4918.1181640625
-5278.1220703125
-5657.3564453125
-6055.7734375
-6473.193359375
-6909.2958984375
-7363.6298828125
-7835.5986328125
-8324.4765625
-8829.396484375
-9349.3642578125
-9883.2548828125
-10429.8173828125
-10987.6865234375
-11555.3818359375
-12131.3212890625
-12713.82421875
-13301.125
-13891.3818359375
-14482.685546875
-15073.0673828125
-15660.5234375
-16243.0087890625
-16818.4619140625
-17384.8125
-17939.9990234375
-18481.97265625
-19008.7158203125
-19518.251953125
-20008.66015625
-20478.080078125
-20924.7275390625
-21346.9072265625
-21743.0126953125
-22111.544921875
-22451.11328125
-22760.4423828125
-23038.3818359375
-23283.9052734375
-23496.1171875
-23674.255859375
-23817.6875
-23925.9130859375
-23998.5625
-24035.3984375
-24036.30078125
-24001.2744140625
-23930.435546875
-23824.0068359375
-23682.3095703125
-23505.7607421875
-23294.8564453125
-23050.166015625
-22772.322265625
-22462.0126953125
-22119.9697265625
-21746.9580078125
-21343.7646484375
-20911.1953125
-20450.05859375
-19961.1640625
-19445.3017578125
-18903.2548828125
-18335.775390625
-17743.5908203125
-17127.390625
-16487.83203125
-15825.5361328125
-15141.0771484375
-14434.998046875
-13707.8056640625
-12959.970703125
-12191.9306640625
-11404.10546875
-10596.89453125
-9770.685546875
-8925.8623046875
-8062.8154296875
-7181.9501953125
-6283.6982421875
-5368.5224609375
-4436.9384765625
-3489.5087890625
-2526.8701171875
-1549.7314453125
-558.888671875
444.765625
1460.2373046875
2486.4189453125
3522.087890625
4565.8955078125
5616.373046875
6671.9150390625
7730.7890625
8791.1337890625
9850.95703125
10908.1435546875
11960.4560546875
13005.548828125
14040.9697265625
15064.1708984375
16072.5244140625
17063.330078125
18033.8310546875
18981.234375
19902.7138671875
20795.447265625
21656.6142578125
22483.42578125
23273.1435546875
24023.09765625
24730.69921875
25393.4677734375
26009.0478515625
26575.2255859375
27089.9443359375
27551.3232421875
27957.673828125
28307.5107421875
28599.5673828125
28832.8017578125
29006.4111328125
29119.837890625
29172.7744140625
29165.1640625
29097.212890625
28969.373046875
28782.361328125
28537.1337890625
28234.8935546875
27877.0830078125
27465.3671875
27001.62109375
26487.9296875
25926.560546875
25319.951171875
24670.69921875
23981.533203125
23255.3046875
22494.9638671875
21703.5380859375
20884.1181640625
20039.830078125
19173.8232421875
18289.248046875
17389.2314453125
16476.8671875
15555.193359375
14627.173828125
13695.6845703125
12763.501953125
11833.2822265625
10907.5595703125
9988.7197265625
9079.009765625
8180.517578125
7295.16796875
6424.7197265625
5570.76171875
4734.712890625
3917.8203125
3121.1572265625
2345.6337890625
1591.9951171875
860.8212890625
152.5458984375
-532.5458984375
-1194.3095703125
-1832.7294921875
-2447.91015625
-3040.0693359375
-3609.525390625
-4156.6884765625
-4682.05078125
-5186.173828125
-5669.677734375
-6133.23828125
-6577.5654296875
-7003.4052734375
-7411.5205078125
-7802.6904296875
-8177.69921875
-8537.3271484375
-8882.3447265625
-9213.5107421875
-9531.556640625
-9837.19140625
-10131.09375
-10413.908203125
-10686.2451171875
-10948.6708984375
-11201.716796875
-11445.8720703125
-11681.583984375
-11909.25390625
-12129.2529296875
-12341.9033203125
-12547.494140625
-12746.275390625
-12938.46484375
-13124.2490234375
-13303.78515625
-13477.203125
-13644.611328125
-13806.09375
-13961.7265625
-14111.5634765625
-14255.6513671875
-14394.0302734375
-14526.734375
-14653.7998046875
-14775.2626953125
-14891.1640625
-15001.556640625
-15106.5009765625
-15206.0732421875
-15300.36328125
-15389.4833984375
-15473.5654296875
-15552.763671875
-15627.26171875
-15697.263671875
-15763.009765625
-15824.767578125
-15882.8349609375
-15937.5458984375
-15989.267578125
-16038.400390625
-16085.380859375
-16130.6787109375
-16174.80078125
-16218.2880859375
-16261.71484375
-16305.6845703125
-16350.8388671875
-16397.841796875
-16447.38671875
-16500.1904296875
-16556.9921875
-16618.55078125
-16685.6318359375
-16759.0166015625
-16839.490234375
-16927.833984375
-17024.830078125
-17131.2412109375
-17247.818359375
-17375.2861328125
-17514.3388671875
-17665.6337890625
-17829.7841796875
-18007.34765625
-18198.830078125
-18404.6650390625
-18625.216796875
-18860.767578125
-19111.5146484375
-19377.560546875
-19658.908203125
-19955.458984375
-20266.998046875
-20593.203125
-20933.625
-21287.7001953125
-21654.732421875
-22033.9052734375
-22424.2705078125
-22824.7529296875
-23234.1484375
-23651.1318359375
-24074.251953125
-24501.935546875
-24932.498046875
-25364.146484375
-25794.9814453125
-26223.0107421875
-26646.1513671875
-27062.24609375
-27469.0634765625
-27864.3193359375
-28245.6787109375
-28610.7734375
-28957.208984375
-29282.583984375
-29584.4970703125
-29860.5615234375
-30108.421875
-30325.763671875
-30510.326171875
-30659.919921875
-30772.4326171875
-30845.8525390625
-30878.265625
-30867.8798828125
-30813.0322265625
-30712.1923828125
-30563.9833984375
-30367.1806640625
-30120.7275390625
-29823.732421875
-29475.484375
-29075.44921875
-28623.2802734375
-28118.8154296875
-27562.083984375
-26953.2978515625
-26292.859375
-25581.357421875
-24819.564453125
-24008.4248046875
-23149.0654296875
-22242.7744140625
-21291.0029296875
-20295.3564453125
-19257.5859375
-18179.5751953125
-17063.3369140625
-15910.998046875
-14724.794921875
-13507.0537109375
-12260.18359375
-10986.669921875
-9689.052734375
-8369.9248046875
-7031.9111328125
-5677.6650390625
-4309.8505859375
-2931.1337890625
-1544.1748046875
-151.6123046875
1243.94140625
2639.9169921875
4033.7880859375
5423.0869140625
6805.408203125
8178.41796875
9539.8583984375
10887.552734375
12219.4140625
13533.4462890625
14827.7451171875
16100.5068359375
17350.0263671875
18574.6962890625
19773.01171875
20943.564453125
22085.0498046875
23196.255859375
24276.0693359375
25323.46484375
26337.5107421875
27317.3525390625
28262.22265625
29171.42578125
30044.337890625
30880.3994140625
31679.1123046875
32440.0302734375
33162.7578125
33846.939453125
34492.259765625
35098.43359375
35665.2001953125
36192.322265625
36679.5791015625
37126.7568359375
37533.6533203125
37900.0693359375
38225.806640625
38510.6611328125
38754.4267578125
38956.8916015625
39117.833984375
39237.0263671875
39314.23046875
39349.205078125
39341.701171875
39291.4638671875
39198.240234375
39061.7783203125
38881.8310546875
38658.1591796875
38390.54296875
38078.779296875
37722.685546875
37322.1171875
36876.9599609375
36387.14453125
35852.6533203125
35273.517578125
34649.833984375
33981.7685546875
33269.55859375
32513.51953125
31714.0556640625
30871.6572265625
29986.9169921875
29060.517578125
28093.2509765625
27086.0126953125
26039.806640625
24955.7490234375
23835.064453125
22679.0888671875
21489.271484375
20267.166015625
19014.4384765625
17732.8564453125
16424.2861328125
15090.6943359375
13734.134765625
12356.7451171875
10960.744140625
9548.4189453125
8122.123046875
6684.2607421875
5237.28515625
3783.6865234375
2325.98046875
866.703125
-591.59765625
-2046.3798828125
-3495.111328125
-4935.275390625
-6364.388671875
-7780.00390625
-9179.7236328125
-10561.19921875
-11922.150390625
-13260.365234375
-14573.70703125
-15860.125
-17117.65625
-18344.4267578125
-19538.662109375
-20698.69140625
-21822.9423828125
-22909.947265625
-23958.349609375
-24966.896484375
-25934.4384765625
-26859.939453125
-27742.462890625
-28581.17578125
-29375.34765625
-30124.345703125
-30827.630859375
-31484.7548828125
-32095.3623046875
-32659.1767578125
-33176.0009765625
-33645.720703125
-34068.287109375
-34443.7216796875
-34772.107421875
-35053.5927734375
-35288.3740234375
-35476.708984375
-35618.8974609375
-35715.2880859375
-35766.271484375
-35772.283203125
-35733.7890625
-35651.2958984375
-35525.3466796875
-35356.51171875
-35145.3955078125
-34892.6318359375
-34598.8828125
-34264.8408203125
-33891.2236328125
-33478.7763671875
-33028.2724609375
-32540.5078125
-32016.302734375
-31456.505859375
-30861.9892578125
-30233.642578125
-29572.3837890625
-28879.1474609375
-28154.888671875
-27400.5810546875
-26617.2138671875
-25805.79296875
-24967.330078125
-24102.853515625
-23213.3955078125
-22299.994140625
-21363.689453125
-20405.5166015625
-19426.5146484375
-18427.7080078125
-17410.11328125
-16374.7373046875
-15322.5634765625
-14254.5625
-13171.68359375
-12074.845703125
-10964.9482421875
-9842.8564453125
-8709.4140625
-7565.423828125
-6411.6650390625
-5248.8798828125
-4077.78125
-2899.0478515625
-1713.330078125
-521.25
676.6025390625
1879.65625
3087.3681640625
4299.208984375
5514.66796875
6733.24609375
7954.4501953125
9177.794921875
10402.787109375
11628.9326171875
12855.724609375
14082.64453125
15309.146484375
16534.669921875
17758.6201171875
18980.3701171875
20199.2607421875
21414.58984375
22625.6162109375
23831.55078125
25031.560546875
26224.7666015625
27410.2431640625
28587.013671875
29754.0517578125
30910.294921875
32054.6279296875
33185.8994140625
34302.916015625
35404.455078125
36489.2626953125
37556.05859375
38603.54296875
39630.404296875
40635.322265625
41616.9755859375
42574.0498046875
43505.2412109375
44409.267578125
45284.869140625
46130.82421875
46945.9482421875
47729.103515625
48479.205078125
49195.2265625
49876.2080078125
50521.255859375
51129.5546875
51700.3623046875
52233.0244140625
52726.9677734375
53181.70703125
53596.8466796875
53972.0830078125
54307.2001953125
54602.0751953125
54856.67578125
55071.0556640625
55245.359375
55379.8134765625
55474.7275390625
55530.490234375
55547.5654296875
55526.48828125
55467.8603515625
55372.3486328125
55240.6728515625
55073.61328125
54871.9931640625
54636.681640625
54368.587890625
54068.654296875
53737.8505859375
53377.1787109375
52987.6533203125
52570.3125
52126.203125
51656.384765625
51161.9189453125
50643.8759765625
50103.322265625
49541.3203125
48958.9306640625
48357.2080078125
47737.1962890625
47099.927734375
46446.4287109375
45777.7041015625
45094.75390625
44398.5546875
43690.0732421875
42970.2587890625
42240.0400390625
41500.3310546875
40752.0283203125
39996.0068359375
39233.125
38464.2197265625
37690.109375
36911.5908203125
36129.439453125
35344.41015625
34557.2373046875
33768.6318359375
32979.279296875
32189.84765625
31400.98046875
30613.2958984375
29827.3916015625
29043.8408203125
28263.193359375
27485.98046875
26712.7060546875
25943.8544921875
25179.89453125
24421.2705078125
23668.4052734375
22921.7158203125
22181.59375
21448.419921875
20722.5673828125
20004.39453125
19294.2548828125
18592.494140625
17899.4560546875
17215.4833984375
16540.9189453125
15876.1083984375
15221.400390625
14577.15625
13943.7373046875
13321.5185546875
12710.8837890625
12112.228515625
11525.9580078125
10952.4892578125
10392.25
9845.673828125
9313.2060546875
8795.291015625
8292.3828125
7804.9296875
7333.3779296875
6878.1630859375
6439.708984375
6018.419921875
5614.6767578125
5228.830078125
4861.193359375
4512.0400390625
4181.5908203125
3870.0126953125
3577.4091796875
3303.814453125
3049.1845703125
2813.3974609375
2596.2373046875
2397.3984375
2216.4736328125
2052.955078125
1906.22265625
1775.55078125
1660.0966796875
1558.9072265625
1470.9130859375
1394.9296875
1329.6640625
1273.7099609375
1225.5546875
1183.587890625
1146.1025390625
1111.30078125
1077.310546875
1042.181640625
1003.908203125
960.4326171875
909.654296875
849.453125
777.69140625
692.232421875
590.9521484375
471.7578125
332.5966796875
171.4775390625
-13.52734375
-224.25
-462.4296875
-729.6884765625
-1027.525390625
-1357.294921875
-1720.208984375
-2117.3115234375
-2549.4794921875
-3017.4111328125
-3521.615234375
-4062.41015625
-4639.9150390625
-5254.046875
-5904.5205078125
-6590.84375
-7312.3193359375
-8068.0498046875
-8856.9345703125
-9677.67578125
-10528.791015625
-11408.6103515625
-12315.2890625
-13246.8173828125
-14201.0263671875
-15175.607421875
-16168.115234375
-17175.982421875
-18196.53515625
-19227.0078125
-20264.5517578125
-21306.255859375
-22349.158203125
-23390.255859375
-24426.5341796875
-25454.9599609375
-26472.5205078125
-27476.212890625
-28463.076171875
-29430.197265625
-30374.7236328125
-31293.873046875
-32184.94921875
-33045.3486328125
-33872.57421875
-34664.23828125
-35418.0751953125
-36131.94921875
-36803.8515625
-37431.91796875
-38014.4248046875
-38549.7939453125
-39036.5986328125
-39473.55859375
-39859.546875
-40193.587890625
-40474.8515625
-40702.6630859375
-40876.4892578125
-40995.9423828125
-41060.7744140625
-41070.873046875
-41026.2626953125
-40927.0869140625
-40773.6201171875
-40566.248046875
-40305.47265625
-39991.8974609375
-39626.2333984375
-39209.27734375
-38741.9228515625
-38225.14453125
-37659.994140625
-37047.5966796875
-36389.1455078125
-35685.89453125
-34939.1572265625
-34150.2998046875
-33320.73828125
-32451.931640625
-31545.38671875
-30602.6435546875
-29625.2802734375
-28614.912109375
-27573.1796875
-26501.759765625
-25402.3544921875
-24276.6943359375
-23126.5361328125
-21953.6640625
-20759.8876953125
-19547.0439453125
-18316.994140625
-17071.6240234375
-15812.849609375
-14542.611328125
-13262.8759765625
-11975.6396484375
-10682.9228515625
-9386.7763671875
-8089.279296875
-6792.533203125
-5498.6708984375
-4209.8466796875
-2928.240234375
-1656.0556640625
-395.513671875
851.14453125
2081.666015625
3293.7822265625
4485.224609375
5653.7138671875
6796.978515625
7912.7578125
8998.7998046875
10052.875
11072.787109375
12056.3681640625
13001.5009765625
13906.119140625
14768.2138671875
15585.849609375
16357.1669921875
17080.400390625
17753.8759765625
18376.0322265625
18945.4208984375
19460.72265625
19920.7490234375
20324.45703125
20670.9580078125
20959.517578125
21189.5693359375
21360.7216796875
21472.759765625
21525.65234375
21519.5546875
21454.8154296875
21331.9736328125
21151.7626953125
20915.109375
20623.1337890625
20277.142578125
19878.6357421875
19429.2900390625
18930.9580078125
18385.6650390625
17795.595703125
17163.087890625
16490.619140625
15780.7978515625
15036.3525390625
14260.1201171875
13455.0224609375
12624.0654296875
11770.3125
10896.8798828125
10006.91015625
9103.5654296875
8190.005859375
7269.373046875
6344.7783203125
5419.2822265625
4495.8818359375
3577.49609375
2666.947265625
1766.9482421875
880.0947265625
8.845703125
-844.4833984375
-1677.736328125
-2488.91796875
-3276.208984375
-4037.9716796875
-4772.75390625
-5479.2919921875
-6156.5234375
-6803.5791015625
-7419.7880859375
-8004.6748046875
-8557.962890625
-9079.568359375
-9569.5927734375
-10028.326171875
-10456.232421875
-10853.9453125
-11222.26171875
-11562.1328125
-11874.6484375
-12161.029296875
-12422.6220703125
-12660.875
-12877.337890625
-13073.6376953125
-13251.4775390625
-13412.6103515625
-13558.8369140625
-13691.982421875
-13813.892578125
-13926.4150390625
-14031.384765625
-14130.61328125
-14225.8779296875
-14318.9091796875
-14411.3759765625
-14504.87890625
-14600.9384765625
-14700.9833984375
-14806.345703125
-14918.25
-15037.8076171875
-15166.0107421875
-15303.72265625
-15451.6767578125
-15610.4765625
-15780.583984375
-15962.322265625
-16155.87890625
-16361.296875
-16578.48046875
-16807.203125
-17047.0908203125
-17297.6533203125
-17558.263671875
-17828.1728515625
-18106.5224609375
-18392.341796875
-18684.552734375
-18981.990234375
-19283.4013671875
-19587.4541015625
-19892.751953125
-20197.83984375
-20501.2158203125
-20801.3388671875
-21096.646484375
-21385.5576171875
-21666.4853515625
-21937.8525390625
-22198.09765625
-22445.6845703125
-22679.119140625
-22896.9501953125
-23097.7861328125
-23280.30078125
-23443.24609375
-23585.4521484375
-23705.8408203125
-23803.4287109375
-23877.3388671875
-23926.794921875
-23951.13671875
-23949.8173828125
-23922.404296875
-23868.5810546875
-23788.1513671875
-23681.0361328125
-23547.2724609375
-23387.0048828125
-23200.4912109375
-22988.09375
-22750.2763671875
-22487.58984375
-22200.677734375
-21890.259765625
-21557.12890625
-21202.1396484375
-20826.201171875
-20430.2685546875
-20015.326171875
-19582.392578125
-19132.4970703125
-18666.673828125
-18185.9609375
-17691.3759765625
-17183.923828125
-16664.572265625
-16134.259765625
-15593.8759765625
-15044.2626953125
-14486.2021484375
-13920.4248046875
-13347.5888671875
-12768.2861328125
-12183.04296875
-11592.3154296875
-10996.4892578125
-10395.880859375
-9790.7421875
-9181.259765625
-8567.5634765625
-7949.7294921875
-7327.7802734375
-6701.7041015625
-6071.447265625
-5436.935546875
-4798.0693359375
-4154.7431640625
-3506.8486328125
-2854.283203125
-2196.9619140625
-1534.82421875
-867.8447265625
-196.0400390625
480.52734375
1161.73046875
1847.384765625
2537.232421875
3230.94140625
3928.1005859375
4628.2158203125
5330.7080078125
6034.9150390625
6740.0849609375
7445.38671875
8149.900390625
8852.634765625
9552.51953125
10248.4169921875
10939.1298828125
11623.4072265625
12299.9501953125
12967.427734375
13624.4794921875
14269.732421875
14901.8125
15519.34765625
16120.9912109375
16705.4267578125
17271.3837890625
17817.6435546875
18343.0576171875
18846.5595703125
19327.1630859375
19783.994140625
20216.275390625
20623.3544921875
21004.6982421875
21359.9091796875
21688.7177734375
21991.001953125
22266.7763671875
22516.2001953125
22739.576171875
22937.3466796875
23110.09375
23258.53515625
23383.515625
23486.001953125
23567.0751953125
23627.923828125
23669.826171875
23694.1513671875
23702.333984375
23695.87109375
23676.30859375
23645.21875
23604.2001953125
23554.8505859375
23498.759765625
23437.498046875
23372.595703125
23305.533203125
23237.728515625
23170.5263671875
23105.1826171875
23042.8623046875
22984.619140625
22931.39453125
22884.013671875
22843.171875
22809.4306640625
22783.224609375
22764.84765625
22754.4599609375
22752.083984375
22757.61328125
22770.8115234375
22791.31640625
22818.6513671875
22852.2265625
22891.3505859375
22935.240234375
22983.0302734375
23033.779296875
23086.490234375
23140.11328125
23193.5673828125
23245.740234375
23295.51171875
23341.7626953125
23383.3837890625
23419.2919921875
23448.4375
23469.8173828125
23482.4853515625
23485.5576171875
23478.2255859375
23459.7587890625
23429.5126953125
23386.9375
23331.57421875
23263.060546875
23181.1357421875
23085.638671875
22976.5029296875
22853.759765625
22717.5322265625
22568.033203125
22405.5576171875
22230.4755859375
22043.2294921875
21844.3203125
21634.3095703125
21413.796875
21183.419921875
20943.84375
20695.748046875
20439.8232421875
20176.755859375
19907.2197265625
19631.873046875
19351.3427734375
19066.2216796875
18777.060546875
18484.359375
18188.5703125
17890.080078125
17589.22265625
17286.2587890625
16981.3974609375
16674.7705078125
16366.4560546875
16056.4677734375
15744.759765625
15431.2353515625
15115.7470703125
14798.107421875
14478.09375
14155.44921875
13829.9052734375
13501.177734375
13168.9814453125
12833.0400390625
12493.08984375
12148.8994140625
11800.271484375
11447.0517578125
11089.1416015625
10726.505859375
10359.1796875
9987.2763671875
9610.9912109375
9230.611328125
8846.51953125
8459.19140625
8069.20703125
7677.2470703125
7284.0908203125
6890.623046875
6497.82421875
6106.76953125
5718.625
5334.642578125
4956.150390625
4584.55078125
4221.3017578125
3867.9208984375
3525.96484375
3197.0224609375
2882.701171875
2584.62109375
2304.3974609375
2043.62890625
1803.890625
1586.7177734375
1393.591796875
1225.9375
1085.1044921875
972.3603515625
888.8759765625
835.728515625
813.880859375
824.1826171875
867.361328125
944.015625
1054.6171875
1199.50390625
1378.8798828125
1592.814453125
1841.2451171875
2123.9765625
2440.6845703125
2790.923828125
3174.12890625
3589.6240234375
4036.623046875
4514.2470703125
5021.525390625
5557.4072265625
6120.7705078125
6710.4326171875
7325.1591796875
7963.673828125
8624.671875
9306.8212890625
10008.787109375
10729.2265625
11466.8056640625
12220.2109375
12988.14453125
13769.349609375
14562.6005859375
15366.7197265625
16180.576171875
17003.0947265625
17833.2548828125
18670.09765625
19512.72265625
20360.2919921875
21212.0263671875
22067.20703125
22925.173828125
23785.3173828125
24647.080078125
25509.9501953125
26373.45703125
27237.16015625
28100.6533203125
28963.5478515625
29825.46875
30686.0517578125
31544.92578125
32401.71484375
33256.025390625
34107.4404296875
34955.5078125
35799.7421875
36639.609375
37474.5205078125
38303.830078125
39126.83203125
39942.74609375
40750.7236328125
41549.841796875
42339.091796875
43117.392578125
43883.580078125
44636.408203125
45374.5546875
46096.6171875
46801.1220703125
47486.5234375
48151.2109375
48793.515625
49411.7138671875
50004.0419921875
50568.6943359375
51103.83984375
51607.6328125
52078.216796875
52513.7392578125
52912.369140625
53272.2939453125
53591.7490234375
53869.017578125
54102.4482421875
54290.466796875
54431.5888671875
54524.43359375
54567.73046875
54560.33984375
54501.2529296875
54389.6142578125
54224.71875
54006.029296875
53733.18359375
53405.9970703125
53024.4765625
52588.8134765625
52099.3994140625
51556.8173828125
50961.853515625
50315.4892578125
49618.8984375
48873.451171875
48080.703125
47242.390625
46360.4267578125
45436.884765625
44474.0009765625
43474.146484375
42439.830078125
41373.677734375
40278.4140625
39156.8564453125
38011.8955078125
36846.47265625
35663.5712890625
34466.193359375
33257.34765625
32040.0244140625
30817.1845703125
29591.740234375
28366.5380859375
27144.341796875
25927.8193359375
24719.5263671875
23521.8955078125
22337.2236328125
21167.65625
20015.1865234375
18881.6376953125
17768.6689453125
16677.755859375
15610.203125
14567.1298828125
13549.4794921875
12558.017578125
11593.337890625
10655.865234375
9745.8662109375
8863.4580078125
8008.611328125
7181.17578125
6380.87890625
5607.34765625
4860.12109375
4138.6630859375
3442.38671875
2770.6572265625
2122.8193359375
1498.2099609375
896.1728515625
316.0751953125
-242.6767578125
-780.6240234375
-1298.2412109375
-1795.9306640625
-2273.9970703125
-2732.6533203125
-3172.005859375
-3592.048828125
-3992.66015625
-4373.599609375
-4734.5107421875
-5074.9111328125
-5394.2099609375
-5691.7060546875
-5966.591796875
-6217.9619140625
-6444.8330078125
-6646.1416015625
-6820.763671875
-6967.529296875
-7085.2373046875
-7172.6689453125
-7228.6044921875
-7251.845703125
-7241.228515625
-7195.640625
-7114.0400390625
-6995.4775390625
-6839.1025390625
-6644.1884765625
-6410.1455078125
-6136.53125
-5823.0654296875
-5469.6474609375
-5076.3544921875
-4643.4580078125
-4171.4306640625
-3660.943359375
-3112.8759765625
-2528.314453125
-1908.5498046875
-1255.07421875
-569.576171875
146.0634765625
889.7841796875
1659.3564453125
2452.392578125
3266.35546875
4098.58203125
4946.2978515625
5806.6259765625
6676.615234375
7553.25
8433.478515625
9314.2216796875
10192.3984375
11064.94921875
11928.841796875
12781.1025390625
13618.826171875
14439.1943359375
15239.4931640625
16017.126953125
16769.62890625
17494.677734375
18190.1025390625
18853.8994140625
19484.2294921875
20079.4326171875
20638.0263671875
21158.7119140625
21640.3740234375
22082.080078125
22483.07421875
22842.7861328125
23160.8095703125
23436.9091796875
23671.0068359375
23863.1767578125
24013.634765625
24122.7275390625
24190.927734375
24218.8154296875
24207.072265625
24156.4697265625
24067.857421875
23942.15234375
23780.322265625
23583.3916015625
23352.4072265625
23088.453125
22792.6279296875
22466.0390625
22109.79296875
21725.0029296875
21312.7626953125
20874.16015625
20410.2607421875
19922.1181640625
19410.7578125
18877.1875
18322.39453125
17747.34375
17152.9833984375
16540.2421875
15910.0419921875
15263.2900390625
14600.888671875
13923.7421875
13232.7529296875
12528.8330078125
11812.91015625
11085.9248046875
10348.8408203125
9602.6484375
8848.3642578125
8087.0439453125
7319.7724609375
6547.6796875
5771.931640625
4993.736328125
4214.34765625
3435.0576171875
2657.2001953125
1882.1484375
1111.3154296875
346.142578125
-411.8955078125
-1161.2998046875
-1900.5517578125
-2628.1201171875
-3342.46484375
-4042.046875
-4725.333984375
-5390.8115234375
-6036.9892578125
-6662.404296875
-7265.6396484375
-7845.326171875
-8400.15625
-8928.8876953125
-9430.353515625
-9903.4755859375
-10347.263671875
-10760.83203125
-11143.400390625
-11494.3046875
-11813.001953125
-12099.07421875
-12352.236328125
-12572.3349609375
-12759.3603515625
-12913.4375
-13034.841796875
-13123.986328125
-13181.427734375
-13207.8662109375
-13204.142578125
-13171.2314453125
-13110.244140625
-13022.4189453125
-12909.1162109375
-12771.814453125
-12612.1005859375
-12431.6640625
-12232.2841796875
-12015.8251953125
-11784.2265625
-11539.4873046875
-11283.658203125
-11018.83203125
-10747.12890625
-10470.6865234375
-10191.6455078125
-9912.1357421875
-9634.2724609375
-9360.1328125
-9091.7451171875
-8831.0888671875
-8580.0654296875
-8340.4970703125
-8114.1123046875
-7902.5390625
-7707.2890625
-7529.74609375
-7371.1669921875
-7232.6650390625
-7115.205078125
-7019.5966796875
-6946.4853515625
-6896.3544921875
-6869.5126953125
-6866.099609375
-6886.0732421875
-6929.220703125
-6995.1494140625
-7083.2890625
-7192.8984375
-7323.0654296875
-7472.7080078125
-7640.583984375
-7825.296875
-8025.2958984375
-8238.896484375
-8464.2734375
-8699.4833984375
-8942.46875
-9191.0693359375
-9443.0380859375
-9696.044921875
-9947.6982421875
-10195.552734375
-10437.126953125
-10669.9130859375
-10891.39453125
-11099.0595703125
-11290.4150390625
-11463.0029296875
-11614.4111328125
-11742.29296875
-11844.376953125
-11918.4833984375
-11962.5341796875
-11974.572265625
-11952.767578125
-11895.4345703125
-11801.0390625
-11668.2109375
-11495.7509765625
-11282.646484375
-11028.0732421875
-10731.404296875
-10392.21484375
-10010.2880859375
-9585.6201171875
-9118.421875
-8609.1181640625
-8058.3515625
-7466.98046875
-6836.0712890625
-6166.9072265625
-5460.970703125
-4719.9443359375
-3945.7041015625
-3140.3076171875
-2305.9873046875
-1445.1396484375
-560.3095703125
345.814453125
1270.419921875
2210.5859375
3163.2939453125
4125.4443359375
5093.87890625
6065.390625
7036.7451171875
8004.701171875
8966.021484375
9917.501953125
10855.9775390625
11778.3525390625
12681.6142578125
13562.8427734375
14419.2421875
15248.1474609375
16047.044921875
16813.5830078125
17545.59375
18241.09765625
18898.322265625
19515.7060546875
20091.9140625
20625.8447265625
21116.6337890625
21563.658203125
21966.5439453125
22325.1640625
22639.6396484375
22910.3369140625
23137.8662109375
23323.0751953125
23467.041015625
23571.0654296875
23636.66015625
23665.54296875
23659.615234375
23620.955078125
23551.7998046875
23454.5302734375
23331.65234375
23185.7841796875
23019.6259765625
22835.955078125
22637.59765625
22427.40625
22208.25390625
21982.9990234375
21754.4716796875
21525.4580078125
21298.6806640625
21076.7744140625
20862.27734375
20657.61328125
20465.0712890625
20286.8046875
20124.802734375
19980.890625
19856.716796875
19753.7470703125
19673.255859375
19616.3232421875
19583.8271484375
19576.4521484375
19594.6787109375
19638.7880859375
19708.87109375
19804.8271484375
19926.3671875
20073.03125
20244.189453125
20439.052734375
20656.68359375
20896.009765625
21155.8349609375
21434.8544921875
21731.6611328125
22044.7705078125
22372.6279296875
22713.62109375
23066.103515625
23428.3994140625
23798.8203125
24175.6845703125
24557.3232421875
24942.095703125
25328.404296875
25714.6982421875
26099.498046875
26481.392578125
26859.05078125
27231.2353515625
27596.8037109375
27954.7197265625
28304.0556640625
28643.99609375
28973.8447265625
29293.0234375
29601.0771484375
29897.6708984375
30182.595703125
30455.76171875
30717.19921875
30967.05859375
31205.603515625
31433.2109375
31650.365234375
31857.65625
32055.7734375
32245.498046875
32427.701171875
32603.337890625
32773.4404296875
32939.1103515625
33101.517578125
33261.8857421875
33421.4951171875
33581.66796875
33743.7685546875
33909.1904296875
34079.3515625
34255.69140625
34439.6591796875
34632.7080078125
34836.2880859375
35051.8427734375
35280.796875
35524.55078125
35784.474609375
36061.90234375
36358.12109375
36674.36328125
37011.8076171875
37371.55859375
37754.6533203125
38162.0419921875
38594.587890625
39053.060546875
39538.125
40050.3369140625
40590.1376953125
41157.8408203125
41753.6396484375
42377.5869140625
43029.5966796875
43709.4423828125
44416.7451171875
45150.97265625
45911.439453125
46697.2998046875
47507.5478515625
48341.015625
49196.373046875
50072.12890625
50966.6318359375
51878.072265625
52804.484375
53743.7548828125
54693.62109375
55651.6826171875
56615.40625
57582.1318359375
58549.0869140625
59513.388671875
60472.0615234375
61422.0439453125
62360.203125
63283.3427734375
64188.2265625
65071.5810546875
65930.119140625
66760.548828125
67559.58984375
68323.994140625
69050.5517578125
69736.1181640625
70377.62109375
70972.080078125
71516.6201171875
72008.4853515625
72445.05859375
72823.8720703125
73142.6201171875
73399.1748046875
73591.5947265625
73718.1357421875
73777.26953125
73767.6787109375
73688.2822265625
73538.224609375
73316.8994140625
73023.939453125
72659.2314453125
72222.9140625
71715.37890625
71137.271484375
70489.4921875
69773.1923828125
68989.7705078125
68140.869140625
67228.3701171875
66254.3828125
65221.2431640625
64131.5
62987.90625
61793.41015625
60551.1416015625
59264.400390625
57936.640625
56571.4609375
55172.58984375
53743.8642578125
52289.2197265625
50812.673828125
49318.30859375
47810.2568359375
46292.67578125
44769.74609375
43245.6376953125
41724.5078125
40210.4736328125
38707.6025390625
37219.8896484375
35751.2490234375
34305.494140625
32886.3173828125
31497.29296875
30141.83984375
28823.228515625
27544.5576171875
26308.7431640625
25118.515625
23976.3994140625
22884.712890625
21845.552734375
20860.796875
19932.087890625
19060.8349609375
18248.2109375
17495.1455078125
16802.3271484375
16170.2021484375
15598.9716796875
15088.6025390625
14638.8232421875
14249.1259765625
13918.7822265625
13646.837890625
13432.126953125
13273.275390625
13168.71875
13116.697265625
13115.28125
13162.373046875
13255.7236328125
13392.9423828125
13571.5107421875
13788.7978515625
14042.0693359375
14328.5068359375
14645.220703125
14989.2587890625
15357.6298828125
15747.3115234375
16155.265625
16578.453125
17013.8486328125
17458.4521484375
17909.298828125
18363.4814453125
18818.1513671875
19270.537109375
19717.9501953125
20157.8017578125
20587.6044921875
21004.9873046875
21407.701171875
21793.6259765625
22160.7783203125
22507.314453125
22831.541015625
23131.912109375
23407.037109375
23655.6865234375
23876.7802734375
24069.408203125
24232.8134765625
24366.4033203125
24469.740234375
24542.5478515625
24584.7041015625
24596.234375
24577.318359375
24528.279296875
24449.5791015625
24341.8125
24205.7138671875
24042.130859375
23852.0341796875
23636.505859375
23396.7314453125
23133.9970703125
22849.673828125
22545.2197265625
22222.1689453125
21882.1171875
21526.7236328125
21157.6982421875
20776.7900390625
20385.7861328125
19986.4951171875
19580.7470703125
19170.3779296875
18757.2255859375
18343.1171875
17929.8662109375
17519.26171875
17113.0576171875
16712.9677734375
16320.6591796875
15937.740234375
15565.7568359375
15206.1845703125
14860.41796875
14529.7734375
14215.470703125
13918.634765625
13640.291015625
13381.3564453125
13142.6328125
12924.810546875
12728.45703125
12554.017578125
12401.8134765625
12272.0390625
12164.75390625
12079.8916015625
12017.2548828125
11976.5166015625
11957.220703125
11958.7802734375
11980.4873046875
12021.5078125
12080.8916015625
12157.5693359375
12250.3671875
12358.0009765625
12479.08984375
12612.1611328125
12755.6533203125
12907.9287109375
13067.2802734375
13231.9365234375
13400.0732421875
13569.8212890625
13739.2802734375
13906.5205078125
14069.5966796875
14226.5615234375
14375.4677734375
14514.3857421875
14641.4111328125
14754.6728515625
14852.345703125
14932.6591796875
14993.90625
15034.45703125
15052.76171875
15047.3642578125
15016.908203125
14960.14453125
14875.9423828125
14763.2919921875
14621.3115234375
14449.259765625
14246.53125
14012.6669921875
13747.357421875
13450.4462890625
13121.9326171875
12761.970703125
12370.8740234375
11949.119140625
11497.3349609375
11016.3115234375
10506.99609375
9970.4873046875
9408.037109375
8821.0390625
8211.037109375
7579.7041015625
6928.8505859375
6260.4072265625
5576.4267578125
4879.0693359375
4170.595703125
3453.3662109375
2729.8193359375
2002.46875
1273.8974609375
546.7353515625
-176.333984375
-892.6044921875
-1599.341796875
-2293.8037109375
-2973.2470703125
-3634.94140625
-4276.1826171875
-4894.296875
-5486.662109375
-6050.7109375
-6583.9443359375
-7083.9423828125
-7548.376953125
-7975.015625
-8361.73828125
-8706.5419921875
-9007.552734375
-9263.029296875
-9471.373046875
-9631.1376953125
-9741.03125
-9799.921875
-9806.8486328125
-9761.0166015625
-9661.80859375
-9508.7822265625
-9301.673828125
-9040.4013671875
-8725.060546875
-8355.9306640625
-7933.46484375
-7458.2939453125
-6931.2265625
-6353.2353515625
-5725.4658203125
-5049.216796875
-4325.94921875
-3557.2705078125
-2744.93359375
-1890.8232421875
-996.955078125
-65.4638671875
901.40625
1901.3056640625
2931.796875
3990.3525390625
5074.375
6181.2041015625
7308.1220703125
8452.3681640625
9611.1484375
10781.6396484375
11961.0107421875
13146.4208984375
14335.03125
15524.0234375
16710.595703125
17891.9765625
19065.4345703125
20228.28515625
21377.8984375
22511.705078125
23627.201171875
24721.9599609375
25793.6318359375
26839.953125
27858.7509765625
28847.9423828125
29805.546875
30729.6826171875
31618.5712890625
32470.5458984375
33284.04296875
34057.61328125
34789.9208984375
35479.7392578125
36125.9599609375
36727.58984375
37283.7490234375
37793.671875
38256.7119140625
38672.3310546875
39040.111328125
39359.7431640625
39631.03125
39853.8955078125
40028.3583984375
40154.55859375
40232.7373046875
40263.2470703125
40246.544921875
40183.1884765625
40073.8427734375
39919.2724609375
39720.341796875
39478.0146484375
39193.3505859375
38867.505859375
38501.734375
38097.3759765625
37655.865234375
37178.7236328125
36667.564453125
36124.08203125
35550.052734375
34947.3369140625
34317.869140625
33663.6630859375
32986.80078125
32289.4365234375
31573.7861328125
30842.12890625
30096.802734375
29340.193359375
28574.740234375
27802.919921875
27027.2490234375
26250.2763671875
25474.572265625
24702.7255859375
23937.341796875
23181.0205078125
22436.3671875
21705.9716796875
20992.40234375
20298.2001953125
19625.873046875
18977.8779296875
18356.62109375
17764.4423828125
17203.611328125
16676.3134765625
16184.6455078125
15730.60546875
15316.080078125
14942.8408203125
14612.5341796875
14326.67578125
14086.638671875
13893.6474609375
13748.7783203125
13652.9443359375
13606.8955078125
13611.2109375
13666.30078125
13772.3935546875
13929.54296875
14137.626953125
14396.3349609375
14705.18359375
15063.5068359375
15470.4619140625
15925.0390625
16426.048828125
16972.1455078125
17561.8203125
18193.4111328125
18865.1142578125
19574.9833984375
20320.9482421875
21100.81640625
21912.2890625
22752.96484375
23620.359375
24511.9091796875
25424.9873046875
26356.9140625
27304.9697265625
28266.408203125
29238.46484375
30218.3759765625
31203.3818359375
32190.7451171875
33177.76171875
34161.7685546875
35140.1572265625
36110.3828125
37069.974609375
38016.541015625
38947.783203125
39861.498046875
40755.5908203125
41628.0693359375
42477.0625
43300.814453125
44097.69140625
44866.1845703125
45604.9091796875
46312.609375
46988.15234375
47630.5283203125
48238.8505859375
48812.3544921875
49350.388671875
49852.4150390625
50318.0
50746.8134765625
51138.6240234375
51493.28515625
51810.73828125
52090.994140625
52334.140625
52540.322265625
52709.7373046875
52842.6357421875
52939.3056640625
53000.0634765625
53025.2548828125
53015.2470703125
52970.4130859375
52891.13671875
52777.80078125
52630.78125
52450.4501953125
52237.158203125
51991.244140625
51713.0224609375
51402.78515625
51060.7998046875
50687.3037109375
50282.5107421875
49846.6025390625
49379.736328125
48882.0400390625
48353.6162109375
47794.546875
47204.8876953125
46584.6845703125
45933.9580078125
45252.7265625
44540.998046875
43798.775390625
43026.0693359375
42222.8935546875
41389.275390625
40525.255859375
39630.9033203125
38706.3125
37751.607421875
36766.9541015625
35752.5595703125
34708.6787109375
33635.62109375
32533.751953125
31403.49609375
30245.34765625
29059.8642578125
27847.6806640625
26609.4990234375
25346.109375
24058.369140625
22747.2236328125
21413.6962890625
20058.892578125
18683.9990234375
17290.2861328125
15879.1025390625
14451.873046875
13010.103515625
11555.3720703125
10089.328125
8613.6865234375
7130.2314453125
5640.7998046875
4147.2890625
2651.642578125
1155.8505859375
-338.0615234375
-1828.0322265625
-3311.9765625
-4787.7890625
-6253.3525390625
-7706.5419921875
-9145.2373046875
-10567.3232421875
-11970.7060546875
-13353.3076171875
-14713.0869140625
-16048.037109375
-17356.1953125
-18635.6513671875
-19884.556640625
-21101.123046875
-22283.6328125
-23430.451171875
-24540.0234375
-25610.880859375
-26641.6533203125
-27631.068359375
-28577.9501953125
-29481.2373046875
-30339.974609375
-31153.318359375
-31920.544921875
-32641.0419921875
-33314.3212890625
-33940.009765625
-34517.8564453125
-35047.7333984375
-35529.6240234375
-35963.6396484375
-36350.0
-36689.0458984375
-36981.2275390625
-37227.103515625
-37427.3388671875
-37582.701171875
-37694.0576171875
-37762.361328125
-37788.662109375
-37774.0869140625
-37719.841796875
-37627.20703125
-37497.5244140625
-37332.197265625
-37132.6826171875
-36900.4833984375
-36637.1455078125
-36344.2421875
-36023.3818359375
-35676.1884765625
-35304.3046875
-34909.3779296875
-34493.0595703125
-34056.99609375
-33602.8251953125
-33132.169921875
-32646.6318359375
-32147.7861328125
-31637.1806640625
-31116.3251953125
-30586.69140625
-30049.7119140625
-29506.7685546875
-28959.197265625
-28408.28125
-27855.25
-27301.2744140625
-26747.47265625
-26194.900390625
-25644.552734375
-25097.369140625
-24554.220703125
-24015.92578125
-23483.236328125
-22956.8447265625
-22437.3837890625
-21925.4296875
-21421.4990234375
-20926.0498046875
-20439.486328125
-19962.15625
-19494.35546875
-19036.326171875
-18588.2607421875
-18150.2998046875
-17722.53515625
-17305.0107421875
-16897.7197265625
-16500.61328125
-16113.58984375
-15736.50390625
-15369.1640625
-15011.328125
-14662.7080078125
-14322.96875
-13991.724609375
-13668.537109375
-13352.919921875
-13044.330078125
-12742.1748046875
-12445.802734375
-12154.5068359375
-11867.517578125
-11584.01171875
-11303.1005859375
-11023.8330078125
-10745.197265625
-10466.1142578125
-10185.4462890625
-9901.9873046875
-9614.4716796875
-9321.5693359375
-9021.890625
-8713.9912109375
-8396.3681640625
-8067.4697265625
-7725.6962890625
-7369.4091796875
-6996.93359375
-6606.564453125
-6196.5771484375
-5765.234375
-5310.7939453125
-4831.5224609375
-4325.7001953125
-3791.638671875
-3227.6865234375
-2632.244140625
-2003.7822265625
-1340.84375
-642.06640625
93.8046875
867.908203125
1681.2490234375
2534.681640625
3428.90234375
4364.4326171875
5341.611328125
6360.5712890625
7421.2431640625
8523.3349609375
9666.326171875
10849.458984375
12071.73046875
13331.890625
14628.4365234375
15959.60546875
17323.3818359375
18717.4931640625
20139.412109375
21586.361328125
23055.326171875
24543.0517578125
26046.0595703125
27560.6572265625
29082.9521484375
30608.869140625
32134.1591796875
33654.4248046875
35165.1376953125
36661.658203125
38139.26171875
39593.1513671875
41018.494140625
42410.4384765625
43764.1435546875
45074.7978515625
46337.6513671875
47548.04296875
48701.4189453125
49793.361328125
50819.6171875
51776.1142578125
52658.9931640625
53464.6201171875
54189.6162109375
54830.87109375
55385.5634765625
55851.1767578125
56225.5126953125
56506.7080078125
56693.2392578125
56783.935546875
56777.984375
56674.9365234375
56474.7060546875
56177.578125
55784.1943359375
55295.564453125
54713.046875
54038.349609375
53273.5224609375
52420.931640625
51483.2685546875
50463.5146484375
49364.939453125
48191.07421875
46945.701171875
45632.830078125
44256.6787109375
42821.6513671875
41332.3154296875
39793.38671875
38209.69921875
36586.185546875
34927.8564453125
33239.77734375
31527.044921875
29794.7705078125
28048.05078125
26291.95703125
24531.5087890625
22771.658203125
21017.271484375
19273.1064453125
17543.8115234375
15833.892578125
14147.7138671875
12489.4736328125
10863.2001953125
9272.7392578125
7721.7451171875
6213.669921875
4751.759765625
3339.0458984375
1978.3427734375
672.2392578125
-576.8984375
-1766.9326171875
-2895.9560546875
-3962.2890625
-4964.4794921875
-5901.3017578125
-6771.7626953125
-7575.08203125
-8310.703125
-8978.2841796875
-9577.6904296875
-10108.994140625
-10572.46875
-10968.5771484375
-11297.9716796875
-11561.482421875
-11760.111328125
-11895.02734375
-11967.55078125
-11979.15625
-11931.451171875
-11826.177734375
-11665.1962890625
-11450.4814453125
-11184.107421875
-10868.2431640625
-10505.138671875
-10097.1181640625
-9646.564453125
-9155.91796875
-8627.6591796875
-8064.30078125
-7468.376953125
-6842.435546875
-6189.0263671875
-5510.6943359375
-4809.9619140625
-4089.3310546875
-3351.2666015625
-2598.1943359375
-1832.48046875
-1056.4365234375
-272.30859375
517.7314453125
1311.5947265625
2107.2763671875
2902.8623046875
3696.5322265625
4486.5712890625
5271.3623046875
6049.396484375
6819.2724609375
7579.69921875
8329.494140625
9067.5849609375
9793.01171875
10504.919921875
11202.560546875
11885.29296875
12552.5732421875
13203.9580078125
13839.09375
14457.720703125
15059.66015625
15644.810546875
16213.1494140625
16764.71484375
17299.6103515625
17817.9931640625
18320.0712890625
18806.091796875
19276.33984375
19731.130859375
20170.80078125
20595.7060546875
21006.2119140625
21402.69140625
21785.5146484375
22155.05078125
22511.654296875
22855.6708984375
23187.421875
23507.208984375
23815.3076171875
24111.966796875
24397.400390625
24671.7939453125
24935.29296875
25188.0087890625
25430.01953125
25661.361328125
25882.0341796875
26092.0009765625
26291.189453125
26479.4921875
26656.7666015625
26822.8369140625
26977.5029296875
27120.5302734375
27251.662109375
27370.619140625
27477.1015625
27570.7919921875
27651.36328125
27718.4716796875
27771.7744140625
27810.9169921875
27835.55078125
27845.330078125
27839.9130859375
27818.97265625
27782.193359375
27729.2783203125
27659.94921875
27573.955078125
27471.0703125
27351.0986328125
27213.8818359375
27059.287109375
26887.232421875
26697.6650390625
26490.58203125
26266.021484375
26024.0703125
25764.859375
25488.568359375
25195.4296875
24885.72265625
24559.779296875
24217.978515625
23860.7529296875
23488.58203125
23101.9970703125
22701.5732421875
22287.93359375
21861.7470703125
21423.7236328125
20974.6142578125
20515.208984375
20046.33203125
19568.8427734375
19083.6279296875
18591.6015625
18093.703125
17590.890625
17084.1396484375
16574.4365234375
16062.7841796875
15550.18359375
15037.64453125
14526.173828125
14016.7763671875
13510.4482421875
13008.17578125
12510.9365234375
12019.6865234375
11535.3671875
11058.90234375
10591.1875
10133.1005859375
9685.48828125
9249.173828125
8824.953125
8413.5908203125
8015.82421875
7632.3583984375
7263.8720703125
6911.0087890625
6574.3876953125
6254.5927734375
5952.1796875
5667.6796875
5401.58984375
5154.380859375
4926.4951171875
4718.3466796875
4530.32421875
4362.7841796875
4216.060546875
4090.4599609375
3986.2548828125
3903.693359375
3842.99609375
3804.34765625
3787.8994140625
3793.7763671875
3822.060546875
3872.7998046875
3945.9990234375
4041.625
4159.5927734375
4299.7734375
4461.9833984375
4645.990234375
4851.49609375
5078.1494140625
5325.5322265625
5593.16015625
5880.478515625
6186.865234375
6511.6201171875
6853.9677734375
7213.0576171875
7587.958984375
7977.6650390625
8381.0869140625
8797.05859375
9224.3388671875
9661.60546875
10107.470703125
10560.4697265625
11019.0771484375
11481.7021484375
11946.697265625
12412.3642578125
12876.962890625
13338.708984375
13795.79296875
14246.3828125
14688.62890625
15120.681640625
15540.69140625
15946.826171875
16337.2744140625
16710.26171875
17064.0546875
17396.9775390625
17707.4130859375
17993.8232421875
18254.7490234375
18488.8271484375
18694.7939453125
18871.49609375
19017.896484375
19133.087890625
19216.291015625
19266.86328125
19284.310546875
19268.28125
19218.578125
19135.158203125
19018.1357421875
18867.7802734375
18684.521484375
18468.947265625
18221.7998046875
17943.9794921875
17636.537109375
17300.669921875
16937.72265625
16549.17578125
16136.646484375
15701.8779296875
15246.7333984375
14773.19140625
14283.3359375
13779.3515625
13263.5078125
12738.1611328125
12205.7373046875
11668.7275390625
11129.677734375
10591.177734375
10055.8544921875
9526.3623046875
9005.373046875
8495.56640625
7999.62109375
7520.203125
7059.9658203125
6621.52734375
6207.47265625
5820.33984375
5462.611328125
5136.7060546875
4844.97265625
4589.677734375
4373.0029296875
4197.029296875
4063.736328125
3974.9912109375
3932.5400390625
3938.001953125
3992.8623046875
4098.46484375
4256.005859375
4466.5234375
4730.89453125
5049.8330078125
5423.8740234375
5853.375
6338.5107421875
6879.267578125
7475.439453125
8126.62109375
8832.2138671875
9591.412109375
10403.2099609375
11266.3974609375
12179.5615234375
13141.0810546875
14149.138671875
15201.7138671875
16296.58984375
17431.359375
18603.4267578125
19810.013671875
21048.173828125
22314.787109375
23606.583984375
24920.142578125
26251.9111328125
27598.2080078125
28955.24609375
30319.134765625
31685.90625
33051.517578125
34411.87890625
35762.859375
37100.3076171875
38420.0732421875
39718.013671875
40990.01953125
42232.03125
43440.052734375
44610.16796875
45738.5673828125
46821.548828125
47855.548828125
48837.1494140625
49763.0947265625
50630.302734375
51435.88671875
52177.1552734375
52851.63671875
53457.080078125
53991.466796875
54453.0224609375
54840.2158203125
55151.7724609375
55386.6748046875
55544.16796875
55623.7568359375
55625.2109375
55548.5634765625
55394.107421875
55162.3935546875
54854.228515625
54470.6640625
54012.99609375
53482.75390625
52881.693359375
52211.7900390625
51475.2216796875
50674.3671875
49811.791015625
48890.228515625
47912.5791015625
46881.888671875
45801.3388671875
44674.2373046875
43503.9970703125
42294.12890625
41048.2265625
39769.94921875
38463.013671875
37131.1806640625
35778.2392578125
34407.990234375
33024.2451171875
31630.8056640625
30231.4521484375
28829.9365234375
27429.9677734375
26035.201171875
24649.23828125
23275.599609375
21917.73046875
20578.9873046875
19262.6318359375
17971.8203125
16709.599609375
15478.9013671875
14282.53125
13123.1728515625
12003.373046875
10925.54296875
9891.953125
8904.73046875
7965.853515625
7077.1572265625
6240.3125
5456.849609375
4728.1337890625
4055.380859375
3439.6455078125
2881.8251953125
2382.6650390625
1942.744140625
1562.4931640625
1242.181640625
981.92578125
781.6884765625
641.27734375
560.353515625
538.423828125
574.8544921875
668.861328125
819.51953125
1025.765625
1286.3984375
1600.0810546875
1965.3447265625
2380.595703125
2844.1083984375
3354.041015625
3908.4296875
4505.1953125
5142.1484375
5816.9892578125
6527.314453125
7270.62109375
8044.30859375
8845.6875
9671.9765625
10520.31640625
11387.765625
12271.3115234375
13167.8779296875
14074.3203125
14987.4443359375
15904.0048828125
16820.712890625
17734.2451171875
18641.2509765625
19538.3564453125
20422.1826171875
21289.3408203125
22136.453125
22960.15234375
23757.1015625
24523.998046875
25257.58984375
25954.6767578125
26612.1337890625
27226.916015625
27796.07421875
28316.765625
28786.2666015625
29201.9892578125
29561.484375
29862.46875
30102.826171875
30280.6279296875
30394.13671875
30441.8271484375
30422.3955078125
30334.7646484375
30178.1015625
29951.8232421875
29655.609375
29289.400390625
28853.4130859375
28348.146484375
27774.37890625
27133.17578125
26425.88671875
25654.1513671875
24819.890625
23925.3056640625
22972.8759765625
21965.34765625
20905.7216796875
19797.2578125
18643.4404296875
17447.984375
16214.8076171875
14948.0185546875
13651.8955078125
12330.8671875
10989.48828125
9632.4248046875
8264.419921875
6890.27734375
5514.8291015625
4142.9130859375
2779.3466796875
1428.90234375
96.2724609375
-1213.94921875
-2497.298828125
-3749.46484375
-4966.3154296875
-6143.921875
-7278.5830078125
-8366.8447265625
-9405.517578125
-10391.703125
-11322.802734375
-12196.5380859375
-13010.9609375
-13764.458984375
-14455.7763671875
-15084.0068359375
-15648.603515625
-16149.373046875
-16586.4853515625
-16960.4580078125
-17272.15625
-17522.7783203125
-17713.8505859375
-17847.20703125
-17924.978515625
-17949.5703125
-17923.6435546875
-17850.09765625
-17732.0400390625
-17572.763671875
-17375.724609375
-17144.51171875
-16882.818359375
-16594.4169921875
-16283.126953125
-15952.791015625
-15607.23828125
-15250.2666015625
-14885.6064453125
-14516.900390625
-14147.666015625
-13781.2890625
-13420.986328125
-13069.787109375
-12730.513671875
-12405.767578125
-12097.9052734375
-11809.0322265625
-11540.9853515625
-11295.32421875
-11073.3310546875
-10875.994140625
-10704.0126953125
-10557.7978515625
-10437.466796875
-10342.857421875
-10273.5302734375
-10228.771484375
-10207.6142578125
-10208.841796875
-10231.0107421875
-10272.455078125
-10331.318359375
-10405.5556640625
-10492.96875
-10591.21875
-10697.8447265625
-10810.291015625
-10925.927734375
-11042.072265625
-11156.013671875
-11265.029296875
-11366.4130859375
-11457.4912109375
-11535.6474609375
-11598.3349609375
-11643.1015625
-11667.60546875
-11669.6259765625
-11647.0888671875
-11598.064453125
-11520.7900390625
-11413.6767578125
-11275.3173828125
-11104.4931640625
-10900.1748046875
-10661.53125
-10387.9306640625
-10078.9326171875
-9734.2998046875
-9353.9775390625
-8938.1064453125
-8487.0048828125
-8001.1650390625
-7481.24609375
-6928.0625
-6342.5732421875
-5725.8740234375
-5079.185546875
-4403.833984375
-3701.2490234375
-2972.9404296875
-2220.49609375
-1445.5576171875
-649.8154296875
165.0048828125
997.1611328125
1844.8955078125
2706.458984375
3580.1103515625
4464.1318359375
5356.837890625
6256.583984375
7161.771484375
8070.8583984375
8982.361328125
9894.8642578125
10807.013671875
11717.53515625
12625.2236328125
13528.9501953125
14427.6591796875
15320.3720703125
16206.181640625
17084.25390625
17953.8203125
18814.181640625
19664.6982421875
20504.7900390625
21333.9296875
22151.640625
22957.4892578125
23751.0830078125
24532.0615234375
25300.0986328125
26054.8896484375
26796.1533203125
27523.625
28237.05078125
28936.1875
29620.7978515625
30290.646484375
30945.4990234375
31585.1181640625
32209.265625
32817.6982421875
33410.1669921875
33986.41796875
34546.193359375
35089.2314453125
35615.2666015625
36124.0283203125
36615.25
37088.6650390625
37544.01171875
37981.03125
38399.4775390625
38799.1103515625
39179.7080078125
39541.064453125
39882.98828125
40205.3134765625
40507.896484375
40790.6181640625
41053.388671875
41296.146484375
41518.861328125
41721.5341796875
41904.2021484375
42066.93359375
42209.83203125
42333.0341796875
42436.7109375
42521.068359375
42586.3466796875
42632.8134765625
42660.7705078125
42670.548828125
42662.5068359375
42637.025390625
42594.5146484375
42535.4052734375
42460.1474609375
42369.20703125
42263.0703125
42142.2353515625
42007.2119140625
41858.51953125
41696.6845703125
41522.244140625
41335.7353515625
41137.7041015625
40928.6923828125
40709.248046875
40479.916015625
40241.2412109375
39993.767578125
39738.037109375
39474.5888671875
39203.9609375
38926.6845703125
38643.29296875
38354.3134765625
38060.2705078125
37761.6884765625
37459.0830078125
37152.9697265625
36843.8642578125
36532.2734375
36218.703125
35903.65234375
35587.6181640625
35271.08984375
34954.5537109375
34638.4814453125
34323.3427734375
34009.59375
33697.6787109375
33388.0263671875
33081.052734375
32777.15625
32476.7109375
32180.07421875
31887.57421875
31599.5146484375
31316.169921875
31037.779296875
30764.55078125
30496.658203125
30234.2314453125
29977.3642578125
29726.1064453125
29480.46484375
29240.400390625
29005.828125
28776.619140625
28552.5947265625
28333.529296875
28119.1533203125
27909.1474609375
27703.1533203125
27500.763671875
27301.5341796875
27104.9814453125
26910.5830078125
26717.7890625
26526.0146484375
26334.65234375
26143.072265625
25950.6240234375
25756.6494140625
25560.4794921875
25361.439453125
25158.8583984375
24952.0732421875
24740.4267578125
24523.283203125
24300.0263671875
24070.064453125
23832.8388671875
23587.82421875
23334.5361328125
23072.533203125
22801.4189453125
22520.8515625
22230.5419921875
21930.2529296875
21619.8115234375
21299.1044921875
20968.080078125
20626.7529296875
20275.1962890625
19913.5546875
19542.037109375
19160.9140625
18770.5244140625
18371.2666015625
17963.60546875
17548.064453125
17125.2255859375
16695.7275390625
16260.265625
15819.5849609375
15374.482421875
14925.796875
14474.4169921875
14021.2705078125
13567.31640625
13113.556640625
12661.0185546875
12210.7607421875
11763.861328125
11321.423828125
10884.568359375
10454.4296875
10032.1484375
9618.8798828125
9215.779296875
8824.001953125
8444.701171875
8079.0263671875
7728.115234375
7393.0908203125
7075.0615234375
6775.115234375
6494.31640625
6233.7021484375
5994.2783203125
5777.0166015625
5582.8486328125
5412.6669921875
5267.3154296875
5147.5888671875
5054.2314453125
4987.92578125
4949.2939453125
4938.896484375
4957.21875
5004.6806640625
5081.62109375
5188.30078125
5324.8974609375
5491.5009765625
5688.1162109375
5914.6513671875
6170.9228515625
6456.650390625
6771.45703125
7114.86328125
7486.291015625
7885.056640625
8310.3828125
8761.3837890625
9237.0751953125
9736.3759765625
10258.1044921875
10800.986328125
11363.6533203125
11944.6494140625
12542.43359375
13155.380859375
13781.7978515625
14419.912109375
15067.896484375
15723.857421875
16385.8564453125
17051.908203125
17719.98828125
18388.0498046875
19054.0205078125
19715.81640625
20371.3505859375
21018.5390625
21655.3125
22279.623046875
22889.4501953125
23482.8173828125
24057.7900390625
24612.490234375
25145.1044921875
25653.8876953125
26137.173828125
26593.3779296875
27021.0107421875
27418.6767578125
27785.0849609375
28119.0478515625
28419.4921875
28685.4580078125
28916.1044921875
29110.7138671875
29268.6875
29389.5546875
29472.96484375
29518.7001953125
29526.6591796875
29496.8720703125
29429.4833984375
29324.765625
29183.1025390625
29004.994140625
28791.052734375
28541.9970703125
28258.64453125
27941.9150390625
27592.8173828125
27212.44921875
26801.9892578125
26362.6904296875
25895.880859375
25402.9443359375
24885.326171875
24344.525390625
23782.0810546875
23199.5732421875
22598.6171875
21980.8486328125
21347.9287109375
20701.533203125
20043.34375
19375.046875
18698.3291015625
18014.8671875
17326.33203125
16634.369140625
15940.6123046875
15246.666015625
14554.1064453125
13864.4814453125
13179.2998046875
12500.033203125
11828.11328125
11164.9287109375
10511.822265625
9870.087890625
9240.97265625
8625.671875
8025.3251953125
7441.0263671875
6873.8095703125
6324.6552734375
5794.4912109375
5284.1865234375
4794.5537109375
4326.3525390625
3880.2861328125
3457.0
3057.0869140625
2681.08203125
2329.46875
2002.67578125
1701.0810546875
1425.0068359375
1174.7294921875
950.47265625
752.4111328125
580.6787109375
435.3583984375
316.4921875
224.0791015625
158.0810546875
118.4208984375
104.9853515625
117.630859375
156.1796875
220.4296875
310.15234375
425.0947265625
564.9873046875
729.54296875
918.4619140625
1131.431640625
1368.1337890625
1628.24609375
1911.4443359375
2217.408203125
2545.822265625
2896.375
3268.771484375
3662.7255859375
4077.9697265625
4514.25390625
4971.3447265625
5449.0380859375
5947.1435546875
6465.5009765625
7003.970703125
7562.44140625
8140.822265625
8739.052734375
9357.083984375
9994.8974609375
10652.4873046875
11329.8681640625
12027.0625
12744.1044921875
13481.03125
14237.8828125
15014.689453125
15811.4755859375
16628.24609375
17464.984375
18321.6435546875
19198.1416015625
20094.353515625
21010.1025390625
21945.1591796875
22899.224609375
23871.9326171875
24862.8369140625
25871.4091796875
26897.02734375
27938.9765625
28996.4375
30068.486328125
31154.0859375
32252.087890625
33361.2275390625
34480.1171875
35607.2548828125
36741.017578125
37879.6611328125
39021.3271484375
40164.0439453125
41305.73046875
42444.1953125
43577.15625
44702.2353515625
45816.9677734375
46918.822265625
48005.1943359375
49073.4326171875
50120.8359375
51144.677734375
52142.2158203125
53110.7001953125
54047.3935546875
54949.5830078125
55814.5947265625
56639.810546875
57422.6787109375
58160.7353515625
58851.6123046875
59493.056640625
60082.94140625
60619.2822265625
61100.248046875
61524.1767578125
61889.5771484375
62195.15625
62439.814453125
62622.6591796875
62743.015625
62800.4296875
62794.6728515625
62725.7509765625
62593.9013671875
62399.6005859375
62143.5576171875
61826.71875
61450.265625
61015.60546875
60524.375
59978.4267578125
59379.830078125
58730.853515625
58033.9638671875
57291.8154296875
56507.232421875
55683.2021484375
54822.8671875
53929.5009765625
53006.501953125
52057.37890625
51085.734375
50095.24609375
49089.6611328125
48072.7705078125
47048.40234375
46020.3974609375
44992.6015625
43968.8466796875
42952.9375
41948.6318359375
40959.6328125
39989.57421875
39041.998046875
38120.357421875
37227.98828125
36368.1064453125
35543.7939453125
34757.9931640625
34013.4873046875
33312.900390625
32658.6875
32053.12109375
31498.2939453125
30996.1064453125
30548.263671875
30156.2685546875
29821.427734375
29544.8349609375
29327.3828125
29169.7529296875
29072.419921875
29035.6494140625
29059.501953125
29143.833984375
29288.3017578125
29492.36328125
29755.2841796875
30076.140625
30453.828125
30887.0634765625
31374.396484375
31914.2109375
32504.73828125
33144.0615234375
33830.1259765625
34560.7451171875
35333.6181640625
36146.32421875
36996.3466796875
37881.0751953125
38797.8173828125
39743.806640625
40716.21484375
41712.1611328125
42728.720703125
43762.935546875
44811.822265625
45872.3828125
46941.6123046875
48016.5078125
49094.076171875
50171.3447265625
51245.3642578125
52313.220703125
53372.03515625
54418.9833984375
55451.287109375
56466.2275390625
57461.150390625
58433.4697265625
59380.6728515625
60300.3212890625
61190.0615234375
62047.623046875
62870.826171875
63657.578125
64405.8857421875
65113.8515625
65779.677734375
66401.6708984375
66978.2431640625
67507.9140625
67989.31640625
68421.193359375
68802.4091796875
69131.9423828125
69408.8974609375
69632.5
69802.103515625
69917.1962890625
69977.392578125
69982.44921875
69932.2578125
69826.853515625
69666.4130859375
69451.2626953125
69181.8740234375
68858.873046875
68483.0341796875
68055.28515625
67576.708984375
67048.541015625
66472.16796875
65849.1328125
65181.1220703125
64469.974609375
63717.6669921875
62926.3212890625
62098.185546875
61235.638671875
60341.177734375
59417.412109375
58467.05078125
57492.89453125
56497.8232421875
55484.787109375
54456.7900390625
53416.875
52368.115234375
51313.5908203125
50256.3798828125
49199.541015625
48146.09375
47099.0029296875
46061.1669921875
45035.39453125
44024.390625
43030.7431640625
42056.90234375
41105.1708984375
40177.685546875
39276.41015625
38403.1123046875
37559.369140625
36746.541015625
35965.7744140625
35217.990234375
34503.884765625
33823.9169921875
33178.314453125
32567.07421875
31989.95703125
31446.5029296875
30936.0244140625
30457.6240234375
30010.1982421875
29592.4482421875
29202.896484375
28839.8955078125
28501.64453125
28186.2080078125
27891.5322265625
27615.4609375
27355.7587890625
27110.1259765625
26876.224609375
26651.6923828125
26434.1689453125
26221.3125
26010.8193359375
25800.4482421875
25588.03125
25371.498046875
25148.890625
24918.3818359375
24678.28515625
24427.0673828125
24163.365234375
23885.9970703125
23593.958984375
23286.447265625
22962.8505859375
22622.7587890625
22265.9677734375
21892.466796875
21502.4521484375
21096.310546875
20674.62109375
20238.1396484375
19787.8046875
19324.7109375
18850.1083984375
18365.3896484375
17872.072265625
17371.78515625
16866.2587890625
16357.302734375
15846.7958984375
15336.6669921875
14828.8798828125
14325.4169921875
13828.26171875
13339.38671875
12860.7333984375
12394.201171875
11941.6357421875
11504.8095703125
11085.412109375
10685.0419921875
10305.1904296875
9947.240234375
9612.4462890625
9301.9404296875
9016.7177734375
8757.6337890625
8525.404296875
8320.599609375
8143.6416015625
7994.80859375
7874.234375
7781.91015625
7717.685546875
7681.2744140625
7672.2626953125
7690.1044921875
7734.1416015625
7803.599609375
7897.59765625
8015.162109375
8155.2255859375
8316.640625
8498.19140625
8698.5966796875
8916.521484375
9150.5859375
9399.375
9661.4462890625
9935.337890625
10219.580078125
10512.7021484375
10813.234375
11119.7294921875
11430.751953125
11744.904296875
12060.8154296875
12377.15625
12692.646484375
13006.0517578125
13316.1962890625
13621.9599609375
13922.291015625
14216.1953125
14502.751953125
14781.1064453125
15050.4775390625
15310.1552734375
15559.5029296875
15797.953125
16025.015625
16240.2666015625
16443.357421875
16634.00390625
16811.9912109375
16977.1689453125
17129.4462890625
17268.7958984375
17395.2421875
17508.8681640625
17609.7998046875
17698.216796875
17774.3388671875
17838.419921875
17890.7578125
17931.67578125
17961.5283203125
17980.6953125
17989.5712890625
17988.5771484375
17978.142578125
17958.708984375
17930.728515625
17894.6572265625
17850.953125
17800.080078125
17742.494140625
17678.65625
17609.0185546875
17534.0302734375
17454.1318359375
17369.765625
17281.3583984375
17189.3359375
17094.1171875
16996.1123046875
16895.73046875
16793.375
16689.4482421875
16584.34765625
16478.4716796875
16372.2197265625
16265.9912109375
16160.193359375
16055.2333984375
15951.52734375
15849.4970703125
15749.568359375
15652.1845703125
15557.7890625
15466.8408203125
15379.8037109375
15297.1552734375
15219.376953125
15146.962890625
15080.4111328125
15020.2275390625
14966.919921875
14921.0
14882.9765625
14853.3603515625
14832.6533203125
14821.3505859375
14819.9375
14828.880859375
14848.63671875
14879.6328125
14922.2822265625
14976.9619140625
15044.0234375
15123.783203125
15216.521484375
15322.48046875
15441.859375
15574.8134765625
15721.453125
15881.8408203125
16055.9921875
16243.8720703125
16445.3935546875
16660.4267578125
16888.7841796875
17130.2333984375
17384.4990234375
17651.2529296875
17930.126953125
18220.7119140625
18522.55859375
18835.1826171875
19158.0693359375
19490.669921875
19832.416015625
20182.7138671875
20540.9521484375
20906.5087890625
21278.7470703125
21657.0283203125
22040.7060546875
22429.13671875
22821.6826171875
23217.7080078125
23616.591796875
24017.7197265625
24420.4921875
24824.328125
25228.6591796875
25632.93359375
26036.6171875
26439.1943359375
26840.1640625
27239.0419921875
27635.35546875
28028.6484375
28418.4697265625
28804.3798828125
29185.9423828125
29562.724609375
29934.2890625
30300.203125
30660.0166015625
31013.2763671875
31359.515625
31698.24609375
32028.96875
32351.1572265625
32664.26171875
32967.7099609375
33260.900390625
33543.205078125
33813.96875
34072.5029296875
34318.0966796875
34550.01171875
34767.48046875
34969.7197265625
35155.91796875
35325.2548828125
35476.8955078125
35609.99609375
35723.7119140625
35817.201171875
35889.630859375
35940.185546875
35968.072265625
35972.5263671875
35952.8203125
35908.2744140625
35838.2578125
35742.201171875
35619.6044921875
35470.04296875
35293.1689453125
35088.73046875
34856.5693359375
34596.62890625
34308.96484375
33993.7412109375
33651.2421875
33281.875
32886.1728515625
32464.7958984375
32018.5341796875
31548.30859375
31055.173828125
30540.310546875
30005.033203125
29450.7783203125
28879.1103515625
28291.7080078125
27690.3671875
27076.994140625
26453.5927734375
25822.2666015625
25185.2021484375
24544.6689453125
23903.0009765625
23262.595703125
22625.896484375
21995.390625
21373.5888671875
20763.01953125
20166.2177734375
19585.7109375
19024.0107421875
18483.591796875
17966.8974609375
17476.306640625
17014.14453125
16582.654296875
16183.9921875
15820.2158203125
15493.28125
15205.0234375
14957.1484375
14751.232421875
14588.705078125
14470.8447265625
14398.7744140625
14373.455078125
14395.6708984375
14466.0439453125
14585.0068359375
14752.8203125
14969.552734375
15235.09765625
15549.154296875
15911.2373046875
16320.677734375
16776.619140625
17278.0263671875
17823.6796875
18412.1875
19041.984375
19711.3388671875
20418.3564453125
21160.990234375
21937.041015625
22744.173828125
23579.916015625
24441.673828125
25326.73828125
26232.2939453125
27155.427734375
28093.14453125
29042.3759765625
29999.9892578125
30962.7958984375
31927.5771484375
32891.076171875
33850.0283203125
34801.162109375
35741.216796875
36666.9541015625
37575.16796875
38462.7001953125
39326.4541015625
40163.3984375
40970.5947265625
41745.19140625
42484.4482421875
43185.7392578125
43846.5703125
44464.5849609375
45037.572265625
45563.482421875
46040.427734375
46466.6953125
46840.751953125
47161.25
47427.0361328125
47637.1455078125
47790.8212890625
47887.501953125
47926.8330078125
47908.658203125
47833.03125
47700.2001953125
47510.6162109375
47264.927734375
46963.966796875
46608.7578125
46200.5
45740.564453125
45230.4833984375
44671.9453125
44066.7822265625
43416.9560546875
42724.5537109375
41991.7705078125
41220.9013671875
40414.3251953125
39574.4921875
38703.9140625
37805.146484375
36880.7822265625
35933.4287109375
34965.7041015625
33980.22265625
32979.578125
31966.337890625
30943.0322265625
29912.1376953125
28876.0732421875
27837.1943359375
26797.7783203125
25760.021484375
24726.0341796875
23697.8349609375
22677.3447265625
21666.3916015625
20666.7021484375
19679.9033203125
18707.525390625
17750.998046875
16811.6650390625
15890.76953125
14989.4736328125
14108.861328125
13249.93359375
12413.6279296875
11600.8203125
10812.32421875
10048.9111328125
9311.310546875
8600.2177734375
7916.3017578125
7260.212890625
6632.5849609375
6034.052734375
5465.2431640625
4926.7880859375
4419.33203125
3943.5263671875
3500.0361328125
3089.544921875
2712.7490234375
2370.3603515625
2063.1064453125
1791.7236328125
1556.9580078125
1359.55859375
1200.2685546875
1079.8251953125
998.9521484375
958.34375
958.666015625
1000.5419921875
1084.5458984375
1211.1884765625
1380.9140625
1594.083984375
1850.96875
2151.7451171875
2496.4765625
2885.109375
3317.46875
3793.2470703125
4311.9951171875
4873.125
5475.900390625
6119.4326171875
6802.681640625
7524.4580078125
8283.41796875
9078.0693359375
9906.7783203125
10767.765625
11659.1220703125
12578.810546875
13524.6806640625
14494.4716796875
15485.830078125
16496.3173828125
17523.42578125
18564.591796875
19617.2099609375
20678.64453125
21746.251953125
22817.390625
23889.4345703125
24959.7958984375
26025.9306640625
27085.359375
28135.6767578125
29174.56640625
30199.8115234375
31209.3076171875
32201.0673828125
33173.236328125
34124.09375
35052.0576171875
35955.6943359375
36833.71875
37684.9912109375
38508.5224609375
39303.4716796875
40069.1376953125
40804.9599609375
41510.5126953125
42185.4931640625
42829.71484375
43443.1015625
44025.6728515625
44577.53515625
45098.8720703125
45589.92578125
46050.9912109375
46482.40234375
46884.515625
47257.7041015625
47602.3388671875
47918.7822265625
48207.373046875
48468.4208984375
48702.1904296875
48908.8994140625
49088.70703125
49241.708984375
49367.93359375
49467.3359375
49539.79296875
49585.1103515625
49603.0126953125
49593.15625
49555.1171875
49488.4091796875
49392.48046875
49266.7216796875
49110.4755859375
48923.0439453125
48703.69140625
48451.6669921875
48166.201171875
47846.5263671875
47491.8837890625
47101.537109375
46674.7822265625
46210.9580078125
45709.462890625
45169.7568359375
44591.3837890625
43973.9697265625
43317.2431640625
42621.0380859375
41885.298828125
41110.0966796875
40295.6298828125
39442.228515625
38550.359375
37620.634765625
36653.8037109375
35650.7646484375
34612.5576171875
33540.36328125
32435.505859375
31299.4453125
30133.775390625
28940.2138671875
27720.607421875
26476.9111328125
25211.1884765625
23925.607421875
22622.4208984375
21303.9658203125
19972.6494140625
18630.943359375
17281.3701171875
15926.4931640625
14568.9072265625
13211.23046875
11856.091796875
10506.1171875
9163.927734375
7832.12890625
6513.2939453125
5209.962890625
3924.6328125
2659.7470703125
1417.693359375
200.7919921875
-988.708984375
-2148.6357421875
-3276.8994140625
-4371.4912109375
-5430.5029296875
-6452.1103515625
-7434.587890625
-8376.310546875
-9275.748046875
-10131.478515625
-10942.1748046875
-11706.615234375
-12423.6826171875
-13092.3583984375
-13711.7265625
-14280.9716796875
-14799.3779296875
-15266.328125
-15681.3017578125
-16043.873046875
-16353.708984375
-16610.5693359375
-16814.3056640625
-16964.853515625
-17062.240234375
-17106.5751953125
-17098.05078125
-17036.943359375
-16923.607421875
-16758.4794921875
-16542.0703125
-16274.9716796875
-15957.84765625
-15591.4384765625
-15176.5576171875
-14714.0966796875
-14205.01171875
-13650.3408203125
-13051.18359375
-12408.72265625
-11724.2021484375
-10998.9423828125
-10234.33203125
-9431.8310546875
-8592.9658203125
-7719.3349609375
-6812.60546875
-5874.505859375
-4906.8359375
-3911.4560546875
-2890.2919921875
-1845.3291015625
-778.609375
307.7646484375
1411.642578125
2530.82421875
3663.0576171875
4806.0576171875
5957.4970703125
7115.0185546875
8276.23828125
9438.75390625
10600.14453125
11757.9873046875
12909.85546875
14053.3330078125
15186.0166015625
16305.5302734375
17409.525390625
18495.701171875
19561.798828125
20605.626953125
21625.056640625
22618.0400390625
23582.6103515625
24516.90625
25419.1630859375
26287.7294921875
27121.0810546875
27917.81640625
28676.67578125
29396.5390625
30076.4384765625
30715.5595703125
31313.2490234375
31869.0146484375
32382.5361328125
32853.66015625
33282.400390625
33668.9462890625
34013.6552734375
34317.0498046875
34579.82421875
34802.826171875
34987.068359375
35133.7041015625
35244.0419921875
35319.5166015625
35361.693359375
35372.255859375
35352.994140625
35305.7919921875
35232.62109375
35135.517578125
35016.5849609375
34877.9697265625
34721.845703125
34550.4111328125
34365.8671875
34170.4052734375
33966.193359375
33755.3662109375
33540.0087890625
33322.14453125
33103.7236328125
32886.615234375
32672.5908203125
32463.3154296875
32260.3466796875
32065.115234375
31878.9267578125
31702.9521484375
31538.2236328125
31385.6328125
31245.92578125
31119.7021484375
31007.4150390625
30909.375
30825.748046875
30756.5615234375
30701.705078125
30660.9365234375
30633.8935546875
30620.095703125
30618.94921875
30629.76171875
30651.74609375
30684.03515625
30725.6875
30775.697265625
30833.0078125
30896.5234375
30965.1123046875
31037.626953125
31112.9111328125
31189.8037109375
31267.1611328125
31343.857421875
31418.798828125
31490.92578125
31559.2314453125
31622.759765625
31680.6171875
31731.978515625
31776.0888671875
31812.275390625
31839.9404296875
31858.5751953125
31867.7587890625
31867.154296875
31856.515625
31835.685546875
31804.591796875
31763.2509765625
31711.7646484375
31650.3076171875
31579.142578125
31498.5966796875
31409.0703125
31311.0234375
31204.9775390625
31091.5029296875
30971.216796875
30844.7783203125
30712.876953125
30576.2265625
30435.56640625
30291.6435546875
30145.212890625
29997.0302734375
29847.841796875
29698.3828125
29549.369140625
29401.4921875
29255.412109375
29111.755859375
28971.109375
28834.01171875
28700.9580078125
28572.3896484375
28448.6943359375
28330.2021484375
28217.1845703125
28109.853515625
28008.359375
27912.7880859375
27823.1669921875
27739.4599609375
27661.5712890625
27589.3447265625
27522.568359375
27460.9736328125
27404.240234375
27351.998046875
27303.8310546875
27259.2802734375
27217.8486328125
27179.0048828125
27142.1875
27106.8125
27072.2705078125
27037.9404296875
27003.1904296875
26967.3837890625
26929.8837890625
26890.056640625
26847.2822265625
26800.953125
26750.4814453125
26695.3076171875
26634.8935546875
26568.744140625
26496.3955078125
26417.42578125
26331.45703125
26238.1630859375
26137.2626953125
26028.53125
25911.796875
25786.9453125
25653.9228515625
25512.7265625
25363.4208984375
25206.126953125
25041.0205078125
24868.3408203125
24688.3828125
24501.494140625
24308.080078125
24108.59375
23903.5400390625
23693.466796875
23478.9677734375
23260.6748046875
23039.2578125
22815.41796875
22589.8818359375
22363.40625
22136.7626953125
21910.7421875
21686.146484375
21463.783203125
21244.46484375
21029.0
20818.1962890625
20612.8447265625
20413.7255859375
20221.60546875
20037.2177734375
19861.2841796875
19694.484375
19537.474609375
19390.869140625
19255.2490234375
19131.1494140625
19019.0654296875
18919.4404296875
18832.6748046875
18759.1171875
18699.0615234375
18652.7529296875
18620.3818359375
18602.0810546875
18597.9287109375
18607.94921875
18632.107421875
18670.3134765625
18722.421875
18788.2333984375
18867.4912109375
18959.8896484375
19065.0634765625
19182.6083984375
19312.0556640625
19452.904296875
19604.5986328125
19766.5439453125
19938.103515625
20118.60546875
20307.3388671875
20503.564453125
20706.513671875
20915.390625
21129.3818359375
21347.650390625
21569.3486328125
21793.6201171875
22019.5966796875
22246.4111328125
22473.1982421875
22699.0966796875
22923.255859375
23144.841796875
23363.0380859375
23577.046875
23786.099609375
23989.4609375
24186.4228515625
24376.322265625
24558.529296875
24732.4658203125
24897.5927734375
25053.427734375
25199.533203125
25335.5302734375
25461.0908203125
25575.9453125
25679.8759765625
25772.728515625
25854.400390625
25924.8466796875
25984.0732421875
26032.142578125
26069.16796875
26095.306640625
26110.7646484375
26115.7900390625
26110.6650390625
26095.7080078125
26071.263671875
26037.703125
25995.4140625
25944.796875
25886.26171875
25820.2158203125
25747.0654296875
25667.205078125
25581.0126953125
25488.8427734375
25391.0244140625
25287.8486328125
25179.5693359375
25066.396484375
24948.490234375
24825.9560546875
24698.84765625
24567.15234375
24430.796875
24289.64453125
24143.4912109375
23992.0625
23835.0244140625
23671.96875
23502.4296875
23325.8720703125
23141.708984375
22949.2890625
22747.9189453125
22536.85546875
22315.314453125
22082.4814453125
21837.5166015625
21579.560546875
21307.74609375
21021.205078125
20719.078125
20400.52734375
20064.73828125
19710.939453125
19338.41015625
18946.4794921875
18534.5556640625
18102.123046875
17648.751953125
17174.1181640625
16677.9951171875
16160.2802734375
15620.9912109375
15060.2763671875
14478.423828125
13875.861328125
13253.1669921875
12611.068359375
11950.44921875
11272.3447265625
10577.9541015625
9868.625
9145.861328125
8411.318359375
7666.7998046875
6914.2509765625
6155.748046875
5393.501953125
4629.8359375
3867.1875
3108.08984375
2355.1650390625
1611.10546875
878.6669921875
160.65234375
-540.1064453125
-1220.7626953125
-1878.4658203125
-2510.3837890625
-3113.71875
-3685.7216796875
-4223.7080078125
-4725.080078125
-5187.3359375
-5608.087890625
-5985.0830078125
-6316.212890625
-6599.5263671875
-6833.2509765625
-7015.79296875
-7145.7646484375
-7221.98046875
-7243.4765625
-7209.5087890625
-7119.572265625
-6973.3955078125
-6770.9482421875
-6512.4443359375
-6198.3447265625
-5829.3515625
-5406.4111328125
-4930.708984375
-4403.6591796875
-3826.908203125
-3202.31640625
-2531.958984375
-1818.1044921875
-1063.212890625
-269.912109375
559.005859375
1420.60546875
2311.82421875
3229.4873046875
4170.330078125
5131.001953125
6108.1044921875
7098.1943359375
8097.8095703125
9103.4873046875
10111.7802734375
11119.2744140625
12122.61328125
13118.5087890625
14103.7578125
15075.265625
16030.0498046875
16965.267578125
17878.220703125
18766.3662109375
19627.3359375
20458.935546875
21259.1640625
22026.21484375
22758.4775390625
23454.5517578125
24113.24609375
24733.5771484375
25314.7724609375
25856.26953125
26357.7119140625
26818.9462890625
27240.021484375
27621.1728515625
27962.82421875
28265.5751953125
28530.1923828125
28757.599609375
28948.8671875
29105.2001953125
29227.92578125
29318.4775390625
29378.390625
29409.2763671875
29412.8203125
29390.7578125
29344.8671875
29276.9521484375
29188.83203125
29082.3212890625
28959.220703125
28821.3076171875
28670.3173828125
28507.9345703125
28335.779296875
28155.4052734375
27968.2763671875
27775.76953125
27579.1591796875
27379.619140625
27178.2021484375
26975.845703125
26773.365234375
26571.4521484375
26370.6640625
26171.4345703125
25974.0615234375
25778.71875
25585.4501953125
25394.1728515625
25204.685546875
25016.6689453125
24829.693359375
24643.224609375
24456.6298828125
24269.189453125
24080.1025390625
23888.4970703125
23693.44140625
23493.9580078125
23289.025390625
23077.5986328125
22858.6201171875
22631.03125
22393.7841796875
22145.857421875
21886.2646484375
21614.072265625
21328.41015625
21028.4853515625
20713.5927734375
20383.126953125
20036.5966796875
19673.6328125
19294.0
18897.603515625
18484.501953125
18054.9111328125
17609.2119140625
17147.953125
16671.8603515625
16181.8349609375
15678.955078125
15164.478515625
14639.83984375
14106.6435546875
13566.6669921875
13021.8505859375
12474.2880859375
11926.2197265625
11380.0234375
10838.2001953125
10303.36328125
9778.21875
9265.5576171875
8768.2294921875
8289.134765625
7831.1943359375
7397.337890625
6990.4814453125
6613.5068359375
6269.2392578125
5960.423828125
5689.7080078125
5459.6201171875
5272.5400390625
5130.693359375
5036.1171875
4990.650390625
4995.9072265625
5053.26953125
5163.8662109375
5328.55859375
5547.927734375
5822.2685546875
6151.5732421875
6535.5322265625
6973.5263671875
7464.62109375
8007.5712890625
8600.8193359375
9242.5029296875
9930.4560546875
10662.2236328125
11435.0712890625
12245.9892578125
13091.7216796875
13968.771484375
14873.4287109375
15801.7841796875
16749.751953125
17713.095703125
18687.453125
19668.357421875
20651.2685546875
21631.6005859375
22604.7431640625
23566.0966796875
24511.0927734375
25435.23046875
26334.095703125
27203.390625
28038.9599609375
28836.818359375
29593.1650390625
30304.4140625
30967.21484375
31578.466796875
32135.3388671875
32635.2841796875
33076.0576171875
33455.71484375
33772.6396484375
34025.53515625
34213.4375
34335.7138671875
34392.06640625
34382.5263671875
34307.4541015625
34167.5341796875
33963.763671875
33697.4423828125
33370.1650390625
32983.8095703125
32540.5166015625
32042.6787109375
31492.91796875
30894.0791015625
30249.193359375
29561.4755859375
28834.294921875
28071.1513671875
27275.6640625
26451.541015625
25602.5625
24732.55859375
23845.3857421875
22944.91015625
22034.9873046875
21119.435546875
20202.02734375
19286.4619140625
18376.35546875
17475.2158203125
16586.4365234375
15713.275390625
14858.845703125
14026.0966796875
13217.8134765625
12436.59375
11684.8515625
10964.798828125
10278.4443359375
9627.5859375
9013.80859375
8438.4765625
7902.734375
7407.50390625
6953.4853515625
6541.15625
6170.7763671875
5842.380859375
5555.798828125
5310.6455078125
5106.330078125
4942.06640625
4816.875
4729.5908203125
4678.875
4663.22265625
4680.96875
4730.302734375
4809.28125
4915.83203125
5047.775390625
5202.8291015625
5378.6240234375
5572.720703125
5782.6201171875
6005.7744140625
6239.607421875
6481.52734375
6728.9375
6979.255859375
7229.92578125
7478.431640625
7722.3154296875
7959.1865234375
8186.736328125
8402.7529296875
8605.134765625
8791.896484375
8961.185546875
9111.291015625
9240.65625
9347.8779296875
9431.7255859375
9491.140625
9525.2421875
9533.3359375
9514.91015625
9469.64453125
9397.40625
9298.2490234375
9172.4140625
9020.3251953125
8842.5810546875
8639.9560546875
8413.388671875
8163.9736328125
7892.9521484375
7601.70703125
7291.7451171875
6964.6884765625
6622.26171875
6266.2802734375
5898.6318359375
5521.2724609375
5136.1962890625
4745.4384765625
4351.0517578125
3955.0908203125
3559.6025390625
3166.61328125
2778.109375
2396.029296875
2022.2529296875
1658.5869140625
1306.7568359375
968.396484375
645.0380859375
338.1083984375
48.921875
-221.3310546875
-471.578125
-700.8740234375
-908.40234375
-1093.4755859375
-1255.5341796875
-1394.146484375
-1509.0048828125
-1599.923828125
-1666.8388671875
-1709.794921875
-1728.947265625
-1724.5517578125
-1696.96484375
-1646.625
-1574.0576171875
-1479.8603515625
-1364.69921875
-1229.2958984375
-1074.4287109375
-900.9169921875
-709.6171875
-501.419921875
-277.2333984375
-37.986328125
215.3828125
481.9306640625
760.712890625
1050.787109375
1351.224609375
1661.10546875
1979.5263671875
2305.603515625
2638.4697265625
2977.2861328125
3321.2373046875
3669.53125
4021.4072265625
4376.12890625
4732.9912109375
5091.3173828125
5450.46484375
5809.81640625
6168.7900390625
6526.8359375
6883.4326171875
7238.0986328125
7590.3818359375
7939.8671875
8286.1796875
8628.9775390625
8967.9609375
9302.873046875
9633.5
9959.6689453125
10281.26171875
10598.2041015625
10910.474609375
11218.107421875
11521.1875
11819.8623046875
12114.3349609375
12404.869140625
12691.7890625
12975.4814453125
13256.3955078125
13535.0390625
13811.9873046875
14087.8681640625
14363.37109375
14639.2412109375
14916.2763671875
15195.3212890625
15477.267578125
15763.0478515625
16053.626953125
16349.998046875
16653.1806640625
16964.2060546875
17284.111328125
17613.9375
17954.7158203125
18307.4619140625
18673.1611328125
19052.771484375
19447.205078125
19857.3193359375
20283.91796875
20727.73046875
21189.4140625
21669.5361328125
22168.578125
22686.919921875
23224.837890625
23782.4970703125
24359.951171875
24957.12890625
25573.8447265625
26209.783203125
26864.505859375
27537.4453125
28227.9111328125
28935.0849609375
29658.0283203125
30395.677734375
31146.8603515625
31910.283203125
32684.5537109375
33468.1748046875
34259.556640625
35057.0205078125
35858.8095703125
36663.09765625
37467.9931640625
38271.552734375
39071.787109375
39866.6728515625
40654.162109375
41432.1904296875
42198.6845703125
42951.578125
43688.81640625
44408.3642578125
45108.220703125
45786.421875
46441.052734375
47070.2529296875
47672.2314453125
48245.263671875
48787.703125
49297.994140625
49774.6669921875
50216.3544921875
50621.7861328125
50989.8046875
51319.36328125
51609.53125
51859.5
52068.5859375
52236.2294921875
52362.0048828125
52445.615234375
52486.9013671875
52485.8388671875
52442.5390625
52357.25390625
52230.3759765625
52062.431640625
51854.091796875
51606.1630859375
51319.5908203125
50995.45703125
50634.9775390625
50239.4990234375
49810.501953125
49349.58984375
48858.490234375
48339.046875
47793.2216796875
47223.080078125
46630.791015625
46018.6240234375
45388.9267578125
44744.1396484375
44086.765625
43419.37890625
42744.6005859375
42065.1015625
41383.5849609375
40702.7724609375
40025.40234375
39354.2099609375
38691.9189453125
38041.2255859375
37404.791015625
36785.2236328125
36185.07421875
35606.8115234375
35052.822265625
34525.390625
34026.6904296875
33558.771484375
33123.5478515625
32722.796875
32358.1318359375
32031.0107421875
31742.7197265625
31494.3681640625
31286.880859375
31120.99609375
30997.259765625
30916.025390625
30877.4482421875
30881.48828125
30927.9150390625
31016.3017578125
31146.03515625
31316.3193359375
31526.1796875
31774.47265625
32059.8916015625
32380.978515625
32736.1337890625
33123.625
33541.6044921875
33988.1142578125
34461.1064453125
34958.451171875
35477.9580078125
36017.3837890625
36574.4482421875
37146.8525390625
37732.287109375
38328.453125
38933.0732421875
39543.9033203125
40158.7490234375
40775.4736328125
41392.0146484375
42006.39453125
42616.72265625
43221.2138671875
43818.193359375
44406.1015625
44983.5009765625
45549.0869140625
46101.677734375
46640.2294921875
47163.8369140625
47671.7216796875
48163.25
48637.9140625
49095.33984375
49535.2783203125
49957.60546875
50362.3125
50749.5009765625
51119.3818359375
51472.255859375
51808.51953125
52128.65234375
52433.201171875
52722.7861328125
52998.076171875
53259.794921875
53508.7021484375
53745.58984375
53971.2724609375
54186.58203125
54392.3564453125
54589.43359375
54778.646484375
54960.8154296875
55136.7431640625
55307.20703125
55472.9599609375
55634.7197265625
55793.169921875
55948.958984375
56102.6884765625
56254.92578125
56406.1865234375
56556.9462890625
56707.63671875
56858.642578125
57010.3076171875
57162.9267578125
57316.7578125
57472.0185546875
57628.8798828125
57787.4794921875
57947.9208984375
58110.2666015625
58274.55078125
58440.771484375
58608.9013671875
58778.87890625
58950.6171875
59123.9990234375
59298.8837890625
59475.1025390625
59652.45703125
59830.7255859375
60009.6591796875
60188.9755859375
60368.3701171875
60547.501953125
60726.0
60903.4599609375
61079.443359375
61253.46875
61425.0224609375
61593.5439453125
61758.4326171875
61919.0419921875
62074.6787109375
62224.6015625
62368.021484375
62504.0986328125
62631.94140625
62750.611328125
62859.1181640625
62956.421875
63041.4375
63113.0341796875
63170.0380859375
63211.23828125
63235.3876953125
63241.2080078125
63227.396484375
63192.63671875
63135.5908203125
63054.921875
62949.294921875
62817.384765625
62657.8857421875
62469.5205078125
62251.048828125
62001.283203125
61719.083984375
61403.38671875
61053.2041015625
60667.6328125
60245.8681640625
59787.2109375
59291.0771484375
58757.01171875
58184.685546875
57573.9140625
56924.658203125
56237.0322265625
55511.3037109375
54747.91015625
53947.4521484375
53110.689453125
52238.5625
51332.1708984375
50392.7880859375
49421.845703125
48420.94140625
47391.8232421875
46336.396484375
45256.703125
44154.9228515625
43033.359375
41894.4306640625
40740.658203125
39574.65625
38399.1142578125
37216.791015625
36030.4912109375
34843.0576171875
33657.3525390625
32476.244140625
31302.58984375
30139.22265625
28988.931640625
27854.451171875
26738.443359375
25643.4853515625
24572.0517578125
23526.5078125
22509.08984375
21521.8955078125
20566.87890625
19645.83203125
18760.37890625
17911.9716796875
17101.880859375
16331.189453125
15600.7900390625
14911.3837890625
14263.4755859375
13657.37890625
13093.2080078125
12570.8916015625
12090.1669921875
11650.591796875
11251.54296875
10892.2314453125
10571.703125
10288.8525390625
10042.4326171875
9831.0595703125
9653.232421875
9507.337890625
9391.6669921875
9304.4296875
9243.7626953125
9207.7451171875
9194.41796875
9201.7900390625
9227.8525390625
9270.5986328125
9328.033203125
9398.185546875
9479.1220703125
9568.9619140625
9665.8876953125
9768.1533203125
9874.0986328125
9982.1572265625
10090.8701171875
10198.8857421875
10304.9765625
10408.041015625
10507.107421875
10601.3447265625
10690.0595703125
10772.7041015625
10848.875
10918.31640625
10980.91796875
11036.7109375
11085.87109375
11128.7099609375
11165.677734375
11197.3486328125
11224.4208984375
11247.7080078125
11268.130859375
11286.705078125
11304.5390625
11322.8173828125
11342.791015625
11365.767578125
11393.09765625
11426.16015625
11466.3583984375
11515.09375
11573.7666015625
11643.7490234375
11726.384765625
11822.96484375
11934.7216796875
12062.8154296875
12208.3193359375
12372.2109375
12555.359375
12758.513671875
12982.2978515625
13227.1953125
13493.5478515625
13781.5458984375
14091.220703125
14422.4462890625
14774.9267578125
15148.2021484375
15541.646484375
15954.4638671875
16385.693359375
16834.21484375
17298.74609375
17777.85546875
18269.966796875
18773.365234375
19286.2099609375
19806.541015625
20332.2939453125
20861.3115234375
21391.3525390625
21920.1142578125
22445.23828125
22964.3291015625
23474.9716796875
23974.74609375
24461.23828125
24932.0625
25384.8740234375
25817.3837890625
26227.375
26612.716796875
26971.3798828125
27301.4462890625
27601.126953125
27868.7685546875
28102.8623046875
28302.0634765625
28465.1845703125
28591.216796875
28679.3251953125
28728.8603515625
28739.3583984375
28710.5419921875
28642.322265625
28534.798828125
28388.2568359375
28203.1630859375
27980.166015625
27720.0859375
27423.9091796875
27092.779296875
26728.001953125
26331.01171875
25903.3896484375
25446.828125
24963.1416015625
24454.2421875
23922.134765625
23368.8994140625
22796.689453125
22207.7080078125
21604.208984375
20988.478515625
20362.82421875
19729.5634765625
19091.0205078125
18449.5078125
17807.3203125
17166.7275390625
16529.9599609375
15899.208984375
15276.6123046875
14664.2509765625
14064.140625
13478.2275390625
12908.3837890625
12356.3984375
11823.9755859375
11312.7294921875
10824.1865234375
10359.771484375
9920.814453125
9508.5400390625
9124.072265625
8768.42578125
8442.513671875
8147.1318359375
7882.9716796875
7650.6103515625
7450.5107421875
7283.0244140625
7148.388671875
7046.7236328125
6978.03515625
6942.216796875
6939.0439453125
6968.177734375
7029.1708984375
7121.45703125
7244.365234375
7397.109375
7578.8017578125
7788.44921875
8024.95703125
8287.1328125
8573.6943359375
8883.267578125
9214.396484375
9565.5478515625
9935.1171875
10321.435546875
10722.775390625
11137.3642578125
11563.380859375
11998.974609375
12442.2744140625
12891.3896484375
13344.4248046875
13799.4912109375
14254.7119140625
14708.232421875
15158.234375
15602.9404296875
16040.6259765625
16469.6298828125
16888.3564453125
17295.2900390625
17689.001953125
18068.1552734375
18431.51171875
18777.939453125
19106.412109375
19416.0224609375
19705.9765625
19975.6005859375
20224.3369140625
20451.7529296875
20657.5322265625
20841.4765625
21003.5029296875
21143.6396484375
21262.021484375
21358.884765625
21434.5615234375
21489.4736328125
21524.123046875
21539.0859375
21535.0029296875
21512.57421875
21472.5419921875
21415.6943359375
21342.8408203125
21254.8154296875
21152.4638671875
21036.630859375
20908.1572265625
20767.8701171875
20616.568359375
20455.0302734375
20283.9921875
20104.15234375
19916.1591796875
19720.615234375
19518.0654296875
19308.9990234375
19093.8466796875
18872.9814453125
18646.71484375
18415.302734375
18178.9423828125
17937.779296875
17691.9052734375
17441.3681640625
17186.1708984375
16926.2822265625
16661.63671875
16392.1455078125
16117.701171875
15838.18359375
15553.4697265625
15263.4365234375
14967.9716796875
14666.9833984375
14360.3984375
14048.1806640625
13730.33203125
13406.8974609375
13077.9736328125
12743.71875
12404.3515625
12060.1611328125
11711.5078125
11358.8291015625
11002.6474609375
10643.5625
10282.265625
9919.53515625
9556.234375
9193.3212890625
8831.8369140625
8472.9169921875
8117.779296875
7767.7265625
7424.1455078125
7088.5
6762.330078125
6447.2421875
6144.91015625
5857.0703125
5585.505859375
5332.0546875
5098.5888671875
4887.01171875
4699.2568359375
4537.2685546875
4403.0009765625
4298.40625
4225.423828125
4185.9755859375
4181.947265625
4215.189453125
4287.4970703125
4400.6064453125
4556.1767578125
4755.787109375
5000.921875
5292.958984375
5633.162109375
6022.6689453125
6462.4775390625
6953.443359375
7496.2607421875
8091.4638671875
8739.40234375
9440.2529296875
10193.9931640625
11000.4052734375
11859.0654296875
12769.33984375
13730.375
14741.10546875
15800.2353515625
16906.2509765625
18057.4111328125
19251.7490234375
20487.078125
21760.9912109375
23070.8681640625
24413.875
25786.982421875
27186.958984375
28610.396484375
30053.7099609375
31513.154296875
32984.8359375
34464.73046875
35948.6962890625
37432.4931640625
38911.794921875
40382.216796875
41839.328125
43278.6787109375
44695.8115234375
46086.2900390625
47445.720703125
48769.7685546875
50054.1865234375
51294.8291015625
52487.6845703125
53628.8818359375
54714.720703125
55741.6923828125
56706.490234375
57606.033203125
58437.482421875
59198.2548828125
59886.037109375
60498.7998046875
61034.8056640625
61492.623046875
61871.1240234375
62169.50390625
62387.2724609375
62524.2646484375
62580.6318359375
62556.84765625
62453.701171875
62272.2880859375
62014.0087890625
61680.5556640625
61273.8974609375
60796.2783203125
60250.1904296875
59638.3642578125
58963.75390625
58229.515625
57438.984375
56595.662109375
55703.19140625
54765.333984375
53785.94921875
52768.9716796875
51718.390625
50638.2255859375
49532.5029296875
48405.2392578125
47260.4130859375
46101.94921875
44933.69921875
43759.4228515625
42582.7666015625
41407.2509765625
40236.255859375
39073.005859375
37920.55859375
36781.7939453125
35659.40625
34555.8955078125
33473.5693359375
32414.5234375
31380.658203125
30373.666015625
29395.0390625
28446.06640625
27527.845703125
26641.2822265625
25787.1025390625
24965.8564453125
24177.931640625
23423.564453125
22702.8466796875
22015.7431640625
21362.1005859375
20741.6640625
20154.0908203125
19598.9609375
19075.791015625
18584.05078125
18123.1796875
17692.58984375
17291.6875
16919.87890625
16576.587890625
16261.2568359375
15973.36328125
15712.42578125
15478.0087890625
15269.7314453125
15087.2646484375
14930.3466796875
14798.7734375
14692.40234375
14611.15625
14555.01171875
14524.0068359375
14518.2265625
14537.8056640625
14582.912109375
14653.75390625
14750.556640625
14873.5595703125
15023.009765625
15199.1494140625
15402.201171875
15632.3642578125
15889.7998046875
16174.619140625
16486.8818359375
16826.5693359375
17193.59375
17587.775390625
18008.8388671875
18456.408203125
18929.99609375
19428.9970703125
19952.6904296875
20500.22265625
21070.6240234375
21662.787109375
22275.48046875
22907.345703125
23556.9013671875
24222.537109375
24902.53515625
25595.0595703125
26298.17578125
27009.8466796875
27727.955078125
28450.302734375
29174.6259765625
29898.599609375
30619.86328125
31336.017578125
32044.6494140625
32743.3349609375
33429.658203125
34101.224609375
34755.6728515625
35390.68359375
36003.9970703125
36593.42578125
37156.859375
37692.2880859375
38197.7998046875
38671.5947265625
39112.0
39517.4716796875
39886.603515625
40218.134765625
40510.9541015625
40764.1083984375
40976.7998046875
41148.39453125
41278.42578125
41366.587890625
41412.744140625
41416.9189453125
41379.3076171875
41300.259765625
41180.2900390625
41020.06640625
40820.408203125
40582.28125
40306.7900390625
39995.1826171875
39648.830078125
39269.2255859375
38857.98046875
38416.8125
37947.5400390625
37452.0751953125
36932.41015625
36390.615234375
35828.8271484375
35249.2392578125
34654.0947265625
34045.6728515625
33426.2880859375
32798.2705078125
32163.966796875
31525.7197265625
30885.8701171875
30246.7353515625
29610.6103515625
28979.75390625
28356.375
27742.6328125
27140.619140625
26552.3525390625
25979.7685546875
25424.71484375
24888.9404296875
24374.080078125
23881.66015625
23413.0869140625
22969.62890625
22552.4287109375
22162.4814453125
21800.642578125
21467.61328125
21163.9404296875
20890.015625
20646.07421875
20432.1875
20248.267578125
20094.068359375
19969.185546875
19873.0556640625
19804.96875
19764.0615234375
19749.328125
19759.630859375
19793.6982421875
19850.1376953125
19927.4443359375
20024.0087890625
20138.130859375
20268.025390625
20411.8330078125
20567.6396484375
20733.4833984375
20907.3623046875
21087.2529296875
21271.126953125
21456.9482421875
21642.703125
21826.4013671875
22006.091796875
22179.87109375
22345.900390625
22502.4091796875
22647.7060546875
22780.1923828125
22898.3642578125
23000.826171875
23086.2880859375
23153.580078125
23201.65234375
23229.5810546875
23236.568359375
23221.943359375
23185.1650390625
23125.8271484375
23043.64453125
22938.4638671875
22810.25390625
22659.10546875
22485.2255859375
22288.9365234375
22070.6689453125
21830.9560546875
21570.4306640625
21289.818359375
20989.9306640625
20671.6611328125
20335.9814453125
19983.9306640625
19616.6171875
19235.2041015625
18840.91015625
18435.009765625
18018.814453125
17593.68359375
17161.0126953125
16722.228515625
16278.7919921875
15832.189453125
15383.9375
14935.5703125
14488.6435546875
14044.736328125
13605.439453125
13172.3603515625
12747.119140625
12331.34765625
11926.685546875
11534.77734375
11157.275390625
10795.830078125
10452.08984375
10127.697265625
9824.2861328125
9543.474609375
9286.8623046875
9056.02734375
8852.5126953125
8677.8291015625
8533.4462890625
8420.77734375
8341.1845703125
8295.9658203125
8286.3427734375
8313.458984375
8378.3701171875
8482.03515625
8625.310546875
8808.9375
9033.537109375
9299.607421875
9607.5107421875
9957.46484375
10349.55078125
10783.6943359375
11259.6630859375
11777.072265625
12335.373046875
12933.85546875
13571.6474609375
14247.7138671875
14960.861328125
15709.7373046875
16492.8359375
17308.50390625
18154.9443359375
19030.22265625
19932.28125
20858.9404296875
21807.91015625
22776.8056640625
23763.1533203125
24764.4013671875
25777.9404296875
26801.1064453125
27831.1982421875
28865.494140625
29901.255859375
30935.7548828125
31966.271484375
32990.119140625
34004.6513671875
35007.275390625
35995.4609375
36966.7578125
37918.80078125
38849.318359375
39756.1474609375
40637.234375
41490.6484375
42314.58203125
43107.361328125
43867.4453125
44593.4345703125
45284.0703125
45938.234375
46554.9541015625
47133.3984375
47672.884765625
48172.8623046875
48632.92578125
49052.802734375
49432.3515625
49771.5615234375
50070.544921875
50329.5322265625
50548.8681640625
50729.0068359375
50870.5048828125
50974.017578125
51040.2939453125
51070.166015625
51064.5517578125
51024.44140625
50950.9013671875
50845.05859375
50708.1025390625
50541.2822265625
50345.89453125
50123.2890625
49874.853515625
49602.021484375
49306.26171875
48989.07421875
48651.9951171875
48296.583984375
47924.427734375
47537.1357421875
47136.3388671875
46723.68359375
46300.8369140625
45869.4755859375
45431.2919921875
44987.9873046875
44541.26953125
44092.8525390625
43644.4560546875
43197.80078125
42754.6025390625
42316.578125
41885.4365234375
41462.8798828125
41050.5966796875
40650.263671875
40263.53515625
39892.0517578125
39537.42578125
39201.240234375
38885.0517578125
38590.3798828125
38318.703125
38071.462890625
37850.046875
37655.7978515625
37489.9970703125
37353.8740234375
37248.587890625
37175.2333984375
37134.8291015625
37128.3203125
37156.5712890625
37220.357421875
37320.3662109375
37457.19140625
37631.3291015625
37843.173828125
38093.013671875
38381.0263671875
38707.283203125
39071.732421875
39474.2109375
39914.427734375
40391.9755859375
40906.318359375
41456.7978515625
42042.6220703125
42662.87890625
43316.5263671875
44002.3916015625
44719.177734375
45465.466796875
46239.71484375
47040.2607421875
47865.3251953125
48713.015625
49581.3388671875
50468.1943359375
51371.3876953125
52288.6376953125
53217.576171875
54155.767578125
55100.7080078125
56049.8359375
57000.548828125
57950.201171875
58896.1259765625
59835.6396484375
60766.0546875
61684.6875
62588.876953125
63475.990234375
64343.43359375
65188.6640625
66009.2080078125
66802.658203125
67566.6923828125
68299.0849609375
68997.7099609375
69660.552734375
70285.716796875
70871.4306640625
71416.0546875
71918.087890625
72376.1640625
72789.0673828125
73155.7216796875
73475.2001953125
73746.720703125
73969.6513671875
74143.494140625
74267.9013671875
74342.65234375
74367.6611328125
74342.9658203125
74268.724609375
74145.2021484375
73972.767578125
73751.8896484375
73483.1142578125
73167.0703125
72804.453125
72396.0126953125
71942.5546875
71444.921875
70903.9912109375
70320.66015625
69695.8486328125
69030.4833984375
68325.498046875
67581.8212890625
66800.3828125
65982.099609375
65127.8818359375
64238.625
63315.21875
62358.53515625
61369.4462890625
60348.814453125
59297.5029296875
58216.380859375
57106.326171875
55968.236328125
54803.03125
53611.666015625
52395.1376953125
51154.4921875
49890.8369140625
48605.345703125
47299.271484375
45973.9560546875
44630.83203125
43271.4365234375
41897.41796875
40510.54296875
39112.6962890625
37705.892578125
36292.275390625
34874.1220703125
33453.841796875
32033.9775390625
30617.2021484375
29206.3173828125
27804.2470703125
26414.0283203125
25038.810546875
23681.8388671875
22346.4482421875
21036.0517578125
19754.1181640625
18504.171875
17289.7666015625
16114.47265625
14981.859375
13895.478515625
12858.8408203125
11875.4052734375
10948.55078125
10081.564453125
9277.6201171875
8539.7568359375
7870.8662109375
7273.6669921875
6750.6962890625
6304.2880859375
5936.5576171875
5649.3916015625
5444.427734375
5323.0556640625
5286.3916015625
5335.2783203125
5470.28125
5691.671875
5999.43359375
6393.25390625
6872.5263671875
7436.345703125
8083.5185546875
8812.5615234375
9621.7080078125
10508.9150390625
11471.8681640625
12507.9951171875
13614.4794921875
14788.26171875
16026.05859375
17324.3759765625
18679.525390625
20087.6357421875
21544.6650390625
23046.427734375
24588.6025390625
26166.7490234375
27776.330078125
29412.7236328125
31071.2451171875
32747.158203125
34435.697265625
36132.0810546875
37831.5302734375
39529.283203125
41220.6123046875
42900.837890625
44565.3447265625
46209.5986328125
47829.1513671875
49419.66796875
50976.9228515625
52496.828125
53975.435546875
55408.9453125
56793.728515625
58126.32421875
59403.453125
60622.0263671875
61779.158203125
62872.1611328125
63898.5634765625
64856.1103515625
65742.767578125
66556.732421875
67296.4267578125
67960.5126953125
68547.8857421875
69057.6806640625
69489.2666015625
69842.26171875
70116.517578125
70312.1201171875
70429.3955078125
70468.904296875
70431.43359375
70317.9951171875
70129.826171875
69868.373046875
69535.294921875
69132.4482421875
68661.88671875
68125.84375
67526.7333984375
66867.130859375
66149.7685546875
65377.5244140625
64553.4033203125
63680.53515625
62762.158203125
61801.6005859375
60802.2783203125
59767.671875
58701.318359375
57606.7958984375
56487.712890625
55347.6875
54190.34375
53019.2880859375
51838.107421875
50650.345703125
49459.4990234375
48269.0029296875
47082.2158203125
45902.4150390625
44732.78515625
43576.4052734375
42436.2421875
41315.1474609375
40215.841796875
39140.9150390625
38092.8193359375
37073.8603515625
36086.2041015625
35131.86328125
34212.6982421875
33330.4169921875
32486.580078125
31682.5888671875
30919.6943359375
30198.9990234375
29521.455078125
28887.8740234375
28298.919921875
27755.123046875
27256.8779296875
26804.451171875
26397.9833984375
26037.494140625
25722.8935546875
25453.9765625
25230.4404296875
25051.876953125
24917.791015625
24827.59375
24780.6181640625
24776.111328125
24813.2548828125
24891.154296875
25008.8505859375
25165.3232421875
25359.4951171875
25590.23046875
25856.3388671875
26156.5849609375
26489.6826171875
26854.298828125
27249.0595703125
27672.54296875
28123.2900390625
28599.80078125
29100.5322265625
29623.91015625
30168.3134765625
30732.09375
31313.5615234375
31910.9921875
32522.6318359375
33146.6884765625
33781.34375
34424.7490234375
35075.025390625
35730.271484375
36388.5625
37047.953125
37706.48046875
38362.1708984375
39013.037109375
39657.0888671875
40292.3369140625
40916.7900390625
41528.4736328125
42125.421875
42705.6953125
43267.375
43808.5810546875
44327.4697265625
44822.2490234375
45291.1708984375
45732.560546875
46144.8017578125
46526.35546875
46875.7685546875
47191.669921875
47472.7861328125
47717.94921875
47926.0966796875
48096.2822265625
48227.6748046875
48319.57421875
48371.408203125
48382.7373046875
48353.26171875
48282.8232421875
48171.4091796875
48019.1494140625
47826.32421875
47593.3623046875
47320.8408203125
47009.484375
46660.166015625
46273.90234375
45851.85546875
45395.32421875
44905.7451171875
44384.689453125
43833.8466796875
43255.0361328125
42650.1845703125
42021.337890625
41370.6298828125
40700.2998046875
40012.6669921875
39310.1279296875
38595.15234375
37870.265625
37138.0498046875
36401.12109375
35662.134765625
34923.765625
34188.7001953125
33459.6298828125
32739.240234375
32030.1962890625
31335.1435546875
30656.685546875
29997.384765625
29359.744140625
28746.2109375
28159.15234375
27600.859375
27073.53125
26579.271484375
26120.0751953125
25697.830078125
25314.2978515625
24971.119140625
24669.796875
24411.7001953125
24198.0498046875
24029.9189453125
23908.2275390625
23833.734375
23807.041015625
23828.580078125
23898.6171875
24017.2509765625
24184.404296875
24399.83203125
24663.111328125
24973.65234375
25330.6865234375
25733.27734375
26180.3203125
26670.54296875
27202.51171875
27774.6279296875
28385.146484375
29032.1630859375
29713.6357421875
30427.3828125
31171.091796875
31942.326171875
32738.53515625
33557.0634765625
34395.1591796875
35249.984375
36118.623046875
36998.0986328125
37885.3779296875
38777.3896484375
39671.033203125
40563.19140625
41450.74609375
42330.587890625
43199.6328125
44054.8330078125
44893.19140625
45711.7763671875
46507.7333984375
47278.30078125
48020.81640625
48732.73828125
49411.6513671875
50055.283203125
50661.5087890625
51228.3671875
51754.0693359375
52237.0078125
52675.7626953125
53069.1123046875
53416.0341796875
53715.716796875
53967.560546875
54171.1826171875
54326.41796875
54433.3193359375
54492.158203125
54503.42578125
54467.828125
54386.2841796875
54259.91796875
54090.0556640625
53878.2197265625
53626.1142578125
53335.6279296875
53008.8125
52647.876953125
52255.1728515625
51833.1865234375
51384.5224609375
50911.8896484375
50418.0849609375
49905.9814453125
49378.5087890625
48838.64453125
48289.38671875
47733.7451171875
47174.7236328125
46615.3056640625
46058.4267578125
45506.974609375
44963.759765625
44431.505859375
43912.833984375
43410.24609375
42926.111328125
42462.6533203125
42021.93359375
41605.8515625
41216.1142578125
40854.2431640625
40521.55078125
40219.1484375
39947.9248046875
39708.5458984375
39501.4501953125
39326.845703125
39184.705078125
39074.76171875
38996.5205078125
38949.2470703125
38931.9775390625
38943.517578125
38982.451171875
39047.1474609375
39135.76171875
39246.2568359375
39376.3935546875
39523.763671875
39685.7841796875
39859.7216796875
40042.7021484375
40231.724609375
40423.6787109375
40615.3642578125
40803.5029296875
40984.7607421875
41155.765625
41313.125
41453.4482421875
41573.361328125
41669.5341796875
41738.6923828125
41777.6435546875
41783.29296875
41752.6650390625
41682.921875
41571.3798828125
41415.5322265625
41213.060546875
40961.853515625
40660.0224609375
40305.9150390625
39898.12890625
39435.51953125
38917.216796875
38342.6279296875
37711.44921875
37023.6669921875
36279.564453125
35479.7265625
34625.03125
33716.6611328125
32756.0859375
31745.0693359375
30685.6552734375
29580.162109375
28431.1728515625
27241.515625
26014.2646484375
24752.7099609375
23460.3486328125
22140.8623046875
20798.10546875
19436.07421875
18058.8896484375
16670.7822265625
15276.0537109375
13879.064453125
12484.2060546875
11095.876953125
9718.45703125
8356.2841796875
7013.6298828125
5694.671875
4403.48046875
3143.9853515625
1919.9619140625
735.005859375
-407.4833984375
-1504.3203125
-2552.5498046875
-3549.4609375
-4492.6015625
-5379.787109375
-6209.1123046875
-6978.955078125
-7687.9814453125
-8335.1552734375
-8919.7294921875
-9441.251953125
-9899.55859375
-10294.7705078125
-10627.287109375
-10897.7763671875
-11107.162109375
-11256.6162109375
-11347.5419921875
-11381.5576171875
-11360.4814453125
-11286.3154296875
-11161.220703125
-10987.5087890625
-10767.6064453125
-10504.0458984375
-10199.439453125
-9856.4599609375
-9477.8154296875
-9066.2314453125
-8624.427734375
-8155.1015625
-7660.9013671875
-7144.4140625
-6608.140625
-6054.4853515625
-5485.734375
-4904.041015625
-4311.4208984375
-3709.728515625
-3100.6513671875
-2485.703125
-1866.21484375
-1243.326171875
-617.9873046875
9.046875
637.220703125
1266.1728515625
1895.73046875
2525.9140625
3156.927734375
3789.1513671875
4423.134765625
5059.5830078125
5699.3603515625
6343.4599609375
6993.0068359375
7649.2373046875
8313.48828125
8987.1787109375
9671.802734375
10368.9072265625
11080.080078125
11806.93359375
12551.087890625
13314.1611328125
14097.7470703125
14903.4052734375
15732.6435546875
16586.904296875
17467.552734375
18375.8642578125
19313.005859375
20280.03515625
21277.87890625
22307.3291015625
23369.03125
24463.4765625
25590.99609375
26751.7509765625
27945.7265625
29172.732421875
30432.390625
31724.142578125
33047.234375
34400.7265625
35783.4892578125
37194.205078125
38631.36328125
40093.2705078125
41578.05078125
43083.6494140625
44607.8369140625
46148.2119140625
47702.2158203125
49267.130859375
50840.091796875
52418.095703125
53998.0068359375
55576.568359375
57150.4130859375
58716.0751953125
60269.998046875
61808.5498046875
63328.0341796875
64824.7041015625
66294.7734375
67734.431640625
69139.861328125
70507.2451171875
71832.7900390625
73112.7333984375
74343.361328125
75521.029296875
76642.166015625
77703.302734375
78701.07421875
79632.24609375
80493.724609375
81282.5654296875
81996.0009765625
82631.4443359375
83186.50390625
83659.0009765625
84046.9775390625
84348.708984375
84562.71484375
84687.7685546875
84722.9052734375
84667.43359375
84520.9345703125
84283.275390625
83954.609375
83535.37890625
83026.318359375
82428.453125
81743.1025390625
80971.87109375
80116.6494140625
79179.6083984375
78163.19140625
77070.1044921875
75903.3154296875
74666.0302734375
73361.693359375
71993.966796875
70566.716796875
69084.001953125
67550.0556640625
65969.2666015625
64346.1611328125
62685.3837890625
60991.6875
59269.8955078125
57524.8974609375
55761.6171875
53985.0029296875
52199.998046875
50411.5224609375
48624.453125
46843.60546875
45073.712890625
43319.40625
41585.1953125
39875.455078125
38194.404296875
36546.095703125
34934.39453125
33362.97265625
31835.291015625
30354.5888671875
28923.8798828125
27545.9345703125
26223.283203125
24958.2060546875
23752.7265625
22608.615234375
21527.37890625
20510.271484375
19558.2890625
18672.171875
17852.4130859375
17099.259765625
16412.7197265625
15792.568359375
15238.3583984375
14749.4287109375
14324.9091796875
13963.73828125
13664.673828125
13426.29296875
13247.0224609375
13125.1337890625
13058.7666015625
13045.9365234375
13084.55078125
13172.4189453125
13307.2646484375
13486.7421875
13708.4443359375
13969.916015625
14268.6669921875
14602.18359375
14967.9375
15363.396484375
15786.0361328125
16233.345703125
16702.84375
17192.0791015625
17698.640625
18220.1689453125
18754.35546875
19298.9580078125
19851.794921875
20410.76171875
20973.822265625
21539.029296875
22104.5126953125
22668.4912109375
23229.2705078125
23785.2509765625
24334.9228515625
24876.8720703125
25409.78125
25932.4267578125
26443.6826171875
26942.521484375
27428.009765625
27899.3115234375
28355.6875
28796.494140625
29221.1796875
29629.287109375
30020.44921875
30394.388671875
30750.91796875
31089.9326171875
31411.416015625
31715.42578125
32002.109375
32271.6767578125
32524.421875
32760.703125
32980.943359375
33185.630859375
33375.3154296875
33550.59375
33712.119140625
33860.58984375
33996.744140625
34121.35546875
34235.234375
34339.2099609375
34434.1396484375
34520.8935546875
34600.3515625
34673.40234375
34740.927734375
34803.8095703125
34862.916015625
34919.099609375
34973.185546875
35025.98046875
35078.251953125
35130.734375
35184.12109375
35239.0546875
35296.134765625
35355.9072265625
35418.857421875
35485.41796875
35555.958984375
35630.7861328125
35710.14453125
35794.212890625
35883.1083984375
35976.8837890625
36075.52734375
36178.96875
36287.078125
36399.6669921875
36516.4970703125
36637.2802734375
36761.6826171875
36889.3271484375
37019.806640625
37152.6796875
37287.4814453125
37423.7294921875
37560.9287109375
37698.5771484375
37836.17578125
37973.23046875
38109.26171875
38243.8095703125
38376.4384765625
38506.7490234375
38634.3759765625
38759.0
38880.3447265625
38998.193359375
39112.3779296875
39222.7978515625
39329.408203125
39432.234375
39531.3603515625
39626.9423828125
39719.2001953125
39808.4208984375
39894.9501953125
39979.2001953125
40061.6357421875
40142.7802734375
40223.2021484375
40303.513671875
40384.3642578125
40466.435546875
40550.427734375
40637.0595703125
40727.056640625
40821.1416015625
40920.0234375
41024.3935546875
41134.9150390625
41252.208984375
41376.849609375
41509.353515625
41650.1728515625
41799.6806640625
41958.171875
42125.845703125
42302.80859375
42489.0595703125
42684.490234375
42888.875
43101.8740234375
43323.0263671875
43551.7451171875
43787.326171875
44028.9365234375
44275.6279296875
44526.330078125
44779.8623046875
45034.931640625
45290.1416015625
45544.0048828125
45794.943359375
46041.302734375
46281.3642578125
46513.3466796875
46735.4345703125
46945.7744140625
47142.5009765625
47323.744140625
47487.642578125
47632.369140625
47756.1318359375
47857.2001953125
47933.9111328125
47984.693359375
48008.072265625
48002.6923828125
47967.3251953125
47900.884765625
47802.4404296875
47671.2255859375
47506.64453125
47308.2919921875
47075.9501953125
46809.5986328125
46509.4228515625
46175.80859375
45809.3544921875
45410.8642578125
44981.349609375
44522.0263671875
44034.30859375
43519.8056640625
42980.3115234375
42417.798828125
41834.40234375
41232.4169921875
40614.2734375
39982.5341796875
39339.8671875
38689.044921875
38032.90625
37374.3564453125
36716.33984375
36061.822265625
35413.771484375
34775.1396484375
34148.8408203125
33537.7333984375
32944.599609375
32372.130859375
31822.90625
31299.3740234375
30803.841796875
30338.4541015625
29905.18359375
29505.8154296875
29141.939453125
28814.9384765625
28525.9775390625
28276.0
28065.7275390625
27895.6455078125
27766.0146484375
27676.8603515625
27627.9833984375
27618.95703125
27649.13671875
27717.6669921875
27823.4892578125
27965.3525390625
28141.8232421875
28351.302734375
28592.0341796875
28862.1259765625
29159.5576171875
29482.2080078125
29827.865234375
30194.244140625
30579.009765625
30979.78515625
31394.1845703125
31819.8193359375
32254.3154296875
32695.337890625
33140.6044921875
33587.896484375
34035.078125
34480.1083984375
34921.0546875
35356.103515625
35783.5693359375
36201.900390625
36609.6923828125
37005.689453125
37388.78515625
37758.03125
38112.6337890625
38451.955078125
38775.505859375
39082.951171875
39374.0927734375
39648.875
39907.3662109375
40149.7607421875
40376.3564453125
40587.5556640625
40783.8486328125
40965.7958984375
41134.02734375
41289.22265625
41432.09375
41563.3828125
41683.837890625
41794.2109375
41895.2333984375
41987.615234375
42072.0283203125
42149.0966796875
42219.3896484375
42283.4072265625
42341.58203125
42394.2646484375
42441.7216796875
42484.1337890625
42521.595703125
42554.1015625
42581.564453125
42603.8037109375
42620.5576171875
42631.4765625
42636.1376953125
42634.048828125
42624.6552734375
42607.3447265625
42581.46484375
42546.3232421875
42501.208984375
42445.3916015625
42378.1435546875
42298.744140625
42206.494140625
42100.7265625
41980.818359375
41846.2001953125
41696.3681640625
41530.8935546875
41349.4296875
41151.7216796875
40937.6142578125
40707.0556640625
40460.10546875
40196.931640625
39917.8271484375
39623.1904296875
39313.5458984375
38989.5302734375
38651.8876953125
38301.48046875
37939.2666015625
37566.3017578125
37183.7333984375
36792.7861328125
36394.755859375
35990.998046875
35582.9208984375
35171.9599609375
34759.5849609375
34347.2734375
33936.49609375
33528.71875
33125.3720703125
32727.84765625
32337.4853515625
31955.5615234375
31583.2705078125
31221.7236328125
30871.93359375
30534.8076171875
30211.1396484375
29901.599609375
29606.7373046875
29326.96875
29062.5751953125
28813.7080078125
28580.3828125
28362.4755859375
28159.7431640625
27971.8056640625
27798.1689453125
27638.2197265625
27491.2392578125
27356.4140625
27232.837890625
27119.529296875
27015.443359375
26919.4814453125
26830.5009765625
26747.3388671875
26668.81640625
26593.7529296875
26520.9853515625
26449.380859375
26377.8427734375
26305.3359375
26230.888671875
26153.611328125
26072.701171875
25987.4599609375
25897.296875
25801.744140625
25700.4541015625
25593.212890625
25479.9423828125
25360.703125
25235.7001953125
25105.2744140625
24969.9140625
24830.2421875
24687.0166015625
24541.130859375
24393.5986328125
24245.5537109375
24098.2353515625
23952.9912109375
23811.2490234375
23674.5234375
23544.390625
23422.484375
23310.478515625
23210.078125
23123.001953125
23050.9658203125
22995.6806640625
22958.82421875
22942.0419921875
22946.9208984375
22974.9814453125
23027.67578125
23106.359375
23212.291015625
23346.6220703125
23510.3837890625
23704.482421875
23929.693359375
24186.6484375
24475.84375
24797.62109375
25152.1748046875
25539.552734375
25959.6484375
26412.2021484375
26896.8134765625
27412.9326171875
27959.8671875
28536.794921875
29142.7568359375
29776.67578125
30437.3564453125
31123.49609375
31833.6923828125
32566.455078125
33320.2119140625
34093.3232421875
34884.0859375
35690.7490234375
36511.5224609375
37344.583984375
38188.0986328125
39040.2158203125
39899.0859375
40762.8779296875
41629.7685546875
42497.966796875
43365.7158203125
44231.302734375
45093.0625
45949.3828125
46798.7158203125
47639.5751953125
48470.54296875
49290.2783203125
50097.5078125
50891.041015625
51669.7607421875
52432.6298828125
53178.6884765625
53907.0556640625
54616.92578125
55307.5673828125
55978.3232421875
56628.60546875
57257.896484375
57865.73828125
58451.736328125
59015.55859375
59556.9208984375
60075.59375
60571.3935546875
61044.1826171875
61493.861328125
61920.369140625
62323.6796875
62703.798828125
63060.7568359375
63394.615234375
63705.4580078125
63993.388671875
64258.5361328125
64501.04296875
64721.076171875
64918.8134765625
65094.455078125
65248.2158203125
65380.3251953125
65491.0302734375
65580.59765625
65649.3056640625
65697.4541015625
65725.3583984375
65733.3515625
65721.7880859375
65691.0390625
65641.494140625
65573.5595703125
65487.666015625
65384.2568359375
65263.7939453125
65126.7587890625
64973.642578125
64804.9541015625
64621.2119140625
64422.943359375
64210.68359375
63984.9697265625
63746.341796875
63495.3349609375
63232.4755859375
62958.2861328125
62673.2666015625
62377.90234375
62072.650390625
61757.9443359375
61434.181640625
61101.7236328125
60760.8876953125
60411.94921875
60055.12890625
59690.59765625
59318.4658203125
58938.7822265625
58551.5390625
58156.658203125
57753.99609375
57343.3427734375
56924.419921875
56496.8828125
56060.3193359375
55614.2548828125
55158.1533203125
54691.4169921875
54213.4013671875
53723.40234375
53220.685546875
52704.466796875
52173.939453125
51628.2705078125
51066.6162109375
50488.1240234375
49891.9482421875
49277.251953125
48643.224609375
47989.0908203125
47314.115234375
46617.6220703125
45898.994140625
45157.6962890625
44393.2734375
43605.369140625
42793.73046875
41958.2197265625
41098.8212890625
40215.6474609375
39308.951171875
38379.1259765625
37426.71484375
36452.416015625
35457.080078125
34441.716796875
33407.4951171875
32355.7490234375
31287.9609375
30205.7744140625
29110.9833984375
28005.52734375
26891.486328125
25771.072265625
24646.6220703125
23520.5859375
22395.517578125
21274.064453125
20158.9462890625
19052.9560546875
17958.9326171875
16879.7529296875
15818.310546875
14777.505859375
13760.22265625
12769.3232421875
11807.6142578125
10877.845703125
9982.6875
9124.7119140625
8306.3798828125
7530.0244140625
6797.8359375
6111.8515625
5473.9365234375
4885.771484375
4348.849609375
3864.4580078125
3433.6708984375
3057.3466796875
2736.1162109375
2470.380859375
2260.3095703125
2105.8388671875
2006.666015625
1962.26171875
1971.86328125
2034.48828125
2148.927734375
2313.7724609375
2527.404296875
2788.0205078125
3093.6357421875
3442.1044921875
3831.126953125
4258.2705078125
4720.9833984375
5216.61328125
5742.4248046875
6295.6181640625
6873.3466796875
7472.73828125
8090.9140625
8725.0078125
9372.1845703125
10029.66015625
10694.7177734375
11364.7275390625
12037.1689453125
12709.634765625
13379.8544921875
14045.712890625
14705.25
15356.6826171875
15998.4150390625
16629.041015625
17247.3525390625
17852.3544921875
18443.25390625
19019.47265625
19580.6435546875
20126.61328125
20657.435546875
21173.361328125
21674.8466796875
22162.5341796875
22637.24609375
23099.9755859375
23551.8701171875
23994.2255859375
24428.4658203125
24856.12890625
25278.8544921875
25698.361328125
26116.4306640625
26534.896484375
26955.6171875
27380.4609375
27811.2900390625
28249.939453125
28698.201171875
29157.8056640625
29630.4072265625
30117.5654296875
30620.73046875
31141.2314453125
31680.263671875
32238.8701171875
32817.9404296875
33418.1953125
34040.1826171875
34684.2646484375
35350.623046875
36039.2470703125
36749.935546875
37482.294921875
38235.7431640625
39009.5107421875
39802.64453125
40614.01171875
41442.3095703125
42286.07421875
43143.6865234375
44013.384765625
44893.2705078125
45781.3330078125
46675.44921875
47573.40234375
48472.8994140625
49371.5791015625
50267.033203125
51156.8125
52038.455078125
52909.486328125
53767.4453125
54609.8935546875
55434.43359375
56238.7138671875
57020.4501953125
57777.435546875
58507.5517578125
59208.779296875
59879.208984375
60517.048828125
61120.634765625
61688.435546875
62219.060546875
62711.2666015625
63163.955078125
63576.1845703125
63947.1650390625
64276.263671875
64563.00390625
64807.06640625
65008.279296875
65166.630859375
65282.248046875
65355.40625
65386.5224609375
65376.142578125
65324.9443359375
65233.7236328125
65103.3955078125
64934.9765625
64729.58984375
64488.4453125
64212.8408203125
63904.1474609375
63563.8056640625
63193.318359375
62794.236328125
62368.1533203125
61916.705078125
61441.5478515625
60944.365234375
60426.84765625
59890.7001953125
59337.6220703125
58769.3076171875
58187.44140625
57593.6875
56989.6904296875
56377.0673828125
55757.4013671875
55132.2431640625
54503.103515625
53871.455078125
53238.72265625
52606.2861328125
51975.4775390625
51347.5830078125
50723.830078125
50105.404296875
49493.435546875
48889.001953125
48293.1298828125
47706.7978515625
47130.9296875
46566.4033203125
46014.0458984375
45474.6357421875
44948.9111328125
44437.5576171875
43941.22265625
43460.5087890625
42995.9833984375
42548.166015625
42117.546875
41704.576171875
41309.6708984375
40933.2119140625
40575.5537109375
40237.0126953125
39917.8828125
39618.4228515625
39338.8671875
39079.419921875
38840.2607421875
38621.5400390625
38423.3857421875
38245.896484375
38089.1455078125
37953.1787109375
37838.0205078125
37743.6591796875
37670.06640625
37617.177734375
37584.90625
37573.1318359375
37581.7060546875
37610.451171875
37659.158203125
37727.5849609375
37815.45703125
37922.4658203125
38048.271484375
38192.4951171875
38354.724609375
38534.5126953125
38731.3740234375
38944.783203125
39174.185546875
39418.978515625
39678.5302734375
39952.1640625
40239.1728515625
40538.802734375
40850.26953125
41172.7470703125
41505.3779296875
41847.26171875
42197.4677734375
42555.03125
42918.94921875
43288.1904296875
43661.6884765625
44038.353515625
44417.0615234375
44796.6650390625
45175.9921875
45553.84375
45929.0087890625
46300.248046875
46666.314453125
47025.9443359375
47377.8642578125
47720.794921875
48053.453125
48374.552734375
48682.81640625
48976.9697265625
49255.75390625
49517.923828125
49762.2578125
49987.55859375
50192.66015625
50376.435546875
50537.7958984375
50675.7041015625
50789.1748046875
50877.2861328125
50939.1787109375
50974.06640625
50981.244140625
50960.0947265625
50910.0830078125
50830.7822265625
50721.8662109375
50583.1162109375
50414.431640625
50215.8349609375
49987.466796875
49729.607421875
49442.6650390625
49127.1884765625
48783.8662109375
48413.52734375
48017.1484375
47595.8447265625
47150.8818359375
46683.66015625
46195.7275390625
45688.7626953125
45164.5791015625
44625.1201171875
44072.4453125
43508.728515625
42936.251953125
42357.392578125
41774.6103515625
41190.4423828125
40607.4873046875
40028.3935546875
39455.845703125
38892.5517578125
38341.2265625
37804.576171875
37285.2861328125
36786.00390625
36309.322265625
35857.7666015625
35433.7763671875
35039.6943359375
34677.748046875
34350.0380859375
34058.525390625
33805.0185546875
33591.16015625
33418.421875
33288.08984375
33201.2607421875
33158.830078125
33161.494140625
33209.7412109375
33303.8515625
33443.8916015625
33629.7265625
33861.0068359375
34137.1845703125
34457.51171875
34821.05078125
35226.6767578125
35673.0927734375
36158.8359375
36682.291015625
37241.6982421875
37835.171875
38460.708984375
39116.2060546875
39799.4697265625
40508.23828125
41240.1884765625
41992.953125
42764.1376953125
43551.3291015625
44352.1181640625
45164.0966796875
45984.888671875
46812.1455078125
47643.56640625
48476.8994140625
49309.9599609375
50140.6298828125
50966.865234375
51786.7001953125
52598.25390625
53399.7314453125
54189.423828125
54965.70703125
55727.048828125
56471.998046875
57199.185546875
57907.322265625
58595.1943359375
59261.65625
59905.630859375
60526.0986328125
61122.1005859375
61692.71875
62237.0869140625
62754.3740234375
63243.78515625
63704.5546875
64135.9423828125
64537.232421875
64907.7294921875
65246.755859375
65553.6513671875
65827.7744140625
66068.501953125
66275.232421875
66447.3857421875
66584.40625
66685.7744140625
66751.001953125
66779.64453125
66771.3046875
66725.642578125
66642.3759765625
66521.2978515625
66362.2734375
66165.2626953125
65930.310546875
65657.5673828125
65347.291015625
64999.8564453125
64615.7587890625
64195.619140625
63740.1953125
63250.3740234375
62727.185546875
62171.798828125
61585.5205078125
60969.796875
60326.2109375
59656.482421875
58962.453125
58246.08984375
57509.4736328125
56754.7919921875
55984.322265625
55200.43359375
54405.5615234375
53602.2021484375
52792.8955078125
51980.21484375
51166.7421875
50355.0654296875
49547.7509765625
48747.337890625
47956.3125
47177.09765625
46412.041015625
45663.3935546875
44933.302734375
44223.787109375
43536.7421875
42873.9150390625
42236.9013671875
41627.1357421875
41045.8798828125
40494.2265625
39973.0927734375
39483.20703125
39025.125
38599.2177734375
38205.6806640625
37844.533203125
37515.62890625
37218.6572265625
36953.16015625
36718.52734375
36514.0234375
36338.7841796875
36191.84375
36072.1357421875
35978.5126953125
35909.759765625
35864.611328125
35841.76171875
35839.8818359375
35857.63671875
35893.6923828125
35946.7421875
36015.5048828125
36098.7509765625
36195.3046875
36304.0625
36423.994140625
36554.1611328125
36693.7177734375
36841.9208984375
36998.130859375
37161.818359375
37332.5673828125
37510.0751953125
37694.1484375
37884.708984375
38081.787109375
38285.5146484375
38496.125
38713.9423828125
38939.380859375
39172.927734375
39415.140625
39666.6396484375
39928.0908203125
40200.197265625
40483.6953125
40779.33203125
41087.861328125
41410.03125
41746.5703125
42098.18359375
42465.5283203125
42849.2177734375
43249.8037109375
43667.7685546875
44103.5166015625
44557.3662109375
45029.541015625
45520.166015625
46029.2646484375
46556.744140625
47102.4052734375
47665.9248046875
48246.8701171875
48844.681640625
49458.6875
50088.0966796875
50732.0
51389.37890625
52059.10546875
52739.947265625
53430.5712890625
54129.5556640625
54835.390625
55546.48828125
56261.1904296875
56977.779296875
57694.4794921875
58409.4775390625
59120.9248046875
59826.947265625
60525.662109375
61215.177734375
61893.6142578125
62559.107421875
63209.8232421875
63843.9658203125
64459.7841796875
65055.5888671875
65629.7607421875
66180.7509765625
66707.1015625
67207.4462890625
67680.5244140625
68125.177734375
68540.369140625
68925.1806640625
69278.8232421875
69600.640625
69890.1083984375
70146.8427734375
70370.60546875
70561.2958984375
70718.958984375
70843.783203125
70936.1015625
70996.3876953125
71025.2529296875
71023.4443359375
70991.8388671875
70931.443359375
70843.3818359375
70728.89453125
70589.3251953125
70426.1220703125
70240.81640625
70035.0263671875
69810.4404296875
69568.806640625
69311.927734375
69041.6416015625
68759.8193359375
68468.34765625
68169.1162109375
67864.0146484375
67554.9091796875
67243.642578125
66932.0107421875
66621.765625
66314.5888671875
66012.0947265625
65715.814453125
65427.1845703125
65147.5419921875
64878.1162109375
64620.0205078125
64374.2431640625
64141.650390625
63922.966796875
63718.7900390625
63529.5751953125
63355.63671875
63197.1474609375
63054.140625
62926.5146484375
62814.0234375
62716.2958984375
62632.8310546875
62563.00390625
62506.076171875
62461.2001953125
62427.4287109375
62403.724609375
62388.9697265625
62381.9765625
62381.498046875
62386.2373046875
62394.865234375
62406.0263671875
62418.353515625
62430.4833984375
62441.0625
62448.7666015625
62452.3056640625
62450.439453125
62441.9892578125
62425.84765625
62400.98828125
62366.4755859375
62321.4736328125
62265.25390625
62197.201171875
62116.8212890625
62023.7451171875
61917.7353515625
61798.6826171875
61666.61328125
61521.6865234375
61364.197265625
61194.572265625
61013.3681640625
60821.2626953125
60619.0615234375
60407.6787109375
60188.1376953125
59961.5634765625
59729.173828125
59492.26171875
59252.2021484375
59010.421875
58768.4033203125
58527.666015625
58289.7568359375
58056.234375
57828.662109375
57608.5947265625
57397.55859375
57197.05078125
57008.521484375
56833.359375
56672.8896484375
56528.3525390625
56400.904296875
56291.5986328125
56201.3857421875
56131.09765625
56081.44921875
56053.0244140625
56046.2763671875
56061.5234375
56098.9453125
56158.578125
56240.3203125
56343.923828125
56469.005859375
56615.0439453125
56781.3779296875
56967.220703125
57171.65625
57393.65234375
57632.0615234375
57885.6298828125
58153.0087890625
58432.7578125
58723.359375
59023.2255859375
59330.70703125
59644.1103515625
59961.701171875
60281.71484375
60602.37890625
60921.9072265625
61238.5283203125
61550.4794921875
61856.033203125
62153.494140625
62441.2216796875
62717.62890625
62981.197265625
63230.48828125
63464.1435546875
63680.8994140625
63879.591796875
64059.1640625
64218.666015625
64357.2724609375
64474.2724609375
64569.08203125
64641.244140625
64690.4326171875
64716.44921875
64719.2314453125
64698.84375
64655.48046875
64589.46875
64501.2578125
64391.423828125
64260.6572265625
64109.7705078125
63939.681640625
63751.4169921875
63546.1005859375
63324.94921875
63089.2705078125
62840.4462890625
62579.93359375
62309.25390625
62029.9833984375
61743.7470703125
61452.2119140625
61157.0732421875
60860.05078125
60562.8779296875
60267.2958984375
59975.0419921875
59687.83984375
59407.3974609375
59135.392578125
58873.46875
58623.2255859375
58386.208984375
58163.9130859375
57957.7626953125
57769.1123046875
57599.23828125
57449.3359375
57320.5126953125
57213.7802734375
57130.0546875
57070.15234375
57034.78515625
57024.5576171875
57039.9638671875
57081.390625
57149.1083984375
57243.28125
57363.95703125
57511.072265625
57684.453125
57883.818359375
58108.77734375
58358.8369140625
58633.4013671875
58931.78125
59253.1884765625
59596.748046875
59961.4990234375
60346.40625
60750.35546875
61172.166015625
61610.59375
62064.34375
62532.06640625
63012.37109375
63503.83203125
64004.9921875
64514.3740234375
65030.482421875
65551.8125
66076.857421875
66604.1171875
67132.09765625
67659.3203125
68184.3349609375
68705.7119140625
69222.0625
69732.029296875
70234.3037109375
70727.619140625
71210.7685546875
71682.59375
72142.0009765625
72587.9521484375
73019.4814453125
73435.6845703125
73835.728515625
74218.8515625
74584.3603515625
74931.634765625
75260.1318359375
75569.376953125
75858.970703125
76128.5830078125
76377.9599609375
76606.9150390625
76815.33203125
77003.162109375
77170.4248046875
77317.2001953125
77443.6357421875
77549.935546875
77636.365234375
77703.2412109375
77750.9404296875
77779.888671875
77790.5556640625
77783.46484375
77759.1806640625
77718.30859375
77661.494140625
77589.41796875
77502.7998046875
77402.38671875
77288.955078125
77163.314453125
77026.29296875
76878.7470703125
76721.548828125
76555.59375
76381.7919921875
76201.064453125
76014.349609375
75822.59375
75626.748046875
75427.771484375
75226.625
75024.271484375
74821.6708984375
74619.77734375
74419.5419921875
74221.904296875
74027.7900390625
73838.1142578125
73653.7685546875
73475.630859375
73304.55078125
73141.3525390625
72986.83203125
72841.7509765625
72706.8359375
72582.77734375
72470.2197265625
72369.765625
72281.9677734375
72207.328125
72146.2958984375
72099.263671875
72066.5634765625
72048.46875
72045.18359375
72056.8505859375
72083.541015625
72125.2587890625
72181.9326171875
72253.423828125
72339.5166015625
72439.921875
72554.2763671875
72682.14453125
72823.013671875
72976.298828125
73141.34765625
73317.431640625
73503.7568359375
73699.4638671875
73903.6259765625
74115.259765625
74333.3232421875
74556.71875
74784.302734375
75014.87890625
75247.2177734375
75480.044921875
75712.0615234375
75941.9375
76168.322265625
76389.8486328125
76605.134765625
76812.802734375
77011.46484375
77199.74609375
77376.2763671875
77539.705078125
77688.7021484375
77821.966796875
77938.2265625
78036.24609375
78114.833984375
78172.83984375
78209.1640625
78222.76171875
78212.6455078125
78177.884765625
78117.61328125
78031.0302734375
77917.4033203125
77776.0693359375
77606.4365234375
77407.986328125
77180.2724609375
76922.9248046875
76635.6494140625
76318.22265625
75970.5009765625
75592.4130859375
75183.9638671875
74745.2294921875
74276.3623046875
73777.5849609375
73249.189453125
72691.5400390625
72105.068359375
71490.2734375
70847.720703125
70178.0390625
69481.9208984375
68760.1220703125
68013.453125
67242.7900390625
66449.064453125
65633.2626953125
64796.4306640625
63939.662109375
63064.1103515625
62170.9755859375
61261.51171875
60337.021484375
59398.8544921875
58448.412109375
57487.138671875
56516.5234375
55538.1005859375
54553.4462890625
53564.1806640625
52571.9560546875
51578.46875
50585.447265625
49594.6552734375
48607.8837890625
47626.9560546875
46653.716796875
45690.03515625
44737.7958984375
43798.9052734375
42875.271484375
41968.8134765625
41081.455078125
40215.1123046875
39371.693359375
38553.09765625
37761.2041015625
36997.86328125
36264.90234375
35564.1044921875
34897.216796875
34265.9345703125
33671.896484375
33116.68359375
32601.80859375
32128.7060546875
31698.7373046875
31313.1748046875
30973.1953125
30679.8876953125
30434.23046875
30237.099609375
30089.2568359375
29991.3515625
29943.908203125
29947.333984375
30001.9072265625
30107.7783203125
30264.96875
30473.369140625
30732.7373046875
31042.69921875
31402.748046875
31812.2451171875
32270.427734375
32776.3984375
33329.140625
33927.5087890625
34570.2451171875
35255.9736328125
35983.20703125
36750.353515625
37555.7197265625
38397.5205078125
39273.8740234375
40182.822265625
41122.322265625
42090.2685546875
43084.484375
44102.740234375
45142.7529296875
46202.1982421875
47278.7138671875
48369.9052734375
49473.361328125
50586.650390625
51707.33203125
52832.9638671875
53961.1123046875
55089.345703125
56215.2578125
57336.4609375
58450.6005859375
59555.353515625
60648.439453125
61727.6240234375
62790.7236328125
63835.61328125
64860.2275390625
65862.56640625
66840.705078125
67792.7880859375
68717.041015625
69611.7744140625
70475.3818359375
71306.3515625
72103.259765625
72864.78125
73589.6962890625
74276.87890625
74925.3125
75534.0859375
76102.3994140625
76629.5654296875
77115.0068359375
77558.2626953125
77958.9892578125
78316.95703125
78632.0576171875
78904.298828125
79133.806640625
79320.828125
79465.724609375
79568.9775390625
79631.1865234375
79653.0576171875
79635.419921875
79579.20703125
79485.462890625
79355.3349609375
79190.0751953125
78991.033203125
78759.6494140625
78497.45703125
78206.0732421875
77887.1943359375
77542.5908203125
77174.0986328125
76783.6171875
76373.0986328125
75944.5439453125
75499.994140625
75041.521484375
74571.2236328125
74091.216796875
73603.623046875
73110.564453125
72614.1611328125
72116.51171875
71619.6875
71125.7333984375
70636.6474609375
70154.3818359375
69680.8291015625
69217.8154296875
68767.095703125
68330.34375
67909.1435546875
67504.9912109375
67119.275390625
66753.2841796875
66408.1904296875
66085.0546875
65784.814453125
65508.2841796875
65256.1533203125
65028.978515625
64827.1865234375
64651.072265625
64500.7998046875
64376.396484375
64277.7607421875
64204.66015625
64156.734375
64133.498046875
64134.3447265625
64158.55078125
64205.2802734375
64273.5888671875
64362.43359375
64470.677734375
64597.09375
64740.37890625
64899.158203125
65071.990234375
65257.3857421875
65453.8056640625
65659.67578125
65873.4013671875
66093.365234375
66317.9462890625
66545.529296875
66774.513671875
67003.3193359375
67230.400390625
67454.2578125
67673.44140625
67886.5673828125
68092.31640625
68289.4560546875
68476.833984375
68653.396484375
68818.1884765625
68970.3681640625
69109.203125
69234.0791015625
69344.5087890625
69440.126953125
69520.703125
69586.1376953125
69636.4619140625
69671.8466796875
69692.591796875
69699.134765625
69692.0419921875
69672.0126953125
69639.87109375
69596.5634765625
69543.154296875
69480.8232421875
69410.85546875
69334.6376953125
69253.6474609375
69169.4541015625
69083.7021484375
68998.1083984375
68914.4462890625
68834.5478515625
68760.28125
68693.5546875
68636.2958984375
68590.447265625
68557.9541015625
68540.7587890625
68540.783203125
68559.9287109375
68600.056640625
68662.986328125
68750.482421875
68864.2470703125
69005.9111328125
69177.021484375
69379.044921875
69613.345703125
69881.189453125
70183.7314453125
70522.0107421875
70896.947265625
71309.33203125
71759.828125
72248.9619140625
72777.1181640625
73344.544921875
73951.3408203125
74597.4599609375
75282.7060546875
76006.736328125
76769.0556640625
77569.0185546875
78405.83203125
79278.552734375
80186.08984375
81127.212890625
82100.5400390625
83104.556640625
84137.6103515625
85197.9169921875
86283.564453125
87392.5185546875
88522.62890625
89671.630859375
90837.1572265625
92016.7431640625
93207.8330078125
94407.7861328125
95613.8876953125
96823.35546875
98033.3544921875
99240.994140625
100443.3505859375
101637.4716796875
102820.384765625
103989.1103515625
105140.6728515625
106272.1123046875
107380.49609375
108462.927734375
109516.5625
110538.6162109375
111526.3779296875
112477.224609375
113388.6279296875
114258.1708984375
115083.556640625
115862.6201171875
116593.33984375
117273.8466796875
117902.4365234375
118477.578125
118997.9228515625
119462.3134765625
119869.791015625
120219.6005859375
120511.2001953125
120744.265625
120918.69140625
121034.599609375
121092.3359375
121092.474609375
121035.8173828125
120923.3955078125
120756.458984375
120536.482421875
120265.1572265625
119944.384765625
119576.2685546875
119163.1064453125
118707.3896484375
118211.7783203125
117679.099609375
117112.3349609375
116514.60546875
115889.1552734375
115239.345703125
114568.625
113880.5302734375
113178.6572265625
112466.646484375
111748.173828125
111026.9248046875
110306.5771484375
109590.791015625
108883.18359375
108187.3173828125
107506.681640625
106844.6748046875
106204.595703125
105589.615234375
105002.77734375
104446.9794921875
103924.955078125
103439.2685546875
102992.306640625
102586.259765625
102223.1259765625
101904.6923828125
101632.541015625
101408.0341796875
101232.318359375
101106.3173828125
101030.736328125
101006.0625
101032.556640625
101110.2734375
101239.0517578125
101418.5244140625
101648.1259765625
101927.1015625
102254.50390625
102629.21875
103049.9638671875
103515.2998046875
104023.6435546875
104573.28125
105162.375
105788.98046875
106451.0537109375
107146.466796875
107873.0234375
108628.4609375
109410.474609375
110216.720703125
111044.8349609375
111892.435546875
112757.1455078125
113636.5908203125
114528.419921875
115430.3125
116339.98046875
117255.1865234375
118173.7421875
119093.525390625
120012.478515625
120928.619140625
121840.04296875
122744.9296875
123641.546875
124528.25
125403.4990234375
126265.8388671875
127113.9208984375
127946.4970703125
128762.4189453125
129560.640625
130340.22265625
131100.328125
131840.220703125
132559.2744140625
133256.95703125
133932.8447265625
134586.6123046875
135218.0361328125
135826.98828125
136413.4404296875
136977.4609375
137519.2080078125
138038.939453125
138536.99609375
139013.8115234375
139469.9033203125
139905.8740234375
140322.4091796875
140720.2666015625
141100.2841796875
141463.3720703125
141810.505859375
142142.7265625
142461.13671875
142766.890625
143061.2001953125
143345.31640625
143620.5341796875
143888.1826171875
144149.6162109375
144406.212890625
144659.3681640625
144910.4814453125
145160.953125
145412.177734375
145665.5322265625
145922.3740234375
146184.029296875
146451.783203125
146726.875
147010.48828125
147303.7490234375
147607.708984375
147923.3447265625
148251.5498046875
148593.125
148948.7822265625
149319.125
149704.658203125
150105.775390625
150522.7568359375
150955.775390625
151404.8818359375
151870.015625
152351.0009765625
152847.55078125
153359.263671875
153885.634765625
154426.056640625
154979.8212890625
155546.1357421875
156124.1142578125
156712.8046875
157311.1787109375
157918.1513671875
158532.591796875
159153.32421875
159779.14453125
160408.8330078125
161041.15625
161674.8857421875
162308.8037109375
162941.71484375
163572.45703125
164199.9033203125
164822.9833984375
165440.677734375
166052.0322265625
166656.16796875
167252.271484375
167839.6171875
168417.556640625
168985.52734375
169543.0498046875
170089.7333984375
170625.263671875
171149.41015625
171662.021484375
172163.0107421875
172652.361328125
173130.11328125
173596.361328125
174051.2412109375
174494.923828125
174927.6064453125
175349.4990234375
175760.8193359375
176161.7861328125
176552.5986328125
176933.4365234375
177304.447265625
177665.740234375
178017.3759765625
178359.361328125
178691.6416015625
179014.0986328125
179326.5419921875
179628.712890625
179920.27734375
180200.8291015625
180469.8896484375
180726.912109375
180971.283203125
181202.3310546875
181419.3310546875
181621.5107421875
181808.064453125
181978.162109375
182130.9521484375
182265.5859375
182381.2236328125
182477.044921875
182552.2685546875
182606.1591796875
182638.0478515625
182647.3388671875
182633.53125
182596.2197265625
182535.119140625
182450.064453125
182341.02734375
182208.125
182051.6259765625
181871.951171875
181669.6904296875
181445.5947265625
181200.583984375
180935.740234375
180652.3125
180351.708984375
180035.490234375
179705.365234375
179363.1796875
179010.904296875
178650.62890625
178284.541015625
177914.9130859375
177544.091796875
177174.4765625
176808.5009765625
176448.6201171875
176097.2861328125
175756.93359375
175429.9619140625
175118.708984375
174825.447265625
174552.3515625
174301.4931640625
174074.8193359375
173874.1396484375
173701.1162109375
173557.24609375
173443.857421875
173362.09375
173312.9169921875
173297.0927734375
173315.1923828125
173367.5927734375
173454.4716796875
173575.81640625
173731.4228515625
173920.9052734375
174143.6982421875
174399.0732421875
174686.140625
175003.8720703125
175351.0986328125
175726.5380859375
176128.802734375
176556.4169921875
177007.828125
177481.4296875
177975.572265625
178488.580078125
179018.76953125
179564.462890625
180123.9970703125
180695.7490234375
181278.1416015625
181869.65625
182468.845703125
183074.3447265625
183684.875
184299.2568359375
184916.4150390625
185535.37890625
186155.2939453125
186775.4130859375
187395.1083984375
188013.865234375
188631.275390625
189247.044921875
189860.982421875
190472.9951171875
191083.083984375
191691.3359375
192297.9169921875
192903.0634765625
193507.072265625
194110.294921875
194713.1259765625
195315.9912109375
195919.3427734375
196523.6474609375
197129.376953125
197737.001953125
198346.9775390625
198959.740234375
199575.7001953125
200195.23046875
200818.6630859375
201446.283203125
202078.3232421875
202714.9560546875
203356.2998046875
204002.3974609375
204653.2373046875
205308.7294921875
205968.71875
206632.9765625
207301.20703125
207973.041015625
208648.0390625
209325.6982421875
210005.4443359375
210686.640625
211368.5908203125
212050.5341796875
212731.6591796875
213411.095703125
214087.9267578125
214761.1875
215429.8671875
216092.9169921875
216749.25
217397.748046875
218037.2568359375
218666.6025390625
219284.5830078125
219889.978515625
220481.552734375
221058.056640625
221618.228515625
222160.80859375
222684.5283203125
223188.125
223670.3408203125
224129.9267578125
224565.6474609375
224976.287109375
225360.6513671875
225717.5751953125
226045.9228515625
226344.595703125
226612.53515625
226848.7314453125
227052.228515625
227222.1201171875
227357.568359375
227457.7998046875
227522.11328125
227549.88671875
227540.578125
227493.7353515625
227409.0
227286.103515625
227124.884765625
226925.2841796875
226687.3486328125
226411.240234375
226097.2314453125
225745.708984375
225357.1767578125
224932.2587890625
224471.6953125
223976.341796875
223447.171875
222885.2744140625
222291.8486328125
221668.2041015625
221015.755859375
220336.01953125
219630.6064453125
218901.220703125
218149.650390625
217377.76171875
216587.4912109375
215780.841796875
214959.87109375
214126.6845703125
213283.4306640625
212432.287109375
211575.4580078125
210715.1572265625
209853.6123046875
208993.0419921875
208135.6611328125
207283.6611328125
206439.2138671875
205604.453125
204781.474609375
203972.326171875
203179.0068359375
202403.4541015625
201647.5380859375
200913.068359375
200201.775390625
199515.31640625
198855.26953125
198223.1298828125
197620.3076171875
197048.130859375
196507.8369140625
196000.578125
195527.41796875
195089.337890625
194687.2236328125
194321.8818359375
193994.0322265625
193704.3095703125
193453.2705078125
193241.38671875
193069.0556640625
192936.5966796875
192844.251953125
192792.1962890625
192780.52734375
192809.2783203125
192878.412109375
192987.828125
193137.3583984375
193326.7744140625
193555.78125
193824.0283203125
194131.0986328125
194476.51953125
194859.7529296875
195280.208984375
195737.2314453125
196230.10546875
196758.0576171875
197320.25390625
197915.7958984375
198543.728515625
199203.03125
199892.62109375
200611.3505859375
201358.01171875
202131.3291015625
202929.9609375
203752.505859375
204597.4912109375
205463.384765625
206348.5849609375
207251.427734375
208170.1884765625
209103.078125
210048.2451171875
211003.78125
211967.7216796875
212938.046875
213912.6865234375
214889.5185546875
215866.3798828125
216841.0673828125
217811.3359375
218774.9140625
219729.5
220672.775390625
221602.400390625
222516.0302734375
223411.314453125
224285.908203125
225137.4775390625
225963.7041015625
226762.298828125
227531.005859375
228267.6064453125
228969.9384765625
229635.8916015625
230263.423828125
230850.568359375
231395.4404296875
231896.248046875
232351.294921875
232758.9951171875
233117.8779296875
233426.59375
233683.92578125
233888.796875
234040.2666015625
234137.5546875
234180.029296875
234167.228515625
234098.849609375
233974.767578125
233795.0283203125
233559.85546875
233269.6533203125
232925.0087890625
232526.6875
232075.638671875
231572.9931640625
231020.0576171875
230418.31640625
229769.427734375
229075.212890625
228337.662109375
227558.9150390625
226741.265625
225887.14453125
224999.1171875
224079.8701171875
223132.2021484375
222159.01171875
221163.2890625
220148.0986328125
219116.5703125
218071.8837890625
217017.255859375
215955.9248046875
214891.138671875
213826.138671875
212764.14453125
211708.3408203125
210661.8623046875
209627.783203125
208609.08984375
207608.6865234375
206629.3642578125
205673.802734375
204744.546875
203843.9990234375
202974.4111328125
202137.8740234375
201336.3046875
200571.439453125
199844.8291015625
199157.833984375
198511.611328125
197907.12109375
197345.1162109375
196826.1435546875
196350.546875
195918.4580078125
195529.80859375
195184.326171875
194881.544921875
194620.802734375
194401.2529296875
194221.8681640625
194081.453125
193978.6484375
193911.943359375
193879.6826171875
193880.0810546875
193911.2392578125
193971.14453125
194057.6953125
194168.7041015625
194301.923828125
194455.046875
194625.728515625
194811.5986328125
195010.2763671875
195219.380859375
195436.54296875
195659.4296875
195885.7451171875
196113.248046875
196339.759765625
196563.185546875
196781.5146484375
196992.8369140625
197195.3505859375
197387.37109375
197567.3388671875
197733.8271484375
197885.5478515625
198021.359375
198140.267578125
198241.4375
198324.1806640625
198387.9775390625
198432.4599609375
198457.42578125
198462.8291015625
198448.7822265625
198415.5556640625
198363.5693359375
198293.3896484375
198205.732421875
198101.4462890625
197981.5166015625
197847.0478515625
197699.265625
197539.50390625
197369.1962890625
197189.8671875
197003.123046875
196810.6416015625
196614.16015625
196415.466796875
196216.38671875
196018.775390625
195824.5009765625
195635.4375
195453.453125
195280.3974609375
195118.0869140625
194968.2998046875
194832.76171875
194713.1337890625
194611.0048828125
194527.880859375
194465.173828125
194424.19140625
194406.1328125
194412.0791015625
194442.98046875
194499.658203125
194582.79296875
194692.9189453125
194830.427734375
194995.548828125
195188.3671875
195408.802734375
195656.62109375
195931.4287109375
196232.6748046875
196559.6533203125
196911.5048828125
197287.22265625
197685.654296875
198105.5048828125
198545.3525390625
199003.64453125
199478.7138671875
199968.78125
200471.9677734375
200986.3056640625
201509.7470703125
202040.1767578125
202575.4228515625
203113.267578125
203651.462890625
204187.7421875
204719.8291015625
205245.458984375
205762.380859375
206268.3837890625
206761.2978515625
207239.01171875
207699.486328125
208140.765625
208560.986328125
208958.3916015625
209331.341796875
209678.3212890625
209997.9521484375
210288.9931640625
210550.3603515625
210781.1240234375
210980.513671875
211147.9326171875
211282.9462890625
211385.298828125
211454.9052734375
211491.85546875
211496.4150390625
211469.015625
211410.2626953125
211320.9228515625
211201.921875
211054.3388671875
210879.3994140625
210678.46484375
210453.02734375
210204.6982421875
209935.1962890625
209646.337890625
209340.0263671875
209018.23828125
208683.0126953125
208336.43359375
207980.623046875
207617.7255859375
207249.890625
206879.2666015625
206507.978515625
206138.1279296875
205771.7646484375
205410.8857421875
205057.421875
204713.220703125
204380.0400390625
204059.5400390625
203753.2705078125
203462.6640625
203189.0263671875
202933.5302734375
202697.2138671875
202480.9716796875
202285.552734375
202111.5537109375
201959.42578125
201829.4677734375
201721.8271484375
201636.4990234375
201573.337890625
201532.0498046875
201512.205078125
201513.2373046875
201534.4541015625
201575.041015625
201634.068359375
201710.50390625
201803.21875
201910.990234375
202032.5283203125
202166.4677734375
202311.388671875
202465.826171875
202628.27734375
202797.2177734375
202971.1083984375
203148.40625
203327.580078125
203507.1123046875
203685.51953125
203861.353515625
204033.216796875
204199.7685546875
204359.732421875
204511.908203125
204655.17578125
204788.50390625
204910.953125
205021.685546875
205119.962890625
205205.158203125
205276.75390625
205334.341796875
205377.6279296875
205406.4365234375
205420.6982421875
205420.4609375
205405.880859375
205377.224609375
205334.857421875
205279.2509765625
205210.9677734375
205130.66015625
205039.0654296875
204936.9951171875
204825.3291015625
204705.0126953125
204577.0400390625
204442.451171875
204302.322265625
204157.75
204009.853515625
203859.7568359375
203708.5751953125
203557.4189453125
203407.3720703125
203259.4814453125
203114.7578125
202974.1552734375
202838.5712890625
202708.830078125
202585.681640625
202469.787109375
202361.7177734375
202261.9443359375
202170.83203125
202088.6357421875
202015.4990234375
201951.44140625
201896.365234375
201850.052734375
201812.1591796875
201782.2197265625
201759.6435546875
201743.7265625
201733.6455078125
201728.46484375
201727.146484375
201728.548828125
201731.4423828125
201734.5087890625
201736.361328125
201735.54296875
201730.548828125
201719.8291015625
201701.806640625
201674.8876953125
201637.4765625
201587.990234375
201524.865234375
201446.587890625
201351.6904296875
201238.779296875
201106.5390625
200953.759765625
200779.330078125
200582.2724609375
200361.7392578125
200117.033203125
199847.611328125
199553.1005859375
199233.302734375
198888.2021484375
198517.9716796875
198122.9765625
197703.775390625
197261.1318359375
196795.994140625
196309.5166015625
195803.0380859375
195278.0869140625
194736.3671875
194179.7578125
193610.29296875
193030.1611328125
192441.68359375
191847.302734375
191249.572265625
190651.126953125
190054.6796875
189462.9892578125
188878.85546875
188305.0849609375
187744.4794921875
187199.8154296875
186673.8154296875
186169.1337890625
185688.3447265625
185233.9013671875
184808.13671875
184413.2373046875
184051.2255859375
183723.9443359375
183433.046875
183179.9794921875
182965.970703125
182792.025390625
182658.9091796875
182567.1552734375
182517.0478515625
182508.62890625
182541.6962890625
182615.806640625
182730.2783203125
182884.201171875
183076.44140625
183305.65625
183570.3046875
183868.662109375
184198.8330078125
184558.7734375
184946.306640625
185359.140625
185794.89453125
186251.111328125
186725.2880859375
187214.8935546875
187717.390625
188230.2587890625
188751.013671875
189277.2333984375
189806.5771484375
190336.7978515625
190865.7724609375
191391.509765625
191912.1669921875
192426.0703125
192931.720703125
193427.806640625
193913.212890625
194387.0283203125
194848.544921875
195297.271484375
195732.919921875
196155.4140625
196564.8818359375
196961.650390625
197346.240234375
197719.3486328125
198081.84765625
198434.765625
198779.2744140625
199116.6767578125
199448.3818359375
199775.89453125
200100.7978515625
200424.7275390625
200749.35546875
201076.3740234375
201407.466796875
201744.3017578125
202088.501953125
202441.6298828125
202805.169921875
203180.5126953125
203568.9365234375
203971.591796875
204389.4892578125
204823.4892578125
205274.287109375
205742.404296875
206228.1845703125
206731.78125
207253.1611328125
207792.0927734375
208348.1513671875
208920.71875
209508.982421875
210111.943359375
210728.4169921875
211357.04296875
211996.2919921875
212644.4716796875
213299.7470703125
213960.13671875
214623.53515625
215287.7265625
215950.390625
216609.125
217261.44921875
217904.8359375
218536.705078125
219154.455078125
219755.4736328125
220337.14453125
220896.875
221432.099609375
221940.2998046875
222419.01171875
222865.84765625
223278.498046875
223654.7509765625
223992.4970703125
224289.7470703125
224544.6328125
224755.4228515625
224920.52734375
225038.5068359375
225108.078125
225128.1201171875
225097.6806640625
225015.98046875
224882.4169921875
224696.5693359375
224458.1962890625
224167.25
223823.8642578125
223428.3623046875
222981.2587890625
222483.2568359375
221935.2509765625
221338.322265625
220693.7392578125
220002.9580078125
219267.6103515625
218489.5146484375
217670.6630859375
216813.21875
215919.5078125
214992.0244140625
214033.4091796875
213046.458984375
212034.1025390625
210999.404296875
209945.552734375
208875.8447265625
207793.68359375
206702.55859375
205606.0400390625
204507.7626953125
203411.4150390625
202320.71875
201239.4228515625
200171.279296875
199120.033203125
198089.404296875
197083.0654296875
196104.6318359375
195157.6416015625
194245.53515625
193371.6376953125
192539.146484375
191751.1064453125
191010.3974609375
190319.7158203125
189681.556640625
189098.19921875
188571.697265625
188103.8525390625
187696.212890625
187350.0595703125
187066.390625
186845.9150390625
186689.048828125
186595.9033203125
186566.279296875
186599.677734375
186695.2822265625
186851.96484375
187068.296875
187342.546875
187672.6845703125
188056.3955078125
188491.0869140625
188973.90234375
189501.7353515625
190071.2431640625
190678.8623046875
191320.833984375
191993.21484375
192691.904296875
193412.6669921875
194151.150390625
194902.9189453125
195663.4638671875
196428.2431640625
197192.7001953125
197952.2919921875
198702.5078125
199438.908203125
200157.13671875
200852.9580078125
201522.2705078125
202161.1328125
202765.79296875
203332.7001953125
203858.5361328125
204340.220703125
204774.939453125
205160.1552734375
205493.6240234375
205773.4033203125
205997.8671875
206165.712890625
206275.96875
206327.9951171875
206321.4892578125
206256.48828125
206133.361328125
205952.8154296875
205715.87890625
205423.90234375
205078.5478515625
204681.771484375
204235.8212890625
203743.2138671875
203206.7216796875
202629.3544921875
202014.3427734375
201365.1123046875
200685.2666015625
199978.568359375
199248.9052734375
198500.2763671875
197736.7646484375
196962.505859375
196181.6767578125
195398.453125
194616.9951171875
193841.4248046875
193075.787109375
192324.041015625
191590.0283203125
190877.44921875
190189.841796875
189530.5673828125
188902.77734375
188309.4072265625
187753.154296875
187236.4599609375
186761.501953125
186330.173828125
185944.0830078125
185604.537109375
185312.5419921875
185068.7880859375
184873.662109375
184727.2314453125
184629.2607421875
184579.2041015625
184576.2138671875
184619.1572265625
184706.611328125
184836.8857421875
185008.03515625
185217.8701171875
185463.978515625
185743.740234375
186054.353515625
186392.84765625
186756.115234375
187140.9228515625
187543.951171875
187961.802734375
188391.0400390625
188828.205078125
189269.8427734375
189712.533203125
190152.908203125
190587.6796875
191013.6630859375
191427.798828125
191827.17578125
192209.0458984375
192570.8486328125
192910.224609375
193225.03125
193513.3583984375
193773.5361328125
194004.1455078125
194204.0263671875
194372.2822265625
194508.28125
194611.6611328125
194682.318359375
194720.4189453125
194726.376953125
194700.8544921875
194644.7509765625
194559.193359375
194445.5146484375
194305.2451171875
194140.09375
193951.931640625
193742.7666015625
193514.7294921875
193270.05078125
193011.0380859375
192740.0537109375
192459.494140625
192171.767578125
191879.2685546875
191584.3642578125
191289.365234375
190996.5087890625
190707.9404296875
190425.697265625
190151.6884765625
189887.6787109375
189635.2822265625
189395.943359375
189170.9287109375
188961.322265625
188768.009765625
188591.6875
188432.8486328125
188291.7900390625
188168.6044921875
188063.1953125
187975.271484375
187904.361328125
187849.814453125
187810.81640625
187786.3974609375
187775.4453125
187776.720703125
187788.8662109375
187810.4296875
187839.87109375
187875.58984375
187915.9306640625
187959.2060546875
188003.716796875
188047.759765625
188089.654296875
188127.7490234375
188160.447265625
188186.212890625
188203.5908203125
188211.21484375
188207.8271484375
188192.2841796875
188163.5634765625
188120.78125
188063.189453125
187990.1943359375
187901.349609375
187796.36328125
187675.10546875
187537.6005859375
187384.0341796875
187214.7470703125
187030.234375
186831.1376953125
186618.2451171875
186392.484375
186154.91015625
185906.705078125
185649.1640625
185383.6845703125
185111.7666015625
184834.9853515625
184554.9990234375
184273.521484375
183992.3203125
183713.2060546875
183438.009765625
183168.5859375
182906.7900390625
182654.4736328125
182413.4658203125
182185.5712890625
181972.5546875
181776.130859375
181597.9541015625
181439.611328125
181302.6181640625
181188.396484375
181098.2841796875
181033.5166015625
180995.224609375
180984.4287109375
181002.0361328125
181048.8349609375
181125.490234375
181232.5419921875
181370.4091796875
181539.375
181739.6005859375
181971.1181640625
182233.83203125
182527.5234375
182851.849609375
183206.34765625
183590.4365234375
184003.4267578125
184444.515625
184912.7998046875
185407.27734375
185926.853515625
186470.34765625
187036.501953125
187623.9794921875
188231.3837890625
188857.255859375
189500.0849609375
190158.3154296875
190830.3564453125
191514.5849609375
192209.3564453125
192913.009765625
193623.8759765625
194340.283203125
195060.5615234375
195783.0546875
196506.123046875
197228.14453125
197947.5263671875
198662.705078125
199372.1533203125
200074.384765625
200767.94921875
201451.4453125
202123.5185546875
202782.861328125
203428.2138671875
204058.373046875
204672.1806640625
205268.53125
205846.37109375
206404.6943359375
206942.544921875
207459.013671875
207953.2373046875
208424.39453125
208871.7099609375
209294.4462890625
209691.9052734375
210063.423828125
210408.375
210726.1650390625
211016.23046875
211278.0400390625
211511.091796875
211714.9091796875
211889.0498046875
212033.0927734375
212146.65234375
212229.365234375
212280.9033203125
212300.9697265625
212289.298828125
212245.6630859375
212169.869140625
212061.7705078125
211921.259765625
211748.279296875
211542.8203125
211304.9296875
211034.7109375
210732.3330078125
210398.0224609375
210032.083984375
209634.8876953125
209206.8837890625
208748.5947265625
208260.6318359375
207743.6845703125
207198.5244140625
206626.015625
206027.1044921875
205402.82421875
204754.2939453125
204082.7197265625
203389.38671875
202675.6611328125
201942.9873046875
201192.876953125
200426.91796875
199646.7509765625
198854.0751953125
198050.6416015625
197238.240234375
196418.693359375
195593.8505859375
194765.5732421875
193935.734375
193106.197265625
192278.81640625
191455.421875
190637.8056640625
189827.720703125
189026.8603515625
188236.857421875
187459.263671875
186695.548828125
185947.08984375
185215.1552734375
184500.90625
183805.3779296875
183129.482421875
182473.994140625
181839.5458984375
181226.626953125
180635.5751953125
180066.5693359375
179519.634765625
178994.63671875
178491.27734375
178009.1005859375
177547.48828125
177105.6650390625
176682.697265625
176277.5
175888.841796875
175515.3466796875
175155.501953125
174807.6669921875
174470.0791015625
174140.8603515625
173818.0341796875
173499.5283203125
173183.185546875
172866.783203125
172548.037109375
172224.6162109375
171894.158203125
171554.2802734375
171202.5966796875
170836.7275390625
170454.3193359375
170053.0546875
169630.6708984375
169184.974609375
168713.8505859375
168215.2890625
167687.3876953125
167128.37109375
166536.609375
165910.6259765625
165249.109375
164550.935546875
163815.1689453125
163041.080078125
162228.1552734375
161376.1044921875
160484.87109375
159554.6416015625
158585.8466796875
157579.171875
156535.55859375
155456.2060546875
154342.576171875
153196.388671875
152019.6240234375
150814.515625
149583.544921875
148329.439453125
147055.1630859375
145763.8994140625
144459.0537109375
143144.2255859375
141823.2041015625
140499.9521484375
139178.580078125
137863.337890625
136558.5859375
135268.783203125
133998.4580078125
132752.1845703125
131534.5654296875
130350.19921875
129203.6650390625
128099.484375
127042.10546875
126035.8759765625
125085.0146484375
124193.5869140625
123365.482421875
122604.3828125
121913.75390625
121296.8076171875
120756.490234375
120295.458984375
119916.0654296875
119620.3369140625
119409.966796875
119286.2919921875
119250.2890625
119302.568359375
119443.3564453125
119672.5009765625
119989.4638671875
120393.3232421875
120882.7734375
121456.1337890625
122111.3505859375
122846.0068359375
123657.337890625
124542.2392578125
125497.287109375
126518.75
127602.6123046875
128744.5947265625
129940.1748046875
131184.609375
132472.962890625
133800.130859375
135160.8701171875
136549.8203125
137961.5380859375
139390.5234375
140831.244140625
142278.173828125
143725.80859375
145168.703125
146601.4990234375
148018.9443359375
149415.923828125
150787.4873046875
152128.8662109375
153435.5009765625
154703.0595703125
155927.4599609375
157104.884765625
158231.798828125
159304.966796875
160321.4609375
161278.6767578125
162174.337890625
163006.5048828125
163773.5859375
164474.328125
165107.8369140625
165673.5556640625
166171.2783203125
166601.1435546875
166963.6259765625
167259.5234375
167489.966796875
167656.392578125
167760.5341796875
167804.419921875
167790.345703125
167720.8701171875
167598.791015625
167427.1318359375
167209.1279296875
166948.1982421875
166647.9365234375
166312.0830078125
165944.5126953125
165549.205078125
165130.234375
164691.7421875
164237.91796875
163772.9775390625
163301.1484375
162826.64453125
162353.64453125
161886.2802734375
161428.611328125
160984.611328125
160558.1484375
160152.96875
159772.68359375
159420.75
159100.4599609375
158814.9287109375
158567.080078125
158359.6376953125
158195.115234375
158075.8076171875
158003.783203125
157980.880859375
158008.701171875
158088.6044921875
158221.7119140625
158408.8955078125
158650.7900390625
158947.7841796875
159300.029296875
159707.4384765625
160169.6943359375
160686.255859375
161256.3583984375
161879.029296875
162553.087890625
163277.1650390625
164049.7060546875
164868.9775390625
165733.091796875
166640.005859375
167587.5400390625
168573.3876953125
169595.1328125
170650.2587890625
171736.16015625
172850.1611328125
173989.529296875
175151.4794921875
176333.19921875
177531.853515625
178744.599609375
179968.603515625
181201.0419921875
182439.125
183680.099609375
184921.2626953125
186159.9736328125
187393.658203125
188619.8203125
189836.0517578125
191040.0380859375
192229.5615234375
193402.5185546875
194556.9130859375
195690.87109375
196802.634765625
197890.578125
198953.203125
199989.1416015625
200997.1640625
201976.17578125
202925.21484375
203843.462890625
204730.23828125
205584.994140625
206407.3251953125
207196.9609375
207953.763671875
208677.728515625
209368.986328125
210027.7890625
210654.5185546875
211249.6796875
211813.888671875
212347.88671875
212852.5185546875
213328.736328125
213777.595703125
214200.24609375
214597.927734375
214971.966796875
215323.771484375
215654.814453125
215966.6435546875
216260.859375
216539.1181640625
216803.1142578125
217054.5859375
217295.29296875
217527.0205078125
217751.560546875
217970.708984375
218186.255859375
218399.974609375
218613.6171875
218828.8994140625
219047.490234375
219271.017578125
219501.037109375
219739.0439453125
219986.4482421875
220244.578125
220514.666015625
220797.8447265625
221095.134765625
221407.4443359375
221735.5595703125
222080.1396484375
222441.7158203125
222820.6796875
223217.2900390625
223631.6650390625
224063.77734375
224513.462890625
224980.4150390625
225464.1875
225964.1943359375
226479.7177734375
227009.9130859375
227553.802734375
228110.2978515625
228678.193359375
229256.1806640625
229842.8564453125
230436.7294921875
231036.2333984375
231639.7314453125
232245.5322265625
232851.904296875
233457.0771484375
234059.2646484375
234656.6689453125
235247.498046875
235829.9736328125
236402.3505859375
236962.9208984375
237510.0263671875
238042.0791015625
238557.5615234375
239055.044921875
239533.1943359375
239990.783203125
240426.6982421875
240839.9462890625
241229.6640625
241595.12890625
241935.7578125
242251.1123046875
242540.9052734375
242805.00390625
243043.4287109375
243256.35546875
243444.115234375
243607.1962890625
243746.2353515625
243862.0224609375
243955.4892578125
244027.7119140625
244079.8994140625
244113.390625
244129.6494140625
244130.248046875
244116.8701171875
244091.29296875
244055.3837890625
244011.0859375
243960.4140625
243905.4326171875
243848.2587890625
243791.0390625
243735.9482421875
243685.1689453125
243640.88671875
243605.2763671875
243580.48828125
243568.6416015625
243571.810546875
243592.0126953125
243631.2001953125
243691.2509765625
243773.95703125
243881.013671875
244014.0126953125
244174.4375
244363.64453125
244582.873046875
244833.2197265625
245115.6474609375
245430.974609375
245779.8701171875
246162.8515625
246580.28125
247032.3642578125
247519.1494140625
248040.5263671875
248596.2255859375
249185.826171875
249808.7451171875
250464.2568359375
251151.482421875
251869.4033203125
252616.8642578125
253392.5771484375
254195.130859375
255023.0029296875
255874.556640625
256748.0615234375
257641.697265625
258553.5654296875
259481.69921875
260424.0771484375
261378.6318359375
262343.263671875
263315.8505859375
264294.263671875
265276.37890625
266260.0830078125
267243.294921875
268223.970703125
269200.1240234375
270169.8232421875
271131.21875
272082.5390625
273022.1103515625
273948.3623046875
274859.8349609375
275755.1923828125
276633.21875
277492.8359375
278333.1005859375
279153.2109375
279952.5107421875
280730.4912109375
281486.7841796875
282221.173828125
282933.5869140625
283624.09375
284292.90234375
284940.3544921875
285566.921875
286173.193359375
286759.87890625
287327.787109375
287877.8271484375
288410.9921875
288928.3505859375
289431.037109375
289920.236328125
290397.171875
290863.099609375
291319.287109375
291767.0029296875
292207.5107421875
292642.0458984375
293071.8095703125
293497.95703125
293921.58203125
294343.712890625
294765.2880859375
295187.1650390625
295610.0947265625
296034.7236328125
296461.578125
296891.0673828125
297323.4697265625
297758.93359375
298197.466796875
298638.947265625
299083.1064453125
299529.54296875
299977.7138671875
300426.9404296875
300876.4140625
301325.1982421875
301772.2275390625
302216.330078125
302656.216796875
303090.5009765625
303517.7041015625
303936.263671875
304344.548828125
304740.865234375
305123.4677734375
305490.576171875
305840.3837890625
306171.0712890625
306480.818359375
306767.8212890625
307030.2939453125
307266.49609375
307474.73046875
307653.3681640625
307800.8525390625
307915.7109375
307996.5693359375
308042.1630859375
308051.33984375
308023.07421875
307956.4794921875
307850.8056640625
307705.4560546875
307519.98828125
307294.1201171875
307027.7333984375
306720.876953125
306373.7763671875
305986.8251953125
305560.591796875
305095.818359375
304593.41796875
304054.478515625
303480.2509765625
302872.158203125
302231.77734375
301560.84765625
300861.2548828125
300135.0302734375
299384.345703125
298611.5
297818.9169921875
297009.1337890625
296184.7958984375
295348.642578125
294503.5009765625
293652.2783203125
292797.9443359375
291943.5341796875
291092.123046875
290246.8271484375
289410.787109375
288587.16015625
287779.109375
286989.79296875
286222.3505859375
285479.8984375
284765.515625
284082.234375
283433.0302734375
282820.8134765625
282248.4169921875
281718.5859375
281233.974609375
280797.1298828125
280410.48828125
280076.361328125
279796.935546875
279574.2548828125
279410.2197265625
279306.578125
279264.9150390625
279286.654296875
279373.0380859375
279525.134765625
279743.8271484375
280029.8046875
280383.564453125
280805.3994140625
281295.40234375
281853.4599609375
282479.2421875
283172.21484375
283931.62109375
284756.49609375
285645.654296875
286597.697265625
287611.0087890625
288683.763671875
289813.923828125
290999.2431640625
292237.2744140625
293525.37109375
294860.6943359375
296240.22265625
297660.751953125
299118.912109375
300611.1748046875
302133.857421875
303683.1435546875
305255.0888671875
306845.6376953125
308450.6328125
310065.8349609375
311686.9326171875
313309.564453125
314929.33203125
316541.8115234375
318142.5859375
319727.248046875
321291.423828125
322830.7978515625
324341.119140625
325818.23046875
327258.080078125
328656.7431640625
330010.435546875
331315.5400390625
332568.611328125
333766.3984375
334905.8623046875
335984.1806640625
336998.7744140625
337947.30859375
338827.70703125
339638.162109375
340377.14453125
341043.40625
341635.990234375
342154.228515625
342597.751953125
342966.4794921875
343260.6279296875
343480.703125
343627.498046875
343702.0830078125
343705.8017578125
343640.26171875
343507.3203125
343309.0771484375
343047.859375
342726.203125
342346.8447265625
341912.701171875
341426.8486328125
340892.5107421875
340313.0380859375
339691.888671875
339032.60546875
338338.8017578125
337614.1396484375
336862.3095703125
336087.015625
335291.9501953125
334480.779296875
333657.1259765625
332824.5556640625
331986.552734375
331146.5146484375
330307.7314453125
329473.380859375
328646.5087890625
327830.0244140625
327026.6923828125
326239.12109375
325469.763671875
324720.90625
323994.6708984375
323293.0107421875
322617.70703125
321970.3818359375
321352.484375
320765.3037109375
320209.9697265625
319687.4638671875
319198.6171875
318744.119140625
318324.53125
317940.2880859375
317591.708984375
317279.0048828125
317002.291015625
316761.587890625
316556.84375
316387.927734375
316254.6494140625
316156.7646484375
316093.98046875
316065.96484375
316072.35546875
316112.7607421875
316186.7666015625
316293.9462890625
316433.8603515625
316606.0556640625
316810.076171875
317045.458984375
317311.734375
317608.431640625
317935.072265625
318291.16796875
318676.2265625
319089.7373046875
319531.177734375
320000.0068359375
320495.6552734375
321017.5283203125
321564.9970703125
322137.3955078125
322734.0107421875
323354.083984375
323996.8017578125
324661.2900390625
325346.61328125
326051.7666015625
326775.671875
327517.177734375
328275.0517578125
329047.978515625
329834.5634765625
330633.3232421875
331442.6904296875
332261.01171875
333086.5498046875
333917.4853515625
334751.9169921875
335587.865234375
336423.28125
337256.0419921875
338083.9638671875
338904.806640625
339716.2763671875
340516.0361328125
341301.7158203125
342070.916015625
342821.2158203125
343550.1904296875
344255.412109375
344934.4609375
345584.9404296875
346204.48046875
346790.75390625
347341.4833984375
347854.4482421875
348327.5029296875
348758.578125
349145.6953125
349486.9736328125
349780.6416015625
350025.041015625
350218.638671875
350360.0302734375
350447.951171875
350481.279296875
350459.0380859375
350380.4111328125
350244.734375
350051.5048828125
349800.3876953125
349491.2060546875
349123.9560546875
348698.794921875
348216.048828125
347676.205078125
347079.9169921875
346427.9951171875
345721.40625
344961.267578125
344148.845703125
343285.546875
342372.91015625
341412.6083984375
340406.4306640625
339356.28125
338264.1728515625
337132.20703125
335962.580078125
334757.56640625
333519.5107421875
332250.8125
330953.9287109375
329631.3525390625
328285.6123046875
326919.2548828125
325534.841796875
324134.9345703125
322722.0947265625
321298.865234375
319867.7646484375
318431.28515625
316991.8759765625
315551.9404296875
314113.8349609375
312679.8515625
311252.220703125
309833.1044921875
308424.5859375
307028.6787109375
305647.310546875
304282.328125
302935.4912109375
301608.4736328125
300302.8671875
299020.1669921875
297761.791015625
296529.0654296875
295323.2333984375
294145.4580078125
292996.818359375
291878.318359375
290790.888671875
289735.38671875
288712.603515625
287723.2646484375
286768.037109375
285847.529296875
284962.2978515625
284112.8486328125
283299.642578125
282523.095703125
281783.5859375
281081.44921875
280416.990234375
279790.4794921875
279202.150390625
278652.205078125
278140.8154296875
277668.119140625
277234.2197265625
276839.1845703125
276483.044921875
276165.7890625
275887.36328125
275647.6630859375
275446.533203125
275283.7607421875
275159.0703125
275072.115234375
275022.48046875
275009.662109375
275033.078125
275092.048828125
275185.7939453125
275313.431640625
275473.96484375
275666.2841796875
275889.154296875
276141.2158203125
276420.9755859375
276726.8134765625
277056.9677734375
277409.541015625
277782.498046875
278173.666015625
278580.73828125
279001.2744140625
279432.705078125
279872.3388671875
280317.3681640625
280764.876953125
281211.8515625
281655.1875
282091.70703125
282518.16796875
282931.27734375
283327.7138671875
283704.1357421875
284057.19921875
284383.5849609375
284680.005859375
284943.2353515625
285170.119140625
285357.603515625
285502.7509765625
285602.7587890625
285654.984375
285656.9599609375
285606.4130859375
285501.283203125
285339.744140625
285120.2177734375
284841.3857421875
284502.2041015625
284101.9228515625
283640.0849609375
283116.544921875
282531.4677734375
281885.3388671875
281178.96484375
280413.474609375
279590.3154296875
278711.251953125
277778.357421875
276794.0087890625
275760.8720703125
274681.8896484375
273560.2705078125
272399.4677734375
271203.1650390625
269975.24609375
268719.7861328125
267441.01953125
266143.31640625
264831.1591796875
263509.111328125
262181.794921875
260853.857421875
259529.9482421875
258214.6865234375
256912.6328125
255628.2685546875
254365.955078125
253129.921875
251924.232421875
250752.759765625
249619.1689453125
248526.89453125
247479.1142578125
246478.74609375
245528.4140625
244630.455078125
243786.8876953125
242999.4208984375
242269.4365234375
241597.98828125
240985.8017578125
240433.2734375
239940.474609375
239507.1513671875
239132.7412109375
238816.3759765625
238556.8935546875
238352.8505859375
238202.541015625
238104.009765625
238055.068359375
238053.3173828125
238096.1640625
238180.8447265625
238304.44140625
238463.908203125
238656.0908203125
238877.7490234375
239125.5751953125
239396.21875
239686.3056640625
239992.458984375
240311.3154296875
240639.544921875
240973.8642578125
241311.0615234375
241648.0
241981.6376953125
242309.0361328125
242627.37109375
242933.9404296875
243226.1748046875
243501.6376953125
243758.0322265625
243993.2080078125
244205.1572265625
244392.0146484375
244552.0615234375
244683.7236328125
244785.560546875
244856.271484375
244894.689453125
244899.7685546875
244870.5859375
244806.3388671875
244706.3310546875
244569.96875
244396.7568359375
244186.2939453125
243938.2646484375
243652.4296875
243328.6318359375
242966.7802734375
242566.8525390625
242128.8896484375
241652.9912109375
241139.318359375
240588.0830078125
239999.5537109375
239374.052734375
238711.955078125
238013.6865234375
237279.7314453125
236510.623046875
235706.955078125
234869.3720703125
233998.583984375
233095.3515625
232160.505859375
231194.93359375
230199.5849609375
229175.4755859375
228123.68359375
227045.3525390625
225941.6845703125
224813.947265625
223663.4677734375
222491.6240234375
221299.8564453125
220089.646484375
218862.5224609375
217620.052734375
216363.837890625
215095.501953125
213816.689453125
212529.052734375
211234.248046875
209933.9208984375
208629.7001953125
207323.193359375
206015.962890625
204709.5322265625
203405.365234375
202104.8623046875
200809.34765625
199520.0654296875
198238.1640625
196964.6953125
195700.60546875
194446.7255859375
193203.771484375
191972.337890625
190752.892578125
189545.7783203125
188351.208984375
187169.2685546875
185999.9189453125
184842.9970703125
183698.2177734375
182565.1826171875
181443.384765625
180332.2158203125
179230.9716796875
178138.865234375
177055.0361328125
175978.556640625
174908.447265625
173843.689453125
172783.2333984375
171726.0146484375
170670.9609375
169617.015625
168563.1357421875
167508.314453125
166451.591796875
165392.0615234375
164328.8818359375
163261.2939453125
162188.6171875
161110.271484375
160025.7724609375
158934.74609375
157836.9248046875
156732.162109375
155620.4248046875
154501.7978515625
153376.4892578125
152244.8203125
151107.2275390625
149964.2578125
148816.5654296875
147664.9052734375
146510.1220703125
145353.1494140625
144194.998046875
143036.7431640625
141879.521484375
140724.5146484375
139572.9443359375
138426.0546875
137285.1083984375
136151.3720703125
135026.1044921875
133910.55078125
132805.92578125
131713.4130859375
130634.146484375
129569.2109375
128519.62890625
127486.35546875
126470.2744140625
125472.1923828125
124492.8359375
123532.8466796875
122592.783203125
121673.1220703125
120774.2490234375
119896.474609375
119040.025390625
118205.0517578125
117391.6357421875
116599.791015625
115829.47265625
115080.5791015625
114352.966796875
113646.451171875
112960.8193359375
112295.833984375
111651.2451171875
111026.796875
110422.23828125
109837.32421875
109271.833984375
108725.5654296875
108198.35546875
107690.0732421875
107200.63671875
106730.00390625
106278.19140625
105845.2646484375
105431.3466796875
105036.6142578125
104661.302734375
104305.6982421875
103970.1416015625
103655.0166015625
103360.7548828125
103087.8212890625
102836.716796875
102607.9609375
102402.091796875
102219.6552734375
102061.19140625
101927.2294921875
101818.2763671875
101734.8017578125
101677.2353515625
101645.94921875
101641.2451171875
101663.35546875
101712.419921875
101788.4775390625
101891.46484375
102021.201171875
102177.380859375
102359.5634765625
102567.1728515625
102799.4892578125
103055.642578125
103334.611328125
103635.22265625
103956.142578125
104295.890625
104652.8291015625
105025.169921875
105410.98046875
105808.1904296875
106214.5927734375
106627.857421875
107045.5341796875
107465.0712890625
107883.8193359375
108299.0478515625
108707.955078125
109107.6826171875
109495.33203125
109867.9775390625
110222.681640625
110556.5107421875
110866.5556640625
111149.9365234375
111403.8330078125
111625.490234375
111812.2373046875
111961.5029296875
112070.8310546875
112137.892578125
112160.50390625
112136.6318359375
112064.4130859375
111942.1650390625
111768.3857421875
111541.77734375
111261.2421875
110925.8994140625
110535.080078125
110088.33984375
109585.4609375
109026.4443359375
108411.5244140625
107741.16015625
107016.0361328125
106237.052734375
105405.33203125
104522.2041015625
103589.2080078125
102608.0732421875
101580.72265625
100509.2548828125
99395.9375
98243.197265625
97053.6005859375
95829.8515625
94574.7705078125
93291.28515625
91982.4091796875
90651.240234375
89300.93359375
87934.6904296875
86555.7451171875
85167.3486328125
83772.755859375
82375.205078125
80977.9052734375
79584.0244140625
78196.673828125
76818.8955078125
75453.642578125
74103.775390625
72772.0400390625
71461.068359375
70173.353515625
68911.25
67676.9609375
66472.52734375
65299.822265625
64160.5458984375
63056.21484375
61988.162109375
60957.53125
59965.271484375
59012.1396484375
58098.6982421875
57225.3115234375
56392.154296875
55599.2099609375
54846.271484375
54132.9501953125
53458.68359375
52822.736328125
52224.2080078125
51662.046875
51135.0546875
50641.8974609375
50181.1201171875
49751.1533203125
49350.3291015625
48976.89453125
48629.0185546875
48304.818359375
48002.361328125
47719.6865234375
47454.8173828125
47205.775390625
46970.5986328125
46747.34765625
46534.1328125
46329.1123046875
46130.51953125
45936.6669921875
45745.9609375
45556.91015625
45368.14453125
45178.41015625
44986.587890625
44791.7001953125
44592.91015625
44389.53125
44181.0283203125
43967.0244140625
43747.291015625
43521.75390625
43290.494140625
43053.7373046875
42811.8486328125
42565.3359375
42314.828125
42061.080078125
41804.953125
41547.408203125
41289.4921875
41032.330078125
40777.10546875
40525.05078125
40277.4306640625
40035.529296875
39800.63671875
39574.0283203125
39356.9560546875
39150.630859375
38956.2138671875
38774.79296875
38607.3798828125
38454.8955078125
38318.15234375
38197.8544921875
38094.5791015625
38008.77734375
37940.7626953125
37890.7041015625
37858.6298828125
37844.416015625
37847.791015625
37868.3349609375
37905.482421875
37958.5234375
38026.611328125
38108.763671875
38203.8759765625
38310.7275390625
38427.9853515625
38554.2236328125
38687.9306640625
38827.5234375
38971.3515625
39117.724609375
39264.9111328125
39411.1650390625
39554.7314453125
39693.8603515625
39826.8271484375
39951.9384765625
40067.544921875
40172.0595703125
40263.9658203125
40341.82421875
40404.291015625
40450.1171875
40478.1640625
40487.404296875
40476.9326171875
40445.9658203125
40393.8486328125
40320.0537109375
40224.18359375
40105.9677734375
39965.271484375
39802.07421875
39616.4853515625
39408.7275390625
39179.134765625
38928.1484375
38656.3046875
38364.2333984375
38052.64453125
37722.3251953125
37374.1220703125
37008.943359375
36627.740234375
36231.5048828125
35821.2548828125
35398.0283203125
34962.876953125
34516.85546875
34061.009765625
33596.37890625
33123.9814453125
32644.8134765625
32159.83984375
31669.9921875
31176.1630859375
30679.2060546875
30179.9326171875
29679.1044921875
29177.44140625
28675.6171875
28174.2568359375
27673.9462890625
27175.220703125
26678.5791015625
26184.4833984375
25693.3544921875
25205.58984375
24721.5498046875
24241.572265625
23765.9765625
23295.060546875
22829.1123046875
22368.4091796875
21913.220703125
21463.8154296875
21020.4599609375
20583.4326171875
20153.0048828125
19729.46875
19313.1181640625
18904.2626953125
18503.2255859375
18110.3369140625
17725.9482421875
17350.4189453125
16984.1240234375
16627.4453125
16280.779296875
15944.5302734375
15619.1025390625
15304.912109375
15002.3720703125
14711.8955078125
14433.8876953125
14168.74609375
13916.8623046875
13678.611328125
13454.349609375
13244.4150390625
13049.1240234375
12868.763671875
12703.595703125
12553.8505859375
12419.7265625
12301.384765625
12198.9560546875
12112.5302734375
12042.1572265625
11987.8515625
11949.5908203125
11927.3076171875
11920.90234375
11930.2353515625
11955.130859375
11995.37890625
12050.736328125
12120.9267578125
12205.6474609375
12304.5673828125
12417.33203125
12543.5634765625
12682.8681640625
12834.8330078125
12999.0361328125
13175.041015625
13362.408203125
13560.6943359375
13769.4541015625
13988.2431640625
14216.6220703125
14454.162109375
14700.4404296875
14955.048828125
15217.5927734375
15487.6962890625
15764.9990234375
16049.162109375
16339.8720703125
16636.83203125
16939.7724609375
17248.44921875
17562.6416015625
17882.15625
18206.826171875
18536.5078125
18871.0869140625
19210.4697265625
19554.591796875
19903.41015625
20256.9033203125
20615.0732421875
20977.939453125
21345.5419921875
21717.935546875
22095.1884765625
22477.3837890625
22864.6123046875
23256.970703125
23654.5634765625
24057.494140625
24465.865234375
24879.7734375
25299.3115234375
25724.5556640625
26155.5703125
26592.4013671875
27035.0703125
27483.57421875
27937.8818359375
28397.9267578125
28863.6025390625
29334.7646484375
29811.2216796875
30292.73828125
30779.015625
31269.712890625
31764.419921875
32262.6689453125
32763.927734375
33267.595703125
33773.00390625
34279.4111328125
34786.0068359375
35291.9052734375
35796.1474609375
36297.7041015625
36795.470703125
37288.2734375
37774.87109375
38253.9541015625
38724.15234375
39184.0380859375
39632.126953125
40066.8876953125
40486.748046875
40890.099609375
41275.306640625
41640.7099609375
41984.6455078125
42305.443359375
42601.4423828125
42871.0
43112.501953125
43324.3720703125
43505.08984375
43653.1923828125
43767.2919921875
43846.0869140625
43888.3720703125
43893.05078125
43859.14453125
43785.8056640625
43672.322265625
43518.138671875
43322.8525390625
43086.23046875
42808.2119140625
42488.916015625
42128.6494140625
41727.91015625
41287.384765625
40807.962890625
40290.724609375
39736.9482421875
39148.109375
38525.869140625
37872.0810546875
37188.7783203125
36478.1669921875
35742.6220703125
34984.67578125
34207.0009765625
33412.4150390625
32603.8486328125
31784.341796875
30957.033203125
30125.13671875
29291.9248046875
28460.7236328125
27634.87890625
26817.7568359375
26012.7099609375
25223.0732421875
24452.1376953125
23703.13671875
22979.228515625
22283.482421875
21618.8583984375
20988.1943359375
20394.19140625
19839.4052734375
19326.224609375
18856.8671875
18433.3662109375
18057.56640625
17731.1064453125
17455.42578125
17231.75
17061.0908203125
16944.2431640625
16881.787109375
16874.0849609375
16921.2880859375
17023.33203125
17179.9521484375
17390.677734375
17654.849609375
17971.619140625
18339.9638671875
18758.693359375
19226.4609375
19741.7763671875
20303.0126953125
20908.42578125
21556.16015625
22244.2666015625
22970.7109375
23733.3896484375
24530.14453125
25358.7705078125
26217.0322265625
27102.673828125
28013.43359375
28947.0498046875
29901.2763671875
30873.89453125
31862.7119140625
32865.58203125
33880.4091796875
34905.1513671875
35937.8330078125
36976.5419921875
38019.4423828125
39064.775390625
40110.861328125
41156.1015625
42198.978515625
43238.064453125
44272.009765625
45299.5517578125
46319.5078125
47330.7763671875
48332.33203125
49323.2255859375
50302.5791015625
51269.5810546875
52223.482421875
53163.6015625
54089.2998046875
55000.0
55895.1611328125
56774.291015625
57636.9267578125
58482.640625
59311.0302734375
60121.7119140625
60914.3232421875
61688.5126953125
62443.9345703125
63180.2509765625
63897.123046875
64594.2099609375
65271.1650390625
65927.630859375
66563.2392578125
67177.611328125
67770.3486328125
68341.041015625
68889.25390625
69414.5380859375
69916.4267578125
70394.4296875
70848.0419921875
71276.740234375
71679.9814453125
72057.2099609375
72407.859375
72731.3466796875
73027.0859375
73294.4833984375
73532.943359375
73741.875
73920.689453125
74068.810546875
74185.673828125
74270.7353515625
74323.4775390625
74343.40625
74330.0673828125
74283.04296875
74201.9599609375
74086.4951171875
73936.3837890625
73751.4189453125
73531.4580078125
73276.43359375
72986.349609375
72661.2919921875
72301.4296875
71907.01953125
71478.4111328125
71016.0458984375
70520.4609375
69992.2978515625
69432.2919921875
68841.2802734375
68220.19921875
67570.0908203125
66892.08984375
66187.427734375
65457.43359375
64703.5244140625
63927.205078125
63130.0595703125
62313.7490234375
61480.0068359375
60630.623046875
59767.44921875
58892.3828125
58007.359375
57114.341796875
56215.3193359375
55312.287109375
54407.2421875
53502.17578125
52599.0546875
51699.8173828125
50806.36328125
49920.5400390625
49044.1357421875
48178.8671875
47326.375
46488.208984375
45665.822265625
44860.5625
44073.671875
43306.2685546875
42559.3515625
41833.787109375
41130.3173828125
40449.5419921875
39791.9287109375
39157.8056640625
38547.36328125
37960.6552734375
37397.6025390625
36857.990234375
36341.4794921875
35847.603515625
35375.7822265625
34925.3232421875
34495.4306640625
34085.2099609375
33693.6865234375
33319.8017578125
32962.435546875
32620.4052734375
32292.4873046875
31977.421875
31673.921875
31380.6953125
31096.4443359375
30819.884765625
30549.7529296875
30284.818359375
30023.900390625
29765.8681640625
29509.6552734375
29254.2724609375
28998.8125
28742.45703125
28484.4892578125
28224.2958984375
27961.3740234375
27695.3369140625
27425.916015625
27152.96484375
26876.4609375
26596.5087890625
26313.33203125
26027.2822265625
25738.8291015625
25448.5634765625
25157.1845703125
24865.505859375
24574.4365234375
24284.990234375
23998.2587890625
23715.4189453125
23437.716796875
23166.45703125
22902.9951171875
22648.7265625
22405.0732421875
22173.4755859375
21955.375
21752.2109375
21565.3994140625
21396.3271484375
21246.3408203125
21116.73046875
21008.72265625
20923.4677734375
20862.03515625
20825.3935546875
20814.4140625
20829.8515625
20872.345703125
20942.412109375
21040.435546875
21166.6689453125
21321.2265625
21504.0830078125
21715.076171875
21953.90234375
22220.12109375
22513.1533203125
22832.2939453125
23176.701171875
23545.4208984375
23937.37890625
24351.3935546875
24786.185546875
25240.38671875
25712.5458984375
26201.1494140625
26704.6171875
27221.33203125
27749.6357421875
28287.8515625
28834.2919921875
29387.271484375
29945.12109375
30506.1962890625
31068.892578125
31631.65234375
32192.978515625
32751.4453125
33305.701171875
33854.484375
34396.6298828125
34931.0654296875
35456.828125
35973.0654296875
36479.0400390625
36974.119140625
37457.7978515625
37929.67578125
38389.4716796875
38837.0087890625
39272.2255859375
39695.1533203125
40105.9248046875
40504.7587890625
40891.95703125
41267.8955078125
41633.013671875
41987.806640625
42332.8134765625
42668.609375
42995.798828125
43314.9921875
43626.8134765625
43931.875
44230.77734375
44524.0947265625
44812.3671875
45096.09375
45375.724609375
45651.6513671875
45924.205078125
46193.6474609375
46460.169921875
46723.88671875
46984.8369140625
47242.9755859375
47498.1875
47750.267578125
47998.943359375
48243.8623046875
48484.603515625
48720.677734375
48951.53515625
49176.5673828125
49395.1171875
49606.484375
49809.9326171875
50004.6943359375
50189.982421875
50364.99609375
50528.9296875
50680.9765625
50820.33984375
50946.244140625
51057.9296875
51154.6748046875
51235.7880859375
51300.6240234375
51348.580078125
51379.107421875
51391.7099609375
51385.9501953125
51361.4521484375
51317.8984375
51255.03515625
51172.6728515625
51070.681640625
50948.9970703125
50807.6083984375
50646.572265625
50465.990234375
50266.0244140625
50046.8857421875
49808.8271484375
49552.1484375
49277.1865234375
48984.3134765625
48673.9326171875
48346.4794921875
48002.40625
47642.1904296875
47266.328125
46875.3310546875
46469.71875
46050.0302734375
45616.8017578125
45170.5859375
44711.9365234375
44241.419921875
43759.5986328125
43267.0478515625
42764.3466796875
42252.0810546875
41730.845703125
41201.2431640625
40663.8896484375
40119.41015625
39568.4453125
39011.6533203125
38449.705078125
37883.2978515625
37313.142578125
36739.974609375
36164.5537109375
35587.6611328125
35010.1044921875
34432.71484375
33856.3486328125
33281.8837890625
32710.2236328125
32142.2900390625
31579.0302734375
31021.4013671875
30470.37890625
29926.9521484375
29392.1142578125
28866.8671875
28352.2080078125
27849.138671875
27358.64453125
26881.7041015625
26419.2744140625
25972.2919921875
25541.666015625
25128.275390625
24732.9599609375
24356.51953125
23999.7080078125
23663.2314453125
23347.740234375
23053.8330078125
22782.041015625
22532.8388671875
22306.638671875
22103.779296875
21924.5380859375
21769.12109375
21637.6669921875
21530.248046875
21446.8642578125
21387.4541015625
21351.8876953125
21339.97265625
21351.4580078125
21386.033203125
21443.3330078125
21522.943359375
21624.396484375
21747.1904296875
21890.7724609375
22054.5615234375
22237.9423828125
22440.2705078125
22660.8818359375
22899.0888671875
23154.1923828125
23425.4794921875
23712.2294921875
24013.71875
24329.22265625
24658.017578125
24999.3857421875
25352.61328125
25717.0009765625
26091.8583984375
26476.5048828125
26870.2802734375
27272.53125
27682.6259765625
28099.9443359375
28523.8857421875
28953.8623046875
29389.298828125
29829.640625
30274.3388671875
30722.859375
31174.6787109375
31629.28125
32086.1591796875
32544.8076171875
33004.728515625
33465.421875
33926.388671875
34387.1279296875
34847.130859375
35305.884765625
35762.8681640625
36217.548828125
36669.3828125
37117.8095703125
37562.259765625
38002.1435546875
38436.8544921875
38865.7666015625
39288.240234375
39703.609375
40111.1923828125
40510.291015625
40900.185546875
41280.13671875
41649.390625
42007.177734375
42352.7158203125
42685.2080078125
43003.849609375
43307.8291015625
43596.330078125
43868.537109375
44123.640625
44360.833984375
44579.32421875
44778.3359375
44957.115234375
45114.93359375
45251.0947265625
45364.9404296875
45455.8564453125
45523.2783203125
45566.693359375
45585.65625
45579.783203125
45548.767578125
45492.3818359375
45410.48046875
45303.009765625
45170.01171875
45011.6298828125
44828.1103515625
44619.8076171875
44387.189453125
44130.8369140625
43851.4501953125
43549.8486328125
43226.9658203125
42883.859375
42521.705078125
42141.79296875
41745.5283203125
41334.4306640625
40910.1201171875
40474.326171875
40028.8642578125
39575.6455078125
39116.6591796875
38653.96484375
38189.6865234375
37726.0
37265.1220703125
36809.30078125
36360.796875
35921.8818359375
35494.81640625
35081.8408203125
34685.1611328125
34306.9345703125
33949.255859375
33614.14453125
33303.5341796875
33019.251953125
32763.0146484375
32536.4091796875
32340.8876953125
32177.751953125
32048.1435546875
31953.0380859375
31893.234375
31869.3486328125
31881.8076171875
31930.8408203125
32016.486328125
32138.5771484375
32296.744140625
32490.421875
32718.8388671875
32981.0322265625
33275.8427734375
33601.923828125
33957.7470703125
34341.6103515625
34751.646484375
35185.833984375
35642.0048828125
36117.857421875
36610.9716796875
37118.818359375
37638.7734375
38168.138671875
38704.142578125
39243.97265625
39784.77734375
40323.685546875
40857.82421875
41384.33203125
41900.373046875
42403.154296875
42889.939453125
43358.0576171875
43804.923828125
44228.0498046875
44625.052734375
44993.671875
45331.76953125
45637.35546875
45908.5771484375
46143.744140625
46341.3232421875
46499.94921875
46618.431640625
46695.75
46731.0654296875
46723.7158203125
46673.224609375
46579.2880859375
46441.7841796875
46260.76953125
46036.470703125
45769.2890625
45459.7861328125
45108.69140625
44716.87890625
44285.380859375
43815.3671875
43308.1416015625
42765.138671875
42187.9052734375
41578.1064453125
40937.50390625
40267.9541015625
39571.400390625
38849.857421875
38105.4091796875
37340.197265625
36556.41015625
35756.2802734375
34942.0634765625
34116.05078125
33280.5302734375
32437.8115234375
31590.193359375
30739.9638671875
29889.400390625
29040.748046875
28196.224609375
27358.005859375
26528.2265625
25708.962890625
24902.2412109375
24110.0205078125
23334.189453125
22576.568359375
21838.896484375
21122.8271484375
20429.9296875
19761.6826171875
19119.4677734375
18504.5693359375
17918.169921875
17361.3486328125
16835.078125
16340.2197265625
15877.5302734375
15447.6484375
15051.1044921875
14688.310546875
14359.5673828125
14065.0595703125
13804.8603515625
13578.927734375
13387.10546875
13229.130859375
13104.62890625
13013.123046875
12954.0263671875
12926.6572265625
12930.236328125
12963.8916015625
13026.6611328125
13117.5048828125
13235.30078125
13378.8583984375
13546.9208984375
13738.171875
13951.244140625
14184.7275390625
14437.1708984375
14707.095703125
14993.001953125
15293.375
15606.7001953125
15931.4599609375
16266.1484375
16609.2841796875
16959.4072265625
17315.0986328125
17674.9794921875
18037.720703125
18402.056640625
18766.7822265625
19130.763671875
19492.9462890625
19852.3564453125
20208.107421875
20559.40625
20905.55078125
21245.9404296875
21580.07421875
21907.55078125
22228.0693359375
22541.4375
22847.5556640625
23146.4306640625
23438.162109375
23722.9462890625
24001.068359375
24272.900390625
24538.8994140625
24799.591796875
25055.5791015625
25307.525390625
25556.146484375
25802.212890625
26046.53515625
26289.9541015625
26533.3447265625
26777.58984375
27023.5908203125
27272.24609375
27524.44921875
27781.0791015625
28042.9970703125
28311.033203125
28585.984375
28868.6044921875
29159.599609375
29459.6279296875
29769.283203125
30089.103515625
30419.5576171875
30761.044921875
31113.8935546875
31478.361328125
31854.6259765625
32242.7900390625
32642.8818359375
33054.8505859375
33478.572265625
33913.8486328125
34360.4033203125
34817.896484375
35285.9150390625
35763.9814453125
36251.5576171875
36748.04296875
37252.78515625
37765.0732421875
38284.1591796875
38809.240234375
39339.48046875
39874.0048828125
40411.9091796875
40952.259765625
41494.1015625
42036.4599609375
42578.3427734375
43118.75
43656.673828125
44191.1025390625
44721.0244140625
45245.4326171875
45763.3291015625
46273.724609375
46775.6484375
47268.1474609375
47750.2890625
48221.16796875
48679.90625
49125.6611328125
49557.623046875
49975.0224609375
50377.1337890625
50763.2763671875
51132.8193359375
51485.181640625
51819.84375
52136.33984375
52434.2666015625
52713.2900390625
52973.13671875
53213.609375
53434.578125
53635.990234375
53817.8671875
53980.306640625
54123.484375
54247.65625
54353.154296875
54440.3876953125
54509.8427734375
54562.078125
54597.7294921875
54617.4931640625
54622.140625
54612.4990234375
54589.4521484375
54553.935546875
54506.9306640625
54449.4541015625
54382.5556640625
54307.310546875
54224.802734375
54136.1279296875
54042.37890625
53944.63671875
53843.9599609375
53741.3798828125
53637.8896484375
53534.4296875
53431.888671875
53331.0869140625
53232.7724609375
53137.611328125
53046.1796875
52958.9609375
52876.3388671875
52798.591796875
52725.88671875
52658.2822265625
52595.724609375
52538.0439453125
52484.9599609375
52436.0791015625
52390.8994140625
52348.81640625
52309.125
52271.0263671875
52233.6357421875
52195.99609375
52157.0751953125
52115.78515625
52070.9912109375
52021.5244140625
51966.1884765625
51903.775390625
51833.0830078125
51752.9189453125
51662.1171875
51559.5546875
51444.1572265625
51314.9189453125
51170.90625
51011.2744140625
50835.27734375
50642.2734375
50431.7392578125
50203.2763671875
49956.6083984375
49691.6025390625
49408.26171875
49106.7294921875
48787.2939453125
48450.388671875
48096.5830078125
47726.595703125
47341.2734375
46941.599609375
46528.6796875
46103.736328125
45668.1044921875
45223.2216796875
44770.611328125
44311.8779296875
43848.6962890625
43382.7978515625
42915.9560546875
42449.982421875
41986.6982421875
41527.9404296875
41075.5341796875
40631.2900390625
40196.986328125
39774.359375
39365.091796875
38970.8056640625
38593.044921875
38233.2705078125
37892.8564453125
37573.0771484375
37275.0966796875
36999.97265625
36748.646484375
36521.9365234375
36320.5439453125
36145.0400390625
35995.8740234375
35873.3671875
35777.7158203125
35708.9931640625
35667.1513671875
35652.01953125
35663.3173828125
35700.6484375
35763.5107421875
35851.30078125
35963.3173828125
36098.76953125
36256.779296875
36436.392578125
36636.5791015625
36856.240234375
37094.2236328125
37349.314453125
37620.255859375
37905.7470703125
38204.44921875
38514.9970703125
38835.9990234375
39166.041015625
39503.7021484375
39847.5478515625
40196.140625
40548.0439453125
40901.828125
41256.0712890625
41609.3671875
41960.326171875
42307.5810546875
42649.7880859375
42985.634765625
43313.841796875
43633.1591796875
43942.3837890625
44240.349609375
44525.93359375
44798.06640625
45055.724609375
45297.94140625
45523.80078125
45732.4521484375
45923.099609375
46095.013671875
46247.5283203125
46380.0498046875
46492.0458984375
46583.060546875
46652.712890625
46700.689453125
46726.7548828125
46730.7509765625
46712.5966796875
46672.2822265625
46609.8818359375
46525.5439453125
46419.494140625
46292.0341796875
46143.537109375
45974.4541015625
45785.3076171875
45576.6884765625
45349.25390625
45103.7314453125
44840.9072265625
44561.6279296875
44266.798828125
43957.3740234375
43634.3603515625
43298.8095703125
42951.8134765625
42594.5029296875
42228.0419921875
41853.6220703125
41472.4560546875
41085.7841796875
40694.8515625
40300.921875
39905.2578125
39509.1279296875
39113.791015625
38720.5029296875
38330.5009765625
37945.005859375
37565.216796875
37192.3056640625
36827.408203125
36471.6279296875
36126.025390625
35791.6181640625
35469.37109375
35160.1982421875
34864.955078125
34584.4326171875
34319.3642578125
34070.40625
33838.1455078125
33623.09375
33425.681640625
33246.2607421875
33085.0908203125
32942.3505859375
32818.123046875
32712.40234375
32625.0859375
32555.9765625
32504.7763671875
32471.0927734375
32454.431640625
32454.19921875
32469.7060546875
32500.1591796875
32544.671875
32602.2578125
32671.841796875
32752.251953125
32842.234375
32940.4423828125
33045.4560546875
33155.775390625
33269.8330078125
33385.9892578125
33502.556640625
33617.78515625
33729.8837890625
33837.025390625
33937.349609375
34028.9765625
34110.013671875
34178.5625
34232.732421875
34270.6435546875
34290.4443359375
34290.314453125
34268.4736328125
34223.2001953125
34152.8291015625
34055.767578125
33930.5048828125
33775.6181640625
33589.7802734375
33371.7744140625
33120.4931640625
32834.947265625
32514.2861328125
32157.7783203125
31764.8427734375
31335.0390625
30868.07421875
30363.810546875
29822.2666015625
29243.6162109375
28628.1953125
27976.50390625
27289.1982421875
26567.1025390625
25811.1923828125
25022.61328125
24202.6552734375
23352.7724609375
22474.5625
21569.7685546875
20640.2783203125
19688.1142578125
18715.4248046875
17724.4833984375
16717.6806640625
15697.5126953125
14666.580078125
13627.572265625
12583.2626953125
11536.5
10490.1982421875
9447.326171875
8410.8935546875
7383.94921875
6369.5615234375
5370.814453125
4390.7890625
3432.5595703125
2499.177734375
1593.6611328125
718.9775390625
-121.9541015625
-926.291015625
-1691.2724609375
-2414.2265625
-3092.58984375
-3723.916015625
-4305.88671875
-4836.3251953125
-5313.2041015625
-5734.6591796875
-6098.998046875
-6404.7099609375
-6650.4775390625
-6835.18359375
-6957.9169921875
-7017.9873046875
-7014.921875
-6948.48046875
-6818.6552734375
-6625.67578125
-6370.0146484375
-6052.3837890625
-5673.7412109375
-5235.287109375
-4738.466796875
-4184.958984375
-3576.6875
-2915.798828125
-2204.66796875
-1445.8857421875
-642.255859375
203.2275390625
1087.373046875
2006.8154296875
2958.0322265625
3937.345703125
4940.9423828125
5964.896484375
7005.1767578125
8057.66796875
9118.1845703125
10182.49609375
11246.33984375
12305.4404296875
13355.5283203125
14392.36328125
15411.7470703125
16409.5458984375
17381.705078125
18324.26953125
19233.4013671875
20105.39453125
20936.6884765625
21723.888671875
22463.7744140625
23153.3212890625
23789.69921875
24370.2939453125
24892.7109375
25354.7890625
25754.599609375
26090.462890625
26360.9384765625
26564.84375
26701.24609375
26769.4638671875
26769.072265625
26699.892578125
26561.998046875
26355.705078125
26081.5712890625
25740.384765625
25333.1630859375
24861.142578125
24325.771484375
23728.7001953125
23071.7744140625
22357.0205078125
21586.640625
20763.0009765625
19888.6162109375
18966.1455078125
17998.37890625
16988.224609375
15938.7001953125
14852.9228515625
13734.0947265625
12585.4970703125
11410.4765625
10212.4365234375
8994.8310546875
7761.1474609375
6514.904296875
5259.640625
3998.9052734375
2736.2548828125
1475.2373046875
219.3935546875
-1027.7607421875
-2262.728515625
-3482.048828125
-4682.30078125
-5860.1083984375
-7012.1455078125
-8135.146484375
-9225.9091796875
-10281.302734375
-11298.2685546875
-12273.8359375
-13205.119140625
-14089.3271484375
-14923.7724609375
-15705.8701171875
-16433.1494140625
-17103.2607421875
-17713.9775390625
-18263.205078125
-18748.98828125
-19169.5126953125
-19523.1181640625
-19808.296875
-20023.70703125
-20168.1708984375
-20240.685546875
-20240.4287109375
-20166.7568359375
-20019.2197265625
-19797.5537109375
-19501.693359375
-19131.7734375
-18688.1259765625
-18171.2861328125
-17581.9951171875
-16921.197265625
-16190.037109375
-15389.8623046875
-14522.22265625
-13588.86328125
-12591.71875
-11532.9111328125
-10414.7490234375
-9239.708984375
-8010.4365234375
-6729.7353515625
-5400.5546875
-4025.9814453125
-2609.232421875
-1153.630859375
337.3935546875
1860.328125
3411.5830078125
4987.5126953125
6584.42578125
8198.6083984375
9826.3271484375
11463.8564453125
13107.48828125
14753.5458984375
16398.404296875
18038.5068359375
19670.3701171875
21290.607421875
22895.9345703125
24483.1943359375
26049.3515625
27591.5205078125
29106.9638671875
30593.1025390625
32047.533203125
33468.01953125
34852.5107421875
36199.1396484375
37506.22265625
38772.267578125
39995.9677734375
41176.20703125
42312.052734375
43402.7490234375
44447.720703125
45446.5615234375
46399.0263671875
47305.02734375
48164.6162109375
48977.9892578125
49745.4609375
50467.4658203125
51144.537109375
51777.302734375
52366.46875
52912.80859375
53417.150390625
53880.3671875
54303.3642578125
54687.0654296875
55032.4091796875
55340.3310546875
55611.7568359375
55847.6005859375
56048.7451171875
56216.044921875
56350.3173828125
56452.337890625
56522.833984375
56562.490234375
56571.9384765625
56551.763671875
56502.49609375
56424.626953125
56318.5986328125
56184.8134765625
56023.638671875
55835.40625
55620.4296875
55378.994140625
55111.3828125
54817.865234375
54498.7197265625
54154.2294921875
53784.6982421875
53390.453125
52971.8525390625
52529.294921875
52063.224609375
51574.1357421875
51062.5810546875
50529.1728515625
49974.587890625
49399.5751953125
48804.951171875
48191.607421875
47560.5068359375
46912.68359375
46249.248046875
45571.376953125
44880.3115234375
44177.3603515625
43463.8916015625
42741.318359375
42011.11328125
41274.7841796875
40533.873046875
39789.9521484375
39044.6181640625
38299.474609375
37556.1337890625
36816.20703125
36081.298828125
35352.9921875
34632.853515625
33922.41796875
33223.181640625
32536.6064453125
31864.103515625
31207.0390625
30566.7197265625
29944.400390625
29341.2763671875
28758.48046875
28197.0859375
27658.103515625
27142.484375
26651.11328125
26184.818359375
25744.373046875
25330.4931640625
24943.8359375
24585.015625
24254.59375
23953.087890625
23680.970703125
23438.6787109375
23226.6103515625
23045.123046875
22894.544921875
22775.1728515625
22687.267578125
22631.05859375
22606.7470703125
22614.4990234375
22654.4443359375
22726.67578125
22831.2529296875
22968.18359375
23137.4345703125
23338.919921875
23572.4951171875
23837.9560546875
24135.0322265625
24463.375
24822.5625
25212.0849609375
25631.3408203125
26079.6337890625
26556.1611328125
27060.0185546875
27590.1884765625
28145.53515625
28724.80859375
29326.638671875
29949.5302734375
30591.87109375
31251.927734375
31927.8466796875
32617.6650390625
33319.306640625
34030.5927734375
34749.2490234375
35472.916015625
36199.1533203125
36925.455078125
37649.265625
38367.98046875
39078.978515625
39779.6181640625
40467.267578125
41139.3134765625
41793.1787109375
42426.3466796875
43036.36328125
43620.87109375
44177.615234375
44704.4619140625
45199.419921875
45660.646484375
46086.470703125
46475.4033203125
46826.14453125
47137.6015625
47408.896484375
47639.3701171875
47828.5908203125
47976.359375
48082.7109375
48147.9150390625
48172.47265625
48157.1162109375
48102.8037109375
48010.708984375
47882.2138671875
47718.90234375
47522.5390625
47295.0654296875
47038.5751953125
46755.30078125
46447.6025390625
46117.9384765625
45768.8515625
45402.9462890625
45022.87109375
44631.29296875
44230.880859375
43824.28125
43414.095703125
43002.8662109375
42593.0517578125
42187.009765625
41786.978515625
41395.0625
41013.212890625
40643.2197265625
40286.6953125
39945.0625
39619.5546875
39311.197265625
39020.810546875
38749.0068359375
38496.1875
38262.537109375
38048.0439453125
37852.4853515625
37675.4462890625
37516.32421875
37374.33984375
37248.546875
37137.845703125
37041.0
36956.6513671875
36883.3291015625
36819.478515625
36763.470703125
36713.6240234375
36668.22265625
36625.5361328125
36583.8349609375
36541.4130859375
36496.6044921875
36447.8017578125
36393.4716796875
36332.173828125
36262.572265625
36183.455078125
36093.7421875
35992.5
35878.953125
35752.4873046875
35612.6640625
35459.2236328125
35292.083984375
35111.357421875
34917.33203125
34710.4892578125
34491.4931640625
34261.1845703125
34020.58203125
33770.87109375
33513.400390625
33249.666015625
32981.3095703125
32710.099609375
32437.9248046875
32166.7783203125
31898.7470703125
31635.98828125
31380.73046875
31135.2421875
30901.8310546875
30682.81640625
30480.5234375
30297.26171875
30135.3173828125
29996.927734375
29884.2822265625
29799.49609375
29744.6025390625
29721.546875
29732.162109375
29778.1728515625
29861.17578125
29982.63671875
30143.87890625
30346.083984375
30590.2763671875
30877.328125
31207.9462890625
31582.6806640625
32001.9140625
32465.86328125
32974.5859375
33527.9658203125
34125.7333984375
34767.4560546875
35452.54296875
36180.251953125
36949.693359375
37759.8291015625
38609.486328125
39497.357421875
40422.0048828125
41381.8740234375
42375.2900390625
43400.470703125
44455.533203125
45538.4931640625
46647.2841796875
47779.7529296875
48933.66796875
50106.7314453125
51296.5771484375
52500.7841796875
53716.880859375
54942.3486328125
56174.6298828125
57411.134765625
58649.240234375
59886.3056640625
61119.6728515625
62346.66796875
63564.6162109375
64770.8388671875
65962.6611328125
67137.4189453125
68292.46484375
69425.1689453125
70532.9296875
71613.1748046875
72663.3740234375
73681.0341796875
74663.712890625
75609.0224609375
76514.638671875
77378.302734375
78197.8251953125
78971.1015625
79696.109375
80370.919921875
80993.703125
81562.7353515625
82076.4013671875
82533.2060546875
82931.7783203125
83270.875
83549.3935546875
83766.3681640625
83920.982421875
84012.5712890625
84040.626953125
84004.8037109375
83904.91796875
83740.958984375
83513.08203125
83221.619140625
82867.076171875
82450.13671875
81971.66015625
81432.6796875
80834.4072265625
80178.2275390625
79465.6943359375
78698.53125
77878.625
77008.01953125
76088.9169921875
75123.6611328125
74114.7412109375
73064.775390625
71976.5087890625
70852.7998046875
69696.6162109375
68511.0166015625
67299.1484375
66064.232421875
64809.548828125
63538.4326171875
62254.2509765625
60960.400390625
59660.2880859375
58357.3203125
57054.8896484375
55756.3603515625
54465.060546875
53184.2587890625
51917.1630859375
50666.8984375
49436.5029296875
48228.9072265625
47046.9306640625
45893.265625
44770.46875
43680.953125
42626.974609375
41610.625
40633.8271484375
39698.3271484375
38805.6865234375
37957.279296875
37154.2861328125
36397.693359375
35688.291015625
35026.6708984375
34413.228515625
33848.158203125
33331.4697265625
32862.9736328125
32442.296875
32068.8896484375
31742.0234375
31460.8056640625
31224.1865234375
31030.9638671875
30879.8017578125
30769.23046875
30697.6708984375
30663.43359375
30664.740234375
30699.734375
30766.494140625
30863.044921875
30987.373046875
31137.4462890625
31311.2158203125
31506.640625
31721.6943359375
31954.37890625
32202.7373046875
32464.87109375
32738.935546875
33023.1728515625
33315.8984375
33615.5244140625
33920.5625
34229.62890625
34541.4482421875
34854.8623046875
35168.828125
35482.4228515625
35794.8359375
36105.384765625
36413.490234375
36718.69140625
37020.6328125
37319.0576171875
37613.8046875
37904.7998046875
38192.04296875
38475.6064453125
38755.6162109375
39032.25
39305.7158203125
39576.2548828125
39844.1162109375
40109.552734375
40372.8076171875
40634.103515625
40893.6337890625
41151.548828125
41407.9482421875
41662.8740234375
41916.2978515625
42168.1181640625
42418.15234375
42666.1328125
42911.7060546875
43154.4208984375
43393.7392578125
43629.0302734375
43859.572265625
44084.5556640625
44303.0888671875
44514.203125
44716.8564453125
44909.9482421875
45092.3203125
45262.7734375
45420.0732421875
45562.962890625
45690.1796875
45800.4599609375
45892.5595703125
45965.2646484375
46017.4013671875
46047.8515625
46055.5712890625
46039.5947265625
45999.0517578125
45933.1767578125
45841.3203125
45722.962890625
45577.716796875
45405.3408203125
45205.740234375
44978.978515625
44725.2763671875
44445.021484375
44138.7568359375
43807.2001953125
43451.220703125
43071.8544921875
42670.2900390625
42247.8681640625
41806.0703125
41346.5166015625
40870.9501953125
40381.2373046875
39879.3427734375
39367.3330078125
38847.353515625
38321.6181640625
37792.400390625
37262.015625
36732.806640625
36207.13671875
35687.3671875
35175.84765625
34674.91015625
34186.8388671875
33713.8779296875
33258.20703125
32821.9345703125
32407.0869140625
32015.6005859375
31649.310546875
31309.9453125
30999.119140625
30718.3291015625
30468.9423828125
30252.2021484375
30069.21875
29920.96484375
29808.2861328125
29731.884765625
29692.330078125
29690.0546875
29725.3623046875
29798.4189453125
29909.2666015625
30057.814453125
30243.8564453125
30467.0576171875
30726.9755859375
31023.0498046875
31354.6103515625
31720.8857421875
32121.0029296875
32553.9892578125
33018.7802734375
33514.220703125
34039.0712890625
34592.005859375
35171.62109375
35776.4365234375
36404.8974609375
37055.376953125
37726.181640625
38415.55078125
39121.662109375
39842.6318359375
40576.5185546875
41321.326171875
42075.009765625
42835.46875
43600.5634765625
44368.1064453125
45135.8779296875
45901.6181640625
46663.0439453125
47417.841796875
48163.681640625
48898.2177734375
49619.1005859375
50323.97265625
51010.4873046875
51676.3095703125
52319.1220703125
52936.6396484375
53526.609375
54086.82421875
54615.1318359375
55109.44140625
55567.73046875
55988.0595703125
56368.576171875
56707.5234375
57003.251953125
57254.224609375
57459.0263671875
57616.37109375
57725.109375
57784.232421875
57792.8818359375
57750.349609375
57656.0908203125
57509.716796875
57311.0087890625
57059.9091796875
56756.5361328125
56401.1708984375
55994.26953125
55536.4462890625
55028.4921875
54471.353515625
53866.13671875
53214.107421875
52516.67578125
51775.3994140625
50991.9716796875
50168.216796875
49306.08203125
48407.62890625
47475.0263671875
46510.5380859375
45516.517578125
44495.3984375
43449.6787109375
42381.9208984375
41294.734375
40190.771484375
39072.708984375
37943.2509765625
36805.109375
35660.9970703125
34513.625
33365.68359375
32219.84375
31078.7392578125
29944.9716796875
28821.087890625
27709.5869140625
26612.90234375
25533.408203125
24473.396484375
23435.087890625
22420.6220703125
21432.0400390625
20471.30078125
19540.26171875
18640.6806640625
17774.2099609375
16942.3955078125
16146.673828125
15388.365234375
14668.6767578125
13988.6962890625
13349.392578125
12751.6083984375
12196.068359375
11683.369140625
11213.982421875
10788.251953125
10406.3974609375
10068.5078125
9774.5458984375
9524.3486328125
9317.6279296875
9153.9677734375
9032.8310546875
8953.5615234375
8915.3818359375
8917.3994140625
8958.6123046875
9037.908203125
9154.0693359375
9305.783203125
9491.64453125
9710.158203125
9959.75
10238.7744140625
10545.5146484375
10878.205078125
11235.0244140625
11614.1123046875
12013.5791015625
12431.5126953125
12865.98828125
13315.083984375
13776.8798828125
14249.4814453125
14731.0185546875
15219.6611328125
15713.6298828125
16211.203125
16710.7265625
17210.6259765625
17709.40625
18205.6728515625
18698.1298828125
19185.5849609375
19666.96484375
20141.310546875
20607.7841796875
21065.67578125
21514.400390625
21953.5029296875
22382.654296875
22801.65625
23210.431640625
23609.02734375
23997.607421875
24376.451171875
24745.9404296875
25106.55859375
25458.8818359375
25803.564453125
26141.33984375
26473.0
26799.39453125
27121.408203125
27439.9619140625
27755.9921875
28070.4453125
28384.255859375
28698.349609375
29013.6201171875
29330.921875
29651.0615234375
29974.783203125
30302.765625
30635.6044921875
30973.8115234375
31317.80859375
31667.9130859375
32024.341796875
32387.2041015625
32756.498046875
33132.107421875
33513.8076171875
33901.2607421875
34294.01953125
34691.52734375
35093.1318359375
35498.0771484375
35905.5205078125
36314.5361328125
36724.1201171875
37133.2060546875
37540.669921875
37945.341796875
38346.0146484375
38741.458984375
39130.4326171875
39511.693359375
39884.00390625
40246.15625
40596.96875
40935.3076171875
41260.0908203125
41570.3037109375
41864.9990234375
42143.3212890625
42404.4951171875
42647.8466796875
42872.8037109375
43078.8994140625
43265.7802734375
43433.2041015625
43581.04296875
43709.287109375
43818.0400390625
43907.5146484375
43978.0380859375
44030.041015625
44064.056640625
44080.7109375
44080.716796875
44064.87109375
44034.041015625
43989.15625
43931.203125
43861.2109375
43780.2431640625
43689.388671875
43589.7490234375
43482.4306640625
43368.53125
43249.13671875
43125.3046875
42998.0576171875
42868.376953125
42737.1943359375
42605.380859375
42473.7470703125
42343.0302734375
42213.8994140625
42086.943359375
41962.6689453125
41841.5087890625
41723.8046875
41609.8251953125
41499.75390625
41393.6982421875
41291.69140625
41193.69921875
41099.6162109375
41009.28515625
40922.4912109375
40838.9755859375
40758.4384765625
40680.556640625
40604.9794921875
40531.3466796875
40459.2880859375
40388.4462890625
40318.46875
40249.0322265625
40179.8369140625
40110.625
40041.1806640625
39971.3427734375
39901.0078125
39830.1318359375
39758.7451171875
39686.947265625
39614.9111328125
39542.8896484375
39471.2080078125
39400.2763671875
39330.576171875
39262.6640625
39197.16796875
39134.783203125
39076.2705078125
39022.4365234375
38974.1455078125
38932.2998046875
38897.830078125
38871.697265625
38854.8662109375
38848.3115234375
38852.9951171875
38869.857421875
38899.8115234375
38943.7236328125
39002.4091796875
39076.611328125
39167.0009765625
39274.1611328125
39398.568359375
39540.5966796875
39700.5009765625
39878.408203125
40074.310546875
40288.0595703125
40519.3623046875
40767.7685546875
41032.6796875
41313.337890625
41608.828125
41918.0771484375
42239.857421875
42572.791015625
42915.3515625
43265.87109375
43622.5478515625
43983.455078125
44346.552734375
44709.689453125
45070.630859375
45427.0556640625
45776.5830078125
46116.7783203125
46445.177734375
46759.29296875
47056.642578125
47334.7568359375
47591.2001953125
47823.591796875
48029.619140625
48207.0537109375
48353.7744140625
48467.77734375
48547.2001953125
48590.326171875
48595.6083984375
48561.6787109375
48487.3603515625
48371.677734375
48213.8720703125
48013.400390625
47769.9482421875
47483.43359375
47154.01171875
46782.0751953125
46368.2509765625
45913.4072265625
45418.640625
44885.2763671875
44314.865234375
43709.162109375
43070.1337890625
42399.9326171875
41700.888671875
40975.501953125
40226.4140625
39456.40625
38668.3681640625
37865.291015625
37050.2392578125
36226.33984375
35396.751953125
34564.6572265625
33733.234375
32905.6357421875
32084.974609375
31274.298828125
30476.5751953125
29694.6708984375
28931.3359375
28189.181640625
27470.67578125
26778.1142578125
26113.6171875
25479.1162109375
24876.337890625
24306.80078125
23771.806640625
23272.43359375
22809.52734375
22383.7080078125
21995.3623046875
21644.6416015625
21331.4697265625
21055.5439453125
20816.3388671875
20613.1142578125
20444.9189453125
20310.6064453125
20208.8369140625
20138.0927734375
20096.69140625
20082.794921875
20094.423828125
20129.47265625
20185.7255859375
20260.8671875
20352.50390625
20458.1689453125
20575.3525390625
20701.501953125
20834.0517578125
20970.42578125
21108.056640625
21244.4052734375
21376.9638671875
21503.2802734375
21620.9638671875
21727.6962890625
21821.2470703125
21899.484375
21960.3779296875
22002.013671875
22022.599609375
22020.4736328125
21994.109375
21942.119140625
21863.2626953125
21756.447265625
21620.73046875
21455.3251953125
21259.5947265625
21033.060546875
20775.396484375
20486.4287109375
20166.1337890625
19814.642578125
19432.2197265625
19019.283203125
18576.3828125
18104.201171875
17603.55078125
17075.365234375
16520.6923828125
15940.693359375
15336.6279296875
14709.857421875
14061.82421875
13394.060546875
12708.16796875
12005.8115234375
11288.720703125
10558.66796875
9817.4716796875
9066.982421875
8309.076171875
7545.6474609375
6778.5986328125
6009.8330078125
5241.2490234375
4474.73046875
3712.1396484375
2955.30859375
2206.0361328125
1466.0751953125
737.1357421875
20.865234375
-681.142578125
-1367.36328125
-2036.3388671875
-2686.6875
-3317.109375
-3926.380859375
-4513.3642578125
-5077.0068359375
-5616.3486328125
-6130.513671875
-6618.720703125
-7080.271484375
-7514.5654296875
-7921.0849609375
-8299.4013671875
-8649.171875
-8970.1337890625
-9262.107421875
-9524.986328125
-9758.7421875
-9963.4111328125
-10139.09375
-10285.955078125
-10404.21484375
-10494.14453125
-10556.0595703125
-10590.3193359375
-10597.3193359375
-10577.486328125
-10531.2744140625
-10459.1630859375
-10361.6455078125
-10239.2333984375
-10092.4453125
-9921.8095703125
-9727.8515625
-9511.107421875
-9272.1015625
-9011.3583984375
-8729.3974609375
-8426.7265625
-8103.84765625
-7761.2529296875
-7399.4267578125
-7018.8427734375
-6619.9638671875
-6203.2490234375
-5769.1494140625
-5318.1083984375
-4850.5693359375
-4366.9716796875
-3867.7548828125
-3353.3642578125
-2824.24609375
-2280.859375
-1723.666015625
-1153.146484375
-569.794921875
25.8798828125
633.345703125
1252.052734375
1881.4248046875
2520.861328125
3169.7333984375
3827.3857421875
4493.1318359375
5166.255859375
5846.01171875
6531.619140625
7222.2734375
7917.1318359375
8615.32421875
9315.9541015625
10018.0927734375
10720.7880859375
11423.060546875
12123.91015625
12822.3125
13517.228515625
14207.6025390625
14892.36328125
15570.4365234375
16240.734375
16902.16796875
17553.6494140625
18194.09375
18822.423828125
19437.57421875
20038.494140625
20624.1513671875
21193.5361328125
21745.6669921875
22279.59375
22794.4013671875
23289.2119140625
23763.193359375
24215.55859375
24645.572265625
25052.556640625
25435.888671875
25795.009765625
26129.4306640625
26438.7265625
26722.546875
26980.62109375
27212.75390625
27418.833984375
27598.8330078125
27752.8115234375
27880.9150390625
27983.3828125
28060.5439453125
28112.818359375
28140.7197265625
28144.8564453125
28125.923828125
28084.7119140625
28022.0986328125
27939.0498046875
27836.6162109375
27715.9287109375
27578.197265625
27424.705078125
27256.8037109375
27075.9033203125
26883.48046875
26681.052734375
26470.1845703125
26252.474609375
26029.5517578125
25803.0595703125
25574.6513671875
25345.9873046875
25118.7099609375
24894.447265625
24674.80078125
24461.328125
24255.541015625
24058.8916015625
23872.7666015625
23698.4697265625
23537.2197265625
23390.140625
23258.248046875
23142.4482421875
23043.5244140625
22962.1357421875
22898.806640625
22853.923828125
22827.7314453125
22820.328125
22831.66796875
22861.5478515625
22909.619140625
22975.3837890625
23058.1953125
23157.2587890625
23271.640625
23400.265625
23541.9296875
23695.3046875
23858.939453125
24031.27734375
24210.6591796875
24395.333984375
24583.474609375
24773.177734375
24962.490234375
25149.4072265625
25331.896484375
25507.900390625
25675.35546875
25832.2080078125
25976.4169921875
26105.974609375
26218.9208984375
26313.34765625
26387.4189453125
26439.3798828125
26467.5625
26470.40625
26446.4599609375
26394.39453125
26313.0107421875
26201.248046875
26058.1884765625
25883.0654296875
25675.267578125
25434.3427734375
25160.0
24852.1171875
24510.7314453125
24136.052734375
23728.4521484375
23288.466796875
22816.7939453125
22314.291015625
21781.9658203125
21220.9775390625
20632.62890625
20018.3583984375
19379.7314453125
18718.439453125
18036.2841796875
17335.173828125
16617.109375
15884.1787109375
15138.546875
14382.4423828125
13618.1474609375
12847.9921875
12074.3369140625
11299.56640625
10526.076171875
9756.2646484375
8992.5185546875
8237.20703125
7492.6728515625
6761.212890625
6045.080078125
5346.4677734375
4667.5048828125
4010.244140625
3376.6552734375
2768.6220703125
2187.9296875
1636.26171875
1115.1982421875
626.2021484375
170.625
-250.3017578125
-635.4697265625
-983.8935546875
-1294.7138671875
-1567.1982421875
-1800.73828125
-1994.8525390625
-2149.1875
-2263.5068359375
-2337.7001953125
-2371.7734375
-2365.845703125
-2320.1533203125
-2235.0322265625
-2110.9287109375
-1948.3828125
-1748.0302734375
-1510.59375
-1236.8798828125
-927.7744140625
-584.2333984375
-207.279296875
202.0009765625
642.4697265625
1112.931640625
1612.150390625
2138.84765625
2691.7060546875
3269.3759765625
3870.4853515625
4493.630859375
5137.3896484375
5800.322265625
6480.97265625
7177.8701171875
7889.5361328125
8614.478515625
9351.203125
10098.203125
10853.970703125
11616.98828125
12385.7412109375
13158.703125
13934.3505859375
14711.1572265625
15487.591796875
16262.123046875
17033.2197265625
17799.349609375
18558.982421875
19310.591796875
20052.65625
20783.6572265625
21502.09375
22206.466796875
22895.298828125
23567.12890625
24220.5224609375
24854.0673828125
25466.388671875
26056.1474609375
26622.046875
27162.8427734375
27677.345703125
28164.4306640625
28623.037109375
29052.1865234375
29450.9794921875
29818.6103515625
30154.3701171875
30457.6513671875
30727.9609375
30964.9189453125
31168.2744140625
31337.8974609375
31473.7939453125
31576.1123046875
31645.1328125
31681.2861328125
31685.1474609375
31657.4375
31599.0263671875
31510.9267578125
31394.302734375
31250.4541015625
31080.826171875
30886.9892578125
30670.650390625
30433.6357421875
30177.88671875
29905.447265625
29618.462890625
29319.1630859375
29009.853515625
28692.9052734375
28370.7412109375
28045.828125
27720.654296875
27397.7255859375
27079.548828125
26768.6162109375
26467.396484375
26178.3173828125
25903.7529296875
25646.0146484375
25407.3291015625
25189.8408203125
24995.5859375
24826.48828125
24684.3515625
24570.841796875
24487.4873046875
24435.662109375
24416.5869140625
24431.31640625
24480.7392578125
24565.568359375
24686.3447265625
24843.4287109375
25036.9970703125
25267.0546875
25533.41796875
25835.73046875
26173.4560546875
26545.8896484375
26952.1513671875
27391.19921875
27861.83203125
28362.6953125
28892.283203125
29448.9580078125
30030.939453125
30636.333984375
31263.1220703125
31909.1865234375
32572.30859375
33250.1796875
33940.4169921875
34640.568359375
35348.125
36060.5283203125
36775.1884765625
37489.4853515625
38200.7841796875
38906.4482421875
39603.84765625
40290.3681640625
40963.4248046875
41620.4736328125
42259.0185546875
42876.6259765625
43470.9365234375
44039.6689453125
44580.634765625
45091.7490234375
45571.041015625
46016.662109375
46426.888671875
46800.1494140625
47135.0126953125
47430.20703125
47684.6259765625
47897.3359375
48067.580078125
48194.7880859375
48278.5791015625
48318.765625
48315.3583984375
48268.568359375
48178.8095703125
48046.69921875
47873.0576171875
47658.908203125
47405.4765625
47114.1845703125
46786.64453125
46424.6591796875
46030.2138671875
45605.4638671875
45152.7353515625
44674.5048828125
44173.400390625
43652.17578125
43113.7119140625
42560.9970703125
41997.111328125
41425.212890625
40848.5244140625
40270.31640625
39693.88671875
39122.5517578125
38559.6162109375
38008.373046875
37472.0693359375
36953.8994140625
36456.986328125
35984.3603515625
35538.9443359375
35123.5439453125
34740.822265625
34393.2958984375
34083.30859375
33813.033203125
33584.4453125
33399.3232421875
33259.2333984375
33165.5224609375
33119.310546875
33121.484375
33172.6962890625
33273.353515625
33423.6240234375
33623.431640625
33872.45703125
34170.1396484375
34515.685546875
34908.0625
35346.013671875
35828.0615234375
36352.5166015625
36917.4873046875
37520.88671875
38160.447265625
38833.7275390625
39538.1328125
40270.9208984375
41029.2177734375
41810.0341796875
42610.279296875
43426.7724609375
44256.2646484375
45095.4501953125
45940.98046875
46789.4853515625
47637.587890625
48481.91015625
49319.10546875
50145.859375
50958.9130859375
51755.0732421875
52531.228515625
53284.36328125
54011.5712890625
54710.06640625
55377.1943359375
56010.4521484375
56607.486328125
57166.1142578125
57684.3271484375
58160.2978515625
58592.39453125
58979.1845703125
59319.4345703125
59612.12890625
59856.458984375
60051.8369140625
60197.892578125
60294.4775390625
60341.66015625
60339.734375
60289.203125
60190.7919921875
60045.4296875
59854.251953125
59618.59375
59339.978515625
59020.1123046875
58660.8759765625
58264.3115234375
57832.609375
57368.1005859375
56873.2412109375
56350.599609375
55802.8369140625
55232.701171875
54643.0
54036.5947265625
53416.375
52785.25
52146.125
51501.8828125
50855.3740234375
50209.3955078125
49566.6689453125
48929.8349609375
48301.4267578125
47683.865234375
47079.4296875
46490.26171875
45918.337890625
45365.4658203125
44833.271484375
44323.1875
43836.451171875
43374.08984375
42936.9189453125
42525.541015625
42140.3408203125
41781.478515625
41448.904296875
41142.3427734375
40861.3125
40605.1220703125
40372.875
40163.4853515625
39975.6787109375
39808.009765625
39658.8671875
39526.4892578125
39408.9755859375
39304.3056640625
39210.3466796875
39124.875
39045.5908203125
38970.12890625
38896.0869140625
38821.0283203125
38742.5087890625
38658.0859375
38565.34375
38461.8994140625
38345.4248046875
38213.6533203125
38064.4072265625
37895.59765625
37705.2412109375
37491.4765625
37252.568359375
36986.9189453125
36693.0771484375
36369.7470703125
36015.7919921875
35630.240234375
35212.291015625
34761.3173828125
34276.87109375
33758.6708984375
33206.625
32620.8115234375
32001.4853515625
31349.080078125
30664.193359375
29947.5947265625
29200.21875
28423.1572265625
27617.65625
26785.11328125
25927.0703125
25045.2021484375
24141.3203125
23217.359375
22275.3740234375
21317.53125
20346.0986328125
19363.4501953125
18372.0458984375
17374.431640625
16373.234375
15371.1455078125
14370.92578125
13375.390625
12387.4033203125
11409.87109375
10445.7353515625
9497.9638671875
8569.54296875
7663.4736328125
6782.755859375
5930.3876953125
5109.3515625
4322.6083984375
3573.087890625
2863.6806640625
2197.224609375
1576.4970703125
1004.2080078125
482.986328125
15.369140625
-396.20703125
-749.4169921875
-1042.060546875
-1272.0703125
-1437.521484375
-1536.6474609375
-1567.845703125
-1529.689453125
-1420.939453125
-1240.5517578125
-987.685546875
-661.71875
-262.2421875
210.91796875
757.7001953125
1377.8076171875
2070.6953125
2835.56640625
3671.3798828125
4576.833984375
5550.3818359375
6590.220703125
7694.3017578125
8860.3291015625
10085.7685546875
11367.84765625
12703.578125
14089.74609375
15522.9375
16999.5419921875
18515.7666015625
20067.65625
21651.1015625
23261.857421875
24895.5654296875
26547.763671875
28213.9140625
29889.4130859375
31569.6220703125
33249.880859375
34925.533203125
36591.9453125
38244.5263671875
39878.7509765625
41490.1875
43074.5009765625
44627.4951171875
46145.1142578125
47623.4755859375
49058.875
50447.81640625
51787.015625
53073.4296875
54304.2587890625
55476.9599609375
56589.2646484375
57639.18359375
58625.0126953125
59545.34375
60399.064453125
61185.365234375
61903.7392578125
62553.9775390625
63136.173828125
63650.7119140625
64098.2705078125
64479.8046875
64796.54296875
65049.9736328125
65241.8408203125
65374.1142578125
65448.9912109375
65468.873046875
65436.3447265625
65354.1630859375
65225.232421875
65052.587890625
64839.373046875
64588.8193359375
64304.220703125
63988.9208984375
63646.2802734375
63279.6630859375
62892.4091796875
62487.8173828125
62069.1201171875
61639.46875
61201.9072265625
60759.359375
60314.6064453125
59870.2724609375
59428.8095703125
58992.4814453125
58563.3564453125
58143.2861328125
57733.9052734375
57336.619140625
56952.5947265625
56582.7666015625
56227.8193359375
55888.197265625
55564.099609375
55255.4873046875
54962.0830078125
54683.3759765625
54418.634765625
54166.9140625
53927.060546875
53697.73046875
53477.40234375
53264.388671875
53056.8525390625
52852.8251953125
52650.224609375
52446.8681640625
52240.4990234375
52028.798828125
51809.4130859375
51579.962890625
51338.07421875
51081.3916015625
50807.595703125
50514.427734375
50199.7021484375
49861.3291015625
49497.328125
49105.8408203125
48685.1533203125
48233.7041015625
47750.095703125
47233.1064453125
46681.7021484375
46095.0400390625
45472.4775390625
44813.5791015625
44118.1123046875
43386.0537109375
42617.59375
41813.126953125
40973.248046875
40098.759765625
39190.65234375
38250.1064453125
37278.4775390625
36277.2900390625
35248.224609375
34193.109375
33113.9052734375
32012.6904296875
30891.6513671875
29753.0625
28599.2783203125
27432.7099609375
26255.8203125
25071.099609375
23881.0556640625
22688.1982421875
21495.0244140625
20304.0068359375
19117.576171875
17938.1142578125
16767.9404296875
15609.2998046875
14464.3525390625
13335.1708984375
12223.7265625
11131.8828125
10061.3955078125
9013.9013671875
7990.919921875
6993.8505859375
6023.9697265625
5082.431640625
4170.2724609375
3288.4052734375
2437.6298828125
1618.6357421875
832.0
78.2041015625
-642.373046875
-1329.4375
-1982.78125
-2602.2724609375
-3187.8447265625
-3739.49609375
-4257.2763671875
-4741.279296875
-5191.6416015625
-5608.5263671875
-5992.1220703125
-6342.634765625
-6660.2841796875
-6945.2890625
-7197.875
-7418.2626953125
-7606.66015625
-7763.265625
-7888.267578125
-7981.8330078125
-8044.1142578125
-8075.248046875
-8075.3505859375
-8044.5205078125
-7982.8505859375
-7890.408203125
-7767.2607421875
-7613.46484375
-7429.0771484375
-7214.1513671875
-6968.7509765625
-6692.9521484375
-6386.841796875
-6050.533203125
-5684.1630859375
-5287.90234375
-4861.958984375
-4406.583984375
-3922.07421875
-3408.7822265625
-2867.11328125
-2297.5361328125
-1700.5830078125
-1076.853515625
-427.017578125
248.18359375
947.9375
1671.35546875
2417.4765625
3185.2685546875
3973.6259765625
4781.375
5607.275390625
6450.0283203125
7308.26953125
8180.5849609375
9065.5166015625
9961.5546875
10867.1640625
11780.771484375
12700.7919921875
13625.6181640625
14553.640625
15483.2548828125
16412.86328125
17340.888671875
18265.7802734375
19186.0234375
20100.1484375
21006.7333984375
21904.419921875
22791.9111328125
23667.9853515625
24531.5
25381.396484375
26216.7060546875
27036.55078125
27840.1552734375
28626.841796875
29396.0322265625
30147.2578125
30880.1484375
31594.443359375
32289.9775390625
32966.6923828125
33624.625
34263.9033203125
34884.7490234375
35487.466796875
36072.4375
36640.1171875
37191.0244140625
37725.73828125
38244.8798828125
38749.1162109375
39239.1455078125
39715.685546875
40179.46875
40631.2294921875
41071.697265625
41501.5830078125
41921.5751953125
42332.3251953125
42734.443359375
43128.4853515625
43514.94921875
43894.263671875
44266.7802734375
44632.7744140625
44992.427734375
45345.8330078125
45692.9873046875
46033.7822265625
46368.015625
46695.369140625
47015.4287109375
47327.6708984375
47631.46484375
47926.08203125
48210.6884765625
48484.3603515625
48746.076171875
48994.73046875
49229.1357421875
49448.03125
49650.087890625
49833.9208984375
49998.09375
50141.1328125
50261.525390625
50357.748046875
50428.2587890625
50471.517578125
50485.99609375
50470.185546875
50422.6103515625
50341.8330078125
50226.47265625
50075.2099609375
49886.7998046875
49660.0732421875
49393.958984375
49087.48046875
48739.7724609375
48350.080078125
47917.7705078125
47442.341796875
46923.4189453125
46360.765625
45754.2861328125
45104.0244140625
44410.1708984375
43673.0615234375
42893.177734375
42071.14453125
41207.7294921875
40303.8447265625
39360.53515625
38378.986328125
37360.505859375
36306.5302734375
35218.61328125
34098.4189453125
32947.720703125
31768.3828125
30562.365234375
29331.70703125
28078.517578125
26804.978515625
25513.31640625
24205.8125
22884.783203125
21552.5693359375
20211.537109375
18864.0625
17512.51953125
16159.2802734375
14806.7001953125
13457.11328125
12112.8271484375
10776.107421875
9449.1806640625
8134.2216796875
6833.3525390625
5548.634765625
4282.0654296875
3035.572265625
1811.009765625
610.1572265625
-565.283203125
-1713.6923828125
-2833.5322265625
-3923.345703125
-4981.76953125
-6007.515625
-6999.3876953125
-7956.2734375
-8877.1455078125
-9761.0625
-10607.1669921875
-11414.6806640625
-12182.9130859375
-12911.25
-13599.1591796875
-14246.1845703125
-14851.94921875
-15416.1513671875
-15938.5615234375
-16419.025390625
-16857.462890625
-17253.859375
-17608.2763671875
-17920.8427734375
-18191.7568359375
-18421.2861328125
-18609.763671875
-18757.5947265625
-18865.2490234375
-18933.2646484375
-18962.2509765625
-18952.876953125
-18905.8837890625
-18822.080078125
-18702.33984375
-18547.6044921875
-18358.87890625
-18137.2373046875
-17883.8134765625
-17599.80859375
-17286.482421875
-16945.15625
-16577.2080078125
-16184.072265625
-15767.232421875
-15328.2265625
-14868.6328125
-14390.072265625
-13894.2021484375
-13382.7109375
-12857.314453125
-12319.7431640625
-11771.748046875
-11215.0830078125
-10651.5009765625
-10082.7490234375
-9510.5595703125
-8936.6416015625
-8362.671875
-7790.291015625
-7221.091796875
-6656.6103515625
-6098.3212890625
-5547.630859375
-5005.86328125
-4474.2626953125
-3953.9755859375
-3446.052734375
-2951.4453125
-2470.9892578125
-2005.41015625
-1555.3154296875
-1121.193359375
-703.4111328125
-302.2099609375
82.2919921875
450.09765625
801.333984375
1136.2451171875
1455.19140625
1758.64453125
2047.1787109375
2321.4716796875
2582.2900390625
2830.4892578125
3066.990234375
3292.7919921875
3508.9423828125
3716.5361328125
3916.7001953125
4110.5888671875
4299.365234375
4484.1923828125
4666.2197265625
4846.578125
5026.3564453125
5206.6044921875
5388.3095703125
5572.3935546875
5759.703125
5950.998046875
6146.9462890625
6348.115234375
6554.96484375
6767.8427734375
6986.9873046875
7212.515625
7444.42578125
7682.599609375
7926.80078125
8176.677734375
8431.7705078125
8691.5107421875
8955.2314453125
9222.17578125
9491.501953125
9762.294921875
10033.5791015625
10304.3232421875
10573.458984375
10839.892578125
11102.515625
11360.220703125
11611.9140625
11856.53125
12093.0498046875
12320.4990234375
12537.9853515625
12744.69140625
12939.896484375
13122.982421875
13293.4541015625
13450.93359375
13595.185546875
13726.1103515625
13843.76171875
13948.3388671875
14040.2001953125
14119.8623046875
14187.9970703125
14245.4326171875
14293.1474609375
14332.2734375
14364.0791015625
14389.970703125
14411.48046875
14430.25390625
14448.04296875
14466.69140625
14488.119140625
14514.310546875
14547.2978515625
14589.1474609375
14641.9384765625
14707.7529296875
14788.6552734375
14886.6689453125
15003.775390625
15141.8828125
15302.8203125
15488.3115234375
15699.974609375
15939.2958984375
16207.6240234375
16506.15625
16835.931640625
17197.8154296875
17592.4970703125
18020.484375
18482.0966796875
18977.4619140625
19506.5166015625
20069.0068359375
20664.4921875
21292.341796875
21951.7451171875
22641.720703125
23361.115234375
24108.6240234375
24882.7900390625
25682.0205078125
26504.6025390625
27348.7099609375
28212.419921875
29093.7255859375
29990.5537109375
30900.775390625
31822.2236328125
32752.7119140625
33690.0380859375
34632.009765625
35576.451171875
36521.2216796875
37464.22265625
38403.4140625
39336.822265625
40262.5537109375
41178.7958984375
42083.8359375
42976.0556640625
43853.9462890625
44716.107421875
45561.251953125
46388.2060546875
47195.9111328125
47983.423828125
48749.91015625
49494.6494140625
50217.0263671875
50916.5244140625
51592.7294921875
52245.3125
52874.03125
53478.720703125
54059.28515625
54615.69140625
55147.9619140625
55656.1669921875
56140.4150390625
56600.8486328125
57037.6357421875
57450.9619140625
57841.029296875
58208.0439453125
58552.21484375
58873.75
59172.8525390625
59449.7158203125
59704.525390625
59937.453125
60148.662109375
60338.30078125
60506.5107421875
60653.421875
60779.1611328125
60883.8505859375
60967.615234375
61030.58203125
61072.8935546875
61094.7021484375
61096.1806640625
61077.53125
61038.982421875
60980.80078125
60903.296875
60806.826171875
60691.7939453125
60558.6650390625
60407.9638671875
60240.2783203125
60056.2607421875
59856.6357421875
59642.1962890625
59413.8056640625
59172.4013671875
58918.9873046875
58654.638671875
58380.4921875
58097.7529296875
57807.6767578125
57511.5771484375
57210.810546875
56906.7763671875
56600.9033203125
56294.6435546875
55989.46875
55686.849609375
55388.255859375
55095.14453125
54808.943359375
54531.0458984375
54262.7978515625
54005.48828125
53760.333984375
53528.4736328125
53310.9541015625
53108.7216796875
52922.6123046875
52753.3369140625
52601.4833984375
52467.4970703125
52351.6826171875
52254.1865234375
52175.005859375
52113.9697265625
52070.7431640625
52044.822265625
52035.537109375
52042.0400390625
52063.3212890625
52098.1982421875
52145.326171875
52203.19921875
52270.158203125
52344.3955078125
52423.9638671875
52506.7861328125
52590.6650390625
52673.29296875
52752.2685546875
52825.1044921875
52889.2470703125
52942.0869140625
52980.9814453125
53003.2607421875
53006.2578125
52987.3125
52943.8017578125
52873.1494140625
52772.8505859375
52640.484375
52473.7392578125
52270.423828125
52028.4873046875
51746.0400390625
51421.369140625
51052.947265625
50639.4619140625
50179.8134765625
49673.140625
49118.828125
48516.51171875
47866.09765625
47167.7626953125
46421.9619140625
45629.4306640625
44791.1953125
43908.556640625
42983.1064453125
42016.716796875
41011.5283203125
39969.9541015625
38894.662109375
37788.5654296875
36654.8115234375
35496.7626953125
34317.9833984375
33122.2158203125
31913.3681640625
30695.4833984375
29472.720703125
28249.330078125
27029.6259765625
25817.9658203125
24618.7080078125
23436.2060546875
22274.7607421875
21138.6044921875
20031.8642578125
18958.5400390625
17922.478515625
16927.3369140625
15976.568359375
15073.392578125
14220.7724609375
13421.39453125
12677.6455078125
11991.60546875
11365.013671875
10799.275390625
10295.4404296875
9854.193359375
9475.85546875
9160.375
8907.33203125
8715.939453125
8585.048828125
8513.1552734375
8498.4140625
8538.654296875
8631.388671875
8773.8408203125
8962.958984375
9195.4443359375
9467.7744140625
9776.2314453125
10116.9287109375
10485.841796875
10878.84375
11291.7265625
11720.25
12160.1533203125
12607.2099609375
13057.2451171875
13506.173828125
13950.033203125
14385.0107421875
14807.4716796875
15213.990234375
15601.373046875
15966.6865234375
16307.271484375
16620.765625
16905.126953125
17158.6337890625
17379.9072265625
17567.916015625
17721.978515625
17841.76953125
17927.3173828125
17979.0009765625
17997.54296875
17983.9970703125
17939.7431640625
17866.462890625
17766.1328125
17640.9931640625
17493.5341796875
17326.4716796875
17142.716796875
16945.349609375
16737.595703125
16522.7919921875
16304.3603515625
16085.76953125
15870.5126953125
15662.0732421875
15463.8916015625
15279.3427734375
15111.6962890625
14964.1005859375
14839.544921875
14740.84375
14670.607421875
14631.22265625
14624.8330078125
14653.32421875
14718.3037109375
14821.095703125
14962.728515625
15143.923828125
15365.099609375
15626.3623046875
15927.5087890625
16268.0361328125
16647.140625
17063.7265625
17516.4248046875
18003.5947265625
18523.3515625
19073.5712890625
19651.921875
20255.8740234375
20882.7294921875
21529.640625
22193.6357421875
22871.6474609375
23560.525390625
24257.0791015625
24958.09375
25660.3515625
26360.6689453125
27055.912109375
27743.0205078125
28419.0322265625
29081.109375
29726.5458984375
30352.8017578125
30957.5029296875
31538.4755859375
32093.73828125
32621.5341796875
33120.3212890625
33588.7958984375
34025.8837890625
34430.75390625
34802.814453125
35141.7099609375
35447.3232421875
35719.7666015625
35959.376953125
36166.7041015625
36342.501953125
36487.7197265625
36603.484375
36691.087890625
36751.9716796875
36787.708984375
36799.990234375
36790.6025390625
36761.4130859375
36714.34765625
36651.3798828125
36574.5029296875
36485.716796875
36387.0087890625
36280.341796875
36167.626953125
36050.720703125
35931.3984375
35811.349609375
35692.1611328125
35575.30859375
35462.1455078125
35353.892578125
35251.6337890625
35156.3115234375
35068.72265625
34989.5078125
34919.1630859375
34858.0322265625
34806.3095703125
34764.044921875
34731.14453125
34707.380859375
34692.392578125
34685.7021484375
34686.7119140625
34694.724609375
34708.94140625
34728.486328125
34752.404296875
34779.6787109375
34809.244140625
34839.9931640625
34870.787109375
34900.4765625
34927.9013671875
34951.9072265625
34971.35546875
34985.1337890625
34992.1611328125
34991.40234375
34981.8701171875
34962.6396484375
34932.8466796875
34891.7001953125
34838.482421875
34772.5556640625
34693.361328125
34600.4287109375
34493.3701171875
34371.8857421875
34235.759765625
34084.861328125
33919.1435546875
33738.6416015625
33543.4619140625
33333.7900390625
33109.87890625
32872.048828125
32620.6767578125
32356.1953125
32079.0869140625
31789.876953125
31489.125
31177.4248046875
30855.39453125
30523.6708984375
30182.8994140625
29833.73828125
29476.84375
29112.8662109375
28742.44921875
28366.220703125
27984.7900390625
27598.7392578125
27208.6298828125
26814.9873046875
26418.3056640625
26019.04296875
25617.6162109375
25214.4072265625
24809.751953125
24403.94921875
23997.2529296875
23589.8759765625
23181.990234375
22773.7294921875
22365.1865234375
21956.421875
21547.4580078125
21138.2919921875
20728.88671875
20319.19140625
19909.1240234375
19498.5927734375
19087.4931640625
18675.71484375
18263.14453125
17849.6728515625
17435.197265625
17019.6318359375
16602.90234375
16184.966796875
15765.8076171875
15345.4404296875
14923.921875
14501.3515625
14077.8759765625
13653.6943359375
13229.0625
12804.294921875
12379.765625
11955.916015625
11533.2529296875
11112.349609375
10693.849609375
10278.462890625
9866.966796875
9460.205078125
9059.0869140625
8664.578125
8277.708984375
7899.5556640625
7531.2490234375
7173.95703125
6828.88671875
6497.2734375
6180.3740234375
5879.4560546875
5595.794921875
5330.65625
5085.294921875
4860.9384765625
4658.78125
4479.97265625
4325.6044921875
4196.70703125
4094.2294921875
4019.0390625
3971.90625
3953.5009765625
3964.3740234375
4004.96484375
4075.576171875
4176.384765625
4307.42578125
4468.5908203125
4659.6259765625
4880.130859375
5129.5546875
5407.197265625
5712.2119140625
6043.609375
6400.2607421875
6780.8994140625
7184.1337890625
7608.44921875
8052.2255859375
8513.732421875
8991.158203125
9482.607421875
9986.1220703125
10499.6884765625
11021.259765625
11548.7607421875
12080.1103515625
12613.232421875
13146.076171875
13676.619140625
14202.8955078125
14723.0087890625
15235.134765625
15737.546875
16228.62109375
16706.85546875
17170.8701171875
17619.427734375
18051.43359375
18465.9482421875
18862.1875
19239.53515625
19597.53515625
19935.904296875
20254.5224609375
20553.4365234375
20832.853515625
21093.142578125
21334.8212890625
21558.5517578125
21765.1298828125
21955.4833984375
22130.6494140625
22291.771484375
22440.0810546875
22576.888671875
22703.56640625
22821.5341796875
22932.2470703125
23037.17578125
23137.7958984375
23235.5673828125
23331.9287109375
23428.2724609375
23525.9375
23626.19140625
23730.2236328125
23839.1318359375
23953.8994140625
24075.4091796875
24204.4130859375
24341.53515625
24487.263671875
24641.947265625
24805.7890625
24978.8427734375
25161.0205078125
25352.080078125
25551.6416015625
25759.1767578125
25974.025390625
26195.388671875
26422.3447265625
26653.857421875
26888.775390625
27125.8544921875
27363.75390625
27601.0615234375
27836.296875
28067.9208984375
28294.3603515625
28514.0087890625
28725.244140625
28926.4443359375
29115.9912109375
29292.2998046875
29453.8115234375
29599.0185546875
29726.4755859375
29834.8056640625
29922.7109375
29988.9873046875
30032.53125
30052.3447265625
30047.5478515625
30017.3828125
29961.21875
29878.556640625
29769.033203125
29632.421875
29468.6357421875
29277.73046875
29059.89453125
28815.458984375
28544.8837890625
28248.765625
27927.8203125
27582.888671875
27214.923828125
26824.9873046875
26414.23828125
25983.927734375
25535.38671875
25070.0205078125
24589.294921875
24094.7314453125
23587.8857421875
23070.3515625
22543.7392578125
22009.6689453125
21469.755859375
20925.6083984375
20378.80859375
19830.904296875
19283.404296875
18737.7646484375
18195.37890625
17657.57421875
17125.6005859375
16600.6240234375
16083.7265625
15575.890625
15078.00390625
14590.8525390625
14115.1142578125
13651.3681640625
13200.080078125
12761.615234375
12336.23046875
11924.0810546875
11525.21875
11139.6025390625
10767.0966796875
10407.478515625
10060.44921875
9725.6259765625
9402.56640625
9090.76171875
8789.6533203125
8498.638671875
8217.0771484375
7944.30078125
7679.62109375
7422.341796875
7171.7607421875
6927.177734375
6687.912109375
6453.2958984375
6222.6943359375
5995.4970703125
5771.138671875
5549.091796875
5328.8779296875
5110.068359375
4892.28515625
4675.2060546875
4458.5654296875
4242.1435546875
4025.783203125
3809.3779296875
3592.8642578125
3376.232421875
3159.5068359375
2942.7548828125
2726.07421875
2509.5849609375
2293.4326171875
2077.771484375
1862.7626953125
1648.5703125
1435.345703125
1223.23046875
1012.3408203125
802.7685546875
594.5693359375
387.7607421875
182.3115234375
-21.8525390625
-224.861328125
-426.904296875
-628.2265625
-829.1298828125
-1029.982421875
-1231.205078125
-1433.28125
-1636.7470703125
-1842.19140625
-2050.2470703125
-2261.59375
-2476.939453125
-2697.0244140625
-2922.60546875
-3154.453125
-3393.3349609375
-3640.01171875
-3895.2255859375
-4159.6875
-4434.0673828125
-4718.98046875
-5014.982421875
-5322.5517578125
-5642.0810546875
-5973.8671875
-6318.1025390625
-6674.861328125
-7044.0966796875
-7425.6259765625
-7819.1328125
-8224.1484375
-8640.0595703125
-9066.09765625
-9501.3359375
-9944.6884765625
-10394.9140625
-10850.611328125
-11310.2255859375
-11772.0498046875
-12234.2275390625
-12694.7666015625
-13151.5390625
-13602.2919921875
-14044.6591796875
-14476.1689453125
-14894.2587890625
-15296.283203125
-15679.53125
-16041.2373046875
-16378.6025390625
-16688.7978515625
-16968.9921875
-17216.3564453125
-17428.0908203125
-17601.4296875
-17733.6611328125
-17822.1484375
-17864.337890625
-17857.7724609375
-17800.11328125
-17689.1435546875
-17522.791015625
-17299.1337890625
-17016.4130859375
-16673.04296875
-16267.6201171875
-15798.931640625
-15265.962890625
-14667.9013671875
-14004.146484375
-13274.3076171875
-12478.205078125
-11615.8798828125
-10687.591796875
-9693.8095703125
-8635.2216796875
-7512.7255859375
-6327.4248046875
-5080.626953125
-3773.833984375
-2408.740234375
-987.2197265625
488.6767578125
2016.732421875
3594.5751953125
5219.6865234375
6889.4111328125
8600.9716796875
10351.4697265625
12137.908203125
13957.1982421875
15806.171875
17681.5869140625
19580.15234375
21498.5263671875
23433.333984375
25381.1806640625
27338.658203125
29302.3583984375
31268.8818359375
33234.853515625
35196.9208984375
37151.779296875
39096.1669921875
41026.8837890625
42940.7890625
44834.8193359375
46705.9912109375
48551.4072265625
50368.2626953125
52153.8525390625
53905.576171875
55620.939453125
57297.5634765625
58933.18359375
60525.6572265625
62072.962890625
63573.205078125
65024.611328125
66425.54296875
67774.4833984375
69070.0498046875
70310.986328125
71496.166015625
72624.5908203125
73695.388671875
74707.8115234375
75661.23828125
76555.1640625
77389.205078125
78163.0947265625
78876.6728515625
79529.8955078125
80122.8173828125
80655.59765625
81128.4921875
81541.84765625
81896.0966796875
82191.7578125
82429.4248046875
82609.7646484375
82733.509765625
82801.4541015625
82814.4501953125
82773.3984375
82679.2421875
82532.9677734375
82335.5908203125
82088.1572265625
81791.734375
81447.4072265625
81056.2734375
80619.43359375
80137.9931640625
79613.056640625
79045.7177734375
78437.0625
77788.162109375
77100.068359375
76373.81640625
75610.4150390625
74810.8486328125
73976.0791015625
73107.0361328125
72204.625
71269.7236328125
70303.1806640625
69305.8193359375
68278.443359375
67221.8271484375
66136.728515625
65023.892578125
63884.0458984375
62717.912109375
61526.2041015625
60309.6416015625
59068.951171875
57804.86328125
56518.1328125
55209.5380859375
53879.87890625
52530.0009765625
51160.787109375
49773.166015625
48368.126953125
46946.7109375
45510.0322265625
44059.2734375
42595.6904296875
41120.625
39635.4990234375
38141.8232421875
36641.2021484375
35135.330078125
33625.99609375
32115.087890625
30604.5830078125
29096.556640625
27593.177734375
26096.6982421875
24609.4638671875
23133.8994140625
21672.50390625
20227.849609375
18802.572265625
17399.3623046875
16020.95703125
14670.1337890625
13349.697265625
12062.466796875
10811.2734375
9598.939453125
8428.2705078125
7302.046875
6223.001953125
5193.81640625
4217.1044921875
3295.3955078125
2431.130859375
1626.6435546875
884.1484375
205.728515625
-406.6767578125
-951.279296875
-1426.4560546875
-1830.7607421875
-2162.9306640625
-2421.896484375
-2606.79296875
-2716.95703125
-2751.9501953125
-2711.5478515625
-2595.7548828125
-2404.8037109375
-2139.158203125
-1799.5166015625
-1386.814453125
-902.220703125
-347.134765625
276.810546875
967.751953125
1723.6044921875
2542.0634765625
3420.6083984375
4356.5126953125
5346.8525390625
6388.5078125
7478.181640625
8612.3974609375
9787.5244140625
10999.775390625
12245.2265625
13519.8251953125
14819.4072265625
16139.705078125
17476.3681640625
18824.97265625
20181.03515625
21540.03515625
22897.4169921875
24248.625
25589.09765625
26914.30078125
28219.736328125
29500.9580078125
30753.58984375
31973.3447265625
33156.0322265625
34297.5859375
35394.0693359375
36441.7001953125
37436.8564453125
38376.0986328125
39256.1845703125
40074.07421875
40826.955078125
41512.24609375
42127.61328125
42670.9794921875
43140.537109375
43534.755859375
43852.38671875
44092.4775390625
44254.3740234375
44337.72265625
44342.482421875
44268.9169921875
44117.603515625
43889.427734375
43585.58203125
43207.5712890625
42757.1904296875
42236.5390625
41647.998046875
40994.224609375
40278.150390625
39502.9541015625
38672.06640625
37789.1416015625
36858.046875
35882.8486328125
34867.7890625
33817.26953125
32735.8369140625
31628.15234375
30498.98046875
29353.158203125
28195.583984375
27031.1826171875
25864.8935546875
24701.6455078125
23546.328125
22403.7734375
21278.73828125
20175.8779296875
19099.72265625
18054.666015625
17044.931640625
16074.572265625
15147.43359375
14267.15234375
13437.1328125
12660.53515625
11940.2607421875
11278.9453125
10678.939453125
10142.310546875
9670.8310546875
9265.966796875
8928.8837890625
8660.4345703125
8461.166015625
8331.3125
8270.7998046875
8279.24609375
8355.97265625
8500.001953125
8710.0625
8984.609375
9321.81640625
9719.5986328125
10175.619140625
10687.296875
11251.8271484375
11866.1884765625
12527.1611328125
13231.33984375
13975.1435546875
14754.845703125
15566.57421875
16406.33984375
17270.0458984375
18153.5078125
19052.4716796875
19962.6279296875
20879.6328125
21799.123046875
22716.7333984375
23628.1181640625
24528.9580078125
25414.98828125
26282.0087890625
27125.90234375
27942.6513671875
28728.3505859375
29479.2275390625
30191.6513671875
30862.15234375
31487.4306640625
32064.376953125
32590.07421875
33061.8193359375
33477.130859375
33833.755859375
34129.685546875
34363.1591796875
34532.6728515625
34636.990234375
34675.1396484375
34646.4287109375
34550.4384765625
34387.0341796875
34156.3603515625
33858.84375
33495.19140625
33066.38671875
32573.6904296875
32018.630859375
31402.9951171875
30728.830078125
29998.4287109375
29214.3173828125
28379.2470703125
27496.1826171875
26568.287109375
25598.908203125
24591.5595703125
23549.9091796875
22477.7568359375
21379.017578125
20257.70703125
19117.9150390625
17963.7900390625
16799.5185546875
15629.30078125
14457.337890625
13287.8037109375
12124.828125
10972.4765625
9834.7294921875
8715.4658203125
7618.4404296875
6547.26953125
5505.4111328125
4496.15625
3522.6015625
2587.65234375
1693.9921875
844.08984375
40.1767578125
-715.7548828125
-1421.958984375
-2076.939453125
-2679.4580078125
-3228.5263671875
-3723.4208984375
-4163.6630859375
-4549.03125
-4879.546875
-5155.4736328125
-5377.3046875
-5545.7626953125
-5661.77734375
-5726.4833984375
-5741.2080078125
-5707.4501953125
-5626.875
-5501.2958984375
-5332.6572265625
-5123.0205078125
-4874.5517578125
-4589.4990234375
-4270.1767578125
-3918.9580078125
-3538.248046875
-3130.4755859375
-2698.0712890625
-2243.462890625
-1769.0517578125
-1277.2041015625
-770.2392578125
-250.4150390625
280.078125
819.1298828125
1364.71875
1914.9150390625
2467.892578125
3021.927734375
3575.4091796875
4126.8330078125
4674.8115234375
5218.0654296875
5755.4375
6285.8681640625
6808.412109375
7322.23046875
7826.5810546875
8320.810546875
8804.3623046875
9276.7578125
9737.59375
10186.5341796875
10623.3037109375
11047.6796875
11459.486328125
11858.580078125
12244.8505859375
12618.2060546875
12978.576171875
13325.892578125
13660.0888671875
13981.0986328125
14288.8427734375
14583.228515625
14864.1484375
15131.46875
15385.0361328125
15624.6689453125
15850.16015625
16061.2724609375
16257.74609375
16439.291015625
16605.5966796875
16756.32421875
16891.123046875
17009.6220703125
17111.4365234375
17196.177734375
17263.451171875
17312.865234375
17344.0341796875
17356.583984375
17350.1572265625
17324.423828125
17279.072265625
17213.833984375
17128.4716796875
17022.7919921875
16896.646484375
16749.943359375
16582.6376953125
16394.7451171875
16186.337890625
15957.5556640625
15708.5947265625
15439.71875
15151.2548828125
14843.59375
14517.19140625
14172.5625
13810.2841796875
13430.9931640625
13035.3779296875
12624.18359375
12198.201171875
11758.2705078125
11305.2705078125
10840.119140625
10363.7666015625
9877.1953125
9381.4111328125
8877.44140625
8366.330078125
7849.13671875
7326.927734375
6800.77734375
6271.7626953125
5740.958984375
5209.4482421875
4678.296875
4148.5712890625
3621.3330078125
3097.6298828125
2578.5078125
2065.001953125
1558.1357421875
1058.9296875
568.396484375
87.541015625
-382.6298828125
-841.12109375
-1286.9306640625
-1719.0595703125
-2136.5048828125
-2538.259765625
-2923.3115234375
-3290.638671875
-3639.2138671875
-3967.9990234375
-4275.943359375
-4561.9873046875
-4825.0595703125
-5064.080078125
-5277.958984375
-5465.59765625
-5625.8916015625
-5757.7353515625
-5860.01953125
-5931.638671875
-5971.4951171875
-5978.5048828125
-5951.599609375
-5889.73046875
-5791.8818359375
-5657.0703125
-5484.3525390625
-5272.8369140625
-5021.6865234375
-4730.125
-4397.451171875
-4023.037109375
-3606.34375
-3146.92578125
-2644.43359375
-2098.62890625
-1509.38671875
-876.7021484375
-200.6982421875
518.3759765625
1280.12890625
2084.0302734375
2929.4072265625
3815.4345703125
4741.1435546875
5705.4111328125
6706.966796875
7744.3818359375
8816.0859375
9920.35546875
11055.322265625
12218.9775390625
13409.17578125
14623.6376953125
15859.9609375
17115.62109375
18387.984375
19674.314453125
20971.78125
22277.46875
23588.390625
24901.494140625
26213.6748046875
27521.7890625
28822.666015625
30113.1201171875
31389.9599609375
32650.0068359375
33890.1025390625
35107.1279296875
36298.013671875
37459.74609375
38589.3955078125
39684.1142578125
40741.1591796875
41757.89453125
42731.814453125
43660.5458984375
44541.8623046875
45373.69140625
46154.1337890625
46881.458984375
47554.1220703125
48170.7705078125
48730.2451171875
49231.5908203125
49674.0654296875
50057.1279296875
50380.4580078125
50643.9482421875
50847.7099609375
50992.064453125
51077.548828125
51104.9111328125
51075.1044921875
50989.2861328125
50848.8017578125
50655.1884765625
50410.162109375
50115.60546875
49773.5595703125
49386.2099609375
48955.8828125
48485.015625
47976.1552734375
47431.94140625
46855.0859375
46248.361328125
45614.580078125
44956.5849609375
44277.22265625
43579.3349609375
42865.732421875
42139.1904296875
41402.419921875
40658.056640625
39908.6494140625
39156.634765625
38404.3369140625
37653.943359375
36907.4931640625
36166.876953125
35433.8125
34709.8486328125
33996.3515625
33294.5009765625
32605.2890625
31929.513671875
31267.78125
30620.5087890625
29987.921875
29370.064453125
28766.8037109375
28177.8369140625
27602.6982421875
27040.77734375
26491.3232421875
25953.4609375
25426.208984375
24908.490234375
24399.15234375
23896.9853515625
23400.7314453125
22909.119140625
22420.8671875
21934.7080078125
21449.4130859375
20963.80078125
20476.76171875
19987.2744140625
19494.4208984375
18997.404296875
18495.560546875
17988.373046875
17475.4892578125
16956.7236328125
16432.068359375
15901.70703125
15366.0107421875
14825.54296875
14281.0703125
13733.548828125
13184.1337890625
12634.16015625
12085.1533203125
11538.806640625
10996.9794921875
10461.677734375
9935.0478515625
9419.35546875
8916.9697265625
8430.3466796875
7962.0087890625
7514.5185546875
7090.46875
6692.4482421875
6323.0244140625
5984.71875
5679.9892578125
5411.197265625
5180.5859375
4990.2666015625
4842.1904296875
4738.123046875
4679.6328125
4668.0654296875
4704.5302734375
4789.8818359375
4924.70703125
5109.3095703125
5343.703125
5627.6005859375
5960.4052734375
6341.212890625
6768.80078125
7241.634765625
7757.8681640625
8315.3486328125
8911.62109375
9543.9423828125
10209.2900390625
10904.3740234375
11625.6552734375
12369.36328125
13131.513671875
13907.9296875
14694.2685546875
15486.041015625
16278.638671875
17067.3623046875
17847.4482421875
18614.0947265625
19362.4970703125
20087.869140625
20785.48046875
21450.67578125
22078.9169921875
22665.7998046875
23207.0908203125
23698.75
24136.95703125
24518.1376953125
24838.98828125
25096.4951171875
25287.953125
25410.9951171875
25463.591796875
25444.078125
25351.162109375
25183.935546875
24941.875
24624.859375
24233.158203125
23767.443359375
23228.7802734375
22618.6259765625
21938.818359375
21191.572265625
20379.4609375
19505.4072265625
18572.6650390625
17584.7998046875
16545.6728515625
15459.412109375
14330.3974609375
13163.228515625
11962.7021484375
10733.78515625
9481.5859375
8211.3251953125
6928.306640625
5637.888671875
4345.4560546875
3056.38671875
1776.0234375
509.65234375
-737.5380859375
-1960.4716796875
-3154.2138671875
-4314.00390625
-5435.2685546875
-6513.646484375
-7545.0107421875
-8525.4912109375
-9451.4775390625
-10319.6494140625
-11126.9833984375
-11870.759765625
-12548.578125
-13158.359375
-13698.3544921875
-14167.14453125
-14563.640625
-14887.087890625
-15137.0546875
-15313.4345703125
-15416.435546875
-15446.572265625
-15404.66015625
-15291.798828125
-15109.3603515625
-14858.9794921875
-14542.533203125
-14162.1298828125
-13720.08984375
-13218.9287109375
-12661.33984375
-12050.1728515625
-11388.423828125
-10679.2099609375
-9925.7470703125
-9131.34375
-8299.37109375
-7433.2529296875
-6536.439453125
-5612.4052734375
-4664.61328125
-3696.517578125
-2711.53515625
-1713.0419921875
-704.349609375
311.29296875
1330.7275390625
2350.8876953125
3368.8076171875
4381.62890625
5386.619140625
6381.1640625
7362.7841796875
8329.1357421875
9278.0078125
10207.3369140625
11115.201171875
11999.822265625
12859.5703125
13692.9560546875
14498.6337890625
15275.40234375
16022.1953125
16738.0859375
17422.27734375
18074.1044921875
18693.01953125
19278.599609375
19830.53125
20348.6123046875
20832.740234375
21282.91015625
21699.205078125
22081.7939453125
22430.9228515625
22746.908203125
23030.1298828125
23281.0302734375
23500.1015625
23687.8828125
23844.9541015625
23971.9287109375
24069.4560546875
24138.205078125
24178.869140625
24192.1572265625
24178.7919921875
24139.5068359375
24075.0419921875
23986.142578125
23873.556640625
23738.0380859375
23580.337890625
23401.2109375
23201.4150390625
22981.7099609375
22742.857421875
22485.6259765625
22210.7958984375
21919.1533203125
21611.5
21288.6572265625
20951.4619140625
20600.7783203125
20237.4970703125
19862.54296875
19476.873046875
19081.4873046875
18677.4248046875
18265.7734375
17847.6708984375
17424.30078125
16996.9111328125
16566.794921875
16135.3056640625
15703.8544921875
15273.90625
14846.9814453125
14424.6533203125
14008.5439453125
13600.3203125
13201.69140625
12814.4033203125
12440.2255859375
12080.951171875
11738.3876953125
11414.3427734375
11110.6201171875
10829.0029296875
10571.2509765625
10339.0771484375
10134.1513671875
9958.0693359375
9812.35546875
9698.44140625
9617.65625
9571.216796875
9560.2060546875
9585.5732421875
9648.11328125
9748.46484375
9887.0908203125
10064.27734375
10280.1259765625
10534.5439453125
10827.2373046875
11157.716796875
11525.28515625
11929.044921875
12367.8916015625
12840.525390625
13345.4482421875
13880.9716796875
14445.2275390625
15036.1748046875
15651.6083984375
16289.1767578125
16946.390625
17620.6416015625
18309.2138671875
19009.310546875
19718.0595703125
20432.5419921875
21149.8095703125
21866.8994140625
22580.8642578125
23288.783203125
23987.7861328125
24675.0751953125
25347.94140625
26003.783203125
26640.1298828125
27254.650390625
27845.1728515625
28409.7001953125
28946.4228515625
29453.728515625
29930.212890625
30374.685546875
30786.1796875
31163.95703125
31507.501953125
31816.529296875
32090.982421875
32331.025390625
32537.0419921875
32709.62109375
32849.55859375
32957.8349609375
33035.611328125
33084.2119140625
33105.107421875
33099.9013671875
33070.3154296875
33018.1611328125
32945.3330078125
32853.7841796875
32745.5029296875
32622.5
32486.7861328125
32340.3515625
32185.1484375
32023.076171875
31855.9541015625
31685.51953125
31513.3994140625
31341.1044921875
31170.0107421875
31001.3564453125
30836.220703125
30675.5283203125
30520.033203125
30370.3193359375
30226.7939453125
30089.6904296875
29959.06640625
29834.806640625
29716.6240234375
29604.0703125
29496.537109375
29393.2705078125
29293.375
29195.82421875
29099.4814453125
29003.1005859375
28905.345703125
28804.806640625
28700.0107421875
28589.4423828125
28471.5498046875
28344.7724609375
28207.54296875
28058.31640625
27895.5751953125
27717.845703125
27523.71484375
27311.8427734375
27080.97265625
26829.943359375
26557.7021484375
26263.3115234375
25945.958984375
25604.96484375
25239.787109375
24850.029296875
24435.4404296875
23995.9208984375
23531.5224609375
23042.44921875
22529.05859375
21991.8583984375
21431.4990234375
20848.783203125
20244.64453125
19620.158203125
18976.5234375
18315.064453125
17637.21875
16944.5322265625
16238.6484375
15521.3046875
14794.3203125
14059.5908203125
13319.07421875
12574.7880859375
11828.7978515625
11083.2119140625
10340.1669921875
9601.82421875
8870.3623046875
8147.9677734375
7436.8271484375
6739.1220703125
6057.0224609375
5392.67578125
4748.2080078125
4125.7119140625
3527.2421875
2954.814453125
2410.3955078125
1895.896484375
1413.1767578125
964.029296875
550.18359375
173.294921875
-165.05859375
-463.3740234375
-720.240234375
-934.3310546875
-1104.419921875
-1229.373046875
-1308.169921875
-1339.892578125
-1323.7431640625
-1259.0400390625
-1145.2275390625
-981.8798828125
-768.708984375
-505.5654296875
-192.4443359375
170.5078125
582.9912109375
1044.5439453125
1554.546875
2112.2109375
2716.5791015625
3366.5234375
4060.7431640625
4797.7646484375
5575.939453125
6393.4462890625
7248.2939453125
8138.3203125
9061.19921875
10014.4453125
10995.4150390625
12001.3203125
13029.23046875
14076.0849609375
15138.701171875
16213.787109375
17297.9521484375
18387.7197265625
19479.541015625
20569.8154296875
21654.8935546875
22731.10546875
23794.771484375
24842.2177734375
25869.7978515625
26873.9072265625
27850.998046875
28797.60546875
29710.3525390625
30585.978515625
31421.3447265625
32213.458984375
32959.486328125
33656.759765625
34302.798828125
34895.3212890625
35432.2470703125
35911.7177734375
36332.095703125
36691.974609375
36990.1884765625
37225.8056640625
37398.140625
37506.7529296875
37551.4375
37532.23828125
37449.43359375
37303.5302734375
37095.2626953125
36825.5888671875
36495.669921875
36106.8720703125
35660.7470703125
35159.03125
34603.625
33996.5830078125
33340.1025390625
32636.5087890625
31888.2421875
31097.8447265625
30267.9501953125
29401.263671875
28500.5537109375
27568.642578125
26608.3876953125
25622.677734375
24614.4130859375
23586.505859375
22541.865234375
21483.38671875
20413.9521484375
19336.4189453125
18253.611328125
17168.3203125
16083.296875
15001.2509765625
13924.84375
12856.6923828125
11799.361328125
10755.3671875
9727.1748046875
8717.1953125
7727.7890625
6761.26953125
5819.890625
4905.8623046875
4021.3359375
3168.41796875
2349.15625
1565.5478515625
819.5361328125
113.0078125
-552.2099609375
-1174.349609375
-1751.7099609375
-2282.654296875
-2765.6240234375
-3199.130859375
-3581.7734375
-3912.236328125
-4189.2978515625
-4411.8388671875
-4578.8466796875
-4689.4189453125
-4742.78125
-4738.28125
-4675.4052734375
-4553.78125
-4373.18359375
-4133.54296875
-3834.9521484375
-3477.66796875
-3062.12109375
-2588.9130859375
-2058.826171875
-1472.82421875
-832.052734375
-137.83984375
608.3046875
1404.6884765625
2249.4384765625
3140.5068359375
4075.67578125
5052.5615234375
6068.62109375
7121.1591796875
8207.333984375
9324.17578125
10468.587890625
11637.359375
12827.1796875
14034.650390625
15256.291015625
16488.56640625
17727.8857421875
18970.6240234375
20213.1357421875
21451.767578125
22682.873046875
23902.828125
25108.04296875
26294.9736328125
27460.1435546875
28600.1494140625
29711.67578125
30791.509765625
31836.548828125
32843.8134765625
33810.4580078125
34733.78515625
35611.244140625
36440.4501953125
37219.1875
37945.41796875
38617.2841796875
39233.12109375
39791.4580078125
40291.021484375
40730.7421875
41109.7578125
41427.412109375
41683.26171875
41877.07421875
42008.830078125
42078.7197265625
42087.1484375
42034.73046875
41922.2890625
41750.853515625
41521.658203125
41236.1328125
40895.908203125
40502.802734375
40058.8173828125
39566.138671875
39027.1201171875
38444.28125
37820.298828125
37157.99609375
36460.3388671875
35730.41796875
34971.439453125
34186.7197265625
33379.6708984375
32553.7802734375
31712.607421875
30859.7666015625
29998.908203125
29133.7099609375
28267.859375
27405.033203125
26548.8916015625
25703.0537109375
24871.078125
24056.4599609375
23262.59765625
22492.7900390625
21750.2119140625
21037.900390625
20358.7412109375
19715.4482421875
19110.5576171875
18546.40625
18025.1220703125
17548.6123046875
17118.5537109375
16736.380859375
16403.2763671875
16120.169921875
15887.7275390625
15706.34375
15576.1513671875
15497.0078125
15468.5009765625
15489.953125
15560.419921875
15678.6982421875
15843.3359375
16052.6357421875
16304.6669921875
16597.2783203125
16928.109375
17294.609375
17694.0419921875
18123.5146484375
18579.9892578125
19060.298828125
19561.17578125
20079.26171875
20611.1337890625
21153.3251953125
21702.3447265625
22254.693359375
22806.896484375
23355.51171875
23897.1591796875
24428.533203125
24946.42578125
25447.7421875
25929.5205078125
26388.9443359375
26823.359375
27230.2841796875
27607.42578125
27952.6865234375
28264.1767578125
28540.2138671875
28779.3408203125
28980.31640625
29142.12890625
29263.986328125
29345.322265625
29385.794921875
29385.275390625
29343.8447265625
29261.7900390625
29139.5966796875
28977.9287109375
28777.6298828125
28539.703125
28265.302734375
27955.7197265625
27612.365234375
27236.7568359375
26830.505859375
26395.2958984375
25932.873046875
25445.02734375
24933.58203125
24400.3701171875
23847.2255859375
23275.96875
22688.3916015625
22086.2490234375
21471.2412109375
20845.0068359375
20209.11328125
19565.0478515625
18914.2099609375
18257.90625
17597.345703125
16933.6376953125
16267.7841796875
15600.689453125
14933.1484375
14265.8583984375
13599.4189453125
12934.3330078125
12271.0166015625
11609.8046875
10950.953125
10294.65625
9641.0439453125
8990.203125
8342.1787109375
7696.9853515625
7054.6240234375
6415.083984375
5778.359375
5144.4560546875
4513.404296875
3885.265625
3260.1455078125
2638.2021484375
2019.646484375
1404.759765625
793.890625
187.4697265625
-413.9970703125
-1009.9169921875
-1599.61328125
-2182.322265625
-2757.2001953125
-3323.310546875
-3879.6455078125
-4425.1142578125
-4958.5595703125
-5478.759765625
-5984.4287109375
-6474.2392578125
-6946.818359375
-7400.7646484375
-7834.6552734375
-8247.0576171875
-8636.54296875
-9001.69140625
-9341.1103515625
-9653.4423828125
-9937.3798828125
-10191.6708984375
-10415.1357421875
-10606.6728515625
-10765.2724609375
-10890.0224609375
-10980.119140625
-11034.8720703125
-11053.7158203125
-11036.2060546875
-10982.0341796875
-10891.0244140625
-10763.1357421875
-10598.46875
-10397.2568359375
-10159.873046875
-9886.8193359375
-9578.7333984375
-9236.3740234375
-8860.62109375
-8452.4697265625
-8013.0185546875
-7543.46484375
-7045.099609375
-6519.2880859375
-5967.47265625
-5391.150390625
-4791.8779296875
-4171.2470703125
-3530.8779296875
-2872.4208984375
-2197.5283203125
-1507.8583984375
-805.0595703125
-90.7666015625
633.4150390625
1365.9052734375
2105.16796875
2849.7099609375
3598.0888671875
4348.91796875
5100.8671875
5852.671875
6603.1298828125
7351.103515625
8095.52734375
8835.3994140625
9569.7861328125
10297.818359375
11018.6943359375
11731.6767578125
12436.0830078125
13131.2958984375
13816.7529296875
14491.9384765625
15156.39453125
15809.7060546875
16451.5029296875
17081.455078125
17699.2705078125
18304.6943359375
18897.5029296875
19477.5029296875
20044.53125
20598.4541015625
21139.15625
21666.5517578125
22180.5771484375
22681.189453125
23168.37109375
23642.1220703125
24102.462890625
24549.439453125
24983.1123046875
25403.56640625
25810.904296875
26205.25
26586.7451171875
26955.548828125
27311.8369140625
27655.8056640625
27987.66015625
28307.62109375
28615.91796875
28912.7880859375
29198.474609375
29473.220703125
29737.263671875
29990.841796875
30234.1767578125
30467.478515625
30690.9306640625
30904.7001953125
31108.9189453125
31303.6865234375
31489.0615234375
31665.0576171875
31831.6416015625
31988.7265625
32136.169921875
32273.7646484375
32401.24609375
32518.2822265625
32624.4716796875
32719.3525390625
32802.3896484375
32872.9853515625
32930.474609375
32974.130859375
33003.171875
33016.7568359375
33014.0029296875
32993.9765625
32955.71484375
32898.2255859375
32820.498046875
32721.5087890625
32600.2373046875
32455.6689453125
32286.8154296875
32092.7099609375
31872.4375
31625.1259765625
31349.9736328125
31046.2470703125
30713.2998046875
30350.5771484375
29957.62109375
29534.09375
29079.765625
28594.5361328125
28078.431640625
27531.611328125
26954.3720703125
26347.1494140625
25710.5166015625
25045.1865234375
24352.0087890625
23631.9638671875
22886.1640625
22115.84375
21322.353515625
20507.1533203125
19671.8037109375
18817.9521484375
17947.3271484375
17061.7275390625
16163.0078125
15253.0615234375
14333.8212890625
13407.23046875
12475.2451171875
11539.8115234375
10602.8544921875
9666.2724609375
8731.9169921875
7801.587890625
6877.0205078125
5959.8759765625
5051.7353515625
4154.08984375
3268.3359375
2395.7705078125
1537.583984375
694.8603515625
-131.421875
-940.3974609375
-1731.3056640625
-2503.4931640625
-3256.412109375
-3989.6064453125
-4702.7216796875
-5395.486328125
-6067.7109375
-6719.2783203125
-7350.140625
-7960.30078125
-8549.8173828125
-9118.78125
-9667.318359375
-10195.572265625
-10703.701171875
-11191.86328125
-11660.2177734375
-12108.90625
-12538.0498046875
-12947.7470703125
-13338.05859375
-13709.0126953125
-14060.59375
-14392.73828125
-14705.3388671875
-14998.232421875
-15271.2138671875
-15524.0244140625
-15756.3515625
-15967.845703125
-16158.1044921875
-16326.689453125
-16473.12890625
-16596.9140625
-16697.517578125
-16774.3896484375
-16826.96484375
-16854.6796875
-16856.9677734375
-16833.2705078125
-16783.0498046875
-16705.7900390625
-16601.0048828125
-16468.25
-16307.1240234375
-16117.279296875
-15898.42578125
-15650.337890625
-15372.861328125
-15065.9150390625
-14729.49609375
-14363.6875
-13968.6533203125
-13544.65234375
-13092.0263671875
-12611.2158203125
-12102.748046875
-11567.244140625
-11005.419921875
-10418.0751953125
-9806.10546875
-9170.4892578125
-8512.291015625
-7832.6552734375
-7132.8056640625
-6414.0380859375
-5677.71875
-4925.283203125
-4158.22265625
-3378.0859375
-2586.4765625
-1785.041015625
-975.4658203125
-159.4775390625
661.1728515625
1484.7021484375
2309.3173828125
3133.2021484375
3954.53515625
4771.49609375
5582.259765625
6385.013671875
7177.95703125
7959.3076171875
8727.3056640625
9480.2236328125
10216.3671875
10934.080078125
11631.751953125
12307.8232421875
12960.7919921875
13589.2119140625
14191.703125
14766.9599609375
15313.7470703125
15830.9140625
16317.388671875
16772.1943359375
17194.44140625
17583.3427734375
17938.2080078125
18258.451171875
18543.595703125
18793.2734375
19007.228515625
19185.318359375
19327.5185546875
19433.916015625
19504.7177734375
19540.2470703125
19540.9404296875
19507.3505859375
19440.138671875
19340.0791015625
19208.048828125
19045.0263671875
18852.0869140625
18630.3994140625
18381.2138671875
18105.86328125
17805.7490234375
17482.33984375
17137.1552734375
16771.765625
16387.7822265625
15986.8388671875
15570.5947265625
15140.7158203125
14698.87109375
14246.720703125
13785.9013671875
13318.0283203125
12844.673828125
12367.3681640625
11887.5849609375
11406.7333984375
10926.1572265625
10447.119140625
9970.7998046875
9498.2919921875
9030.59375
8568.609375
8113.1376953125
7664.8828125
7224.4375
6792.296875
6368.849609375
5954.3857421875
5549.0927734375
5153.0673828125
4766.3095703125
4388.7353515625
4020.1796875
3660.400390625
3309.0888671875
2965.8740234375
2630.3330078125
2301.99609375
1980.3583984375
1664.884765625
1355.0205078125
1050.203125
749.8623046875
453.4365234375
160.376953125
-129.8466796875
-417.7294921875
-703.7392578125
-988.2958984375
-1271.779296875
-1554.5107421875
-1836.759765625
-2118.734375
-2400.5830078125
-2682.3876953125
-2964.169921875
-3245.880859375
-3527.4111328125
-3808.5869140625
-4089.171875
-4368.873046875
-4647.341796875
-4924.1787109375
-5198.9375
-5471.130859375
-5740.2333984375
-6005.69140625
-6266.927734375
-6523.3427734375
-6774.3271484375
-7019.267578125
-7257.5498046875
-7488.5654296875
-7711.71875
-7926.4326171875
-8132.1572265625
-8328.36328125
-8514.5625
-8690.2998046875
-8855.1591796875
-9008.7734375
-9150.8154296875
-9281.0068359375
-9399.123046875
-9504.9814453125
-9598.451171875
-9679.451171875
-9747.9443359375
-9803.9423828125
-9847.4931640625
-9878.6923828125
-9897.6640625
-9904.5712890625
-9899.6005859375
-9882.9658203125
-9854.900390625
-9815.6513671875
-9765.4755859375
-9704.6376953125
-9633.3994140625
-9552.0205078125
-9460.7509765625
-9359.826171875
-9249.46875
-9129.873046875
-9001.216796875
-8863.6416015625
-8717.2666015625
-8562.1708984375
-8398.4052734375
-8225.982421875
-8044.876953125
-7855.0302734375
-7656.34375
-7448.6875
-7231.8935546875
-7005.763671875
-6770.0693359375
-6524.5517578125
-6268.931640625
-6002.90625
-5726.1552734375
-5438.3447265625
-5139.1328125
-4828.1748046875
-4505.1220703125
-4169.6328125
-3821.376953125
-3460.0390625
-3085.3203125
-2696.94921875
-2294.68359375
-1878.3154296875
-1447.67578125
-1002.6376953125
-543.1240234375
-69.1064453125
419.3876953125
922.271484375
1439.3984375
1970.55859375
2515.4736328125
3073.7978515625
3645.115234375
4228.94140625
4824.7158203125
5431.8076171875
6049.5146484375
6677.05859375
7313.591796875
7958.1982421875
8609.888671875
9267.609375
9930.2373046875
10596.5927734375
11265.4296875
11935.453125
12605.3076171875
13273.5908203125
13938.859375
14599.6240234375
15254.3623046875
15901.5234375
16539.5283203125
17166.7802734375
17781.669921875
18382.578125
18967.888671875
19535.9892578125
20085.28125
20614.18359375
21121.14453125
21604.6474609375
22063.2109375
22495.41015625
22899.8720703125
23275.2861328125
23620.4140625
23934.0947265625
24215.2509765625
24462.8984375
24676.1494140625
24854.220703125
24996.4375
25102.2421875
25171.1962890625
25202.9873046875
25197.4306640625
25154.4736328125
25074.201171875
24956.8310546875
24802.7216796875
24612.3701171875
24386.416015625
24125.6279296875
23830.9208984375
23503.3359375
23144.048828125
22754.357421875
22335.685546875
21889.5673828125
21417.642578125
20921.6591796875
20403.4521484375
19864.9423828125
19308.1181640625
18735.0390625
18147.8125
17548.5849609375
16939.5380859375
16322.8681640625
15700.7724609375
15075.4453125
14449.05859375
13823.7529296875
13201.623046875
12584.7041015625
11974.9619140625
11374.2822265625
10784.458984375
10207.1787109375
9644.01953125
9096.431640625
8565.7392578125
8053.1240234375
7559.62109375
7086.1201171875
6633.34765625
6201.876953125
5792.1142578125
5404.306640625
5038.5322265625
4694.712890625
4372.6064453125
4071.8173828125
3791.794921875
3531.8427734375
3291.125
3068.673828125
2863.40234375
2674.10546875
2499.4775390625
2338.1259765625
2188.5751953125
2049.2841796875
1918.6630859375
1795.0810546875
1676.8837890625
1562.4072265625
1449.9931640625
1337.9990234375
1224.822265625
1108.9013671875
988.7451171875
862.9287109375
730.123046875
589.095703125
438.728515625
278.0283203125
106.134765625
-77.6748046875
-273.96484375
-483.1494140625
-705.4765625
-941.025390625
-1189.7109375
-1451.26953125
-1725.2705078125
-2011.1083984375
-2308.0078125
-2615.03125
-2931.0771484375
-3254.890625
-3585.0712890625
-3920.0771484375
-4258.2392578125
-4597.7734375
-4936.78515625
-5273.29296875
-5605.2314453125
-5930.4755859375
-6246.8466796875
-6552.1376953125
-6844.1220703125
-7120.5703125
-7379.2744140625
-7618.0546875
-7834.7802734375
-8027.3916015625
-8193.904296875
-8332.4365234375
-8441.2158203125
-8518.59765625
-8563.076171875
-8573.302734375
-8548.087890625
-8486.419921875
-8387.4697265625
-8250.599609375
-8075.3720703125
-7861.5498046875
-7609.103515625
-7318.2138671875
-6989.2666015625
-6622.8583984375
-6219.7919921875
-5781.068359375
-5307.8857421875
-4801.6318359375
-4263.8681640625
-3696.333984375
-3100.921875
-2479.671875
-1834.7548828125
-1168.4638671875
-483.193359375
218.5751953125
934.2890625
1661.34375
2397.0947265625
3138.880859375
3884.0380859375
4629.9189453125
5373.908203125
6113.4375
6846.0029296875
7569.1875
8280.6611328125
8978.203125
9659.7158203125
10323.2314453125
10966.923828125
11589.119140625
12188.296875
12763.103515625
13312.353515625
13835.0302734375
14330.2890625
14797.4599609375
15236.041015625
15645.69921875
16026.265625
16377.7265625
16700.2236328125
16994.037109375
17259.5849609375
17497.404296875
17708.1513671875
17892.5791015625
18051.5302734375
18185.927734375
18296.7587890625
18385.056640625
18451.89453125
18498.375
18525.60546875
18534.697265625
18526.75
18502.833984375
18463.990234375
18411.212890625
18345.44140625
18267.5546875
18178.3603515625
18078.59375
17968.9052734375
17849.8681640625
17721.95703125
17585.5703125
17441.01171875
17288.494140625
17128.1513671875
16960.02734375
16784.0908203125
16600.2333984375
16408.2802734375
16207.99609375
15999.0859375
15781.2158203125
15554.0087890625
15317.0615234375
15069.953125
14812.2529296875
14543.5302734375
14263.3662109375
13971.36328125
13667.1533203125
13350.412109375
13020.8603515625
12678.28125
12322.5224609375
11953.5068359375
11571.240234375
11175.8154296875
10767.41796875
10346.3369140625
9912.95703125
9467.771484375
9011.3837890625
8544.5009765625
8067.9443359375
7582.6376953125
7089.6142578125
6590.01171875
6085.064453125
5576.103515625
5064.55078125
4551.9091796875
4039.7578125
3529.7451171875
3023.5791015625
2523.0166015625
2029.8544921875
1545.919921875
1073.05859375
613.125
167.9677734375
-260.58203125
-670.71875
-1060.6796875
-1428.751953125
-1773.2890625
-2092.72265625
-2385.5703125
-2650.453125
-2886.09765625
-3091.35546875
-3265.2099609375
-3406.7841796875
-3515.3515625
-3590.341796875
-3631.3505859375
-3638.1435546875
-3610.6630859375
-3549.0322265625
-3453.556640625
-3324.7275390625
-3163.224609375
-2969.9111328125
-2745.837890625
-2492.236328125
-2210.51953125
-1902.2724609375
-1569.248046875
-1213.361328125
-836.67578125
-441.40234375
-29.8798828125
395.4306640625
831.9619140625
1277.048828125
1727.9521484375
2181.8623046875
2635.923828125
3087.2431640625
3532.9169921875
3970.0361328125
4395.71484375
4807.0947265625
5201.3740234375
5575.8173828125
5927.77734375
6254.703125
6554.166015625
6823.8681640625
7061.66015625
7265.5498046875
7433.7197265625
7564.5390625
7656.5703125
7708.5791015625
7719.5439453125
7688.666015625
7615.361328125
7499.2802734375
7340.2998046875
7138.529296875
6894.3046875
6608.189453125
6280.970703125
5913.6513671875
5507.44921875
5063.7802734375
4584.2587890625
4070.6796875
3525.0078125
2949.369140625
2346.0341796875
1717.408203125
1066.001953125
394.4365234375
-294.58984375
-998.310546875
-1713.90625
-2438.529296875
-3169.3125
-3903.390625
-4637.9150390625
-5370.0703125
-6097.091796875
-6816.2763671875
-7525.0029296875
-8220.7412109375
-8901.06640625
-9563.6708984375
-10206.3740234375
-10827.1357421875
-11424.0634765625
-11995.4150390625
-12539.615234375
-13055.2529296875
-13541.083984375
-13996.0458984375
-14419.248046875
-14809.9765625
-15167.6943359375
-15492.0380859375
-15782.8173828125
-16040.0107421875
-16263.7607421875
-16454.3671875
-16612.2841796875
-16738.109375
-16832.5771484375
-16896.5546875
-16931.0234375
-16937.076171875
-16915.908203125
-16868.80078125
-16797.115234375
-16702.28125
-16585.783203125
-16449.150390625
-16293.947265625
-16121.7587890625
-15934.1826171875
-15732.8154296875
-15519.2451171875
-15295.0361328125
-15061.72265625
-14820.8017578125
-14573.712890625
-14321.8447265625
-14066.513671875
-13808.96484375
-13550.3623046875
-13291.78125
-13034.2041015625
-12778.5205078125
-12525.513671875
-12275.8642578125
-12030.1474609375
-11788.833984375
-11552.28125
-11320.7412109375
-11094.36328125
-10873.1884765625
-10657.158203125
-10446.119140625
-10239.822265625
-10037.9365234375
-9840.0478515625
-9645.666015625
-9454.2431640625
-9265.1669921875
-9077.78125
-8891.3876953125
-8705.2607421875
-8518.658203125
-8330.822265625
-8141.00390625
-7948.46484375
-7752.4873046875
-7552.3916015625
-7347.5400390625
-7137.3505859375
-6921.3017578125
-6698.9482421875
-6469.9267578125
-6233.9609375
-5990.873046875
-5740.5908203125
-5483.1435546875
-5218.6796875
-4947.462890625
-4669.873046875
-4386.4111328125
-4097.6953125
-3804.4658203125
-3507.5771484375
-3207.994140625
-2906.7880859375
-2605.13671875
-2304.306640625
-2005.650390625
-1710.599609375
-1420.6484375
-1137.349609375
-862.2978515625
-597.1162109375
-343.4501953125
-102.9443359375
122.763671875
332.0615234375
523.375
695.1796875
846.0185546875
974.513671875
1079.37890625
1159.431640625
1213.609375
1240.970703125
1240.7138671875
1212.181640625
1154.8701171875
1068.435546875
952.697265625
807.640625
633.42578125
430.37890625
198.998046875
-60.046875
-345.9267578125
-657.6494140625
-994.068359375
-1353.8935546875
-1735.6953125
-2137.9169921875
-2558.8837890625
-2996.818359375
-3449.849609375
-3916.0283203125
-4393.33984375
-4879.716796875
-5373.0595703125
-5871.2431640625
-6372.1396484375
-6873.625
-7373.6005859375
-7870.001953125
-8360.8173828125
-8844.09375
-9317.9560546875
-9780.609375
-10230.357421875
-10665.609375
-11084.8837890625
-11486.8173828125
-11870.173828125
-12233.845703125
-12576.8505859375
-12898.345703125
-13197.61328125
-13474.076171875
-13727.2734375
-13956.8828125
-14162.6943359375
-14344.61328125
-14502.65625
-14636.935546875
-14747.658203125
-14835.1123046875
-14899.6591796875
-14941.7216796875
-14961.7724609375
-14960.3291015625
-14937.935546875
-14895.1572265625
-14832.5654296875
-14750.7314453125
-14650.21484375
-14531.552734375
-14395.25390625
-14241.78515625
-14071.5703125
-13884.9814453125
-13682.3330078125
-13463.8798828125
-13229.8046875
-12980.23046875
-12715.208984375
-12434.7255859375
-12138.6953125
-11826.9697265625
-11499.341796875
-11155.544921875
-10795.26171875
-10418.130859375
-10023.7529296875
-9611.7001953125
-9181.5205078125
-8732.7587890625
-8264.9501953125
-7777.646484375
-7270.412109375
-6742.8466796875
-6194.5927734375
-5625.3427734375
-5034.8505859375
-4422.9453125
-3789.5390625
-3134.6318359375
-2458.33203125
-1760.845703125
-1042.501953125
-303.7490234375
454.8427734375
1232.568359375
2028.5966796875
2841.9609375
3671.5595703125
4516.162109375
5374.41015625
6244.8125
7125.7666015625
8015.552734375
8912.3466796875
9814.224609375
10719.1767578125
11625.12109375
12529.9033203125
13431.3271484375
14327.1513671875
15215.1123046875
16092.9404296875
16958.369140625
17809.1513671875
18643.0771484375
19457.9912109375
20251.796875
21022.4833984375
21768.1337890625
22486.9375
23177.2041015625
23837.376953125
24466.0419921875
25061.9345703125
25623.955078125
26151.1689453125
26642.8125
27098.3037109375
27517.2333984375
27899.3798828125
28244.697265625
28553.318359375
28825.5478515625
29061.859375
29262.890625
29429.4287109375
29562.40625
29662.8876953125
29732.0576171875
29771.208984375
29781.7275390625
29765.0732421875
29722.7763671875
29656.40625
29567.568359375
29457.876953125
29328.9482421875
29182.376953125
29019.72265625
28842.5
28652.150390625
28450.04296875
28237.4541015625
28015.5576171875
27785.4130859375
27547.95703125
27303.99609375
27054.2041015625
26799.1123046875
26539.107421875
26274.43359375
26005.1943359375
25731.349609375
25452.72265625
25169.009765625
24879.7822265625
24584.4951171875
24282.50390625
23973.072265625
23655.380859375
23328.5517578125
22991.654296875
22643.72265625
22283.7744140625
21910.8310546875
21523.921875
21122.11328125
20704.5224609375
20270.3310546875
19818.8046875
19349.306640625
18861.30859375
18354.412109375
17828.35546875
17283.0224609375
16718.45703125
16134.873046875
15532.6494140625
14912.34765625
14274.7060546875
13620.6474609375
12951.26953125
12267.853515625
11571.8466796875
10864.8720703125
10148.7021484375
9425.2685546875
8696.6318359375
7964.9853515625
7232.62890625
6501.966796875
5775.4755859375
5055.7001953125
4345.2294921875
3646.6806640625
2962.6806640625
2295.84375
1648.7578125
1023.9619140625
423.9287109375
-148.953125
-692.3955078125
-1204.228515625
-1682.41796875
-2125.07421875
-2530.4677734375
-2897.0458984375
-3223.43359375
-3508.4501953125
-3751.1103515625
-3950.640625
-4106.46484375
-4218.2255859375
-4285.7705078125
-4309.158203125
-4288.6552734375
-4224.7265625
-4118.03515625
-3969.4287109375
-3779.9423828125
-3550.771484375
-3283.2734375
-2978.9501953125
-2639.4365234375
-2266.4853515625
-1861.955078125
-1427.7900390625
-966.009765625
-478.6923828125
32.0419921875
564.0478515625
1115.1630859375
1683.232421875
2266.1171875
2861.70703125
3467.93359375
4082.787109375
4704.318359375
5330.6611328125
5960.0244140625
6590.7158203125
7221.1337890625
7849.7861328125
8475.28515625
9096.3466796875
9711.8037109375
10320.595703125
10921.767578125
11514.474609375
12097.970703125
12671.6083984375
13234.830078125
13787.1640625
14328.212890625
14857.65234375
15375.212890625
15880.6796875
16373.875
16854.6533203125
17322.888671875
17778.466796875
18221.2705078125
18651.1728515625
19068.0322265625
19471.6689453125
19861.873046875
20238.3818359375
20600.8857421875
20949.0078125
21282.3125
21600.2841796875
21902.341796875
22187.818359375
22455.9736328125
22705.9814453125
22936.939453125
23147.8623046875
23337.6962890625
23505.30859375
23649.5009765625
23769.0166015625
23862.541015625
23928.7138671875
23966.134765625
23973.37890625
23948.998046875
23891.5390625
23799.5498046875
23671.59765625
23506.2724609375
23302.208984375
23058.0869140625
22772.66015625
22444.75
22073.275390625
21657.25
21195.8046875
20688.19140625
20133.796875
19532.1513671875
18882.9365234375
18185.99609375
17441.3408203125
16649.1533203125
15809.7958984375
14923.8115234375
13991.9296875
13015.06640625
11994.3193359375
10930.978515625
9826.5126953125
8682.5703125
7500.9794921875
6283.7333984375
5032.990234375
3751.06640625
2440.416015625
1103.6416015625
-256.5390625
-1637.2861328125
-3035.6611328125
-4448.6337890625
-5873.0986328125
-7305.8837890625
-8743.7734375
-10183.5126953125
-11621.8251953125
-13055.4326171875
-14481.056640625
-15895.44921875
-17295.390625
-18677.712890625
-20039.30859375
-21377.1435546875
-22688.271484375
-23969.83984375
-25219.103515625
-26433.435546875
-27610.3359375
-28747.4326171875
-29842.4970703125
-30893.4482421875
-31898.3544921875
-32855.439453125
-33763.0888671875
-34619.845703125
-35424.4189453125
-36175.6806640625
-36872.6640625
-37514.564453125
-38100.7392578125
-38630.7041015625
-39104.1279296875
-39520.8271484375
-39880.7685546875
-40184.0576171875
-40430.9375
-40621.78125
-40757.0830078125
-40837.45703125
-40863.62890625
-40836.4267578125
-40756.77734375
-40625.69921875
-40444.2939453125
-40213.7421875
-39935.29296875
-39610.263671875
-39240.029296875
-38826.0146484375
-38369.6953125
-37872.5888671875
-37336.2470703125
-36762.2568359375
-36152.23046875
-35507.8046875
-34830.638671875
-34122.4072265625
-33384.798828125
-32619.5166015625
-31828.267578125
-31012.7724609375
-30174.751953125
-29315.9345703125
-28438.052734375
-27542.8359375
-26632.0234375
-25707.3486328125
-24770.546875
-23823.3564453125
-22867.5126953125
-21904.7529296875
-20936.810546875
-19965.423828125
-18992.322265625
-18019.2431640625
-17047.9169921875
-16080.072265625
-15117.435546875
-14161.7294921875
-13214.6728515625
-12277.9765625
-11353.349609375
-10442.482421875
-9547.064453125
-8668.765625
-7809.2421875
-6970.1357421875
-6153.060546875
-5359.6103515625
-4591.3515625
-3849.81640625
-3136.5
-2452.8662109375
-1800.3232421875
-1180.2392578125
-593.923828125
-42.62890625
472.455078125
950.2109375
1389.5908203125
1789.6328125
2149.4521484375
2468.2607421875
2745.361328125
2980.1611328125
3172.169921875
3321.009765625
3426.412109375
3488.2373046875
3506.45703125
3481.177734375
3412.6279296875
3301.17578125
3147.3173828125
2951.6875
2715.0537109375
2438.326171875
2122.5458984375
1768.89453125
1378.6845703125
953.3603515625
494.4990234375
3.794921875
-516.927734375
-1065.73828125
-1640.5927734375
-2239.34375
-2859.7509765625
-3499.48828125
-4156.1484375
-4827.2578125
-5510.28125
-6202.6416015625
-6901.716796875
-7604.8623046875
-8309.4208984375
-9012.7275390625
-9712.1328125
-10405.00390625
-11088.748046875
-11760.8134765625
-12418.7109375
-13060.0205078125
-13682.4013671875
-14283.6162109375
-14861.5224609375
-15414.095703125
-15939.4375
-16435.7822265625
-16901.5048828125
-17335.1328125
-17735.34765625
-18100.9931640625
-18431.0771484375
-18724.78125
-18981.458984375
-19200.634765625
-19382.0087890625
-19525.4580078125
-19631.025390625
-19698.9267578125
-19729.5439453125
-19723.412109375
-19681.2236328125
-19603.8193359375
-19492.1748046875
-19347.392578125
-19170.7021484375
-18963.4326171875
-18727.017578125
-18462.97265625
-18172.890625
-17858.4208984375
-17521.2646484375
-17163.1552734375
-16785.8525390625
-16391.12109375
-15980.72265625
-15556.404296875
-15119.87890625
-14672.82421875
-14216.8603515625
-13753.546875
-13284.37109375
-12810.7314453125
-12333.939453125
-11855.2080078125
-11375.6396484375
-10896.2314453125
-10417.8603515625
-9941.287109375
-9467.1455078125
-8995.9521484375
-8528.0986328125
-8063.8515625
-7603.3623046875
-7146.6591796875
-6693.6650390625
-6244.189453125
-5797.943359375
-5354.5419921875
-4913.5166015625
-4474.3173828125
-4036.322265625
-3598.861328125
-3161.201171875
-2722.58203125
-2282.2109375
-1839.2763671875
-1392.9677734375
-942.474609375
-487.0078125
-25.7998046875
441.8720703125
916.6865234375
1399.2626953125
1890.15234375
2389.833984375
2898.7001953125
3417.0537109375
3945.1005859375
4482.9462890625
5030.5908203125
5587.9169921875
6154.7041015625
6730.6123046875
7315.1865234375
7907.8603515625
8507.9482421875
9114.658203125
9727.08984375
10344.2333984375
10964.986328125
11588.142578125
12212.416015625
12836.435546875
13458.7578125
14077.8671875
14692.2001953125
15300.134765625
15900.013671875
16490.146484375
17068.82421875
17634.3193359375
18184.91015625
18718.8720703125
19234.501953125
19730.12109375
20204.078125
20654.771484375
21080.6416015625
21480.1884765625
21851.9775390625
22194.640625
22506.890625
22787.5166015625
23035.3984375
23249.5048828125
23428.8984375
23572.73828125
23680.287109375
23750.904296875
23784.052734375
23779.302734375
23736.3212890625
23654.8876953125
23534.873046875
23376.2568359375
23179.119140625
22943.6279296875
22670.0576171875
22358.76953125
22010.212890625
21624.923828125
21203.5234375
20746.7109375
20255.2607421875
19730.015625
19171.890625
18581.86328125
17960.966796875
17310.294921875
16630.9912109375
15924.244140625
15191.287109375
14433.3935546875
13651.8701171875
12848.05859375
12023.3212890625
11179.05078125
10316.6572265625
9437.5615234375
8543.2060546875
7635.0322265625
6714.4921875
5783.03515625
4842.1123046875
3893.1611328125
2937.619140625
1976.900390625
1012.4111328125
45.529296875
-922.3828125
-1889.9951171875
-2856.0068359375
-3819.1455078125
-4778.181640625
-5731.9189453125
-6679.2041015625
-7618.927734375
-8550.02734375
-9471.4853515625
-10382.3408203125
-11281.6748046875
-12168.62890625
-13042.3955078125
-13902.22265625
-14747.4111328125
-15577.3212890625
-16391.36328125
-17189.0029296875
-17969.7607421875
-18733.2080078125
-19478.9658203125
-20206.7041015625
-20916.140625
-21607.03125
-22279.1796875
-22932.4189453125
-23566.625
-24181.697265625
-24777.56640625
-25354.1826171875
-25911.517578125
-26449.5615234375
-26968.3076171875
-27467.7666015625
-27947.9443359375
-28408.85546875
-28850.5029296875
-29272.8916015625
-29676.0126953125
-30059.84375
-30424.3564453125
-30769.4990234375
-31095.20703125
-31401.3955078125
-31687.9619140625
-31954.7841796875
-32201.72265625
-32428.62109375
-32635.3046875
-32821.5859375
-32987.2626953125
-33132.126953125
-33255.9580078125
-33358.537109375
-33439.6416015625
-33499.0556640625
-33536.56640625
-33551.9775390625
-33545.1064453125
-33515.79296875
-33463.900390625
-33389.3203125
-33291.9814453125
-33171.84375
-33028.9169921875
-32863.24609375
-32674.9306640625
-32464.1181640625
-32231.009765625
-31975.861328125
-31698.982421875
-31400.7470703125
-31081.580078125
-30741.966796875
-30382.4482421875
-30003.6240234375
-29606.1455078125
-29190.7158203125
-28758.0888671875
-28309.064453125
-27844.484375
-27365.2275390625
-26872.2099609375
-26366.373046875
-25848.6865234375
-25320.13671875
-24781.7255859375
-24234.4609375
-23679.3603515625
-23117.4296875
-22549.6728515625
-21977.080078125
-21400.625
-20821.25390625
-20239.8896484375
-19657.421875
-19074.703125
-18492.5498046875
-17911.732421875
-17332.98046875
-16756.9697265625
-16184.3330078125
-15615.6474609375
-15051.4404296875
-14492.1865234375
-13938.306640625
-13390.1728515625
-12848.0986328125
-12312.353515625
-11783.15234375
-11260.666015625
-10745.0166015625
-10236.2822265625
-9734.5
-9239.666015625
-8751.7392578125
-8270.6455078125
-7796.2744140625
-7328.4892578125
-6867.123046875
-6411.9853515625
-5962.8623046875
-5519.515625
-5081.6923828125
-4649.1181640625
-4221.5048828125
-3798.5498046875
-3379.9375
-2965.337890625
-2554.412109375
-2146.8076171875
-1742.1669921875
-1340.1201171875
-940.2890625
-542.2861328125
-145.7177734375
249.8154296875
644.7236328125
1039.4208984375
1434.3251953125
1829.8642578125
2226.4599609375
2624.5458984375
3024.55078125
3426.904296875
3832.03125
4240.3544921875
4652.28515625
5068.2255859375
5488.5634765625
5913.6708984375
6343.8974609375
6779.5693359375
7220.982421875
7668.40234375
8122.0546875
8582.125
9048.7509765625
9522.0244140625
10001.9765625
10488.58203125
10981.7529296875
11481.330078125
11987.08984375
12498.7275390625
13015.8671875
13538.05078125
14064.73828125
14595.3115234375
15129.0625
15665.205078125
16202.869140625
16741.103515625
17278.8798828125
17815.0908203125
18348.5546875
18878.0302734375
19402.2041015625
19919.712890625
20429.1396484375
20929.0263671875
21417.87890625
21894.1796875
22356.390625
22802.9716796875
23232.3818359375
23643.0966796875
24033.615234375
24402.4736328125
24748.2529296875
25069.5908203125
25365.2021484375
25633.8720703125
25874.484375
26086.0185546875
26267.5703125
26418.3515625
26537.70703125
26625.1181640625
26680.208984375
26702.7578125
26692.69921875
26650.12890625
26575.3046875
26468.6533203125
26330.7724609375
26162.423828125
25964.5400390625
25738.216796875
25484.7099609375
25205.4365234375
24901.9599609375
24575.990234375
24229.3740234375
23864.0810546875
23482.203125
23085.931640625
22677.55859375
22259.451171875
21834.0478515625
21403.83984375
20971.3583984375
20539.158203125
20109.8056640625
19685.8603515625
19269.859375
18864.3056640625
18471.65234375
18094.2822265625
17734.501953125
17394.5224609375
17076.447265625
16782.2578125
16513.8076171875
16272.806640625
16060.8125
15879.2197265625
15729.2568359375
15611.9765625
15528.248046875
15478.7626953125
15464.017578125
15484.326171875
15539.80859375
15630.40234375
15755.85546875
15915.736328125
16109.43359375
16336.1689453125
16594.9990234375
16884.8232421875
17204.39453125
17552.33203125
17927.123046875
18327.14453125
18750.6708984375
19195.8828125
19660.8857421875
20143.7197265625
20642.37109375
21154.79296875
21678.9072265625
22212.625
22753.8603515625
23300.533203125
23850.59375
24402.0244140625
24952.849609375
25501.1533203125
26045.08203125
26582.8505859375
27112.7578125
27633.181640625
28142.59375
28639.5576171875
29122.7353515625
29590.88671875
30042.8740234375
30477.6591796875
30894.3037109375
31291.96875
31669.9111328125
32027.4814453125
32364.1162109375
32679.345703125
32972.7705078125
33244.07421875
33493.0068359375
33719.380859375
33923.0693359375
34103.99609375
34262.12890625
34397.4794921875
34510.091796875
34600.037109375
34667.4111328125
34712.33203125
34734.9267578125
34735.33984375
34713.720703125
34670.2216796875
34605.005859375
34518.232421875
34410.0654296875
34280.6708984375
34130.2158203125
33958.87109375
33766.814453125
33554.232421875
33321.3173828125
33068.2783203125
32795.3427734375
32502.755859375
32190.7890625
31859.7412109375
31509.9453125
31141.76953125
30755.6240234375
30351.9619140625
29931.283203125
29494.140625
29041.1357421875
28572.9287109375
28090.2353515625
27593.8251953125
27084.529296875
26563.2333984375
26030.8779296875
25488.4560546875
24937.0146484375
24377.64453125
23811.4814453125
23239.6962890625
22663.494140625
22084.1044921875
21502.77734375
20920.7734375
20339.357421875
19759.7880859375
19183.3134765625
18611.1572265625
18044.5166015625
17484.5439453125
16932.3466796875
16388.9755859375
15855.4150390625
15332.57421875
14821.2841796875
14322.28515625
13836.224609375
13363.6484375
12904.9990234375
12460.6044921875
12030.6826171875
11615.3349609375
11214.5458984375
10828.181640625
10455.9912109375
10097.607421875
9752.5498046875
9420.2275390625
9099.9453125
8790.904296875
8492.2158203125
8202.900390625
7921.9033203125
7648.0966796875
7380.291015625
7117.2451171875
6857.6826171875
6600.2861328125
6343.728515625
6086.671875
5827.77734375
5565.728515625
5299.2314453125
5027.0263671875
4747.9111328125
4460.7373046875
4164.4267578125
3857.984375
3540.5029296875
3211.171875
2869.29296875
2514.27734375
2145.6572265625
1763.0927734375
1366.3759765625
955.43359375
530.3330078125
91.2802734375
-361.3740234375
-827.1337890625
-1305.365234375
-1795.29296875
-2296.0
-2806.435546875
-3325.4169921875
-3851.638671875
-4383.671875
-4919.9775390625
-5458.9072265625
-5998.7177734375
-6537.5771484375
-7073.5771484375
-7604.736328125
-8129.017578125
-8644.33984375
-9148.5830078125
-9639.609375
-10115.265625
-10573.4072265625
-11011.900390625
-11428.6435546875
-11821.576171875
-12188.6923828125
-12528.05859375
-12837.81640625
-13116.2080078125
-13361.58203125
-13572.4072265625
-13747.2802734375
-13884.9501953125
-13984.3134765625
-14044.4345703125
-14064.5546875
-14044.095703125
-13982.67578125
-13880.11328125
-13736.427734375
-13551.861328125
-13326.859375
-13062.09765625
-12758.470703125
-12417.095703125
-12039.3125
-11626.68359375
-11180.9853515625
-10704.2138671875
-10198.5703125
-9666.45703125
-9110.466796875
-8533.3837890625
-7938.1552734375
-7327.8916015625
-6705.8505859375
-6075.4208984375
-5440.103515625
-4803.50390625
-4169.3037109375
-3541.2470703125
-2923.1181640625
-2318.7275390625
-1731.884765625
-1166.3759765625
-625.9501953125
-114.2890625
365.0107421875
808.4609375
1212.6982421875
1574.5146484375
1890.8681640625
2158.91015625
2375.9990234375
2539.724609375
2647.9150390625
2698.666015625
2690.3369140625
2621.5859375
2491.3603515625
2298.92578125
2043.853515625
1726.04296875
1345.7216796875
903.4404296875
400.0869140625
-163.12890625
-784.6689453125
-1462.67578125
-2194.9814453125
-2979.11328125
-3812.3056640625
-4691.5146484375
-5613.427734375
-6574.4833984375
-7570.888671875
-8598.634765625
-9653.5166015625
-10731.1591796875
-11827.0322265625
-12936.4765625
-14054.7265625
-15176.9375
-16298.2001953125
-17413.5771484375
-18518.1171875
-19606.8896484375
-20674.9951171875
-21717.6044921875
-22729.9697265625
-23707.4521484375
-24645.5458984375
-25539.89453125
-26386.3173828125
-27180.814453125
-27919.60546875
-28599.125
-29216.052734375
-29767.3193359375
-30250.1201171875
-30661.9296875
-31000.501953125
-31263.8876953125
-31450.4345703125
-31558.7919921875
-31587.916015625
-31537.0703125
-31405.8212890625
-31194.041015625
-30901.9033203125
-30529.876953125
-30078.720703125
-29549.4755859375
-28943.4560546875
-28262.23828125
-27507.654296875
-26681.7734375
-25786.892578125
-24825.521484375
-23800.3720703125
-22714.337890625
-21570.4755859375
-20372.001953125
-19122.2607421875
-17824.71875
-16482.9423828125
-15100.58203125
-13681.353515625
-12229.0263671875
-10747.3994140625
-9240.2919921875
-7711.5224609375
-6164.8974609375
-4604.1943359375
-3033.1474609375
-1455.435546875
125.3310546875
1705.619140625
3281.9921875
4851.1083984375
6409.7353515625
7954.759765625
9483.1904296875
10992.16015625
12478.94140625
13940.93359375
15375.6826171875
16780.8681640625
18154.3095703125
19493.962890625
20797.9208984375
22064.41015625
23291.783203125
24478.521484375
25623.2236328125
26724.6015625
27781.4755859375
28792.7666015625
29757.4873046875
30674.7421875
31543.7119140625
32363.650390625
33133.875
33853.7646484375
34522.7490234375
35140.302734375
35705.9443359375
36219.2236328125
36679.7275390625
37087.0673828125
37440.8798828125
37740.830078125
37986.6044921875
38177.9150390625
38314.4970703125
38396.119140625
38422.5751953125
38393.701171875
38309.3720703125
38169.5107421875
37974.0947265625
37723.1669921875
37416.8388671875
37055.306640625
36638.849609375
36167.8544921875
35642.8154296875
35064.3466796875
34433.1904296875
33750.232421875
33016.5068359375
32233.203125
31401.6845703125
30523.4775390625
29600.2958984375
28634.03515625
27626.7822265625
26580.8115234375
25498.5927734375
24382.7861328125
23236.2421875
22061.9951171875
20863.26171875
19643.431640625
18406.0537109375
17154.83203125
15893.6083984375
14626.3544921875
13357.1435546875
12090.146484375
10829.603515625
9579.806640625
8345.0810546875
7129.7568359375
5938.1533203125
4774.5458984375
3643.15234375
2548.0966796875
1493.3974609375
482.9287109375
-479.5869140625
-1390.6181640625
-2246.837890625
-3045.1455078125
-3782.6875
-4456.8837890625
-5065.4296875
-5606.32421875
-6077.880859375
-6478.734375
-6807.853515625
-7064.5498046875
-7248.4765625
-7359.6357421875
-7398.37890625
-7365.396484375
-7261.72265625
-7088.7216796875
-6848.0771484375
-6541.787109375
-6172.1435546875
-5741.7109375
-5253.322265625
-4710.048828125
-4115.1787109375
-3472.197265625
-2784.76171875
-2056.6767578125
-1291.865234375
-494.345703125
331.798828125
1182.4404296875
2053.4453125
2940.689453125
3840.087890625
4747.6259765625
5659.3720703125
6571.513671875
7480.37109375
8382.421875
9274.3193359375
10152.90625
11015.2373046875
11858.587890625
12680.462890625
13478.6171875
14251.0498046875
14996.0185546875
15712.0380859375
16397.884765625
17052.59375
17675.4580078125
18266.0166015625
18824.0595703125
19349.6083984375
19842.9140625
20304.4375
20734.8486328125
21134.99609375
21505.90234375
21848.751953125
22164.8583984375
22455.6630859375
22722.705078125
22967.6083984375
23192.0634765625
23397.8046875
23586.59765625
23760.2158203125
23920.4248046875
24068.96484375
24207.53515625
24337.77734375
24461.2626953125
24579.47265625
24693.796875
24805.5107421875
24915.7744140625
25025.615234375
25135.9296875
25247.47265625
25360.8515625
25476.5263671875
25594.8076171875
25715.85546875
25839.6796875
25966.1455078125
26094.9736328125
26225.7509765625
26357.9306640625
26490.84375
26623.708984375
26755.63671875
26885.646484375
27012.673828125
27135.583984375
27253.1845703125
27364.236328125
27467.47265625
27561.60546875
27645.34765625
27717.4169921875
27776.5615234375
27821.564453125
27851.2607421875
27864.548828125
27860.408203125
27837.9013671875
27796.1923828125
27734.5595703125
27652.392578125
27549.21484375
27424.6787109375
27278.5810546875
27110.8642578125
26921.615234375
26711.076171875
26479.6376953125
26227.8447265625
25956.392578125
25666.1181640625
25358.005859375
25033.1748046875
24692.875
24338.4775390625
23971.46484375
23593.423828125
23206.0322265625
22811.0439453125
22410.2841796875
22005.6259765625
21598.984375
21192.296875
20787.509765625
20386.564453125
19991.3837890625
19603.8486328125
19225.796875
18858.9970703125
18505.140625
18165.8271484375
17842.5517578125
17536.6943359375
17249.5068359375
16982.1044921875
16735.4619140625
16510.39453125
16307.5654296875
16127.47265625
15970.4482421875
15836.65625
15726.0927734375
15638.5849609375
15573.796875
15531.2294921875
15510.228515625
15509.9873046875
15529.5615234375
15567.8671875
15623.7021484375
15695.7470703125
15782.5830078125
15882.6982421875
15994.5087890625
16116.365234375
16246.5703125
16383.38671875
16525.0615234375
16669.8291015625
16815.931640625
16961.6337890625
17105.2275390625
17245.052734375
17379.5029296875
17507.044921875
17626.21484375
17735.6435546875
17834.05078125
17920.2626953125
17993.2099609375
18051.9404296875
18095.6123046875
18123.5087890625
18135.029296875
18129.6962890625
18107.1494140625
18067.1455078125
18009.5625
17934.3779296875
17841.681640625
17731.6650390625
17604.6083984375
17460.8798828125
17300.9248046875
17125.2666015625
16934.48046875
16729.20703125
16510.1220703125
16277.9462890625
16033.42578125
15777.326171875
15510.427734375
15233.5126953125
14947.361328125
14652.7470703125
14350.423828125
14041.1298828125
13725.5751953125
13404.4404296875
13078.3740234375
12747.9892578125
12413.861328125
12076.529296875
11736.4951171875
11394.216796875
11050.1240234375
10704.6044921875
10358.0166015625
10010.69140625
9662.92578125
9315.00390625
8967.18359375
8619.7119140625
8272.8251953125
7926.755859375
7581.7314453125
7237.98828125
6895.771484375
6555.333984375
6216.94921875
5880.908203125
5547.529296875
5217.15234375
4890.1484375
4566.91796875
4247.89453125
3933.5419921875
3624.353515625
3320.8564453125
3023.6103515625
2733.1962890625
2450.224609375
2175.32421875
1909.1484375
1652.3544921875
1405.615234375
1169.6044921875
944.9931640625
732.4443359375
532.603515625
346.0966796875
173.517578125
15.4267578125
-127.66015625
-255.27734375
-367.017578125
-462.53515625
-541.55859375
-603.890625
-649.41796875
-678.1142578125
-690.0478515625
-685.3818359375
-664.3837890625
-627.4228515625
-574.974609375
-507.625
-426.0634765625
-331.0908203125
-223.6171875
-104.654296875
24.6787109375
163.16796875
309.5
462.2744140625
620.005859375
781.1298828125
944.015625
1106.970703125
1268.24609375
1426.052734375
1578.5703125
1723.9521484375
1860.34375
1985.8876953125
2098.7412109375
2197.0791015625
2279.1181640625
2343.1171875
2387.3955078125
2410.3447265625
2410.43359375
2386.2275390625
2336.39453125
2259.7158203125
2155.0986328125
2021.580078125
1858.337890625
1664.69921875
1440.1455078125
1184.3203125
897.0302734375
578.2529296875
228.1357421875
-152.9951171875
-564.64453125
-1006.1416015625
-1476.640625
-1975.12890625
-2500.4267578125
-3051.19140625
-3625.9267578125
-4222.9873046875
-4840.583984375
-5476.796875
-6129.583984375
-6796.787109375
-7476.1484375
-8165.3173828125
-8861.8671875
-9563.3017578125
-10267.0771484375
-10970.603515625
-11671.2705078125
-12366.4482421875
-13053.5146484375
-13729.8544921875
-14392.8876953125
-15040.072265625
-15668.916015625
-16276.9990234375
-16861.974609375
-17421.5869140625
-17953.6845703125
-18456.2197265625
-18927.2705078125
-19365.041015625
-19767.8720703125
-20134.25
-20462.8095703125
-20752.341796875
-21001.7958984375
-21210.2861328125
-21377.091796875
-21501.662109375
-21583.609375
-21622.7216796875
-21618.9501953125
-21572.4111328125
-21483.388671875
-21352.3232421875
-21179.8125
-20966.607421875
-20713.6025390625
-20421.8349609375
-20092.4765625
-19726.8232421875
-19326.2958984375
-18892.421875
-18426.8369140625
-17931.26953125
-17407.537109375
-16857.53515625
-16283.2275390625
-15686.6396484375
-15069.845703125
-14434.9638671875
-13784.1435546875
-13119.560546875
-12443.3984375
-11757.85546875
-11065.119140625
-10367.3701171875
-9666.765625
-8965.4375
-8265.48046875
-7568.9443359375
-6877.83203125
-6194.0849609375
-5519.583984375
-4856.1396484375
-4205.484375
-3569.271484375
-2949.0703125
-2346.357421875
-1762.5185546875
-1198.841796875
-656.513671875
-136.62109375
359.8525390625
832.0341796875
1279.1494140625
1700.5361328125
2095.6328125
2463.9873046875
2805.251953125
3119.17578125
3405.6162109375
3664.51953125
3895.93359375
4099.9931640625
4276.923828125
4427.0302734375
4550.6982421875
4648.3896484375
4720.6328125
4768.021484375
4791.2080078125
4790.9033203125
4767.8623046875
4722.8818359375
4656.8046875
4570.501953125
4464.875
4340.8466796875
4199.365234375
4041.388671875
3867.8896484375
3679.8466796875
3478.2470703125
3264.078125
3038.326171875
2801.9755859375
2556.0107421875
2301.4091796875
2039.1435546875
1770.1806640625
1495.482421875
1216.0087890625
932.712890625
646.544921875
358.45703125
69.3984375
-219.677734375
-507.8173828125
-794.0537109375
-1077.421875
-1356.9404296875
-1631.62109375
-1900.4580078125
-2162.44140625
-2416.5380859375
-2661.703125
-2896.8779296875
-3120.98828125
-3332.947265625
-3531.65625
-3716.005859375
-3884.8798828125
-4037.16015625
-4171.7255859375
-4287.462890625
-4383.267578125
-4458.048828125
-4510.7412109375
-4540.3056640625
-4545.740234375
-4526.0888671875
-4480.4453125
-4407.96484375
-4307.87109375
-4179.46875
-4022.14453125
-3835.3896484375
-3618.79296875
-3372.0576171875
-3095.0126953125
-2787.6142578125
-2449.955078125
-2082.2744140625
-1684.958984375
-1258.5537109375
-803.763671875
-321.45703125
187.33203125
721.3984375
1279.369140625
1859.7001953125
2460.6875
3080.4541015625
3716.96875
4368.04296875
5031.3408203125
5704.3857421875
6384.5712890625
7069.1640625
7755.3251953125
8440.1162109375
9120.5068359375
9793.4052734375
10455.65234375
11104.052734375
11735.3857421875
12346.41796875
12933.9248046875
13494.70703125
14025.60546875
14523.521484375
14985.4326171875
15408.41015625
15789.6357421875
16126.41796875
16416.208984375
16656.6171875
16845.42578125
16980.6025390625
17060.3154296875
17082.9443359375
17047.087890625
16951.5791015625
16795.4892578125
16578.1337890625
16299.083984375
15958.1640625
15555.4609375
15091.3212890625
14566.3525390625
13981.421875
13337.6533203125
12636.4208984375
11879.353515625
11068.3125
10205.396484375
9292.9228515625
8333.4248046875
7329.634765625
6284.4736328125
5201.03515625
4082.5751953125
2932.4912109375
1754.3125
551.6767578125
-671.68359375
-1911.9541015625
-3165.265625
-4427.705078125
-5695.3349609375
-6964.2138671875
-8230.4091796875
-9490.021484375
-10739.1923828125
-11974.1298828125
-13191.1201171875
-14386.541015625
-15556.8818359375
-16698.7529296875
-17808.8984375
-18884.212890625
-19921.7431640625
-20918.7099609375
-21872.505859375
-22780.70703125
-23641.08203125
-24451.5927734375
-25210.396484375
-25915.857421875
-26566.5361328125
-27161.201171875
-27698.818359375
-28178.5537109375
-28599.771484375
-28962.0263671875
-29265.0546875
-29508.783203125
-29693.3017578125
-29818.8720703125
-29885.9111328125
-29894.984375
-29846.794921875
-29742.17578125
-29582.078125
-29367.5625
-29099.7841796875
-28779.990234375
-28409.5048828125
-27989.7138671875
-27522.0673828125
-27008.0576171875
-26449.220703125
-25847.1181640625
-25203.337890625
-24519.48046875
-23797.15234375
-23037.9677734375
-22243.533203125
-21415.4501953125
-20555.306640625
-19664.6787109375
-18745.1220703125
-17798.1767578125
-16825.3662109375
-15828.1865234375
-14808.125
-13766.642578125
-12705.1884765625
-11625.1943359375
-10528.0791015625
-9415.2548828125
-8288.1259765625
-7148.08984375
-5996.54296875
-4834.88671875
-3664.5205078125
-2486.8583984375
-1303.318359375
-115.3310546875
1075.66015625
2268.1962890625
3460.8046875
4651.998046875
5840.2705078125
7024.1103515625
8201.982421875
9372.3515625
10533.666015625
11684.376953125
12822.9326171875
13947.7841796875
15057.3935546875
16150.2353515625
17224.80859375
18279.6357421875
19313.26953125
20324.310546875
21311.3974609375
22273.2294921875
23208.560546875
24116.216796875
24995.0947265625
25844.1748046875
26662.5185546875
27449.283203125
28203.724609375
28925.1962890625
29613.16015625
30267.1875
30886.9599609375
31472.2744140625
32023.0419921875
32539.2900390625
33021.16015625
33468.9091796875
33882.90234375
34263.6181640625
34611.6376953125
34927.64453125
35212.4150390625
35466.8232421875
35691.8212890625
35888.4384765625
36057.7802734375
36201.009765625
36319.3447265625
36414.052734375
36486.4375
36537.83203125
36569.58984375
36583.080078125
36579.6708984375
36560.7314453125
36527.6181640625
36481.6669921875
36424.185546875
36356.4521484375
36279.7021484375
36195.1298828125
36103.8740234375
36007.025390625
35905.609375
35800.59375
35692.8818359375
35583.30859375
35472.640625
35361.5830078125
35250.7646484375
35140.7509765625
35032.0419921875
34925.06640625
34820.1982421875
34717.748046875
34617.96875
34521.060546875
34427.1728515625
34336.412109375
34248.8388671875
34164.478515625
34083.3251953125
34005.337890625
33930.4599609375
33858.609375
33789.693359375
33723.6015625
33660.224609375
33599.4443359375
33541.1474609375
33485.21875
33431.55859375
33380.068359375
33330.6669921875
33283.2861328125
33237.873046875
33194.392578125
33152.8251953125
33113.1728515625
33075.4560546875
33039.7109375
33005.9892578125
32974.365234375
32944.921875
32917.7578125
32892.982421875
32870.712890625
32851.0693359375
32834.1787109375
32820.162109375
32809.13671875
32801.2138671875
32796.4873046875
32795.0380859375
32796.921875
32802.173828125
32810.791015625
32822.74609375
32837.962890625
32856.3271484375
32877.677734375
32901.796875
32928.416015625
32957.205078125
32987.7734375
33019.6630859375
33052.3466796875
33085.23046875
33117.6484375
33148.857421875
33178.04296875
33204.318359375
33226.72265625
33244.220703125
33255.7119140625
33260.0234375
33255.9208984375
33242.111328125
33217.2431640625
33179.919921875
33128.6953125
33062.09375
32978.60546875
32876.7041015625
32754.8486328125
32611.498046875
32445.12109375
32254.2021484375
32037.2578125
31792.8427734375
31519.564453125
31216.0966796875
30881.1865234375
30513.6650390625
30112.466796875
29676.6328125
29205.3251953125
28697.833984375
28153.591796875
27572.1796875
26953.333984375
26296.9560546875
25603.1171875
24872.0654296875
24104.2294921875
23300.2138671875
22460.814453125
21587.00390625
20679.94140625
19740.9638671875
18771.580078125
17773.47265625
16748.484375
15698.607421875
14625.9814453125
13532.876953125
12421.68359375
11294.8984375
10155.10546875
9004.9658203125
7847.201171875
6684.5732421875
5519.8681640625
4355.8798828125
3195.38671875
2041.140625
895.841796875
-237.8740234375
-1357.453125
-2460.4443359375
-3544.509765625
-4607.4453125
-5647.1875
-6661.8310546875
-7649.6376953125
-8609.046875
-9538.6826171875
-10437.3564453125
-11304.0791015625
-12138.056640625
-12938.689453125
-13705.580078125
-14438.5205078125
-15137.490234375
-15802.6484375
-16434.3291015625
-17033.0263671875
-17599.380859375
-18134.173828125
-18638.302734375
-19112.7763671875
-19558.685546875
-19977.19921875
-20369.533203125
-20736.94140625
-21080.6904296875
-21402.0478515625
-21702.2587890625
-21982.52734375
-22244.0048828125
-22487.765625
-22714.80078125
-22926.0
-23122.1328125
-23303.849609375
-23471.6640625
-23625.9482421875
-23766.923828125
-23894.6669921875
-24009.0966796875
-24109.9814453125
-24196.9423828125
-24269.453125
-24326.8505859375
-24368.34375
-24393.0185546875
-24399.861328125
-24387.7587890625
-24355.5263671875
-24301.9111328125
-24225.6259765625
-24125.3505859375
-23999.763671875
-23847.5576171875
-23667.4560546875
-23458.2392578125
-23218.755859375
-22947.9521484375
-22644.8779296875
-22308.716796875
-21938.7919921875
-21534.583984375
-21095.7509765625
-20622.126953125
-20113.7451171875
-19570.8330078125
-18993.8310546875
-18383.3837890625
-17740.3515625
-17065.796875
-16361.0
-15627.4345703125
-14866.76953125
-14080.8583984375
-13271.7275390625
-12441.556640625
-11592.67578125
-10727.53515625
-9848.6962890625
-8958.8046875
-8060.576171875
-7156.76953125
-6250.1708984375
-5343.56640625
-4439.71875
-3541.349609375
-2651.1201171875
-1771.595703125
-905.2451171875
-54.4072265625
778.720703125
1592.1005859375
2383.8720703125
3152.359375
3896.0849609375
4613.7822265625
5304.3935546875
5967.0869140625
6601.2490234375
7206.4921875
7782.646484375
8329.7626953125
8848.1025390625
9338.12890625
9800.50390625
10236.068359375
10645.8359375
11030.9736328125
11392.7919921875
11732.7236328125
12052.306640625
12353.16796875
12637.0029296875
12905.5615234375
13160.623046875
13403.982421875
13637.42578125
13862.7236328125
14081.6044921875
14295.7451171875
14506.7490234375
14716.1396484375
14925.34765625
15135.6923828125
15348.384765625
15564.5078125
15785.0234375
16010.751953125
16242.384765625
16480.4736328125
16725.4345703125
16977.5498046875
17236.970703125
17503.7216796875
17777.7041015625
18058.7109375
18346.423828125
18640.4326171875
18940.2373046875
19245.26171875
19554.8583984375
19868.3291015625
20184.9267578125
20503.8701171875
20824.3525390625
21145.552734375
21466.6435546875
21786.8037109375
22105.2255859375
22421.1162109375
22733.71484375
23042.291015625
23346.1513671875
23644.6474609375
23937.173828125
24223.1748046875
24502.138671875
24773.607421875
25037.169921875
25292.4619140625
25539.1650390625
25777.0068359375
26005.7490234375
26225.1943359375
26435.177734375
26635.5595703125
26826.2275390625
27007.0869140625
27178.0615234375
27339.0830078125
27490.091796875
27631.03515625
27761.8603515625
27882.509765625
27992.92578125
28093.0458984375
28182.80078125
28262.11328125
28330.904296875
28389.0888671875
28436.5791015625
28473.283203125
28499.1181640625
28514.005859375
28517.876953125
28510.67578125
28492.3701171875
28462.94921875
28422.431640625
28370.875
28308.376953125
28235.0771484375
28151.169921875
28056.9052734375
27952.595703125
27838.615234375
27715.40625
27583.4853515625
27443.4404296875
27295.9365234375
27141.7109375
26981.58203125
26816.439453125
26647.2509765625
26475.048828125
26300.94140625
26126.0927734375
25951.7333984375
25779.1416015625
25609.642578125
25444.5986328125
25285.4111328125
25133.49609375
24990.2880859375
24857.224609375
24735.73828125
24627.248046875
24533.1455078125
24454.7900390625
24393.4931640625
24350.5126953125
24327.0419921875
24324.1982421875
24343.013671875
24384.4326171875
24449.294921875
24538.330078125
24652.15625
24791.267578125
24956.0283203125
25146.6748046875
25363.2998046875
25605.8603515625
25874.1708984375
26167.8984375
26486.5654296875
26829.5498046875
27196.083984375
27585.2578125
27996.0185546875
28427.1787109375
28877.4169921875
29345.2822265625
29829.19921875
30327.4775390625
30838.3154296875
31359.806640625
31889.9521484375
32426.6640625
32967.7763671875
33511.0556640625
34054.2060546875
34594.8857421875
35130.7119140625
35659.2724609375
36178.1435546875
36684.88671875
37177.0732421875
37652.2880859375
38108.14453125
38542.2919921875
38952.431640625
39336.326171875
39691.806640625
40016.7890625
40309.28515625
40567.4052734375
40789.376953125
40973.5546875
41118.41796875
41222.5966796875
41284.8671875
41304.1640625
41279.5869140625
41210.4072265625
41096.080078125
40936.2333984375
40730.6904296875
40479.4609375
40182.7451171875
39840.9453125
39454.6513671875
39024.6494140625
38551.9228515625
38037.6376953125
37483.1552734375
36890.0107421875
36259.9248046875
35594.78125
34896.6298828125
34167.671875
33410.255859375
32626.8603515625
31820.0908203125
30992.6591796875
30147.3740234375
29287.134765625
28414.9033203125
27533.701171875
26646.591796875
25756.662109375
24867.0107421875
23980.7333984375
23100.90234375
22230.5595703125
21372.6923828125
20530.2294921875
19706.015625
18902.810546875
18123.263671875
17369.9140625
16645.1669921875
15951.2939453125
15290.4189453125
14664.509765625
14075.3720703125
13524.640625
13013.779296875
12544.0732421875
12116.6279296875
11732.365234375
11392.025390625
11096.1689453125
10845.1728515625
10639.2421875
10478.404296875
10362.521484375
10291.2919921875
10264.2568359375
10280.8125
10340.2099609375
10441.5654296875
10583.875
10766.021484375
10986.7763671875
11244.8193359375
11538.73828125
11867.052734375
12228.208984375
12620.59765625
13042.5615234375
13492.404296875
13968.3994140625
14468.7958984375
14991.83203125
15535.73828125
16098.744140625
16679.0869140625
17275.013671875
17884.7919921875
18506.7119140625
19139.087890625
19780.265625
20428.625
21082.58203125
21740.5888671875
22401.1396484375
23062.7705078125
23724.0576171875
24383.6220703125
25040.126953125
25692.279296875
26338.8310546875
26978.57421875
27610.3466796875
28233.0244140625
28845.5263671875
29446.8154296875
30035.8896484375
30611.787109375
31173.587890625
31720.40625
32251.3935546875
32765.7431640625
33262.6796875
33741.462890625
34201.392578125
34641.8017578125
35062.0556640625
35461.5615234375
35839.751953125
36196.103515625
36530.1240234375
36841.3544921875
37129.375
37393.7978515625
37634.2705078125
37850.4794921875
38042.1416015625
38209.0146484375
38350.88671875
38467.5869140625
38558.9755859375
38624.951171875
38665.4482421875
38680.4365234375
38669.9208984375
38633.943359375
38572.58203125
38485.94921875
38374.1943359375
38237.5029296875
38076.095703125
37890.2314453125
37680.205078125
37446.34765625
37189.02734375
36908.6513671875
36605.6640625
36280.548828125
35933.8251953125
35566.0576171875
35177.8427734375
34769.82421875
34342.68359375
33897.142578125
33433.9677734375
32953.9619140625
32457.974609375
31946.8916015625
31421.6435546875
30883.197265625
30332.5654296875
29770.7890625
29198.9580078125
28618.1884765625
28029.6298828125
27434.4658203125
26833.90625
26229.18359375
25621.5537109375
25012.2880859375
24402.666015625
23793.982421875
23187.5302734375
22584.5966796875
21986.4638671875
21394.3974609375
20809.6455078125
20233.4228515625
19666.9169921875
19111.267578125
18567.57421875
18036.880859375
17520.169921875
17018.3603515625
16532.2958984375
16062.748046875
15610.3994140625
15175.8515625
14759.6103515625
14362.0869140625
13983.5908203125
13624.3388671875
13284.4345703125
12963.888671875
12662.59765625
12380.3603515625
12116.87109375
11871.7265625
11644.4228515625
11434.36328125
11240.8603515625
11063.1474609375
10900.3720703125
10751.6123046875
10615.8828125
10492.13671875
10379.27734375
10276.166015625
10181.630859375
10094.47265625
10013.478515625
9937.423828125
9865.087890625
9795.255859375
9726.7353515625
9658.3544921875
9588.9775390625
9517.5078125
9442.896484375
9364.1474609375
9280.322265625
9190.5458984375
9094.0146484375
8989.9892578125
8877.8095703125
8756.88671875
8626.7138671875
8486.85546875
8336.9560546875
8176.7353515625
8005.98828125
7824.583984375
7632.4560546875
7429.6103515625
7216.111328125
6992.0859375
6757.71484375
6513.23046875
6258.908203125
5995.0693359375
5722.0712890625
5440.298828125
5150.1728515625
4852.1357421875
4546.64453125
4234.18359375
3915.2421875
3590.3251953125
3259.943359375
2924.6181640625
2584.873046875
2241.2373046875
1894.2451171875
1544.4326171875
1192.3447265625
838.5263671875
483.533203125
127.9267578125
-227.720703125
-582.8251953125
-936.787109375
-1288.994140625
-1638.8134765625
-1985.591796875
-2328.6513671875
-2667.2919921875
-3000.7880859375
-3328.3828125
-3649.29296875
-3962.70703125
-4267.78125
-4563.6455078125
-4849.3994140625
-5124.1181640625
-5386.8505859375
-5636.626953125
-5872.45703125
-6093.333984375
-6298.2470703125
-6486.173828125
-6656.0966796875
-6807.0029296875
-6937.896484375
-7047.794921875
-7135.748046875
-7200.8388671875
-7242.189453125
-7258.9736328125
-7250.421875
-7215.8271484375
-7154.5576171875
-7066.0537109375
-6949.8466796875
-6805.556640625
-6632.900390625
-6431.693359375
-6201.8642578125
-5943.4453125
-5656.5849609375
-5341.5458984375
-4998.705078125
-4628.5595703125
-4231.7197265625
-3808.9130859375
-3360.9755859375
-2888.85546875
-2393.6044921875
-1876.375
-1338.4140625
-781.056640625
-205.7158203125
386.119140625
992.8984375
1613.0126953125
2244.810546875
2886.6015625
3536.6689453125
4193.2802734375
4854.6953125
5519.1767578125
6185.001953125
6850.4716796875
7513.9140625
8173.7041015625
8828.2607421875
9476.0615234375
10115.6484375
10745.6328125
11364.701171875
11971.6220703125
12565.248046875
13144.5185546875
13708.4638671875
14256.2041015625
14786.951171875
15300.0068359375
15794.7646484375
16270.703125
16727.3837890625
17164.447265625
17581.6142578125
17978.66796875
18355.45703125
18711.890625
19047.9228515625
19363.5517578125
19658.8095703125
19933.7509765625
20188.455078125
20423.005859375
20637.4853515625
20831.974609375
21006.5361328125
21161.2080078125
21295.9990234375
21410.8837890625
21505.7861328125
21580.5849609375
21635.107421875
21669.11328125
21682.30859375
21674.326171875
21644.7392578125
21593.0498046875
21518.69140625
21421.03125
21299.375
21152.96484375
20980.986328125
20782.5712890625
20556.8115234375
20302.7548828125
20019.4189453125
19705.806640625
19360.8984375
18983.6796875
18573.1474609375
18128.3154296875
17648.2353515625
17131.9990234375
16578.7666015625
15987.763671875
15358.306640625
14689.8095703125
13981.80078125
13233.935546875
12446.001953125
11617.9482421875
10749.880859375
9842.0791015625
8895.009765625
7909.330078125
6885.900390625
5825.7890625
4730.283203125
3600.880859375
2439.3095703125
1247.515625
27.6728515625
-1217.826171875
-2486.3671875
-3775.125
-5081.0673828125
-6400.9638671875
-7731.3955078125
-9068.7666015625
-10409.3212890625
-11749.1572265625
-13084.2373046875
-14410.416015625
-15723.458984375
-17019.056640625
-18292.8486328125
-19540.453125
-20757.486328125
-21939.5830078125
-23082.4326171875
-24181.7939453125
-25233.525390625
-26233.6142578125
-27178.1982421875
-28063.5869140625
-28886.2978515625
-29643.0703125
-30330.8916015625
-30947.0205078125
-31489.0009765625
-31954.6904296875
-32342.271484375
-32650.267578125
-32877.5537109375
-33023.3740234375
-33087.345703125
-33069.4658203125
-32970.1181640625
-32790.0703125
-32530.4775390625
-32192.8759765625
-31779.181640625
-31291.669921875
-30732.9814453125
-30106.0947265625
-29414.318359375
-28661.2666015625
-27850.84765625
-26987.2353515625
-26074.8447265625
-25118.3134765625
-24122.4658203125
-23092.2900390625
-22032.91015625
-20949.552734375
-19847.5185546875
-18732.146484375
-17608.7919921875
-16482.7841796875
-15359.408203125
-14243.865234375
-13141.244140625
-12056.49609375
-10994.40625
-9959.5673828125
-8956.357421875
-7988.912109375
-7061.109375
-6176.5478515625
-5338.529296875
-4550.04296875
-3813.759765625
-3132.0146484375
-2506.8017578125
-1939.765625
-1432.208984375
-985.07421875
-598.962890625
-274.125
-10.4736328125
192.4150390625
335.2783203125
419.1748046875
445.45703125
415.7607421875
331.9912109375
196.3046875
11.087890625
-221.0556640625
-497.3310546875
-814.76953125
-1170.25
-1560.5185546875
-1982.2119140625
-2431.875
-2905.9892578125
-3400.9833984375
-3913.2587890625
-4439.2109375
-4975.2421875
-5517.787109375
-6063.32421875
-6608.3955078125
-7149.619140625
-7683.7099609375
-8207.4833984375
-8717.8759765625
-9211.958984375
-9686.935546875
-10140.1650390625
-10569.1630859375
-10971.609375
-11345.3583984375
-11688.4404296875
-11999.068359375
-12275.6416015625
-12516.7431640625
-12721.154296875
-12887.84375
-13015.97265625
-13104.8955078125
-13154.1591796875
-13163.50390625
-13132.85546875
-13062.3271484375
-12952.220703125
-12803.0166015625
-12615.3759765625
-12390.1328125
-12128.291015625
-11831.0224609375
-11499.66015625
-11135.693359375
-10740.759765625
-10316.64453125
-9865.267578125
-9388.685546875
-8889.078125
-8368.7412109375
-7830.0830078125
-7275.6123046875
-6707.931640625
-6129.7314453125
-5543.7724609375
-4952.88671875
-4359.9580078125
-3767.921875
-3179.7412109375
-2598.41015625
-2026.9306640625
-1468.310546875
-925.5439453125
-401.6005859375
100.5810546875
578.1123046875
1028.1640625
1447.9814453125
1834.8935546875
2186.326171875
2499.8203125
2773.033203125
3003.7607421875
3189.9453125
3329.68359375
3421.244140625
3463.072265625
3453.7978515625
3392.25390625
3277.4755859375
3108.708984375
2885.4208984375
2607.3037109375
2274.27734375
1886.494140625
1444.34375
948.451171875
399.677734375
-200.8759765625
-851.876953125
-1551.763671875
-2298.7451171875
-3090.8095703125
-3925.7314453125
-4801.080078125
-5714.228515625
-6662.359375
-7642.482421875
-8651.44921875
-9685.94921875
-10742.5498046875
-11817.6884765625
-12907.7021484375
-14008.83984375
-15117.2802734375
-16229.1474609375
-17340.53125
-18447.50390625
-19546.14453125
-20632.5458984375
-21702.849609375
-22753.25
-23780.0205078125
-24779.53515625
-25748.2763671875
-26682.8603515625
-27580.0498046875
-28436.7783203125
-29250.150390625
-30017.47265625
-30736.25390625
-31404.228515625
-32019.3544921875
-32579.8388671875
-33084.1337890625
-33530.951171875
-33919.2607421875
-34248.306640625
-34517.59765625
-34726.91796875
-34876.3203125
-34966.1298828125
-34996.9384765625
-34969.5966796875
-34885.216796875
-34745.1572265625
-34551.017578125
-34304.6279296875
-34008.03515625
-33663.4951171875
-33273.4580078125
-32840.548828125
-32367.560546875
-31857.4287109375
-31313.2265625
-30738.13671875
-30135.4375
-29508.48828125
-28860.705078125
-28195.552734375
-27516.5126953125
-26827.078125
-26130.7294921875
-25430.9189453125
-24731.0537109375
-24034.48046875
-23344.4677734375
-22664.1962890625
-21996.740234375
-21345.0556640625
-20711.9697265625
-20100.16796875
-19512.1875
-18950.4013671875
-18417.01953125
-17914.07421875
-17443.4208984375
-17006.7236328125
-16605.4638671875
-16240.9267578125
-15914.2041015625
-15626.1953125
-15377.599609375
-15168.92578125
-15000.484375
-14872.396484375
-14784.59375
-14736.8193359375
-14728.634765625
-14759.4189453125
-14828.3798828125
-14934.55078125
-15076.798828125
-15253.8310546875
-15464.1962890625
-15706.294921875
-15978.376953125
-16278.5546875
-16604.8056640625
-16954.9794921875
-17326.796875
-17717.869140625
-18125.6865234375
-18547.6416015625
-18981.0244140625
-19423.0341796875
-19870.7841796875
-20321.310546875
-20771.580078125
-21218.494140625
-21658.9033203125
-22089.61328125
-22507.396484375
-22908.9951171875
-23291.140625
-23650.564453125
-23984.00390625
-24288.2138671875
-24559.9931640625
-24796.1796875
-24993.6787109375
-25149.47265625
-25260.63671875
-25324.349609375
-25337.9208984375
-25298.7958984375
-25204.578125
-25053.0419921875
-24842.1552734375
-24570.087890625
-24235.2275390625
-23836.20703125
-23371.8994140625
-22841.4521484375
-22244.2822265625
-21580.10546875
-20848.9287109375
-20051.07421875
-19187.1826171875
-18258.216796875
-17265.4697265625
-16210.56640625
-15095.466796875
-13922.462890625
-12694.1728515625
-11413.5439453125
-10083.83984375
-8708.6298828125
-7291.7841796875
-5837.453125
-4350.060546875
-2834.2744140625
-1294.9990234375
262.654296875
1833.38671875
3411.734375
4992.0986328125
6568.7685546875
8135.9580078125
9687.8212890625
11218.4931640625
12722.1171875
14192.8779296875
15625.0234375
17012.9072265625
18351.01171875
19633.978515625
20856.6416015625
22014.0498046875
23101.4970703125
24114.546875
25049.0576171875
25901.203125
26667.494140625
27344.7978515625
27930.349609375
28421.775390625
28817.09765625
29114.7431640625
29313.5576171875
29412.8046875
29412.1689453125
29311.7587890625
29112.1015625
28814.1416015625
28419.228515625
27929.1103515625
27345.9267578125
26672.1884765625
25910.7666015625
25064.873046875
24138.048828125
23134.134765625
22057.2568359375
20911.798828125
19702.384765625
18433.8515625
17111.224609375
15739.69140625
14324.5810546875
12871.3310546875
11385.466796875
9872.576171875
8338.28125
6788.216796875
5228.001953125
3663.2216796875
2099.4013671875
541.9853515625
-1003.6875
-2532.396484375
-4039.0634765625
-5518.7666015625
-6966.763671875
-8378.4970703125
-9749.6162109375
-11075.984375
-12353.6943359375
-13579.0771484375
-14748.7041015625
-15859.40625
-16908.2705078125
-17892.6455078125
-18810.1533203125
-19658.6806640625
-20436.384765625
-21141.6953125
-21773.3125
-22330.1982421875
-22811.583984375
-23216.9638671875
-23546.078125
-23798.923828125
-23975.740234375
-24076.9970703125
-24103.3984375
-24055.861328125
-23935.517578125
-23743.6962890625
-23481.9169921875
-23151.87890625
-22755.447265625
-22294.650390625
-21771.6552734375
-21188.765625
-20548.4091796875
-19853.119140625
-19105.529296875
-18308.3623046875
-17464.4052734375
-16576.513671875
-15647.591796875
-14680.5810546875
-13678.4462890625
-12644.1728515625
-11580.744140625
-10491.140625
-9378.32421875
-8245.232421875
-7094.7626953125
-5929.76953125
-4753.0546875
-3567.3564453125
-2375.3466796875
-1179.619140625
17.3115234375
1213.015625
2405.1591796875
3591.5
4769.8955078125
5938.3037109375
7094.7890625
8237.5166015625
9364.7578125
10474.8876953125
11566.392578125
12637.8525390625
13687.953125
14715.482421875
15719.31640625
16698.4326171875
17651.8896484375
18578.8349609375
19478.4931640625
20350.1650390625
21193.220703125
22007.0966796875
22791.28515625
23545.3330078125
24268.8359375
24961.4296875
25622.7880859375
26252.619140625
26850.6513671875
27416.642578125
27950.3603515625
28451.5888671875
28920.1240234375
29355.7626953125
29758.30859375
30127.5654296875
30463.3330078125
30765.4150390625
31033.6083984375
31267.70703125
31467.5048828125
31632.794921875
31763.3671875
31859.01953125
31919.552734375
31944.7802734375
31934.5244140625
31888.6279296875
31806.958984375
31689.4091796875
31535.90625
31346.4169921875
31120.9541015625
30859.5810546875
30562.421875
30229.662109375
29861.560546875
29458.453125
29020.7587890625
28548.9814453125
28043.7265625
27505.6923828125
26935.68359375
26334.6123046875
25703.5
25043.4814453125
24355.806640625
23641.845703125
22903.0771484375
22141.1015625
21357.6279296875
20554.4833984375
19733.5947265625
18896.998046875
18046.82421875
17185.2978515625
16314.72265625
15437.484375
14556.03125
13672.8701171875
12790.5537109375
11911.666015625
11038.8203125
10174.6357421875
9321.7275390625
8482.701171875
7660.1259765625
6856.529296875
6074.3837890625
5316.08984375
4583.962890625
3880.2197265625
3206.9677734375
2566.19140625
1959.7373046875
1389.3095703125
856.451171875
362.544921875
-91.20703125
-503.779296875
-874.3388671875
-1202.2431640625
-1487.0498046875
-1728.51171875
-1926.587890625
-2081.435546875
-2193.4111328125
-2263.0693359375
-2291.1591796875
-2278.6162109375
-2226.5537109375
-2136.2666015625
-2009.20703125
-1846.9873046875
-1651.359375
-1424.2109375
-1167.548828125
-883.4873046875
-574.234375
-242.072265625
110.646484375
481.51953125
868.1181640625
1267.9833984375
1678.658203125
2097.69140625
2522.65625
2951.1640625
3380.876953125
3809.5205078125
4234.89453125
4654.8818359375
5067.46875
5470.7431640625
5862.90625
6242.2822265625
6607.32421875
6956.6142578125
7288.8798828125
7602.98046875
7897.92578125
8172.8662109375
8427.0966796875
8660.060546875
8871.33984375
9060.658203125
9227.8798828125
9372.9970703125
9496.13671875
9597.5498046875
9677.6044921875
9736.783203125
9775.6767578125
9794.9755859375
9795.4638671875
9778.0166015625
9743.5849609375
9693.197265625
9627.947265625
9548.98828125
9457.52734375
9354.8203125
9242.16015625
9120.876953125
8992.326171875
8857.890625
8718.9658203125
8576.962890625
8433.296875
8289.388671875
8146.6533203125
8006.505859375
7870.34375
7739.552734375
7615.50390625
7499.541015625
7392.9892578125
7297.1396484375
7213.2529296875
7142.5546875
7086.2333984375
7045.43359375
7021.2568359375
7014.7529296875
7026.9228515625
7058.71484375
7111.013671875
7184.64453125
7280.37109375
7398.8837890625
7540.806640625
7706.6865234375
7896.9931640625
8112.119140625
8352.37109375
8617.9677734375
8909.048828125
9225.65234375
9567.734375
9935.1533203125
10327.671875
10744.958984375
11186.5869140625
11652.03515625
12140.681640625
12651.814453125
13184.626953125
13738.220703125
14311.607421875
14903.7119140625
15513.3759765625
16139.36328125
16780.357421875
17434.97265625
18101.759765625
18779.201171875
19465.7314453125
20159.7294921875
20859.5322265625
21563.439453125
22269.7197265625
22976.6181640625
23682.361328125
24385.1640625
25083.2421875
25774.8076171875
26458.087890625
27131.3203125
27792.771484375
28440.7333984375
29073.533203125
29689.53515625
30287.15625
30864.8603515625
31421.166015625
31954.6552734375
32463.970703125
32947.8291015625
33405.013671875
33834.3828125
34234.875
34605.5068359375
34945.3759765625
35253.6669921875
35529.6455078125
35772.666015625
35982.166015625
36157.6767578125
36298.8154296875
36405.28515625
36476.876953125
36513.4736328125
36515.0439453125
36481.6435546875
36413.4150390625
36310.5869140625
36173.474609375
36002.474609375
35798.0703125
35560.826171875
35291.388671875
34990.4814453125
34658.9091796875
34297.5576171875
33907.3798828125
33489.4111328125
33044.7568359375
32574.5947265625
32080.166015625
31562.7861328125
31023.8310546875
30464.740234375
29887.0107421875
29292.201171875
28681.9189453125
28057.8232421875
27421.6220703125
26775.0654296875
26119.9423828125
25458.0791015625
24791.330078125
24121.576171875
23450.7216796875
22780.6865234375
22113.3984375
21450.7978515625
20794.8173828125
20147.3876953125
19510.427734375
18885.8388671875
18275.498046875
17681.251953125
17104.9140625
16548.251953125
16012.98828125
15500.79296875
15013.26953125
14551.9638671875
14118.345703125
13713.8095703125
13339.66796875
12997.1474609375
12687.3798828125
12411.40625
12170.1640625
11964.48828125
11795.10546875
11662.6318359375
11567.572265625
11510.3154296875
11491.1298828125
11510.169921875
11567.462890625
11662.923828125
11796.3369140625
11967.3720703125
12175.572265625
12420.365234375
12701.0546875
13016.8271484375
13366.7578125
13749.80078125
14164.802734375
14610.5029296875
15085.5322265625
15588.421875
16117.603515625
16671.41796875
17248.11328125
17845.857421875
18462.7353515625
19096.7578125
19745.8701171875
20407.953125
21080.8291015625
21762.2734375
22450.015625
23141.7470703125
23835.130859375
24527.8046875
25217.392578125
25901.5068359375
26577.7587890625
27243.7666015625
27897.162109375
28535.59765625
29156.7509765625
29758.341796875
30338.1318359375
30893.9326171875
31423.61328125
31925.1103515625
32396.4345703125
32835.677734375
33241.0107421875
33610.7060546875
33943.130859375
34236.7568359375
34490.16796875
34702.060546875
34871.25390625
34996.6904296875
35077.4365234375
35112.6953125
35101.7998046875
35044.2197265625
34939.5625
34787.57421875
34588.1396484375
34341.2822265625
34047.1669921875
33706.09375
33318.5
32884.95703125
32406.1669921875
31882.9619140625
31316.296875
30707.25
30057.0166015625
29366.9033203125
28638.3232421875
27872.794921875
27071.9287109375
26237.4306640625
25371.0888671875
24474.771484375
23550.4189453125
22600.0400390625
21625.7041015625
20629.53125
19613.6982421875
18580.4130859375
17531.9296875
16470.52734375
15398.509765625
14318.2021484375
13231.94140625
12142.0732421875
11050.9453125
9960.9052734375
8874.29296875
7793.435546875
6720.6455078125
5658.2158203125
4608.41015625
3573.4697265625
2555.5966796875
1556.9609375
579.685546875
-374.146484375
-1302.505859375
-2203.4130859375
-3074.94921875
-3915.2548828125
-4722.5380859375
-5495.0751953125
-6231.21875
-6929.4013671875
-7588.1357421875
-8206.0263671875
-8781.7685546875
-9314.1572265625
-9802.087890625
-10244.5634765625
-10640.7021484375
-10989.7353515625
-11291.0185546875
-11544.0322265625
-11748.38671875
-11903.830078125
-12010.25
-12067.66796875
-12076.263671875
-12036.35546875
-11948.419921875
-11813.0810546875
-11631.12109375
-11403.4755859375
-11131.2353515625
-10815.6455078125
-10458.1064453125
-10060.1650390625
-9623.5205078125
-9150.0146484375
-8641.6279296875
-8100.4736328125
-7528.796875
-6928.9599609375
-6303.4384765625
-5654.8095703125
-4985.748046875
-4299.0087890625
-3597.419921875
-2883.869140625
-2161.294921875
-1432.66796875
-700.9814453125
30.763671875
759.5703125
1482.4619140625
2196.5029296875
2898.798828125
3586.5205078125
4256.919921875
4907.3369140625
5535.2158203125
6138.1240234375
6713.75390625
7259.9423828125
7774.6787109375
8256.119140625
8702.58984375
9112.5986328125
9484.8447265625
9818.220703125
10111.8193359375
10364.94140625
10577.0888671875
10747.9794921875
10877.537109375
10965.89453125
11013.3916015625
11020.572265625
10988.1796875
10917.1494140625
10808.603515625
10663.8466796875
10484.3515625
10271.7529296875
10027.837890625
9754.529296875
9453.8798828125
9128.0595703125
8779.3388671875
8410.0771484375
8022.708984375
7619.73046875
7203.6865234375
6777.1513671875
6342.720703125
5902.9951171875
5460.5654296875
5017.9970703125
4577.8251953125
4142.53125
3714.5380859375
3296.1962890625
2889.76953125
2497.4296875
2121.2431640625
1763.1650390625
1425.0234375
1108.525390625
815.232421875
546.572265625
303.8193359375
88.1005859375
-99.6142578125
-258.5126953125
-387.939453125
-487.40625
-556.5791015625
-595.2890625
-603.525390625
-581.4345703125
-529.322265625
-447.6416015625
-336.9990234375
-198.140625
-31.958984375
160.525390625
378.158203125
619.666015625
883.658203125
1168.6376953125
1473.001953125
1795.0576171875
2133.02734375
2485.0556640625
2849.2197265625
3223.537109375
3605.9765625
3994.4658203125
4386.9052734375
4781.171875
5175.12890625
5566.6484375
5953.603515625
6333.8896484375
6705.4326171875
7066.19921875
7414.2041015625
7747.525390625
8064.306640625
8362.775390625
8641.2470703125
8898.1337890625
9131.953125
9341.341796875
9525.056640625
9681.9853515625
9811.1513671875
9911.7255859375
9983.021484375
10024.5068359375
10035.8115234375
10016.720703125
9967.18359375
9887.3125
9777.3828125
9637.8359375
9469.26953125
9272.4443359375
9048.275390625
8797.8232421875
8522.2958984375
8223.0380859375
7901.5224609375
7559.3388671875
7198.19140625
6819.87890625
6426.2890625
6019.3828125
5601.185546875
5173.7666015625
4739.23046875
4299.6982421875
3857.2998046875
3414.1455078125
2972.3271484375
2533.888671875
2100.8212890625
1675.041015625
1258.380859375
852.5751953125
459.244140625
79.8857421875
-284.1376953125
-631.611328125
-961.46875
-1272.810546875
-1564.8994140625
-1837.173828125
-2089.248046875
-2320.912109375
-2532.1328125
-2723.052734375
-2893.986328125
-3045.4189453125
-3177.990234375
-3292.4990234375
-3389.8837890625
-3471.216796875
-3537.69140625
-3590.6064453125
-3631.349609375
-3661.3916015625
-3682.25390625
-3695.50390625
-3702.734375
-3705.5419921875
-3705.5068359375
-3704.18359375
-3703.0673828125
-3703.5908203125
-3707.1005859375
-3714.833984375
-3727.9111328125
-3747.31640625
-3773.8818359375
-3808.28125
-3851.0107421875
-3902.3818359375
-3962.5185546875
-4031.3408203125
-4108.5732421875
-4193.728515625
-4286.12109375
-4384.8544921875
-4488.83984375
-4596.791015625
-4707.234375
-4818.5244140625
-4928.849609375
-5036.2451171875
-5138.6162109375
-5233.7451171875
-5319.314453125
-5392.92578125
-5452.125
-5494.4140625
-5517.2841796875
-5518.2275390625
-5494.7724609375
-5444.4970703125
-5365.0595703125
-5254.216796875
-5109.84765625
-4929.974609375
-4712.7900390625
-4456.6669921875
-4160.1787109375
-3822.1259765625
-3441.5400390625
-3017.7041015625
-2550.1552734375
-2038.70703125
-1483.4462890625
-884.740234375
-243.244140625
440.1044921875
1164.0869140625
1927.203125
2727.681640625
3563.4912109375
4432.345703125
5331.7216796875
6258.873046875
7210.8466796875
8184.5009765625
9176.5302734375
10183.4814453125
11201.775390625
12227.7421875
13257.6318359375
14287.6494140625
15313.9716796875
16332.78515625
17340.298828125
18332.783203125
19306.580078125
20258.142578125
21184.0419921875
22081.0078125
22945.9326171875
23775.904296875
24568.2158203125
25320.384765625
26030.1689453125
26695.5751953125
27314.8740234375
27886.60546875
28409.5849609375
28882.908203125
29305.953125
29678.380859375
30000.1298828125
30271.4111328125
30492.7080078125
30664.7587890625
30788.5517578125
30865.3125
30896.4853515625
30883.7265625
30828.876953125
30733.953125
30601.1259765625
30432.6982421875
30231.0859375
29998.7958984375
29738.4111328125
29452.5595703125
29143.90234375
28815.107421875
28468.828125
28107.6904296875
27734.265625
27351.0576171875
26960.4833984375
26564.8583984375
26166.3798828125
25767.115234375
25368.9931640625
24973.7880859375
24583.11328125
24198.4150390625
23820.9677734375
23451.8681640625
23092.0390625
22742.2177734375
22402.9736328125
22074.6953125
21757.607421875
21451.7685546875
21157.08203125
20873.3076171875
20600.068359375
20336.8603515625
20083.06640625
19837.9736328125
19600.7802734375
19370.6103515625
19146.53515625
18927.5810546875
18712.7509765625
18501.03515625
18291.4267578125
18082.9404296875
17874.6220703125
17665.568359375
17454.9365234375
17241.9560546875
17025.9453125
16806.3203125
16582.60546875
16354.4384765625
16121.58203125
15883.9326171875
15641.51953125
15394.5166015625
15143.232421875
14888.1259765625
14629.7998046875
14368.9931640625
14106.587890625
13843.6005859375
13581.1728515625
13320.57421875
13063.1806640625
12810.4775390625
12564.0419921875
12325.5380859375
12096.69140625
11879.29296875
11675.171875
11486.1904296875
11314.220703125
11161.134765625
11028.791015625
10919.0087890625
10833.5654296875
10774.1708984375
10742.45703125
10739.9619140625
10768.1142578125
10828.2197265625
10921.4482421875
11048.822265625
11211.205078125
11409.2890625
11643.5859375
11914.423828125
12221.9296875
12566.0361328125
12946.46875
13362.7470703125
13814.181640625
14299.873046875
14818.7177734375
15369.40625
15950.431640625
16560.08984375
17196.4951171875
17857.5849609375
18541.125
19244.73046875
19965.869140625
20701.880859375
21449.9892578125
22207.3193359375
22970.9091796875
23737.732421875
24504.7158203125
25268.7431640625
26026.6953125
26775.451171875
27511.91015625
28233.0126953125
28935.7529296875
29617.2041015625
30274.5244140625
30904.9765625
31505.9482421875
32074.95703125
32609.6708984375
33107.91015625
33567.6708984375
33987.123046875
34364.6220703125
34698.71484375
34988.142578125
35231.849609375
35428.9775390625
35578.8671875
35681.0576171875
35735.2880859375
35741.482421875
35699.751953125
35610.3857421875
35473.8349609375
35290.716796875
35061.7900390625
34787.951171875
34470.216796875
34109.7109375
33707.65234375
33265.341796875
32784.1396484375
32265.458984375
31710.744140625
31121.462890625
30499.0810546875
29845.05859375
29160.8349609375
28447.810546875
27707.3388671875
26940.71484375
26149.16796875
25333.84765625
24495.82421875
23636.0751953125
22755.490234375
21854.857421875
20934.873046875
19996.1357421875
19039.1474609375
18064.3251953125
17071.9970703125
16062.4111328125
15035.748046875
13992.123046875
12931.60546875
11854.2177734375
10759.9619140625
9648.8212890625
8520.7822265625
7375.8427734375
6214.03125
5035.4208984375
3840.1416015625
2628.400390625
1400.48828125
156.798828125
-1102.1552734375
-2375.740234375
-3663.1806640625
-4963.552734375
-6275.77734375
-7598.6103515625
-8930.6376953125
-10270.2744140625
-11615.7568359375
-12965.1455078125
-14316.328125
-15667.0205078125
-17014.775390625
-18356.9833984375
-19690.88671875
-21013.591796875
-22322.0771484375
-23613.2119140625
-24883.76953125
-26130.4462890625
-27349.87890625
-28538.662109375
-29693.3740234375
-30810.599609375
-31886.9423828125
-32919.056640625
-33903.66796875
-34837.5908203125
-35717.7578125
-36541.2392578125
-37305.2626953125
-38007.2353515625
-38644.7626953125
-39215.666015625
-39718.0
-40150.0712890625
-40510.4443359375
-40797.9609375
-41011.7431640625
-41151.203125
-41216.052734375
-41206.3037109375
-41122.26171875
-40964.5390625
-40734.0361328125
-40431.947265625
-40059.7490234375
-39619.1865234375
-39112.263671875
-38541.2333984375
-37908.5732421875
-37216.9765625
-36469.3271484375
-35668.6845703125
-34818.2578125
-33921.384765625
-32981.5146484375
-32002.17578125
-30986.9599609375
-29939.4921875
-28863.412109375
-27762.3515625
-26639.9052734375
-25499.6201171875
-24344.962890625
-23179.3076171875
-22005.91796875
-20827.923828125
-19648.3173828125
-18469.9267578125
-17295.4130859375
-16127.2568359375
-14967.751953125
-13818.998046875
-12682.8994140625
-11561.158203125
-10455.27734375
-9366.5615234375
-8296.12109375
-7244.880859375
-6213.5791015625
-5202.783203125
-4212.8935546875
-3244.16015625
-2296.6923828125
-1370.4716796875
-465.3642578125
418.859375
1282.5166015625
2125.994140625
2949.73046875
3754.2060546875
4539.923828125
5307.3974609375
6057.138671875
6789.638671875
7505.36328125
8204.73828125
8888.1357421875
9555.8701171875
10208.193359375
10845.275390625
11467.2109375
12074.015625
12665.6103515625
13241.83984375
13802.4541015625
14347.1201171875
14875.4208984375
15386.8623046875
15880.87109375
16356.8076171875
16813.970703125
17251.5986328125
17668.8857421875
18064.9873046875
18439.0283203125
18790.109375
19117.322265625
19419.7578125
19696.513671875
19946.701171875
20169.462890625
20363.9716796875
20529.4482421875
20665.16015625
20770.4365234375
20844.671875
20887.330078125
20897.955078125
20876.16796875
20821.681640625
20734.29296875
20613.890625
20460.4580078125
20274.0703125
20054.8955078125
19803.197265625
19519.3291015625
19203.736328125
18856.9521484375
18479.5947265625
18072.3623046875
17636.033203125
17171.4619140625
16679.5673828125
16161.3388671875
15617.822265625
15050.123046875
14459.39453125
13846.8369140625
13213.69140625
12561.232421875
11890.767578125
11203.62890625
10501.1689453125
9784.7568359375
9055.7744140625
8315.6044921875
7565.640625
6807.267578125
6041.8642578125
5270.802734375
4495.4384765625
3717.1064453125
2937.123046875
2156.775390625
1377.3212890625
599.9853515625
-174.0439453125
-943.6220703125
-1707.6435546875
-2465.0556640625
-3214.853515625
-3956.0849609375
-4687.8564453125
-5409.3330078125
-6119.744140625
-6818.3759765625
-7504.5908203125
-8177.8134765625
-8837.537109375
-9483.3271484375
-10114.8232421875
-10731.7314453125
-11333.8310546875
-11920.97265625
-12493.0712890625
-13050.1162109375
-13592.154296875
-14119.2958984375
-14631.7138671875
-15129.6279296875
-15613.3076171875
-16083.0693359375
-16539.26171875
-16982.2666015625
-17412.490234375
-17830.353515625
-18236.2841796875
-18630.7119140625
-19014.0595703125
-19386.734375
-19749.11328125
-20101.5439453125
-20444.3310546875
-20777.732421875
-21101.9443359375
-21417.099609375
-21723.263671875
-22020.4189453125
-22308.466796875
-22587.2265625
-22856.416015625
-23115.673828125
-23364.5322265625
-23602.43359375
-23828.7275390625
-24042.6728515625
-24243.4345703125
-24430.09765625
-24601.6669921875
-24757.083984375
-24895.2138671875
-25014.8828125
-25114.8662109375
-25193.9091796875
-25250.7421875
-25284.0830078125
-25292.6669921875
-25275.2451171875
-25230.6083984375
-25157.6015625
-25055.1357421875
-24922.2060546875
-24757.9072265625
-24561.4453125
-24332.154296875
-24069.5078125
-23773.1337890625
-23442.822265625
-23078.54296875
-22680.4453125
-22248.8759765625
-21784.376953125
-21287.6923828125
-20759.7744140625
-20201.787109375
-19615.0947265625
-19001.2724609375
-18362.0927734375
-17699.52734375
-17015.7314453125
-16313.044921875
-15593.966796875
-14861.1591796875
-14117.4208984375
-13365.6767578125
-12608.9609375
-11850.3955078125
-11093.1806640625
-10340.5634765625
-9595.8271484375
-8862.265625
-8143.1611328125
-7441.7724609375
-6761.296875
-6104.8701171875
-5475.529296875
-4876.19921875
-4309.6796875
-3778.6162109375
-3285.4931640625
-2832.609375
-2422.0693359375
-2055.7734375
-1735.3974609375
-1462.3896484375
-1237.958984375
-1063.07421875
-938.453125
-864.5634765625
-841.6162109375
-869.578125
-948.1630859375
-1076.8369140625
-1254.8310546875
-1481.140625
-1754.5380859375
-2073.5791015625
-2436.6201171875
-2841.82421875
-3287.17578125
-3770.4970703125
-4289.4541015625
-4841.58984375
-5424.3173828125
-6034.9541015625
-6670.7255859375
-7328.7890625
-8006.24609375
-8700.16015625
-9407.5693359375
-10125.5078125
-10851.009765625
-11581.134765625
-12312.9736328125
-13043.6669921875
-13770.4091796875
-14490.4697265625
-15201.1953125
-15900.021484375
-16584.4814453125
-17252.2177734375
-17900.984375
-18528.650390625
-19133.212890625
-19712.796875
-20265.6552734375
-20790.181640625
-21284.8994140625
-21748.4765625
-22179.716796875
-22577.5654296875
-22941.1025390625
-23269.5537109375
-23562.27734375
-23818.76953125
-24038.6640625
-24221.7236328125
-24367.841796875
-24477.04296875
-24549.474609375
-24585.4111328125
-24585.2421875
-24549.4794921875
-24478.7451171875
-24373.77734375
-24235.4150390625
-24064.6103515625
-23862.412109375
-23629.9677734375
-23368.521484375
-23079.404296875
-22764.037109375
-22423.923828125
-22060.646484375
-21675.86328125
-21271.30078125
-20848.7509765625
-20410.0654296875
-19957.1552734375
-19491.974609375
-19016.5244140625
-18532.8427734375
-18043.0009765625
-17549.0947265625
-17053.2333984375
-16557.5400390625
-16064.1396484375
-15575.15625
-15092.6962890625
-14618.849609375
-14155.6748046875
-13705.1962890625
-13269.3916015625
-12850.1865234375
-12449.443359375
-12068.955078125
-11710.4365234375
-11375.5185546875
-11065.7353515625
-10782.521484375
-10527.203125
-10300.994140625
-10104.9833984375
-9940.1337890625
-9807.279296875
-9707.1162109375
-9640.2001953125
-9606.94140625
-9607.6064453125
-9642.3125
-9711.0302734375
-9813.5771484375
-9949.6240234375
-10118.6943359375
-10320.1650390625
-10553.271484375
-10817.109375
-11110.6416015625
-11432.6982421875
-11781.9892578125
-12157.10546875
-12556.529296875
-12978.6396484375
-13421.7236328125
-13883.98046875
-14363.53515625
-14858.4462890625
-15366.71484375
-15886.2958984375
-16415.107421875
-16951.0400390625
-17491.966796875
-18035.7607421875
-18580.291015625
-19123.4453125
-19663.134765625
-20197.298828125
-20723.919921875
-21241.03125
-21746.7236328125
-22239.1484375
-22716.5341796875
-23177.1806640625
-23619.474609375
-24041.8896484375
-24442.9892578125
-24821.435546875
-25175.984375
-25505.4931640625
-25808.919921875
-26085.328125
-26333.8759765625
-26553.828125
-26744.5478515625
-26905.4951171875
-27036.2275390625
-27136.3974609375
-27205.7431640625
-27244.0927734375
-27251.3564453125
-27227.5234375
-27172.658203125
-27086.8935546875
-26970.431640625
-26823.53515625
-26646.51953125
-26439.763671875
-26203.681640625
-25938.744140625
-25645.4560546875
-25324.361328125
-24976.0390625
-24601.09765625
-24200.1748046875
-23773.9326171875
-23323.0595703125
-22848.2646484375
-22350.2763671875
-21829.845703125
-21287.7392578125
-20724.7431640625
-20141.66015625
-19539.3115234375
-18918.53515625
-18280.189453125
-17625.1455078125
-16954.2978515625
-16268.556640625
-15568.8505859375
-14856.1318359375
-14131.3662109375
-13395.54296875
-12649.6669921875
-11894.7646484375
-11131.87890625
-10362.068359375
-9586.4140625
-8805.9990234375
-8021.927734375
-7235.3134765625
-6447.2724609375
-5658.9296875
-4871.408203125
-4085.8310546875
-3303.3095703125
-2524.951171875
-1751.845703125
-985.060546875
-225.642578125
525.390625
1267.0537109375
1998.4052734375
2718.541015625
3426.60546875
4121.80078125
4803.375
5470.64453125
6122.98828125
6759.8466796875
7380.736328125
7985.2421875
8573.021484375
9143.8095703125
9697.416015625
10233.7236328125
10752.6904296875
11254.349609375
11738.80859375
12206.2392578125
12656.880859375
13091.0390625
13509.076171875
13911.412109375
14298.5107421875
14670.8857421875
15029.087890625
15373.697265625
15705.3251953125
16024.6005859375
16332.166015625
16628.6689453125
16914.7626953125
17191.087890625
17458.2763671875
17716.9404296875
17967.66796875
18211.017578125
18447.5107421875
18677.6328125
18901.8212890625
19120.46875
19333.9150390625
19542.447265625
19746.2978515625
19945.640625
20140.591796875
20331.208984375
20517.4970703125
20699.3955078125
20876.79296875
21049.52734375
21217.3779296875
21380.08203125
21537.3291015625
21688.7685546875
21834.009765625
21972.6337890625
22104.1865234375
22228.1943359375
22344.1650390625
22451.5849609375
22549.9375
22638.69921875
22717.3447265625
22785.3525390625
22842.2138671875
22887.4267578125
22920.5126953125
22941.0087890625
22948.478515625
22942.513671875
22922.7373046875
22888.802734375
22840.4013671875
22777.263671875
22699.158203125
22605.896484375
22497.33203125
22373.361328125
22233.927734375
22079.01953125
21908.669921875
21722.958984375
21522.013671875
21306.0068359375
21075.1572265625
20829.7294921875
20570.0361328125
20296.4306640625
20009.314453125
19709.1328125
19396.375
19071.5693359375
18735.29296875
18388.1591796875
18030.822265625
17663.9794921875
17288.36328125
16904.7431640625
16513.9296875
16116.7578125
15714.107421875
15306.87890625
14896.009765625
14482.4580078125
14067.2080078125
13651.265625
13235.65625
12821.416015625
12409.5966796875
12001.255859375
11597.453125
11199.2509765625
10807.69921875
10423.8447265625
10048.7119140625
9683.30859375
9328.61328125
8985.5751953125
8655.1005859375
8338.05859375
8035.265625
7747.486328125
7475.421875
7219.7138671875
6980.9296875
6759.5654296875
6556.0361328125
6370.6806640625
6203.7470703125
6055.3984375
5925.7080078125
5814.6611328125
5722.1474609375
5647.9658203125
5591.828125
5553.357421875
5532.0869140625
5527.46875
5538.876953125
5565.611328125
5606.9013671875
5661.916015625
5729.7685546875
5809.521484375
5900.201171875
6000.8017578125
6110.291015625
6227.626953125
6351.7626953125
6481.66015625
6616.2890625
6754.6533203125
6895.787109375
7038.7666015625
7182.7275390625
7326.859375
7470.42578125
7612.7705078125
7753.3115234375
7891.5673828125
8027.142578125
8159.7470703125
8289.1875
8415.37890625
8538.3408203125
8658.19921875
8775.18359375
8889.626953125
9001.96484375
9112.72265625
9222.5234375
9332.0703125
9442.14453125
9553.6005859375
9667.3505859375
9784.3623046875
9905.640625
10032.2265625
10165.181640625
10305.576171875
10454.478515625
10612.947265625
10782.0107421875
10962.6689453125
11155.869140625
11362.5029296875
11583.3955078125
11819.2919921875
12070.8525390625
12338.6376953125
12623.1103515625
12924.6181640625
13243.39453125
13579.5478515625
13933.06640625
14303.8037109375
14691.4833984375
15095.6953125
15515.900390625
15951.419921875
16401.453125
16865.0625
17341.1943359375
17828.671875
18326.201171875
18832.3837890625
19345.71875
19864.609375
20387.375
20912.25390625
21437.4169921875
21960.97265625
22480.9873046875
22995.470703125
23502.4169921875
23999.787109375
24485.53515625
24957.6123046875
25413.974609375
25852.59375
26271.4677734375
26668.6279296875
27042.1455078125
27390.1396484375
27710.791015625
28002.3388671875
28263.09765625
28491.4541015625
28685.876953125
28844.9248046875
28967.248046875
29051.58984375
29096.798828125
29101.8203125
29065.7109375
28987.63671875
28866.87109375
28702.80859375
28494.94921875
28242.9169921875
27946.44921875
27605.4033203125
27219.7548828125
26789.6005859375
26315.1552734375
25796.7509765625
25234.841796875
24629.9990234375
23982.912109375
23294.390625
22565.3525390625
21796.83984375
20990.0
20146.09765625
19266.50390625
18352.7001953125
17406.26953125
16428.900390625
15422.37890625
14388.5869140625
13329.501953125
12247.1845703125
11143.7841796875
10021.525390625
8882.7109375
7729.708984375
6564.9501953125
5390.9228515625
4210.1669921875
3025.259765625
1838.8203125
653.4873046875
-528.0732421875
-1703.1884765625
-2869.181640625
-4023.384765625
-5163.142578125
-6285.8251953125
-7388.8388671875
-8469.630859375
-9525.7021484375
-10554.615234375
-11554.0068359375
-12521.5908203125
-13455.173828125
-14352.65625
-15212.0537109375
-16031.48828125
-16809.2060546875
-17543.587890625
-18233.146484375
-18876.533203125
-19472.5556640625
-20020.16796875
-20518.482421875
-20966.767578125
-21364.458984375
-21711.1572265625
-22006.623046875
-22250.78515625
-22443.736328125
-22585.7353515625
-22677.19921875
-22718.7060546875
-22710.984375
-22654.9150390625
-22551.5234375
-22401.970703125
-22207.5556640625
-21969.6943359375
-21689.9248046875
-21369.888671875
-21011.330078125
-20616.0830078125
-20186.056640625
-19723.2373046875
-19229.6640625
-18707.4296875
-18158.6650390625
-17585.525390625
-16990.189453125
-16374.837890625
-15741.650390625
-15092.7939453125
-14430.41015625
-13756.611328125
-13073.4658203125
-12382.9912109375
-11687.1484375
-10987.8359375
-10286.8740234375
-9586.01171875
-8886.9091796875
-8191.1396484375
-7500.1865234375
-6815.4345703125
-6138.1748046875
-5469.59765625
-4810.7900390625
-4162.7470703125
-3526.357421875
-2902.4169921875
-2291.626953125
-1694.5947265625
-1111.8427734375
-543.8076171875
9.15234375
546.75
1068.7685546875
1575.046875
2065.482421875
2540.013671875
2998.625
3441.328125
3868.16015625
4279.1787109375
4674.4462890625
5054.03125
5417.99609375
5766.39453125
6099.263671875
6416.6123046875
6718.4287109375
7004.6640625
7275.2353515625
7530.017578125
7768.84375
7991.505859375
8197.7470703125
8387.2646484375
8559.7158203125
8714.7080078125
8851.8125
8970.5595703125
9070.447265625
9150.94140625
9211.484375
9251.5009765625
9270.4033203125
9267.5966796875
9242.4931640625
9194.5087890625
9123.0849609375
9027.689453125
8907.8212890625
8763.0283203125
8592.9130859375
8397.1357421875
8175.4306640625
7927.6103515625
7653.5712890625
7353.3046875
7026.90234375
6674.5625
6296.5927734375
5893.416015625
5465.5771484375
5013.740234375
4538.693359375
4041.3515625
3522.75
2984.048828125
2426.5283203125
1851.5849609375
1260.7294921875
655.5791015625
37.8486328125
-590.646484375
-1228.013671875
-1872.2763671875
-2521.396484375
-3173.2783203125
-3825.779296875
-4476.72265625
-5123.9150390625
-5765.1455078125
-6398.2119140625
-7020.9228515625
-7631.1162109375
-8226.673828125
-8805.5205078125
-9365.654296875
-9905.1455078125
-10422.1513671875
-10914.9267578125
-11381.833984375
-11821.3515625
-12232.0849609375
-12612.7685546875
-12962.2783203125
-13279.634765625
-13564.0078125
-13814.716796875
-14031.24609375
-14213.228515625
-14360.45703125
-14472.8857421875
-14550.623046875
-14593.9296875
-14603.2177734375
-14579.044921875
-14522.1123046875
-14433.251953125
-14313.4296875
-14163.7255859375
-13985.337890625
-13779.568359375
-13547.810546875
-13291.5439453125
-13012.330078125
-12711.791015625
-12391.6044921875
-12053.494140625
-11699.220703125
-11330.56640625
-10949.3291015625
-10557.3134765625
-10156.3134765625
-9748.111328125
-9334.4638671875
-8917.095703125
-8497.689453125
-8077.880859375
-7659.2431640625
-7243.29296875
-6831.4736328125
-6425.154296875
-6025.62109375
-5634.0791015625
-5251.642578125
-4879.3359375
-4518.0869140625
-4168.7255859375
-3831.9873046875
-3508.5068359375
-3198.822265625
-2903.3681640625
-2622.48828125
-2356.423828125
-2105.328125
-1869.25390625
-1648.1728515625
-1441.9677734375
-1250.4365234375
-1073.3017578125
-910.2119140625
-760.7451171875
-624.4140625
-500.673828125
-388.923828125
-288.5185546875
-198.763671875
-118.935546875
-48.271484375
14.0107421875
68.7138671875
116.6533203125
158.6533203125
195.5380859375
228.1240234375
257.22265625
283.625
308.1025390625
331.3994140625
354.2275390625
377.2626953125
401.1376953125
426.443359375
453.720703125
483.4560546875
516.08203125
551.9716796875
591.439453125
634.7333984375
682.041015625
733.48046875
789.1103515625
848.9208984375
912.83203125
980.70703125
1052.3408203125
1127.4697265625
1205.7666015625
1286.8544921875
1370.296875
1455.6103515625
1542.2666015625
1629.693359375
1717.28125
1804.3916015625
1890.35546875
1974.4873046875
2056.0791015625
2134.421875
2208.7958984375
2278.4873046875
2342.7900390625
2401.015625
2452.49609375
2496.5869140625
2532.6826171875
2560.2177734375
2578.6669921875
2587.5595703125
2586.484375
2575.0849609375
2553.0751953125
2520.2392578125
2476.43359375
2421.595703125
2355.740234375
2278.9677734375
2191.4619140625
2093.498046875
1985.4345703125
1867.7216796875
1740.8955078125
1605.580078125
1462.4892578125
1312.41796875
1156.244140625
994.9287109375
829.5029296875
661.0751953125
490.8203125
319.97265625
149.8271484375
-18.2666015625
-182.923828125
-342.7099609375
-496.16796875
-641.810546875
-778.1357421875
-903.6357421875
-1016.796875
-1116.1162109375
-1200.107421875
-1267.3046875
-1316.2783203125
-1345.638671875
-1354.0439453125
-1340.2138671875
-1302.92578125
-1241.037109375
-1153.4853515625
-1039.291015625
-897.5751953125
-727.55859375
-528.568359375
-300.0419921875
-41.541015625
247.255859375
566.541015625
916.3779296875
1296.7001953125
1707.2998046875
2147.83984375
2617.84375
3116.701171875
3643.6640625
4197.8505859375
4778.244140625
5383.703125
6012.958984375
6664.62109375
7337.1787109375
8029.0166015625
8738.408203125
9463.533203125
10202.4736328125
10953.2333984375
11713.73828125
12481.8447265625
13255.3544921875
14032.0185546875
14809.544921875
15585.6162109375
16357.888671875
17124.01171875
17881.6328125
18628.40625
19362.005859375
20080.1337890625
20780.5283203125
21460.9736328125
22119.3115234375
22753.4453125
23361.3505859375
23941.0810546875
24490.7802734375
25008.681640625
25493.1220703125
25942.541015625
26355.48828125
26730.6298828125
27066.7490234375
27362.75390625
27617.6728515625
27830.6669921875
28001.01953125
28128.146484375
28211.591796875
28251.029296875
28246.26171875
28197.212890625
28103.939453125
27966.61328125
27785.529296875
27561.0947265625
27293.8330078125
26984.37109375
26633.4404296875
26241.873046875
25810.591796875
25340.60546875
24833.01171875
24288.974609375
23709.7412109375
23096.6142578125
22450.958984375
21774.193359375
21067.7802734375
20333.228515625
19572.0771484375
18785.8974609375
17976.283203125
17144.8486328125
16293.2216796875
15423.0341796875
14535.9287109375
13633.5390625
12717.5009765625
11789.4365234375
10850.9560546875
9903.6572265625
8949.1123046875
7988.876953125
7024.4814453125
6057.4287109375
5089.1953125
4121.2265625
3154.9404296875
2191.7197265625
1232.9208984375
279.8642578125
-666.1591796875
-1603.8935546875
-2532.1083984375
-3449.6064453125
-4355.2216796875
-5247.814453125
-6126.271484375
-6989.5087890625
-7836.466796875
-8666.109375
-9477.421875
-10269.41796875
-11041.125
-11791.599609375
-12519.908203125
-13225.1484375
-13906.4287109375
-14562.8837890625
-15193.6689453125
-15797.9599609375
-16374.9560546875
-16923.8837890625
-17443.9970703125
-17934.5751953125
-18394.9375
-18824.43359375
-19222.45703125
-19588.443359375
-19921.876953125
-20222.294921875
-20489.2958984375
-20722.533203125
-20921.736328125
-21086.7060546875
-21217.3232421875
-21313.5498046875
-21375.4423828125
-21403.1494140625
-21396.9208984375
-21357.1142578125
-21284.189453125
-21178.7265625
-21041.4169921875
-20873.07421875
-20674.6298828125
-20447.138671875
-20191.78125
-19909.853515625
-19602.78125
-19272.1025390625
-18919.4716796875
-18546.6572265625
-18155.5322265625
-17748.0703125
-17326.337890625
-16892.484375
-16448.7373046875
-15997.388671875
-15540.7861328125
-15081.31640625
-14621.4013671875
-14163.4814453125
-13709.9990234375
-13263.3837890625
-12826.0458984375
-12400.3603515625
-11988.6416015625
-11593.1435546875
-11216.037109375
-10859.3955078125
-10525.189453125
-10215.2626953125
-9931.3291015625
-9674.955078125
-9447.5556640625
-9250.375
-9084.4921875
-8950.80078125
-8850.013671875
-8782.6484375
-8749.03515625
-8749.306640625
-8783.40234375
-8851.0712890625
-8951.865234375
-9085.162109375
-9250.150390625
-9445.849609375
-9671.1162109375
-9924.6494140625
-10205.0087890625
-10510.6171875
-10839.7802734375
-11190.6982421875
-11561.4794921875
-11950.15234375
-12354.6845703125
-12772.9970703125
-13202.974609375
-13642.48828125
-14089.40234375
-14541.6015625
-14996.984375
-15453.498046875
-15909.1357421875
-16361.95703125
-16810.09375
-17251.759765625
-17685.265625
-18109.0185546875
-18521.53125
-18921.42578125
-19307.44140625
-19678.431640625
-20033.3671875
-20371.337890625
-20691.5498046875
-20993.3154296875
-21276.0673828125
-21539.3359375
-21782.75390625
-22006.0458984375
-22209.025390625
-22391.5830078125
-22553.6806640625
-22695.33984375
-22816.6416015625
-22917.7060546875
-22998.6943359375
-23059.79296875
-23101.20703125
-23123.1552734375
-23125.859375
-23109.537109375
-23074.3984375
-23020.6396484375
-22948.4306640625
-22857.9248046875
-22749.244140625
-22622.482421875
-22477.7001953125
-22314.9287109375
-22134.1669921875
-21935.3837890625
-21718.5166015625
-21483.4833984375
-21230.1767578125
-20958.470703125
-20668.2265625
-20359.30078125
-20031.5458984375
-19684.8193359375
-19318.986328125
-18933.935546875
-18529.576171875
-18105.8505859375
-17662.7373046875
-17200.2587890625
-16718.4921875
-16217.568359375
-15697.6806640625
-15159.09375
-14602.1396484375
-14027.2333984375
-13434.86328125
-12825.607421875
-12200.123046875
-11559.15625
-10903.5439453125
-10234.205078125
-9552.1513671875
-8858.474609375
-8154.3544921875
-7441.0458984375
-6719.8876953125
-5992.283203125
-5259.712890625
-4523.7138671875
-3785.8828125
-3047.869140625
-2311.36328125
-1578.0986328125
-849.8330078125
-128.3525390625
584.544921875
1287.0498046875
1977.359375
2653.6728515625
3314.208984375
3957.2109375
4580.9560546875
5183.75390625
5763.96875
6320.01953125
6850.380859375
7353.603515625
7828.3076171875
8273.19921875
8687.0703125
9068.8037109375
9417.3837890625
9731.89453125
10011.53125
10255.59375
10463.50390625
10634.794921875
10769.12109375
10866.26171875
10926.1162109375
10948.7080078125
10934.185546875
10882.822265625
10795.0146484375
10671.2802734375
10512.2607421875
10318.71484375
10091.5146484375
9831.6474609375
9540.2060546875
9218.388671875
8867.4912109375
8488.904296875
8084.1044921875
7654.6494140625
7202.169921875
6728.365234375
6234.9912109375
5723.8544921875
5196.80859375
4655.736328125
4102.546875
3539.1640625
2967.5224609375
2389.55078125
1807.16796875
1222.2744140625
636.7353515625
52.3857421875
-528.9951171875
-1105.67578125
-1675.990234375
-2238.345703125
-2791.2216796875
-3333.1884765625
-3862.9013671875
-4379.11328125
-4880.6767578125
-5366.5498046875
-5835.798828125
-6287.595703125
-6721.23046875
-7136.1025390625
-7531.7255859375
-7907.728515625
-8263.8515625
-8599.9423828125
-8915.9580078125
-9211.9580078125
-9488.107421875
-9744.66015625
-9981.9638671875
-10200.451171875
-10400.6318359375
-10583.091796875
-10748.4775390625
-10897.4990234375
-11030.9130859375
-11149.5263671875
-11254.1748046875
-11345.7275390625
-11425.076171875
-11493.1240234375
-11550.78515625
-11598.9716796875
-11638.591796875
-11670.5390625
-11695.6923828125
-11714.9072265625
-11729.009765625
-11738.794921875
-11745.0234375
-11748.4150390625
-11749.6494140625
-11749.359375
-11748.1376953125
-11746.525390625
-11745.0205078125
-11744.0732421875
-11744.087890625
-11745.421875
-11748.392578125
-11753.2724609375
-11760.2958984375
-11769.6611328125
-11781.5322265625
-11796.041015625
-11813.29296875
-11833.3701171875
-11856.3330078125
-11882.2265625
-11911.0810546875
-11942.9169921875
-11977.75
-12015.5927734375
-12056.4560546875
-12100.359375
-12147.3212890625
-12197.376953125
-12250.5634765625
-12306.9404296875
-12366.5751953125
-12429.552734375
-12495.974609375
-12565.9609375
-12639.6455078125
-12717.1826171875
-12798.7392578125
-12884.5009765625
-12974.662109375
-13069.435546875
-13169.0380859375
-13273.6943359375
-13383.6376953125
-13499.0947265625
-13620.298828125
-13747.4697265625
-13880.8251953125
-14020.5615234375
-14166.8603515625
-14319.8837890625
-14479.76171875
-14646.595703125
-14820.451171875
-15001.3564453125
-15189.2900390625
-15384.1845703125
-15585.919921875
-15794.318359375
-16009.1416015625
-16230.087890625
-16456.7900390625
-16688.80859375
-16925.6337890625
-17166.6787109375
-17411.2841796875
-17658.71484375
-17908.1552734375
-18158.7197265625
-18409.4365234375
-18659.267578125
-18907.1005859375
-19151.7490234375
-19391.9609375
-19626.423828125
-19853.763671875
-20072.552734375
-20281.3154296875
-20478.53125
-20662.6533203125
-20832.0966796875
-20985.259765625
-21120.5341796875
-21236.3017578125
-21330.955078125
-21402.900390625
-21450.568359375
-21472.427734375
-21466.9892578125
-21432.8193359375
-21368.5498046875
-21272.888671875
-21144.6259765625
-20982.6455078125
-20785.9345703125
-20553.591796875
-20284.837890625
-19979.015625
-19635.6044921875
-19254.2265625
-18834.6455078125
-18376.7763671875
-17880.69140625
-17346.615234375
-16774.9365234375
-16166.2021484375
-15521.1162109375
-14840.5458984375
-14125.515625
-13377.2021484375
-12596.9306640625
-11786.1787109375
-10946.556640625
-10079.8134765625
-9187.8212890625
-8272.5693359375
-7336.1572265625
-6380.783203125
-5408.7333984375
-4422.373046875
-3424.1376953125
-2416.5146484375
-1402.0390625
-383.275390625
637.1865234375
1656.7470703125
2672.814453125
3682.802734375
4684.15625
5674.349609375
6650.9052734375
7611.40234375
8553.4794921875
9474.8525390625
10373.3154296875
11246.7509765625
12093.1357421875
12910.546875
13697.1650390625
14451.2802734375
15171.2958984375
15855.732421875
16503.220703125
17112.5185546875
17682.4951171875
18212.1396484375
18700.5634765625
19146.98828125
19550.75390625
19911.310546875
20228.2216796875
20501.150390625
20729.87109375
20914.251953125
21054.2578125
21149.94921875
21201.4716796875
21209.056640625
21173.015625
21093.73828125
20971.6875
20807.396484375
20601.462890625
20354.55078125
20067.3857421875
19740.7490234375
19375.4814453125
18972.4755859375
18532.677734375
18057.083984375
17546.7431640625
17002.748046875
16426.240234375
15818.41015625
15180.490234375
14513.759765625
13819.54296875
13099.203125
12354.1552734375
11585.8466796875
10795.771484375
9985.4609375
9156.486328125
8310.455078125
7449.009765625
6573.8251953125
5686.609375
4789.0947265625
3883.04296875
2970.2333984375
2052.46484375
1131.5498046875
209.3095703125
-712.4287109375
-1631.8388671875
-2547.099609375
-3456.4013671875
-4357.94921875
-5249.974609375
-6130.734375
-6998.517578125
-7851.66015625
-8688.5380859375
-9507.5859375
-10307.291015625
-11086.208984375
-11842.96484375
-12576.255859375
-13284.861328125
-13967.6455078125
-14623.5615234375
-15251.6552734375
-15851.0634765625
-16421.029296875
-16960.8896484375
-17470.0869140625
-17948.1669921875
-18394.77734375
-18809.6728515625
-19192.705078125
-19543.8310546875
-19863.107421875
-20150.6865234375
-20406.8115234375
-20631.8193359375
-20826.1318359375
-20990.2470703125
-21124.744140625
-21230.2724609375
-21307.541015625
-21357.3203125
-21380.431640625
-21377.7421875
-21350.1552734375
-21298.6083984375
-21224.0634765625
-21127.5
-21009.908203125
-20872.2822265625
-20715.6220703125
-20540.9111328125
-20349.126953125
-20141.2275390625
-19918.146484375
-19680.79296875
-19430.0419921875
-19166.7421875
-18891.6943359375
-18605.6689453125
-18309.3955078125
-18003.55859375
-17688.8017578125
-17365.7294921875
-17034.90234375
-16696.8447265625
-16352.0390625
-16000.935546875
-15643.951171875
-15281.4716796875
-14913.8564453125
-14541.447265625
-14164.560546875
-13783.505859375
-13398.57421875
-13010.0615234375
-12618.25390625
-12223.4443359375
-11825.9375
-11426.041015625
-11024.0859375
-10620.4189453125
-10215.4033203125
-9809.435546875
-9402.9326171875
-8996.34375
-8590.1416015625
-8184.8330078125
-7780.951171875
-7379.0615234375
-6979.7509765625
-6583.634765625
-6191.3505859375
-5803.5537109375
-5420.9130859375
-5044.1103515625
-4673.830078125
-4310.7578125
-3955.5712890625
-3608.9384765625
-3271.50390625
-2943.890625
-2626.6826171875
-2320.4306640625
-2025.6328125
-1742.7353515625
-1472.12109375
-1214.1123046875
-968.9501953125
-736.80078125
-517.744140625
-311.7744140625
-118.7890625
61.4033203125
229.099609375
384.6884765625
528.6630859375
661.615234375
784.2314453125
897.294921875
1001.6826171875
1098.35546875
1188.3564453125
1272.806640625
1352.89453125
1429.8681640625
1505.0283203125
1579.71875
1655.3095703125
1733.19921875
1814.791015625
1901.490234375
1994.68359375
2095.736328125
2205.9765625
2326.6787109375
2459.060546875
2604.2646484375
2763.3515625
2937.2841796875
3126.9267578125
3333.02734375
3556.2109375
3796.978515625
4055.6943359375
4332.5810546875
4627.7158203125
4941.0341796875
5272.3193359375
5621.203125
5987.1689453125
6369.5556640625
6767.55859375
7180.2294921875
7606.490234375
8045.1357421875
8494.837890625
8954.16015625
9421.5654296875
9895.4248046875
10374.0283203125
10855.6005859375
11338.3076171875
11820.2763671875
12299.6025390625
12774.3603515625
13242.625
13702.482421875
14152.0341796875
14589.4248046875
15012.837890625
15420.5244140625
15810.7978515625
16182.0556640625
16532.7861328125
16861.576171875
17167.1162109375
17448.216796875
17703.8046875
17932.9306640625
18134.7763671875
18308.6552734375
18454.0146484375
18570.4345703125
18657.62890625
18715.4462890625
18743.8642578125
18742.986328125
18713.04296875
18654.376953125
18567.4462890625
18452.8154296875
18311.146484375
18143.193359375
17949.79296875
17731.85546875
17490.3583984375
17226.3369140625
16940.873046875
16635.0869140625
16310.12890625
15967.1689453125
15607.3896484375
15231.9775390625
14842.109375
14438.951171875
14023.6474609375
13597.3134765625
13161.02734375
12715.8291015625
12262.70703125
11802.6005859375
11336.388671875
10864.890625
10388.8603515625
9908.984375
9425.8798828125
8940.0947265625
8452.099609375
7962.2998046875
7471.021484375
6978.5263671875
6485.0
5990.5654296875
5495.2744140625
4999.123046875
4502.0439453125
4003.9140625
3504.560546875
3003.7666015625
2501.2666015625
1996.7685546875
1489.9404296875
980.4326171875
467.8740234375
-48.119140625
-567.9365234375
-1091.9658203125
-1620.5869140625
-2154.1689453125
-2693.0556640625
-3237.5654296875
-3787.9814453125
-4344.546875
-4907.455078125
-5476.849609375
-6052.810546875
-6635.3505859375
-7224.419921875
-7819.8818359375
-8421.525390625
-9029.0517578125
-9642.0732421875
-10260.1103515625
-10882.5888671875
-11508.8349609375
-12138.080078125
-12769.4541015625
-13401.98828125
-14034.615234375
-14666.169921875
-15295.39453125
-15920.9375
-16541.3583984375
-17155.1396484375
-17760.6787109375
-18356.306640625
-18940.2890625
-19510.8359375
-20066.1064453125
-20604.2275390625
-21123.291015625
-21621.373046875
-22096.5458984375
-22546.8798828125
-22970.466796875
-23365.4248046875
-23729.9140625
-24062.1435546875
-24360.3955078125
-24623.0263671875
-24848.482421875
-25035.3154296875
-25182.193359375
-25287.908203125
-25351.392578125
-25371.7236328125
-25348.1376953125
-25280.0390625
-25167.0048828125
-25008.7939453125
-24805.35546875
-24556.826171875
-24263.54296875
-23926.0439453125
-23545.060546875
-23121.5302734375
-22656.591796875
-22151.572265625
-21608.0009765625
-21027.5888671875
-20412.2333984375
-19764.001953125
-19085.12890625
-18378.005859375
-17645.1640625
-16889.26953125
-16113.1083984375
-15319.5673828125
-14511.626953125
-13692.3427734375
-12864.8251953125
-12032.2255859375
-11197.7265625
-10364.5126953125
-9535.76171875
-8714.62109375
-7904.1962890625
-7107.529296875
-6327.583984375
-5567.2275390625
-4829.2177734375
-4116.185546875
-3430.6220703125
-2774.8603515625
-2151.068359375
-1561.236328125
-1007.16015625
-490.4453125
-12.478515625
425.5576171875
822.7080078125
1178.236328125
1491.6337890625
1762.6240234375
1991.1533203125
2177.3984375
2321.759765625
2424.8564453125
2487.521484375
2510.7978515625
2495.9248046875
2444.333984375
2357.6328125
2237.6025390625
2086.169921875
1905.4130859375
1697.533203125
1464.8408203125
1209.748046875
934.744140625
642.380859375
335.2607421875
16.009765625
-312.7294921875
-648.322265625
-988.1552734375
-1329.65625
-1670.3046875
-2007.6572265625
-2339.3544921875
-2663.140625
-2976.8759765625
-3278.548828125
-3566.2890625
-3838.3818359375
-4093.2734375
-4329.578125
-4546.095703125
-4741.8046875
-4915.8798828125
-5067.68359375
-5196.7783203125
-5302.921875
-5386.0693359375
-5446.3662109375
-5484.154296875
-5499.955078125
-5494.4716796875
-5468.58203125
-5423.3232421875
-5359.8896484375
-5279.6142578125
-5183.9658203125
-5074.52734375
-4952.986328125
-4821.1220703125
-4680.7900390625
-4533.8994140625
-4382.4091796875
-4228.3017578125
-4073.576171875
-3920.2216796875
-3770.2099609375
-3625.4736328125
-3487.896484375
-3359.2900390625
-3241.3896484375
-3135.8359375
-3044.158203125
-2967.767578125
-2907.9453125
-2865.83203125
-2842.4208984375
-2838.5478515625
-2854.8857421875
-2891.94140625
-2950.0537109375
-3029.3828125
-3129.923828125
-3251.49609375
-3393.748046875
-3556.1640625
-3738.0654296875
-3938.6181640625
-4156.83984375
-4391.611328125
-4641.677734375
-4905.6689453125
-5182.103515625
-5469.4033203125
-5765.908203125
-6069.88671875
-6379.55078125
-6693.0673828125
-7008.5771484375
-7324.2060546875
-7638.080078125
-7948.3369140625
-8253.146484375
-8550.7158203125
-8839.3095703125
-9117.2578125
-9382.9677734375
-9634.9384765625
-9871.7685546875
-10092.162109375
-10294.943359375
-10479.0615234375
-10643.5947265625
-10787.75390625
-10910.89453125
-11012.513671875
-11092.2470703125
-11149.8818359375
-11185.345703125
-11198.7109375
-11190.1865234375
-11160.1240234375
-11109.0009765625
-11037.427734375
-10946.12890625
-10835.94921875
-10707.8359375
-10562.833984375
-10402.0830078125
-10226.7998046875
-10038.271484375
-9837.8486328125
-9626.9345703125
-9406.9736328125
-9179.4453125
-8945.849609375
-8707.7001953125
-8466.513671875
-8223.8056640625
-7981.0732421875
-7739.794921875
-7501.4169921875
-7267.3515625
-7038.96484375
-6817.5751953125
-6604.4423828125
-6400.767578125
-6207.6875
-6026.2705078125
-5857.513671875
-5702.3369140625
-5561.58984375
-5436.041015625
-5326.384765625
-5233.23828125
-5157.134765625
-5098.5439453125
-5057.8515625
-5035.375
-5031.36328125
-5045.994140625
-5079.3857421875
-5131.59375
-5202.6142578125
-5292.3955078125
-5400.833984375
-5527.7783203125
-5673.0380859375
-5836.3876953125
-6017.5634765625
-6216.2763671875
-6432.2109375
-6665.0322265625
-6914.3837890625
-7179.896484375
-7461.1923828125
-7757.8818359375
-8069.572265625
-8395.8671875
-8736.3681640625
-9090.6806640625
-9458.4111328125
-9839.16796875
-10232.5673828125
-10638.2275390625
-11055.775390625
-11484.8388671875
-11925.0556640625
-12376.0625
-12837.5009765625
-13309.0146484375
-13790.24609375
-14280.8359375
-14780.419921875
-15288.6279296875
-15805.0810546875
-16329.3837890625
-16861.1357421875
-17399.908203125
-17945.2578125
-18496.716796875
-19053.791015625
-19615.9560546875
-20182.6552734375
-20753.2958984375
-21327.2509765625
-21903.8515625
-22482.3857421875
-23062.1005859375
-23642.1953125
-24221.82421875
-24800.0947265625
-25376.06640625
-25948.751953125
-26517.1171875
-27080.0810546875
-27636.5224609375
-28185.2724609375
-28725.12890625
-29254.8505859375
-29773.1640625
-30278.7666015625
-30770.3369140625
-31246.533203125
-31705.9990234375
-32147.3759765625
-32569.3056640625
-32970.4365234375
-33349.435546875
-33704.9892578125
-34035.8193359375
-34340.6845703125
-34618.3935546875
-34867.8095703125
-35087.865234375
-35277.560546875
-35435.984375
-35562.3115234375
-35655.818359375
-35715.8828125
-35742.0
-35733.78125
-35690.9697265625
-35613.431640625
-35501.1787109375
-35354.357421875
-35173.2587890625
-34958.32421875
-34710.138671875
-34429.44140625
-34117.11328125
-33774.1904296875
-33401.8515625
-33001.4169921875
-32574.3466796875
-32122.232421875
-31646.7939453125
-31149.875
-30633.4228515625
-30099.4970703125
-29550.24609375
-28987.90234375
-28414.7734375
-27833.22265625
-27245.66796875
-26654.5576171875
-26062.3671875
-25471.5751953125
-24884.66015625
-24304.08203125
-23732.2666015625
-23171.595703125
-22624.390625
-22092.8994140625
-21579.2880859375
-21085.6181640625
-20613.8486328125
-20165.8115234375
-19743.2080078125
-19347.599609375
-18980.3955078125
-18642.8466796875
-18336.0361328125
-18060.8779296875
-17818.10546875
-17608.275390625
-17431.7548828125
-17288.7265625
-17179.1884765625
-17102.9501953125
-17059.6357421875
-17048.6884765625
-17069.3701171875
-17120.7705078125
-17201.8095703125
-17311.2431640625
-17447.67578125
-17609.5615234375
-17795.216796875
-18002.83203125
-18230.4775390625
-18476.1171875
-18737.6181640625
-19012.765625
-19299.2666015625
-19594.7744140625
-19896.892578125
-20203.1865234375
-20511.205078125
-20818.482421875
-21122.5546875
-21420.978515625
-21711.3310546875
-21991.232421875
-22258.3515625
-22510.4169921875
-22745.232421875
-22960.6806640625
-23154.740234375
-23325.486328125
-23471.1044921875
-23589.900390625
-23680.302734375
-23740.873046875
-23770.30859375
-23767.451171875
-23731.2939453125
-23660.9755859375
-23555.794921875
-23415.2099609375
-23238.837890625
-23026.455078125
-22778.0048828125
-22493.591796875
-22173.482421875
-21818.10546875
-21428.0478515625
-21004.0556640625
-20547.025390625
-20058.0048828125
-19538.1884765625
-18988.9091796875
-18411.63671875
-17807.96875
-17179.626953125
-16528.4482421875
-15856.37109375
-15165.4423828125
-14457.7919921875
-13735.6337890625
-13001.2529296875
-12256.9970703125
-11505.2607421875
-10748.482421875
-9989.12890625
-9229.6826171875
-8472.6357421875
-7720.4697265625
-6975.650390625
-6240.61328125
-5517.75390625
-4809.4111328125
-4117.8583984375
-3445.291015625
-2793.814453125
-2165.4375
-1562.0498046875
-985.4267578125
-437.205078125
81.119140625
568.1943359375
1022.8349609375
1444.01953125
1830.8984375
2182.8017578125
2499.2421875
2779.9189453125
3024.7197265625
3233.7294921875
3407.2197265625
3545.65625
3649.697265625
3720.181640625
3758.140625
3764.779296875
3741.4765625
3689.775390625
3611.37890625
3508.13671875
3382.0390625
3235.197265625
3069.8427734375
2888.3076171875
2693.013671875
2486.45703125
2271.193359375
2049.8232421875
1824.9833984375
1599.31640625
1375.470703125
1156.076171875
943.73046875
740.9833984375
550.3251953125
374.166015625
214.828125
74.52734375
-44.6376953125
-140.6953125
-211.8193359375
-256.330078125
-272.7099609375
-259.607421875
-215.849609375
-140.443359375
-32.5849609375
108.341796875
282.759765625
490.8974609375
732.7861328125
1008.26953125
1316.994140625
1658.421875
2031.8291015625
2436.3154296875
2870.806640625
3334.06640625
3824.69921875
4341.1640625
4881.7822265625
5444.7431640625
6028.1259765625
6629.8984375
7247.939453125
7880.0419921875
8523.9306640625
9177.2783203125
9837.7021484375
10502.798828125
11170.138671875
11837.28515625
12501.810546875
13161.2978515625
13813.359375
14455.6494140625
15085.8671875
15701.771484375
16301.193359375
16882.0361328125
17442.291015625
17980.04296875
18493.4755859375
18980.8798828125
19440.65625
19871.3271484375
20271.52734375
20640.0244140625
20975.705078125
21277.58984375
21544.826171875
21776.697265625
21972.609375
22132.1025390625
22254.8486328125
22340.6416015625
22389.4033203125
22401.1748046875
22376.1171875
22314.5048828125
22216.7216796875
22083.2587890625
21914.70703125
21711.7509765625
21475.1650390625
21205.8046875
20904.6083984375
20572.578125
20210.78515625
19820.3564453125
19402.4697265625
18958.3486328125
18489.2509765625
17996.46875
17481.3173828125
16945.1298828125
16389.251953125
15815.0341796875
15223.8271484375
14616.9765625
13995.814453125
13361.658203125
12715.806640625
12059.5302734375
11394.0732421875
10720.6435546875
10040.4169921875
9354.5263671875
8664.072265625
7970.10546875
7273.6328125
6575.62109375
5876.98828125
5178.6083984375
4481.30859375
3785.8740234375
3093.046875
2403.5224609375
1717.9638671875
1036.9873046875
361.1806640625
-308.90625
-972.7509765625
-1629.8623046875
-2279.7705078125
-2922.0302734375
-3556.212890625
-4181.90625
-4798.7138671875
-5406.2470703125
-6004.1220703125
-6591.966796875
-7169.404296875
-7736.0625
-8291.5712890625
-8835.55078125
-9367.625
-9887.4072265625
-10394.51171875
-10888.5419921875
-11369.10546875
-11835.7998046875
-12288.220703125
-12725.9638671875
-13148.626953125
-13555.8095703125
-13947.11328125
-14322.154296875
-14680.5546875
-15021.953125
-15346.0009765625
-15652.3740234375
-15940.7744140625
-16210.9267578125
-16462.5888671875
-16695.5537109375
-16909.65625
-17104.7666015625
-17280.8017578125
-17437.7314453125
-17575.5693359375
-17694.3857421875
-17794.3056640625
-17875.513671875
-17938.25
-17982.8173828125
-18009.580078125
-18018.9619140625
-18011.4521484375
-17987.59765625
-17948.0078125
-17893.35546875
-17824.3681640625
-17741.8310546875
-17646.5859375
-17539.52734375
-17421.6015625
-17293.7958984375
-17157.1484375
-17012.736328125
-16861.6708984375
-16705.1015625
-16544.2060546875
-16380.18359375
-16214.2626953125
-16047.681640625
-15881.697265625
-15717.5732421875
-15556.580078125
-15399.982421875
-15249.0498046875
-15105.0380859375
-14969.193359375
-14842.7421875
-14726.8935546875
-14622.8330078125
-14531.7119140625
-14454.6533203125
-14392.7431640625
-14347.02734375
-14318.5029296875
-14308.1240234375
-14316.7880859375
-14345.341796875
-14394.56640625
-14465.1826171875
-14557.84375
-14673.130859375
-14811.5546875
-14973.54296875
-15159.4453125
-15369.525390625
-15603.9619140625
-15862.8388671875
-16146.150390625
-16453.7900390625
-16785.5576171875
-17141.1494140625
-17520.1591796875
-17922.078125
-18346.2900390625
-18792.0732421875
-19258.603515625
-19744.943359375
-20250.05859375
-20772.8017578125
-21311.9326171875
-21866.1025390625
-22433.869140625
-23013.7001953125
-23603.96875
-24202.96484375
-24808.9013671875
-25419.9150390625
-26034.0810546875
-26649.4091796875
-27263.8623046875
-27875.3564453125
-28481.775390625
-29080.9775390625
-29670.8017578125
-30249.0830078125
-30813.6572265625
-31362.373046875
-31893.1064453125
-32403.7607421875
-32892.28515625
-33356.6826171875
-33795.013671875
-34205.4169921875
-34586.10546875
-34935.3837890625
-35251.650390625
-35533.4111328125
-35779.27734375
-35987.9765625
-36158.357421875
-36289.3935546875
-36380.185546875
-36429.9619140625
-36438.0859375
-36404.0517578125
-36327.4833984375
-36208.1357421875
-36045.896484375
-35840.7724609375
-35592.8955078125
-35302.515625
-34969.994140625
-34595.7998046875
-34180.501953125
-33724.7626953125
-33229.3330078125
-32695.044921875
-32122.796875
-31513.5595703125
-30868.3544921875
-30188.255859375
-29474.37890625
-28727.8701171875
-27949.91015625
-27141.69140625
-26304.4306640625
-25439.3447265625
-24547.66015625
-23630.5966796875
-22689.3740234375
-21725.19921875
-20739.2685546875
-19732.7646484375
-18706.85546875
-17662.689453125
-16601.40234375
-15524.109375
-14431.9130859375
-13325.90234375
-12207.1455078125
-11076.708984375
-9935.6474609375
-8785.0107421875
-7625.8427734375
-6459.193359375
-5286.1103515625
-4107.650390625
-2924.880859375
-1738.876953125
-550.734375
638.439453125
1827.513671875
3015.3388671875
4200.7412109375
5382.52734375
6559.4775390625
7730.3486328125
8893.8798828125
10048.7802734375
11193.75
12327.4609375
13448.5771484375
14555.748046875
15647.615234375
16722.814453125
17779.9833984375
18817.7626953125
19834.7998046875
20829.7587890625
21801.322265625
22748.1943359375
23669.1123046875
24562.8408203125
25428.189453125
26264.009765625
27069.201171875
27842.712890625
28583.55859375
29290.8046875
29963.5830078125
30601.09375
31202.60546875
31767.45703125
32295.05859375
32784.8974609375
33236.533203125
33649.6005859375
34023.806640625
34358.9384765625
34654.8515625
34911.47265625
35128.80078125
35306.9033203125
35445.9130859375
35546.029296875
35607.5107421875
35630.6767578125
35615.900390625
35563.611328125
35474.29296875
35348.470703125
35186.7216796875
34989.66796875
34757.966796875
34492.322265625
34193.470703125
33862.1884765625
33499.2802734375
33105.5888671875
32681.986328125
32229.3759765625
31748.6884765625
31240.8837890625
30706.9501953125
30147.9013671875
29564.77734375
28958.6455078125
28330.59765625
27681.74609375
27013.23046875
26326.2099609375
25621.8671875
24901.400390625
24166.033203125
23416.998046875
22655.5439453125
21882.9365234375
21100.4443359375
20309.34765625
19510.92578125
18706.4609375
17897.23046875
17084.5029296875
16269.537109375
15453.5732421875
14637.830078125
13823.501953125
13011.75
12203.7021484375
11400.4443359375
10603.0185546875
9812.412109375
9029.5634765625
8255.3466796875
7490.5771484375
6735.9990234375
5992.291015625
5260.0537109375
4539.81640625
3832.029296875
3137.064453125
2455.2138671875
1786.6923828125
1131.6337890625
490.09765625
-137.9345703125
-752.5537109375
-1353.9169921875
-1942.251953125
-2517.8427734375
-3081.0322265625
-3632.2109375
-4171.818359375
-4700.326171875
-5218.2412109375
-5726.091796875
-6224.421875
-6713.7890625
-7194.748046875
-7667.849609375
-8133.6279296875
-8592.6044921875
-9045.2626953125
