# File created = Friday, February 9, 2024 at 12:58:52 PM Eastern Standard Time
# Data set = SW_Shiva  287  1  /home/shiva/WMU
# Spectral Region:
# LEFT = 100.06120300292969 ppm. RIGHT = -106.03338443170102 ppm.
#
# SIZE = 32768 ( = number of points)
#
# In the following ordering is from the 'left' to the 'right' limits!
# Lines beginning with '#' must be considered as comment lines.
#
44741.9853515625
45306.3955078125
45811.779296875
46256.6220703125
46639.6787109375
46959.978515625
47216.8173828125
47409.7783203125
47538.7197265625
47603.7783203125
47605.3671875
47544.1767578125
47421.162109375
47237.5478515625
46994.8095703125
46694.6767578125
46339.1142578125
45930.3193359375
45470.705078125
44962.88671875
44409.6748046875
43814.0546875
43179.16796875
42508.30859375
41804.8955078125
41072.45703125
40314.6142578125
39535.064453125
38737.5615234375
37925.8916015625
37103.861328125
36275.2802734375
35443.9287109375
34613.5546875
33787.8486328125
32970.4189453125
32164.78515625
31374.3564453125
30602.41015625
29852.083984375
29126.3544921875
28428.025390625
27759.716796875
27123.8466796875
26522.6259765625
25958.046875
25431.8720703125
24945.626953125
24500.6015625
24097.8349609375
23738.1162109375
23421.986328125
23149.732421875
22921.3916015625
22736.7490234375
22595.3486328125
22496.494140625
22439.251953125
22422.4658203125
22444.7587890625
22504.5546875
22600.0712890625
22729.3515625
22890.26171875
23080.515625
23297.685546875
23539.2177734375
23802.4482421875
24084.623046875
24382.9111328125
24694.421875
25016.228515625
25345.376953125
25678.9150390625
26013.8955078125
26347.408203125
26676.5849609375
26998.6201171875
27310.79296875
27610.4736328125
27895.1416015625
28162.400390625
28409.98828125
28635.791015625
28837.8544921875
29014.390625
29163.7900390625
29284.6279296875
29375.6689453125
29435.873046875
29464.3994140625
29460.6162109375
29424.083984375
29354.5771484375
29252.0654296875
29116.72265625
28948.91796875
28749.2119140625
28518.3544921875
28257.2744140625
27967.0703125
27649.0078125
27304.501953125
26935.119140625
26542.5517578125
26128.6181640625
25695.2431640625
25244.4501953125
24778.345703125
24299.107421875
23808.97265625
23310.2177734375
22805.1474609375
22296.0908203125
21785.37109375
21275.3046875
20768.1806640625
20266.251953125
19771.7236328125
19286.734375
18813.3515625
18353.556640625
17909.236328125
17482.1689453125
17074.021484375
16686.333984375
16320.5185546875
15977.8447265625
15659.44140625
15366.2841796875
15099.1962890625
14858.841796875
14645.72265625
14460.1748046875
14302.3779296875
14172.33984375
14069.9033203125
13994.75390625
13946.4111328125
13924.2392578125
13927.4482421875
13955.09765625
14006.1025390625
14079.2421875
14173.162109375
14286.3828125
14417.3095703125
14564.23828125
14725.3681640625
14898.8056640625
15082.5791015625
15274.642578125
15472.8984375
15675.193359375
15879.3408203125
16083.1259765625
16284.318359375
16480.685546875
16670.001953125
16850.0615234375
17018.6884765625
17173.7470703125
17313.1572265625
17434.9013671875
17537.0322265625
17617.6884765625
17675.1025390625
17707.609375
17713.6533203125
17691.798828125
17640.740234375
17559.30078125
17446.4453125
17301.28515625
17123.0810546875
16911.2490234375
16665.36328125
16385.154296875
16070.5185546875
15721.5146484375
15338.3603515625
14921.4384765625
14471.2919921875
13988.6162109375
13474.26953125
12929.2529296875
12354.7119140625
11751.9345703125
11122.341796875
10467.478515625
9789.0068359375
9088.6982421875
8368.4267578125
7630.1533203125
6875.9228515625
6107.8505859375
5328.1103515625
4538.92578125
3742.556640625
2941.2900390625
2137.4296875
1333.279296875
531.1376953125
-266.7119140625
-1058.025390625
-1840.5908203125
-2612.25
-3370.9033203125
-4114.525390625
-4841.1669921875
-5548.9677734375
-6236.16015625
-6901.080078125
-7542.17578125
-8158.00390625
-8747.2431640625
-9308.69921875
-9841.294921875
-10344.0908203125
-10816.2744140625
-11257.1650390625
-11666.2119140625
-12042.9990234375
-12387.23046875
-12698.744140625
-12977.498046875
-13223.5703125
-13437.150390625
-13618.5400390625
-13768.1435546875
-13886.462890625
-13974.083984375
-14031.6826171875
-14060.0078125
-14059.8720703125
-14032.150390625
-13977.767578125
-13897.6875
-13792.9091796875
-13664.4580078125
-13513.3701171875
-13340.6953125
-13147.4794921875
-12934.759765625
-12703.5595703125
-12454.876953125
-12189.6787109375
-11908.900390625
-11613.427734375
-11304.103515625
-10981.716796875
-10646.9990234375
-10300.62109375
-9943.19140625
-9575.25
-9197.2734375
-8809.6669921875
-8412.767578125
-8006.8447265625
-7592.099609375
-7168.6669921875
-6736.6220703125
-6295.974609375
-5846.681640625
-5388.6455078125
-4921.71875
-4445.7138671875
-3960.4052734375
-3465.5322265625
-2960.8154296875
-2445.947265625
-1920.6181640625
-1384.5087890625
-837.30078125
-278.689453125
291.611328125
873.8701171875
1468.3173828125
2075.1435546875
2694.498046875
3326.4716796875
3971.09765625
4628.34375
5298.10546875
5980.201171875
6674.369140625
7380.259765625
8097.435546875
8825.3642578125
9563.4228515625
10310.888671875
11066.9443359375
11830.673828125
12601.06640625
13377.0146484375
14157.3203125
14940.6982421875
15725.7763671875
16511.1005859375
17295.1455078125
18076.318359375
18852.962890625
19623.37109375
20385.7900390625
21138.4345703125
21879.48828125
22607.1240234375
23319.5078125
24014.810546875
24691.220703125
25346.953125
25980.265625
26589.4619140625
27172.91015625
27729.0517578125
28256.408203125
28753.5986328125
29219.341796875
29652.4716796875
30051.939453125
30416.830078125
30746.3564453125
31039.87890625
31296.9033203125
31517.0810546875
31700.2197265625
31846.279296875
31955.3759765625
32027.7802734375
32063.9091796875
32064.3359375
32029.76953125
31961.064453125
31859.201171875
31725.287109375
31560.5439453125
31366.2958984375
31143.962890625
30895.046875
30621.119140625
30323.8095703125
30004.7900390625
29665.763671875
29308.44921875
28934.56640625
28545.8232421875
28143.904296875
27730.451171875
27307.0556640625
26875.2431640625
26436.4619140625
25992.07421875
25543.33984375
25091.416015625
24637.3447265625
24182.04296875
23726.3037109375
23270.78515625
22816.015625
22362.384765625
21910.146484375
21459.4228515625
21010.2021484375
20562.34765625
20115.6015625
19669.5888671875
19223.830078125
18777.7509765625
18330.6845703125
17881.892578125
17430.572265625
16975.865234375
16516.8828125
16052.7041015625
15582.4033203125
15105.05078125
14619.7451171875
14125.6064453125
13621.802734375
13107.55859375
12582.173828125
12045.0234375
11495.580078125
10933.41796875
10358.22265625
9769.8037109375
9168.0947265625
8553.162109375
7925.2109375
7284.587890625
6631.77734375
5967.4091796875
5292.255859375
4607.2236328125
3913.3623046875
3211.8486328125
2503.9833984375
1791.1923828125
1075.00390625
357.056640625
-360.9248046875
-1077.12890625
-1789.67578125
-2496.6201171875
-3195.9716796875
-3885.701171875
-4563.7578125
-5228.0751953125
-5876.58203125
-6507.224609375
-7117.970703125
-7706.8154296875
-8271.8037109375
-8811.033203125
-9322.666015625
-9804.935546875
-10256.158203125
-10674.7392578125
-11059.177734375
-11408.0771484375
-11720.1484375
-11994.2099609375
-12229.205078125
-12424.189453125
-12578.341796875
-12690.9658203125
-12761.4921875
-12789.474609375
-12774.5947265625
-12716.66015625
-12615.6044921875
-12471.4853515625
-12284.48828125
-12054.9130859375
-11783.189453125
-11469.857421875
-11115.578125
-10721.12890625
-10287.3984375
-9815.3837890625
-9306.1943359375
-8761.04296875
-8181.248046875
-7568.228515625
-6923.50390625
-6248.69140625
-5545.5029296875
-4815.7431640625
-4061.3046875
-3284.16796875
-2486.400390625
-1670.14453125
-837.625
8.861328125
866.953125
1734.2197265625
2608.1728515625
3486.2705078125
4365.923828125
5244.5048828125
6119.349609375
6987.7705078125
7847.05859375
8694.505859375
9527.39453125
10343.0244140625
11138.7158203125
11911.8203125
12659.734375
13379.908203125
14069.8583984375
14727.1845703125
15349.57421875
15934.8173828125
16480.822265625
16985.623046875
17447.3935546875
17864.4560546875
18235.2958984375
18558.568359375
18833.1123046875
19057.9521484375
19232.314453125
19355.6259765625
19427.5263671875
19447.8720703125
19416.73828125
19334.4189453125
19201.4375
19018.533203125
18786.671875
18507.033203125
18181.0205078125
17810.23828125
17396.4970703125
16941.80078125
16448.341796875
15918.4833984375
15354.7568359375
14759.8408203125
14136.5537109375
13487.837890625
12816.7421875
12126.4072265625
11420.0546875
10700.9619140625
9972.4482421875
9237.8642578125
8500.564453125
7763.8974609375
7031.1865234375
6305.71484375
5590.7060546875
4889.314453125
4204.60546875
3539.5439453125
2896.98046875
2279.6396484375
1690.1083984375
1130.8271484375
604.0810546875
111.986328125
-343.50390625
-760.6220703125
-1137.76953125
-1473.5419921875
-1766.7119140625
-2016.2421875
-2221.27734375
-2381.1494140625
-2495.3681640625
-2563.623046875
-2585.7763671875
-2561.8564453125
-2492.056640625
-2376.72265625
-2216.349609375
-2011.57421875
-1763.16015625
-1472.0009765625
-1139.103515625
-765.5791015625
-352.638671875
98.419921875
586.2177734375
1109.3046875
1666.166015625
2255.234375
2874.8896484375
3523.478515625
4199.3056640625
4900.6533203125
5625.7822265625
6372.935546875
7140.341796875
7926.2255859375
8728.80859375
9546.306640625
10376.943359375
11218.9423828125
12070.5390625
12929.9697265625
13795.486328125
14665.345703125
15537.8173828125
16411.1826171875
17283.732421875
18153.7685546875
19019.60546875
19879.568359375
20731.99609375
21575.2353515625
22407.6484375
23227.6103515625
24033.509765625
24823.75
25596.748046875
26350.9423828125
27084.7890625
27796.765625
28485.376953125
29149.1494140625
29786.6494140625
30396.4677734375
30977.2392578125
31527.6396484375
32046.390625
32532.2626953125
32984.0859375
33400.7490234375
33781.2060546875
34124.482421875
34429.6767578125
34695.9697265625
34922.6240234375
35108.9970703125
35254.5361328125
35358.78515625
35421.3955078125
35442.1162109375
35420.814453125
35357.45703125
35252.134765625
35105.0458984375
34916.5068359375
34686.953125
34416.9365234375
34107.1220703125
33758.2958984375
33371.35546875
32947.3095703125
32487.27734375
31992.490234375
31464.2734375
30904.056640625
30313.3662109375
29693.81640625
29047.107421875
28375.017578125
27679.404296875
26962.185546875
26225.3486328125
25470.935546875
24701.0341796875
23917.783203125
23123.3505859375
22319.943359375
21509.787109375
20695.1298828125
19878.2294921875
19061.353515625
18246.7666015625
17436.7314453125
16633.5009765625
15839.3076171875
15056.3701171875
14286.8740234375
13532.978515625
12796.802734375
12080.4326171875
11385.8974609375
10715.1875
10070.23046875
9452.900390625
8865.0029296875
8308.27734375
7784.38671875
7294.9189453125
6841.375
6425.1689453125
6047.6181640625
5709.94140625
5413.2509765625
5158.548828125
4946.716796875
4778.513671875
4654.5693359375
4575.3759765625
4541.283203125
4552.48828125
4609.041015625
4710.8193359375
4857.541015625
5048.7490234375
5283.8076171875
5561.8984375
5882.015625
6242.9638671875
6643.3525390625
7081.59765625
7555.9189453125
8064.3359375
8604.67578125
9174.572265625
9771.46875
10392.62109375
11035.107421875
11695.8330078125
12371.5400390625
13058.81640625
13754.109375
14453.734375
15153.8955078125
15850.6953125
16540.154296875
17218.23046875
17880.8369140625
18523.8583984375
19143.1806640625
19734.703125
20294.373046875
20818.1953125
21302.265625
21742.7880859375
22136.103515625
22478.708984375
22767.283203125
22998.7041015625
23170.078125
23278.7548828125
23322.345703125
23298.748046875
23206.1533203125
23043.068359375
22808.328125
22501.1025390625
22120.908203125
21667.6181640625
21141.458984375
20543.0205078125
19873.2529296875
19133.4619140625
18325.3115234375
17450.806640625
16512.291015625
15512.4345703125
14454.21484375
13340.9072265625
12176.0625
10963.4912109375
9707.2353515625
8411.55078125
7080.8857421875
5719.84765625
4333.1796875
2925.736328125
1502.4541015625
68.3193359375
-1371.6494140625
-2812.4423828125
-4249.078125
-5676.6298828125
-7090.2568359375
-8485.224609375
-9856.935546875
-11200.9423828125
-12512.982421875
-13788.9853515625
-15025.099609375
-16217.70703125
-17363.4375
-18459.1787109375
-19502.095703125
-20489.6298828125
-21419.51171875
-22289.7705078125
-23098.724609375
-23844.9951171875
-24527.501953125
-25145.458984375
-25698.375
-26186.0439453125
-26608.5419921875
-26966.2197265625
-27259.6875
-27489.814453125
-27657.7119140625
-27764.7216796875
-27812.404296875
-27802.525390625
-27737.0478515625
-27618.1083984375
-27448.013671875
-27229.2158203125
-26964.310546875
-26656.0146484375
-26307.150390625
-25920.6435546875
-25499.4951171875
-25046.779296875
-24565.626953125
-24059.2109375
-23530.7373046875
-22983.431640625
-22420.5244140625
-21845.248046875
-21260.8134765625
-20670.4140625
-20077.1982421875
-19484.2724609375
-18894.685546875
-18311.4140625
-17737.3583984375
-17175.330078125
-16628.0419921875
-16098.0947265625
-15587.97265625
-15100.0244140625
-14636.4638671875
-14199.3505859375
-13790.583984375
-13411.892578125
-13064.8251953125
-12750.7392578125
-12470.7939453125
-12225.9384765625
-12016.91015625
-11844.216796875
-11708.140625
-11608.72265625
-11545.765625
-11518.822265625
-11527.2021484375
-11569.9560546875
-11645.890625
-11753.5576171875
-11891.2626953125
-12057.0703125
-12248.8046875
-12464.0595703125
-12700.2109375
-12954.4208984375
-13223.658203125
-13504.7099609375
-13794.1943359375
-14088.5849609375
-14384.2255859375
-14677.3505859375
-14964.1142578125
-15240.60546875
-15502.8828125
-15746.98828125
-15968.9833984375
-16164.9736328125
-16331.1337890625
-16463.7392578125
-16559.189453125
-16614.0380859375
-16625.0205078125
-16589.0771484375
-16503.3798828125
-16365.357421875
-16172.712890625
-15923.4501953125
-15615.890625
-15248.6875
-14820.841796875
-14331.720703125
-13781.056640625
-13168.9599609375
-12495.9267578125
-11762.833984375
-10970.939453125
-10121.8857421875
-9217.6806640625
-8260.69921875
-7253.6611328125
-6199.62890625
-5101.9775390625
-3964.37890625
-2790.7841796875
-1585.3974609375
-352.646484375
902.841796875
2176.2685546875
3462.69921875
4757.087890625
6054.310546875
7349.19921875
8636.572265625
9911.2705078125
11168.1806640625
12402.2744140625
13608.6357421875
14782.486328125
15919.22265625
17014.4296875
18063.9169921875
19063.732421875
20010.1884765625
20899.87890625
21729.6904296875
22496.82421875
23198.8017578125
23833.4736328125
24399.0283203125
24893.9921875
25317.232421875
25667.958984375
25945.7119140625
26150.3671875
26282.119140625
26341.47265625
26329.236328125
26246.498046875
26094.6201171875
25875.216796875
25590.1376953125
25241.443359375
24831.3935546875
24362.4228515625
23837.1162109375
23258.189453125
22628.4736328125
21950.8798828125
21228.3916015625
20464.0361328125
19660.8623046875
18821.9306640625
17950.283203125
17048.93359375
16120.845703125
15168.9208984375
14195.9853515625
13204.76953125
12197.908203125
11177.921875
10147.2109375
9108.0498046875
8062.583984375
7012.822265625
5960.6328125
4907.75
3855.771484375
2806.1552734375
1760.2314453125
719.203125
-315.84765625
-1343.955078125
-2364.259765625
-3375.9931640625
-4378.484375
-5371.1318359375
-6353.4052734375
-7324.83203125
-8284.978515625
-9233.451171875
-10169.8740234375
-11093.8828125
-12005.11328125
-12903.1875
-13787.7060546875
-14658.2392578125
-15514.3154296875
-16355.4140625
-17180.9541015625
-17990.2958984375
-18782.7265625
-19557.4609375
-20313.63671875
-21050.3115234375
-21766.4619140625
-22460.9873046875
-23132.705078125
-23780.3583984375
-24402.623046875
-24998.1015625
-25565.3466796875
-26102.8544921875
-26609.08203125
-27082.4580078125
-27521.38671875
-27924.2705078125
-28289.513671875
-28615.5458984375
-28900.828125
-29143.875
-29343.265625
-29497.66015625
-29605.8203125
-29666.619140625
-29679.05859375
-29642.2880859375
-29555.6162109375
-29418.5224609375
-29230.677734375
-28991.947265625
-28702.4111328125
-28362.365234375
-27972.3349609375
-27533.08203125
-27045.6044921875
-26511.14453125
-25931.189453125
-25307.4677734375
-24641.94921875
-23936.8408203125
-23194.578125
-22417.81640625
-21609.4189453125
-20772.4482421875
-19910.1455078125
-19025.9228515625
-18123.33203125
-17206.0556640625
-16277.880859375
-15342.6806640625
-14404.3798828125
-13466.943359375
-12534.3408203125
-11610.525390625
-10699.4052734375
-9804.8173828125
-8930.501953125
-8080.07421875
-7257.0009765625
-6464.5751953125
-5705.8916015625
-4983.8251953125
-4301.0107421875
-3659.8203125
-3062.3515625
-2510.4091796875
-2005.4912109375
-1548.779296875
-1141.126953125
-783.0634765625
-474.77734375
-216.1259765625
-6.6328125
154.5087890625
268.4248046875
336.5537109375
360.6337890625
342.6875
285.0087890625
190.1376953125
60.8466796875
-99.8837890625
-288.8935546875
-502.861328125
-738.3310546875
-991.744140625
-1259.4619140625
-1537.794921875
-1823.03125
-2111.462890625
-2399.412109375
-2683.2626953125
-2959.478515625
-3224.634765625
-3475.4375
-3708.7431640625
-3921.5849609375
-4111.1884765625
-4274.9853515625
-4410.6279296875
-4516.0078125
-4589.2578125
-4628.767578125
-4633.1787109375
-4601.3994140625
-4532.595703125
-4426.19921875
-4281.8955078125
-4099.626953125
-3879.5751953125
-3622.162109375
-3328.03515625
-2998.05078125
-2633.271484375
-2234.9345703125
-1804.4521484375
-1343.3876953125
-853.43359375
-336.40234375
205.7978515625
771.1806640625
1357.69921875
1963.26171875
2585.7548828125
3223.060546875
3873.0625
4533.67578125
5202.8564453125
5878.6083984375
6559.0068359375
7242.2041015625
7926.4384765625
8610.0478515625
9291.47265625
9969.263671875
10642.0888671875
11308.73046875
11968.0947265625
12619.2080078125
13261.2138671875
13893.376953125
14515.080078125
15125.8095703125
15725.1640625
16312.83984375
16888.626953125
17452.400390625
18004.111328125
18543.78515625
19071.5009765625
19587.38671875
20091.6181640625
20584.3955078125
21065.9384765625
21536.484375
21996.271484375
22445.5224609375
22884.4501953125
23313.2412109375
23732.044921875
24140.9736328125
24540.08984375
24929.4013671875
25308.8564453125
25678.33984375
26037.66015625
26386.5625
26724.7080078125
27051.685546875
27367.0029296875
27670.087890625
27960.291015625
28236.8857421875
28499.0712890625
28745.9697265625
28976.6396484375
29190.068359375
29385.189453125
29560.876953125
29715.9599609375
29849.2216796875
29959.4140625
30045.2607421875
30105.4619140625
30138.7138671875
30143.705078125
30119.1318359375
30063.7060546875
29976.1650390625
29855.2783203125
29699.861328125
29508.7802734375
29280.9609375
29015.404296875
28711.1875
28367.4765625
27983.533203125
27558.7255859375
27092.52734375
26584.5400390625
26034.4765625
25442.1904296875
24807.66796875
24131.0361328125
23412.5634765625
22652.6689453125
21851.9189453125
21011.03125
20130.880859375
19212.4873046875
18257.02734375
17265.828125
16240.36328125
15182.2529296875
14093.2626953125
12975.2890625
11830.365234375
10660.6513671875
9468.4287109375
8256.0888671875
7026.130859375
5781.15234375
4523.841796875
3256.9619140625
1983.349609375
705.9052734375
-572.4248046875
-1848.65234375
-3119.759765625
-4382.70703125
-5634.453125
-6871.9560546875
-8092.18359375
-9292.134765625
-10468.8427734375
-11619.3857421875
-12740.896484375
-13830.5810546875
-14885.7177734375
-15903.673828125
-16881.9130859375
-17818.00390625
-18709.6328125
-19554.603515625
-20350.8564453125
-21096.4658203125
-21789.6533203125
-22428.791015625
-23012.41015625
-23539.2041015625
-24008.0341796875
-24417.9296875
-24768.1015625
-25057.935546875
-25286.9970703125
-25455.0341796875
-25561.9794921875
-25607.943359375
-25593.22265625
-25518.296875
-25383.81640625
-25190.615234375
-24939.697265625
-24632.232421875
-24269.556640625
-23853.16015625
-23384.6865234375
-22865.919921875
-22298.7822265625
-21685.322265625
-21027.7041015625
-20328.201171875
-19589.1845703125
-18813.1123046875
-18002.515625
-17159.9892578125
-16288.1826171875
-15389.779296875
-14467.4912109375
-13524.044921875
-12562.16796875
-11584.5732421875
-10593.9521484375
-9592.958984375
-8584.197265625
-7570.212890625
-6553.478515625
-5536.38671875
-4521.2353515625
-3510.2255859375
-2505.4423828125
-1508.8623046875
-522.33203125
452.4228515625
1413.818359375
2360.400390625
3290.8544921875
4204.00390625
5098.8115234375
5974.376953125
6829.9326171875
7664.841796875
8478.5947265625
9270.7978515625
10041.171875
10789.5380859375
11515.814453125
12220.0048828125
12902.1875
13562.501953125
14201.1416015625
14818.3408203125
15414.359375
15989.474609375
16543.9677734375
17078.1103515625
17592.1552734375
18086.32421875
18560.7958984375
19015.6982421875
19451.0966796875
19866.9892578125
20263.29296875
20639.8505859375
20996.4072265625
21332.62109375
21648.0546875
21942.1796875
22214.3642578125
22463.8916015625
22689.947265625
22891.6357421875
23067.98046875
23217.9287109375
23340.365234375
23434.1181640625
23497.970703125
23530.6748046875
23530.9560546875
23497.5361328125
23429.1435546875
23324.5224609375
23182.45703125
23001.7802734375
22781.390625
22520.265625
22217.4833984375
21872.2236328125
21483.80078125
21051.66015625
20575.4013671875
20054.7861328125
19489.751953125
18880.419921875
18227.1015625
17530.314453125
16790.78125
16009.43359375
15187.4228515625
14326.115234375
13427.095703125
12492.166015625
11523.337890625
10522.83984375
9493.09765625
8436.736328125
7356.5673828125
6255.580078125
5136.9296875
4003.9248046875
2860.0126953125
1708.76171875
553.8515625
-600.9453125
-1751.7919921875
-2894.7900390625
-4026.0087890625
-5141.5009765625
-6237.3251953125
-7309.5625
-8354.3408203125
-9367.853515625
-10346.376953125
-11286.291015625
-12184.1064453125
-13036.466796875
-13840.1884765625
-14592.255859375
-15289.857421875
-15930.3857421875
-16511.4658203125
-17030.95703125
-17486.9716796875
-17877.8876953125
-18202.3525390625
-18459.2939453125
-18647.931640625
-18767.7734375
-18818.6279296875
-18800.599609375
-18714.095703125
-18559.8193359375
-18338.7685546875
-18052.236328125
-17701.80078125
-17289.3115234375
-16816.896484375
-16286.9365234375
-15702.05859375
-15065.1240234375
-14379.2119140625
-13647.6005859375
-12873.7578125
-12061.314453125
-11214.0458984375
-10335.8583984375
-9430.7646484375
-8502.8564453125
-7556.291015625
-6595.2646484375
-5623.9921875
-4646.6787109375
-3667.5048828125
-2690.5966796875
-1720.0087890625
-759.701171875
186.4833984375
1114.83984375
2021.818359375
2904.04296875
3758.3310546875
4581.705078125
5371.4169921875
6124.947265625
6840.0302734375
7514.6552734375
8147.0830078125
8735.83984375
9279.740234375
9777.873046875
10229.6181640625
10634.630859375
10992.8564453125
11304.509765625
11570.083984375
11790.3330078125
11966.271484375
12099.1591796875
12190.48828125
12241.9775390625
12255.5478515625
12233.318359375
12177.5810546875
12090.7919921875
11975.544921875
11834.560546875
11670.666015625
11486.7724609375
11285.8583984375
11070.9560546875
10845.1220703125
10611.42578125
10372.9306640625
10132.6748046875
9893.6494140625
9658.7958984375
9430.974609375
9212.9580078125
9007.416015625
8816.90234375
8643.8427734375
8490.5244140625
8359.083984375
8251.5048828125
8169.603515625
8115.029296875
8089.251953125
8093.564453125
8129.0791015625
8196.7236328125
8297.2392578125
8431.1884765625
8598.947265625
8800.712890625
9036.505859375
9306.1748046875
9609.3974609375
9945.689453125
10314.4111328125
10714.7685546875
11145.8271484375
11606.5126953125
12095.625
12611.8427734375
13153.73046875
13719.7490234375
14308.2666015625
14917.55859375
15545.8310546875
16191.212890625
16851.7783203125
17525.5498046875
18210.50390625
18904.587890625
19605.72265625
20311.810546875
21020.7470703125
21730.431640625
22438.765625
23143.669921875
23843.087890625
24534.994140625
25217.400390625
25888.3662109375
26546.0
27188.4677734375
27814.00390625
28420.91015625
29007.5576171875
29572.408203125
30114.0
30630.96484375
31122.02734375
31586.0087890625
32021.8251953125
32428.501953125
32805.16796875
33151.052734375
33465.501953125
33747.9619140625
33997.9951171875
34215.2685546875
34399.5576171875
34550.751953125
34668.8408203125
34753.919921875
34806.1904296875
34825.9521484375
34813.603515625
34769.634765625
34694.6318359375
34589.2646484375
34454.2890625
34290.5400390625
34098.9287109375
33880.435546875
33636.1123046875
33367.06640625
33074.466796875
32759.541015625
32423.5546875
32067.8271484375
31693.712890625
31302.603515625
30895.923828125
30475.1240234375
30041.6787109375
29597.0830078125
29142.845703125
28680.490234375
28211.55078125
27737.560546875
27260.060546875
26780.5908203125
26300.6806640625
25821.8583984375
25345.640625
24873.5224609375
24406.9921875
23947.5068359375
23496.5029296875
23055.3896484375
22625.54296875
22208.2998046875
21804.9609375
21416.78125
21044.9638671875
20690.66015625
20354.962890625
20038.90234375
19743.4404296875
19469.4609375
19217.7783203125
18989.1171875
18784.1162109375
18603.3203125
18447.1796875
18316.0390625
18210.1416015625
18129.6162109375
18074.48046875
18044.642578125
18039.8857421875
18059.876953125
18104.1640625
18172.17578125
18263.2216796875
18376.4921875
18511.064453125
18665.904296875
18839.873046875
19031.7265625
19240.1259765625
19463.646484375
19700.7822265625
19949.953125
20209.5224609375
20477.7998046875
20753.0546875
21033.529296875
21317.44921875
21603.0380859375
21888.52734375
22172.17578125
22452.2734375
22727.16015625
22995.2431640625
23255.0009765625
23504.998046875
23743.90234375
23970.48828125
24183.6533203125
24382.419921875
24565.9521484375
24733.556640625
24884.69140625
25018.9658203125
25136.1533203125
25236.1796875
25319.1357421875
25385.267578125
25434.98046875
25468.826171875
25487.5068359375
25491.8623046875
25482.861328125
25461.595703125
25429.265625
25387.171875
25336.69921875
25279.306640625
25216.505859375
25149.8603515625
25080.951171875
25011.380859375
24942.744140625
24876.6162109375
24814.5419921875
24758.015625
24708.466796875
24667.25390625
24635.638671875
24614.787109375
24605.75
24609.458984375
24626.7099609375
24658.16796875
24704.34765625
24765.6201171875
24842.2041015625
24934.1640625
25041.4150390625
25163.716796875
25300.681640625
25451.7802734375
25616.3359375
25793.5458984375
25982.4755859375
26182.0791015625
26391.197265625
26608.5732421875
26832.8662109375
27062.6572265625
27296.4619140625
27532.7431640625
27769.9248046875
28006.4033203125
28240.552734375
28470.7490234375
28695.369140625
28912.8076171875
29121.4892578125
29319.8720703125
29506.4638671875
29679.8232421875
29838.5693359375
29981.39453125
30107.05859375
30214.404296875
30302.3564453125
30369.923828125
30416.205078125
30440.3876953125
30441.7509765625
30419.6630859375
30373.5859375
30303.06640625
30207.7412109375
30087.3369140625
29941.6572265625
29770.5927734375
29574.111328125
29352.255859375
29105.146484375
28832.970703125
28535.98828125
28214.521484375
27868.962890625
27499.759765625
27107.4287109375
26692.5390625
26255.72265625
25797.66796875
25319.1240234375
24820.8955078125
24303.84375
23768.892578125
23217.0224609375
22649.2744140625
22066.748046875
21470.60546875
20862.0712890625
20242.4326171875
19613.0390625
18975.298828125
18330.6884765625
17680.7392578125
17027.048828125
16371.2666015625
15715.09765625
15060.302734375
14408.685546875
13762.095703125
13122.4150390625
12491.5634765625
11871.474609375
11264.1044921875
10671.416015625
10095.3642578125
9537.892578125
9000.9248046875
8486.34375
7995.98828125
7531.6396484375
7095.0048828125
6687.7119140625
6311.287109375
5967.1494140625
5656.6015625
5380.810546875
5140.7998046875
4937.4345703125
4771.4228515625
4643.294921875
4553.396484375
4501.890625
4488.7392578125
4513.7080078125
4576.361328125
4676.0556640625
4811.9443359375
4982.9755859375
5187.900390625
5425.2724609375
5693.451171875
5990.6171875
6314.7783203125
6663.775390625
7035.3046875
7426.9189453125
7836.0517578125
8260.0322265625
8696.0947265625
9141.4072265625
9593.0830078125
10048.2021484375
10503.8291015625
10957.0419921875
11404.939453125
11844.671875
12273.4541015625
12688.5947265625
13087.5068359375
13467.728515625
13826.9453125
14163.0029296875
14473.9248046875
14757.9267578125
15013.4267578125
15239.0673828125
15433.7099609375
15596.4560546875
15726.6513671875
15823.8828125
15887.9951171875
15919.0810546875
15917.4833984375
15883.7958984375
15818.853515625
15723.7294921875
15599.728515625
15448.37109375
15271.3876953125
15070.7041015625
14848.42578125
14606.822265625
14348.30859375
14075.435546875
13790.8583984375
13497.3232421875
13197.6494140625
12894.7041015625
12591.3798828125
12290.5810546875
11995.19140625
11708.0654296875
11431.9970703125
11169.705078125
10923.8115234375
10696.8232421875
10491.1162109375
10308.9169921875
10152.283203125
10023.0986328125
9923.0517578125
9853.62890625
9816.1015625
9811.5234375
9840.716796875
9904.26953125
10002.5400390625
10135.642578125
10303.458984375
10505.6337890625
10741.5810546875
11010.490234375
11311.3330078125
11642.8671875
12003.65234375
12392.060546875
12806.2880859375
13244.369140625
13704.1884765625
14183.5009765625
14679.951171875
15191.0810546875
15714.3564453125
16247.185546875
16786.9326171875
17330.9404296875
17876.5498046875
18421.1181640625
18962.0390625
19496.7568359375
20022.791015625
20537.7490234375
21039.34765625
21525.419921875
21993.9443359375
22443.0439453125
22871.0107421875
23276.3125
23657.6015625
24013.7275390625
24343.74609375
24646.91796875
24922.720703125
25170.8505859375
25391.22265625
25583.970703125
25749.447265625
25888.220703125
26001.0732421875
26088.9873046875
26153.1435546875
26194.912109375
26215.8427734375
26217.6533203125
26202.2109375
26171.5263671875
26127.73828125
26073.09375
26009.9306640625
25940.6669921875
25867.775390625
25793.7705078125
25721.1875
25652.560546875
25590.4091796875
25537.212890625
25495.3974609375
25467.3115234375
25455.208984375
25461.232421875
25487.3955078125
25535.5615234375
25607.4345703125
25704.5390625
25828.203125
25979.5556640625
26159.5029296875
26368.7265625
26607.6689453125
26876.525390625
27175.2451171875
27503.5146484375
27860.7666015625
28246.1689453125
28658.630859375
29096.7998046875
29559.0693359375
30043.58203125
30548.234375
31070.6884765625
31608.376953125
32158.5234375
32718.140625
33284.0625
33852.9443359375
34421.283203125
34985.4453125
35541.671875
36086.107421875
36614.8173828125
37123.80859375
37609.0537109375
38066.513671875
38492.158203125
38881.9921875
39232.0732421875
39538.54296875
39797.6435546875
40005.7431640625
40159.3583984375
40255.171875
40290.05859375
40261.10546875
40165.625
40001.1806640625
39765.59765625
39456.982421875
39073.7353515625
38614.5654296875
38078.49609375
37464.8828125
36773.4150390625
36004.126953125
35157.3935546875
34233.943359375
33234.857421875
32161.560546875
31015.82421875
29799.767578125
28515.8369140625
27166.80859375
25755.77734375
24286.140625
22761.58984375
21186.08984375
19563.8681640625
17899.3974609375
16197.3681640625
14462.6806640625
12700.41015625
10915.7978515625
9114.2197265625
7301.166015625
5482.2099609375
3662.99609375
1849.2001953125
46.515625
-1739.3759765625
-3502.837890625
-5238.2900390625
-6940.2412109375
-8603.31640625
-10222.2705078125
-11792.0224609375
-13307.673828125
-14764.5224609375
-16158.095703125
-17484.1611328125
-18738.7421875
-19918.142578125
-21018.958984375
-22038.08984375
-22972.7548828125
-23820.4951171875
-24579.197265625
-25247.087890625
-25822.7451171875
-26305.0986328125
-26693.439453125
-26987.4130859375
-27187.025390625
-27292.6328125
-27304.94140625
-27225.0068359375
-27054.2177734375
-26794.294921875
-26447.275390625
-26015.5048828125
-25501.626953125
-24908.5634765625
-24239.501953125
-23497.8857421875
-22687.38671875
-21811.8984375
-20875.5078125
-19882.4833984375
-18837.251953125
-17744.3798828125
-16608.552734375
-15434.5517578125
-14227.240234375
-12991.5341796875
-11732.380859375
-10454.7490234375
-9163.5947265625
-7863.8505859375
-6560.400390625
-5258.056640625
-3961.552734375
-2675.51171875
-1404.4345703125
-152.6806640625
1075.544921875
2276.212890625
3445.4765625
4579.6982421875
5675.4482421875
6729.521484375
7738.953125
8701.0224609375
9613.2607421875
10473.4619140625
11279.6875
12030.2685546875
12723.810546875
13359.1962890625
13935.5849609375
14452.416015625
14909.3984375
15306.515625
15644.021484375
15922.4287109375
16142.505859375
16305.2685546875
16411.974609375
16464.1064453125
16463.3671875
16411.6630859375
16311.0966796875
16163.947265625
15972.6611328125
15739.83203125
15468.19140625
15160.5849609375
14819.962890625
14449.361328125
14051.8818359375
13630.677734375
13188.9375
12729.86328125
12256.66015625
11772.5146484375
11280.5791015625
10783.962890625
10285.705078125
9788.7705078125
9296.03125
8810.2548828125
8334.0908203125
7870.06640625
7420.564453125
6987.8271484375
6573.9384765625
6180.830078125
5810.2568359375
5463.8154296875
5142.921875
4848.82421875
4582.5927734375
4345.1259765625
4137.15234375
3959.2314453125
3811.7607421875
3694.9765625
3608.96484375
3553.66796875
3528.892578125
3534.314453125
3569.4912109375
3633.873046875
3726.8115234375
3847.5703125
3995.333984375
4169.2265625
4368.3125
4591.609375
4838.1083984375
5106.7734375
5396.5556640625
5706.400390625
6035.26171875
6382.1025390625
6745.912109375
7125.701171875
7520.51953125
7929.44921875
8351.6220703125
8786.208984375
9232.43359375
9689.568359375
10156.935546875
10633.9072265625
11119.904296875
11614.39453125
12116.890625
12626.9443359375
13144.1474609375
13668.1220703125
14198.5146484375
14734.99609375
15277.255859375
15824.990234375
16377.8994140625
16935.685546875
17498.037109375
18064.6357421875
18635.140625
19209.185546875
19786.3798828125
20366.294921875
20948.46875
21532.3974609375
22117.5380859375
22703.2978515625
23289.04296875
23874.0947265625
24457.7275390625
25039.169921875
25617.61328125
26192.205078125
26762.05859375
27326.2587890625
27883.85546875
28433.880859375
28975.3486328125
29507.263671875
30028.6220703125
30538.42578125
31035.681640625
31519.4111328125
31988.66015625
32442.4990234375
32880.03515625
33300.4111328125
33702.822265625
34086.5087890625
34450.7666015625
34794.953125
35118.4853515625
35420.84765625
35701.5888671875
35960.326171875
36196.7451171875
36410.595703125
36601.6953125
36769.9267578125
36915.224609375
37037.58984375
37137.068359375
37213.75390625
37267.7822265625
37299.318359375
37308.560546875
37295.7236328125
37261.03515625
37204.7294921875
37127.0380859375
37028.177734375
36908.3544921875
36767.7451171875
36606.498046875
36424.7216796875
36222.48046875
35999.7958984375
35756.62890625
35492.8916015625
35208.43359375
34903.044921875
34576.4609375
34228.3486328125
33858.3251953125
33465.947265625
33050.72265625
32612.1181640625
32149.5537109375
31662.4208984375
31150.087890625
30611.9033203125
30047.21875
29455.384765625
28835.771484375
28187.779296875
27510.8486328125
26804.474609375
26068.220703125
25301.724609375
24504.72265625
23677.0517578125
22818.6650390625
21929.6435546875
21010.208984375
20060.7255859375
19081.7177734375
18073.8720703125
17038.0439453125
15975.265625
14886.74609375
13773.8740234375
12638.2216796875
11481.5341796875
10305.7373046875
9112.9248046875
7905.35546875
6685.4453125
5455.751953125
4218.9716796875
2977.9189453125
1735.5146484375
494.7705078125
-741.2294921875
-1969.349609375
-3186.4169921875
-4389.24609375
-5574.66015625
-6739.5087890625
-7880.693359375
-8995.19140625
-10080.072265625
-11132.5244140625
-12149.875
-13129.6103515625
-14069.396484375
-14967.09765625
-15820.7958984375
-16628.8037109375
-17389.68359375
-18102.2568359375
-18765.6181640625
-19379.142578125
-19942.4951171875
-20455.6337890625
-20918.810546875
-21332.5810546875
-21697.7919921875
-22015.5830078125
-22287.3779296875
-22514.8759765625
-22700.046875
-22845.107421875
-22952.51171875
-23024.9345703125
-23065.251953125
-23076.515625
-23061.9375
-23024.8583984375
-22968.73046875
-22897.0791015625
-22813.490234375
-22721.5673828125
-22624.9189453125
-22527.111328125
-22431.6591796875
-22341.98046875
-22261.3779296875
-22193.009765625
-22139.861328125
-22104.720703125
-22090.15625
-22098.4892578125
-22131.7763671875
-22191.79296875
-22280.0087890625
-22397.576171875
-22545.322265625
-22723.732421875
-22932.94140625
-23172.7314453125
-23442.53125
-23741.4072265625
-24068.0771484375
-24420.9033203125
-24797.91015625
-25196.7880859375
-25614.9091796875
-26049.3388671875
-26496.8564453125
-26953.9765625
-27416.9609375
-27881.8515625
-28344.494140625
-28800.5625
-29245.5849609375
-29674.98046875
-30084.078125
-30468.1640625
-30822.4951171875
-31142.345703125
-31423.03125
-31659.9443359375
-31848.5859375
-31984.59765625
-32063.7861328125
-32082.1630859375
-32035.9677734375
-31921.6953125
-31736.12109375
-31476.328125
-31139.7255859375
-30724.0751953125
-30227.50390625
-29648.517578125
-28986.025390625
-28239.341796875
-27408.1962890625
-26492.7451171875
-25493.5693359375
-24411.6767578125
-23248.5029296875
-22005.9052734375
-20686.154296875
-19291.9296875
-17826.302734375
-16292.7236328125
-14695.009765625
-13037.318359375
-11324.1337890625
-9560.2412109375
-7750.701171875
-5900.82421875
-4016.1474609375
-2102.3974609375
-165.46875
1788.6103515625
3753.7158203125
5723.6435546875
7692.16015625
9653.0205078125
11600.0107421875
13526.9736328125
15427.8408203125
17296.666015625
19127.6494140625
20915.1767578125
22653.833984375
24338.439453125
25964.06640625
27526.072265625
29020.10546875
30442.138671875
31788.474609375
33055.767578125
34241.0302734375
35341.6484375
36355.3857421875
37280.3876953125
38115.189453125
38858.7109375
39510.2607421875
40069.52734375
40536.5732421875
40911.83203125
41196.0947265625
41390.4931640625
41496.49609375
41515.88671875
41450.7451171875
41303.4326171875
41076.5751953125
40773.0361328125
40395.8984375
39948.4384765625
39434.11328125
38856.5234375
38219.4013671875
37526.580078125
36781.974609375
35989.5556640625
35153.330078125
34277.314453125
33365.51953125
32421.9208984375
31450.455078125
30454.9794921875
29439.2734375
28407.013671875
27361.759765625
26306.9423828125
25245.849609375
24181.623046875
23117.2353515625
22055.5
20999.0498046875
19950.33984375
18911.646484375
17885.0576171875
16872.4853515625
15875.65234375
14896.1025390625
13935.2080078125
12994.1640625
12074.0048828125
11175.603515625
10299.6806640625
9446.8154296875
8617.4521484375
7811.9140625
7030.40625
6273.033203125
5539.8046875
4830.6513671875
4145.4287109375
3483.939453125
2845.9306640625
2231.1162109375
1639.1787109375
1069.7890625
522.6044921875
-2.708984375
-506.482421875
-989.0224609375
-1450.6103515625
-1891.4931640625
-2311.8818359375
-2711.9375
-3091.7744140625
-3451.4521484375
-3790.974609375
-4110.2861328125
-4409.2705078125
-4687.74609375
-4945.4765625
-5182.162109375
-5397.447265625
-5590.912109375
-5762.09375
-5910.474609375
-6035.4931640625
-6136.5478515625
-6213.0048828125
-6264.19921875
-6289.44921875
-6288.0576171875
-6259.3193359375
-6202.53125
-6117.0029296875
-6002.05859375
-5857.048828125
-5681.3623046875
-5474.4306640625
-5235.736328125
-4964.8232421875
-4661.306640625
-4324.8759765625
-3955.306640625
-3552.4677734375
-3116.3291015625
-2646.9638671875
-2144.560546875
-1609.4208984375
-1041.9765625
-442.7783203125
187.486328125
848.00390625
1537.8193359375
2255.8427734375
3000.8515625
3771.484375
4566.24609375
5383.5087890625
6221.5166015625
7078.384765625
7952.111328125
8840.5810546875
9741.564453125
10652.734375
11571.6669921875
12495.853515625
13422.7099609375
14349.5791015625
15273.75390625
16192.47265625
17102.94140625
18002.3369140625
18887.8232421875
19756.560546875
20605.7158203125
21432.4736328125
22234.05078125
23007.705078125
23750.7431640625
24460.5390625
25134.5322265625
25770.251953125
26365.3125
26917.4326171875
27424.4404296875
27884.27734375
28295.0126953125
28654.84375
28962.10546875
29215.275390625
29412.9775390625
29553.986328125
29637.2333984375
29661.8037109375
29626.9482421875
29532.0712890625
29376.748046875
29160.7119140625
28883.86328125
28546.2666015625
28148.1455078125
27689.884765625
27172.033203125
26595.294921875
25960.53125
25268.7529296875
24521.126953125
23718.9619140625
22863.7119140625
21956.9716796875
21000.47265625
19996.07421875
18945.7666015625
17851.6630859375
16715.9912109375
15541.0966796875
14329.4296875
13083.5439453125
11806.0869140625
10499.798828125
9167.50390625
7812.1005859375
6436.560546875
5043.9169921875
3637.259765625
2219.7255859375
794.48828125
-635.2451171875
-2066.24609375
-3495.275390625
-4919.087890625
-6334.4482421875
-7738.1318359375
-9126.947265625
-10497.7373046875
-11847.388671875
-13172.849609375
-14471.1376953125
-15739.3427734375
-16974.6484375
-18174.3349609375
-19335.7919921875
-20456.5263671875
-21534.169921875
-22566.494140625
-23551.4111328125
-24486.984375
-25371.4365234375
-26203.150390625
-26980.6826171875
-27702.7578125
-28368.28125
-28976.333984375
-29526.1806640625
-30017.263671875
-30449.20703125
-30821.814453125
-31135.0654296875
-31389.111328125
-31584.2724609375
-31721.029296875
-31800.0234375
-31822.0400390625
-31788.0087890625
-31698.9873046875
-31556.162109375
-31360.8271484375
-31114.3818359375
-30818.3154296875
-30474.201171875
-30083.6787109375
-29648.4482421875
-29170.2587890625
-28650.8916015625
-28092.16015625
-27495.8896484375
-26863.9130859375
-26198.060546875
-25500.150390625
-24771.982421875
-24015.3291015625
-23231.9296875
-22423.4873046875
-21591.6640625
-20738.072265625
-19864.279296875
-18971.8017578125
-18062.1064453125
-17136.609375
-16196.6796875
-15243.6396484375
-14278.763671875
-13303.29296875
-12318.4267578125
-11325.333984375
-10325.1650390625
-9319.04296875
-8308.0771484375
-7293.373046875
-6276.033203125
-5257.166015625
-4237.8896484375
-3219.3427734375
-2202.6865234375
-1189.107421875
-179.83203125
823.8798828125
1820.7236328125
2809.3515625
3788.365234375
4756.3212890625
5711.72265625
6653.0234375
7578.6298828125
8486.900390625
9376.1494140625
10244.65234375
11090.64453125
11912.3359375
12707.90625
13475.5234375
14213.3388671875
14919.5068359375
15592.185546875
16229.548828125
16829.796875
17391.1640625
17911.9306640625
18390.431640625
18825.068359375
19214.31640625
19556.7392578125
19850.9951171875
20095.8505859375
20290.181640625
20432.9951171875
20523.4248046875
20560.744140625
20544.3779296875
20473.9013671875
20349.0478515625
20169.7197265625
19935.9814453125
19648.0732421875
19306.4072265625
18911.572265625
18464.333984375
17965.630859375
17416.578125
16818.46484375
16172.7470703125
15481.046875
14745.1513671875
13966.9970703125
13148.67578125
12292.41796875
11400.5908203125
10475.6875
9520.3173828125
8537.1982421875
7529.1455078125
6499.0615234375
5449.92578125
4384.7763671875
3306.7138671875
2218.8671875
1124.4052734375
26.50390625
-1071.650390625
-2166.888671875
-3256.0595703125
-4336.04296875
-5403.7705078125
-6456.23046875
-7490.482421875
-8503.6650390625
-9493.017578125
-10455.8740234375
-11389.693359375
-12292.048828125
-13160.654296875
-13993.3623046875
-14788.1728515625
-15543.248046875
-16256.9091796875
-16927.6474609375
-17554.1279296875
-18135.1923828125
-18669.86328125
-19157.3427734375
-19597.01953125
-19988.4619140625
-20331.42578125
-20625.845703125
-20871.83203125
-21069.673828125
-21219.8291015625
-21322.9189453125
-21379.7294921875
-21391.1923828125
-21358.388671875
-21282.5341796875
-21164.97265625
-21007.16796875
-20810.6884765625
-20577.2041015625
-20308.4716796875
-20006.3251953125
-19672.6640625
-19309.4384765625
-18918.6455078125
-18502.31640625
-18062.49609375
-17601.25
-17120.6318359375
-16622.6953125
-16109.46875
-15582.9521484375
-15045.1083984375
-14497.853515625
-13943.0517578125
-13382.509765625
-12817.9638671875
-12251.0830078125
-11683.4619140625
-11116.6142578125
-10551.9775390625
-9990.9013671875
-9434.6513671875
-8884.41015625
-8341.2763671875
-7806.2666015625
-7280.3115234375
-6764.2666015625
-6258.908203125
-5764.94140625
-5282.99609375
-4813.6455078125
-4357.3935546875
-3914.69140625
-3485.93359375
-3071.4736328125
-2671.6162109375
-2286.6298828125
-1916.7509765625
-1562.18359375
-1223.109375
-899.68359375
-592.046875
-300.3251953125
-24.6298828125
234.94140625
478.296875
705.3544921875
916.0380859375
1110.283203125
1288.03125
1449.236328125
1593.857421875
1721.8759765625
1833.2802734375
1928.0849609375
2006.3193359375
2068.044921875
2113.3447265625
2142.3427734375
2155.1923828125
2152.0947265625
2133.2919921875
2099.0771484375
2049.7939453125
1985.845703125
1907.6962890625
1815.8701171875
1710.958984375
1593.625
1464.5947265625
1324.673828125
1174.734375
1015.7216796875
848.654296875
674.619140625
494.7724609375
310.3349609375
122.591796875
-67.11328125
-257.388671875
-446.7880859375
-633.826171875
-816.982421875
-994.7060546875
-1165.4306640625
-1327.572265625
-1479.55078125
-1619.78515625
-1746.71484375
-1858.8046875
-1954.552734375
-2032.505859375
-2091.2626953125
-2129.4921875
-2145.935546875
-2139.4208984375
-2108.8759765625
-2053.3271484375
-1971.9189453125
-1863.91015625
-1728.7001953125
-1565.8154296875
-1374.9306640625
-1155.8662109375
-908.5986328125
-633.2587890625
-330.140625
0.302734375
357.451171875
740.5244140625
1148.578125
1580.5087890625
2035.0576171875
2510.806640625
3006.1982421875
3519.5302734375
4048.970703125
4592.5546875
5148.2109375
5713.7578125
6286.919921875
6865.341796875
7446.59765625
8028.203125
8607.63671875
9182.3447265625
9749.7626953125
10307.328125
10852.4951171875
11382.7529296875
11895.63671875
12388.7470703125
12859.7646484375
13306.462890625
13726.7216796875
14118.544921875
14480.0732421875
14809.5947265625
15105.5537109375
15366.5712890625
15591.4453125
15779.1640625
15928.9130859375
16040.08203125
16112.267578125
16145.279296875
16139.146484375
16094.1064453125
16010.6201171875
15889.359375
15731.20703125
15537.255859375
15308.796875
15047.3154296875
14754.482421875
14432.1435546875
14082.3125
13707.150390625
13308.9599609375
12890.1689453125
12453.3154296875
12001.0322265625
11536.0263671875
11061.0703125
10578.978515625
10092.58984375
9604.7509765625
9118.298828125
8636.0439453125
8160.7470703125
7695.109375
7241.7509765625
6803.19140625
6381.8466796875
5979.998046875
5599.7880859375
5243.2080078125
4912.0791015625
4608.0517578125
4332.5869140625
4086.953125
3872.2236328125
3689.2587890625
3538.7158203125
3421.0419921875
3336.470703125
3285.0244140625
3266.5234375
3280.58203125
3326.61328125
3403.8427734375
3511.314453125
3647.896484375
3812.296875
4003.0703125
4218.6376953125
4457.2939453125
4717.2294921875
4996.5361328125
5293.234375
5605.2802734375
5930.5888671875
6267.046875
6612.5341796875
6964.935546875
7322.1640625
7682.1689453125
8042.9609375
8402.619140625
8759.314453125
9111.3125
9456.998046875
9794.876953125
10123.5908203125
10441.9287109375
10748.830078125
11043.392578125
11324.8818359375
11592.724609375
11846.5234375
12086.046875
12311.234375
12522.189453125
12719.1787109375
12902.6259765625
13073.099609375
13231.3134765625
13378.111328125
13514.453125
13641.41015625
13760.146484375
13871.9091796875
13978.0068359375
14079.798828125
14178.6845703125
14276.076171875
14373.3896484375
14472.0263671875
14573.35546875
14678.7001953125
14789.322265625
14906.4013671875
15031.0302734375
15164.189453125
15306.7490234375
15459.4404296875
15622.8583984375
15797.451171875
15983.50390625
16181.1435546875
16390.326171875
16610.8388671875
16842.2939453125
17084.1357421875
17335.63671875
17595.900390625
17863.873046875
18138.3466796875
18417.966796875
18701.2412109375
18986.5576171875
19272.185546875
19556.306640625
19837.0087890625
20112.31640625
20380.20703125
20638.619140625
20885.48046875
21118.7177734375
21336.2802734375
21536.154296875
21716.3857421875
21875.0947265625
22010.4921875
22120.8984375
22204.759765625
22260.6611328125
22287.33984375
22283.69921875
22248.8173828125
22181.96484375
22082.59765625
21950.3798828125
21785.1787109375
21587.068359375
21356.333984375
21093.47265625
20799.1826171875
20474.369140625
20120.1298828125
19737.7529296875
19328.70703125
18894.6279296875
18437.3046875
17958.6728515625
17460.7919921875
16945.8330078125
16416.05859375
15873.8095703125
15321.484375
14761.5126953125
14196.3515625
13628.447265625
13060.2314453125
12494.09375
11932.3583984375
11377.279296875
10831.0078125
10295.5830078125
9772.91796875
9264.775390625
8772.7646484375
8298.322265625
7842.7021484375
7406.97265625
6991.9990234375
6598.4453125
6226.76953125
5877.21875
5549.8291015625
5244.4306640625
4960.650390625
4697.912109375
4455.4521484375
4232.3193359375
4027.3935546875
3839.39453125
3666.8916015625
3508.328125
3362.025390625
3226.2109375
3099.029296875
2978.568359375
2862.8662109375
2749.94921875
2637.8349609375
2524.5654296875
2408.220703125
2286.9404296875
2158.9462890625
2022.55859375
1876.2158203125
1718.490234375
1548.1123046875
1363.9755859375
1165.1533203125
950.9208984375
720.7529296875
474.3427734375
211.6025390625
-67.3193359375
-362.05078125
-671.9814453125
-996.263671875
-1333.8232421875
-1683.3525390625
-2043.32421875
-2411.9970703125
-2787.421875
-3167.458984375
-3549.7900390625
-3931.931640625
-4311.2490234375
-4684.9853515625
-5050.263671875
-5404.1240234375
-5743.5361328125
-6065.421875
-6366.6806640625
-6644.212890625
-6894.94140625
-7115.8369140625
-7303.943359375
-7456.39453125
-7570.447265625
-7643.49609375
-7673.095703125
-7656.986328125
-7593.1064453125
-7479.6171875
-7314.912109375
-7097.642578125
-6826.7177734375
-6501.3251953125
-6120.9375
-5685.32421875
-5194.546875
-4648.9755859375
-4049.27734375
-3396.423828125
-2691.6904296875
-1936.63671875
-1133.1162109375
-283.2587890625
610.5439453125
1545.642578125
2519.1552734375
3527.9736328125
4568.7890625
5638.1083984375
6732.2744140625
7847.48828125
8979.8330078125
10125.2919921875
11279.7802734375
12439.16015625
13599.2734375
14755.95703125
15905.072265625
17042.529296875
18164.302734375
19266.4609375
20345.18359375
21396.779296875
22417.7138671875
23404.615234375
24354.296875
25263.767578125
26130.2568359375
26951.203125
27724.287109375
28447.4228515625
29118.771484375
29736.7431640625
30299.9990234375
30807.4521484375
31258.2685546875
31651.859375
31987.880859375
32266.2275390625
32487.0234375
32650.619140625
32757.57421875
32808.6494140625
32804.8017578125
32747.162109375
32637.02734375
32475.849609375
32265.21484375
32006.837890625
31702.5400390625
31354.240234375
30963.939453125
30533.70703125
30065.6640625
29561.9794921875
29024.84765625
28456.4794921875
27859.095703125
27234.9150390625
26586.1357421875
25914.9423828125
25223.482421875
24513.876953125
23788.1923828125
23048.458984375
22296.6455078125
21534.671875
20764.3984375
19987.623046875
19206.08203125
18421.4521484375
17635.3486328125
16849.322265625
16064.865234375
15283.4091796875
14506.328125
13734.94140625
12970.515625
12214.2607421875
11467.341796875
10730.873046875
10005.927734375
9293.529296875
8594.6640625
7910.2744140625
7241.265625
6588.5029296875
5952.8125
5334.9853515625
4735.771484375
4155.8828125
3595.9912109375
3056.7275390625
2538.6787109375
2042.3916015625
1568.3583984375
1117.0322265625
688.8037109375
284.015625
-97.048828125
-454.16796875
-787.1845703125
-1096.005859375
-1380.6083984375
-1641.0439453125
-1877.439453125
-2089.9970703125
-2278.9990234375
-2444.8125
-2587.8828125
-2708.7431640625
-2808.0087890625
-2886.3798828125
-2944.6455078125
-2983.6689453125
-3004.404296875
-3007.880859375
-2995.2041015625
-2967.5595703125
-2926.193359375
-2872.423828125
-2807.6298828125
-2733.2412109375
-2650.7421875
-2561.6552734375
-2467.5380859375
-2369.9814453125
-2270.5908203125
-2170.984375
-2072.7861328125
-1977.611328125
-1887.0625
-1802.7197265625
-1726.1279296875
-1658.7900390625
-1602.16015625
-1557.62890625
-1526.5185546875
-1510.07421875
-1509.455078125
-1525.724609375
-1559.84375
-1612.6669921875
-1684.9326171875
-1777.2568359375
-1890.12890625
-2023.90625
-2178.8134765625
-2354.9365234375
-2552.2197265625
-2770.466796875
-3009.3408203125
-3268.3603515625
-3546.90625
-3844.220703125
-4159.41015625
-4491.4521484375
-4839.197265625
-5201.375
-5576.6044921875
-5963.3935546875
-6360.15625
-6765.21875
-7176.8212890625
-7593.1396484375
-8012.2890625
-8432.3349609375
-8851.3046875
-9267.2021484375
-9678.0146484375
-10081.73046875
-10476.3427734375
-10859.8681640625
-11230.3515625
-11585.890625
-11924.6259765625
-12244.771484375
-12544.611328125
-12822.5126953125
-13076.9384765625
-13306.451171875
-13509.71875
-13685.5263671875
-13832.7734375
-13950.490234375
-14037.830078125
-14094.0771484375
-14118.6494140625
-14111.0947265625
-14071.0986328125
-13998.4765625
-13893.171875
-13755.2568359375
-13584.9306640625
-13382.509765625
-13148.423828125
-12883.216796875
-12587.533203125
-12262.1162109375
-11907.796875
-11525.494140625
-11116.1982421875
-10680.9697265625
-10220.9326171875
-9737.26171875
-9231.177734375
-8703.943359375
-8156.8505859375
-7591.220703125
-7008.3916015625
-6409.712890625
-5796.548828125
-5170.263671875
-4532.22265625
-3883.7822265625
-3226.298828125
-2561.1123046875
-1889.556640625
-1212.9453125
-532.58203125
150.2431640625
834.2626953125
1518.2177734375
2200.8662109375
2880.978515625
3557.34375
4228.75390625
4894.0185546875
5551.9580078125
6201.3974609375
6841.1728515625
7470.125
8087.1083984375
8690.9814453125
9280.6083984375
9854.8720703125
10412.658203125
10952.869140625
11474.4228515625
11976.2587890625
12457.3369140625
12916.6484375
13353.212890625
13766.09375
14154.3916015625
14517.263671875
14853.92578125
15163.6513671875
15445.7939453125
15699.779296875
15925.123046875
16121.439453125
16288.4365234375
16425.9384765625
16533.8798828125
16612.3193359375
16661.4423828125
16681.568359375
16673.1513671875
16636.7890625
16573.2177734375
16483.3203125
16368.125
16228.8037109375
16066.666015625
15883.1669921875
15679.8916015625
15458.5537109375
15220.9873046875
14969.142578125
14705.068359375
14430.9111328125
14148.8935546875
13861.306640625
13570.4970703125
13278.845703125
12988.76171875
12702.6552734375
12422.9287109375
12151.9541015625
11892.05859375
11645.5068359375
11414.4794921875
11201.0595703125
11007.2109375
10834.765625
10685.4052734375
10560.6494140625
10461.8330078125
10390.0986328125
10346.384765625
10331.4150390625
10345.6845703125
10389.455078125
10462.751953125
10565.3525390625
10696.7880859375
10856.3447265625
11043.0576171875
11255.724609375
11492.8984375
11752.9033203125
12033.8408203125
12333.59765625
12649.861328125
12980.1298828125
13321.734375
13671.849609375
14027.5126953125
14385.646484375
14743.0771484375
15096.556640625
15442.78515625
15778.4326171875
16100.162109375
16404.658203125
16688.6455078125
16948.9111328125
17182.3349609375
17385.9033203125
17556.7412109375
17692.1240234375
17789.5029296875
17846.525390625
17861.05078125
17831.1669921875
17755.2021484375
17631.748046875
17459.6611328125
17238.076171875
16966.4150390625
16644.3916015625
16272.0166015625
15849.5947265625
15377.73046875
14857.3203125
14289.5546875
13675.9013671875
13018.1103515625
12318.1904296875
11578.404296875
10801.25390625
9989.4658203125
9145.970703125
8273.88671875
7376.5029296875
6457.251953125
5519.69921875
4567.5078125
3604.4267578125
2634.2607421875
1660.849609375
688.044921875
-280.3134765625
-1240.423828125
-2188.541015625
-3120.998046875
-4034.2353515625
-4924.810546875
-5789.4267578125
-6624.947265625
-7428.412109375
-8197.056640625
-8928.326171875
-9619.8857421875
-10269.6337890625
-10875.712890625
-11436.5166015625
-11950.6962890625
-12417.1689453125
-12835.1142578125
-13203.986328125
-13523.4990234375
-13793.640625
-14014.66015625
-14187.06640625
-14311.623046875
-14389.3388671875
-14421.4619140625
-14409.4677734375
-14355.052734375
-14260.119140625
-14126.7607421875
-13957.2578125
-13754.056640625
-13519.755859375
-13257.095703125
-12968.939453125
-12658.2607421875
-12328.1279296875
-11981.6865234375
-11622.1474609375
-11252.7685546875
-10876.84375
-10497.6826171875
-10118.6025390625
-9742.9072265625
-9373.8798828125
-9014.7646484375
-8668.7568359375
-8338.9873046875
-8028.5146484375
-7740.3076171875
-7477.2392578125
-7242.07421875
-7037.4541015625
-6865.8935546875
-6729.765625
-6631.30078125
-6572.564453125
-6555.4609375
-6581.716796875
-6652.880859375
-6770.3095703125
-6935.158203125
-7148.3896484375
-7410.744140625
-7722.75390625
-8084.728515625
-8496.7451171875
-8958.65625
-9470.0732421875
-10030.369140625
-10638.67578125
-11293.876953125
-11994.61328125
-12739.2705078125
-13525.9931640625
-14352.673828125
-15216.9609375
-16116.2607421875
-17047.7373046875
-18008.3203125
-18994.7119140625
-20003.39453125
-21030.6337890625
-22072.494140625
-23124.84765625
-24183.3857421875
-25243.63671875
-26300.974609375
-27350.6376953125
-28387.75
-29407.337890625
-30404.3447265625
-31373.6572265625
-32310.1298828125
-33208.6005859375
-34063.91796875
-34870.970703125
-35624.6982421875
-36320.1318359375
-36952.41015625
-37516.80859375
-38008.763671875
-38423.896484375
-38758.0400390625
-39007.265625
-39167.896484375
-39236.541015625
-39210.109375
-39085.8349609375
-38861.2861328125
-38534.3955078125
-38103.4658203125
-37567.185546875
-36924.642578125
-36175.33203125
-35319.1630859375
-34356.4609375
-33287.982421875
-32114.8974609375
-30838.802734375
-29461.7109375
-27986.0439453125
-26414.626953125
-24750.673828125
-22997.779296875
-21159.8955078125
-19241.3251953125
-17246.6953125
-15180.9345703125
-13049.259765625
-10857.14453125
-8610.2958984375
-6314.630859375
-3976.24609375
-1601.38671875
803.5703125
3232.15625
5677.8408203125
8134.0478515625
10594.19921875
13051.736328125
15500.150390625
17933.005859375
20343.9736328125
22726.8515625
25075.5927734375
27384.32421875
29647.3759765625
31859.2958984375
34014.8720703125
36109.1474609375
38137.44140625
40095.3564453125
41978.7978515625
43783.98046875
45507.4375
47146.03125
48696.95703125
50157.744140625
51526.2626953125
52800.72265625
53979.6708984375
55061.9912109375
56046.8984375
56933.9345703125
57722.9609375
58414.1513671875
59007.982421875
59505.22265625
59906.9208984375
60214.400390625
60429.236328125
60553.2490234375
60588.4892578125
60537.21875
60401.9033203125
60185.19140625
59889.896484375
59518.990234375
59075.576171875
58562.8818359375
57984.23828125
57343.0625
56642.849609375
55887.1484375
55079.5517578125
54223.67578125
53323.158203125
52381.625
51402.697265625
50389.9599609375
49346.9619140625
48277.19921875
47184.10546875
46071.0361328125
44941.26953125
43797.9833984375
42644.259765625
41483.0673828125
40317.2607421875
39149.5693359375
37982.5986328125
36818.81640625
35660.5595703125
34510.017578125
33369.24609375
32240.15234375
31124.498046875
30023.904296875
28939.8447265625
27873.6484375
26826.509765625
25799.4775390625
24793.4658203125
23809.2607421875
22847.515625
21908.7626953125
20993.4169921875
20101.7763671875
19234.03515625
18390.2802734375
17570.51171875
16774.6337890625
16002.4697265625
15253.7685546875
14528.2099609375
13825.4111328125
13144.9326171875
12486.2900390625
11848.953125
11232.3603515625
10635.91796875
10059.009765625
9501.0068359375
8961.2646484375
8439.13671875
7933.978515625
7445.1484375
6972.017578125
6513.9716796875
6070.416015625
5640.7802734375
5224.5234375
4821.134765625
4430.1396484375
4051.099609375
3683.619140625
3327.3466796875
2981.9755859375
2647.24609375
2322.953125
2008.935546875
1705.0947265625
1411.3740234375
1127.78515625
854.3857421875
591.291015625
338.673828125
96.7626953125
-134.162109375
-353.7646484375
-561.658203125
-757.4013671875
-940.505859375
-1110.439453125
-1266.623046875
-1408.4375
-1535.2265625
-1646.3017578125
-1740.9453125
-1818.4189453125
-1877.9609375
-1918.7998046875
-1940.1591796875
-1941.2578125
-1921.326171875
-1879.6064453125
-1815.361328125
-1727.8857421875
-1616.5087890625
-1480.607421875
-1319.6083984375
-1133.0048828125
-920.35546875
-681.302734375
-415.56640625
-122.9697265625
196.5673828125
543.017578125
916.2392578125
1315.9638671875
1741.802734375
2193.236328125
2669.60546875
3170.1162109375
3693.8359375
4239.6865234375
4806.451171875
5392.775390625
5997.16015625
6617.974609375
7253.4541015625
7901.7109375
8560.734375
9228.4033203125
9902.4921875
10580.6787109375
11260.560546875
11939.6611328125
12615.44140625
13285.31640625
13946.6669921875
14596.8525390625
15233.23046875
15853.1650390625
16454.044921875
17033.2998046875
17588.4150390625
18116.9423828125
18616.51953125
19084.8896484375
19519.8974609375
19919.5234375
20281.884765625
20605.2470703125
20888.037109375
21128.85546875
21326.48046875
21479.8759765625
21588.203125
21650.818359375
21667.2841796875
21637.36328125
21561.025390625
21438.4462890625
21270.005859375
21056.2822265625
20798.0556640625
20496.29296875
20152.1474609375
19766.9521484375
19342.203125
18879.5673828125
18380.8486328125
17847.9990234375
17283.0927734375
16688.3203125
16065.9765625
15418.4443359375
14748.18359375
14057.7197265625
13349.6298828125
12626.5283203125
11891.0546875
11145.8671875
10393.6201171875
9636.958984375
8878.5146484375
8120.8818359375
7366.6162109375
6618.228515625
5878.1689453125
5148.8251953125
4432.5126953125
3731.470703125
3047.861328125
2383.75390625
1741.1328125
1121.8896484375
527.8203125
-39.37109375
-578.0810546875
-1086.8037109375
-1564.1240234375
-2008.7294921875
-2419.3984375
-2795.005859375
-3134.5185546875
-3436.990234375
-3701.5703125
-3927.4892578125
-4114.064453125
-4260.6962890625
-4366.8642578125
-4432.130859375
-4456.1298828125
-4438.578125
-4379.263671875
-4278.0439453125
-4134.857421875
-3949.70703125
-3722.6708984375
-3453.8994140625
-3143.6142578125
-2792.1064453125
-2399.7421875
-1966.9580078125
-1494.265625
-982.2509765625
-431.578125
157.017578125
782.720703125
1444.6376953125
2141.796875
2873.146484375
3637.5517578125
4433.802734375
5260.60546875
6116.5869140625
7000.2958984375
7910.2021484375
8844.697265625
9802.1005859375
10780.6572265625
11778.54296875
12793.8662109375
13824.671875
14868.94921875
15924.62890625
16989.5986328125
18061.697265625
19138.7275390625
20218.4677734375
21298.6630859375
22377.0478515625
23451.3466796875
24519.2802734375
25578.5771484375
26626.9794921875
27662.255859375
28682.2041015625
29684.6572265625
30667.5009765625
31628.6748046875
32566.18359375
33478.1005859375
34362.578125
35217.8564453125
36042.2646484375
36834.232421875
37592.2880859375
38315.0751953125
39001.34765625
39649.9716796875
40259.9365234375
40830.353515625
41360.4521484375
41849.5927734375
42297.2509765625
42703.033203125
43066.6572265625
43387.96875
43666.9228515625
43903.587890625
44098.1376953125
44250.8515625
44362.099609375
44432.345703125
44462.1337890625
44452.0849609375
44402.8876953125
44315.291015625
44190.095703125
44028.1455078125
43830.3212890625
43597.5322265625
43330.7041015625
43030.7763671875
42698.6943359375
42335.396484375
41941.814453125
41518.8642578125
41067.4345703125
40588.39453125
40082.5791015625
39550.7900390625
38993.7880859375
38412.298828125
37807.00390625
37178.5439453125
36527.521484375
35854.498046875
35159.9970703125
34444.5048828125
33708.484375
32952.3642578125
32176.5537109375
31381.447265625
30567.42578125
29734.87109375
28884.162109375
28015.69140625
27129.869140625
26227.126953125
25307.931640625
24372.7890625
23422.2490234375
22456.9140625
21477.453125
20484.5888671875
19479.125
18461.9365234375
17433.9755859375
16396.279296875
15349.9716796875
14296.2607421875
13236.443359375
12171.9033203125
11104.109375
10034.6171875
8965.060546875
7897.1494140625
6832.6708984375
5773.47265625
4721.4658203125
3678.6142578125
2646.923828125
1628.439453125
625.2314453125
-360.6103515625
-1326.9912109375
-2271.818359375
-3193.0087890625
-4088.5068359375
-4956.2890625
-5794.376953125
-6600.8466796875
-7373.8388671875
-8111.56640625
-8812.3271484375
-9474.5107421875
-10096.60546875
-10677.208984375
-11215.03125
-11708.9033203125
-12157.7783203125
-12560.74609375
-12917.0234375
-13225.96875
-13487.072265625
-13699.9736328125
-13864.4453125
-13980.40625
-14047.9091796875
-14067.150390625
-14038.4599609375
-13962.302734375
-13839.2705078125
-13670.0888671875
-13455.59765625
-13196.7646484375
-12894.6591796875
-12550.4697265625
-12165.484375
-11741.087890625
-11278.759765625
-10780.0654296875
-10246.654296875
-9680.2470703125
-9082.640625
-8455.69140625
-7801.318359375
-7121.4921875
-6418.2353515625
-5693.6103515625
-4949.7158203125
-4188.6884765625
-3412.6865234375
-2623.888671875
-1824.494140625
-1016.708984375
-202.74609375
615.1845703125
1434.880859375
2254.1513671875
3070.8251953125
3882.7578125
4687.837890625
5483.9921875
6269.1953125
7041.4755859375
7798.9189453125
8539.6865234375
9262.01171875
9964.2109375
10644.6962890625
11301.9794921875
11934.6767578125
12541.5205078125
13121.3642578125
13673.1953125
14196.130859375
14689.4326171875
15152.5107421875
15584.92578125
15986.3994140625
16356.806640625
16696.1923828125
17004.763671875
17282.8916015625
17531.115234375
17750.13671875
17940.818359375
18104.181640625
18241.3984375
18353.7939453125
18442.82421875
18510.083984375
18557.283203125
18586.2490234375
18598.9052734375
18597.2607421875
18583.4013671875
18559.46875
18527.6513671875
18490.1630859375
18449.2373046875
18407.0947265625
18365.9423828125
18327.947265625
18295.2255859375
18269.8232421875
18253.7021484375
18248.72265625
18256.630859375
18279.046875
18317.4453125
18373.150390625
18447.32421875
18540.953125
18654.845703125
18789.6220703125
18945.7099609375
19123.3427734375
19322.5595703125
19543.197265625
19784.9013671875
20047.1240234375
20329.12890625
20629.9990234375
20948.64453125
21283.80859375
21634.0830078125
21997.9140625
22373.6220703125
22759.4111328125
23153.3798828125
23553.54296875
23957.8505859375
24364.1884765625
24770.4150390625
25174.3623046875
25573.8623046875
25966.7548828125
26350.91796875
26724.263671875
27084.7734375
27430.4990234375
27759.5791015625
28070.2587890625
28360.8916015625
28629.955078125
28876.0615234375
29097.96484375
29294.5654296875
29464.9169921875
29608.234375
29723.892578125
29811.4267578125
29870.5380859375
29901.0888671875
29903.1044921875
29876.76171875
29822.3935546875
29740.4814453125
29631.6416015625
29496.62890625
29336.322265625
29151.712890625
28943.9033203125
28714.0927734375
28463.564453125
28193.6787109375
27905.86328125
27601.595703125
27282.3994140625
26949.8330078125
26605.470703125
26250.90234375
25887.716796875
25517.4951171875
25141.80078125
24762.16796875
24380.091796875
23997.033203125
23614.3955078125
23233.525390625
22855.7060546875
22482.1533203125
22114.0068359375
21752.3310546875
21398.1064453125
21052.23046875
20715.5126953125
20388.67578125
20072.349609375
19767.0810546875
19473.318359375
19191.4248046875
18921.671875
18664.244140625
18419.2392578125
18186.671875
17966.470703125
17758.486328125
17562.4921875
17378.1884765625
17205.2001953125
17043.0908203125
16891.353515625
16749.423828125
16616.6806640625
16492.4453125
16375.99609375
16266.560546875
16163.330078125
16065.453125
15972.0498046875
15882.2060546875
15794.9892578125
15709.4423828125
15624.5888671875
15539.4453125
15453.0166015625
15364.3037109375
15272.3095703125
15176.0361328125
15074.4970703125
14966.7177734375
14851.7373046875
14728.6162109375
14596.4384765625
14454.3134765625
14301.380859375
14136.8193359375
13959.8388671875
13769.6962890625
13565.6865234375
13347.1572265625
13113.5029296875
12864.1708984375
12598.666015625
12316.546875
12017.4375
11701.0185546875
11367.0361328125
11015.3037109375
10645.6943359375
10258.158203125
9852.7080078125
9429.42578125
8988.462890625
8530.041015625
8054.453125
7562.0556640625
7053.2802734375
6528.6240234375
5988.6455078125
5433.9765625
4865.30859375
4283.3935546875
3689.044921875
3083.1357421875
2466.59375
1840.3955078125
1205.572265625
563.2001953125
-85.599609375
-739.66796875
-1397.8046875
-2058.78125
-2721.3349609375
-3384.1806640625
-4046.005859375
-4705.486328125
-5361.28125
-6012.041015625
-6656.4072265625
-7293.0234375
-7920.5380859375
-8537.6005859375
-9142.8779296875
-9735.0478515625
-10312.8095703125
-10874.8876953125
-11420.0302734375
-11947.01953125
-12454.6708984375
-12941.8369140625
-13407.4130859375
-13850.337890625
-14269.599609375
-14664.2314453125
-15033.3193359375
-15376.0078125
-15691.4912109375
-15979.01953125
-16237.90625
-16467.517578125
-16667.28125
-16836.681640625
-16975.263671875
-17082.6279296875
-17158.431640625
-17202.38671875
-17214.2607421875
-17193.8720703125
-17141.0859375
-17055.81640625
-16938.021484375
-16787.7021484375
-16604.8935546875
-16389.669921875
-16142.13671875
-15862.427734375
-15550.7021484375
-15207.1416015625
-14831.9482421875
-14425.337890625
-13987.5439453125
-13518.8115234375
-13019.388671875
-12489.5390625
-11929.52734375
-11339.623046875
-10720.1025390625
-10071.2451171875
-9393.3349609375
-8686.6572265625
-7951.5126953125
-7188.201171875
-6397.0400390625
-5578.357421875
-4732.498046875
-3859.8310546875
-2960.748046875
-2035.66796875
-1085.052734375
-109.3955078125
890.75390625
1914.8037109375
2962.1015625
4031.927734375
5123.4970703125
6235.947265625
7368.3349609375
8519.6318359375
9688.716796875
10874.3740234375
12075.2900390625
13290.0439453125
14517.1181640625
15754.87890625
17001.58984375
18255.4072265625
19514.3818359375
20776.4580078125
22039.4794921875
23301.193359375
24559.2578125
25811.240234375
27054.6396484375
28286.8798828125
29505.328125
30707.3046875
31890.0947265625
33050.9580078125
34187.1474609375
35295.9208984375
36374.5517578125
37420.353515625
38430.689453125
39402.986328125
40334.7626953125
41223.626953125
42067.310546875
42863.673828125
43610.7236328125
44306.6328125
44949.7431640625
45538.59375
46071.9189453125
46548.66796875
46968.0146484375
47329.3583984375
47632.3427734375
47876.84765625
48063.0048828125
48191.193359375
48262.0390625
48276.4189453125
48235.4501953125
48140.4921875
47993.13671875
47795.1943359375
47548.69140625
47255.8544921875
46919.0966796875
46541.0029296875
46124.314453125
45671.9072265625
45186.78125
44672.03125
44130.833984375
43566.4189453125
42982.0595703125
42381.0390625
41766.6357421875
41142.09765625
40510.6240234375
39875.34765625
39239.3056640625
38605.4267578125
37976.5166015625
37355.2314453125
36744.068359375
36145.353515625
35561.224609375
34993.6181640625
34444.2705078125
33914.697265625
33406.201171875
32919.8564453125
32456.513671875
32016.802734375
31601.126953125
31209.673828125
30842.4169921875
30499.1279296875
30179.3798828125
29882.5634765625
29607.8935546875
29354.42578125
29121.0771484375
28906.623046875
28709.7373046875
28528.990234375
28362.8740234375
28209.8193359375
28068.21484375
27936.4208984375
27812.7861328125
27695.6748046875
27583.466796875
27474.58984375
27367.521484375
27260.8115234375
27153.091796875
27043.087890625
26929.6279296875
26811.658203125
26688.2412109375
26558.5703125
26421.9697265625
26277.9013671875
26125.9609375
25965.8876953125
25797.5556640625
25620.9716796875
25436.2744140625
25243.7333984375
25043.734375
24836.7744140625
24623.4609375
24404.4912109375
24180.6572265625
23952.822265625
23721.916015625
23488.9267578125
23254.8828125
23020.8466796875
22787.9033203125
22557.1474609375
22329.671875
22106.5615234375
21888.8759765625
21677.6484375
21473.873046875
21278.4921875
21092.3974609375
20916.416015625
20751.3095703125
20597.767578125
20456.4013671875
20327.744140625
20212.2470703125
20110.275390625
20022.11328125
19947.9609375
19887.931640625
19842.0615234375
19810.3017578125
19792.533203125
19788.55859375
19798.1123046875
19820.8642578125
19856.4228515625
19904.33984375
19964.11328125
20035.201171875
20117.01171875
20208.92578125
20310.287109375
20420.4150390625
20538.60546875
20664.140625
20796.2900390625
20934.3115234375
21077.4599609375
21224.990234375
21376.1572265625
21530.22265625
21686.4541015625
21844.1318359375
22002.544921875
22160.998046875
22318.810546875
22475.3203125
22629.8798828125
22781.86328125
22930.6630859375
23075.69140625
23216.384765625
23352.1953125
23482.603515625
23607.1083984375
23725.2333984375
23836.5244140625
23940.5556640625
24036.919921875
24125.2412109375
24205.16796875
24276.375
24338.56640625
24391.474609375
24434.86328125
24468.52734375
24492.291015625
24506.0146484375
24509.591796875
24502.9521484375
24486.0546875
24458.9033203125
24421.53515625
24374.0224609375
24316.4765625
24249.0458984375
24171.916015625
24085.30859375
23989.48046875
23884.720703125
23771.353515625
23649.7314453125
23520.2392578125
23383.2841796875
23239.2978515625
23088.734375
22932.064453125
22769.7705078125
22602.3486328125
22430.2978515625
22254.12109375
22074.3193359375
21891.388671875
21705.8134765625
21518.06640625
21328.5986328125
21137.8408203125
20946.19921875
20754.048828125
20561.734375
20369.5625
20177.8046875
19986.689453125
19796.4052734375
19607.099609375
19418.873046875
19231.7822265625
19045.841796875
18861.0244140625
18677.2568359375
18494.431640625
18312.3994140625
18130.98046875
17949.9580078125
17769.0947265625
17588.125
17406.7666015625
17224.7265625
17041.697265625
16857.3740234375
16671.4541015625
16483.63671875
16293.6455078125
16101.2158203125
15906.1142578125
15708.13671875
15507.1162109375
15302.9267578125
15095.494140625
14884.7880859375
14670.841796875
14453.7421875
14233.6416015625
14010.7578125
13785.375
13557.84375
13328.587890625
13098.1005859375
12866.939453125
12635.7373046875
12405.185546875
12176.0439453125
11949.1337890625
11725.328125
11505.5576171875
11290.7978515625
11082.068359375
10880.4228515625
10686.9482421875
10502.7509765625
10328.9560546875
10166.7001953125
10017.1162109375
9881.3349609375
9760.4736328125
9655.6259765625
9567.8544921875
9498.1884765625
9447.6103515625
9417.048828125
9407.3779296875
9419.3994140625
9453.8466796875
9511.373046875
9592.54296875
9697.8369140625
9827.638671875
9982.2314453125
10161.7958984375
10366.4091796875
10596.0390625
10850.54296875
11129.666015625
11433.0439453125
11760.1962890625
12110.5380859375
12483.365234375
12877.8740234375
13293.146484375
13728.1689453125
14181.822265625
14652.896484375
15140.0869140625
15642.0029296875
16157.1767578125
16684.060546875
17221.0419921875
17766.4443359375
18318.5361328125
18875.537109375
19435.625
19996.9462890625
20557.619140625
21115.7421875
21669.408203125
22216.7041015625
22755.7216796875
23284.56640625
23801.3642578125
24304.271484375
24791.47265625
25261.20703125
25711.755859375
26141.4580078125
26548.71875
26932.0107421875
27289.8828125
27620.9677734375
27923.9794921875
28197.73046875
28441.1201171875
28653.1591796875
28832.9501953125
28979.7099609375
29092.7587890625
29171.5322265625
29215.5751953125
29224.5458984375
29198.220703125
29136.4853515625
29039.3388671875
28906.8984375
28739.3837890625
28537.1298828125
28300.5751953125
28030.2646484375
27726.8369140625
27391.033203125
27023.6826171875
26625.7021484375
26198.0927734375
25741.927734375
25258.357421875
24748.59375
24213.908203125
23655.62890625
23075.1240234375
22473.80859375
21853.12890625
21214.5576171875
20559.587890625
19889.728515625
19206.49609375
18511.4091796875
17805.9794921875
17091.7119140625
16370.0947265625
15642.5966796875
14910.6552734375
14175.685546875
13439.0615234375
12702.123046875
11966.166015625
11232.4443359375
10502.16015625
9776.4677734375
9056.474609375
8343.2275390625
7637.7275390625
6940.9150390625
6253.68359375
5576.865234375
4911.2451171875
4257.552734375
3616.46875
2988.6220703125
2374.5966796875
1774.9296875
1190.115234375
620.60546875
66.8154296875
-470.8779296875
-992.12890625
-1496.625
-1984.08203125
-2454.240234375
-2906.8681640625
-3341.7509765625
-3758.697265625
-4157.5322265625
-4538.0986328125
-4900.2548828125
-5243.87109375
-5568.8330078125
-5875.037109375
-6162.39453125
-6430.826171875
-6680.267578125
-6910.6669921875
-7121.9853515625
-7314.1982421875
-7487.2978515625
-7641.29296875
-7776.2138671875
-7892.1083984375
-7989.048828125
-8067.1298828125
-8126.474609375
-8167.234375
-8189.5908203125
-8193.759765625
-8179.9912109375
-8148.572265625
-8099.830078125
-8034.1298828125
-7951.880859375
-7853.537109375
-7739.595703125
-7610.6005859375
-7467.1435546875
-7309.861328125
-7139.4384765625
-6956.6083984375
-6762.150390625
-6556.890625
-6341.69921875
-6117.4892578125
-5885.2197265625
-5645.88671875
-5400.525390625
-5150.205078125
-4896.0283203125
-4639.12890625
-4380.6650390625
-4121.8154296875
-3863.78125
-3607.7734375
-3355.0205078125
-3106.748046875
-2864.1875
-2628.5703125
-2401.111328125
-2183.021484375
-1975.4873046875
-1779.6767578125
-1596.7255859375
-1427.7421875
-1273.791015625
-1135.9013671875
-1015.0478515625
-912.1591796875
-828.1044921875
-763.69140625
-719.6630859375
-696.6953125
-695.384765625
-716.255859375
-759.751953125
-826.228515625
-915.958984375
-1029.123046875
-1165.8076171875
-1326.0087890625
-1509.623046875
-1716.447265625
-1946.1845703125
-2198.4296875
-2472.6845703125
-2768.3447265625
-3084.7060546875
-3420.9658203125
-3776.2197265625
-4149.4697265625
-4539.615234375
-4945.4697265625
-5365.751953125
-5799.08984375
-6244.0341796875
-6699.0517578125
-7162.53125
-7632.7958984375
-8108.1005859375
-8586.638671875
-9066.5546875
-9545.9404296875
-10022.8486328125
-10495.30078125
-10961.291015625
-11418.79296875
-11865.7734375
-12300.193359375
-12720.0224609375
-13123.2431640625
-13507.86328125
-13871.9189453125
-14213.4892578125
-14530.703125
-14821.7431640625
-15084.865234375
-15318.390625
-15520.7314453125
-15690.38671875
-15825.9541015625
-15926.1357421875
-15989.7490234375
-16015.7275390625
-16003.130859375
-15951.150390625
-15859.1083984375
-15726.47265625
-15552.8505859375
-15338.0009765625
-15081.8271484375
-14784.3857421875
-14445.888671875
-14066.697265625
-13647.3251953125
-13188.4443359375
-12690.8720703125
-12155.5751953125
-11583.6650390625
-10976.3955078125
-10335.158203125
-9661.4755859375
-8957.0
-8223.49609375
-7462.8515625
-6677.0556640625
-5868.19140625
-5038.44140625
-4190.056640625
-3325.37109375
-2446.7705078125
-1556.69921875
-657.640625
247.892578125
1157.3671875
2068.2392578125
2977.96875
3884.0244140625
4783.904296875
5675.1357421875
6555.294921875
7422.0107421875
8272.98046875
9105.978515625
9918.86328125
10709.587890625
11476.2109375
12216.9013671875
12929.953125
13613.7861328125
14266.9521484375
14888.14453125
15476.2060546875
16030.1279296875
16549.0537109375
17032.2890625
17479.2958984375
17889.6982421875
18263.28515625
18600.0029296875
18899.9599609375
19163.4267578125
19390.8251953125
19582.7294921875
19739.8642578125
19863.09375
19953.41796875
20011.966796875
20039.98828125
20038.8466796875
20010.0078125
19955.0302734375
19875.5576171875
19773.3056640625
19650.0517578125
19507.62109375
19347.8818359375
19172.724609375
18984.0556640625
18783.787109375
18573.8154296875
18356.021484375
18132.2529296875
17904.3115234375
17673.9482421875
17442.84765625
17212.6201171875
16984.796875
16760.814453125
16542.0185546875
16329.642578125
16124.81640625
15928.5556640625
15741.7578125
15565.201171875
15399.544921875
15245.3271484375
15102.9677734375
14972.765625
14854.908203125
14749.47265625
14656.4287109375
14575.6513671875
14506.9189453125
14449.92578125
14404.2900390625
14369.5654296875
14345.2421875
14330.767578125
14325.5478515625
14328.9609375
14340.3701171875
14359.12890625
14384.599609375
14416.1533203125
14453.185546875
14495.126953125
14541.4453125
14591.6611328125
14645.3486328125
14702.1474609375
14761.7607421875
14823.97265625
14888.6328125
14955.6787109375
15025.12109375
15097.052734375
15171.646484375
15249.150390625
15329.8857421875
15414.2451171875
15502.6826171875
15595.7119140625
15693.8974609375
15797.849609375
15908.205078125
16025.6337890625
16150.8232421875
16284.4580078125
16427.224609375
16579.794921875
16742.814453125
16916.892578125
17102.5966796875
17300.435546875
17510.8544921875
17734.23046875
17970.8544921875
18220.93359375
18484.578125
18761.8017578125
19052.5146484375
19356.5205078125
19673.5146484375
20003.0830078125
20344.7041015625
20697.748046875
21061.4833984375
21435.076171875
21817.5966796875
22208.029296875
22605.27734375
23008.166015625
23415.45703125
23825.8623046875
24238.0458984375
24650.63671875
25062.2470703125
25471.4765625
25876.9248046875
26277.208984375
26670.9716796875
27056.8935546875
27433.7021484375
27800.1923828125
28155.2216796875
28497.736328125
28826.7685546875
29141.4521484375
29441.025390625
29724.841796875
29992.3671875
30243.1962890625
30477.044921875
30693.7587890625
30893.3115234375
31075.7998046875
31241.453125
31390.6181640625
31523.7626953125
31641.4697265625
31744.4287109375
31833.4287109375
31909.3525390625
31973.169921875
32025.9189453125
32068.7060546875
32102.6923828125
32129.078125
32149.09765625
32164.0048828125
32175.0595703125
32183.51953125
32190.62890625
32197.6015625
32205.6162109375
32215.8037109375
32229.23828125
32246.921875
32269.787109375
32298.671875
32334.3349609375
32377.4248046875
32428.494140625
32487.9833984375
32556.220703125
32633.41796875
32719.671875
32814.9580078125
32919.1376953125
33031.9501953125
33153.01953125
33281.8583984375
33417.8671875
33560.341796875
33708.474609375
33861.3642578125
34018.01953125
34177.3623046875
34338.2451171875
34499.4443359375
34659.6767578125
34817.609375
34971.861328125
35121.017578125
35263.630859375
35398.23828125
35523.3603515625
35637.5224609375
35739.248046875
35827.078125
35899.5732421875
35955.3212890625
35992.951171875
36011.1279296875
36008.5712890625
35984.0556640625
35936.4130859375
35864.5478515625
35767.4345703125
35644.1240234375
35493.74609375
35315.5205078125
35108.75
34872.8310546875
34607.251953125
34311.5966796875
33985.548828125
33628.8896484375
33241.4970703125
32823.353515625
32374.5400390625
31895.236328125
31385.7265625
30846.390625
30277.70703125
29680.25390625
29054.7021484375
28401.8173828125
27722.455078125
27017.5625
26288.169921875
25535.39453125
24760.43359375
23964.556640625
23149.1162109375
22315.525390625
21465.2705078125
20599.8955078125
19721.00390625
18830.251953125
17929.34765625
17020.037109375
16104.109375
15183.3896484375
14259.7275390625
13334.998046875
12411.0927734375
11489.9189453125
10573.3896484375
9663.4140625
8761.90625
7870.76171875
6991.8623046875
6127.0712890625
5278.2177734375
4447.099609375
3635.478515625
2845.064453125
2077.521484375
1334.45703125
617.41015625
-72.140625
-732.79296875
-1363.2216796875
-1962.18359375
-2528.5234375
-3061.1767578125
-3559.17578125
-4021.650390625
-4447.833984375
-4837.0703125
-5188.8046875
-5502.6015625
-5778.134765625
-6015.1982421875
-6213.6982421875
-6373.6640625
-6495.2412109375
-6578.697265625
-6624.419921875
-6632.91015625
-6604.79296875
-6540.8095703125
-6441.810546875
-6308.7646484375
-6142.751953125
-5944.951171875
-5716.65234375
-5459.2431640625
-5174.205078125
-4863.111328125
-4527.6240234375
-4169.4794921875
-3790.4931640625
-3392.5498046875
-2977.5947265625
-2547.6298828125
-2104.7080078125
-1650.9228515625
-1188.4033203125
-719.3076171875
-245.8125
229.890625
705.6064453125
1179.146484375
1648.3232421875
2110.9775390625
2564.970703125
3008.19921875
3438.603515625
3854.1708984375
4252.9453125
4633.0361328125
4992.623046875
5329.962890625
5643.400390625
5931.3681640625
6192.3935546875
6425.111328125
6628.259765625
6800.6962890625
6941.388671875
7049.431640625
7124.0439453125
7164.57421875
7170.501953125
7141.443359375
7077.146484375
6977.505859375
6842.5478515625
6672.4404296875
6467.4951171875
6228.1591796875
5955.021484375
5648.8017578125
5310.365234375
4940.7001953125
4540.9296875
4112.30078125
3656.1875
3174.0732421875
2667.5625
2138.3623046875
1588.2802734375
1019.2255859375
433.1865234375
-167.7607421875
-781.4697265625
-1405.728515625
-2038.26953125
-2676.775390625
-3318.888671875
-3962.228515625
-4604.3857421875
-5242.9482421875
-5875.5009765625
-6499.640625
-7112.9833984375
-7713.1787109375
-8297.916015625
-8864.9375
-9412.048828125
-9937.12890625
-10438.140625
-10913.13671875
-11360.27734375
-11777.83203125
-12164.1962890625
-12517.890625
-12837.5791015625
-13122.068359375
-13370.322265625
-13581.4599609375
-13754.76953125
-13889.712890625
-13985.9189453125
-14043.205078125
-14061.5654296875
-14041.1767578125
-13982.4033203125
-13885.79296875
-13752.078125
-13582.169921875
-13377.16015625
-13138.3193359375
-12867.08203125
-12565.0517578125
-12233.98828125
-11875.8037109375
-11492.546875
-11086.4033203125
-10659.6787109375
-10214.79296875
-9754.2587890625
-9280.6796875
-8796.736328125
-8305.1630859375
-7808.7451171875
-7310.2978515625
-6812.6552734375
-6318.65234375
-5831.11328125
-5352.8330078125
-4886.568359375
-4435.01171875
-4000.7919921875
-3586.4462890625
-3194.4140625
-2827.021484375
-2486.470703125
-2174.826171875
-1893.9990234375
-1645.7431640625
-1431.646484375
-1253.1142578125
-1111.37109375
-1007.4404296875
-942.1572265625
-916.1474609375
-929.8349609375
-983.4287109375
-1076.93359375
-1210.1396484375
-1382.6298828125
-1593.7802734375
-1842.7607421875
-2128.5400390625
-2449.892578125
-2805.4052734375
-3193.4794921875
-3612.3447265625
-4060.0625
-4534.5380859375
-5033.53125
-5554.6611328125
-6095.4287109375
-6653.2158203125
-7225.306640625
-7808.8916015625
-8401.0888671875
-8998.9521484375
-9599.4814453125
-10199.6435546875
-10796.3759765625
-11386.607421875
-11967.2666015625
-12535.2939453125
-13087.662109375
-13621.376953125
-14133.4990234375
-14621.1474609375
-15081.5185546875
-15511.892578125
-15909.646484375
-16272.26171875
-16597.3408203125
-16882.607421875
-17125.9189453125
-17325.2822265625
-17478.849609375
-17584.9375
-17642.025390625
-17648.771484375
-17604.0087890625
-17506.7578125
-17356.232421875
-17151.8408203125
-16893.1923828125
-16580.1025390625
-16212.591796875
-15790.8935546875
-15315.4560546875
-14786.9384765625
-14206.2197265625
-13574.39453125
-12892.76953125
-12162.875
-11386.447265625
-10565.439453125
-9702.009765625
-8798.5234375
-7857.5458984375
-6881.83203125
-5874.3310546875
-4838.1650390625
-3776.6376953125
-2693.2041015625
-1591.48046875
-475.220703125
651.6923828125
1785.2607421875
2921.3818359375
4055.8701171875
5184.466796875
6302.859375
7406.6962890625
8491.6123046875
9553.2373046875
10587.228515625
11589.2744140625
12555.1298828125
13480.62890625
14361.708984375
15194.4296875
15974.9921875
16699.7685546875
17365.3115234375
17968.3818359375
18505.96484375
18975.2890625
19373.84765625
19699.41015625
19950.0419921875
20124.1171875
20220.3349609375
20237.724609375
20175.662109375
20033.876953125
19812.453125
19511.8408203125
19132.857421875
18676.6826171875
18144.8623046875
17539.3017578125
16862.2607421875
16116.3447265625
15304.4951171875
14429.974609375
13496.35546875
12507.501953125
11467.5478515625
10380.884765625
9252.130859375
8086.111328125
6887.8349609375
5662.46484375
4415.2900390625
3151.7021484375
1877.16015625
597.1630859375
-682.779296875
-1957.17578125
-3220.5888671875
-4467.658203125
-5693.134765625
-6891.9072265625
-8059.033203125
-9189.7587890625
-10279.5537109375
-11324.123046875
-12319.4482421875
-13261.78515625
-14147.7001953125
-14974.0771484375
-15738.138671875
-16437.4501953125
-17069.9404296875
-17633.8984375
-18127.9853515625
-18551.2294921875
-18903.0390625
-19183.189453125
-19391.8173828125
-19529.423828125
-19596.853515625
-19595.291015625
-19526.24609375
-19391.5322265625
-19193.2578125
-18933.798828125
-18615.78515625
-18242.07421875
-17815.732421875
-17340.005859375
-16818.296875
-16254.1435546875
-15651.1865234375
-15013.15234375
-14343.8154296875
-13646.984375
-12926.470703125
-12186.068359375
-11429.5185546875
-10660.50390625
-9882.615234375
-9099.3310546875
-8314.0048828125
-7529.8408203125
-6749.8828125
-5976.9970703125
-5213.8583984375
-4462.94140625
-3726.51171875
-3006.619140625
-2305.087890625
-1623.5185546875
-963.2841796875
-325.5302734375
288.8212890625
879.0751953125
1444.74609375
1985.5595703125
2501.443359375
2992.515625
3459.07421875
3901.587890625
4320.6767578125
4717.1044921875
5091.759765625
5445.6455078125
5779.861328125
6095.5830078125
6394.0517578125
6676.560546875
6944.4306640625
7199.0
7441.611328125
7673.5908203125
7896.23828125
8110.810546875
8318.5126953125
8520.4853515625
8717.7890625
8911.400390625
9102.201171875
9290.9716796875
9478.3798828125
9664.98828125
9851.2314453125
10037.43359375
10223.7919921875
10410.3857421875
10597.1708984375
10783.9921875
10970.5732421875
11156.53515625
11341.392578125
11524.5634765625
11705.37890625
11883.0888671875
12056.875
12225.857421875
12389.109375
12545.662109375
12694.5234375
12834.6865234375
12965.14453125
13084.8984375
13192.9736328125
13288.43359375
13370.3837890625
13437.9970703125
13490.5068359375
13527.2392578125
13547.60546875
13551.1201171875
13537.4091796875
13506.212890625
13457.4052734375
13390.9814453125
13307.080078125
13205.9755859375
13088.0869140625
12953.9716796875
12804.3359375
12640.0244140625
12462.0234375
12271.4521484375
12069.560546875
11857.720703125
11637.4228515625
11410.2646484375
11177.935546875
10942.2119140625
10704.9453125
10468.044921875
10233.46875
10003.2041015625
9779.251953125
9563.6171875
9358.287109375
9165.21484375
8986.3076171875
8823.4052734375
8678.263671875
8552.546875
8447.7978515625
8365.4384765625
8306.7421875
8272.8310546875
8264.6552734375
8282.98828125
8328.4130859375
8401.3173828125
8501.8818359375
8630.0771484375
8785.66015625
8968.1728515625
9176.939453125
9411.0693359375
9669.4580078125
9950.7958984375
10253.5732421875
10576.083984375
10916.4443359375
11272.59765625
11642.3291015625
12023.2861328125
12412.9833984375
12808.8310546875
13208.146484375
13608.17578125
14006.1123046875
14399.1171875
14784.34765625
15158.9658203125
15520.1689453125
15865.208984375
16191.4140625
16496.2041015625
16777.1162109375
17031.822265625
17258.146484375
17454.0830078125
17617.8056640625
17747.6943359375
17842.3349609375
17900.5341796875
17921.3330078125
17904.01171875
17848.0869140625
17753.326171875
17619.7470703125
17447.6083984375
17237.41796875
16989.9189453125
16706.0927734375
16387.1416015625
16034.486328125
15649.7470703125
15234.7373046875
14791.4453125
14322.0185546875
13828.751953125
13314.060546875
12780.4716796875
12230.59765625
11667.1240234375
11092.7822265625
10510.3369140625
9922.5615234375
9332.2236328125
8742.060546875
8154.771484375
7572.986328125
6999.2626953125
6436.0625
5885.7431640625
5350.5400390625
4832.55859375
4333.765625
3855.9716796875
3400.83984375
2969.8642578125
2564.3759765625
2185.537109375
1834.3388671875
1511.60546875
1217.98828125
953.9794921875
719.90625
515.943359375
342.1103515625
198.2900390625
84.2265625
-0.45703125
-56.2626953125
-83.7978515625
-83.7626953125
-56.9521484375
-4.236328125
73.443359375
175.0927734375
299.662109375
446.06640625
613.185546875
799.880859375
1004.998046875
1227.3740234375
1465.845703125
1719.2578125
1986.462890625
2266.333984375
2557.7587890625
2859.6552734375
3170.96484375
3490.6572265625
3817.7392578125
4151.248046875
4490.2568359375
4833.87109375
5181.2373046875
5531.5361328125
5883.9833984375
6237.8330078125
6592.376953125
6946.939453125
7300.884765625
7653.6123046875
8004.5546875
8353.18359375
8699.0048828125
9041.5615234375
9380.4326171875
9715.234375
10045.6220703125
10371.2880859375
10691.96484375
11007.423828125
11317.4794921875
11621.9853515625
11920.8408203125
12213.9833984375
12501.4013671875
12783.1181640625
13059.20703125
13329.78515625
13595.0068359375
13855.076171875
14110.228515625
14360.744140625
14606.9365234375
14849.1533203125
15087.7705078125
15323.189453125
15555.8349609375
15786.1455078125
16014.5712890625
16241.568359375
16467.58984375
16693.0830078125
16918.4775390625
17144.1875
17370.5888671875
17598.0302734375
17826.8134765625
18057.1875
18289.34765625
18523.4228515625
18759.470703125
18997.4765625
19237.3388671875
19478.87109375
19721.7978515625
19965.7509765625
20210.26171875
20454.7685546875
20698.609375
20941.0283203125
21181.1689453125
21418.0859375
21650.744140625
21878.0224609375
22098.72265625
22311.5771484375
22515.251953125
22708.359375
22889.4697265625
23057.1171875
23209.8154296875
23346.0654296875
23464.3759765625
23563.2666015625
23641.2900390625
23697.0380859375
23729.1669921875
23736.396484375
23717.5361328125
23671.4931640625
23597.2861328125
23494.060546875
23361.0927734375
23197.8154296875
23003.8134765625
22778.841796875
22522.8330078125
22235.9013671875
21918.3525390625
21570.6875
21193.6064453125
20788.009765625
20354.9970703125
19895.869140625
19412.1259765625
18905.4638671875
18377.7626953125
17831.0888671875
17267.681640625
16689.9443359375
16100.435546875
15501.853515625
14897.025390625
14288.890625
13680.490234375
13074.9423828125
12475.4296875
11885.181640625
11307.4560546875
10745.517578125
10202.6171875
9681.9775390625
9186.765625
8720.0810546875
8284.92578125
7884.197265625
7520.658203125
7196.9228515625
6915.4375
6678.4638671875
6488.06640625
6346.0859375
6254.13671875
6213.58984375
6225.5576171875
6290.8876953125
6410.1533203125
6583.64453125
6811.3603515625
7093.0087890625
7428.0087890625
7815.4736328125
8254.2294921875
8742.8076171875
9279.455078125
9862.1376953125
10488.5478515625
11156.119140625
11862.03125
12603.228515625
13376.43359375
14178.1630859375
15004.7451171875
15852.3388671875
16716.9541015625
17594.4765625
18480.6826171875
19371.2646484375
20261.8583984375
21148.06640625
22025.478515625
22889.6953125
23736.357421875
24561.1689453125
25359.9208984375
26128.5087890625
26862.9638671875
27559.4658203125
28214.3740234375
28824.236328125
29385.8134765625
29896.09375
30352.306640625
30751.9375
31092.740234375
31372.7421875
31590.2548828125
31743.8818359375
31832.51171875
31855.3359375
31811.828125
31701.7568359375
31525.1767578125
31282.4130859375
30974.0673828125
30600.9931640625
30164.2880859375
29665.2880859375
29105.5361328125
28486.7802734375
27810.9482421875
27080.1298828125
26296.5546875
25462.583984375
24580.6728515625
23653.36328125
22683.2578125
21673.0
20625.255859375
19542.6953125
18427.9716796875
17283.7041015625
16112.4638671875
14916.7587890625
13699.0205078125
12461.5908203125
11206.712890625
9936.5205078125
8653.0400390625
7358.169921875
6053.693359375
4741.2705078125
3422.4375
2098.6103515625
771.091796875
-558.923828125
-1890.3486328125
-3222.1845703125
-4553.51953125
-5883.5107421875
-7211.3818359375
-8536.3984375
-9857.86328125
-11175.1025390625
-12487.4453125
-13794.2177734375
-15094.728515625
-16388.2451171875
-17673.9970703125
-18951.154296875
-20218.8193359375
-21476.0146484375
-22721.677734375
-23954.65234375
-25173.6845703125
-26377.412109375
-27564.373046875
-28732.9951171875
-29881.6015625
-31008.4111328125
-32111.541015625
-33189.0234375
-34238.7958984375
-35258.7265625
-36246.6142578125
-37200.203125
-38117.201171875
-38995.2880859375
-39832.1298828125
-40625.400390625
-41372.796875
-42072.0517578125
-42720.9541015625
-43317.37109375
-43859.2548828125
-44344.669921875
-44771.80078125
-45138.9765625
-45444.6796875
-45687.5595703125
-45866.453125
-45980.38671875
-46028.59375
-46010.5166015625
-45925.8251953125
-45774.40625
-45556.3828125
-45272.1064453125
-44922.166015625
-44507.3759765625
-44028.783203125
-43487.654296875
-42885.478515625
-42223.9482421875
-41504.962890625
-40730.6064453125
-39903.14453125
-39025.00390625
-38098.7666015625
-37127.1474609375
-36112.9853515625
-35059.216796875
-33968.875
-32845.0556640625
-31690.91796875
-30509.6494140625
-29304.462890625
-28078.576171875
-26835.193359375
-25577.4931640625
-24308.6103515625
-23031.625
-21749.5517578125
-20465.3203125
-19181.7705078125
-17901.6435546875
-16627.564453125
-15362.044921875
-14107.47265625
-12866.0986328125
-11640.0478515625
-10431.3037109375
-9241.7099609375
-8072.974609375
-6926.658203125
-5804.189453125
-4706.8544921875
-3635.8056640625
-2592.0654296875
-1576.5283203125
-589.9638671875
366.9755859375
1293.751953125
2189.9326171875
3055.1884765625
3889.2861328125
4692.0849609375
5463.525390625
6203.630859375
6912.498046875
7590.291015625
8237.240234375
8853.63671875
9439.8251953125
9996.20703125
10523.2294921875
11021.3876953125
11491.2255859375
11933.32421875
12348.3095703125
12736.8515625
13099.6552734375
13437.46875
13751.080078125
14041.3232421875
14309.064453125
14555.2197265625
14780.7451171875
14986.642578125
15173.9560546875
15343.78125
15497.25390625
15635.560546875
15759.93359375
15871.6533203125
15972.046875
16062.4833984375
16144.3857421875
16219.2099609375
16288.4580078125
16353.6669921875
16416.4130859375
16478.298828125
16540.955078125
16606.033203125
16675.2041015625
16750.1474609375
16832.5439453125
16924.076171875
17026.4130859375
17141.2099609375
17270.09375
17414.6591796875
17576.4599609375
17757.0009765625
17957.7255859375
18180.0107421875
18425.1630859375
18694.4013671875
18988.853515625
19309.55078125
19657.416015625
20033.2568359375
20437.7705078125
20871.517578125
21334.9326171875
21828.3173828125
22351.828125
22905.4833984375
23489.15234375
24102.55859375
24745.2783203125
25416.73828125
26116.216796875
26842.8447265625
27595.6123046875
28373.3623046875
29174.8037109375
29998.5107421875
30842.9267578125
31706.375
32587.05859375
33483.0732421875
34392.4111328125
35312.966796875
36242.55078125
37178.890625
38119.6484375
39062.421875
40004.755859375
40944.154296875
41878.0810546875
42803.984375
43719.287109375
44621.4091796875
45507.7724609375
46375.80859375
47222.966796875
48046.72265625
48844.58984375
49614.12109375
50352.9189453125
51058.6474609375
51729.02734375
52361.8544921875
52955.0
53506.4169921875
54014.1474609375
54476.326171875
54891.1875
55257.068359375
55572.416015625
55835.7880859375
56045.8623046875
56201.4384765625
56301.4404296875
56344.921875
56331.0732421875
56259.2197265625
56128.8310546875
55939.515625
55691.0361328125
55383.3037109375
55016.3818359375
54590.4931640625
54106.0185546875
53563.5009765625
52963.646484375
52307.32421875
51595.572265625
50829.5908203125
50010.75
49140.5849609375
48220.796875
47253.24609375
46239.958984375
45183.1171875
44085.0537109375
42948.255859375
41775.34765625
40569.0908203125
39332.37890625
38068.2236328125
36779.7490234375
35470.177734375
34142.822265625
32801.0732421875
31448.3857421875
30088.267578125
28724.2568359375
27359.91796875
25998.8173828125
24644.5185546875
23300.5458984375
21970.3876953125
20657.4697265625
19365.13671875
18096.640625
16855.1181640625
15643.58203125
14464.8916015625
13321.7529296875
12216.6904296875
11152.0419921875
10129.9423828125
9152.3095703125
8220.837890625
7336.9833984375
6501.958984375
5716.7255859375
4981.9921875
4298.2060546875
3665.5517578125
3083.955078125
2553.078125
2072.326171875
1640.8525390625
1257.564453125
921.12890625
629.986328125
382.35546875
176.25390625
9.50390625
-120.2470703125
-215.517578125
-278.962890625
-313.373046875
-321.642578125
-306.75390625
-271.7646484375
-219.779296875
-153.9365234375
-77.3876953125
6.72265625
95.2802734375
185.2060546875
273.4873046875
357.1865234375
433.4599609375
499.57421875
552.9111328125
590.9931640625
611.4833984375
612.203125
591.1328125
546.42578125
476.4091796875
379.59375
254.6689453125
100.509765625
-83.8232421875
-299.0869140625
-545.8603515625
-824.54296875
-1135.357421875
-1478.3671875
-1853.46875
-2260.41015625
-2698.7900390625
-3168.0712890625
-3667.5908203125
-4196.5634765625
-4754.095703125
-5339.1943359375
-5950.77734375
-6587.681640625
-7248.6708984375
-7932.44921875
-8637.66796875
-9362.931640625
-10106.8115234375
-10867.84375
-11644.548828125
-12435.427734375
-13238.9716796875
-14053.6650390625
-14877.9931640625
-15710.443359375
-16549.51171875
-17393.6953125
-18241.5087890625
-19091.4736328125
-19942.126953125
-20792.017578125
-21639.7060546875
-22483.765625
-23322.78515625
-24155.357421875
-24980.0927734375
-25795.6064453125
-26600.5185546875
-27393.4619140625
-28173.072265625
-28937.9912109375
-29686.86328125
-30418.3359375
-31131.0673828125
-31823.7119140625
-32494.931640625
-33143.3974609375
-33767.7861328125
-34366.78515625
-34939.091796875
-35483.421875
-35998.5078125
-36483.10546875
-36935.9951171875
-37355.994140625
-37741.951171875
-38092.7568359375
-38407.3515625
-38684.7255859375
-38923.931640625
-39124.0849609375
-39284.37109375
-39404.0556640625
-39482.4833984375
-39519.0927734375
-39513.41015625
-39465.0673828125
-39373.7978515625
-39239.4462890625
-39061.966796875
-38841.43359375
-38578.0400390625
-38272.0986328125
-37924.0517578125
-37534.4560546875
-37104.00390625
-36633.50390625
-36123.8916015625
-35576.2216796875
-34991.6669921875
-34371.5146484375
-33717.16015625
-33030.107421875
-32311.9521484375
-31564.390625
-30789.1982421875
-29988.2275390625
-29163.4052734375
-28316.7099609375
-27450.177734375
-26565.8837890625
-25665.93359375
-24752.4541015625
-23827.5869140625
-22893.4677734375
-21952.2314453125
-21005.98828125
-20056.818359375
-19106.7685546875
-18157.833984375
-17211.9541015625
-16271.0029296875
-15336.78125
-14411.013671875
-13495.330078125
-12591.2783203125
-11700.298828125
-10823.7373046875
-9962.8310546875
-9118.708984375
-8292.390625
-7484.78515625
-6696.6875
-5928.78515625
-5181.65234375
-4455.7568359375
-3751.46484375
-3069.033203125
-2408.6298828125
-1770.3251953125
-1154.1015625
-559.8583984375
12.578125
563.4541015625
1093.078125
1601.81640625
2090.083984375
2558.33984375
3007.0771484375
3436.822265625
3848.1201171875
4241.533203125
4617.634765625
4977.0009765625
5320.20703125
5647.8203125
5960.3984375
6258.4833984375
6542.59375
6813.23046875
7070.86328125
7315.939453125
7548.873046875
7770.048828125
7979.8154296875
8178.494140625
8366.373046875
8543.70703125
8710.720703125
8867.611328125
9014.5439453125
9151.6630859375
9279.08984375
9396.91796875
9505.2275390625
9604.0859375
9693.5419921875
9773.6376953125
9844.41015625
9905.8896484375
9958.1064453125
10001.0986328125
10034.9013671875
10059.56640625
10075.1533203125
10081.7333984375
10079.400390625
10068.2607421875
10048.4462890625
10020.1103515625
9983.4345703125
9938.6220703125
9885.9091796875
9825.5634765625
9757.87890625
9683.1845703125
9601.845703125
9514.2578125
9420.853515625
9322.099609375
9218.498046875
9110.587890625
8998.94140625
8884.169921875
8766.9140625
8647.8515625
8527.69140625
8407.1748046875
8287.0712890625
8168.1796875
8051.3251953125
7937.35546875
7827.1376953125
7721.5595703125
7621.521484375
7527.9345703125
7441.7177734375
7363.79296875
7295.076171875
7236.48046875
7188.904296875
7153.2265625
7130.30859375
7120.9755859375
7126.0185546875
7146.1875
7182.181640625
7234.6494140625
7304.171875
7391.267578125
7496.3779296875
7619.8642578125
7762.005859375
7922.9853515625
8102.8935546875
8301.7216796875
8519.353515625
8755.56640625
9010.03125
9282.302734375
9571.8271484375
9877.9345703125
10199.8486328125
10536.6806640625
10887.43359375
11251.0126953125
11626.2197265625
12011.76953125
12406.2880859375
12808.3251953125
13216.36328125
13628.8232421875
14044.080078125
14460.4697265625
14876.302734375
15289.873046875
15699.478515625
16103.4248046875
16500.044921875
16887.712890625
17264.8486328125
17629.9404296875
17981.5576171875
18318.3525390625
18639.0869140625
18942.62890625
19227.974609375
19494.2529296875
19740.73046875
19966.8251953125
20172.1064453125
20356.3037109375
20519.310546875
20661.181640625
20782.1357421875
20882.556640625
20962.9873046875
21024.126953125
21066.826171875
21092.0830078125
21101.0234375
21094.904296875
21075.1015625
21043.0859375
21000.4248046875
20948.76171875
20889.802734375
20825.2978515625
20757.033203125
20686.810546875
20616.427734375
20547.671875
20482.294921875
20422.00390625
20368.4423828125
20323.173828125
20287.6796875
20263.330078125
20251.3818359375
20252.9697265625
20269.0869140625
20300.5849609375
20348.166015625
20412.37109375
20493.583984375
20592.0185546875
20707.7294921875
20840.6005859375
20990.3505859375
21156.541015625
21338.5693359375
21535.685546875
21746.990234375
21971.4453125
22207.8828125
22455.0146484375
22711.44140625
22975.6640625
23246.091796875
23521.06640625
23798.859375
24077.6904296875
24355.7431640625
24631.17578125
24902.1328125
25166.7548828125
25423.2001953125
25669.646484375
25904.3037109375
26125.43359375
26331.3486328125
26520.4296875
26691.1298828125
26841.984375
26971.619140625
27078.7607421875
27162.23046875
27220.9638671875
27254.0068359375
27260.5205078125
27239.7861328125
27191.205078125
27114.3017578125
27008.7255859375
26874.2431640625
26710.7548828125
26518.2734375
26296.9365234375
26047.0029296875
25768.8466796875
25462.94921875
25129.9091796875
24770.427734375
24385.310546875
23975.45703125
23541.8681640625
23085.62109375
22607.8857421875
22109.9052734375
21592.9912109375
21058.5263671875
20507.9462890625
19942.7421875
19364.4482421875
18774.6416015625
18174.921875
17566.9189453125
16952.275390625
16332.642578125
15709.6708984375
15085.001953125
14460.26171875
13837.0517578125
13216.935546875
12601.4423828125
11992.044921875
11390.1591796875
10797.134765625
10214.2490234375
9642.69140625
9083.56640625
8537.880859375
8006.5361328125
7490.3271484375
6989.9296875
6505.90234375
6038.6796875
5588.56640625
5155.7373046875
4740.2333984375
4341.962890625
3960.69921875
3596.0830078125
3247.6220703125
2914.6943359375
2596.5556640625
2292.3369140625
2001.056640625
1721.6220703125
1452.837890625
1193.4189453125
941.9951171875
697.115234375
457.2734375
220.9013671875
-13.603515625
-247.8779296875
-483.5791015625
-722.361328125
-965.87890625
-1215.76171875
-1473.6064453125
-1740.9677734375
-2019.3427734375
-2310.154296875
-2614.751953125
-2934.388671875
-3270.220703125
-3623.2900390625
-3994.521484375
-4384.7138671875
-4794.53125
-5224.4990234375
-5674.9970703125
-6146.263671875
-6638.3798828125
-7151.2783203125
-7684.740234375
-8238.390625
-8811.7080078125
-9404.021484375
-10014.517578125
-10642.236328125
-11286.0869140625
-11944.8486328125
-12617.177734375
-13301.611328125
-13996.58203125
-14700.4189453125
-15411.3642578125
-16127.5703125
-16847.123046875
-17568.0390625
-18288.28125
-19005.7685546875
-19718.384765625
-20423.982421875
-21120.400390625
-21805.470703125
-22477.01953125
-23132.8916015625
-23770.9404296875
-24389.0517578125
-24985.1416015625
-25557.1669921875
-26103.1357421875
-26621.1083984375
-27109.2109375
-27565.630859375
-27988.63671875
-28376.5771484375
-28727.880859375
-29041.0751953125
-29314.7783203125
-29547.712890625
-29738.7080078125
-29886.705078125
-29990.7568359375
-30050.0439453125
-30063.8671875
-30031.6552734375
-29952.9755859375
-29827.5302734375
-29655.158203125
-29435.8486328125
-29169.740234375
-28857.115234375
-28498.4140625
-28094.2333984375
-27645.3271484375
-27152.6083984375
-26617.1533203125
-26040.193359375
-25423.125
-24767.5029296875
-24075.037109375
-23347.5966796875
-22587.197265625
-21796.0078125
-20976.3330078125
-20130.6181640625
-19261.4345703125
-18371.4697265625
-17463.5302734375
-16540.5166015625
-15605.419921875
-14661.3115234375
-13711.3203125
-12758.630859375
-11806.45703125
-10858.033203125
-9916.6005859375
-8985.3779296875
-8067.5625
-7166.294921875
-6284.6494140625
-5425.6181640625
-4592.0908203125
-3786.83203125
-3012.4736328125
-2271.4873046875
-1566.1806640625
-898.6669921875
-270.8642578125
315.52734375
859.03125
1358.4140625
1812.68359375
2221.10546875
2583.2099609375
2898.7861328125
3167.90234375
3390.8857421875
3568.341796875
3701.13671875
3790.40234375
3837.521484375
3844.1259765625
3812.0849609375
3743.4892578125
3640.638671875
3506.03515625
3342.3515625
3152.42578125
2939.232421875
2705.8720703125
2455.5380859375
2191.5048828125
1917.1025390625
1635.6884765625
1350.6328125
1065.2841796875
782.958984375
506.9091796875
240.3037109375
-13.7919921875
-252.4404296875
-472.849609375
-672.3916015625
-848.6162109375
-999.2783203125
-1122.337890625
-1215.98046875
-1278.6328125
-1308.958984375
-1305.8779296875
-1268.5693359375
-1196.4677734375
-1089.2783203125
-946.9609375
-769.744140625
-558.10546875
-312.7802734375
-34.744140625
274.7919921875
614.3916015625
982.4091796875
1376.99609375
1796.12109375
2237.58203125
2699.0263671875
3177.9658203125
3671.791015625
4177.798828125
4693.201171875
5215.1533203125
5740.7646484375
6267.123046875
6791.314453125
7310.4384765625
7821.6279296875
8322.0693359375
8809.0166015625
9279.80859375
9731.8857421875
10162.806640625
10570.259765625
10952.07421875
11306.2392578125
11630.908203125
11924.41015625
12185.2626953125
12412.1728515625
12604.046875
12759.9990234375
12879.3466796875
12961.62109375
13006.56640625
13014.1376953125
12984.5068359375
12918.0498046875
12815.3583984375
12677.220703125
12504.630859375
12298.7724609375
12061.0185546875
11792.9169921875
11496.1904296875
11172.7236328125
10824.55078125
10453.845703125
10062.9169921875
9654.1884765625
9230.1884765625
8793.541015625
8346.94921875
7893.1796875
7435.0576171875
6975.439453125
6517.2109375
6063.2646484375
5616.4912109375
5179.759765625
4755.908203125
4347.72265625
3957.93359375
3589.193359375
3244.0654296875
2925.0146484375
2634.3876953125
2374.4111328125
2147.169921875
1954.6064453125
1798.5009765625
1680.47265625
1601.962890625
1564.234375
1568.361328125
1615.2236328125
1705.5087890625
1839.703125
2018.0849609375
2240.73828125
2507.5419921875
2818.173828125
3172.11328125
3568.646484375
4006.8681640625
4485.6943359375
5003.859375
5559.9326171875
6152.32421875
6779.29296875
7438.9599609375
8129.32421875
8848.2626953125
9593.5546875
10362.892578125
11153.8916015625
11964.1083984375
12791.05078125
13632.2041015625
14485.0263671875
15346.9775390625
16215.5322265625
17088.1884765625
17962.486328125
18836.0185546875
19706.443359375
20571.4990234375
21429.0087890625
22276.9033203125
23113.21875
23936.1103515625
24743.8623046875
25534.89453125
26307.7607421875
27061.16796875
27793.966796875
28505.1630859375
29193.9130859375
29859.533203125
30501.48828125
31119.404296875
31713.05078125
32282.3486328125
32827.3662109375
33348.3046875
33845.5048828125
34319.431640625
34770.671875
35199.92578125
35607.998046875
35995.7861328125
36364.2802734375
36714.544921875
37047.7099609375
37364.970703125
37667.5615234375
37956.7587890625
38233.8671875
38500.2060546875
38757.1005859375
39005.8779296875
39247.8447265625
39484.2890625
39716.4658203125
39945.5869140625
40172.814453125
40399.2490234375
40625.9287109375
40853.8095703125
41083.76953125
41316.59765625
41552.984375
41793.5185546875
42038.685546875
42288.8564453125
42544.2890625
42805.119140625
43071.3642578125
43342.9150390625
43619.5419921875
43900.884765625
44186.4599609375
44475.6591796875
44767.7490234375
45061.87890625
45357.076171875
45652.2578125
45946.2314453125
46237.6962890625
46525.26171875
46807.4443359375
47082.6728515625
47349.3095703125
47605.6513671875
47849.9345703125
48080.359375
48295.0888671875
48492.2646484375
48670.0224609375
48826.4990234375
48959.8486328125
49068.2578125
49149.953125
49203.216796875
49226.4052734375
49217.9560546875
49176.40234375
49100.388671875
48988.6767578125
48840.1669921875
48653.90234375
48429.076171875
48165.05078125
47861.3623046875
47517.724609375
47134.037109375
46710.3955078125
46247.08984375
45744.609375
45203.6435546875
44625.0810546875
44010.01171875
43359.720703125
42675.6826171875
41959.5595703125
41213.193359375
40438.59375
39637.931640625
38813.5244140625
37967.83203125
37103.431640625
36223.0126953125
35329.3564453125
34425.326171875
33513.83984375
32597.865234375
31680.3916015625
30764.4208984375
29852.9453125
28948.9287109375
28055.2919921875
27174.8935546875
26310.513671875
25464.837890625
24640.443359375
23839.7841796875
23065.169921875
22318.7685546875
21602.5810546875
20918.4365234375
20267.9873046875
19652.69140625
19073.818359375
18532.435546875
18029.408203125
17565.3974609375
17140.8603515625
16756.05078125
16411.0166015625
16105.611328125
15839.4921875
15612.1279296875
15422.8076171875
15270.6455078125
15154.58984375
15073.43359375
15025.822265625
15010.267578125
15025.158203125
15068.765625
15139.26171875
15234.728515625
15353.1689453125
15492.521484375
15650.6669921875
15825.4443359375
16014.66015625
16216.09765625
16427.529296875
16646.728515625
16871.474609375
17099.564453125
17328.8212890625
17557.1025390625
17782.3037109375
18002.3720703125
18215.30859375
18419.1748046875
18612.0966796875
18792.2744140625
18957.9814453125
19107.57421875
19239.4931640625
19352.2626953125
19444.505859375
19514.935546875
19562.3642578125
19585.7041015625
19583.97265625
19556.29296875
19501.896484375
19420.126953125
19310.439453125
19172.40625
19005.716796875
18810.1796875
18585.7255859375
18332.40625
18050.3984375
17740.0078125
17401.6572265625
17035.90625
16643.4326171875
16225.046875
15781.6787109375
15314.3837890625
14824.3427734375
14312.849609375
13781.3212890625
13231.279296875
12664.3564453125
12082.287109375
11486.9013671875
10880.1181640625
10263.9365234375
9640.4287109375
9011.73046875
8380.0322265625
7747.564453125
7116.5927734375
6489.4013671875
5868.2841796875
5255.5283203125
4653.4052734375
4064.1552734375
3489.974609375
2933.00390625
2395.310546875
1878.87890625
1385.6015625
917.2587890625
475.5068359375
61.876953125
-322.2431640625
-675.6201171875
-997.1806640625
-1286.01953125
-1541.404296875
-1762.783203125
-1949.7890625
-2102.2431640625
-2220.1533203125
-2303.71484375
-2353.314453125
-2369.515625
-2353.0693359375
-2304.8994140625
-2226.0927734375
-2117.904296875
-1981.732421875
-1819.1181640625
-1631.73046875
-1421.3544921875
-1189.876953125
-939.2724609375
-671.5927734375
-388.943359375
-93.474609375
212.6357421875
527.201171875
848.0390625
1172.984375
1499.912109375
1826.748046875
2151.478515625
2472.173828125
2786.990234375
3094.1904296875
3392.150390625
3679.3681640625
3954.4736328125
4216.2353515625
4463.5654296875
4695.5283203125
4911.333984375
5110.349609375
5292.0947265625
5456.2412109375
5602.611328125
5731.171875
5842.0302734375
5935.4296875
6011.73828125
6071.443359375
6115.14453125
6143.533203125
6157.3955078125
6157.591796875
6145.0458984375
6120.73828125
6085.685546875
6040.93359375
5987.5419921875
5926.578125
5859.0947265625
5786.12890625
5708.685546875
5627.7255859375
5544.1611328125
5458.84765625
5372.568359375
5286.0380859375
5199.8857421875
5114.6630859375
5030.830078125
4948.759765625
4868.7333984375
4790.9404296875
4715.4853515625
4642.3828125
4571.5654296875
4502.8876953125
4436.1279296875
4371.0009765625
4307.1630859375
4244.2158203125
4181.720703125
4119.2060546875
4056.169921875
3992.107421875
3926.4990234375
3858.83984375
3788.6337890625
3715.41796875
3638.76171875
3558.2783203125
3473.642578125
3384.5830078125
3290.90625
3192.490234375
3089.30078125
2981.3876953125
2868.8974609375
2752.06640625
2631.2353515625
2506.837890625
2379.4091796875
2249.576171875
2118.06640625
1985.6943359375
1853.359375
1722.0458984375
1592.806640625
1466.763671875
1345.0947265625
1229.0283203125
1119.8271484375
1018.7861328125
927.212890625
846.4228515625
777.7216796875
722.3994140625
681.712890625
656.876953125
649.0498046875
659.32421875
688.71484375
738.146484375
808.4443359375
900.32421875
1014.3857421875
1151.09765625
1310.7998046875
1493.6875
1699.814453125
1929.0810546875
2181.2373046875
2455.87890625
2752.4423828125
3070.2119140625
3408.3173828125
3765.7373046875
4141.298828125
4533.693359375
4941.4716796875
5363.0537109375
5796.7412109375
6240.7216796875
6693.080078125
7151.8115234375
7614.82421875
8079.96484375
8545.01953125
9007.7333984375
9465.8203125
9916.9765625
10358.8994140625
10789.296875
11205.8984375
11606.478515625
11988.8564453125
12350.9267578125
12690.654296875
13006.0986328125
13295.4228515625
13556.90234375
13788.9375
13990.0625
14158.9560546875
14294.443359375
14395.5126953125
14461.3154296875
14491.16796875
14484.5615234375
14441.1630859375
14360.8193359375
14243.5517578125
14089.5576171875
13899.21484375
13673.0693359375
13411.841796875
13116.4130859375
12787.8232421875
12427.2685546875
12036.0810546875
11615.736328125
11167.8349609375
10694.0888671875
10196.322265625
9676.4482421875
9136.4638671875
8578.4365234375
8004.490234375
7416.7939453125
6817.5478515625
6208.96875
5593.28515625
4972.70703125
4349.4345703125
3725.62890625
3103.4091796875
2484.837890625
1871.91015625
1266.5439453125
670.572265625
85.7294921875
-486.34765625
-1044.140625
-1586.2373046875
-2111.3525390625
-2618.322265625
-3106.1103515625
-3573.8095703125
-4020.6416015625
-4445.95703125
-4849.232421875
-5230.0703125
-5588.19140625
-5923.435546875
-6235.748046875
-6525.1845703125
-6791.8935546875
-7036.1123046875
-7258.16015625
-7458.4306640625
-7637.375
-7795.5
-7933.3564453125
-8051.5283203125
-8150.62109375
-8231.2548828125
-8294.0546875
-8339.6435546875
-8368.626953125
-8381.5908203125
-8379.09375
-8361.6591796875
-8329.767578125
-8283.853515625
-8224.3056640625
-8151.4521484375
-8065.5751953125
-7966.89453125
-7855.57421875
-7731.7255859375
-7595.4052734375
-7446.62109375
-7285.3349609375
-7111.466796875
-6924.9013671875
-6725.498046875
-6513.0849609375
-6287.490234375
-6048.5234375
-5796.005859375
-5529.763671875
-5249.6484375
-4955.5400390625
-4647.35546875
-4325.060546875
-3988.6748046875
-3638.28125
-3274.0361328125
-2896.16796875
-2504.994140625
-2100.916015625
-1684.427734375
-1256.12109375
-816.68359375
-366.9013671875
92.3388671875
560.056640625
1035.171875
1516.5166015625
2002.83203125
2492.779296875
2984.943359375
3477.841796875
3969.9306640625
4459.6162109375
4945.263671875
5425.2041015625
5897.7490234375
6361.2021484375
6813.86328125
7254.0478515625
7680.09375
8090.3740234375
8483.302734375
8857.353515625
9211.0615234375
9543.037109375
9851.974609375
10136.6533203125
10395.9599609375
10628.87109375
10834.4833984375
11011.9970703125
11160.734375
11280.130859375
11369.740234375
11429.2373046875
11458.4140625
11457.1748046875
11425.5439453125
11363.6494140625
11271.7275390625
11150.1142578125
10999.244140625
10819.63671875
10611.8994140625
10376.7109375
10114.8271484375
9827.064453125
9514.2939453125
9177.44140625
8817.47265625
8435.3974609375
8032.2529296875
7609.1064453125
7167.048828125
6707.1884765625
6230.650390625
5738.5732421875
5232.1025390625
4712.3994140625
4180.626953125
3637.9599609375
3085.5810546875
2524.681640625
1956.466796875
1382.1474609375
802.95703125
220.140625
-365.0341796875
-951.2822265625
-1537.28515625
-2121.7041015625
-2703.16796875
-3280.271484375
-3851.580078125
-4415.6201171875
-4970.8837890625
-5515.830078125
-6048.8779296875
-6568.416015625
-7072.798828125
-7560.353515625
-8029.3857421875
-8478.177734375
-8904.9921875
-9308.095703125
-9685.7431640625
-10036.2021484375
-10357.75390625
-10648.7080078125
-10907.4072265625
-11132.2392578125
-11321.650390625
-11474.154296875
-11588.34375
-11662.904296875
-11696.619140625
-11688.3916015625
-11637.2421875
-11542.3330078125
-11402.966796875
-11218.6025390625
-10988.861328125
-10713.533203125
-10392.5869140625
-10026.1728515625
-9614.6298828125
-9158.486328125
-8658.4609375
-8115.4677734375
-7530.607421875
-6905.1767578125
-6240.6533203125
-5538.69921875
-4801.146484375
-4029.9990234375
-3227.416015625
-2395.70703125
-1537.3154296875
-654.810546875
249.1240234375
1171.7109375
2110.087890625
3061.32421875
4022.4375
4990.4091796875
5962.197265625
6934.7626953125
7905.072265625
8870.1201171875
9826.9501953125
10772.6552734375
11704.4111328125
12619.4716796875
13515.1943359375
14389.0478515625
15238.6220703125
16061.6396484375
16855.966796875
17619.6171875
18350.7607421875
19047.7265625
19709.013671875
20333.283203125
20919.3740234375
21466.2880859375
21973.197265625
22439.451171875
22864.5537109375
23248.17578125
23590.142578125
23890.43359375
24149.1708984375
24366.6142578125
24543.1533203125
24679.3056640625
24775.693359375
24833.05078125
24852.2099609375
24834.0810546875
24779.6611328125
24690.0107421875
24566.2548828125
24409.56640625
24221.162109375
24002.2939453125
23754.2421875
23478.3037109375
23175.79296875
22848.0283203125
22496.3310546875
22122.0166015625
21726.3955078125
21310.76171875
20876.39453125
20424.5576171875
19956.4892578125
19473.4052734375
18976.5009765625
18466.939453125
17945.865234375
17414.3896484375
16873.603515625
16324.5673828125
15768.3193359375
15205.8720703125
14638.2158203125
14066.3154296875
13491.1171875
12913.5478515625
12334.5087890625
11754.8896484375
11175.556640625
10597.3642578125
10021.1455078125
9447.720703125
8877.8916015625
8312.4443359375
7752.1494140625
7197.7607421875
6650.01171875
6109.62109375
5577.2841796875
5053.677734375
4539.455078125
4035.24609375
3541.6533203125
3059.25390625
2588.59375
2130.1884765625
1684.51953125
1252.033203125
833.1416015625
428.2119140625
37.5751953125
-338.4794921875
-699.70703125
-1045.9111328125
-1376.935546875
-1692.671875
-1993.0615234375
-2278.0908203125
-2547.79296875
-2802.2490234375
-3041.5869140625
-3265.98046875
-3475.6455078125
-3670.8447265625
-3851.8798828125
-4019.0947265625
-4172.8662109375
-4313.611328125
-4441.775390625
-4557.837890625
-4662.30078125
-4755.693359375
-4838.5654296875
-4911.48046875
-4975.01953125
-5029.7734375
-5076.3388671875
-5115.3203125
-5147.314453125
-5172.9248046875
-5192.744140625
-5207.3525390625
-5217.3232421875
-5223.2138671875
-5225.5615234375
-5224.8837890625
-5221.6767578125
-5216.4111328125
-5209.5302734375
-5201.451171875
-5192.5595703125
-5183.21484375
-5173.734375
-5164.4150390625
-5155.5146484375
-5147.2587890625
-5139.84375
-5133.427734375
-5128.142578125
-5124.0859375
-5121.326171875
-5119.9033203125
-5119.8310546875
-5121.0927734375
-5123.6552734375
-5127.4580078125
-5132.4208984375
-5138.4453125
-5145.419921875
-5153.216796875
-5161.7001953125
-5170.7216796875
-5180.1298828125
-5189.767578125
-5199.4794921875
-5209.107421875
-5218.4990234375
-5227.505859375
-5235.9892578125
-5243.818359375
-5250.8740234375
-5257.0537109375
-5262.263671875
-5266.4326171875
-5269.5029296875
-5271.435546875
-5272.2119140625
-5271.83203125
-5270.314453125
-5267.697265625
-5264.0400390625
-5259.4189453125
-5253.927734375
-5247.6748046875
-5240.7841796875
-5233.3955078125
-5225.65625
-5217.720703125
-5209.75390625
-5201.9189453125
-5194.3828125
-5187.3095703125
-5180.8505859375
-5175.15625
-5170.357421875
-5166.5693359375
-5163.8876953125
-5162.380859375
-5162.09375
-5163.037109375
-5165.1875
-5168.4833984375
-5172.8232421875
-5178.0615234375
-5184.0107421875
-5190.431640625
-5197.037109375
-5203.4912109375
-5209.4091796875
-5214.353515625
-5217.837890625
-5219.328125
-5218.2421875
-5213.9541015625
-5205.7958984375
-5193.060546875
-5175.0107421875
-5150.876953125
-5119.8671875
-5081.169921875
-5033.9638671875
-4977.4248046875
-4910.7294921875
-4833.064453125
-4743.63671875
-4641.6806640625
-4526.46484375
-4397.3017578125
-4253.5576171875
-4094.66015625
-3920.107421875
-3729.4716796875
-3522.412109375
-3298.6845703125
-3058.1416015625
-2800.7412109375
-2526.5546875
-2235.7685546875
-1928.693359375
-1605.755859375
-1267.5185546875
-914.66015625
-547.9951171875
-168.4560546875
222.896484375
624.8837890625
1036.212890625
1455.4794921875
1881.177734375
2311.7080078125
2745.3818359375
3180.4404296875
3615.0546875
4047.34765625
4475.3974609375
4897.2607421875
5310.9755859375
5714.58203125
6106.1396484375
6483.732421875
6845.494140625
7189.61328125
7514.357421875
7818.078125
8099.23046875
8356.384765625
8588.2373046875
8793.62109375
8971.521484375
9121.0771484375
9241.59765625
9332.556640625
9393.6142578125
9424.607421875
9425.5576171875
9396.6728515625
9338.33984375
9251.1357421875
9135.8095703125
8993.28515625
8824.650390625
8631.1552734375
8414.1962890625
8175.3076171875
7916.1494140625
7638.49609375
7344.21875
7035.2783203125
6713.7001953125
6381.5654296875
6040.9931640625
5694.126953125
5343.107421875
4990.07421875
4637.130859375
4286.3447265625
3939.72265625
3599.2021484375
3266.630859375
2943.763671875
2632.2451171875
2333.5966796875
2049.2177734375
1780.3662109375
1528.16015625
1293.568359375
1077.408203125
880.3466796875
702.8916015625
545.3994140625
408.0771484375
290.9775390625
194.0166015625
116.9638671875
59.4638671875
21.03125
1.0673828125
-1.1337890625
13.6220703125
44.4462890625
90.37109375
150.3603515625
223.328125
308.1357421875
403.6171875
508.5810546875
621.8173828125
742.1142578125
868.263671875
999.068359375
1133.34765625
1269.9482421875
1407.7470703125
1545.654296875
1682.62109375
1817.640625
1949.7490234375
2078.025390625
2201.59765625
2319.6376953125
2431.3583984375
2536.017578125
2632.912109375
2721.3740234375
2800.771484375
2870.4990234375
2929.984375
2978.66796875
3016.01953125
3041.517578125
3054.65625
3054.9384765625
3041.8740234375
3014.9736328125
2973.755859375
2917.7373046875
2846.4404296875
2759.3837890625
2656.0947265625
2536.1005859375
2398.9384765625
2244.1552734375
2071.3095703125
1879.9853515625
1669.78125
1440.33203125
1191.3046875
922.408203125
633.4033203125
324.099609375
-5.6279296875
-355.8349609375
-726.501953125
-1117.5283203125
-1528.7236328125
-1959.8056640625
-2410.3916015625
-2879.9990234375
-3368.0341796875
-3873.7958984375
-4396.4716796875
-4935.138671875
-5488.759765625
-6056.1884765625
-6636.16796875
-7227.337890625
-7828.2373046875
-8437.3115234375
-9052.9150390625
-9673.3232421875
-10296.73828125
-10921.3017578125
-11545.09765625
-12166.17578125
-12782.548828125
-13392.2158203125
-13993.1669921875
-14583.400390625
-15160.9306640625
-15723.80859375
-16270.123046875
-16798.0263671875
-17305.73046875
-17791.5322265625
-18253.8173828125
-18691.06640625
-19101.873046875
-19484.9443359375
-19839.111328125
-20163.33203125
-20456.6982421875
-20718.4404296875
-20947.9228515625
-21144.654296875
-21308.28125
-21438.5869140625
-21535.490234375
-21599.0400390625
-21629.416015625
-21626.908203125
-21591.9287109375
-21524.990234375
-21426.7021484375
-21297.7607421875
-21138.9404296875
-20951.080078125
-20735.0771484375
-20491.8701171875
-20222.4345703125
-19927.76953125
-19608.8828125
-19266.787109375
-18902.4833984375
-18516.9560546875
-18111.1630859375
-17686.0244140625
-17242.4150390625
-16781.1640625
-16303.0400390625
-15808.75
-15298.935546875
-14774.171875
-14234.9580078125
-13681.720703125
-13114.8193359375
-12534.5361328125
-11941.0849609375
-11334.6103515625
-10715.1953125
-10082.8642578125
-9437.58203125
-8779.26953125
-8107.8017578125
-7423.0224609375
-6724.744140625
-6012.7626953125
-5286.8583984375
-4546.814453125
-3792.4150390625
-3023.4609375
-2239.7734375
-1441.2119140625
-627.669921875
200.9052734375
1044.51171875
1903.0810546875
2776.4736328125
3664.4677734375
4566.7578125
5482.9443359375
6412.529296875
7354.9140625
8309.3896484375
9275.138671875
10251.224609375
11236.603515625
12230.1025390625
13230.435546875
14236.1962890625
15245.8544921875
16257.767578125
17270.1708984375
18281.1884765625
19288.83203125
20291.0087890625
21285.5224609375
22270.07421875
23242.2841796875
24199.681640625
25139.7216796875
26059.7900390625
26957.216796875
27829.2763671875
28673.20703125
29486.2158203125
30265.498046875
31008.2353515625
31711.6220703125
32372.869140625
32989.2197265625
33557.9658203125
34076.4619140625
34542.1279296875
34952.4833984375
35305.1435546875
35597.8466796875
35828.4580078125
35994.994140625
36095.6279296875
36128.708984375
36092.76953125
35986.5458984375
35808.9833984375
35559.2529296875
35236.7490234375
34841.119140625
34372.255859375
33830.3076171875
33215.689453125
32529.080078125
31771.4345703125
30943.9775390625
30048.2060546875
29085.890625
28059.068359375
26970.046875
25821.3837890625
24615.8935546875
23356.6337890625
22046.8876953125
20690.1640625
19290.1728515625
17850.81640625
16376.1728515625
14870.4794921875
13338.1083984375
11783.552734375
10211.4111328125
8626.3525390625
7033.111328125
5436.4521484375
3841.1611328125
2252.0087890625
673.73828125
-888.9541015625
-2431.4521484375
-3949.234375
-5437.8876953125
-6893.138671875
-8310.8623046875
-9687.1123046875
-11018.123046875
-12300.3369140625
-13530.4140625
-14705.2421875
-15821.9560546875
-16877.9423828125
-17870.84765625
-18798.5908203125
-19659.36328125
-20451.6396484375
-21174.171875
-21826.0029296875
-22406.4541015625
-22915.13671875
-23351.9365234375
-23717.01953125
-24010.826171875
-24234.0615234375
-24387.69140625
-24472.9345703125
-24491.251953125
-24444.3408203125
-24334.123046875
-24162.7294921875
-23932.5
-23645.962890625
-23305.818359375
-22914.9453125
-22476.365234375
-21993.244140625
-21468.875
-20906.662109375
-20310.1123046875
-19682.8193359375
-19028.4443359375
-18350.712890625
-17653.390625
-16940.2763671875
-16215.18359375
-15481.9296875
-14744.318359375
-14006.1298828125
-13271.103515625
-12542.9248046875
-11825.208984375
-11121.4921875
-10435.21484375
-9769.7060546875
-9128.169921875
-8513.6787109375
-7929.1513671875
-7377.345703125
-6860.8427734375
-6382.0390625
-5943.1318359375
-5546.107421875
-5192.7373046875
-4884.5576171875
-4622.873046875
-4408.740234375
-4242.96484375
-4126.09765625
-4058.42578125
-4039.9736328125
-4070.501953125
-4149.501953125
-4276.2041015625
-4449.5751953125
-4668.3251953125
-4930.916015625
-5235.5615234375
-5580.2451171875
-5962.72265625
-6380.5458984375
-6831.0615234375
-7311.4375
-7818.677734375
-8349.63671875
-8901.0380859375
-9469.5
-10051.5517578125
-10643.654296875
-11242.2275390625
-11843.6689453125
-12444.375
-13040.7705078125
-13629.32421875
-14206.576171875
-14769.158203125
-15313.8134765625
-15837.419921875
-16337.0087890625
-16809.7822265625
-17253.1328125
-17664.6533203125
-18042.158203125
-18383.69140625
-18687.537109375
-18952.228515625
-19176.5556640625
-19359.5703125
-19500.5888671875
-19599.1865234375
-19655.2080078125
-19668.7548828125
-19640.18359375
-19570.1005859375
-19459.3505859375
-19309.005859375
-19120.359375
-18894.904296875
-18634.328125
-18340.4921875
-18015.4130859375
-17661.2509765625
-17280.29296875
-16874.9248046875
-16447.625
-16000.939453125
-15537.4619140625
-15059.826171875
-14570.6728515625
-14072.646484375
-13568.3681640625
-13060.4287109375
-12551.3671875
-12043.66015625
-11539.7099609375
-11041.830078125
-10552.2373046875
-10073.0390625
-9606.2275390625
-9153.6748046875
-8717.123046875
-8298.181640625
-7898.3212890625
-7518.8798828125
-7161.0498046875
-6825.8857421875
-6514.302734375
-6227.076171875
-5964.8447265625
-5728.115234375
-5517.263671875
-5332.5380859375
-5174.068359375
-5041.861328125
-4935.814453125
-4855.71875
-4801.2587890625
-4772.0234375
-4767.5107421875
-4787.12890625
-4830.205078125
-4895.9912109375
-4983.6630859375
-5092.3310546875
-5221.0400390625
-5368.7783203125
-5534.478515625
-5717.0205078125
-5915.2392578125
-6127.9267578125
-6353.83203125
-6591.6708984375
-6840.12890625
-7097.857421875
-7363.490234375
-7635.6328125
-7912.8779296875
-8193.8046875
-8476.982421875
-8760.974609375
-9044.3486328125
-9325.6708984375
-9603.5244140625
-9876.4990234375
-10143.2099609375
-10402.294921875
-10652.4228515625
-10892.3017578125
-11120.6796875
-11336.349609375
-11538.1650390625
-11725.033203125
-11895.9296875
-12049.8994140625
-12186.0654296875
-12303.6298828125
-12401.8828125
-12480.201171875
-12538.0634765625
-12575.0390625
-12590.8056640625
-12585.140625
-12557.9287109375
-12509.1640625
-12438.9482421875
-12347.4951171875
-12235.123046875
-12102.26171875
-11949.4453125
-11777.3154296875
-11586.6083984375
-11378.166015625
-11152.91796875
-10911.8857421875
-10656.171875
-10386.9599609375
-10105.501953125
-9813.1181640625
-9511.18359375
-9201.125
-8884.4111328125
-8562.548828125
-8237.0673828125
-7909.517578125
-7581.458984375
-7254.453125
-6930.05859375
-6609.8125
-6295.2373046875
-5987.8193359375
-5689.0048828125
-5400.2001953125
-5122.751953125
-4857.9501953125
-4607.0166015625
-4371.095703125
-4151.2578125
-3948.4853515625
-3763.6669921875
-3597.6015625
-3450.982421875
-3324.4033203125
-3218.3486328125
-3133.19140625
-3069.193359375
-3026.5009765625
-3005.1435546875
-3005.029296875
-3025.9541015625
-3067.5908203125
-3129.494140625
-3211.1015625
-3311.736328125
-3430.6015625
-3566.79296875
-3719.2998046875
-3886.994140625
-4068.658203125
-4262.9658203125
-4468.5029296875
-4683.765625
-4907.1669921875
-5137.04296875
-5371.6591796875
-5609.21875
-5847.8671875
-6085.7001953125
-6320.7734375
-6551.1123046875
-6774.7099609375
-6989.5517578125
-7193.6103515625
-7384.8623046875
-7561.2939453125
-7720.91015625
-7861.7431640625
-7981.865234375
-8079.39453125
-8152.5009765625
-8199.419921875
-8218.455078125
-8207.9931640625
-8166.505859375
-8092.5576171875
-7984.81640625
-7842.056640625
-7663.1630859375
-7447.142578125
-7193.1220703125
-6900.3583984375
-6568.240234375
-6196.2890625
-5784.1650390625
-5331.66796875
-4838.73828125
-4305.4609375
-3732.05859375
-3118.90234375
-2466.501953125
-1775.5107421875
-1046.72265625
-281.0693359375
520.3818359375
1356.4296875
2225.7392578125
3126.8515625
4058.17578125
5018.0068359375
6004.5185546875
7015.76953125
8049.712890625
9104.19140625
10176.9501953125
11265.6357421875
12367.8037109375
13480.923828125
14602.380859375
15729.4853515625
16859.4765625
17989.525390625
19116.7451171875
20238.1953125
21350.8857421875
22451.7890625
23537.83984375
24605.9482421875
25653.009765625
26675.8984375
27671.498046875
28636.6923828125
29568.3857421875
30463.5068359375
31319.01953125
32131.9404296875
32899.3388671875
33618.3603515625
34286.228515625
34900.2626953125
35457.892578125
35956.6650390625
36394.26171875
36768.509765625
37077.396484375
37319.0810546875
37491.9072265625
37594.4189453125
37625.3662109375
37583.72265625
37468.6962890625
37279.7333984375
37016.537109375
36679.068359375
36267.55859375
35782.51171875
35224.7158203125
34595.240234375
33895.4384765625
33126.955078125
32291.7197265625
31391.947265625
30430.1337890625
29409.0458984375
28331.724609375
27201.4658203125
26021.818359375
24796.5615234375
23529.701171875
22225.4462890625
20888.2041015625
19522.544921875
18133.1982421875
16725.0224609375
15302.9873046875
13872.1494140625
12437.62890625
11004.5859375
9578.193359375
8163.619140625
6765.9921875
5390.3779296875
4041.7626953125
2725.0166015625
1444.8779296875
205.921875
-987.4521484375
-2131.0537109375
-3220.9150390625
-4253.3125
-5224.7861328125
-6132.1572265625
-6972.5361328125
-7743.3505859375
-8442.3447265625
-9067.59375
-9617.513671875
-10090.8642578125
-10486.7587890625
-10804.66015625
-11044.388671875
-11206.1123046875
-11290.3515625
-11297.97265625
-11230.171875
-11088.48046875
-10874.74609375
-10591.12109375
-10240.0498046875
-9824.2568359375
-9346.7265625
-8810.6826171875
-8219.5810546875
-7577.080078125
-6887.0205078125
-6153.408203125
-5380.390625
-4572.234375
-3733.3037109375
-2868.033203125
-1980.9130859375
-1076.4560546875
-159.181640625
766.404296875
1695.8427734375
2624.732421875
3548.7509765625
4463.6845703125
5365.4345703125
6250.0419921875
7113.7109375
7952.8095703125
8763.8974609375
9543.734375
10289.2939453125
10997.7666015625
11666.58203125
12293.4052734375
12876.1513671875
13412.9775390625
13902.3037109375
14342.794921875
14733.3759765625
15073.22265625
15361.755859375
15598.6455078125
15783.7939453125
15917.337890625
15999.6298828125
16031.2392578125
16012.9296875
15945.6513671875
15830.53515625
15668.8662109375
15462.076171875
15211.724609375
14919.4931640625
14587.1513671875
14216.55859375
13809.6376953125
13368.3623046875
12894.73828125
12390.7939453125
11858.5595703125
11300.0576171875
10717.2841796875
10112.2021484375
9486.724609375
8842.7099609375
8181.9462890625
7506.150390625
6816.951171875
6115.8974609375
5404.4423828125
4683.947265625
3955.67578125
3220.7998046875
2480.396484375
1735.453125
986.869140625
235.4658203125
-518.0126953125
-1272.8896484375
-2028.54296875
-2784.404296875
-3539.9443359375
-4294.6630859375
-5048.080078125
-5799.7197265625
-6549.1064453125
-7295.7529296875
-8039.1416015625
-8778.7255859375
-9513.908203125
-10244.044921875
-10968.4228515625
-11686.2646484375
-12396.7158203125
-13098.8369140625
-13791.6083984375
-14473.919921875
-15144.5732421875
-15802.2783203125
-16445.658203125
-17073.251953125
-17683.5166015625
-18274.83203125
-18845.5126953125
-19393.810546875
-19917.9306640625
-20416.033203125
-20886.25390625
-21326.712890625
-21735.52734375
-22110.8251953125
-22450.7646484375
-22753.5439453125
-23017.4189453125
-23240.71875
-23421.8583984375
-23559.359375
-23651.859375
-23698.1259765625
-23697.0732421875
-23647.7734375
-23549.46875
-23401.580078125
-23203.71875
-22955.6904296875
-22657.505859375
-22309.3876953125
-21911.7666015625
-21465.29296875
-20970.8271484375
-20429.4482421875
-19842.4443359375
-19211.314453125
-18537.7578125
-17823.669921875
-17071.1298828125
-16282.3984375
-15459.8994140625
-14606.2119140625
-13724.0556640625
-12816.2763671875
-11885.83203125
-10935.779296875
-9969.2529296875
-8989.451171875
-7999.62109375
-7003.0390625
-6002.9970703125
-5002.7783203125
-4005.6513671875
-3014.84375
-2033.5322265625
-1064.8251953125
-111.7470703125
822.7724609375
1735.9208984375
2625.00390625
3487.46484375
4320.8916015625
5123.033203125
5891.7998046875
6625.27734375
7321.736328125
7979.6259765625
8597.595703125
9174.48828125
9709.345703125
10201.4150390625
10650.1455078125
11055.189453125
11416.4072265625
11733.8564453125
12007.8037109375
12238.708984375
12427.2314453125
12574.2197265625
12680.7099609375
12747.92578125
12777.2626953125
12770.2880859375
12728.73828125
12654.5009765625
12549.6171875
12416.26953125
12256.7734375
12073.5732421875
11869.2216796875
11646.3876953125
11407.826171875
11156.38671875
10894.9951171875
10626.6328125
10354.345703125
10081.2177734375
9810.3642578125
9544.91796875
9288.01953125
9042.8046875
8812.390625
8599.859375
8408.255859375
8240.5595703125
8099.6865234375
7988.4658203125
7909.630859375
7865.806640625
7859.494140625
7893.0615234375
7968.728515625
8088.55859375
8254.443359375
8468.08984375
8731.017578125
9044.5419921875
9409.7685546875
9827.5810546875
10298.6357421875
10823.357421875
11401.9296875
12034.2900390625
12720.1259765625
13458.880859375
14249.7314453125
15091.6142578125
15983.205078125
16922.9296875
17908.96875
18939.2587890625
20011.494140625
21123.146484375
22271.4560546875
23453.4599609375
24665.9833984375
25905.6650390625
27168.9658203125
28452.1826171875
29751.4619140625
31062.814453125
32382.142578125
33705.2373046875
35027.818359375
36345.537109375
37654.0029296875
38948.80078125
40225.5146484375
41479.740234375
42707.11328125
43903.3251953125
45064.1416015625
46185.4267578125
47263.1640625
48293.466796875
49272.603515625
50197.017578125
51063.341796875
51868.404296875
52609.2666015625
53283.2177734375
53887.7978515625
54420.8046875
54880.30859375
55264.662109375
55572.5
55802.7578125
55954.6728515625
56027.77734375
56021.916015625
55937.240234375
55774.2041015625
55533.5625
55216.373046875
54823.978515625
54358.015625
53820.388671875
53213.2724609375
52539.0927734375
51800.51953125
51000.447265625
50141.9794921875
49228.4189453125
48263.240234375
47250.0771484375
46192.7041015625
45095.013671875
43960.9921875
42794.7109375
41600.2880859375
40381.8828125
39143.66015625
37889.78125
36624.3740234375
35351.513671875
34075.205078125
32799.359375
31527.7744140625
30264.12109375
29011.9228515625
27774.53515625
26555.140625
25356.71875
24182.0537109375
23033.70703125
21914.0166015625
20825.0810546875
19768.7626953125
18746.67578125
17760.1845703125
16810.4033203125
15898.1953125
15024.1767578125
14188.71484375
13391.9375
12633.740234375
11913.7900390625
11231.5400390625
10586.2373046875
9976.931640625
9402.49609375
8861.634765625
8352.9013671875
7874.71484375
7425.3701171875
7003.064453125
6605.9091796875
6231.947265625
5879.173828125
5545.546875
5229.0166015625
4927.5322265625
4639.064453125
4361.6181640625
4093.2529296875
3832.0908203125
3576.3349609375
3324.28515625
3074.345703125
2825.0361328125
2575.0009765625
2323.0205078125
2068.0185546875
1809.0615234375
1545.37109375
1276.322265625
1001.4501953125
720.4404296875
433.140625
139.55078125
-160.177734375
-465.7529296875
-776.7373046875
-1092.5595703125
-1412.5244140625
-1735.822265625
-2061.5302734375
-2388.6318359375
-2716.0234375
-3042.5263671875
-3366.8984375
-3687.8447265625
-4004.0322265625
-4314.103515625
-4616.6845703125
-4910.3984375
-5193.8818359375
-5465.79296875
-5724.822265625
-5969.70703125
-6199.2412109375
-6412.283203125
-6607.7666015625
-6784.712890625
-6942.232421875
-7079.537109375
-7195.943359375
-7290.8798828125
-7363.89453125
-7414.65234375
-7442.9404296875
-7448.6748046875
-7431.8955078125
-7392.7666015625
-7331.58203125
-7248.7568359375
-7144.826171875
-7020.4443359375
-6876.3798828125
-6713.5087890625
-6532.8115234375
-6335.36328125
-6122.3271484375
-5894.953125
-5654.560546875
-5402.5341796875
-5140.3173828125
-4869.3974609375
-4591.2958984375
-4307.568359375
-4019.7763671875
-3729.4970703125
-3438.2958984375
-3147.7255859375
-2859.3154296875
-2574.5537109375
-2294.88671875
-2021.705078125
-1756.330078125
-1500.01171875
-1253.9169921875
-1019.1171875
-796.58984375
-587.2021484375
-391.708984375
-210.748046875
-44.8330078125
105.6484375
240.4443359375
359.4306640625
462.619140625
550.1572265625
622.328125
679.5458984375
722.357421875
751.4365234375
767.5771484375
771.6962890625
764.8173828125
748.0703125
722.6806640625
689.958984375
651.2939453125
608.1416015625
562.0126953125
514.4599609375
467.0673828125
421.4384765625
379.1806640625
341.892578125
311.1513671875
288.4970703125
275.419921875
273.34765625
283.6337890625
307.5390625
346.2255859375
400.7392578125
472.0048828125
560.810546875
667.80078125
793.4697265625
938.1474609375
1102.005859375
1285.037109375
1487.0712890625
1707.75
1946.546875
2202.7578125
2475.498046875
2763.7216796875
3066.2119140625
3381.5927734375
3708.3369140625
4044.7734375
4389.1005859375
4739.396484375
5093.626953125
5449.666015625
5805.3076171875
6158.2783203125
6506.2568359375
6846.8896484375
7177.8076171875
7496.640625
7801.041015625
8088.6943359375
8357.3408203125
8604.7890625
8828.9345703125
9027.775390625
9199.423828125
9342.1259765625
9454.2705078125
9534.404296875
9581.2392578125
9593.662109375
9570.751953125
9511.76953125
9416.1806640625
9283.6474609375
9114.0390625
8907.4228515625
8664.07421875
8384.46875
8069.275390625
7719.361328125
7335.771484375
6919.7333984375
6472.638671875
5996.041015625
5491.63671875
4961.255859375
4406.85546875
3830.4921875
3234.3212890625
2620.5751953125
1991.548828125
1349.5869140625
697.0673828125
36.3857421875
-630.056640625
-1299.8720703125
-1970.6953125
-2640.19921875
-3306.1083984375
-3966.208984375
-4618.361328125
-5260.5078125
-5890.6875
-6507.0361328125
-7107.8037109375
-7691.349609375
-8256.1552734375
-8800.82421875
-9324.091796875
-9824.81640625
-10301.990234375
-10754.7333984375
-11182.29296875
-11584.0498046875
-11959.501953125
-12308.27734375
-12630.1162109375
-12924.873046875
-13192.5126953125
-13433.1044921875
-13646.8134765625
-13833.8994140625
-13994.70703125
-14129.662109375
-14239.263671875
-14324.080078125
-14384.7421875
-14421.93359375
-14436.3974609375
-14428.91015625
-14400.2978515625
-14351.41796875
-14283.1591796875
-14196.4365234375
-14092.1884765625
-13971.3681640625
-13834.947265625
-13683.9111328125
-13519.25
-13341.96484375
-13153.0576171875
-12953.53515625
-12744.4033203125
-12526.6640625
-12301.3203125
-12069.36328125
-11831.783203125
-11589.556640625
-11343.6513671875
-11095.021484375
-10844.6103515625
-10593.337890625
-10342.111328125
-10091.8125
-9843.3037109375
-9597.4169921875
-9354.958984375
-9116.7021484375
-8883.3857421875
-8655.712890625
-8434.3427734375
-8219.892578125
-8012.93359375
-7813.986328125
-7623.515625
-7441.9365234375
-7269.5986328125
-7106.794921875
-6953.748046875
-6810.62109375
-6677.505859375
-6554.423828125
-6441.3251953125
-6338.087890625
-6244.5185546875
-6160.34765625
-6085.2373046875
-6018.7724609375
-5960.470703125
-5909.7783203125
-5866.078125
-5828.68359375
-5796.8505859375
-5769.7724609375
-5746.59375
-5726.40234375
-5708.2490234375
-5691.1357421875
-5674.03515625
-5655.88671875
-5635.607421875
-5612.0986328125
-5584.2431640625
-5550.9248046875
-5511.025390625
-5463.4345703125
-5407.0517578125
-5340.8017578125
-5263.6298828125
-5174.517578125
-5072.4814453125
-4956.58203125
-4825.9306640625
-4679.6904296875
-4517.0888671875
-4337.4130859375
-4140.021484375
-3924.3427734375
-3689.888671875
-3436.24609375
-3163.0888671875
-2870.1748046875
-2557.3564453125
-2224.5703125
-1871.8525390625
-1499.3330078125
-1107.2353515625
-695.8818359375
-265.69140625
182.8173828125
649.033203125
1132.244140625
1631.642578125
2146.3291015625
2675.3115234375
3217.5029296875
3771.7333984375
4336.7421875
4911.1923828125
5493.6611328125
6082.65625
6676.609375
7273.892578125
7872.8115234375
8471.6162109375
9068.51171875
9661.6533203125
10249.1630859375
10829.1318359375
11399.62890625
11958.70703125
12504.4140625
13034.7958984375
13547.9111328125
14041.83984375
14514.6865234375
14964.5927734375
15389.75
15788.4072265625
16158.876953125
16499.55078125
16808.90234375
17085.505859375
17328.0361328125
17535.283203125
17706.1611328125
17839.712890625
17935.1220703125
17991.71875
18008.9873046875
17986.5703125
17924.279296875
17822.091796875
17680.1640625
17498.828125
17278.595703125
17020.1640625
16724.4052734375
16392.3798828125
16025.3232421875
15624.6484375
15191.947265625
14728.9697265625
14237.638671875
13720.029296875
13178.3623046875
12615.0009765625
12032.4384765625
11433.2861328125
10820.265625
10196.19140625
9563.9638671875
8926.552734375
8286.9833984375
7648.3271484375
7013.6767578125
6386.1416015625
5768.830078125
5164.828125
4577.1953125
4008.939453125
3463.009765625
2942.275390625
2449.517578125
1987.4150390625
1558.5244140625
1165.27734375
809.962890625
494.7177734375
221.5185546875
-7.83203125
-191.712890625
-328.6826171875
-417.5
-457.12109375
-446.701171875
-385.609375
-273.416015625
-109.904296875
104.9306640625
370.8896484375
687.5625
1054.3369140625
1470.3984375
1934.7392578125
2446.16015625
3003.2783203125
3604.53515625
4248.205078125
4932.3984375
5655.080078125
6414.072265625
7207.0654296875
8031.6337890625
8885.2392578125
9765.248046875
10668.9423828125
11593.529296875
12536.1552734375
13493.9150390625
14463.87109375
15443.0556640625
16428.4912109375
17417.197265625
18406.203125
19392.5625
20373.3623046875
21345.7294921875
22306.8515625
23253.9736328125
24184.4208984375
25095.599609375
25985.0068359375
26850.2451171875
27689.0166015625
28499.1484375
29278.5791015625
30025.3828125
30737.759765625
31414.0517578125
32052.73828125
32652.4443359375
33211.94140625
33730.1484375
34206.134765625
34639.1220703125
35028.4794921875
35373.724609375
35674.5244140625
35930.6953125
36142.19140625
36309.1083984375
36431.68359375
36510.279296875
36545.3896484375
36537.6318359375
36487.734375
36396.541015625
36264.9970703125
36094.1455078125
35885.1201171875
35639.134765625
35357.4814453125
35041.515625
34692.65625
34312.3720703125
33902.171875
33463.603515625
32998.2421875
32507.681640625
31993.525390625
31457.3828125
30900.8623046875
30325.5576171875
29733.0478515625
29124.8857421875
28502.5986328125
27867.6748046875
27221.5615234375
26565.66015625
25901.32421875
25229.84765625
24552.47265625
23870.373046875
23184.6650390625
22496.3955078125
21806.54296875
21116.0263671875
20425.685546875
19736.2958984375
19048.56640625
18363.1376953125
17680.5859375
17001.419921875
16326.0927734375
15654.9951171875
14988.4658203125
14326.7880859375
13670.203125
13018.900390625
12373.0400390625
11732.7392578125
11098.0888671875
10469.1552734375
9845.984375
9228.6064453125
8617.0439453125
8011.314453125
7411.4345703125
6817.4267578125
6229.3232421875
5647.171875
5071.037109375
4501.0107421875
3937.205078125
3379.767578125
2828.873046875
2284.736328125
1747.6083984375
1217.7763671875
695.568359375
181.3564453125
-324.453125
-821.41015625
-1309.0283203125
-1786.7841796875
-2254.1162109375
-2710.4384765625
-3155.1328125
-3587.5546875
-4007.044921875
-4412.927734375
-4804.5205078125
-5181.1328125
-5542.0849609375
-5886.7001953125
-6214.3232421875
-6524.32421875
-6816.099609375
-7089.08984375
-7342.7822265625
-7576.71484375
-7790.4912109375
-7983.7841796875
-8156.341796875
-8307.9951171875
-8438.6630859375
-8548.365234375
-8637.21875
-8705.4453125
-8753.3798828125
-8781.4677734375
-8790.271484375
-8780.47265625
-8752.8681640625
-8708.3759765625
-8648.033203125
-8572.98828125
-8484.5048828125
-8383.955078125
-8272.8134765625
-8152.6513671875
-8025.1337890625
-7892.0029296875
-7755.078125
-7616.240234375
-7477.4208984375
-7340.595703125
-7207.767578125
-7080.953125
-6962.173828125
-6853.4384765625
-6756.7294921875
-6673.990234375
-6607.107421875
-6557.900390625
-6528.1025390625
-6519.34765625
-6533.16015625
-6570.9345703125
-6633.9326171875
-6723.255859375
-6839.8505859375
-6984.4853515625
-7157.7490234375
-7360.03515625
-7591.541015625
-7852.2587890625
-8141.96875
-8460.2421875
-8806.4306640625
-9179.671875
-9578.892578125
-10002.802734375
-10449.9052734375
-10918.5048828125
-11406.7041015625
-11912.4248046875
-12433.408203125
-12967.2314453125
-13511.3173828125
-14062.9501953125
-14619.287109375
-15177.3779296875
-15734.1796875
-16286.572265625
-16831.3837890625
-17365.3994140625
-17885.3837890625
-18388.107421875
-18870.35546875
-19328.953125
-19760.7880859375
-20162.818359375
-20532.103515625
-20865.818359375
-21161.263671875
-21415.8984375
-21627.333984375
-21793.375
-21912.0087890625
-21981.4345703125
-22000.06640625
-21966.5478515625
-21879.7548828125
-21738.810546875
-21543.087890625
-21292.2080078125
-20986.0537109375
-20624.7607421875
-20208.7236328125
-19738.591796875
-19215.265625
-18639.890625
-18013.8544921875
-17338.7744140625
-16616.4951171875
-15849.0732421875
-15038.763671875
-14188.0146484375
-13299.44921875
-12375.8515625
-11420.150390625
-10435.4091796875
-9424.8017578125
-8391.5986328125
-7339.154296875
-6270.8818359375
-5190.2392578125
-4100.7158203125
-3005.8017578125
-1908.9853515625
-813.7294921875
276.5458984375
1358.482421875
2428.7939453125
3484.283203125
4521.857421875
5538.5419921875
6531.4912109375
7498.0029296875
8435.52734375
9341.6787109375
10214.2421875
11051.1826171875
11850.6494140625
12610.986328125
13330.7333984375
14008.625
14643.6025390625
15234.806640625
15781.578125
16283.462890625
16740.2060546875
17151.740234375
17518.1982421875
17839.8935546875
18117.3203125
18351.1474609375
18542.2060546875
18691.4892578125
18800.1318359375
18869.412109375
18900.734375
18895.6240234375
18855.712890625
18782.7255859375
18678.4765625
18544.8515625
18383.8017578125
18197.32421875
17987.4580078125
17756.2724609375
17505.8505859375
17238.28515625
16955.6611328125
16660.0517578125
16353.5068359375
16038.0419921875
15715.62890625
15388.193359375
15057.599609375
14725.6484375
14394.0712890625
14064.51953125
13738.564453125
13417.689453125
13103.2890625
12796.662109375
12499.01171875
12211.4453125
11934.9716796875
11670.49609375
11418.830078125
11180.681640625
10956.6669921875
10747.2998046875
10553.0078125
10374.1259765625
10210.900390625
10063.498046875
9932.005859375
9816.4345703125
9716.728515625
9632.7646484375
9564.36328125
9511.291015625
9473.267578125
9449.96875
9441.033203125
9446.0732421875
9464.67578125
9496.4091796875
9540.828125
9597.484375
9665.9228515625
9745.7001953125
9836.3759765625
9937.5263671875
10048.7509765625
10169.6650390625
10299.919921875
10439.19140625
10587.193359375
10743.6787109375
10908.4375
11081.302734375
11262.15234375
11450.9091796875
11647.54296875
11852.0673828125
12064.54296875
12285.0771484375
12513.818359375
12750.9599609375
12996.7333984375
13251.4072265625
13515.2861328125
13788.70703125
14072.0283203125
14365.6328125
14669.9228515625
14985.310546875
15312.2177734375
15651.0625
16002.2607421875
16366.2158203125
16743.314453125
17133.919921875
17538.3603515625
17956.9296875
18389.8740234375
18837.3935546875
19299.623046875
19776.6435546875
20268.4560546875
20774.994140625
21296.10546875
21831.5546875
22381.013671875
22944.0615234375
23520.1806640625
24108.7509765625
24709.0517578125
25320.259765625
25941.443359375
26571.5703125
27209.5048828125
27854.0078125
28503.7421875
29157.2734375
29813.080078125
30469.5498046875
31124.9921875
31777.6416015625
32425.666015625
33067.1748046875
33700.2275390625
34322.8427734375
34933.0068359375
35528.6865234375
36107.8369140625
36668.416015625
37208.3916015625
37725.7568359375
38218.5390625
38684.8076171875
39122.697265625
39530.404296875
39906.20703125
40248.474609375
40555.671875
40826.376953125
41059.2841796875
41253.2119140625
41407.1123046875
41520.078125
41591.3427734375
41620.29296875
41606.4658203125
41549.5537109375
41449.40234375
41306.01953125
41119.5625
40890.3466796875
40618.8359375
40305.6396484375
39951.5107421875
39557.3369140625
39124.1357421875
38653.04296875
38145.310546875
37602.291015625
37025.43359375
36416.2666015625
35776.3935546875
35107.482421875
34411.2470703125
33689.4423828125
32943.8515625
32176.275390625
31388.5185546875
30582.3828125
29759.6513671875
28922.0869140625
28071.4140625
27209.31640625
26337.427734375
25457.322265625
24570.51171875
23678.4375
22782.46875
21883.8955078125
20983.9326171875
20083.7109375
19184.28125
18286.6142578125
17391.599609375
16500.0546875
15612.7158203125
14730.255859375
13853.2822265625
12982.3408203125
12117.9267578125
11260.484375
10410.4228515625
9568.1171875
8733.9150390625
7908.150390625
7091.1455078125
6283.2216796875
5484.705078125
4695.9365234375
3917.2763671875
3149.1083984375
2391.853515625
1645.970703125
911.95703125
190.3623046875
-518.2138671875
-1213.1220703125
-1893.654296875
-2559.0458984375
-3208.4775390625
-3841.0712890625
-4455.900390625
-5051.9833984375
-5628.287109375
-6183.7392578125
-6717.2275390625
-7227.603515625
-7713.6923828125
-8174.3017578125
-8608.2216796875
-9014.240234375
-9391.150390625
-9737.7529296875
-10052.8740234375
-10335.3671875
-10584.12890625
-10798.1044921875
-10976.2939453125
-11117.7685546875
-11221.67578125
-11287.24609375
-11313.80859375
-11300.78515625
-11247.716796875
-11154.2509765625
-11020.1611328125
-10845.349609375
-10629.84765625
-10373.82421875
-10077.591796875
-9741.5986328125
-9366.443359375
-8952.869140625
-8501.7646484375
-8014.1640625
-7491.24609375
-6934.3349609375
-6344.890625
-5724.5126953125
-5074.9296875
-4398.005859375
-3695.71875
-2970.1650390625
-2223.556640625
-1458.201171875
-676.505859375
119.033203125
925.8466796875
1741.287109375
2562.650390625
3387.1748046875
4212.0615234375
5034.470703125
5851.5439453125
6660.4033203125
7458.1708984375
8241.96875
9008.9365234375
9756.236328125
10481.0634765625
11180.6591796875
11852.3154296875
12493.3837890625
13101.287109375
13673.529296875
14207.69921875
14701.4833984375
15152.66796875
15559.1513671875
15918.9541015625
16230.21484375
16491.20703125
16700.3388671875
16856.166015625
16957.3857421875
17002.8525390625
16991.57421875
16922.724609375
16795.6337890625
16609.802734375
16364.9013671875
16060.7685546875
15697.416015625
15275.0244140625
14793.951171875
14254.7216796875
13658.0322265625
13004.7470703125
12295.8994140625
11532.6826171875
10716.4482421875
9848.7099609375
8931.125
7965.5009765625
6953.783203125
5898.0517578125
4800.5146484375
3663.49609375
2489.4345703125
1280.873046875
40.4501953125
-1229.109375
-2525.0068359375
-3844.369140625
-5184.2705078125
-6541.7314453125
-7913.73828125
-9297.244140625
-10689.1884765625
-12086.4951171875
-13486.0986328125
-14884.9365234375
-16279.9736328125
-17668.2001953125
-19046.6494140625
-20412.4052734375
-21762.6015625
-23094.4501953125
-24405.2255859375
-25692.2890625
-26953.0888671875
-28185.171875
-29386.177734375
-30553.8603515625
-31686.0810546875
-32780.8154296875
-33836.162109375
-34850.337890625
-35821.6884765625
-36748.68359375
-37629.919921875
-38464.12890625
-39250.1669921875
-39987.017578125
-40673.798828125
-41309.7529296875
-41894.2451171875
-42426.7685546875
-42906.9375
-43334.4833984375
-43709.2509765625
-44031.19921875
-44300.396484375
-44517.015625
-44681.328125
-44793.7041015625
-44854.6064453125
-44864.58984375
-44824.287109375
-44734.41796875
-44595.775390625
-44409.2255859375
-44175.708984375
-43896.22265625
-43571.8369140625
-43203.671875
-42792.912109375
-42340.7900390625
-41848.591796875
-41317.65625
-40749.3623046875
-40145.1416015625
-39506.466796875
-38834.853515625
-38131.8623046875
-37399.08984375
-36638.177734375
-35850.806640625
-35038.6943359375
-34203.6005859375
-33347.32421875
-32471.7001953125
-31578.6025390625
-30669.9443359375
-29747.6748046875
-28813.779296875
-27870.27734375
-26919.2236328125
-25962.7060546875
-25002.845703125
-24041.7861328125
-23081.7021484375
-22124.7900390625
-21173.265625
-20229.3603515625
-19295.3173828125
-18373.3876953125
-17465.818359375
-16574.859375
-15702.7431640625
-14851.6884765625
-14023.8828125
-13221.48828125
-12446.62109375
-11701.3447265625
-10987.6708984375
-10307.5361328125
-9662.806640625
-9055.2529296875
-8486.556640625
-7958.291015625
-7471.908203125
-7028.7412109375
-6629.984375
-6276.6904296875
-5969.7568359375
-5709.921875
-5497.7587890625
-5333.658203125
-5217.8359375
-5150.3173828125
-5130.9384765625
-5159.3388671875
-5234.9619140625
-5357.052734375
-5524.6533203125
-5736.6103515625
-5991.57421875
-6288.001953125
-6624.1591796875
-6998.1337890625
-7407.83203125
-7850.998046875
-8325.2138671875
-8827.916015625
-9356.404296875
-9907.857421875
-10479.341796875
-11067.8330078125
-11670.2265625
-12283.3525390625
-12903.998046875
-13528.9189453125
-14154.86328125
-14778.5810546875
-15396.8515625
-16006.4931640625
-16604.38671875
-17187.4892578125
-17752.8515625
-18297.638671875
-18819.1396484375
-19314.7841796875
-19782.162109375
-20219.0244140625
-20623.30859375
-20993.1396484375
-21326.841796875
-21622.9482421875
-21880.2041015625
-22097.57421875
-22274.244140625
-22409.619140625
-22503.3359375
-22555.2451171875
-22565.419921875
-22534.1455078125
-22461.9169921875
-22349.4287109375
-22197.5703125
-22007.4091796875
-21780.1875
-21517.3037109375
-21220.3046875
-20890.869140625
-20530.7919921875
-20141.970703125
-19726.392578125
-19286.1142578125
-18823.2490234375
-18339.947265625
-17838.3837890625
-17320.744140625
-16789.2001953125
-16245.9072265625
-15692.984375
-15132.4921875
-14566.4365234375
-13996.744140625
-13425.2578125
-12853.71875
-12283.765625
-11716.923828125
-11154.5966796875
-10598.05859375
-10048.455078125
-9506.7958984375
-8973.94921875
-8450.6455078125
-7937.4775390625
-7434.8935546875
-6943.20703125
-6462.591796875
-5993.091796875
-5534.6201171875
-5086.9658203125
-4649.7998046875
-4222.6748046875
-3805.0439453125
-3396.2548828125
-2995.5625
-2602.1376953125
-2215.0732421875
-1833.390625
-1456.048828125
-1081.955078125
-709.9677734375
-338.91015625
32.4248046875
405.2685546875
780.8642578125
1160.4638671875
1545.314453125
1936.658203125
2335.7197265625
2743.701171875
3161.7744140625
3591.078125
4032.7060546875
4487.7021484375
4957.0546875
5441.697265625
5942.4892578125
6460.2197265625
6995.6044921875
7549.2705078125
8121.76171875
8713.5283203125
9324.919921875
9956.1923828125
10607.4892578125
11278.8505859375
11970.1982421875
12681.3447265625
13411.982421875
14161.681640625
14929.892578125
15715.9423828125
16519.0341796875
17338.248046875
18172.5361328125
19020.7333984375
19881.552734375
20753.5869140625
21635.314453125
22525.10546875
23421.2216796875
24321.8232421875
25224.9775390625
26128.6650390625
27030.787109375
27929.173828125
28821.5927734375
29705.7607421875
30579.35546875
31440.0224609375
32285.3896484375
33113.0791015625
33920.71875
34705.95703125
35466.4716796875
36199.9853515625
36904.2802734375
37577.20703125
38216.6962890625
38820.77734375
39387.5810546875
39915.361328125
40402.4921875
40847.490234375
41249.013671875
41605.8759765625
41917.0517578125
42181.6748046875
42399.05859375
42568.6806640625
42690.197265625
42763.4423828125
42788.4208984375
42765.310546875
42694.4609375
42576.388671875
42411.763671875
42201.4130859375
41946.3056640625
41647.5478515625
41306.37109375
40924.1171875
40502.2353515625
40042.263671875
39545.8173828125
39014.576171875
38450.271484375
37854.6728515625
37229.5703125
36576.76953125
35898.0703125
35195.2568359375
34470.0888671875
33724.2861328125
32959.517578125
32177.39453125
31379.4609375
30567.1796875
29741.9404296875
28905.0361328125
28057.671875
27200.9580078125
26335.90625
25463.43359375
24584.3583984375
23699.4072265625
22809.2158203125
21914.333984375
21015.23046875
20112.3037109375
19205.8828125
18296.2412109375
17383.607421875
16468.1708984375
15550.0908203125
14629.5126953125
13706.5771484375
12781.4287109375
11854.2314453125
10925.173828125
9994.4873046875
9062.451171875
8129.40234375
7195.7490234375
6261.9736328125
5328.6435546875
4396.4208984375
3466.056640625
2538.4150390625
1614.455078125
695.2470703125
-218.029296875
-1124.0888671875
-2021.537109375
-2908.8779296875
-3784.51171875
-4646.74609375
-5493.7998046875
-6323.8076171875
-7134.83203125
-7924.87109375
-8691.8681640625
-9433.7236328125
-10148.3056640625
-10833.4599609375
-11487.0283203125
-12106.85546875
-12690.802734375
-13236.7626953125
-13742.6748046875
-14206.5322265625
-14626.3955078125
-15000.4111328125
-15326.8125
-15603.9423828125
-15830.2548828125
-16004.3271484375
-16124.87109375
-16190.736328125
-16200.921875
-16154.5771484375
-16051.0107421875
-15889.69140625
-15670.251953125
-15392.490234375
-15056.3720703125
-14662.021484375
-14209.7333984375
-13699.9541015625
-13133.2919921875
-12510.50390625
-11832.494140625
-11100.3037109375
-10315.107421875
-9478.203125
-8591.0048828125
-7655.0322265625
-6671.90625
-5643.3349609375
-4571.1025390625
-3457.06640625
-2303.140625
-1111.2900390625
116.4736328125
1378.1171875
2671.576171875
3994.7724609375
5345.6220703125
6722.0390625
8121.9423828125
9543.2626953125
10983.9482421875
12441.966796875
13915.3095703125
15401.9990234375
16900.0810546875
18407.6357421875
19922.76953125
21443.625
22968.3681640625
24495.197265625
26022.3369140625
27548.0322265625
29070.55078125
30588.1787109375
32099.212890625
33601.962890625
35094.7421875
36575.8681640625
38043.6552734375
39496.41015625
40932.4365234375
42350.017578125
43747.4306640625
45122.92578125
46474.7421875
47801.0927734375
49100.171875
50370.15234375
51609.1865234375
52815.4072265625
53986.9345703125
55121.87109375
56218.314453125
57274.3583984375
58288.09375
59257.623046875
60181.064453125
61056.55859375
61882.27734375
62656.4326171875
63377.2880859375
64043.1640625
64652.4541015625
65203.6337890625
65695.265625
66126.0146484375
66494.662109375
66800.107421875
67041.3837890625
67217.6669921875
67328.2841796875
67372.72265625
67350.63671875
67261.8525390625
67106.3837890625
66884.4228515625
66596.3544921875
66242.755859375
65824.3974609375
65342.25
64797.470703125
64191.416015625
63525.626953125
62801.83203125
62021.9375
61188.0244140625
60302.3330078125
59367.2626953125
58385.35546875
57359.291015625
56291.861328125
55185.974609375
54044.630859375
52870.90625
51667.9462890625
50438.947265625
49187.134765625
47915.7568359375
46628.0634765625
45327.2900390625
44016.6455078125
42699.294921875
41378.3466796875
40056.8369140625
38737.7158203125
37423.8388671875
36117.951171875
34822.6787109375
33540.51953125
32273.833984375
31024.837890625
29795.5986328125
28588.0283203125
27403.87890625
26244.7470703125
25112.064453125
24007.1005859375
22930.9716796875
21884.6337890625
20868.8935546875
19884.408203125
18931.693359375
18011.134765625
17122.9873046875
16267.392578125
15444.37890625
14653.8779296875
13895.7333984375
13169.7080078125
12475.4951171875
11812.7353515625
11181.0166015625
10579.8916015625
10008.890625
9467.517578125
8955.275390625
8471.6630859375
8016.19140625
7588.384765625
7187.7880859375
6813.97265625
6466.546875
6145.1474609375
5849.4560546875
5579.1875
5334.1015625
5113.9990234375
4918.71484375
4748.123046875
4602.1328125
4480.6826171875
4383.734375
4311.2734375
4263.294921875
4239.802734375
4240.8037109375
4266.294921875
4316.259765625
4390.6572265625
4489.4208984375
4612.44140625
4759.568359375
4930.595703125
5125.255859375
5343.220703125
5584.0830078125
5847.3623046875
6132.4931640625
6438.8251953125
6765.6181640625
7112.0380859375
7477.1630859375
7859.9736328125
8259.3603515625
8674.125
9102.9755859375
9544.5458984375
9997.3837890625
10459.9677734375
10930.7080078125
11407.958984375
11890.0244140625
12375.166015625
12861.6201171875
13347.595703125
13831.2998046875
14310.939453125
14784.734375
15250.935546875
15707.8291015625
16153.7529296875
16587.1064453125
17006.3671875
17410.09375
17796.9453125
18165.685546875
18515.1923828125
18844.4765625
19152.6728515625
19439.0615234375
19703.0654296875
19944.259765625
20162.375
20357.296875
20529.06640625
20677.8857421875
20804.111328125
20908.255859375
20990.9775390625
21053.08203125
21095.5107421875
21119.3388671875
21125.7587890625
21116.076171875
21091.701171875
21054.1298828125
21004.9365234375
20945.763671875
20878.2978515625
20804.267578125
20725.4208984375
20643.517578125
20560.3037109375
20477.509765625
20396.828125
20319.9033203125
20248.3125
20183.556640625
20127.05078125
20080.1025390625
20043.9140625
20019.55859375
20007.982421875
20009.9931640625
20026.2490234375
20057.2587890625
20103.376953125
20164.796875
20241.5517578125
20333.517578125
20440.40625
20561.7763671875
20697.02734375
20845.4130859375
21006.0439453125
21177.8935546875
21359.8037109375
21550.4990234375
21748.59375
21952.6025390625
22160.94921875
22371.982421875
22583.9873046875
22795.1943359375
23003.7939453125
23207.9521484375
23405.818359375
23595.5419921875
23775.2841796875
23943.2255859375
24097.5888671875
24236.634765625
24358.6884765625
24462.138671875
24545.451171875
24607.1806640625
24645.9716796875
24660.5693359375
24649.828125
24612.7119140625
24548.3046875
24455.806640625
24334.5458984375
24183.966796875
24003.6513671875
23793.2978515625
23552.732421875
23281.9091796875
22980.8984375
22649.89453125
22289.2080078125
21899.2607421875
21480.5849609375
21033.818359375
20559.6943359375
20059.046875
19532.7939453125
18981.9453125
18407.58203125
17810.8662109375
17193.0234375
16555.345703125
15899.1826171875
15225.9345703125
14537.0556640625
13834.0380859375
13118.4150390625
12391.755859375
11655.6591796875
10911.751953125
10161.6826171875
9407.119140625
8649.7490234375
7891.2666015625
7133.3818359375
6377.8095703125
5626.265625
4880.4716796875
4142.142578125
3412.9921875
2694.724609375
1989.0322265625
1297.5947265625
622.072265625
-35.8935546875
-674.6865234375
-1292.720703125
-1888.4375
-2460.3193359375
-3006.884765625
-3526.7001953125
-4018.37890625
-4480.5888671875
-4912.0576171875
-5311.57421875
-5677.9970703125
-6010.2548828125
-6307.361328125
-6568.4033203125
-6792.5625
-6979.109375
-7127.4130859375
-7236.939453125
-7307.26171875
-7338.05859375
-7329.125
-7280.3642578125
-7191.796875
-7063.56640625
-6895.931640625
-6689.271484375
-6444.087890625
-6161.0029296875
-5840.7587890625
-5484.2158203125
-5092.3486328125
-4666.2490234375
-4207.119140625
-3716.2646484375
-3195.0966796875
-2645.125
-2067.947265625
-1465.2529296875
-838.806640625
-190.4501953125
477.9111328125
1164.3125
1866.736328125
2583.125
3311.3837890625
4049.3916015625
4795.0126953125
5546.0947265625
6300.4912109375
7056.0615234375
7810.677734375
8562.23828125
9308.673828125
10047.95703125
10778.103515625
11497.1884765625
12203.3447265625
12894.779296875
13569.76953125
14226.677734375
14863.94921875
15480.1259765625
16073.8408203125
16643.8310546875
17188.9384765625
17708.1103515625
18200.4052734375
18664.998046875
19101.173828125
19508.3359375
19886.0048828125
20233.8193359375
20551.5302734375
20839.015625
21096.259765625
21323.3623046875
21520.5400390625
21688.1162109375
21826.5224609375
21936.291015625
22018.056640625
22072.55078125
22100.5947265625
22103.095703125
22081.0390625
22035.4912109375
21967.5849609375
21878.5146484375
21769.533203125
21641.9384765625
21497.076171875
21336.3203125
21161.078125
20972.7724609375
20772.8369140625
20562.7119140625
20343.8291015625
20117.611328125
19885.458984375
19648.7451171875
19408.8056640625
19166.9345703125
18924.375
18682.3134765625
18441.869140625
18204.09375
17969.96484375
17740.3740234375
17516.1337890625
17297.9619140625
17086.484375
16882.232421875
16685.6396484375
16497.0400390625
16316.6708984375
16144.666015625
15981.0654296875
15825.8095703125
15678.7509765625
15539.6474609375
15408.173828125
15283.92578125
15166.41796875
15055.1083984375
14949.384765625
14848.5830078125
14751.998046875
14658.884765625
14568.47265625
14479.97265625
14392.5888671875
14305.5244140625
14217.998046875
14129.2490234375
14038.546875
13945.201171875
13848.5751953125
13748.091796875
13643.2373046875
13533.5810546875
13418.771484375
13298.544921875
13172.7392578125
13041.2919921875
12904.2412109375
12761.73828125
12614.0458984375
12461.5341796875
12304.6884765625
12144.103515625
11980.4873046875
11814.646484375
11647.49609375
11480.0439453125
11313.390625
11148.71875
10987.2900390625
10830.42578125
10679.5087890625
10535.966796875
10401.2666015625
10276.8916015625
10164.3447265625
10065.12109375
9980.7060546875
9912.560546875
9862.1025390625
9830.701171875
9819.662109375
9830.208984375
9863.48046875
9920.5166015625
10002.244140625
10109.466796875
10242.861328125
10402.9599609375
10590.150390625
10804.666015625
11046.578125
11315.794921875
11612.0546875
11934.9248046875
12283.8017578125
12657.90625
13056.291015625
13477.837890625
13921.263671875
14385.125
14867.8203125
15367.603515625
15882.5830078125
16410.7431640625
16949.9404296875
17497.9228515625
18052.33984375
18610.7509765625
19170.64453125
19729.4482421875
20284.541015625
20833.2705078125
21372.96484375
21900.9541015625
22414.5732421875
22911.19140625
23388.212890625
23843.1015625
24273.3896484375
24676.6943359375
25050.7333984375
25393.3291015625
25702.4306640625
25976.123046875
26212.6328125
26410.3427734375
26567.8017578125
26683.7294921875
26757.0244140625
26786.7744140625
26772.2529296875
26712.9326171875
26608.4814453125
26458.767578125
26263.857421875
26024.0205078125
25739.7216796875
25411.6201171875
25040.5693359375
24627.607421875
24173.9541015625
23681.001953125
23150.310546875
22583.5947265625
21982.7236328125
21349.697265625
20686.6484375
19995.8212890625
19279.5654296875
18540.3232421875
17780.609375
17003.01171875
16210.1640625
15404.73828125
14589.4326171875
13766.955078125
12940.01171875
12111.291015625
11283.4501953125
10459.1103515625
9640.8349609375
8831.1181640625
8032.3818359375
7246.955078125
6477.0751953125
5724.86328125
4992.33203125
4281.3642578125
3593.7158203125
2931.00390625
2294.703125
1686.1435546875
1106.5029296875
556.806640625
37.927734375
-449.4169921875
-904.6650390625
-1327.4091796875
-1717.392578125
-2074.5078125
-2398.796875
-2690.4404296875
-2949.7578125
-3177.2041015625
-3373.357421875
-3538.919921875
-3674.7041015625
-3781.634765625
-3860.7333984375
-3913.1142578125
-3939.9765625
-3942.5986328125
-3922.32421875
-3880.5634765625
-3818.7744140625
-3738.4658203125
-3641.1826171875
-3528.5
-3402.01953125
-3263.35546875
-3114.13671875
-2955.9931640625
-2790.5517578125
-2619.4345703125
-2444.25
-2266.587890625
-2088.0126953125
-1910.06640625
-1734.2568359375
-1562.060546875
-1394.9150390625
-1234.2158203125
-1081.3173828125
-937.5302734375
-804.115234375
-682.2861328125
-573.203125
-477.9755859375
-397.66015625
-333.2587890625
-285.7177734375
-255.9248046875
-244.712890625
-252.85546875
-281.0673828125
-330.005859375
-400.26171875
-492.3720703125
-606.80859375
-743.98046875
-904.232421875
-1087.8505859375
-1295.05078125
-1525.98828125
-1780.748046875
-2059.3515625
-2361.75390625
-2687.8408203125
-3037.4296875
-3410.271484375
-3806.0478515625
-4224.3720703125
-4664.787109375
-5126.767578125
-5609.72265625
-6112.9921875
-6635.845703125
-7177.4892578125
-7737.064453125
-8313.6494140625
-8906.25390625
-9513.8349609375
-10135.28515625
-10769.4443359375
-11415.095703125
-12070.96875
-12735.751953125
-13408.0810546875
-14086.55078125
-14769.7197265625
-15456.107421875
-16144.208984375
-16832.482421875
-17519.3720703125
-18203.296875
-18882.6640625
-19555.873046875
-20221.3154296875
-20877.380859375
-21522.46875
-22154.9853515625
-22773.3486328125
-23376.0
-23961.40234375
-24528.048828125
-25074.470703125
-25599.2314453125
-26100.9462890625
-26578.2763671875
-27029.9375
-27454.70703125
-27851.4248046875
-28219.0029296875
-28556.4228515625
-28862.748046875
-29137.125
-29378.787109375
-29587.05859375
-29761.361328125
-29901.2158203125
-30006.24609375
-30076.181640625
-30110.86328125
-30110.2421875
-30074.38671875
-30003.478515625
-29897.822265625
-29757.8369140625
-29584.064453125
-29377.1669921875
-29137.9267578125
-28867.2421875
-28566.130859375
-28235.7255859375
-27877.2705078125
-27492.119140625
-27081.7265625
-26647.6494140625
-26191.5380859375
-25715.125
-25220.228515625
-24708.7353515625
-24182.59765625
-23643.818359375
-23094.4462890625
-22536.5673828125
-21972.283203125
-21403.7158203125
-20832.978515625
-20262.1767578125
-19693.3916015625
-19128.6630859375
-18569.984375
-18019.28515625
-17478.4189453125
-16949.1494140625
-16433.14453125
-15931.9599609375
-15447.025390625
-14979.642578125
-14530.9658203125
-14102.0
-13693.59375
-13306.423828125
-12940.998046875
-12597.6474609375
-12276.5224609375
-11977.5908203125
-11700.6416015625
-11445.27734375
-11210.9208984375
-10996.826171875
-10802.068359375
-10625.5615234375
-10466.06640625
-10322.193359375
-10192.4189453125
-10075.09375
-9968.458984375
-9870.6572265625
-9779.7529296875
-9693.7392578125
-9610.5654296875
-9528.1435546875
-9444.3779296875
-9357.1689453125
-9264.4462890625
-9164.173828125
-9054.376953125
-8933.15234375
-8798.69140625
-8649.296875
-8483.3896484375
-8299.5341796875
-8096.4453125
-7873.0009765625
-7628.2568359375
-7361.4541015625
-7072.021484375
-6759.5927734375
-6424.0009765625
-6065.2861328125
-5683.697265625
-5279.6904296875
-4853.9228515625
-4407.2529296875
-3940.732421875
-3455.6025390625
-2953.2734375
-2435.330078125
-1903.505859375
-1359.671875
-805.8310546875
-244.0888671875
323.3515625
894.2177734375
1466.17578125
2036.8603515625
2603.87890625
3164.84375
3717.388671875
4259.1767578125
4787.9365234375
5301.4638671875
5797.6474609375
6274.48046875
6730.080078125
7162.6962890625
7570.728515625
7952.734375
8307.4375
8633.744140625
8930.734375
9197.6826171875
9434.0517578125
9639.4970703125
9813.86328125
9957.1826171875
10069.6796875
10151.7529296875
10203.9716796875
10227.076171875
10221.955078125
10189.642578125
10131.3056640625
10048.22265625
9941.7802734375
9813.451171875
9664.7802734375
9497.369140625
9312.859375
9112.9130859375
8899.2001953125
8673.384765625
8437.09765625
8191.9345703125
7939.431640625
7681.0546875
7418.1884765625
7152.1171875
6884.021484375
6614.9638671875
6345.880859375
6077.576171875
5810.716796875
5545.82421875
5283.275390625
5023.3017578125
4765.9873046875
4511.271484375
4258.953125
4008.69140625
3760.0224609375
3512.3515625
3264.9765625
3017.0859375
2767.7783203125
2516.0703125
2260.908203125
2001.1865234375
1735.7529296875
1463.43359375
1183.03515625
893.3740234375
593.2763671875
281.6005859375
-42.7470703125
-380.8095703125
-733.55078125
-1101.857421875
-1486.517578125
-1888.216796875
-2307.525390625
-2744.890625
-3200.6357421875
-3674.9423828125
-4167.8583984375
-4679.2861328125
-5208.9873046875
-5756.580078125
-6321.5400390625
-6903.2041015625
-7500.7763671875
-8113.328125
-8739.8095703125
-9379.056640625
-10029.7998046875
-10690.671875
-11360.2236328125
-12036.927734375
-12719.2001953125
-13405.404296875
-14093.87109375
-14782.9052734375
-15470.8046875
-16155.869140625
-16836.41796875
-17510.796875
-18177.3955078125
-18834.6533203125
-19481.07421875
-20115.236328125
-20735.7998046875
-21341.5126953125
-21931.22265625
-22503.8779296875
-23058.5322265625
-23594.3486328125
-24110.603515625
-24606.6806640625
-25082.0751953125
-25536.3935546875
-25969.3408203125
-26380.7275390625
-26770.455078125
-27138.5107421875
-27484.96484375
-27809.958984375
-28113.6904296875
-28396.416015625
-28658.4306640625
-28900.0625
-29121.6552734375
-29323.5712890625
-29506.1650390625
-29669.7841796875
-29814.75390625
-29941.369140625
-30049.888671875
-30140.5234375
-30213.431640625
-30268.712890625
-30306.4013671875
-30326.4658203125
-30328.8056640625
-30313.2470703125
-30279.5478515625
-30227.39453125
-30156.412109375
-30066.15625
-29956.134765625
-29825.794921875
-29674.5537109375
-29501.783203125
-29306.8369140625
-29089.0556640625
-28847.7744140625
-28582.3369140625
-28292.11328125
-27976.50390625
-27634.955078125
-27266.9736328125
-26872.1396484375
-26450.1142578125
-26000.654296875
-25523.6220703125
-25019.0
-24486.8935546875
-23927.5439453125
-23341.3330078125
-22728.791015625
-22090.6005859375
-21427.6025390625
-20740.7900390625
-20031.3212890625
-19300.5078125
-18549.81640625
-17780.8662109375
-16995.4189453125
-16195.37890625
-15382.775390625
-14559.763671875
-13728.60546875
-12891.66015625
-12051.3720703125
-11210.2587890625
-10370.888671875
-9535.873046875
-8707.8525390625
-7889.4677734375
-7083.3583984375
-6292.1328125
-5518.361328125
-4764.5576171875
-4033.1572265625
-3326.5068359375
-2646.8505859375
-1996.30859375
-1376.87109375
-790.3818359375
-238.5244140625
277.18359375
755.404296875
1194.9873046875
1594.9736328125
1954.60546875
2273.3310546875
2550.7998046875
2786.8818359375
2981.646484375
3135.380859375
3248.57421875
3321.927734375
3356.337890625
3352.8994140625
3312.89453125
3237.791015625
3129.2294921875
2989.0126953125
2819.1015625
2621.6005859375
2398.7470703125
2152.8994140625
1886.52734375
1602.1962890625
1302.5537109375
990.318359375
668.2685546875
339.2197265625
6.0234375
-328.458984375
-661.3603515625
-989.8271484375
-1311.033203125
-1622.185546875
-1920.548828125
-2203.4501953125
-2468.2939453125
-2712.5751953125
-2933.890625
-3129.9482421875
-3298.5810546875
-3437.755859375
-3545.583984375
-3620.3310546875
-3660.419921875
-3664.4501953125
-3631.193359375
-3559.607421875
-3448.8359375
-3298.21875
-3107.29296875
-2875.7978515625
-2603.6728515625
-2291.064453125
-1938.3212890625
-1545.998046875
-1114.84375
-645.8134765625
-140.0537109375
401.1015625
976.1337890625
1583.34765625
2220.8837890625
2886.720703125
3578.693359375
4294.498046875
5031.7041015625
5787.7734375
6560.0673828125
7345.865234375
8142.3740234375
8946.75390625
9756.1220703125
10567.57421875
11378.20703125
12185.1240234375
12985.45703125
13776.384765625
14555.1455078125
15319.052734375
16065.513671875
16792.041015625
17496.2705078125
18175.9677734375
18829.046875
19453.578125
20047.8017578125
20610.1328125
21139.171875
21633.712890625
22092.7421875
22515.4541015625
22901.240234375
23249.7001953125
23560.6376953125
23834.0615234375
24070.177734375
24269.392578125
24432.3017578125
24559.6845703125
24652.5
24711.875
24739.091796875
24735.5859375
24702.92578125
24642.806640625
24557.033203125
24447.515625
24316.2412109375
24165.2763671875
23996.744140625
23812.80859375
23615.6689453125
23407.5400390625
23190.640625
22967.1796875
22739.3447265625
22509.2919921875
22279.1298828125
22050.91015625
21826.6240234375
21608.1826171875
21397.416015625
21196.05859375
21005.7529296875
20828.0322265625
20664.322265625
20515.9306640625
20384.052734375
20269.759765625
20173.998046875
20097.5947265625
20041.2490234375
20005.5361328125
19990.908203125
19997.689453125
20026.091796875
20076.201171875
20147.990234375
20241.3203125
20355.943359375
20491.5029296875
20647.544921875
20823.5166015625
21018.7763671875
21232.5927734375
21464.1533203125
21712.5693359375
21976.8779296875
22256.0517578125
22549.001953125
22854.58203125
23171.5986328125
23498.80859375
23834.931640625
24178.6513671875
24528.6220703125
24883.474609375
25241.8193359375
25602.251953125
25963.3603515625
26323.7275390625
26681.9345703125
27036.5703125
27386.232421875
27729.53125
28065.0966796875
28391.5791015625
28707.658203125
29012.0390625
29303.4677734375
29580.7197265625
29842.6171875
30088.0205078125
30315.8408203125
30525.037109375
30714.6181640625
30883.6494140625
31031.2470703125
31156.5888671875
31258.912109375
31337.5048828125
31391.728515625
31420.99609375
31424.78515625
31402.63671875
31354.1533203125
31278.9970703125
31176.892578125
31047.6279296875
30891.0458984375
30707.0517578125
30495.609375
30256.73828125
29990.5166015625
29697.0732421875
29376.5947265625
29029.3154296875
28655.52734375
28255.5654296875
27829.8193359375
27378.7216796875
26902.755859375
26402.4482421875
25878.369140625
25331.134765625
24761.4033203125
24169.8720703125
23557.28515625
22924.427734375
22272.1162109375
21601.2158203125
20912.6259765625
20207.287109375
19486.1748046875
18750.3017578125
18000.720703125
17238.513671875
16464.798828125
15680.7314453125
14887.4931640625
14086.298828125
13278.3916015625
12465.0419921875
11647.544921875
10827.2158203125
10005.396484375
9183.439453125
8362.71875
7544.615234375
6730.5185546875
5921.828125
5119.9443359375
4326.26171875
3542.173828125
2769.06640625
2008.30859375
1261.255859375
529.2451171875
-186.412109375
-884.4326171875
-1563.5576171875
-2222.5703125
-2860.28125
-3475.5458984375
-4067.259765625
-4634.361328125
-5175.8359375
-5690.71484375
-6178.0810546875
-6637.0654296875
-7066.8486328125
-7466.6650390625
-7835.796875
-8173.58203125
-8479.40625
-8752.70703125
-8992.9755859375
-9199.744140625
-9372.6025390625
-9511.1845703125
-9615.1669921875
-9684.279296875
-9718.2900390625
-9717.017578125
-9680.318359375
-9608.09765625
-9500.2998046875
-9356.9150390625
-9177.974609375
-8963.55859375
-8713.787109375
-8428.830078125
-8108.9052734375
-7754.279296875
-7365.275390625
-6942.26171875
-6485.67578125
-5996.005859375
-5473.8115234375
-4919.712890625
-4334.4052734375
-3718.6513671875
-3073.296875
-2399.2666015625
-1697.564453125
-969.2841796875
-215.60546875
562.1962890625
1362.76171875
2184.6318359375
3026.25390625
3885.9814453125
4762.076171875
5652.705078125
6555.947265625
7469.791015625
8392.1455078125
9320.8369140625
10253.6220703125
11188.18359375
12122.15234375
13053.0966796875
13978.546875
14895.99609375
15802.91015625
16696.7412109375
17574.9326171875
18434.94140625
19274.2353515625
20090.3154296875
20880.7236328125
21643.0537109375
22374.9658203125
23074.197265625
23738.572265625
24366.0146484375
24954.5595703125
25502.361328125
26007.705078125
26469.01171875
26884.8505859375
27253.9453125
27575.177734375
27847.595703125
28070.4189453125
28243.03515625
28365.0126953125
28436.09375
28456.19921875
28425.42578125
28344.04296875
28212.4970703125
28031.396484375
27801.51953125
27523.798828125
27199.3203125
26829.3173828125
26415.16015625
25958.349609375
25460.5078125
24923.3701171875
24348.7744140625
23738.6552734375
23095.02734375
22419.984375
21715.6796875
20984.32421875
20228.173828125
19449.521484375
18650.6806640625
17833.9873046875
17001.78125
16156.40234375
15300.1826171875
14435.4365234375
13564.4541015625
12689.494140625
11812.7763671875
10936.478515625
10062.7265625
9193.591796875
8331.087890625
7477.1591796875
6633.6865234375
5802.4736328125
4985.251953125
4183.6748046875
3399.3125
2633.65234375
1888.1005859375
1163.9716796875
462.4951171875
-215.189453125
-868.03125
-1495.06640625
-2095.423828125
-2668.322265625
-3213.068359375
-3729.0546875
-4215.763671875
-4672.76171875
-5099.703125
-5496.3173828125
-5862.4189453125
-6197.8994140625
-6502.724609375
-6776.9326171875
-7020.6298828125
-7233.9873046875
-7417.2421875
-7570.685546875
-7694.6640625
-7789.5732421875
-7855.857421875
-7894.0
-7904.521484375
-7887.9755859375
-7844.9462890625
-7776.037109375
-7681.87890625
-7563.111328125
-7420.388671875
-7254.373046875
-7065.7333984375
-6855.13671875
-6623.251953125
-6370.7421875
-6098.267578125
-5806.478515625
-5496.017578125
-5167.5205078125
-4821.609375
-4458.8994140625
-4079.9970703125
-3685.4990234375
-3275.9990234375
-2852.0859375
-2414.3408203125
-1963.3486328125
-1499.703125
-1023.9921875
-536.8232421875
-38.810546875
469.412109375
987.1962890625
1513.8681640625
2048.7255859375
2591.04296875
3140.0615234375
3694.9853515625
4254.98828125
4819.2021484375
5386.7255859375
5956.61328125
6527.8857421875
7099.5224609375
7670.4677734375
8239.6298828125
8805.8876953125
9368.0888671875
9925.0576171875
10475.59375
11018.4853515625
11552.5087890625
12076.435546875
12589.041015625
13089.10546875
13575.4296875
14046.83203125
14502.166015625
14940.3193359375
15360.2236328125
15760.865234375
16141.2841796875
16500.5888671875
16837.9609375
17152.65234375
17444.001953125
17711.431640625
17954.4560546875
18172.681640625
18365.8095703125
18533.6376953125
18676.0654296875
18793.08203125
18884.7802734375
18951.3447265625
18993.0537109375
19010.2705078125
19003.4462890625
18973.111328125
18919.869140625
18844.3955078125
18747.4208984375
18629.73828125
18492.185546875
18335.6416015625
18161.0166015625
17969.2529296875
17761.30078125
17538.1318359375
17300.7138671875
17050.013671875
16786.990234375
16512.5849609375
16227.71875
15933.287109375
15630.154296875
15319.1513671875
15001.07421875
14676.6787109375
14346.6767578125
14011.74609375
13672.5205078125
13329.587890625
12983.505859375
12634.787109375
12283.9150390625
11931.3349609375
11577.466796875
11222.703125
10867.4169921875
10511.9609375
10156.6748046875
9801.8916015625
9447.93359375
9095.1279296875
8743.796875
8394.2734375
8046.8974609375
7702.0205078125
7360.0029296875
7021.2265625
6686.083984375
6354.982421875
6028.349609375
5706.6220703125
5390.251953125
5079.701171875
4775.4365234375
4477.93359375
4187.6640625
3905.0947265625
3630.6826171875
3364.8701171875
3108.076171875
2860.6962890625
2623.0849609375
2395.564453125
2178.40625
1971.828125
1775.9912109375
1590.9892578125
1416.84765625
1253.517578125
1100.8642578125
958.67578125
826.646484375
704.3837890625
591.4033203125
487.1240234375
390.873046875
301.8837890625
219.2998046875
142.1728515625
69.46875
0.0751953125
-67.201171875
-133.6220703125
-200.5146484375
-269.259765625
-341.2880859375
-418.068359375
-501.09765625
-591.892578125
-691.9775390625
-802.875
-926.08984375
-1063.1025390625
-1215.35546875
-1384.2392578125
-1571.0849609375
-1777.14453125
-2003.5908203125
-2251.4912109375
-2521.8125
-2815.3974609375
-3132.96484375
-3475.0888671875
-3842.201171875
-4234.5771484375
-4652.3291015625
-5095.40234375
-5563.5673828125
-6056.412109375
-6573.349609375
-7113.6025390625
-7676.2119140625
-8260.0283203125
-8863.7197265625
-9485.7724609375
-10124.48828125
-10777.9970703125
-11444.2509765625
-12121.046875
-12806.0185546875
-13496.654296875
-14190.30078125
-14884.177734375
-15575.38671875
-16260.9248046875
-16937.701171875
-17602.5390625
-18252.2041015625
-18883.4140625
-19492.8486328125
-20077.177734375
-20633.0654296875
-21157.1962890625
-21646.287109375
-22097.103515625
-22506.482421875
-22871.3447265625
-23188.7109375
-23455.720703125
-23669.6494140625
-23827.921875
-23928.1240234375
-23968.025390625
-23945.587890625
-23858.9775390625
-23706.5791015625
-23487.0068359375
-23199.109375
-22841.984375
-22414.986328125
-21917.7255859375
-21350.0791015625
-20712.19140625
-20004.4794921875
-19227.630859375
-18382.6015625
-17470.6201171875
-16493.173828125
-15452.0146484375
-14349.146484375
-13186.818359375
-11967.517578125
-10693.9580078125
-9369.06640625
-7995.9755859375
-6578.009765625
-5118.6640625
-3621.5966796875
-2090.609375
-529.6337890625
1057.2890625
2666.0263671875
4292.3681640625
5932.048828125
7580.7578125
9234.169921875
10887.9560546875
12537.798828125
14179.4140625
15808.5703125
17421.1005859375
19012.919921875
20580.041015625
22118.5908203125
23624.8232421875
25095.1298828125
26526.0556640625
27914.3115234375
29256.779296875
30550.5244140625
31792.806640625
32981.08203125
34113.0146484375
35186.4775390625
36199.5625
37150.5732421875
38038.0439453125
38860.7236328125
39617.5869140625
40307.83203125
40930.8779296875
41486.3623046875
41974.140625
42394.283203125
42747.0634765625
43032.96484375
43252.6669921875
43407.041015625
43497.146484375
43524.21875
43489.66796875
43395.0654296875
43242.1376953125
43032.759765625
42768.9423828125
42452.826171875
42086.669921875
41672.841796875
41213.810546875
40712.134765625
40170.4501953125
39591.4619140625
38977.9384765625
38332.689453125
37658.5703125
36958.45703125
36235.244140625
35491.8349609375
34731.12890625
33956.005859375
33169.330078125
32373.921875
31572.5615234375
30767.9794921875
29962.8359375
29159.72265625
28361.1494140625
27569.5341796875
26787.201171875
26016.369140625
25259.142578125
24517.505859375
23793.326171875
23088.3310546875
22404.12109375
21742.1513671875
21103.73828125
20490.05078125
19902.1123046875
19340.7939453125
18806.8193359375
18300.76171875
17823.0439453125
17373.9404296875
16953.5810546875
16561.951171875
16198.8974609375
15864.1279296875
15557.224609375
15277.6376953125
15024.6982421875
14797.623046875
14595.5224609375
14417.4033203125
14262.1806640625
14128.6806640625
14015.6513671875
13921.771484375
13845.654296875
13785.861328125
13740.9033203125
13709.2529296875
13689.3544921875
13679.6240234375
13678.46484375
13684.267578125
13695.423828125
13710.3310546875
13727.3935546875
13745.03515625
13761.701171875
13775.865234375
13786.0361328125
13790.7548828125
13788.607421875
13778.2265625
13758.2890625
13727.52734375
13684.7275390625
13628.734375
13558.4482421875
13472.833984375
13370.9189453125
13251.794921875
13114.6220703125
12958.6240234375
12783.095703125
12587.3984375
12370.9697265625
12133.3115234375
11874.00390625
11592.6962890625
11289.111328125
10963.044921875
10614.375
10243.0419921875
9849.078125
9432.576171875
8993.720703125
8532.759765625
8050.03125
7545.94140625
7020.98046875
6475.7158203125
5910.787109375
5326.916015625
4724.8974609375
4105.6025390625
3469.9755859375
2819.0341796875
2153.861328125
1475.6123046875
785.505859375
84.8193359375
-625.107421875
-1342.8837890625
-2067.0673828125
-2796.169921875
-3528.666015625
-4262.9912109375
-4997.5556640625
-5730.744140625
-6460.92578125
-7186.4560546875
-7905.693359375
-8616.9931640625
-9318.7265625
-10009.275390625
-10687.0537109375
-11350.5029296875
-11998.1025390625
-12628.3798828125
-13239.9150390625
-13831.341796875
-14401.3642578125
-14948.75390625
-15472.359375
-15971.111328125
-16444.021484375
-16890.1953125
-17308.826171875
-17699.2080078125
-18060.7275390625
-18392.875
-18695.236328125
-18967.5009765625
-19209.455078125
-19420.98828125
-19602.083984375
-19752.8203125
-19873.3701171875
-19963.99609375
-20025.04296875
-20056.9375
-20060.18359375
-20035.3583984375
-19983.09765625
-19904.103515625
-19799.1298828125
-19668.98046875
-19514.494140625
-19336.552734375
-19136.0625
-18913.9541015625
-18671.1748046875
-18408.68359375
-18127.439453125
-17828.41015625
-17512.55078125
-17180.8095703125
-16834.1220703125
-16473.3994140625
-16099.5390625
-15713.41015625
-15315.85546875
-14907.6923828125
-14489.7041015625
-14062.646484375
-13627.2431640625
-13184.1875
-12734.1435546875
-12277.7470703125
-11815.60546875
-11348.3017578125
-10876.396484375
-10400.4296875
-9920.9248046875
-9438.3916015625
-8953.3291015625
-8466.2294921875
-7977.5791015625
-7487.8681640625
-6997.5849609375
-6507.2294921875
-6017.3095703125
-5528.3427734375
-5040.8662109375
-4555.4296875
-4072.607421875
-3592.9892578125
-3117.19140625
-2645.84765625
-2179.6181640625
-1719.1806640625
-1265.2353515625
-818.501953125
-379.712890625
50.3798828125
471.021484375
881.4453125
1280.8857421875
1668.5791015625
2043.7724609375
2405.7275390625
2753.720703125
3087.0634765625
3405.0947265625
3707.1962890625
3992.7958984375
4261.3759765625
4512.4775390625
4745.7109375
4960.7587890625
5157.380859375
5335.4267578125
5494.830078125
5635.6240234375
5757.9375
5862.0029296875
5948.154296875
6016.8349609375
6068.5927734375
6104.0849609375
6124.07421875
6129.4228515625
6121.1015625
6100.17578125
6067.8017578125
6025.2294921875
5973.7841796875
5914.8662109375
5849.9443359375
5780.54296875
5708.2314453125
5634.62109375
5561.3447265625
5490.052734375
5422.404296875
5360.0419921875
5304.595703125
5257.6630859375
5220.796875
5195.4990234375
5183.2001953125
5185.2578125
5202.9453125
5237.435546875
5289.7958984375
5360.984375
5451.833984375
5563.0498046875
5695.2080078125
5848.7470703125
6023.9619140625
6221.0078125
6439.8974609375
6680.5
6942.544921875
7225.6162109375
7529.1708984375
7852.5322265625
8194.8935546875
8555.337890625
8932.830078125
9326.236328125
9734.32421875
10155.783203125
10589.220703125
11033.1826171875
11486.1591796875
11946.5986328125
12412.9150390625
12883.5
13356.728515625
13830.9794921875
14304.6328125
14776.087890625
15243.7646484375
15706.1201171875
16161.64453125
16608.8740234375
17046.396484375
17472.85546875
17886.9482421875
18287.43359375
18673.138671875
19042.9423828125
19395.7958984375
19730.705078125
20046.7431640625
20343.0341796875
20618.759765625
20873.15234375
21105.4912109375
21315.0966796875
21501.3291015625
21663.5810546875
21801.2705078125
21913.8427734375
22000.755859375
22061.4873046875
22095.51953125
22102.34375
22081.455078125
22032.345703125
21954.5087890625
21847.4345703125
21710.6103515625
21543.5224609375
21345.6552734375
21116.494140625
20855.53125
20562.2705078125
20236.22265625
19876.9248046875
19483.9365234375
19056.85546875
18595.3173828125
18099.0068359375
17567.669921875
17001.12109375
16399.25
15762.0322265625
15089.544921875
14381.9658203125
13639.5908203125
12862.837890625
12052.2578125
11208.5439453125
10332.533203125
9425.216796875
8487.744140625
7521.4296875
6527.751953125
5508.3564453125
4465.0595703125
3399.8427734375
2314.859375
1212.4189453125
94.9921875
-1034.7958984375
-2174.1787109375
-3320.248046875
-4469.9755859375
-5620.2119140625
-6767.7080078125
-7909.1220703125
-9041.0361328125
-10159.9755859375
-11262.4169921875
-12344.8125
-13403.59765625
-14435.2216796875
-15436.1533203125
-16402.9033203125
-17332.0458984375
-18220.23046875
-19064.2041015625
-19860.82421875
-20607.080078125
-21300.103515625
-21937.1884765625
-22515.8037109375
-23033.607421875
-23488.455078125
-23878.4140625
-24201.775390625
-24457.0576171875
-24643.0185546875
-24758.6552734375
-24803.21484375
-24776.193359375
-24677.3369140625
-24506.64453125
-24264.36328125
-23950.9853515625
-23567.2509765625
-23114.12890625
-22592.822265625
-22004.75390625
-21351.5576171875
-20635.068359375
-19857.3115234375
-19020.4873046875
-18126.9619140625
-17179.2509765625
-16180.0048828125
-15131.9921875
-14038.091796875
-12901.2666015625
-11724.55859375
-10511.060546875
-9263.9150390625
-7986.2822265625
-6681.3466796875
-5352.27734375
-4002.2353515625
-2634.3427734375
-1251.685546875
142.7109375
1545.88671875
2954.958984375
4367.1328125
5779.70703125
7190.083984375
8595.771484375
9994.39453125
11383.693359375
12761.5263671875
14125.87890625
15474.8515625
16806.6748046875
18119.69140625
19412.3623046875
20683.2685546875
21931.091796875
23154.626953125
24352.7578125
25524.46484375
26668.8134765625
27784.943359375
28872.0634765625
29929.44140625
30956.400390625
31952.3056640625
32916.5537109375
33848.572265625
34747.8076171875
35613.71484375
36445.751953125
37243.3779296875
38006.0390625
38733.1708984375
39424.1845703125
40078.4775390625
40695.4130859375
41274.333984375
41814.5498046875
42315.3447265625
42775.9755859375
43195.6728515625
43573.6455078125
43909.0859375
44201.171875
44449.072265625
44651.9580078125
44809.0029296875
44919.3984375
44982.3564453125
44997.1201171875
44962.9736328125
44879.2548828125
44745.359375
44560.755859375
44324.9892578125
44037.69921875
43698.6220703125
43307.6015625
42864.6025390625
42369.7138671875
41823.1494140625
41225.271484375
40576.58203125
39877.7294921875
39129.5166015625
38332.8994140625
37488.9921875
36599.0625
35664.5341796875
34686.9814453125
33668.1318359375
32609.85546875
31514.1591796875
30383.189453125
29219.208984375
28024.6025390625
26801.859375
25553.5654296875
24282.3935546875
22991.0830078125
21682.4423828125
20359.3271484375
19024.626953125
17681.25390625
16332.1328125
14980.181640625
13628.306640625
12279.3828125
10936.24609375
9601.6796875
8278.404296875
6969.06640625
5676.2294921875
4402.365234375
3149.84765625
1920.939453125
717.794921875
-457.552734375
-1603.1923828125
-2717.337890625
-3798.33203125
-4844.64453125
-5854.876953125
-6827.7578125
-7762.1474609375
-8657.0283203125
-9511.5087890625
-10324.814453125
-11096.29296875
-11825.39453125
-12511.685546875
-13154.8291015625
-13754.587890625
-14310.814453125
-14823.451171875
-15292.5146484375
-15718.1005859375
-16100.375
-16439.568359375
-16735.9677734375
-16989.921875
-17201.8271484375
-17372.1240234375
-17501.3046875
-17589.89453125
-17638.4619140625
-17647.6064453125
-17617.96484375
-17550.203125
-17445.017578125
-17303.1376953125
-17125.3173828125
-16912.3427734375
-16665.0224609375
-16384.19921875
-16070.7353515625
-15725.5283203125
-15349.498046875
-14943.59375
-14508.7900390625
-14046.08984375
-13556.5205078125
-13041.134765625
-12501.009765625
-11937.248046875
-11350.970703125
-10743.318359375
-10115.453125
-9468.548828125
-8803.7939453125
-8122.388671875
-7425.53515625
-6714.447265625
-5990.33203125
-5254.396484375
-4507.841796875
-3751.857421875
-2987.6201171875
-2216.2880859375
-1439.0
-656.8681640625
129.017578125
917.603515625
1707.865234375
2498.810546875
3289.4873046875
4078.9794921875
4866.408203125
5650.9365234375
6431.7607421875
7208.1201171875
7979.2890625
8744.5771484375
9503.3251953125
10254.908203125
10998.7265625
11734.205078125
12460.7900390625
13177.9423828125
13885.13671875
14581.8564453125
15267.5859375
15941.810546875
16604.0068359375
17253.6435546875
17890.173828125
18513.03125
19121.6259765625
19715.3427734375
20293.5361328125
20855.529296875
21400.609375
21928.0283203125
22437.001953125
22926.70703125
23396.287109375
23844.8447265625
24271.4541015625
24675.1533203125
25054.951171875
25409.837890625
25738.779296875
26040.7255859375
26314.619140625
26559.3955078125
26773.9990234375
26957.380859375
27108.5107421875
27226.3818359375
27310.0234375
27358.5048828125
27370.9423828125
27346.5126953125
27284.453125
27184.0791015625
27044.7783203125
26866.0302734375
26647.4072265625
26388.578125
26089.3173828125
25749.5068359375
25369.1435546875
24948.33984375
24487.3271484375
23986.4541015625
23446.197265625
22867.1494140625
22250.02734375
21595.6640625
20905.0107421875
20179.1328125
19419.2041015625
18626.50390625
17802.412109375
16948.3984375
16066.0244140625
15156.927734375
14222.8193359375
13265.4765625
12286.728515625
11288.4560546875
10272.5771484375
9241.041015625
8195.8154296875
7138.884765625
6072.2373046875
4997.8564453125
3917.7138671875
2833.76171875
1747.9267578125
662.1005859375
-421.8623046875
-1502.158203125
-2577.029296875
-3644.7724609375
-4703.7470703125
-5752.375
-6789.140625
-7812.5966796875
-8821.365234375
-9814.1396484375
-10789.677734375
-11746.8095703125
-12684.435546875
-13601.51953125
-14497.0927734375
-15370.248046875
-16220.1376953125
-17045.9697265625
-17847.01171875
-18622.572265625
-19372.0146484375
-20094.7412109375
-20790.1923828125
-21457.8447265625
-22097.208984375
-22707.8173828125
-23289.232421875
-23841.0322265625
-24362.818359375
-24854.203125
-25314.8134765625
-25744.2880859375
-26142.2705078125
-26508.4169921875
-26842.388671875
-27143.8505859375
-27412.4765625
-27647.9453125
-27849.9462890625
-28018.171875
-28152.328125
-28252.1328125
-28317.314453125
-28347.625
-28342.82421875
-28302.7080078125
-28227.08984375
-28115.8115234375
-27968.75390625
-27785.830078125
-27566.9931640625
-27312.2451171875
-27021.626953125
-26695.2412109375
-26333.23828125
-25935.8291015625
-25503.2861328125
-25035.9482421875
-24534.21484375
-23998.5615234375
-23429.5302734375
-22827.7373046875
-22193.875
-21528.7041015625
-20833.0654296875
-20107.875
-19354.1181640625
-18572.8564453125
-17765.224609375
-16932.4208984375
-16075.7158203125
-15196.4443359375
-14295.9970703125
-13375.826171875
-12437.43359375
-11482.3720703125
-10512.234375
-9528.6533203125
-8533.294921875
-7527.84765625
-6514.0234375
-5493.546875
-4468.15234375
-3439.5712890625
-2409.53125
-1379.74609375
-351.9130859375
672.2978515625
1691.25390625
2703.35546875
3707.0537109375
4700.8486328125
5683.2998046875
6653.029296875
7608.73046875
8549.1708984375
9473.1982421875
10379.73828125
11267.8115234375
12136.525390625
12985.08203125
13812.7783203125
14619.0146484375
15403.287109375
16165.1943359375
16904.4326171875
17620.8017578125
18314.203125
18984.6328125
19632.1845703125
20257.046875
20859.49609375
21439.8994140625
21998.703125
22536.4306640625
23053.681640625
23551.1162109375
24029.458984375
24489.4873046875
24932.0224609375
25357.9267578125
25768.091796875
26163.4326171875
26544.8798828125
26913.3701171875
27269.8369140625
27615.205078125
27950.375
28276.2294921875
28593.603515625
28903.298828125
29206.05859375
29502.568359375
29793.44921875
30079.24609375
30360.42578125
30637.37109375
30910.376953125
31179.638671875
31445.2568359375
31707.2314453125
31965.4599609375
32219.7333984375
32469.7421875
32715.0673828125
32955.193359375
33189.498046875
33417.2646484375
33637.681640625
33849.8525390625
34052.7919921875
34245.44140625
34426.6728515625
34595.296875
34750.0703125
34889.7060546875
35012.88671875
35118.26953125
35204.4990234375
35270.2197265625
35314.0869140625
35334.7783203125
35331.0009765625
35301.509765625
35245.119140625
35160.708984375
35047.236328125
34903.7509765625
34729.4013671875
34523.44921875
34285.2685546875
34014.3642578125
33710.37890625
33373.0869140625
33002.4228515625
32598.458984375
32161.4345703125
31691.7392578125
31189.927734375
30656.7109375
30092.958984375
29499.70703125
28878.1357421875
28229.583984375
27555.53125
26857.6015625
26137.5498046875
25397.255859375
24638.716796875
23864.03515625
23075.412109375
22275.1328125
21465.5546875
20649.1015625
19828.240234375
19005.48046875
18183.3505859375
17364.396484375
16551.154296875
15746.1513671875
14951.8837890625
14170.810546875
13405.3359375
12657.8037109375
11930.48046875
11225.5478515625
10545.095703125
9891.1083984375
9265.45703125
8669.89453125
8106.0478515625
7575.4111328125
7079.34375
6619.064453125
6195.646484375
5810.01953125
5462.966796875
5155.1259765625
4886.9833984375
4658.88671875
4471.03515625
4323.4931640625
4216.185546875
4148.908203125
4121.326171875
4132.982421875
4183.310546875
4271.6240234375
4397.142578125
4558.982421875
4756.169921875
4987.6533203125
5252.2998046875
5548.912109375
5876.2265625
6232.9296875
6617.658203125
7029.0048828125
7465.529296875
7925.763671875
8408.2158203125
8911.375
9433.7197265625
9973.7177734375
10529.8359375
11100.5400390625
11684.3017578125
12279.59765625
12884.9140625
13498.7509765625
14119.6240234375
14746.060546875
15376.611328125
16009.8408203125
16644.3369140625
17278.705078125
17911.57421875
18541.5888671875
19167.423828125
19787.765625
20401.326171875
21006.841796875
21603.0634765625
22188.7685546875
22762.7509765625
23323.830078125
23870.841796875
24402.6484375
24918.12890625
25416.19140625
25895.763671875
26355.7978515625
26795.2734375
27213.1962890625
27608.6015625
27980.5556640625
28328.1591796875
28650.544921875
28946.8876953125
29216.3994140625
29458.33984375
29672.013671875
29856.7783203125
30012.0400390625
30137.2685546875
30231.9912109375
30295.80078125
30328.3603515625
30329.4033203125
30298.7412109375
30236.267578125
30141.9521484375
30015.859375
29858.1376953125
29669.03515625
29448.890625
29198.1416015625
28917.328125
28607.0947265625
28268.18359375
27901.443359375
27507.8330078125
27088.408203125
26644.3359375
26176.880859375
25687.412109375
25177.3984375
24648.4013671875
24102.078125
23540.1748046875
22964.5146484375
22377.0078125
21779.626953125
21174.4189453125
20563.48046875
19948.9619140625
19333.0517578125
18717.9765625
18105.9775390625
17499.314453125
16900.2470703125
16311.0244140625
15733.8798828125
15171.0126953125
14624.5830078125
14096.6962890625
13589.3916015625
13104.6318359375
12644.29296875
12210.150390625
11803.87109375
11427.0029296875
11080.9599609375
10767.0205078125
10486.3134765625
10239.80859375
10028.31640625
9852.4736328125
9712.7412109375
9609.4033203125
9542.552734375
9512.1015625
9517.771484375
9559.09375
9635.412109375
9745.8857421875
9889.4873046875
10065.01171875
10271.08203125
10506.1494140625
10768.509765625
11056.3037109375
11367.533203125
11700.0654296875
12051.65234375
12419.93359375
12802.4560546875
13196.68359375
13600.0146484375
14009.7939453125
14423.3291015625
14837.8994140625
15250.78125
15659.2587890625
16060.6298828125
16452.240234375
16831.4765625
17195.7958984375
17542.7294921875
17869.9033203125
18175.0419921875
18455.986328125
18710.7021484375
18937.2841796875
19133.970703125
19299.1484375
19431.357421875
19529.296875
19591.8291015625
19617.9775390625
19606.935546875
19558.0595703125
19470.8720703125
19345.0546875
19180.451171875
18977.0576171875
18735.0205078125
18454.6259765625
18136.2978515625
17780.587890625
17388.166015625
16959.8154296875
16496.41796875
15998.9482421875
15468.4609375
14906.0859375
14313.015625
13690.4912109375
13039.80078125
12362.2646484375
11659.2314453125
10932.0615234375
10182.1298828125
9410.810546875
8619.4755859375
7809.486328125
6982.1923828125
6138.9208984375
5280.9794921875
4409.65234375
3526.1982421875
2631.84765625
1727.8046875
815.25
-104.6591796875
-1030.7939453125
-1962.041015625
-2897.3037109375
-3835.501953125
-4775.5625
-5716.4208984375
-6657.0107421875
-7596.2685546875
-8533.12109375
-9466.4892578125
-10395.2744140625
-11318.3681640625
-12234.63671875
-13142.9287109375
-14042.0654296875
-14930.8447265625
-15808.0380859375
-16672.3916015625
-17522.626953125
-18357.4423828125
-19175.513671875
-19975.5009765625
-20756.0478515625
-21515.7900390625
-22253.3583984375
-22967.384765625
-23656.5087890625
-24319.3857421875
-24954.6904296875
-25561.130859375
-26137.4501953125
-26682.439453125
-27194.939453125
-27673.8583984375
-28118.1728515625
-28526.9365234375
-28899.2890625
-29234.466796875
-29531.80078125
-29790.7294921875
-30010.8046875
-30191.69140625
-30333.1748046875
-30435.1640625
-30497.6904296875
-30520.9140625
-30505.1181640625
-30450.7138671875
-30358.234375
-30228.3330078125
-30061.7802734375
-29859.4599609375
-29622.3603515625
-29351.5751953125
-29048.287109375
-28713.7626953125
-28349.353515625
-27956.4736328125
-27536.59765625
-27091.2509765625
-26622.0
-26130.4384765625
-25618.1806640625
-25086.8564453125
-24538.087890625
-23973.49609375
-23394.681640625
-22803.216796875
-22200.64453125
-21588.4619140625
-20968.119140625
-20341.0107421875
-19708.474609375
-19071.7802734375
-18432.130859375
-17790.658203125
-17148.419921875
-16506.396484375
-15865.498046875
-15226.55078125
-14590.314453125
-13957.466796875
-13328.6201171875
-12704.3134765625
-12085.0185546875
-11471.1435546875
-10863.0390625
-10260.9970703125
-9665.2548828125
-9076.00390625
-8493.3896484375
-7917.515625
-7348.4482421875
-6786.22265625
-6230.837890625
-5682.26953125
-5140.46875
-4605.361328125
-4076.8544921875
-3554.8359375
-3039.17578125
-2529.7255859375
-2026.3251953125
-1528.7958984375
-1036.94140625
-550.5498046875
-69.396484375
406.7646484375
878.197265625
1345.1826171875
1808.0234375
2267.037109375
2722.5673828125
3174.9755859375
3624.642578125
4071.974609375
4517.388671875
4961.326171875
5404.2412109375
5846.60546875
6288.896484375
6731.60546875
7175.22265625
7620.2431640625
8067.1513671875
8516.4267578125
8968.5302734375
9423.90234375
9882.9541015625
10346.0625
10813.5634765625
11285.74609375
11762.8427734375
12245.0224609375
12732.390625
13224.9765625
13722.728515625
14225.51171875
14733.1015625
15245.1767578125
15761.3251953125
16281.029296875
16803.673828125
17328.544921875
17854.8232421875
18381.5947265625
18907.84765625
19432.4794921875
19954.2998046875
20472.0361328125
20984.345703125
21489.814453125
21986.9794921875
22474.3251953125
22950.3017578125
23413.3388671875
23861.849609375
24294.251953125
24708.9775390625
25104.4833984375
25479.2724609375
25831.8984375
26160.984375
26465.23828125
26743.4580078125
26994.55078125
27217.541015625
27411.583984375
27575.9697265625
27710.1416015625
27813.6923828125
27886.3798828125
27928.12890625
27939.033203125
27919.359375
27869.548828125
27790.216796875
27682.1474609375
27546.294921875
27383.7724609375
27195.8544921875
26983.9619140625
26749.6513671875
26494.6162109375
26220.6611328125
25929.7021484375
25623.740234375
25304.86328125
24975.21875
24636.998046875
24292.43359375
23943.7685546875
23593.2509765625
23243.10546875
22895.5361328125
22552.689453125
22216.6552734375
21889.443359375
21572.97265625
21269.0556640625
20979.3837890625
20705.525390625
20448.900390625
20210.78125
19992.2783203125
19794.333984375
19617.720703125
19463.025390625
19330.6552734375
19220.828125
19133.5732421875
19068.7333984375
19025.9599609375
19004.7216796875
19004.298828125
19023.794921875
19062.1376953125
19118.0849609375
19190.236328125
19277.0322265625
19376.7724609375
19487.6171875
19607.6015625
19734.6494140625
19866.572265625
20001.0947265625
20135.861328125
20268.447265625
20396.3759765625
20517.125
20628.150390625
20726.8896484375
20810.783203125
20877.28125
20923.865234375
20948.060546875
20947.4404296875
20919.65625
20862.4365234375
20773.6083984375
20651.109375
20492.9970703125
20297.4619140625
20062.84765625
19787.6494140625
19470.537109375
19110.353515625
18706.1376953125
18257.12109375
17762.7451171875
17222.6630859375
16636.748046875
16005.099609375
15328.0458984375
14606.150390625
13840.208984375
13031.2568359375
12180.5634765625
11289.6328125
10360.201171875
9394.2333984375
8393.9130859375
7361.6416015625
6300.0263671875
5211.8720703125
4100.16796875
2968.0810546875
1818.9306640625
656.19140625
-516.5380859375
-1695.55078125
-2877.0361328125
-4057.115234375
-5231.8515625
-6397.2724609375
-7549.390625
-8684.2294921875
-9797.837890625
-10886.314453125
-11945.833984375
-12972.662109375
-13963.1787109375
-14913.9033203125
-15821.5068359375
-16682.837890625
-17494.9375
-18255.056640625
-18960.673828125
-19609.5078125
-20199.5302734375
-20728.98046875
-21196.369140625
-21600.4951171875
-21940.4404296875
-22215.5830078125
-22425.59765625
-22570.451171875
-22650.408203125
-22666.01953125
-22618.1259765625
-22507.837890625
-22336.5390625
-22105.87109375
-21817.7138671875
-21474.181640625
-21077.6025390625
-20630.5
-20135.578125
-19595.7001953125
-19013.875
-18393.2216796875
-17736.9697265625
-17048.41796875
-16330.9248046875
-15587.884765625
-14822.7021484375
-14038.78125
-13239.4931640625
-12428.1650390625
-11608.05859375
-10782.353515625
-9954.12890625
-9126.34765625
-8301.845703125
-7483.3203125
-6673.3095703125
-5874.193359375
-5088.1806640625
-4317.3017578125
-3563.408203125
-2828.1630859375
-2113.0458984375
-1419.345703125
-748.1708984375
-100.4423828125
523.0947265625
1121.87109375
1695.4794921875
2243.677734375
2766.3662109375
3263.5908203125
3735.525390625
4182.462890625
4604.802734375
5003.041015625
5377.7578125
5729.5986328125
6059.275390625
6367.5380859375
6655.1728515625
6922.9931640625
7171.8134765625
7402.4560546875
7615.7275390625
7812.416015625
7993.279296875
8159.0361328125
8310.359375
8447.8740234375
8572.142578125
8683.6689453125
8782.8857421875
8870.162109375
8945.7919921875
9009.9951171875
9062.9228515625
9104.65234375
9135.189453125
9154.4716796875
9162.3720703125
9158.69921875
9143.2080078125
9115.59765625
9075.5234375
9022.595703125
8956.39453125
8876.46875
8782.3447265625
8673.5419921875
8549.568359375
8409.93359375
8254.158203125
8081.78125
7892.361328125
7685.4931640625
7460.8076171875
7217.9833984375
6956.751953125
6676.904296875
6378.2939453125
6060.849609375
5724.5732421875
5369.5517578125
4995.951171875
4604.0322265625
4194.1435546875
3766.73046875
3322.3330078125
2861.58984375
2385.2373046875
1894.1083984375
1389.1337890625
871.33984375
341.8447265625
-198.1416015625
-747.32421875
-1304.3251953125
-1867.6875
-2435.88671875
-3007.3271484375
-3580.357421875
-4153.2734375
-4724.3271484375
-5291.734375
-5853.6845703125
-6408.3466796875
-6953.8837890625
-7488.4580078125
-8010.2392578125
-8517.421875
-9008.2265625
-9480.9140625
-9933.7958984375
-10365.2431640625
-10773.6923828125
-11157.66015625
-11515.7490234375
-11846.6533203125
-12149.171875
-12422.2109375
-12664.7939453125
-12876.0654296875
-13055.296875
-13201.8876953125
-13315.3759765625
-13395.43359375
-13441.8740234375
-13454.64453125
-13433.8369140625
-13379.6806640625
-13292.5380859375
-13172.91015625
-13021.421875
-12838.826171875
-12625.9970703125
-12383.9208984375
-12113.6875
-11816.4921875
-11493.61328125
-11146.41796875
-10776.341796875
-10384.88671875
-9973.6044921875
-9544.095703125
-9097.9892578125
-8636.9384765625
-8162.609375
-7676.6728515625
-7180.787109375
-6676.5986328125
-6165.7255859375
-5649.75
-5130.212890625
-4608.603515625
-4086.3515625
-3564.82421875
-3045.3134765625
-2529.041015625
-2017.146484375
-1510.6845703125
-1010.625
-517.8486328125
-33.1455078125
442.7822265625
909.3251953125
1365.962890625
1812.2607421875
2247.8720703125
2672.5302734375
3086.052734375
3488.330078125
3879.3232421875
4259.0673828125
4627.6513671875
4985.23046875
5332.0087890625
5668.23828125
5994.2158203125
6310.2734375
6616.775390625
6914.1162109375
7202.70703125
7482.984375
7755.390625
8020.3798828125
8278.4111328125
8529.943359375
8775.435546875
9015.337890625
9250.091796875
9480.1298828125
9705.869140625
9927.712890625
10146.04296875
10361.224609375
10573.603515625
10783.5009765625
10991.2138671875
11197.0205078125
11401.166015625
11603.876953125
11805.3486328125
12005.75
12205.22265625
12403.87890625
12601.80078125
12799.0419921875
12995.6220703125
13191.5341796875
13386.7314453125
13581.1376953125
13774.646484375
13967.111328125
14158.3525390625
14348.15625
14536.2685546875
14722.404296875
14906.2373046875
15087.40625
15265.5146484375
15440.1279296875
15610.7802734375
15776.96875
15938.1611328125
16093.7890625
16243.26171875
16385.9599609375
16521.2412109375
16648.4423828125
16766.888671875
16875.8896484375
16974.7470703125
17062.765625
17139.244140625
17203.4970703125
17254.84765625
17292.642578125
17316.2529296875
17325.08203125
17318.568359375
17296.201171875
17257.515625
17202.1044921875
17129.625
17039.8037109375
16932.4365234375
16807.4013671875
16664.6591796875
16504.2587890625
16326.33984375
16131.1328125
15918.96875
15690.2705078125
15445.56640625
15185.4775390625
14910.728515625
14622.1357421875
14320.6123046875
14007.1640625
13682.8857421875
13348.9521484375
13006.6240234375
12657.23046875
12302.1689453125
11942.9033203125
11580.9443359375
11217.8544921875
10855.23046875
10494.7041015625
10137.9267578125
9786.5654296875
9442.2880859375
9106.7666015625
8781.654296875
8468.5888671875
8169.1787109375
7884.998046875
7617.5771484375
7368.39453125
7138.87890625
6930.3916015625
6744.2255859375
6581.607421875
6443.6796875
6331.51171875
6246.083984375
6188.296875
6158.9599609375
6158.796875
6188.4375
6248.4306640625
6339.2294921875
6461.205078125
6614.640625
6799.7353515625
7016.6064453125
7265.29296875
7545.7587890625
7857.892578125
8201.5126953125
8576.3740234375
8982.1640625
9418.5146484375
9884.99609375
10381.12890625
10906.3818359375
11460.1767578125
12041.890625
12650.8564453125
13286.3701171875
13947.6875
14634.0302734375
15344.583984375
16078.501953125
16834.904296875
17612.87890625
18411.48046875
19229.73828125
20066.6455078125
20921.1640625
21792.2265625
22678.732421875
23579.5478515625
24493.5068359375
25419.408203125
26356.0166015625
27302.0634765625
28256.2412109375
29217.2109375
30183.595703125
31153.982421875
32126.919921875
33100.9296875
34074.4912109375
35046.056640625
36014.044921875
36976.84375
37932.8173828125
38880.3037109375
39817.6171875
40743.0595703125
41654.912109375
42551.4521484375
43430.9482421875
44291.6689453125
45131.890625
45949.896484375
46743.9892578125
47512.4951171875
48253.767578125
48966.2021484375
49648.23046875
50298.34375
50915.0830078125
51497.060546875
52042.958984375
52551.5439453125
53021.6650390625
53452.2724609375
53842.41015625
54191.2392578125
54498.0302734375
54762.1787109375
54983.203125
55160.7578125
55294.6337890625
55384.7607421875
55431.2138671875
55434.2177734375
55394.142578125
55311.513671875
55187.0048828125
55021.4404296875
54815.7958984375
54571.1923828125
54288.896484375
53970.3125
53616.9814453125
53230.5732421875
52812.8779296875
52365.7998046875
51891.3486328125
51391.62890625
50868.8271484375
50325.20703125
49763.0869140625
49184.83984375
48592.8671875
47989.5947265625
47377.4521484375
46758.8603515625
46136.21875
45511.884765625
44888.1669921875
44267.302734375
43651.4482421875
43042.662109375
42442.8916015625
41853.96484375
41277.5712890625
40715.25390625
40168.400390625
39638.232421875
39125.7998046875
38631.9697265625
38157.4228515625
37702.6552734375
37267.9716796875
36853.4775390625
36459.0986328125
36084.564453125
35729.423828125
35393.0458984375
35074.6318359375
34773.21484375
34487.6845703125
34216.783203125
33959.12890625
33713.2265625
33477.48046875
33250.2119140625
33029.6796875
32814.0927734375
32601.6240234375
32390.439453125
32178.703125
31964.6064453125
31746.3798828125
31522.302734375
31290.7373046875
31050.12890625
30799.0234375
30536.0908203125
30260.1171875
29970.0390625
29664.9345703125
29344.0390625
29006.7509765625
28652.6318359375
28281.4150390625
27892.9990234375
27487.453125
27065.0087890625
26626.0595703125
26171.15234375
25700.9765625
25216.3623046875
24718.2607421875
24207.73828125
23685.958984375
23154.1748046875
22613.705078125
22065.9228515625
21512.2421875
20954.095703125
20392.919921875
19830.1474609375
19267.173828125
18705.3564453125
18145.994140625
17590.3115234375
17039.4501953125
16494.4521484375
15956.2548828125
15425.6748046875
14903.4052734375
14390.005859375
13885.904296875
13391.390625
12906.609375
12431.5703125
11966.1474609375
11510.078125
11062.978515625
10624.3408203125
10193.548828125
9769.880859375
9352.5322265625
8940.6162109375
8533.1845703125
8129.236328125
7727.73828125
7327.6337890625
6927.8671875
6527.3876953125
6125.171875
5720.2412109375
5311.6689453125
4898.6025390625
4480.2705078125
4055.998046875
3625.216796875
3187.4794921875
2742.4638671875
2289.978515625
1829.9775390625
1362.5556640625
887.958984375
406.5810546875
-81.03515625
-574.2021484375
-1072.0859375
-1573.7158203125
-2077.984375
-2583.6669921875
-3089.421875
-3593.7998046875
-4095.2646484375
-4592.1962890625
-5082.912109375
-5565.673828125
-6038.7119140625
-6500.2314453125
-6948.4375
-7381.5390625
-7797.779296875
-8195.4384765625
-8572.8603515625
-8928.4609375
-9260.7431640625
-9568.3125
-9849.892578125
-10104.333984375
-10330.625
-10527.900390625
-10695.45703125
-10832.755859375
-10939.4296875
-11015.2841796875
-11060.3076171875
-11074.6689453125
-11058.716796875
-11012.98046875
-10938.1708984375
-10835.169921875
-10705.02734375
-10548.9560546875
-10368.3251953125
-10164.6435546875
-9939.5595703125
-9694.8408203125
-9432.37109375
-9154.12890625
-8862.1787109375
-8558.654296875
-8245.7451171875
-7925.681640625
-7600.7177734375
-7273.119140625
-6945.1455078125
-6619.033203125
-6296.9833984375
-5981.1484375
-5673.6123046875
-5376.3857421875
-5091.380859375
-4820.4150390625
-4565.1875
-4327.2724609375
-4108.11328125
-3909.0126953125
-3731.1259765625
-3575.453125
-3442.841796875
-3333.9775390625
-3249.3857421875
-3189.4306640625
-3154.3125
-3144.0830078125
-3158.6318359375
-3197.701171875
-3260.8935546875
-3347.6708984375
-3457.37109375
-3589.2099609375
-3742.2958984375
-3915.6357421875
-4108.1513671875
-4318.6865234375
-4546.0205078125
-4788.8798828125
-5045.953125
-5315.8974609375
-5597.357421875
-5888.9697265625
-6189.37890625
-6497.2529296875
-6811.2783203125
-7130.1904296875
-7452.76171875
-7777.82421875
-8104.271484375
-8431.060546875
-8757.2236328125
-9081.869140625
-9404.1796875
-9723.4189453125
-10038.9287109375
-10350.130859375
-10656.51953125
-10957.6630859375
-11253.201171875
-11542.828125
-11826.298828125
-12103.419921875
-12374.0341796875
-12638.0205078125
-12895.279296875
-13145.73046875
-13389.2919921875
-13625.8828125
-13855.40625
-14077.744140625
-14292.7431640625
-14500.208984375
-14699.90234375
-14891.5234375
-15074.7109375
-15249.03515625
-15413.9912109375
-15569.0
-15713.400390625
-15846.451171875
-15967.328125
-16075.126953125
-16168.869140625
-16247.498046875
-16309.8857421875
-16354.8447265625
-16381.1279296875
-16387.4404296875
-16372.4501953125
-16334.791015625
-16273.08203125
-16185.931640625
-16071.9580078125
-15929.79296875
-15758.09765625
-15555.5810546875
-15321.00390625
-15053.1982421875
-14751.078125
-14413.650390625
-14040.03125
-13629.4482421875
-13181.263671875
-12694.9716796875
-12170.21484375
-11606.7900390625
-11004.6533203125
-10363.92578125
-9684.8994140625
-8968.0419921875
-8213.9912109375
-7423.5615234375
-6597.744140625
-5737.6982421875
-4844.7548828125
-3920.4091796875
-2966.3154296875
-1984.28125
-976.2568359375
55.669921875
1109.283203125
2182.2529296875
3272.13671875
4376.3984375
5492.4228515625
6617.515625
7748.921875
8883.8447265625
10019.4423828125
11152.8544921875
12281.2041015625
13401.6142578125
14511.2177734375
15607.169921875
16686.654296875
17746.8955078125
18785.169921875
19798.8125
20785.2255859375
21741.88671875
22666.3544921875
23556.2802734375
24409.40234375
25223.568359375
25996.7216796875
26726.923828125
27412.345703125
28051.2724609375
28642.111328125
29183.392578125
29673.7724609375
30112.029296875
30497.0751953125
30827.9482421875
31103.822265625
31323.9990234375
31487.91796875
31595.150390625
31645.400390625
31638.51171875
31574.4599609375
31453.357421875
31275.4521484375
31041.126953125
30750.8994140625
30405.4189453125
30005.4716796875
29551.970703125
29045.9638671875
28488.62109375
27881.2431640625
27225.248046875
26522.17578125
25773.6826171875
24981.5341796875
24147.6044921875
23273.8642578125
22362.384765625
21415.32421875
20434.9228515625
19423.4921875
18383.416015625
17317.1328125
16227.1328125
15115.943359375
13986.125
12840.259765625
11680.9375
10510.7490234375
9332.279296875
8148.0859375
6960.7021484375
5772.6142578125
4586.263671875
3404.0244140625
2228.203125
1061.029296875
-95.359375
-1238.919921875
-2367.7138671875
-3479.9072265625
-4573.78515625
-5647.7529296875
-6700.33984375
-7730.201171875
-8736.12109375
-9717.015625
-10671.931640625
-11600.044921875
-12500.662109375
-13373.2099609375
-14217.2421875
-15032.4287109375
-15818.55078125
-16575.494140625
-17303.248046875
-18001.888671875
-18671.58203125
-19312.5625
-19925.1337890625
-20509.6572265625
-21066.541015625
-21596.2294921875
-22099.1943359375
-22575.9267578125
-23026.927734375
-23452.6904296875
-23853.7060546875
-24230.4404296875
-24583.3349609375
-24912.79296875
-25219.1767578125
-25502.798828125
-25763.9169921875
-26002.728515625
-26219.36328125
-26413.888671875
-26586.29296875
-26736.4970703125
-26864.3486328125
-26969.615234375
-27051.9951171875
-27111.11328125
-27146.52734375
-27157.724609375
-27144.1337890625
-27105.12109375
-27040.001953125
-26948.048828125
-26828.48828125
-26680.515625
-26503.30078125
-26295.994140625
-26057.7373046875
-25787.669921875
-25484.9365234375
-25148.7021484375
-24778.1513671875
-24372.5029296875
-23931.0185546875
-23453.009765625
-22937.8447265625
-22384.9599609375
-21793.865234375
-21164.15234375
-20495.501953125
-19787.689453125
-19040.5908203125
-18254.189453125
-17428.5810546875
-16563.974609375
-15660.701171875
-14719.2138671875
-13740.08984375
-12724.037109375
-11671.890625
-10584.611328125
-9463.291015625
-8309.150390625
-7123.537109375
-5907.919921875
-4663.8935546875
-3393.169921875
-2097.5712890625
-779.037109375
560.3916015625
1918.5751953125
3293.2822265625
4682.1875
6082.8935546875
7492.9267578125
8909.748046875
10330.765625
11753.3359375
13174.7802734375
14592.3837890625
16003.41796875
17405.138671875
18794.7998046875
20169.6650390625
21527.013671875
22864.158203125
24178.4384765625
25467.2490234375
26728.04296875
27958.333984375
29155.7158203125
30317.8642578125
31442.5537109375
32527.66015625
33571.169921875
34571.189453125
35525.9541015625
36433.83203125
37293.333984375
38103.1201171875
38862.001953125
39568.9501953125
40223.1005859375
40823.75390625
41370.380859375
41862.6279296875
42300.3134765625
42683.4326171875
43012.15625
43286.8251953125
43507.958984375
43676.248046875
43792.544921875
43857.8681640625
43873.39453125
43840.4501953125
43760.513671875
43635.1904296875
43466.2236328125
43255.470703125
43004.904296875
42716.5947265625
42392.6953125
42035.4443359375
41647.1396484375
41230.130859375
40786.8056640625
40319.5771484375
39830.87109375
39323.1123046875
38798.70703125
38260.0322265625
37709.42578125
37149.169921875
36581.478515625
36008.482421875
35432.228515625
34854.6572265625
34277.599609375
33702.765625
33131.7392578125
32565.9677734375
32006.7607421875
31455.279296875
30912.5380859375
30379.40625
29856.5947265625
29344.6728515625
28844.05859375
28355.0263671875
27877.7119140625
27412.1201171875
26958.126953125
26515.4951171875
26083.87890625
25662.8330078125
25251.8310546875
24850.2744140625
24457.498046875
24072.7978515625
23695.4345703125
23324.6533203125
22959.69140625
22599.802734375
22244.26171875
21892.3857421875
21543.5400390625
21197.16015625
20852.755859375
20509.9267578125
20168.3701171875
19827.892578125
19488.4111328125
19149.9697265625
18812.736328125
18477.0078125
18143.212890625
17811.9150390625
17483.7998046875
17159.6865234375
16840.515625
16527.345703125
16221.33984375
15923.76171875
15635.9658203125
15359.384765625
15095.5107421875
14845.8896484375
14612.1064453125
14395.759765625
14198.4580078125
14021.794921875
13867.3369140625
13736.6064453125
13631.0625
13552.0869140625
13500.9697265625
13478.892578125
13486.9150390625
13525.958984375
13596.8017578125
13700.0634765625
13836.193359375
14005.466796875
14207.9794921875
14443.6376953125
14712.1591796875
15013.0732421875
15345.7138671875
15709.2314453125
16102.5869140625
16524.56640625
16973.78125
17448.681640625
17947.560546875
18468.5712890625
19009.734375
19568.9580078125
20144.0439453125
20732.7119140625
21332.60546875
21941.318359375
22556.400390625
23175.3876953125
23795.802734375
24415.1865234375
25031.1025390625
25641.1591796875
26243.021484375
26834.42578125
27413.193359375
27977.2392578125
28524.587890625
29053.3779296875
29561.8720703125
30048.462890625
30511.6806640625
30950.1962890625
31362.8193359375
31748.5029296875
32106.3447265625
32435.5791015625
32735.580078125
33005.8525390625
33246.029296875
33455.8603515625
33635.212890625
33784.0478515625
33902.4306640625
33990.5029296875
34048.482421875
34076.6484375
34075.328125
34044.896484375
33985.748046875
33898.298828125
33782.9755859375
33640.1943359375
33470.3623046875
33273.8671875
33051.0634765625
32802.267578125
32527.7568359375
32227.7548828125
31902.4365234375
31551.9169921875
31176.2578125
30775.455078125
30349.4521484375
29898.13671875
29421.333984375
28918.830078125
28390.3603515625
27835.6220703125
27254.2802734375
26645.9775390625
26010.3408203125
25346.9921875
24655.5576171875
23935.681640625
23187.0302734375
22409.3125
21602.2822265625
20765.7578125
19899.630859375
19003.875
18078.560546875
17123.865234375
16140.078125
15127.6181640625
14087.0390625
13019.0322265625
11924.4443359375
10804.2705078125
9659.666015625
8491.953125
7302.615234375
6093.3017578125
4865.8291015625
3622.173828125
2364.4716796875
1095.017578125
-183.7490234375
-1469.2470703125
-2758.7626953125
-4049.458984375
-5338.392578125
-6622.5205078125
-7898.7177734375
-9163.7900390625
-10414.4921875
-11647.541015625
-12859.638671875
-14047.484375
-15207.796875
-16337.33203125
-17432.9033203125
-18491.3994140625
-19509.7998046875
-20485.201171875
-21414.83203125
-22296.0654296875
-23126.4462890625
-23903.6953125
-24625.734375
-25290.697265625
-25896.9384765625
-26443.0517578125
-26927.8720703125
-27350.4921875
-27710.26171875
-28006.796875
-28239.9853515625
-28409.9794921875
-28517.2080078125
-28562.361328125
-28546.396484375
-28470.5283203125
-28336.2197265625
-28145.1767578125
-27899.3349609375
-27600.8447265625
-27252.0625
-26855.533203125
-26413.96875
-25930.2392578125
-25407.34765625
-24848.4150390625
-24256.6533203125
-23635.3505859375
-22987.8525390625
-22317.533203125
-21627.779296875
-20921.970703125
-20203.453125
-19475.5234375
-18741.412109375
-18004.2568359375
-17267.09375
-16532.833984375
-15804.2509765625
-15083.966796875
-14374.439453125
-13677.94921875
-12996.591796875
-12332.26953125
-11686.6845703125
-11061.333984375
-10457.5048828125
-9876.2783203125
-9318.521484375
-8784.8984375
-8275.86328125
-7791.673828125
-7332.39453125
-6897.8994140625
-6487.8896484375
-6101.8955078125
-5739.291015625
-5399.302734375
-5081.0283203125
-4783.4404296875
-4505.408203125
-4245.708984375
-4003.0390625
-3776.0341796875
-3563.2763671875
-3363.3173828125
-3174.6884765625
-2995.908203125
-2825.505859375
-2662.029296875
-2504.0615234375
-2350.2216796875
-2199.1884765625
-2049.705078125
-1900.5869140625
-1750.7333984375
-1599.134765625
-1444.8759765625
-1287.14453125
-1125.23828125
-958.5625
-786.638671875
-609.1025390625
-425.7109375
-236.330078125
-40.951171875
160.32421875
367.2861328125
579.6044921875
796.8544921875
1018.5068359375
1243.9326171875
1472.419921875
1703.1669921875
1935.2998046875
2167.87109375
2399.875
2630.2490234375
2857.888671875
3081.646484375
3300.3525390625
3512.8154296875
3717.8330078125
3914.201171875
4100.7275390625
4276.2333984375
4439.5673828125
4589.61328125
4725.30078125
4845.6064453125
4949.5751953125
5036.3154296875
5105.0126953125
5154.9365234375
5185.447265625
5196.0009765625
5186.154296875
5155.57421875
5104.0341796875
5031.4267578125
4937.76171875
4823.166015625
4687.892578125
4532.314453125
4356.9248046875
4162.3388671875
3949.2919921875
3718.634765625
3471.328125
3208.4443359375
2931.1552734375
2640.728515625
2338.5224609375
2025.9765625
1704.603515625
1375.98046875
1041.7353515625
703.544921875
363.115234375
22.1796875
-317.521484375
-654.2470703125
-986.265625
-1311.873046875
-1629.39453125
-1937.2060546875
-2233.7392578125
-2517.4931640625
-2787.0458984375
-3041.0625
-3278.306640625
-3497.64453125
-3698.056640625
-3878.6435546875
-4038.630859375
-4177.375
-4294.36328125
-4389.22265625
-4461.720703125
-4511.759765625
-4539.3828125
-4544.7724609375
-4528.2421875
-4490.240234375
-4431.33984375
-4352.2353515625
-4253.734375
-4136.7568359375
-4002.314453125
-3851.515625
-3685.544921875
-3505.6611328125
-3313.1806640625
-3109.4697265625
-2895.9345703125
-2674.0048828125
-2445.1240234375
-2210.7451171875
-1972.3056640625
-1731.228515625
-1488.9013671875
-1246.6728515625
-1005.837890625
-767.6318359375
-533.2138671875
-303.6630859375
-79.970703125
136.9716796875
346.3740234375
547.5576171875
739.9599609375
923.1396484375
1096.775390625
1260.6796875
1414.7890625
1559.1728515625
1694.0322265625
1819.6962890625
1936.625
2045.4052734375
2146.7509765625
2241.494140625
2330.58203125
2415.0791015625
2496.1484375
2575.0576171875
2653.1650390625
2731.912109375
2812.818359375
2897.4697265625
2987.51171875
3084.6376953125
3190.5810546875
3307.1005859375
3435.974609375
3578.9892578125
3737.92578125
3914.546875
4110.5908203125
4327.7548828125
4567.6865234375
4831.974609375
5122.1318359375
5439.587890625
5785.677734375
6161.6318359375
6568.5654296875
7007.4658203125
7479.1904296875
7984.4541015625
8523.8193359375
9097.693359375
9706.3173828125
10349.7685546875
11027.947265625
11740.5771484375
12487.203125
13267.1904296875
14079.724609375
14923.806640625
15798.265625
16701.748046875
17632.7373046875
18589.5478515625
19570.3359375
20573.107421875
21595.7255859375
22635.9228515625
23691.310546875
24759.3896484375
25837.56640625
26923.162109375
28013.431640625
29105.5712890625
30196.74609375
31284.091796875
32364.73828125
33435.8271484375
34494.5205078125
35538.025390625
36563.6044921875
37568.5927734375
38550.41015625
39506.5830078125
40434.7470703125
41332.6689453125
42198.25390625
43029.55859375
43824.798828125
44582.361328125
45300.8056640625
45978.875
46615.5009765625
47209.8017578125
47761.08984375
48268.8681640625
48732.83203125
49152.8642578125
49529.0390625
49861.6025390625
50150.9814453125
50397.767578125
50602.712890625
50766.71875
50890.8232421875
50976.1982421875
51024.1279296875
51036.0029296875
51013.3056640625
50957.5986328125
50870.5068359375
50753.7138671875
50608.9375
50437.9248046875
50242.4345703125
50024.2265625
49785.0537109375
49526.6416015625
49250.6826171875
48958.83203125
48652.689453125
48333.7890625
48003.6025390625
47663.5244140625
47314.869140625
46958.8642578125
46596.6474609375
46229.267578125
45857.677734375
45482.7333984375
45105.2001953125
44725.7470703125
44344.9501953125
43963.2978515625
43581.19140625
43198.947265625
42816.806640625
42434.935546875
42053.4345703125
41672.33984375
41291.634765625
40911.248046875
40531.076171875
40150.96875
39770.7529296875
39390.2333984375
39009.197265625
38627.42578125
38244.6962890625
37860.7900390625
37475.4990234375
37088.630859375
36700.0146484375
36309.5009765625
35916.978515625
35522.361328125
35125.607421875
34726.7158203125
34325.72265625
33922.71484375
33517.8251953125
33111.2353515625
32703.171875
32293.916015625
31883.7890625
31473.1669921875
31062.4677734375
30652.1513671875
30242.7236328125
29834.7275390625
29428.7373046875
29025.3642578125
28625.24609375
28229.0439453125
27837.4365234375
27451.1171875
27070.7919921875
26697.166015625
26330.947265625
25972.83203125
25623.5087890625
25283.6435546875
24953.8818359375
24634.8369140625
24327.087890625
24031.1728515625
23747.5849609375
23476.7646484375
23219.099609375
22974.9130859375
22744.4697265625
22527.9599609375
22325.5068359375
22137.158203125
21962.8857421875
21802.58203125
21656.060546875
21523.052734375
21403.2119140625
21296.1103515625
21201.2373046875
21118.01171875
21045.7705078125
20983.78515625
20931.25
20887.3017578125
20851.0126953125
20821.40234375
20797.4384765625
20778.0458984375
20762.115234375
20748.5
20736.0380859375
20723.544921875
20709.8310546875
20693.70703125
20673.986328125
20649.5
20619.099609375
20581.6650390625
20536.1162109375
20481.4169921875
20416.5791015625
20340.6728515625
20252.83203125
20152.2607421875
20038.234375
19910.109375
19767.3212890625
19609.3955078125
19435.9423828125
19246.66796875
19041.3662109375
18819.9267578125
18582.330078125
18328.65234375
18059.0615234375
17773.818359375
17473.265625
17157.83984375
16828.052734375
16484.5
16127.8486328125
15758.837890625
15378.26953125
14987.0087890625
14585.970703125
14176.1220703125
13758.4716796875
13334.0625
12903.970703125
12469.2958984375
12031.1513671875
11590.66796875
11148.9765625
10707.2109375
10266.494140625
9827.939453125
9392.6416015625
8961.6689453125
8536.0634765625
8116.830078125
7704.939453125
7301.3125
6906.830078125
6522.3134765625
6148.5361328125
5786.20703125
5435.9794921875
5098.439453125
4774.1044921875
4463.4287109375
4166.7939453125
3884.5107421875
3616.81640625
3363.876953125
3125.787109375
2902.5625
2694.1513671875
2500.4296875
2321.201171875
2156.2021484375
2005.099609375
1867.4970703125
1742.9375
1630.900390625
1530.8154296875
1442.052734375
1363.9404296875
1295.7578125
1236.7490234375
1186.12109375
1143.0546875
1106.7021484375
1076.201171875
1050.67578125
1029.240234375
1011.015625
995.1171875
980.6806640625
966.85546875
952.810546875
937.7470703125
920.90234375
901.546875
878.9990234375
852.6259765625
821.8447265625
786.1328125
745.0244140625
698.12109375
645.083984375
585.64453125
519.599609375
446.8173828125
367.2314453125
280.8427734375
187.7197265625
87.9921875
-18.14453125
-130.439453125
-248.5908203125
-372.240234375
-500.98828125
-634.390625
-771.97265625
-913.228515625
-1057.6298828125
-1204.626953125
-1353.6630859375
-1504.177734375
-1655.6064453125
-1807.3974609375
-1959.0107421875
-2109.9228515625
-2259.63671875
-2407.6826171875
-2553.626953125
-2697.0732421875
-2837.666015625
-2975.08984375
-3109.0830078125
-3239.427734375
-3365.9541015625
-3488.5458984375
-3607.1357421875
-3721.705078125
-3832.2822265625
-3938.939453125
-4041.7998046875
-4141.01953125
-4236.796875
-4329.361328125
-4418.974609375
-4505.919921875
-4590.5068359375
-4673.05859375
-4753.91015625
-4833.40234375
-4911.8828125
-4989.6953125
-5067.17578125
-5144.6513671875
-5222.439453125
-5300.8349609375
-5380.11328125
-5460.5322265625
-5542.322265625
-5625.6826171875
-5710.794921875
-5797.8046875
-5886.833984375
-5977.974609375
-6071.2919921875
-6166.8232421875
-6264.583984375
-6364.564453125
-6466.734375
-6571.044921875
-6677.431640625
-6785.814453125
-6896.10546875
-7008.2041015625
-7122.0087890625
-7237.4091796875
-7354.2998046875
-7472.572265625
-7592.125
-7712.8564453125
-7834.673828125
-7957.4921875
-8081.2333984375
-8205.8251953125
-8331.203125
-8457.3095703125
-8584.095703125
-8711.5087890625
-8839.5068359375
-8968.04296875
-9097.068359375
-9226.5322265625
-9356.3701171875
-9486.51171875
-9616.869140625
-9747.3408203125
-9877.798828125
-10008.0966796875
-10138.056640625
-10267.4765625
-10396.1171875
-10523.7099609375
-10649.9443359375
-10774.478515625
-10896.9267578125
-11016.8671875
-11133.837890625
-11247.3369140625
-11356.828125
-11461.7353515625
-11561.4501953125
-11655.333984375
-11742.71484375
-11822.9013671875
-11895.1787109375
-11958.814453125
-12013.06640625
-12057.1845703125
-12090.41796875
-12112.017578125
-12121.2451171875
-12117.376953125
-12099.7109375
-12067.56640625
-12020.2978515625
-11957.2958984375
-11877.9912109375
-11781.857421875
-11668.4228515625
-11537.2626953125
-11388.0146484375
-11220.369140625
-11034.0830078125
-10828.97265625
-10604.91796875
-10361.86328125
-10099.8203125
-9818.8603515625
-9519.1171875
-9200.78515625
-8864.119140625
-8509.4296875
-8137.076171875
-7747.474609375
-7341.0810546875
-6918.396484375
-6479.9599609375
-6026.34765625
-5558.16015625
-5076.0322265625
-4580.611328125
-4072.572265625
-3552.6005859375
-3021.390625
-2479.646484375
-1928.0791015625
-1367.396484375
-798.30859375
-221.5224609375
362.2578125
952.3369140625
1548.0263671875
2148.6435546875
2753.5126953125
3361.970703125
3973.3583984375
4587.025390625
5202.3330078125
5818.6396484375
6435.31640625
7051.7412109375
7667.2890625
8281.34375
8893.2900390625
9502.513671875
10108.40234375
10710.34765625
11307.7412109375
11899.9775390625
12486.451171875
13066.5634765625
13639.71875
14205.3291015625
14762.81640625
15311.609375
15851.1552734375
16380.916015625
16900.373046875
17409.03125
17906.4208984375
18392.1064453125
18865.68359375
19326.7880859375
19775.0947265625
20210.3271484375
20632.2578125
21040.7109375
21435.5673828125
21816.7626953125
22184.298828125
22538.236328125
22878.7001953125
23205.8837890625
23520.0400390625
23821.48828125
24110.615234375
24387.8642578125
24653.7392578125
24908.8056640625
25153.6748046875
25389.01171875
25615.5234375
25833.9560546875
26045.0849609375
26249.716796875
26448.671875
26642.7861328125
26832.8955078125
27019.837890625
27204.435546875
27387.4931640625
27569.787109375
27752.0625
27935.017578125
28119.3037109375
28305.51953125
28494.193359375
28685.7939453125
28880.7109375
29079.2607421875
29281.67578125
29488.1064453125
29698.6171875
29913.18359375
30131.6982421875
30353.9609375
30579.6923828125
30808.5302734375
31040.03125
31273.6767578125
31508.8818359375
31744.99609375
31981.3115234375
32217.0712890625
32451.4736328125
32683.6865234375
32912.84765625
33138.0830078125
33358.505859375
33573.2353515625
33781.3984375
33982.142578125
34174.6435546875
34358.11328125
34531.8095703125
34695.041015625
34847.1787109375
34987.6572265625
35115.9814453125
35231.7353515625
35334.578125
35424.2578125
35500.6015625
35563.5224609375
35613.0234375
35649.1875
35672.181640625
35682.2529296875
35679.7236328125
35664.986328125
35638.4970703125
35600.771484375
35552.376953125
35493.9248046875
35426.05859375
35349.447265625
35264.7802734375
35172.751953125
35074.0517578125
34969.361328125
34859.3369140625
34744.60546875
34625.75
34503.310546875
34377.7626953125
34249.5185546875
34118.9208984375
33986.228515625
33851.6220703125
33715.1875
33576.9208984375
33436.7255859375
33294.404296875
33149.6669921875
33002.125
32851.2958984375
32696.6015625
32537.3857421875
32372.8984375
32202.3193359375
32024.7548828125
31839.2509765625
31644.7958984375
31440.3369140625
31224.783203125
30997.0205078125
30755.921875
30500.353515625
30229.1943359375
29941.3408203125
29635.7236328125
29311.3134765625
28967.1376953125
28602.28515625
28215.9248046875
27807.30859375
27375.7841796875
26920.80078125
26441.923828125
25938.8310546875
25411.328125
24859.3525390625
24282.9697265625
23682.384765625
23057.94140625
22410.1259765625
21739.55859375
21046.9990234375
20333.34375
19599.619140625
18846.9833984375
18076.708984375
17290.1884765625
16488.9208984375
15674.5048828125
14848.6298828125
14013.0654296875
13169.650390625
12320.287109375
11466.9248046875
10611.5478515625
9756.16796875
8902.8115234375
8053.5029296875
7210.2626953125
6375.083984375
5549.927734375
4736.7138671875
3937.302734375
3153.4912109375
2387.001953125
1639.4755859375
912.453125
207.380859375
-474.4013671875
-1131.671875
-1763.32421875
-2368.376953125
-2945.9736328125
-3495.38671875
-4016.025390625
-4507.4208984375
-4969.248046875
-5401.30078125
-5803.5146484375
-6175.9423828125
-6518.7646484375
-6832.283203125
-7116.9111328125
-7373.17578125
-7601.7021484375
-7803.21484375
-7978.53125
-8128.5478515625
-8254.2353515625
-8356.63671875
-8436.845703125
-8496.0126953125
-8535.3232421875
-8555.9990234375
-8559.2841796875
-8546.44140625
-8518.7333984375
-8477.4267578125
-8423.7763671875
-8359.0205078125
-8284.3720703125
-8201.0107421875
-8110.0810546875
-8012.6787109375
-7909.8515625
-7802.591796875
-7691.833984375
-7578.44140625
-7463.2177734375
-7346.8935546875
-7230.1279296875
-7113.5048828125
-6997.533203125
-6882.6494140625
-6769.2138671875
-6657.515625
-6547.765625
-6440.109375
-6334.6240234375
-6231.322265625
-6130.1533203125
-6031.01171875
-5933.7373046875
-5838.1220703125
-5743.9150390625
-5650.8251953125
-5558.5283203125
-5466.6728515625
-5374.8857421875
-5282.771484375
-5189.9296875
-5095.9501953125
-5000.419921875
-4902.9326171875
-4803.0859375
-4700.494140625
-4594.787109375
-4485.6123046875
-4372.6435546875
-4255.5830078125
-4134.15625
-4008.12109375
-3877.271484375
-3741.4296875
-3600.4521484375
-3454.2294921875
-3302.685546875
-3145.7734375
-2983.4755859375
-2815.8037109375
-2642.7958984375
-2464.5107421875
-2281.0263671875
-2092.4375
-1898.849609375
-1700.3798828125
-1497.1455078125
-1289.2685546875
-1076.865234375
-860.044921875
-638.9052734375
-413.5283203125
-183.9775390625
49.7021484375
287.4970703125
529.4130859375
775.4931640625
1025.806640625
1280.455078125
1539.57421875
1803.3330078125
2071.9345703125
2345.6103515625
2624.625
2909.2724609375
3199.8740234375
3496.7666015625
3800.3193359375
4110.9072265625
4428.92578125
4754.7705078125
5088.845703125
5431.5556640625
5783.29296875
6144.4404296875
6515.3662109375
6896.41796875
7287.9130859375
7690.1435546875
8103.3603515625
8527.779296875
8963.57421875
9410.8720703125
9869.75
10340.23828125
10822.3115234375
11315.8935546875
11820.8564453125
12337.0166015625
12864.140625
13401.9443359375
13950.0947265625
14508.21484375
15075.88671875
15652.6533203125
16238.025390625
16831.482421875
17432.482421875
18040.46484375
18654.857421875
19275.076171875
19900.544921875
20530.6865234375
21164.9326171875
21802.736328125
22443.56640625
23086.9189453125
23732.326171875
24379.34375
25027.572265625
25676.65234375
26326.26171875
26976.12890625
27626.017578125
28275.7431640625
28925.1572265625
29574.1572265625
30222.677734375
30870.68359375
31518.1767578125
32165.1806640625
32811.7412109375
33457.91796875
34103.7783203125
34749.3935546875
35394.822265625
36040.115234375
36685.2958984375
37330.3662109375
37975.283203125
38619.962890625
39264.2685546875
39908.00390625
40550.908203125
41192.6484375
41832.814453125
42470.9150390625
43106.375
43738.53125
44366.630859375
44989.828125
45607.19140625
46217.6962890625
46820.2353515625
47413.61328125
47996.5625
48567.7392578125
49125.7333984375
49669.0771484375
50196.2548828125
50705.708984375
51195.8544921875
51665.08203125
52111.779296875
52534.341796875
52931.173828125
53300.7177734375
53641.4560546875
53951.923828125
54230.7294921875
54476.5595703125
54688.193359375
54864.515625
55004.5263671875
55107.3505859375
55172.248046875
55198.625
55186.03515625
55134.19140625
55042.96875
54912.4091796875
54742.7236328125
54534.29296875
54287.669921875
54003.5771484375
53682.9013671875
53326.6943359375
52936.1650390625
52512.677734375
52057.7353515625
51572.9794921875
51060.1767578125
50521.2099609375
49958.06640625
49372.828125
48767.6513671875
48144.7626953125
47506.443359375
46855.01171875
46192.810546875
45522.197265625
44845.5283203125
44165.138671875
43483.3427734375
42802.4072265625
42124.548828125
41451.91796875
40786.5859375
40130.5439453125
39485.681640625
38853.7890625
38236.544921875
37635.5087890625
37052.1171875
36487.68359375
35943.3857421875
35420.2734375
34919.26171875
34441.1318359375
33986.53125
33555.9755859375
33149.8564453125
32768.435546875
32411.8525390625
32080.13671875
31773.2001953125
31490.8515625
31232.802734375
30998.671875
30787.9931640625
30600.220703125
30434.7412109375
30290.8740234375
30167.8857421875
30064.994140625
29981.375
29916.1640625
29868.4794921875
29837.408203125
29822.025390625
29821.3935546875
29834.5673828125
29860.6083984375
29898.5732421875
29947.5283203125
30006.55078125
30074.728515625
30151.1669921875
30234.986328125
30325.3271484375
30421.34765625
30522.228515625
30627.1708984375
30735.39453125
30846.140625
30958.677734375
31072.2861328125
31186.2705078125
31299.955078125
31412.6796875
31523.8076171875
31632.7158203125
31738.80078125
31841.474609375
31940.16796875
32034.326171875
32123.4111328125
32206.904296875
32284.3017578125
32355.1171875
32418.8876953125
32475.1650390625
32523.5224609375
32563.556640625
32594.8857421875
32617.15234375
32630.025390625
32633.203125
32626.4072265625
32609.3974609375
32581.9580078125
32543.91015625
32495.107421875
32435.443359375
32364.83984375
32283.2626953125
32190.712890625
32087.228515625
31972.8857421875
31847.80078125
31712.1240234375
31566.04296875
31409.783203125
31243.6015625
31067.7900390625
30882.6708984375
30688.5947265625
30485.94140625
30275.1162109375
30056.544921875
29830.67578125
29597.9775390625
29358.9287109375
29114.0244140625
28863.775390625
28608.6943359375
28349.3046875
28086.13671875
27819.72265625
27550.59765625
27279.2978515625
27006.36328125
26732.33203125
26457.7451171875
26183.1435546875
25909.0732421875
25636.0771484375
25364.7109375
25095.529296875
24829.1015625
24566.001953125
24306.8251953125
24052.1728515625
23802.673828125
23558.9716796875
23321.73828125
23091.669921875
22869.494140625
22655.96875
22451.884765625
22258.0693359375
22075.3837890625
21904.7294921875
21747.04296875
21603.2958984375
21474.498046875
21361.685546875
21265.9326171875
21188.3330078125
21130.005859375
21092.083984375
21075.7109375
21082.033203125
21112.1884765625
21167.3046875
21248.4833984375
21356.7890625
21493.24609375
21658.818359375
21854.400390625
22080.8076171875
22338.7607421875
22628.875
22951.6435546875
23307.4306640625
23696.458984375
24118.791015625
24574.3251953125
25062.7822265625
25583.7001953125
26136.4169921875
26720.0712890625
27333.595703125
27975.70703125
28644.90625
29339.484375
30057.5078125
30796.8349609375
31555.1103515625
32329.779296875
33118.0849609375
33917.0908203125
34723.681640625
35534.5849609375
36346.3779296875
37155.5126953125
37958.3349609375
38751.0947265625
39529.978515625
40291.126953125
41030.6611328125
41744.7041015625
42429.4091796875
43080.9853515625
43695.72265625
44270.017578125
44800.4033203125
45283.568359375
45716.388671875
46095.9462890625
46419.5537109375
46684.7783203125
46889.4580078125
47031.72265625
47110.0107421875
47123.080078125
47070.021484375
46950.275390625
46763.626953125
46510.2216796875
46190.5615234375
45805.5068359375
45356.2734375
44844.4248046875
44271.8701171875
43640.84375
42953.9013671875
42213.8994140625
41423.9775390625
40587.54296875
39708.2421875
38789.9462890625
37836.7158203125
36852.7841796875
35842.5263671875
34810.4287109375
33761.064453125
32699.0654296875
31629.0859375
30555.783203125
29483.783203125
28417.6533203125
27361.87890625
26320.8310546875
25298.748046875
24299.7099609375
23327.6142578125
22386.158203125
21478.82421875
20608.857421875
19779.2529296875
18992.74609375
18251.8056640625
17558.6181640625
16915.0888671875
16322.8349609375
15783.189453125
15297.1953125
14865.6142578125
14488.9267578125
14167.345703125
13900.81640625
13689.03125
13531.4404296875
13427.2626953125
13375.5009765625
13374.953125
13424.232421875
13521.775390625
13665.8671875
13854.646484375
14086.130859375
14358.2265625
14668.7490234375
15015.4345703125
15395.9541015625
15807.93359375
16248.9609375
16716.59765625
17208.3984375
17721.916015625
18254.7080078125
18804.3525390625
19368.455078125
19944.650390625
20530.61328125
21124.0595703125
21722.7568359375
22324.517578125
22927.212890625
23528.7646484375
24127.15234375
24720.412109375
25306.6396484375
25883.9814453125
26450.6455078125
27004.892578125
27545.0390625
28069.45703125
28576.56640625
29064.84375
29532.8173828125
29979.0634765625
30402.2138671875
30800.9462890625
31173.9970703125
31520.1513671875
31838.24609375
32127.1796875
32385.9033203125
32613.431640625
32808.8359375
32971.2607421875
33099.9111328125
33194.0703125
33253.0908203125
33276.4072265625
33263.5361328125
33214.0771484375
33127.720703125
33004.2470703125
32843.5361328125
32645.5634765625
32410.40234375
32138.2314453125
31829.3330078125
31484.09375
31103.005859375
30686.669921875
30235.787109375
29751.1669921875
29233.720703125
28684.4599609375
28104.490234375
27495.015625
26857.3310546875
26192.80859375
25502.9111328125
24789.16796875
24053.1826171875
23296.6162109375
22521.189453125
21728.6669921875
20920.8603515625
20099.609375
19266.7841796875
18424.2705078125
17573.966796875
16717.7734375
15857.5869140625
14995.294921875
14132.763671875
13271.8349609375
12414.318359375
11561.986328125
10716.5673828125
9879.7421875
9053.1337890625
8238.306640625
7436.767578125
6649.9501953125
5879.224609375
5125.8818359375
4391.140625
3676.14453125
2981.9580078125
2309.564453125
1659.8681640625
1033.693359375
431.7802734375
-145.205078125
-696.6826171875
-1222.1513671875
-1721.1845703125
-2193.4375
-2638.6396484375
-3056.5947265625
-3447.18359375
-3810.3544921875
-4146.130859375
-4454.6044921875
-4735.93359375
-4990.341796875
-5218.1220703125
-5419.626953125
-5595.2685546875
-5745.5263671875
-5870.93359375
-5972.0830078125
-6049.6201171875
-6104.2490234375
-6136.7236328125
-6147.8515625
-6138.4873046875
-6109.53515625
-6061.943359375
-5996.705078125
-5914.85546875
-5817.4658203125
-5705.64453125
-5580.537109375
-5443.3134765625
-5295.171875
-5137.3349609375
-4971.044921875
-4797.5556640625
-4618.1318359375
-4434.046875
-4246.5703125
-4056.9658203125
-3866.4892578125
-3676.375
-3487.841796875
-3302.068359375
-3120.205078125
-2943.3583984375
-2772.58203125
-2608.875
-2453.17578125
-2306.3486328125
-2169.1865234375
-2042.3955078125
-1926.5947265625
-1822.3095703125
-1729.962890625
-1649.8740234375
-1582.2509765625
-1527.1884765625
-1484.6640625
-1454.53515625
-1436.5361328125
-1430.275390625
-1435.2421875
-1450.7958984375
-1476.177734375
-1510.50390625
-1552.775390625
-1601.876953125
-1656.587890625
-1715.580078125
-1777.431640625
-1840.630859375
-1903.5869140625
-1964.6376953125
-2022.0595703125
-2074.0849609375
-2118.90234375
-2154.6806640625
-2179.5751953125
-2191.7431640625
-2189.357421875
-2170.6240234375
-2133.7890625
-2077.162109375
-1999.1220703125
-1898.140625
-1772.787109375
-1621.751953125
-1443.849609375
-1238.0390625
-1003.4306640625
-739.2998046875
-445.0986328125
-120.458984375
234.794921875
620.64453125
1036.865234375
1483.02734375
1958.49609375
2462.4248046875
2993.763671875
3551.2509765625
4133.43359375
4738.6572265625
5365.0830078125
6010.69140625
6673.30078125
7350.568359375
8040.009765625
8739.017578125
9444.8681640625
10154.7451171875
10865.75390625
11574.9443359375
12279.3251953125
12975.890625
13661.6328125
14333.5654296875
14988.7490234375
15624.3046875
16237.4375
16825.4560546875
17385.787109375
17916.0068359375
18413.8408203125
18877.19140625
19304.1484375
19693.0068359375
20042.2744140625
20350.6796875
20617.1943359375
20841.021484375
21021.6142578125
21158.6748046875
21252.15625
21302.259765625
21309.4365234375
21274.37890625
21198.021484375
21081.51953125
20926.2587890625
20733.8251953125
20506.0029296875
20244.759765625
19952.228515625
19630.6884765625
19282.5546875
18910.3544921875
18516.705078125
18104.3037109375
17675.8974609375
17234.267578125
16782.2109375
16322.51171875
15857.9365234375
15391.193359375
14924.9345703125
14461.7236328125
14004.0244140625
13554.1845703125
13114.41796875
12686.7939453125
12273.2236328125
11875.443359375
11495.0185546875
11133.322265625
10791.53515625
10470.63671875
10171.408203125
9894.4267578125
9640.0625
9408.486328125
9199.671875
9013.3916015625
8849.2353515625
8706.6083984375
8584.7431640625
8482.705078125
8399.4130859375
8333.6396484375
8284.0263671875
8249.103515625
8227.2919921875
8216.931640625
8216.28125
8223.54296875
8236.8779296875
8254.4091796875
8274.251953125
8294.5185546875
8313.333984375
8328.8505859375
8339.2666015625
8342.8291015625
8337.849609375
8322.7236328125
8295.927734375
8256.0419921875
8201.75
8131.8515625
8045.267578125
7941.048828125
7818.375
7676.5693359375
7515.091796875
7333.5458984375
7131.677734375
6909.3818359375
6666.6923828125
6403.787109375
6120.9814453125
5818.732421875
5497.6201171875
5158.3603515625
4801.7861328125
4428.8466796875
4040.599609375
3638.2021484375
3222.9091796875
2796.0546875
2359.05078125
1913.376953125
1460.5703125
1002.212890625
539.9287109375
75.3671875
-389.8046875
-853.9091796875
-1315.2734375
-1772.2333984375
-2223.1484375
-2666.4052734375
-3100.43359375
-3523.7109375
-3934.7705078125
-4332.2099609375
-4714.7041015625
-5081.001953125
-5429.943359375
-5760.4619140625
-6071.5810546875
-6362.4404296875
-6632.27734375
-6880.4462890625
-7106.4169921875
-7309.7724609375
-7490.2177734375
-7647.5791015625
-7781.802734375
-7892.9560546875
-7981.228515625
-8046.92578125
-8090.4716796875
-8112.4072265625
-8113.3798828125
-8094.1484375
-8055.572265625
-7998.6123046875
-7924.318359375
-7833.83203125
-7728.373046875
-7609.23828125
-7477.791015625
-7335.4541015625
-7183.7080078125
-7024.07421875
-6858.115234375
-6687.419921875
-6513.6044921875
-6338.294921875
-6163.1220703125
-5989.7177734375
-5819.703125
-5654.6767578125
-5496.21484375
-5345.859375
-5205.1103515625
-5075.4169921875
-4958.1787109375
-4854.7314453125
-4766.3388671875
-4694.1962890625
-4639.416015625
-4603.025390625
-4585.966796875
-4589.08203125
-4613.1220703125
-4658.7353515625
-4726.4619140625
-4816.740234375
-4929.9013671875
-5066.162109375
-5225.6337890625
-5408.3095703125
-5614.08203125
-5842.72265625
-6093.8994140625
-6367.169921875
-6661.986328125
-6977.6982421875
-7313.548828125
-7668.6904296875
-8042.1796875
-8432.98046875
-8839.97265625
-9261.9599609375
-9697.6650390625
-10145.744140625
-10604.7900390625
-11073.33984375
-11549.876953125
-12032.841796875
-12520.63671875
-13011.6376953125
-13504.1923828125
-13996.638671875
-14487.3037109375
-14974.5126953125
-15456.6005859375
-15931.9150390625
-16398.82421875
-16855.7294921875
-17301.064453125
-17733.306640625
-18150.9833984375
-18552.6796875
-18937.0419921875
-19302.78515625
-19648.697265625
-19973.64453125
-20276.5810546875
-20556.5458984375
-20812.66796875
-21044.1767578125
-21250.39453125
-21430.7470703125
-21584.759765625
-21712.064453125
-21812.392578125
-21885.583984375
-21931.5751953125
-21950.4130859375
-21942.2373046875
-21907.2880859375
-21845.9033203125
-21758.5068359375
-21645.6171875
-21507.8291015625
-21345.8173828125
-21160.3330078125
-20952.1865234375
-20722.2548828125
-20471.46484375
-20200.7890625
-19911.2392578125
-19603.859375
-19279.7138671875
-18939.8818359375
-18585.451171875
-18217.5048828125
-17837.1171875
-17445.34375
-17043.208984375
-16631.7060546875
-16211.7822265625
-15784.3330078125
-15350.1962890625
-14910.140625
-14464.8662109375
-14014.9873046875
-13561.037109375
-13103.4580078125
-12642.5927734375
-12178.6904296875
-11711.8935546875
-11242.23828125
-10769.658203125
-10293.9736328125
-9814.8974609375
-9332.0380859375
-8844.89453125
-8352.865234375
-7855.2451171875
-7351.2392578125
-6839.95703125
-6320.427734375
-5791.6015625
-5252.36328125
-4701.53515625
-4137.8916015625
-3560.1650390625
-2967.0634765625
-2357.275390625
-1729.4873046875
-1082.3916015625
-414.705078125
274.8203125
987.384765625
1724.1240234375
2486.1005859375
3274.2822265625
4089.5302734375
4932.6005859375
5804.109375
6704.5341796875
7634.201171875
8593.2724609375
9581.7373046875
10599.404296875
11645.8955078125
12720.63671875
13822.853515625
14951.572265625
16105.6162109375
17283.6015625
18483.94140625
19704.8515625
20944.3505859375
22200.26953125
23470.2548828125
24751.787109375
26042.1796875
27338.59765625
28638.076171875
29937.5283203125
31233.7626953125
32523.5009765625
33803.40234375
35070.07421875
36320.0966796875
37550.0400390625
38756.494140625
39936.07421875
41085.4609375
42201.4052734375
43280.75390625
44320.4765625
45317.677734375
46269.6123046875
47173.716796875
48027.6103515625
48829.12109375
49576.291015625
50267.3984375
50900.958984375
51475.740234375
51990.7646484375
52445.3173828125
52838.94921875
53171.4765625
53442.982421875
53653.810546875
53804.5634765625
53896.0986328125
53929.5146484375
53906.142578125
53827.5400390625
53695.466796875
53511.888671875
53278.939453125
52998.9248046875
52674.29296875
52307.6181640625
51901.5869140625
51458.97265625
50982.62109375
50475.4267578125
49940.322265625
49380.2412109375
48798.1240234375
48196.8818359375
47579.3837890625
46948.4443359375
46306.806640625
45657.123046875
45001.9501953125
44343.732421875
43684.7890625
43027.3115234375
42373.3505859375
41724.8134765625
41083.453125
40450.873046875
39828.5185546875
39217.6796875
38619.484375
38034.9150390625
37464.7919921875
36909.79296875
36370.4501953125
35847.1591796875
35340.1806640625
34849.650390625
34375.5927734375
33917.9140625
33476.4248046875
33050.841796875
32640.7978515625
32245.8515625
31865.494140625
31499.158203125
31146.228515625
30806.048828125
30477.9306640625
30161.1552734375
29854.990234375
29558.689453125
29271.4990234375
28992.6689453125
28721.451171875
28457.109375
28198.9228515625
27946.1875
27698.2216796875
27454.3720703125
27214.0087890625
26976.537109375
26741.3896484375
26508.0390625
26275.9912109375
26044.7900390625
25814.0205078125
25583.3056640625
25352.310546875
25120.7421875
24888.3505859375
24654.931640625
24420.3251953125
24184.416015625
23947.134765625
23708.4619140625
23468.4248046875
23227.0966796875
22984.60546875
22741.1240234375
22496.876953125
22252.1396484375
22007.2373046875
21762.546875
21518.494140625
21275.556640625
21034.2578125
20795.1708984375
20558.916015625
20326.1591796875
20097.6083984375
19874.0107421875
19656.1533203125
19444.8603515625
19240.982421875
19045.40234375
18859.025390625
18682.7724609375
18517.5869140625
18364.412109375
18224.2041015625
18097.912109375
17986.4775390625
17890.8330078125
17811.890625
17750.5361328125
17707.625
17683.9736328125
17680.3603515625
17697.5078125
17736.0927734375
17796.724609375
17879.9501953125
17986.248046875
18116.0205078125
18269.5908203125
18447.205078125
18649.017578125
18875.0966796875
19125.4228515625
19399.8798828125
19698.26171875
20020.26953125
20365.501953125
20733.474609375
21123.599609375
21535.2041015625
21967.51953125
22419.6943359375
22890.7900390625
23379.783203125
23885.578125
24406.9990234375
24942.8017578125
25491.6806640625
26052.2685546875
26623.1396484375
27202.8251953125
27789.8115234375
28382.544921875
28979.4462890625
29578.91015625
30179.3154296875
30779.029296875
31376.4140625
31969.8408203125
32557.685546875
33138.3427734375
33710.2373046875
34271.818359375
34821.5751953125
35358.046875
35879.8203125
36385.54296875
36873.9267578125
37343.7568359375
37793.89453125
38223.2841796875
38630.9599609375
39016.052734375
39377.787109375
39715.4951171875
40028.61328125
40316.693359375
40579.3935546875
40816.4951171875
41027.8955078125
41213.6083984375
41373.76953125
41508.63671875
41618.58203125
41704.095703125
41765.78515625
41804.3671875
41820.6669921875
41815.61328125
41790.234375
41745.646484375
41683.0517578125
41603.732421875
41509.0361328125
41400.3720703125
41279.2001953125
41147.0185546875
41005.359375
40855.76953125
40699.810546875
40539.0341796875
40374.98046875
40209.1650390625
40043.0625
39878.1005859375
39715.6474609375
39557.0009765625
39403.3740234375
39255.8974609375
39115.5947265625
38983.3876953125
38860.0791015625
38746.3505859375
38642.763671875
38549.7373046875
38467.5654296875
38396.40234375
38336.2626953125
38287.0244140625
38248.4326171875
38220.09765625
38201.4990234375
38191.9931640625
38190.8232421875
38197.115234375
38209.8974609375
38228.1064453125
38250.59765625
38276.15234375
38303.4970703125
38331.310546875
38358.240234375
38382.9140625
38403.9501953125
38419.9814453125
38429.6572265625
38431.6650390625
38424.7412109375
38407.68359375
38379.365234375
38338.7431640625
38284.876953125
38216.931640625
38134.1884765625
38036.056640625
37922.078125
37791.9365234375
37645.4560546875
37482.6123046875
37303.5322265625
37108.4951171875
36897.927734375
36672.4150390625
36432.685546875
36179.61328125
35914.21484375
35637.6376953125
35351.1552734375
35056.1640625
34754.1630859375
34446.7607421875
34135.6474609375
33822.59375
33509.4404296875
33198.0771484375
32890.443359375
32588.505859375
32294.2470703125
32009.658203125
31736.7216796875
31477.404296875
31233.638671875
31007.3173828125
30800.28125
30614.3076171875
30451.099609375
30312.2841796875
30199.3974609375
30113.875
30057.056640625
30030.169921875
30034.3330078125
30070.5419921875
30139.6806640625
30242.509765625
30379.666015625
30551.6630859375
30758.8994140625
31001.646484375
31280.060546875
31594.1865234375
31943.9501953125
32329.1748046875
32749.5810546875
33204.791015625
33694.3330078125
34217.6494140625
34774.10546875
35362.986328125
35983.5126953125
36634.8427734375
37316.08203125
38026.283203125
38764.45703125
39529.580078125
40320.595703125
41136.423828125
41975.9599609375
42838.0908203125
43721.685546875
44625.609375
45548.7216796875
46489.8857421875
47447.9599609375
48421.8095703125
49410.3076171875
50412.328125
51426.75390625
52452.47265625
53488.3818359375
54533.376953125
55586.361328125
56646.23828125
57711.9091796875
58782.271484375
59856.216796875
60932.6240234375
62010.3623046875
63088.28125
64165.2060546875
65239.9423828125
66311.2646484375
67377.9140625
68438.5966796875
69491.9765625
70536.677734375
71571.2744140625
72594.2939453125
73604.2119140625
74599.4501953125
75578.37890625
76539.3076171875
77480.4921875
78400.1376953125
79296.3876953125
80167.337890625
81011.033203125
81825.4697265625
82608.6025390625
83358.34765625
84072.587890625
84749.181640625
85385.9619140625
85980.7587890625
86531.3896484375
87035.6826171875
87491.482421875
87896.65234375
88249.095703125
88546.7685546875
88787.6748046875
88969.8994140625
89091.60546875
89151.0517578125
89146.60546875
89076.755859375
88940.1201171875
88735.466796875
88461.7158203125
88117.955078125
87703.453125
87217.6669921875
86660.2509765625
86031.06640625
85330.1923828125
84557.9267578125
83714.7958984375
82801.560546875
81819.2158203125
80768.9951171875
79652.3759765625
78471.0673828125
77227.0234375
75922.4287109375
74559.69921875
73141.474609375
71670.6142578125
70150.1806640625
68583.44140625
66973.84765625
65325.0244140625
63640.7607421875
61924.98828125
60181.7724609375
58415.2861328125
56629.8056640625
54829.6787109375
53019.310546875
51203.1484375
49385.6513671875
47571.2802734375
45764.4755859375
43969.6259765625
42191.060546875
40433.02734375
38699.6640625
36994.9873046875
35322.8720703125
33687.0322265625
32091.0068359375
30538.1396484375
29031.56640625
27574.2001953125
26168.724609375
24817.5732421875
23522.9267578125
22286.705078125
21110.55859375
19995.8623046875
18943.7158203125
17954.9423828125
17030.0791015625
16169.3974609375
15372.888671875
14640.2802734375
13971.03515625
13364.365234375
12819.2353515625
12334.3837890625
11908.3212890625
11539.3564453125
11225.59765625
10964.984375
10755.287109375
10594.1337890625
10479.0234375
10407.34765625
10376.404296875
10383.416015625
10425.5556640625
10499.951171875
10603.7197265625
10733.9716796875
10887.8369140625
11062.4736328125
11255.09375
11462.9677734375
11683.44921875
11913.9794921875
12152.1015625
12395.478515625
12641.8955078125
12889.267578125
13135.6533203125
13379.2587890625
13618.4404296875
13851.7099609375
14077.73828125
14295.3525390625
14503.537109375
14701.4365234375
14888.3505859375
15063.7265625
15227.158203125
15378.3837890625
15517.271484375
15643.818359375
15758.142578125
15860.46875
15951.1279296875
16030.5380859375
16099.2041015625
16157.701171875
16206.6650390625
16246.7861328125
16278.7978515625
16303.4599609375
16321.5576171875
16333.888671875
16341.251953125
16344.4443359375
16344.2412109375
16341.4033203125
16336.6552734375
16330.6904296875
16324.1572265625
16317.6513671875
16311.72265625
16306.8564453125
16303.4833984375
16301.9609375
16302.5849609375
16305.5810546875
16311.10546875
16319.23828125
16329.994140625
16343.3125
16359.064453125
16377.048828125
16397.0009765625
16418.5859375
16441.408203125
16465.01171875
16488.8818359375
16512.4462890625
16535.087890625
16556.13671875
16574.8798828125
16590.5673828125
16602.41015625
16609.59375
16611.2705078125
16606.5732421875
16594.619140625
16574.509765625
16545.3408203125
16506.2080078125
16456.203125
16394.431640625
16320.0087890625
16232.068359375
16129.7685546875
16012.296875
15878.8759765625
15728.7666015625
15561.27734375
15375.7685546875
15171.654296875
14948.4140625
14705.5927734375
14442.8115234375
14159.767578125
13856.23828125
13532.0927734375
13187.291015625
12821.890625
12436.046875
12030.017578125
11604.1689453125
11158.9765625
10695.0244140625
10213.009765625
9713.7431640625
9198.1435546875
8667.2470703125
8122.1982421875
7564.251953125
6994.7646484375
6415.2001953125
5827.1181640625
5232.169921875
4632.09765625
4028.72265625
3423.9365234375
2819.703125
2218.0400390625
1621.0126953125
1030.7294921875
449.32421875
-121.046875
-678.224609375
-1220.048828125
-1744.37109375
-2249.0693359375
-2732.0595703125
-3191.2998046875
-3624.806640625
-4030.6650390625
-4407.037109375
-4752.1708984375
-5064.4130859375
-5342.2099609375
-5584.1259765625
-5788.8427734375
-5955.16796875
-6082.037109375
-6168.5283203125
-6213.8525390625
-6217.3671875
-6178.57421875
-6097.115234375
-5972.7841796875
-5805.5126953125
-5595.3818359375
-5342.603515625
-5047.5341796875
-4710.65625
-4332.58203125
-3914.0458984375
-3455.89453125
-2959.0859375
-2424.677734375
-1853.8232421875
-1247.7587890625
-607.7998046875
64.666015625
768.1923828125
1501.2822265625
2262.384765625
3049.919921875
3862.2744140625
4697.8134765625
5554.884765625
6431.8359375
7327.00390625
8238.7333984375
9165.376953125
10105.3037109375
11056.900390625
12018.5751953125
12988.763671875
13965.9296875
14948.568359375
15935.2099609375
16924.416015625
17914.7861328125
18904.95703125
19893.6005859375
20879.427734375
21861.185546875
22837.658203125
23807.6650390625
24770.064453125
25723.7431640625
26667.630859375
27600.681640625
28521.8916015625
29430.2802734375
30324.9052734375
31204.8515625
32069.2373046875
32917.212890625
33747.9541015625
34560.6748046875
35354.6142578125
36129.0498046875
36883.2861328125
37616.6630859375
38328.55859375
39018.3828125
39685.58203125
40329.6474609375
40950.1005859375
41546.51171875
42118.48828125
42665.6865234375
43187.802734375
43684.5830078125
44155.8173828125
44601.34765625
45021.0634765625
45414.8994140625
45782.845703125
46124.94140625
46441.2734375
46731.9794921875
46997.248046875
47237.310546875
47452.4521484375
47643.0
47809.3271484375
47951.8505859375
48071.0234375
48167.3427734375
48241.3408203125
48293.58203125
48324.6650390625
48335.2158203125
48325.88671875
48297.3525390625
48250.3076171875
48185.46875
48103.5625
48005.3291015625
47891.517578125
47762.8828125
47620.18359375
47464.1787109375
47295.6279296875
47115.2841796875
46923.896484375
46722.203125
46510.9345703125
46290.8056640625
46062.5205078125
45826.7626953125
45584.2021484375
45335.4873046875
45081.248046875
44822.087890625
44558.5908203125
44291.314453125
44020.7900390625
43747.5185546875
43471.9794921875
43194.6142578125
42915.8369140625
42636.0302734375
42355.5390625
42074.673828125
41793.712890625
41512.890625
41232.404296875
40952.4091796875
40673.0205078125
40394.310546875
40116.302734375
39838.9755859375
39562.2646484375
39286.05078125
39010.1708984375
38734.4072265625
38458.494140625
38182.1171875
37904.9033203125
37626.439453125
37346.251953125
37063.8232421875
36778.5888671875
36489.935546875
36197.2041015625
35899.6962890625
35596.67578125
35287.3701171875
34970.9736328125
34646.6572265625
34313.5693359375
33970.8408203125
33617.5966796875
33252.955078125
32876.037109375
32485.98046875
32081.9345703125
31663.0791015625
31228.6318359375
30777.8486328125
30310.0458984375
29824.59375
29320.943359375
28798.6162109375
28257.228515625
27696.4931640625
27116.23046875
26516.373046875
25896.9794921875
25258.232421875
24600.4541015625
23924.111328125
23229.8095703125
22518.3154296875
21790.54296875
21047.5625
20290.60546875
19521.0615234375
18740.47265625
17950.5361328125
17153.1025390625
16350.1630859375
15543.8486328125
14736.4228515625
13930.271484375
13127.888671875
12331.873046875
11544.90625
10769.7470703125
10009.2119140625
9266.1611328125
8543.4775390625
7844.05859375
7170.7861328125
6526.5185546875
5914.0673828125
5336.17578125
4795.5
4294.595703125
3835.8916015625
3421.677734375
3054.0810546875
2735.05078125
2466.3466796875
2249.5146484375
2085.8837890625
1976.5419921875
1922.333984375
1923.8466796875
1981.40625
2095.0625
2264.6015625
2489.521484375
2769.0556640625
3102.15234375
3487.501953125
3923.51953125
4408.3720703125
4939.978515625
5516.0244140625
6133.9755859375
6791.09375
7484.4560546875
8210.9716796875
8967.400390625
9750.376953125
10556.4345703125
11382.0205078125
12223.529296875
13077.3193359375
13939.74609375
14807.173828125
15676.0107421875
16542.7236328125
17403.87109375
18256.1123046875
19096.2431640625
19921.201171875
20728.0927734375
21514.20703125
22277.0283203125
23014.2568359375
23723.80859375
24403.83203125
25052.712890625
25669.078125
26251.796875
26799.9833984375
27312.994140625
27790.421875
28232.08984375
28638.046875
29008.5537109375
29344.0712890625
29645.2470703125
29912.9052734375
30148.0224609375
30351.7197265625
30525.2373046875
30669.9150390625
30787.1845703125
30878.5361328125
30945.5107421875
30989.66796875
31012.5859375
31015.8251953125
31000.9208984375
30969.3662109375
30922.595703125
30861.970703125
30788.76953125
30704.1748046875
30609.2646484375
30505.0087890625
30392.255859375
30271.736328125
30144.0595703125
30009.712890625
29869.0595703125
29722.3505859375
29569.72265625
29411.2080078125
29246.744140625
29076.1796875
28899.2880859375
28715.779296875
28525.310546875
28327.5029296875
28121.9521484375
27908.244140625
27685.9716796875
27454.744140625
27214.2060546875
26964.046875
26704.0185546875
26433.9462890625
26153.7373046875
25863.392578125
25563.021484375
25252.83984375
24933.185546875
24604.5185546875
24267.423828125
23922.6162109375
23570.9404296875
23213.3662109375
22850.9892578125
22485.0234375
22116.796875
21747.7421875
21379.3896484375
21013.353515625
20651.3232421875
20295.0498046875
19946.3330078125
19607.0009765625
19278.9052734375
18963.8974609375
18663.8134765625
18380.462890625
18115.6083984375
17870.9462890625
17648.1005859375
17448.59765625
17273.8583984375
17125.1845703125
17003.7392578125
16910.54296875
16846.45703125
16812.1787109375
16808.23046875
16834.955078125
16892.5068359375
16980.8564453125
17099.779296875
17248.861328125
17427.5
17634.9033203125
17870.099609375
18131.939453125
18419.1064453125
18730.123046875
19063.36328125
19417.0634765625
19789.3359375
20178.1806640625
20581.50390625
20997.1259765625
21422.810546875
21856.265625
22295.1748046875
22737.2060546875
23180.0322265625
23621.34765625
24058.888671875
24490.447265625
24913.8876953125
25327.1650390625
25728.337890625
26115.5888671875
26487.23046875
26841.720703125
27177.6787109375
27493.888671875
27789.3125
28063.1005859375
28314.5888671875
28543.3115234375
28749.0048828125
28931.6005859375
29091.2373046875
29228.2509765625
29343.1728515625
29436.7294921875
29509.83203125
29563.57421875
29599.216796875
29618.1845703125
29622.048828125
29612.5185546875
29591.4296875
29560.7216796875
29522.431640625
29478.6728515625
29431.6201171875
29383.4921875
29336.53125
29292.9921875
29255.119140625
29225.126953125
29205.1865234375
29197.4072265625
29203.8173828125
29226.353515625
29266.837890625
29326.9638671875
29408.29296875
29512.2236328125
29640.0
29792.6845703125
29971.15625
30176.10546875
30408.0205078125
30667.189453125
30953.69140625
31267.400390625
31607.9794921875
31974.8828125
32367.3671875
32784.482421875
33225.0888671875
33687.859375
34171.2900390625
34673.705078125
35193.2822265625
35728.044921875
36275.892578125
36834.6083984375
37401.8720703125
37975.2841796875
38552.3720703125
39130.6162109375
39707.4609375
40280.33984375
40846.681640625
41403.9384765625
41949.599609375
42481.20703125
42996.373046875
43492.7978515625
43968.28125
44420.7431640625
44848.23046875
45248.9345703125
45621.203125
45963.544921875
46274.646484375
46553.37890625
46798.796875
47010.15625
47186.9091796875
47328.7099609375
47435.4189453125
47507.09765625
47544.0087890625
47546.6201171875
47515.587890625
47451.767578125
47356.19140625
47230.0732421875
47074.794921875
46891.89453125
46683.0615234375
46450.1201171875
46195.0205078125
45919.82421875
45626.69140625
45317.8681640625
44995.666015625
44662.455078125
44320.6474609375
43972.6748046875
43620.98046875
43268.0078125
42916.16796875
42567.84765625
42225.37890625
41891.02734375
41566.9833984375
41255.34375
40958.1064453125
40677.1455078125
40414.212890625
40170.9248046875
39948.74609375
39748.9892578125
39572.8037109375
39421.166015625
39294.884765625
39194.5830078125
39120.705078125
39073.5068359375
39053.0654296875
39059.267578125
39091.81640625
39150.23828125
39233.8779296875
39341.9130859375
39473.3515625
39627.0419921875
39801.6875
39995.84375
40207.9404296875
40436.28515625
40679.078125
40934.42578125
41200.34765625
41474.802734375
41755.693359375
42040.880859375
42328.208984375
42615.505859375
42900.61328125
43181.3935546875
43455.7470703125
43721.6259765625
43977.0537109375
44220.130859375
44449.0556640625
44662.1328125
44857.7880859375
45034.58203125
45191.2099609375
45326.51953125
45439.5224609375
45529.3896484375
45595.4658203125
45637.2685546875
45654.49609375
45647.0234375
45614.9072265625
45558.3828125
45477.8623046875
45373.9248046875
45247.322265625
45098.9619140625
44929.908203125
44741.365234375
44534.67578125
44311.302734375
44072.818359375
43820.8994140625
43557.3046875
43283.8681640625
43002.4794921875
42715.07421875
42423.6162109375
42130.087890625
41836.4658203125
41544.71875
41256.787109375
40974.5654296875
40699.9013671875
40434.5712890625
40180.2763671875
39938.6259765625
39711.13671875
39499.2119140625
39304.14453125
39127.1015625
38969.12890625
38831.1328125
38713.892578125
38618.041015625
38544.08203125
38492.3720703125
38463.1357421875
38456.4619140625
38472.3037109375
38510.4921875
38570.7294921875
38652.6025390625
38755.587890625
38879.0576171875
39022.28515625
39184.4599609375
39364.6875
39562.00390625
39775.384765625
40003.748046875
40245.9716796875
40500.8935546875
40767.333984375
41044.0869140625
41329.94140625
41623.6865234375
41924.1162109375
42230.0380859375
42540.283203125
42853.7099609375
43169.2080078125
43485.70703125
43802.181640625
44117.65234375
44431.19140625
44741.923828125
45049.037109375
45351.7734375
45649.4345703125
45941.38671875
46227.0546875
46505.9296875
46777.55859375
47041.5517578125
47297.5791015625
47545.3662109375
47784.6953125
48015.400390625
48237.3681640625
48450.53125
48654.8671875
48850.3955078125
49037.1728515625
49215.2939453125
49384.87890625
49546.0771484375
49699.0634765625
49844.0244140625
49981.1728515625
50110.7236328125
50232.900390625
50347.931640625
50456.044921875
50557.45703125
50652.3837890625
50741.0224609375
50823.5556640625
50900.146484375
50970.931640625
51036.0244140625
51095.50390625
51149.4208984375
51197.7890625
51240.58203125
51277.73828125
51309.1533203125
51334.6806640625
51354.130859375
51367.271484375
51373.82421875
51373.4736328125
51365.8583984375
51350.5791015625
51327.1953125
51295.2353515625
51254.193359375
51203.5341796875
51142.69921875
51071.1064453125
50988.166015625
50893.2705078125
50785.814453125
50665.1923828125
50530.80859375
50382.083984375
50218.4619140625
50039.416015625
49844.458984375
49633.1474609375
49405.091796875
49159.9609375
48897.4912109375
48617.494140625
48319.861328125
48004.5673828125
47671.6845703125
47321.3779296875
46953.9189453125
46569.681640625
46169.15234375
45752.92578125
45321.71484375
44876.341796875
44417.748046875
43946.9873046875
43465.224609375
42973.7353515625
42473.90234375
41967.2109375
41455.240234375
40939.6640625
40422.2373046875
39904.796875
39389.2431640625
38877.54296875
38371.708984375
37873.798828125
37385.9013671875
36910.1259765625
36448.59375
36003.42578125
35576.734375
35170.607421875
34787.103515625
34428.2353515625
34095.966796875
33792.1962890625
33518.7529296875
33277.3818359375
33069.740234375
32897.38671875
32761.7763671875
32664.25
32606.0302734375
32588.21875
32611.787109375
32677.57421875
32786.2861328125
32938.486328125
33134.6025390625
33374.91796875
33659.5751953125
33988.5712890625
34361.76953125
34778.8828125
35239.4951171875
35743.044921875
36288.841796875
36876.0615234375
37503.7548828125
38170.8427734375
38876.130859375
39618.3046875
40395.9384765625
41207.4970703125
42051.3447265625
42925.7431640625
43828.861328125
44758.7802734375
45713.4931640625
46690.9169921875
47688.890625
48705.1865234375
49737.509765625
50783.5068359375
51840.76953125
52906.83984375
53979.2177734375
55055.3623046875
56132.701171875
57208.634765625
58280.5380859375
59345.775390625
60401.69921875
61445.6572265625
62475.001953125
63487.0927734375
64479.30859375
65449.048828125
66393.7431640625
67310.8564453125
68197.9033203125
69052.443359375
69872.099609375
70654.55859375
71397.5830078125
72099.015625
72756.78515625
73368.9189453125
73933.546875
74448.90625
74913.349609375
75325.3544921875
75683.521484375
75986.58984375
76233.4296875
76423.0595703125
76554.6416015625
76627.4873046875
76641.0595703125
76594.978515625
76489.015625
76323.1044921875
76097.3291015625
75811.9326171875
75467.310546875
75064.0146484375
74602.7412109375
74084.337890625
73509.791015625
72880.2265625
72196.9072265625
71461.21484375
70674.658203125
69838.8642578125
68955.5595703125
68026.578125
67053.8486328125
66039.3798828125
64985.2666015625
63893.669921875
62766.8154296875
61606.986328125
60416.5107421875
59197.7607421875
57953.1376953125
56685.076171875
55396.0224609375
54088.4453125
52764.8125
51427.595703125
50079.265625
48722.283203125
47359.091796875
45992.1220703125
44623.779296875
43256.4453125
41892.47265625
40534.1796875
39183.85546875
37843.7470703125
36516.0673828125
35202.98046875
33906.61328125
32629.046875
31372.3134765625
30138.3955078125
28929.224609375
27746.68359375
26592.59375
25468.7255859375
24376.7890625
23318.427734375
22295.2294921875
21308.705078125
20360.3037109375
19451.3974609375
18583.2841796875
17757.177734375
16974.2138671875
16235.435546875
15541.7978515625
14894.1611328125
14293.28515625
13739.826171875
13234.3369140625
12777.255859375
12368.908203125
12009.50390625
11699.1298828125
11437.751953125
11225.2099609375
11061.2138671875
10945.3505859375
10877.072265625
10855.701171875
10880.4345703125
10950.3359375
11064.34375
11221.2744140625
11419.81640625
11658.5458984375
11935.9248046875
12250.302734375
12599.931640625
12982.9638671875
13397.46484375
13841.419921875
14312.73828125
14809.2685546875
15328.8017578125
15869.0859375
16427.8349609375
17002.7333984375
17591.4580078125
18191.67578125
18801.0634765625
19417.314453125
20038.1474609375
20661.3232421875
21284.64453125
21905.974609375
22523.240234375
23134.443359375
23737.66796875
24331.0869140625
24912.966796875
25481.6787109375
26035.69921875
26573.61328125
27094.1220703125
27596.0419921875
28078.3076171875
28539.97265625
28980.205078125
29398.298828125
29793.6533203125
30165.7900390625
30514.3330078125
30839.017578125
31139.67578125
31416.2392578125
31668.728515625
31897.2470703125
32101.974609375
32283.166015625
32441.1376953125
32576.259765625
32688.9541015625
32779.6845703125
32848.947265625
32897.26953125
32925.1953125
32933.2890625
32922.1142578125
32892.2470703125
32844.2529296875
32778.6953125
32696.1240234375
32597.0751953125
32482.0625
32351.5869140625
32206.1201171875
32046.1181640625
31872.0068359375
31684.193359375
31483.060546875
31268.97265625
31042.2734375
30803.2919921875
30552.3427734375
30289.7314453125
30015.7568359375
29730.716796875
29434.91015625
29128.6416015625
28812.232421875
28486.0126953125
28150.33984375
27805.5908203125
27452.1767578125
27090.5390625
26721.158203125
26344.55859375
25961.306640625
25572.0146484375
25177.349609375
24778.0263671875
24374.8134765625
23968.5361328125
23560.068359375
23150.341796875
22740.33984375
22331.0927734375
21923.689453125
21519.25
21118.9482421875
20723.9912109375
20335.619140625
19955.1005859375
19583.728515625
19222.80859375
18873.66015625
18537.603515625
18215.9560546875
17910.0224609375
17621.0869140625
17350.412109375
17099.220703125
16868.6953125
16659.966796875
16474.1083984375
16312.12890625
16174.96484375
16063.4697265625
15978.4111328125
15920.466796875
15890.2119140625
15888.119140625
15914.55078125
15969.755859375
16053.8671875
16166.8955078125
16308.7294921875
16479.1328125
16677.744140625
16904.076171875
17157.515625
17437.3291015625
17742.65234375
18072.51171875
18425.8125
18801.3515625
19197.8154296875
19613.796875
20047.7890625
20498.2021484375
20963.365234375
21441.541015625
21930.9287109375
22429.67578125
22935.890625
23447.650390625
23963.0107421875
24480.0205078125
24996.7333984375
25511.21484375
26021.5576171875
26525.8955078125
27022.4111328125
27509.3486328125
27985.02734375
28447.8515625
28896.3193359375
29329.0390625
29744.7353515625
30142.255859375
30520.5859375
30878.853515625
31216.3349609375
31532.4658203125
31826.8427734375
32099.2275390625
32349.5537109375
32577.923828125
32784.6142578125
32970.076171875
33134.9267578125
33279.95703125
33406.115234375
33514.5166015625
33606.4228515625
33683.240234375
33746.513671875
33797.9111328125
33839.212890625
33872.30078125
33899.1474609375
33921.7939453125
33942.341796875
33962.935546875
33985.7392578125
34012.9326171875
34046.6806640625
34089.12109375
34142.3486328125
34208.3896484375
34289.197265625
34386.6201171875
34502.392578125
34638.1162109375
34795.2470703125
34975.078125
35178.7255859375
35407.1181640625
35660.984375
35940.841796875
36246.994140625
36579.517578125
36938.259765625
37322.8359375
37732.6279296875
38166.7841796875
38624.2216796875
39103.630859375
39603.4833984375
40122.03515625
40657.3447265625
41207.2763671875
41769.5166015625
42341.591796875
42920.880859375
43504.634765625
44089.9951171875
44674.015625
45253.6787109375
45825.9228515625
46387.6630859375
46935.80859375
47467.2958984375
47979.09765625
48468.2626953125
48931.921875
49367.3203125
49771.83203125
50142.986328125
50478.4794921875
50776.197265625
51034.23046875
51250.884765625
51424.701171875
51554.4599609375
51639.197265625
51678.2021484375
51671.03125
51617.505859375
51517.7177734375
51372.0205078125
51181.0361328125
50945.640625
50666.9658203125
50346.3779296875
49985.48046875
49586.09375
49150.240234375
48680.1357421875
48178.16015625
47646.857421875
47088.8974609375
46507.0712890625
45904.263671875
45283.4345703125
44647.5966796875
43999.798828125
43343.09765625
42680.54296875
42015.16015625
41349.9248046875
40687.7451171875
40031.451171875
39383.76953125
38747.3125
38124.56640625
37517.875
36929.4306640625
36361.2626953125
35815.2333984375
35293.029296875
34796.1533203125
34325.9287109375
33883.4921875
33469.79296875
33085.5966796875
32731.4912109375
32407.884765625
32115.009765625
31852.9384765625
31621.5830078125
31420.7041015625
31249.9228515625
31108.7275390625
30996.4873046875
30912.4619140625
30855.8076171875
30825.59765625
30820.826171875
30840.4208984375
30883.2548828125
30948.158203125
31033.927734375
31139.3349609375
31263.138671875
31404.0888671875
31560.9462890625
31732.470703125
31917.4501953125
32114.6865234375
32323.017578125
32541.3125
32768.474609375
33003.4501953125
33245.2314453125
33492.8505859375
33745.390625
34001.9765625
34261.78515625
34524.0380859375
34788.0068359375
35053.0009765625
35318.380859375
35583.548828125
35847.9453125
36111.0498046875
36372.3837890625
36631.4990234375
36887.9814453125
37141.4521484375
37391.560546875
37637.9833984375
37880.42578125
38118.6181640625
38352.3154296875
38581.298828125
38805.37109375
39024.359375
39238.111328125
39446.5
39649.4169921875
39846.7841796875
40038.5380859375
40224.64453125
40405.0908203125
40579.888671875
40749.0771484375
40912.7158203125
41070.8955078125
41223.7265625
41371.349609375
41513.9296875
41651.65625
41784.7470703125
41913.4384765625
42037.99609375
42158.703125
42275.87109375
42389.8232421875
42500.9033203125
42609.4765625
42715.9150390625
42820.607421875
42923.9501953125
43026.3447265625
43128.19921875
43229.9248046875
43331.9287109375
43434.61328125
43538.37890625
43643.6123046875
43750.6904296875
43859.9755859375
43971.80859375
44086.5205078125
44204.4130859375
44325.767578125
44450.841796875
44579.8662109375
44713.046875
44850.5546875
44992.5380859375
45139.115234375
45290.373046875
45446.369140625
45607.134765625
45772.671875
45942.9501953125
46117.919921875
46297.4970703125
46481.5830078125
46670.048828125
46862.74609375
47059.5087890625
47260.146484375
47464.4599609375
47672.228515625
47883.22265625
48097.1982421875
48313.900390625
48533.0712890625
48754.4375
48977.7265625
49202.66015625
49428.951171875
49656.31640625
49884.4697265625
50113.119140625
50341.9775390625
50570.7568359375
50799.1669921875
51026.9208984375
51253.7314453125
51479.3125
51703.3798828125
51925.646484375
52145.830078125
52363.646484375
52578.814453125
52791.0498046875
53000.0712890625
53205.59375
53407.337890625
53605.017578125
53798.3525390625
53987.0576171875
54170.8505859375
54349.447265625
54522.5673828125
54689.9296875
54851.2529296875
55006.2626953125
55154.6806640625
55296.2392578125
55430.6689453125
55557.7109375
55677.1083984375
55788.615234375
55891.990234375
55987.005859375
56073.44140625
56151.091796875
56219.759765625
56279.26953125
56329.45703125
56370.171875
56401.2900390625
56422.7001953125
56434.31640625
56436.072265625
56427.9248046875
56409.85546875
56381.8740234375
56344.0146484375
56296.3388671875
56238.9423828125
56171.9462890625
56095.50390625
56009.802734375
55915.0634765625
55811.5380859375
55699.5185546875
55579.3291015625
55451.333984375
55315.9306640625
55173.55859375
55024.69140625
54869.84765625
54709.576171875
54544.4716796875
54375.1650390625
54202.326171875
54026.658203125
53848.9072265625
53669.8515625
53490.3037109375
53311.111328125
53133.150390625
52957.3271484375
52784.5693359375
52615.833984375
52452.0947265625
52294.337890625
52143.5673828125
52000.7890625
51867.0166015625
51743.2568359375
51630.51171875
51529.76953125
51441.998046875
51368.140625
51309.107421875
51265.7734375
51238.9658203125
51229.4599609375
51237.9755859375
51265.1640625
51311.609375
51377.8134765625
51464.1962890625
51571.0908203125
51698.7294921875
51847.2490234375
52016.6806640625
52206.9462890625
52417.8544921875
52649.1044921875
52900.275390625
53170.8291015625
53460.1123046875
53767.3505859375
54091.6572265625
54432.033203125
54787.3662109375
55156.4384765625
55537.931640625
55930.4375
56332.451171875
56742.392578125
57158.607421875
57579.3818359375
58002.9453125
58427.482421875
58851.1552734375
59272.0947265625
59688.4296875
60098.2900390625
60499.822265625
60891.2001953125
61270.6396484375
61636.4052734375
61986.828125
62320.3154296875
62635.3603515625
62930.552734375
63204.58984375
63456.2890625
63684.5849609375
63888.5546875
64067.4052734375
64220.4931640625
64347.322265625
64447.548828125
64520.9833984375
64567.5947265625
64587.5009765625
64580.9833984375
64548.466796875
64490.5283203125
64407.888671875
64301.4013671875
64172.0576171875
64020.966796875
63849.3544921875
63658.546875
63449.970703125
63225.1318359375
62985.607421875
62733.037109375
62469.1044921875
62195.529296875
61914.0546875
61626.4267578125
61334.392578125
61039.6796875
60743.9873046875
60448.9716796875
60156.234375
59867.3125
59583.669921875
59306.6796875
59037.6240234375
58777.6787109375
58527.9091796875
58289.2626953125
58062.5634765625
57848.50390625
57647.646484375
57460.4169921875
57287.1064453125
57127.86328125
56982.7041015625
56851.5048828125
56734.0087890625
56629.8310546875
56538.455078125
56459.2470703125
56391.4580078125
56334.228515625
56286.599609375
56247.5185546875
56215.8515625
56190.3857421875
56169.8466796875
56152.9052734375
56138.1884765625
56124.2939453125
56109.791015625
56093.2451171875
56073.2216796875
56048.294921875
56017.0673828125
55978.1728515625
55930.2919921875
55872.162109375
55802.5830078125
55720.4306640625
55624.666015625
55514.34375
55388.6142578125
55246.7392578125
55088.08984375
54912.1591796875
54718.560546875
54507.0341796875
54277.4521484375
54029.8134765625
53764.2529296875
53481.0341796875
53180.548828125
52863.322265625
52530.0
52181.349609375
51818.251953125
51441.7001953125
51052.787109375
50652.7021484375
50242.716796875
49824.181640625
49398.513671875
48967.1845703125
48531.7080078125
48093.6357421875
47654.5361328125
47215.9873046875
46779.5625
46346.8203125
45919.2880859375
45498.455078125
45085.7548828125
44682.5546875
44290.1513671875
43909.74609375
43542.451171875
43189.265625
42851.0791015625
42528.6533203125
42222.625
41933.4951171875
41661.6240234375
41407.23046875
41170.3896484375
40951.033203125
40748.9423828125
40563.7646484375
40395.0
40242.0185546875
40104.0576171875
39980.2353515625
39869.55078125
39770.904296875
39683.095703125
39604.841796875
39534.7890625
39471.525390625
39413.587890625
39359.4853515625
39307.7099609375
39256.7490234375
39205.099609375
39151.2890625
39093.8837890625
39031.50390625
38962.841796875
38886.669921875
38801.857421875
38707.380859375
38602.333984375
38485.94140625
38357.5615234375
38216.701171875
38063.017578125
37896.32421875
37716.59765625
37523.9736328125
37318.7529296875
37101.400390625
36872.5390625
36632.9521484375
36383.5732421875
36125.4833984375
35859.896484375
35588.1591796875
35311.7353515625
35032.19921875
34751.2109375
34470.517578125
34191.93359375
33917.3212890625
33648.58203125
33387.638671875
33136.4130859375
32896.8203125
32670.7470703125
32460.03515625
32266.46484375
32091.7412109375
31937.484375
31805.203125
31696.2919921875
31612.0166015625
31553.498046875
31521.7080078125
31517.45703125
31541.384765625
31593.958984375
31675.4619140625
31785.99609375
31925.4765625
32093.6259765625
32289.9833984375
32513.9033203125
32764.5556640625
33040.9345703125
33341.861328125
33665.9931640625
34011.83203125
34377.732421875
34761.9150390625
35162.4736328125
35577.3935546875
36004.556640625
36441.765625
36886.7490234375
37337.1806640625
37790.69140625
38244.8916015625
38697.376953125
39145.7509765625
39587.63671875
40020.6943359375
40442.6318359375
40851.22265625
41244.3212890625
41619.8671875
41975.9111328125
42310.6142578125
42622.2666015625
42909.291015625
43170.259765625
43403.8955078125
43609.083984375
43784.873046875
43930.486328125
44045.3212890625
44128.9501953125
44181.12890625
44201.7919921875
44191.052734375
44149.205078125
44076.716796875
43974.228515625
43842.5537109375
43682.6630859375
43495.6875
43282.91015625
43045.7509765625
42785.7744140625
42504.662109375
42204.21875
41886.3525390625
41553.0732421875
41206.474609375
40848.7275390625
40482.06640625
40108.783203125
39731.2099609375
39351.7109375
38972.6748046875
38596.490234375
38225.5546875
37862.2490234375
37508.9306640625
37167.9228515625
36841.505859375
36531.91015625
36241.2978515625
35971.765625
35725.3251953125
35503.900390625
35309.3232421875
35143.3203125
35007.5068359375
34903.3857421875
34832.3359375
34795.611328125
34794.3359375
34829.4951171875
34901.939453125
35012.37890625
35161.376953125
35349.3544921875
35576.5859375
35843.1982421875
36149.1728515625
36494.34375
36878.4013671875
37300.8896484375
37761.216796875
38258.6474609375
38792.3125
39361.21484375
39964.2275390625
40600.1015625
41267.4755859375
41964.87109375
42690.7119140625
43443.3212890625
44220.93359375
45021.7001953125
45843.6982421875
46684.9423828125
47543.384765625
48416.935546875
49303.462890625
50200.8076171875
51106.794921875
52019.232421875
52935.939453125
53854.7392578125
54773.4794921875
55690.0361328125
56602.3310546875
57508.333984375
58406.0712890625
59293.6455078125
60169.2294921875
61031.0888671875
61877.578125
62707.1533203125
63518.37890625
64309.9287109375
65080.599609375
65829.3056640625
66555.0908203125
67257.12109375
67934.69921875
68587.2509765625
69214.3369140625
69815.64453125
70390.98828125
70940.3037109375
71463.6513671875
71961.201171875
72433.232421875
72880.130859375
73302.3720703125
73700.51953125
74075.216796875
74427.1787109375
74757.171875
75066.0234375
75354.5888671875
75623.76171875
75874.44921875
76107.5693359375
76324.0380859375
76524.76171875
76710.62109375
76882.47265625
77041.1328125
77187.3720703125
77321.9091796875
77445.40625
77558.4619140625
77661.60546875
77755.30078125
77839.939453125
77915.83984375
77983.251953125
78042.3544921875
78093.2626953125
78136.0283203125
78170.6474609375
78197.0673828125
78215.189453125
78224.8857421875
78225.998046875
78218.353515625
78201.7763671875
78176.0927734375
78141.1474609375
78096.8125
78042.9990234375
77979.66796875
77906.83984375
77824.609375
77733.1533203125
77632.736328125
77523.72265625
77406.5859375
77281.9130859375
77150.404296875
77012.8876953125
76870.3134765625
76723.7578125
76574.421875
76423.6328125
76272.8349609375
76123.5859375
75977.556640625
75836.515625
75702.318359375
75576.9072265625
75462.28515625
75360.513671875
75273.69140625
75203.943359375
75153.3994140625
75124.1845703125
75118.3955078125
75138.087890625
75185.2529296875
75261.806640625
75369.5712890625
75510.251953125
75685.4287109375
75896.541015625
76144.8642578125
76431.509765625
76757.4033203125
77123.2802734375
77529.6708984375
77976.9033203125
78465.087890625
78994.1181640625
79563.671875
80173.205078125
80821.9638671875
81508.9755859375
82233.068359375
82992.869140625
83786.8193359375
84613.1826171875
85470.05859375
86355.400390625
87267.025390625
88202.6396484375
89159.841796875
90136.1591796875
91129.0546875
92135.955078125
93154.2607421875
94181.3759765625
95214.72265625
96251.767578125
97290.0322265625
98327.115234375
99360.7138671875
100388.63671875
101408.8212890625
102419.3447265625
103418.4453125
104404.5224609375
105376.158203125
106332.115234375
107271.3505859375
108193.0185546875
109096.4736328125
109981.267578125
110847.1591796875
111694.1005859375
112522.2412109375
113331.919921875
114123.65625
114898.146484375
115656.2490234375
116398.978515625
117127.490234375
117843.068359375
118547.11328125
119241.125
119926.6953125
120605.478515625
121279.1982421875
121949.603515625
122618.482421875
123287.6259765625
123958.826171875
124633.8515625
125314.44140625
126002.291015625
126699.037109375
127406.2490234375
128125.4150390625
128857.935546875
129605.1162109375
130368.1552734375
131148.142578125
131946.052734375
132762.7392578125
133598.9306640625
134455.2353515625
135332.1337890625
136229.978515625
137149.0029296875
138089.3154296875
139050.9033203125
140033.64453125
141037.298828125
142061.5234375
143105.875
144169.81640625
145252.7236328125
146353.890625
147472.5400390625
148607.830078125
149758.8603515625
150924.6796875
152104.298828125
153296.6875
154500.796875
155715.5556640625
156939.880859375
158172.68359375
159412.8818359375
160659.3984375
161911.1728515625
163167.16015625
164426.3486328125
165687.748046875
166950.4091796875
168213.4169921875
169475.896484375
170737.0185546875
171995.9970703125
173252.095703125
174504.625
175752.94140625
176996.4521484375
178234.6103515625
179466.9169921875
180692.916015625
181912.1953125
183124.3828125
184329.140625
185526.16796875
186715.1904296875
187895.9619140625
189068.255859375
190231.859375
191386.576171875
192532.2119140625
193668.5751953125
194795.4658203125
195912.681640625
197019.998046875
198117.171875
199203.93359375
200279.9853515625
201344.990234375
202398.5732421875
203440.3125
204469.744140625
205486.3447265625
206489.5458984375
207478.716796875
208453.171875
209412.16796875
210354.9013671875
211280.5126953125
212188.0849609375
213076.6474609375
213945.177734375
214792.6064453125
215617.8193359375
216419.6669921875
217196.9658203125
217948.5078125
218673.0654296875
219369.4072265625
220036.294921875
220672.50390625
221276.82421875
221848.076171875
222385.119140625
222886.865234375
223352.2802734375
223780.4111328125
224170.3837890625
224521.4140625
224832.83203125
225104.0771484375
225334.7119140625
225524.4375
225673.0986328125
225780.6875
225847.3623046875
225873.4375
225859.4052734375
225805.9326171875
225713.861328125
225584.21875
225418.2119140625
225217.2314453125
224982.8486328125
224716.8134765625
224421.05078125
224097.65625
223748.8876953125
223377.1630859375
222985.04296875
222575.2353515625
222150.5712890625
221714.0009765625
221268.578125
220817.455078125
220363.8564453125
219911.076171875
219462.45703125
219021.37890625
218591.23828125
218175.4423828125
217777.3837890625
217400.4296875
217047.9091796875
216723.0927734375
216429.181640625
216169.291015625
215946.4384765625
215763.5283203125
215623.3447265625
215528.5322265625
215481.5869140625
215484.853515625
215540.50390625
215650.5400390625
215816.775390625
216040.83984375
216324.1640625
216667.9814453125
217073.3193359375
217540.9990234375
218071.630859375
218665.619140625
219323.1533203125
220044.2138671875
220828.5712890625
221675.7890625
222585.224609375
223556.037109375
224587.18359375
225677.4306640625
226825.3525390625
228029.3466796875
229287.6259765625
230598.23828125
231959.064453125
233367.830078125
234822.109375
236319.3349609375
237856.80859375
239431.7021484375
241041.0771484375
242681.880859375
244350.96484375
246045.0908203125
247760.9404296875
249495.126953125
251244.2001953125
253004.66015625
254772.96875
256545.556640625
258318.8349609375
260089.2080078125
261853.0810546875
263606.87109375
265347.0205078125
267070.0068359375
268772.3505859375
270450.6318359375
272101.4970703125
273721.6708984375
275307.966796875
276857.2958984375
278366.6826171875
279833.2666015625
281254.3203125
282627.2548828125
283949.6240234375
285219.14453125
286433.6943359375
287591.3193359375
288690.251953125
289728.90234375
290705.875
291619.966796875
292470.1767578125
293255.705078125
293975.9580078125
294630.546875
295219.2958984375
295742.232421875
296199.5908203125
296591.814453125
296919.546875
297183.6337890625
297385.1123046875
297525.2138671875
297605.353515625
297627.123046875
297592.287109375
297502.7734375
297360.6640625
297168.1875
296927.70703125
296641.71484375
296312.8203125
295943.7333984375
295537.265625
295096.3095703125
294623.8271484375
294122.8486328125
293596.4482421875
293047.7431640625
292479.875
291896.005859375
291299.3017578125
290692.9248046875
290080.021484375
289463.7158203125
288847.095703125
288233.20703125
287625.041015625
287025.5322265625
286437.5419921875
285863.861328125
285307.193359375
284770.158203125
284255.275390625
283764.966796875
283301.548828125
282867.2314453125
282464.1064453125
282094.1494140625
281759.2216796875
281461.056640625
281201.26953125
280981.3466796875
280802.6484375
280666.4111328125
280573.7421875
280525.6220703125
280522.908203125
280566.3330078125
280656.50390625
280793.9091796875
280978.916015625
281211.7783203125
281492.6318359375
281821.5068359375
282198.32421875
282622.9013671875
283094.95703125
283614.1142578125
284179.90625
284791.78125
285449.103515625
286151.1640625
286897.181640625
287686.3095703125
288517.638671875
289390.2080078125
290303.005859375
291254.974609375
292245.01953125
293272.0126953125
294334.79296875
295432.1845703125
296562.9873046875
297725.9873046875
298919.9658203125
300143.6953125
301395.953125
302675.5166015625
303981.1689453125
305311.7080078125
306665.9423828125
308042.697265625
309440.8173828125
310859.1640625
312296.6259765625
313752.109375
315224.548828125
316712.8994140625
318216.14453125
319733.2880859375
321263.3642578125
322805.4228515625
324358.54296875
325921.822265625
327494.37890625
329075.349609375
330663.8896484375
332259.169921875
333860.3740234375
335466.69921875
337077.3544921875
338691.5556640625
340308.529296875
341927.5048828125
343547.7216796875
345168.421875
346788.8466796875
348408.248046875
350025.8779296875
351640.9873046875
353252.833984375
354860.681640625
356463.7900390625
358061.4365234375
359652.892578125
361237.4453125
362814.390625
364383.03515625
365942.7001953125
367492.7236328125
369032.462890625
370561.29296875
372078.6171875
373583.86328125
375076.4873046875
376555.98046875
378021.8603515625
379473.689453125
380911.0625
382333.6171875
383741.0322265625
385133.0322265625
386509.3818359375
387869.896484375
389214.43359375
390542.9013671875
391855.2490234375
393151.478515625
394431.6318359375
395695.7958984375
396944.10546875
398176.7275390625
399393.8759765625
400595.796875
401782.7724609375
402955.1142578125
404113.162109375
405257.2783203125
406387.8515625
407505.2783203125
408609.9794921875
409702.373046875
410782.8916015625
411851.96484375
412910.01953125
413957.4765625
414994.7431640625
416022.2138671875
417040.2666015625
418049.251953125
419049.4990234375
420041.3076171875
421024.94140625
422000.6318359375
422968.5732421875
423928.9189453125
424881.7822265625
425827.2265625
426765.2763671875
427695.9052734375
428619.0419921875
429534.560546875
430442.291015625
431342.0146484375
432233.4609375
433116.3095703125
433990.197265625
434854.7099609375
435709.3876953125
436553.732421875
437387.2001953125
438209.208984375
439019.140625
439816.3427734375
440600.134765625
441369.810546875
442124.63671875
442863.8701171875
443586.7451171875
444292.4970703125
444980.3486328125
445649.5322265625
446299.2822265625
446928.8525390625
447537.5126953125
448124.560546875
448689.32421875
449231.1728515625
449749.51953125
450243.833984375
450713.6396484375
451158.529296875
451578.1640625
451972.2880859375
452340.7236328125
452683.384765625
453000.283203125
453291.52734375
453557.328125
453798.0078125
454013.9951171875
454205.8349609375
454374.18359375
454519.8134765625
454643.611328125
454746.5791015625
454829.8251953125
454894.5732421875
454942.1435546875
454973.9619140625
454991.5400390625
454996.48046875
454990.458984375
454975.2216796875
454952.5703125
454924.349609375
454892.4453125
454858.7568359375
454825.1962890625
454793.666015625
454766.05078125
454744.1962890625
454729.8955078125
454724.8798828125
454730.7939453125
454749.1875
454781.498046875
454829.03515625
454892.97265625
454974.32421875
455073.9423828125
455192.50390625
455330.4951171875
455488.2119140625
455665.7431640625
455862.96875
456079.5615234375
456314.9765625
456568.4482421875
456839.0009765625
457125.447265625
457426.390625
457740.2314453125
458065.1796875
458399.2626953125
458740.3369140625
459086.099609375
459434.107421875
459781.7890625
460126.4658203125
460465.3720703125
460795.666015625
461114.4638671875
461418.8515625
461705.91015625
461972.73828125
462216.474609375
462434.318359375
462623.5537109375
462781.57421875
462905.892578125
462994.1796875
463044.2646484375
463054.1650390625
463022.099609375
462946.5048828125
462826.044921875
462659.6328125
462446.427734375
462185.8564453125
461877.6083984375
461521.6484375
461118.2158203125
460667.82421875
460171.2626953125
459629.583984375
459044.1142578125
458416.4296875
457748.3583984375
457041.9609375
456299.529296875
455523.5625
454716.75390625
453881.9794921875
453022.279296875
452140.83203125
451240.947265625
450326.041015625
449399.61328125
448465.234375
447526.5205078125
446587.1171875
445650.6767578125
444720.84375
443801.2314453125
442895.4072265625
442006.876953125
441139.0673828125
440295.3056640625
439478.8173828125
438692.701171875
437939.923828125
437223.3076171875
436545.5205078125
435909.064453125
435316.2783203125
434769.3173828125
434270.162109375
433820.5966796875
433422.2255859375
433076.458984375
432784.5107421875
432547.404296875
432365.9697265625
432240.8408203125
432172.4619140625
432161.0869140625
432206.78125
432309.4248046875
432468.712890625
432684.1669921875
432955.1240234375
433280.7548828125
433660.056640625
434091.8623046875
434574.8388671875
435107.5
435688.2001953125
436315.1435546875
436986.3876953125
437699.8466796875
438453.2919921875
439244.3642578125
440070.5712890625
440929.29296875
441817.791015625
442733.208984375
443672.5791015625
444632.830078125
445610.79296875
446603.2041015625
447606.7197265625
448617.91796875
449633.3115234375
450649.3505859375
451662.443359375
452668.953125
453665.2216796875
454647.5751953125
455612.33203125
456555.8291015625
457474.4189453125
458364.4951171875
459222.5009765625
460044.947265625
460828.427734375
461569.625
462265.33984375
462912.49609375
463508.1572265625
464049.544921875
464534.044921875
464959.2373046875
465322.8876953125
465622.9765625
465857.708984375
466025.513671875
466125.0693359375
466155.3037109375
466115.40234375
466004.8134765625
465823.2587890625
465570.734375
465247.51171875
464854.134765625
464391.4296875
463860.4931640625
463262.6923828125
462599.6591796875
461873.283203125
461085.703125
460239.2998046875
459336.681640625
458380.6728515625
457374.3017578125
456320.78515625
455223.5126953125
454086.03125
452912.0234375
451705.298828125
450469.7626953125
449209.4072265625
447928.2880859375
446630.5029296875
445320.173828125
444001.4306640625
442678.3818359375
441355.1083984375
440035.6318359375
438723.9052734375
437423.7919921875
436139.0458984375
434873.2978515625
433630.0390625
432412.6103515625
431224.1787109375
430067.7353515625
428946.0751953125
427861.7939453125
426817.2744140625
425814.6748046875
424855.9306640625
423942.7412109375
423076.5654296875
422258.6220703125
421489.884765625
420771.0810546875
420102.689453125
419484.9501953125
418917.8486328125
418401.1396484375
417934.3330078125
417516.7138671875
417147.3359375
416825.033203125
416548.4296875
416315.9462890625
416125.8037109375
415976.041015625
415864.5224609375
415788.947265625
415746.861328125
415735.669921875
415752.654296875
415794.9755859375
415859.69921875
415943.7978515625
416044.1767578125
416157.677734375
416281.103515625
416411.2255859375
416544.8037109375
416678.599609375
416809.3916015625
416933.994140625
417049.2685546875
417152.1396484375
417239.6142578125
417308.791015625
417356.8818359375
417381.21875
417379.275390625
417348.673828125
417287.201171875
417192.8232421875
417063.6962890625
416898.173828125
416694.8173828125
416452.412109375
416169.9658203125
415846.7255859375
415482.171875
415076.0361328125
414628.2939453125
414139.1689453125
413609.142578125
413038.939453125
412429.533203125
411782.142578125
411098.2236328125
410379.466796875
409627.7802734375
408845.2919921875
408034.3291015625
407197.41015625
406337.2294921875
405456.640625
404558.64453125
403646.365234375
402723.037109375
401791.9814453125
400856.58984375
399920.2998046875
398986.5712890625
398058.87109375
397140.6455078125
396235.298828125
395346.173828125
394476.5244140625
393629.498046875
392808.11328125
392015.240234375
391253.5791015625
390525.640625
389833.7314453125
389179.9404296875
388566.115234375
387993.8564453125
387464.505859375
386979.1318359375
386538.5283203125
386143.201171875
385793.3701171875
385488.966796875
385229.6318359375
385014.71875
384843.298828125
384714.16796875
384625.8515625
384576.62109375
384564.5009765625
384587.2861328125
384642.5556640625
384727.69140625
384839.896484375
384976.21875
385133.5615234375
385308.72265625
385498.4033203125
385699.2392578125
385907.822265625
386120.7265625
386334.533203125
386545.8515625
386751.3544921875
386947.78515625
387131.9970703125
387300.9638671875
387451.8115234375
387581.8310546875
387688.5
387769.501953125
387822.7412109375
387846.3544921875
387838.7314453125
387798.5166015625
387724.625
387616.2451171875
387472.8447265625
387294.1748046875
387080.2705078125
386831.4501953125
386548.30859375
386231.716796875
385882.8125
385502.98828125
385093.890625
384657.392578125
384195.5966796875
383710.8046875
383205.5087890625
382682.3740234375
382144.2177734375
381593.9853515625
381034.740234375
380469.6337890625
379901.8857421875
379334.765625
378771.5693359375
378215.5966796875
377670.12890625
377138.412109375
376623.6298828125
376128.8935546875
375657.208984375
375211.4736328125
374794.44921875
374408.748046875
374056.8232421875
373740.9462890625
373463.20703125
373225.486328125
373029.46875
372876.6162109375
372768.1708984375
372705.1533203125
372688.349609375
372718.3212890625
372795.4033203125
372919.6982421875
373091.0888671875
373309.23828125
373573.6015625
373883.421875
374237.7548828125
374635.462890625
375075.2373046875
375555.6083984375
376074.94921875
376631.501953125
377223.3837890625
377848.6025390625
378505.0751953125
379190.6396484375
379903.0712890625
380640.0986328125
381399.4208984375
382178.720703125
382975.6796875
383787.9951171875
384613.3955078125
385449.6513671875
386294.5908203125
387146.109375
388002.189453125
388860.9052734375
389720.43359375
390579.06640625
391435.2216796875
392287.4404296875
393134.4072265625
393974.9462890625
394808.0283203125
395632.7802734375
396448.4736328125
397254.544921875
398050.5771484375
398836.3134765625
399611.6474609375
400376.6220703125
401131.4267578125
401876.3955078125
402611.994140625
403338.8203125
404057.5947265625
404769.1513671875
405474.4296875
406174.46484375
406870.380859375
407563.375
408254.712890625
408945.7109375
409637.7275390625
410332.158203125
411030.40625
411733.8916015625
412444.0234375
413162.1943359375
413889.76953125
414628.0693359375
415378.3662109375
416141.8662109375
416919.7060546875
417712.9296875
418522.4990234375
419349.2626953125
420193.966796875
421057.2333984375
421939.564453125
422841.3251953125
423762.748046875
424703.923828125
425664.7998046875
426645.17578125
427644.705078125
428662.8896484375
429699.087890625
430752.5078125
431822.216796875
432907.13671875
434006.0595703125
435117.6416015625
436240.41796875
437372.8037109375
438513.10546875
439659.53125
440810.1923828125
441963.1259765625
443116.2939453125
444267.6025390625
445414.908203125
446556.033203125
447688.7822265625
448810.943359375
449920.3154296875
451014.7119140625
452091.97265625
453149.9873046875
454186.69921875
455200.1181640625
456188.3369140625
457149.541015625
458082.025390625
458984.1943359375
459854.5791015625
460691.84765625
461494.8115234375
462262.4345703125
462993.8369140625
463688.3046875
464345.2939453125
464964.4365234375
465545.53515625
466088.576171875
466593.720703125
467061.3125
467491.869140625
467886.083984375
468244.8193359375
468569.103515625
468860.12890625
469119.2373046875
469347.9140625
469547.78125
469720.59375
469868.216796875
469992.623046875
470095.8798828125
470180.1318359375
470247.5986328125
470300.55078125
470341.298828125
470372.1875
470395.5673828125
470413.7958984375
470429.2119140625
470444.126953125
470460.8125
470481.484375
470508.287109375
470543.2880859375
470588.4609375
470645.6748046875
470716.6806640625
470803.1103515625
470906.45703125
471028.0712890625
471169.1552734375
471330.7529296875
471513.74609375
471718.84765625
471946.60546875
472197.3876953125
472471.388671875
472768.6328125
473088.962890625
473432.052734375
473797.40625
474184.3564453125
474592.0771484375
475019.583984375
475465.7421875
475929.2734375
476408.763671875
476902.6708984375
477409.3349609375
477926.9892578125
478453.76953125
478987.724609375
479526.8271484375
480068.9853515625
480612.0576171875
481153.861328125
481692.1826171875
482224.7978515625
482749.4765625
483263.9921875
483766.1455078125
484253.7646484375
484724.71875
485176.93359375
485608.39453125
486017.1650390625
486401.384765625
486759.2880859375
487089.2099609375
487389.583984375
487658.9658203125
487896.0224609375
488099.5458984375
488268.455078125
488401.7978515625
488498.759765625
488558.65234375
488580.9296875
488565.177734375
488511.115234375
488418.5947265625
488287.5966796875
488118.23046875
487910.7265625
487665.43359375
487382.810546875
487063.4296875
486707.955078125
486317.15234375
485891.8671875
485433.029296875
484941.63671875
484418.7490234375
483865.486328125
483283.0078125
482672.51171875
482035.234375
481372.421875
480685.33984375
479975.2587890625
479243.4453125
478491.158203125
477719.6396484375
476930.1083984375
476123.7529296875
475301.73046875
474465.1572265625
473615.10546875
472752.6025390625
471878.6259765625
470994.0947265625
470099.8828125
469196.798828125
468285.6025390625
467366.99609375
466441.6220703125
465510.0791015625
464572.90234375
463630.5888671875
462683.5830078125
461732.287109375
460777.0673828125
459818.255859375
458856.15234375
457891.033203125
456923.1591796875
455952.7724609375
454980.109375
454005.404296875
453028.892578125
452050.8193359375
451071.4443359375
450091.0439453125
449109.9228515625
448128.4111328125
447146.8740234375
446165.7158203125
445185.3798828125
444206.3544921875
443229.1767578125
442254.43359375
441282.759765625
440314.8466796875
439351.4365234375
438393.3232421875
437441.3583984375
436496.4384765625
435559.513671875
434631.578125
433713.673828125
432806.8798828125
431912.314453125
431031.1259765625
430164.4912109375
429313.6103515625
428479.6962890625
427663.9736328125
426867.6689453125
426092.0078125
425338.2060546875
424607.462890625
423900.947265625
423219.802734375
422565.1328125
421937.99609375
421339.39453125
420770.2744140625
420231.5126953125
419723.9150390625
419248.2080078125
418805.03125
418394.9365234375
418018.37890625
417675.7138671875
417367.1923828125
417092.958984375
416853.046875
416647.37890625
416475.7587890625
416337.8779296875
416233.3115234375
416161.5166015625
416121.837890625
416113.5009765625
416135.625
416187.2158203125
416267.1748046875
416374.2998046875
416507.29296875
416664.76171875
416845.2265625
417047.125
417268.8232421875
417508.6162109375
417764.7412109375
418035.3798828125
418318.6708984375
418612.7177734375
418915.591796875
419225.3486328125
419540.0322265625
419857.685546875
420176.3603515625
420494.1240234375
420809.068359375
421119.322265625
421423.0546875
421718.4873046875
422003.904296875
422277.6533203125
422538.1591796875
422783.9296875
423013.560546875
423225.7431640625
423419.2734375
423593.0478515625
423746.078125
423877.494140625
423986.5390625
424072.5791015625
424135.109375
424173.7470703125
424188.23828125
424178.453125
424144.3935546875
424086.1845703125
424004.076171875
423898.44140625
423769.7724609375
423618.6796875
423445.880859375
423252.2080078125
423038.58984375
422806.0556640625
422555.724609375
422288.802734375
422006.572265625
421710.3876953125
421401.666015625
421081.8828125
420752.55859375
420415.259765625
420071.5791015625
419723.1376953125
419371.572265625
419018.5263671875
418665.6455078125
418314.5673828125
417966.91015625
417624.275390625
417288.2294921875
416960.30078125
416641.974609375
416334.6875
416039.814453125
415758.671875
415492.5048828125
415242.4853515625
415009.708984375
414795.1875
414599.8505859375
414424.5341796875
414269.9873046875
414136.859375
414025.7119140625
413937.001953125
413871.0888671875
413828.2412109375
413808.6181640625
413812.2861328125
413839.2119140625
413889.267578125
413962.2265625
414057.767578125
414175.4814453125
414314.8662109375
414475.33203125
414656.20703125
414856.7353515625
415076.083984375
415313.3447265625
415567.537109375
415837.611328125
416122.4580078125
416420.8984375
416731.703125
417053.58984375
417385.220703125
417725.220703125
418072.166015625
418424.5986328125
418781.02734375
419139.9296875
419499.755859375
419858.935546875
420215.880859375
420568.986328125
420916.638671875
421257.21484375
421589.0908203125
421910.640625
422220.24609375
422516.2939453125
422797.1845703125
423061.33203125
423307.171875
423533.1650390625
423737.7958984375
423919.5869140625
424077.0888671875
424208.8994140625
424313.654296875
424390.046875
424436.8173828125
424452.7646484375
424436.7529296875
424387.7138671875
424304.6474609375
424186.6337890625
424032.8330078125
423842.4892578125
423614.9462890625
423349.6328125
423046.0830078125
422703.9345703125
422322.9345703125
421902.9423828125
421443.9345703125
420946.0048828125
420409.375
419834.390625
419221.5263671875
418571.3876953125
417884.7138671875
417162.376953125
416405.3828125
415614.875
414792.125
413938.54296875
413055.6669921875
412145.1650390625
411208.8271484375
410248.5703125
409266.421875
408264.52734375
407245.134765625
406210.5888671875
405163.3291015625
404105.8828125
403040.8447265625
401970.8837890625
400898.7197265625
399827.125
398758.9033203125
397696.8896484375
396643.9296875
395602.873046875
394576.5615234375
393567.81640625
392579.4306640625
391614.1474609375
390674.662109375
389763.599609375
388883.5078125
388036.84765625
387225.98046875
386453.1591796875
385720.5185546875
385030.06640625
384383.67578125
383783.07421875
383229.8427734375
382725.404296875
382271.01953125
381867.7841796875
381516.625
381218.291015625
380973.3623046875
380782.2353515625
380645.1357421875
380562.107421875
380533.0185546875
380557.5634765625
380635.265625
380765.4755859375
380947.380859375
381180.0078125
381462.2236328125
381792.7470703125
382170.1474609375
382592.859375
383059.1787109375
383567.27734375
384115.208984375
384700.9130859375
385322.2216796875
385976.8759765625
386662.51953125
387376.7177734375
388116.962890625
388880.67578125
389665.2216796875
390467.9130859375
391286.01953125
392116.775390625
392957.38671875
393805.0380859375
394656.9033203125
395510.1494140625
396361.9482421875
397209.4833984375
398049.955078125
398880.5888671875
399698.6494140625
400501.439453125
401286.31640625
402050.69140625
402792.0478515625
403507.9384765625
404196.0068359375
404853.9833984375
405479.697265625
406071.0927734375
406626.224609375
407143.2802734375
407620.5732421875
408056.5615234375
408449.8544921875
408799.2158203125
409103.57421875
409362.0283203125
409573.85546875
409738.515625
409855.6533203125
409925.1103515625
409946.923828125
409921.3271484375
409848.7587890625
409729.857421875
409565.46484375
409356.6259765625
409104.583984375
408810.779296875
408476.8447265625
408104.599609375
407696.046875
407253.359375
406778.8740234375
406275.083984375
405744.6240234375
405190.259765625
404614.87890625
404021.46875
403413.107421875
402792.9501953125
402164.208984375
401530.1337890625
400894.0048828125
400259.10546875
399628.71484375
399006.0791015625
398394.4013671875
397796.826171875
397216.416015625
396656.1396484375
396118.859375
395607.3076171875
395124.0810546875
394671.6240234375
394252.21484375
393867.9609375
393520.7802734375
393212.3994140625
392944.3505859375
392717.951171875
392534.3125
392394.3359375
392298.7021484375
392247.880859375
392242.1259765625
392281.4814453125
392365.7841796875
392494.6669921875
392667.5634765625
392883.720703125
393142.2060546875
393441.908203125
393781.5556640625
394159.7216796875
394574.8408203125
395025.2099609375
395509.013671875
396024.3203125
396569.1044921875
397141.2578125
397738.59375
398358.8671875
398999.779296875
399658.990234375
400334.1328125
401022.81640625
401722.640625
402431.2021484375
403146.0986328125
403864.9462890625
404585.3779296875
405305.0556640625
406021.666015625
406732.939453125
407436.6435546875
408130.591796875
408812.646484375
409480.7236328125
410132.791015625
410766.8740234375
411381.0625
411973.5029296875
412542.41015625
413086.0625
413602.806640625
414091.0625
414549.3212890625
414976.1513671875
415370.1953125
415730.1787109375
416054.9130859375
416343.296875
416594.3173828125
416807.060546875
416980.7099609375
417114.5556640625
417207.9931640625
417260.5341796875
417271.806640625
417241.564453125
417169.69140625
417056.19921875
416901.2451171875
416705.125
416468.2861328125
416191.3251953125
415874.994140625
415520.205078125
415128.03125
414699.70703125
414236.634765625
413740.37890625
413212.6669921875
412655.39453125
412070.61328125
411460.5341796875
410827.5224609375
410174.087890625
409502.884765625
408816.701171875
408118.44921875
407411.1572265625
406697.9619140625
405982.0908203125
405266.853515625
404555.630859375
403851.853515625
403158.99609375
402480.5537109375
401820.03125
401180.92578125
400566.705078125
399980.798828125
399426.57421875
398907.3203125
398426.2353515625
397986.3994140625
397590.767578125
397242.1474609375
396943.1845703125
396696.3466796875
396503.9111328125
396367.9453125
396290.296875
396272.5859375
396316.1826171875
396422.208984375
396591.51953125
396824.703125
397122.0703125
397483.6474609375
397909.1796875
398398.125
398949.6494140625
399562.6337890625
400235.6767578125
400967.091796875
401754.916015625
402596.9208984375
403490.61328125
404433.2490234375
405421.83984375
406453.1748046875
407523.8154296875
408630.134765625
409768.3056640625
410934.3408203125
412124.09375
413333.2841796875
414557.517578125
415792.296875
417033.052734375
418275.1572265625
419513.9404296875
420744.7236328125
421962.8251953125
423163.5908203125
424342.4111328125
425494.7392578125
426616.1123046875
427702.1728515625
428748.6826171875
429751.5380859375
430706.7958984375
431610.681640625
432459.6015625
433250.169921875
433979.201171875
434643.73828125
435241.0517578125
435768.654296875
436224.3056640625
436606.0146484375
436912.048828125
437140.935546875
437291.4599609375
437362.66796875
437353.86328125
437264.607421875
437094.7119140625
436844.2373046875
436513.4755859375
436102.9599609375
435613.44140625
435045.88671875
434401.46484375
433681.5380859375
432887.6484375
432021.5048828125
431084.974609375
430080.064453125
429008.9111328125
427873.7685546875
426676.9931640625
425421.02734375
424108.39453125
422741.677734375
421323.5166015625
419856.5830078125
418343.5830078125
416787.23828125
415190.2734375
413555.4150390625
411885.376953125
410182.8525390625
408450.5068359375
406690.97265625
404906.8427734375
403100.6650390625
401274.9326171875
399432.0908203125
397574.5263671875
395704.5615234375
393824.4609375
391936.421875
390042.5771484375
388144.994140625
386245.6708984375
384346.5390625
382449.4619140625
380556.234375
378668.5849609375
376788.1728515625
374916.591796875
373055.36328125
371205.9482421875
369369.734375
367548.04296875
365742.12890625
363953.17578125
362182.2998046875
360430.5498046875
358698.9013671875
356988.2587890625
355299.455078125
353633.2490234375
351990.3291015625
350371.3017578125
348776.7060546875
347206.998046875
345662.5576171875
344143.6904296875
342650.6220703125
341183.5
339742.3955078125
338327.3037109375
336938.1435546875
335574.7626953125
334236.9326171875
332924.361328125
331636.6875
330373.4873046875
329134.2763671875
327918.5166015625
326725.619140625
325554.9482421875
324405.830078125
323277.552734375
322169.3779296875
321080.5390625
320010.2548828125
318957.7353515625
317922.1787109375
316902.7861328125
315898.7666015625
314909.337890625
313933.736328125
312971.216796875
312021.0654296875
311082.5908203125
310155.1396484375
309238.0966796875
308330.87890625
307432.94921875
306543.8046875
305662.990234375
304790.083984375
303924.708984375
303066.5234375
302215.2158203125
301370.51171875
300532.1630859375
299699.9384765625
298873.6328125
298053.0478515625
297237.9921875
296428.2783203125
295623.7099609375
294824.08203125
294029.166015625
293238.712890625
292452.44140625
291670.0302734375
290891.119140625
290115.2958984375
289342.1005859375
288571.0078125
287801.4375
287032.740234375
286264.205078125
285495.048828125
284724.4208984375
283951.4033203125
283175.0087890625
282394.18359375
281607.8134765625
280814.7236328125
280013.68359375
279203.4169921875
278382.599609375
277549.875
276703.8544921875
275843.1337890625
274966.2890625
274071.9013671875
273158.5556640625
272224.8525390625
271269.4228515625
270290.931640625
269288.091796875
268259.6787109375
267204.5302734375
266121.5654296875
265009.787109375
263868.3017578125
262696.314453125
261493.1494140625
260258.2490234375
258991.18359375
257691.658203125
256359.51953125
254994.7578125
253597.5087890625
252168.0634765625
250706.859375
249214.494140625
247691.71484375
246139.423828125
244558.6728515625
242950.6630859375
241316.740234375
239658.3916015625
237977.236328125
236275.0263671875
234553.6357421875
232815.0546875
231061.375
229294.794921875
227517.59375
225732.138671875
223940.861328125
222146.2509765625
220350.8515625
218557.2353515625
216768.0107421875
214985.79296875
213213.201171875
211452.8515625
209707.333984375
207979.2119140625
206271.00390625
204585.17578125
202924.126953125
201290.18359375
199685.5859375
198112.4794921875
196572.8994140625
195068.7744140625
193601.90234375
192173.9560546875
190786.4638671875
189440.80859375
188138.220703125
186879.7734375
185666.3671875
184498.7392578125
183377.451171875
182302.8828125
181275.240234375
180294.5390625
179360.6142578125
178473.1142578125
177631.501953125
176835.0556640625
176082.869140625
175373.857421875
174706.75
174080.109375
173492.322265625
172941.6103515625
172426.03515625
171943.5068359375
171491.7822265625
171068.4873046875
170671.1103515625
170297.021484375
169943.4794921875
169607.6396484375
169286.564453125
168977.2392578125
168676.5791015625
168381.4453125
168088.6513671875
167794.98046875
167497.205078125
167192.0830078125
166876.3857421875
166546.91015625
166200.486328125
165833.9970703125
165444.388671875
165028.685546875
164584.005859375
164107.57421875
163596.7333984375
163048.9541015625
162461.8583984375
161833.22265625
161160.990234375
160443.28515625
159678.42578125
158864.92578125
158001.5087890625
157087.12109375
156120.9306640625
155102.3388671875
154030.982421875
152906.7470703125
151729.759765625
150500.40234375
149219.30078125
147887.3388671875
146505.646484375
145075.6083984375
143598.849609375
142077.240234375
140512.888671875
138908.12890625
137265.51953125
135587.8330078125
133878.04296875
132139.31640625
130374.9990234375
128588.6044921875
126783.7958984375
124964.375
123134.26171875
121297.486328125
119458.1572265625
117620.4541015625
115788.6083984375
113966.87890625
112159.5361328125
110370.84375
108605.03515625
106866.298828125
105158.751953125
103486.42578125
101853.2490234375
100263.0244140625
98719.41015625
97225.912109375
95785.853515625
94402.3720703125
93078.396484375
91816.6396484375
90619.5810546875
89489.462890625
88428.271484375
87437.7333984375
86519.314453125
85674.2001953125
84903.30859375
84207.2734375
83586.4521484375
83040.9208984375
82570.4814453125
82174.66015625
81852.7177734375
81603.6455078125
81426.1845703125
81318.8291015625
81279.833984375
81307.2255859375
81398.8193359375
81552.2255859375
81764.8662109375
82033.9853515625
82356.66796875
82729.8515625
83150.34375
83614.833984375
84119.912109375
84662.0849609375
85237.787109375
85843.4013671875
86475.2685546875
87129.7080078125
87803.025390625
88491.537109375
89191.56640625
89899.4755859375
90611.6640625
91324.5859375
92034.763671875
92738.7861328125
93433.3349609375
94115.1806640625
94781.197265625
95428.369140625
96053.79296875
96654.6923828125
97228.4208984375
97772.458984375
98284.435546875
98762.115234375
99203.4140625
99606.3974609375
99969.2841796875
100290.4521484375
100568.4375
100801.939453125
100989.8193359375
101131.10546875
101224.9931640625
101270.8447265625
101268.197265625
101216.75390625
101116.392578125
100967.1611328125
100769.2822265625
100523.1455078125
100229.3212890625
99888.54296875
99501.7177734375
99069.923828125
98594.400390625
98076.5546875
97517.95703125
96920.330078125
96285.5556640625
95615.662109375
94912.8212890625
94179.3447265625
93417.671875
92630.369140625
91820.115234375
90989.6962890625
90141.9990234375
89279.9931640625
88406.7265625
87525.30859375
86638.9072265625
85750.7265625
84864.0
83981.9736328125
83107.8935546875
82244.9970703125
81396.4873046875
80565.53125
79755.2373046875
78968.64453125
78208.708984375
77478.29296875
76780.142578125
76116.88671875
75491.0166015625
74904.8818359375
74360.6708984375
73860.41015625
73405.947265625
72998.9521484375
72640.9013671875
72333.0830078125
72076.5751953125
71872.263671875
71720.82421875
71622.7265625
71578.2353515625
71587.4130859375
71650.1171875
71766.0078125
71934.5537109375
72155.03515625
72426.5498046875
72748.02734375
73118.2294921875
73535.7626953125
73999.0947265625
74506.552734375
75056.349609375
75646.578125
76275.2421875
76940.255859375
77639.4599609375
78370.634765625
79131.5146484375
79919.796875
80733.15625
81569.2568359375
82425.7626953125
83300.349609375
84190.71875
85094.599609375
86009.767578125
86934.046875
87865.3212890625
88801.5400390625
89740.728515625
90680.986328125
91620.5009765625
92557.5419921875
93490.474609375
94417.755859375
95337.9375
96249.6630859375
97151.677734375
98042.81640625
98922.0107421875
99788.2783203125
100640.7314453125
101478.560546875
102301.04296875
103107.525390625
103897.4326171875
104670.25
105425.52734375
106162.8662109375
106881.9169921875
107582.3720703125
108263.9599609375
108926.4365234375
109569.583984375
110193.1943359375
110797.078125
111381.0419921875
111944.8955078125
112488.4375
113011.4580078125
113513.7275390625
113994.9951171875
114454.9833984375
114893.3857421875
115309.8671875
115704.056640625
116075.5439453125
116423.88671875
116748.603515625
117049.1767578125
117325.05078125
117575.6376953125
117800.3173828125
117998.4384765625
118169.3251953125
118312.2822265625
118426.5908203125
118511.529296875
118566.365234375
118590.3681640625
118582.8125
118542.994140625
118470.2255859375
118363.8525390625
118223.255859375
118047.8671875
117837.171875
117590.71484375
117308.1181640625
116989.0771484375
116633.380859375
116240.9091796875
115811.64453125
115345.6796875
114843.2216796875
114304.59765625
113730.26171875
113120.7958984375
112476.916015625
111799.4736328125
111089.4560546875
110347.9921875
109576.341796875
108775.90625
107948.21875
107094.9423828125
106217.8671875
105318.90234375
104400.0693359375
103463.5009765625
102511.4208984375
101546.1494140625
100570.0791015625
99585.6708984375
98595.443359375
97601.9580078125
96607.8076171875
95615.5986328125
94627.9443359375
93647.4453125
92676.6787109375
91718.1806640625
90774.4365234375
89847.86328125
88940.794921875
88055.4736328125
87194.029296875
86358.4765625
85550.6962890625
84772.4248046875
84025.2490234375
83310.5888671875
82629.6982421875
81983.6513671875
81373.33984375
80799.4658203125
80262.541015625
79762.8837890625
79300.61328125
78875.6591796875
78487.755859375
78136.4453125
77821.0888671875
77540.8623046875
77294.767578125
77081.6435546875
76900.169921875
76748.8779296875
76626.162109375
76530.296875
76459.4375
76411.6435546875
76384.8896484375
76377.080078125
76386.05859375
76409.6357421875
76445.58984375
76491.69140625
76545.716796875
76605.458984375
76668.7509765625
76733.4716796875
76797.5654296875
76859.0546875
76916.048828125
76966.763671875
77009.52734375
77042.7900390625
77065.1416015625
77075.3056640625
77072.1630859375
77054.744140625
77022.248046875
76974.029296875
76909.6181640625
76828.708984375
76731.1650390625
76617.0185546875
76486.4697265625
76339.87890625
76177.76171875
76000.7900390625
75809.7783203125
75605.6787109375
75389.5703125
75162.6552734375
74926.2392578125
74681.7294921875
74430.61328125
74174.4560546875
73914.8828125
73653.5634765625
73392.201171875
73132.5234375
72876.26171875
72625.13671875
72380.859375
72145.09765625
71919.4775390625
71705.5693359375
71504.8662109375
71318.7890625
71148.6630859375
70995.71484375
70861.0595703125
70745.697265625
70650.5048828125
70576.2275390625
70523.478515625
70492.734375
70484.3291015625
70498.458984375
70535.1748046875
70594.390625
70675.8798828125
70779.2802734375
70904.1025390625
71049.724609375
71215.4072265625
71400.2978515625
71603.439453125
71823.7744140625
72060.158203125
72311.3671875
72576.107421875
72853.0263671875
73140.7255859375
73437.7666015625
73742.6826171875
74053.99609375
74370.2177734375
74689.8681640625
75011.4814453125
75333.615234375
75654.8642578125
75973.8642578125
76289.30078125
76599.9208984375
76904.533203125
77202.0224609375
77491.3427734375
77771.537109375
78041.7255859375
78301.1162109375
78549.0078125
78784.791015625
79007.9375
79218.0166015625
79414.681640625
79597.669921875
79766.806640625
79921.98828125
80063.1953125
80190.474609375
80303.94140625
80403.771484375
80490.1953125
80563.4990234375
80624.0078125
80672.08984375
80708.146484375
80732.609375
80745.9326171875
80748.587890625
80741.060546875
80723.84765625
80697.453125
80662.3818359375
80619.138671875
80568.224609375
80510.1396484375
80445.3740234375
80374.4140625
80297.7392578125
80215.822265625
80129.12890625
80038.1181640625
79943.25
79844.982421875
79743.7685546875
79640.0712890625
79534.3525390625
79427.083984375
79318.751953125
79209.8505859375
79100.8916015625
78992.404296875
78884.9384765625
78779.0654296875
78675.37890625
78574.4970703125
78477.064453125
78383.7490234375
78295.2421875
78212.26171875
78135.541015625
78065.8388671875
78003.927734375
77950.591796875
77906.626953125
77872.830078125
77849.9970703125
77838.91796875
77840.3681640625
77855.10546875
77883.85546875
77927.3134765625
77986.130859375
78060.912109375
78152.201171875
78260.4765625
78386.1474609375
78529.5400390625
78690.896484375
78870.36328125
79067.98828125
79283.7138671875
79517.375
79768.6884765625
80037.2578125
80322.5673828125
80623.974609375
80940.7236328125
81271.93359375
81616.6044921875
81973.6220703125
82341.7578125
82719.6767578125
83105.939453125
83499.0166015625
83897.291015625
84299.06640625
84702.5791015625
85106.0107421875
85507.494140625
85905.1328125
86297.0087890625
86681.1943359375
87055.7724609375
87418.8427734375
87768.541015625
88103.0498046875
88420.6142578125
88719.5546875
88998.2802734375
89255.3017578125
89489.240234375
89698.8447265625
89882.9990234375
90040.7275390625
90171.2119140625
90273.791015625
90347.9697265625
90393.42578125
90410.0078125
90397.744140625
90356.8359375
90287.6630859375
90190.7783203125
90066.9033203125
89916.92578125
89741.8916015625
89542.994140625
89321.572265625
89079.09375
88817.1474609375
88537.4287109375
88241.7275390625
87931.91796875
87609.9345703125
87277.7666015625
86937.439453125
86590.998046875
86240.4892578125
85887.9541015625
85535.404296875
85184.810546875
84838.087890625
84497.0830078125
84163.5576171875
83839.1806640625
83525.5126953125
83223.9990234375
82935.9599609375
82662.5849609375
82404.9150390625
82163.8583984375
81940.1640625
81734.4384765625
81547.130859375
81378.5439453125
81228.826171875
81097.9833984375
80985.876953125
80892.23828125
80816.666015625
80758.634765625
80717.513671875
80692.5673828125
80682.9677734375
80687.8095703125
80706.115234375
80736.8544921875
80778.951171875
80831.2978515625
80892.767578125
80962.2265625
81038.544921875
81120.611328125
81207.33984375
81297.6806640625
81390.6328125
81485.2529296875
81580.6572265625
81676.0361328125
81770.65234375
81863.853515625
81955.0673828125
82043.8125
82129.693359375
82212.4033203125
82291.724609375
82367.5224609375
82439.75
82508.43359375
82573.677734375
82635.654296875
82694.5986328125
82750.8017578125
82804.6005859375
82856.3779296875
82906.5458984375
82955.54296875
83003.8232421875
83051.849609375
83100.0859375
83148.986328125
83198.9951171875
83250.529296875
83303.9814453125
83359.7080078125
83418.0263671875
83479.2158203125
83543.5009765625
83611.0595703125
83682.01953125
83756.4541015625
83834.37890625
83915.765625
84000.5283203125
84088.5322265625
84179.59765625
84273.5029296875
84369.9833984375
84468.744140625
84569.4599609375
84671.7841796875
84775.34765625
84879.7763671875
84984.685546875
85089.6923828125
85194.4228515625
85298.513671875
85401.62109375
85503.4248046875
85603.6328125
85701.9853515625
85798.26171875
85892.279296875
85983.8974609375
86073.021484375
86159.603515625
86243.63671875
86325.1630859375
86404.2685546875
86481.078125
86555.76171875
86628.5185546875
86699.583984375
86769.220703125
86837.7099609375
86905.3544921875
86972.4619140625
87039.3486328125
87106.32421875
87173.69140625
87241.7353515625
87310.71875
87380.873046875
87452.3974609375
87525.443359375
87600.119140625
87676.4775390625
87754.513671875
87834.1630859375
87915.29296875
87997.70703125
88081.13671875
88165.244140625
88249.623046875
88333.7958984375
88417.21875
88499.2841796875
88579.3232421875
88656.6083984375
88730.361328125
88799.7626953125
88863.9482421875
88922.02734375
88973.083984375
89016.185546875
89050.3984375
89074.7880859375
89088.435546875
89090.4423828125
89079.9443359375
89056.1181640625
89018.189453125
88965.4462890625
88897.248046875
88813.025390625
88712.30078125
88594.68359375
88459.8837890625
88307.71875
88138.1064453125
87951.0859375
87746.8046875
87525.5322265625
87287.6533203125
87033.6689453125
86764.19921875
86479.9736328125
86181.8359375
85870.728515625
85547.697265625
85213.8798828125
84870.5
84518.8544921875
84160.3095703125
83796.2900390625
83428.265625
83057.7412109375
82686.2470703125
82315.3251953125
81946.517578125
81581.3525390625
81221.3349609375
80867.9345703125
80522.568359375
80186.5966796875
79861.302734375
79547.892578125
79247.4736328125
78961.0537109375
78689.5283203125
78433.6708984375
78194.1298828125
77971.41796875
77765.9111328125
77577.8427734375
77407.2958984375
77254.2099609375
77118.3740234375
76999.423828125
76896.8525390625
76810.00390625
76738.0810546875
76680.1484375
76635.13671875
76601.8486328125
76578.974609375
76565.0810546875
76558.64453125
76558.0361328125
76561.5498046875
76567.404296875
76573.7568359375
76578.7080078125
76580.3203125
76576.6328125
76565.65625
76545.4013671875
76513.884765625
76469.138671875
76409.21875
76332.2236328125
76236.298828125
76119.64453125
75980.5322265625
75817.3056640625
75628.3935546875
75412.3193359375
75167.69921875
74893.2568359375
74587.8232421875
74250.34375
73879.8857421875
73475.6337890625
73036.8984375
72563.1162109375
72053.849609375
71508.7919921875
70927.7607421875
70310.7060546875
69657.69921875
68968.939453125
68244.7509765625
67485.5732421875
66691.9658203125
65864.607421875
65004.2822265625
64111.8857421875
63188.416015625
62234.97265625
61252.7529296875
60243.0390625
59207.2109375
58146.7236328125
57063.115234375
55957.998046875
54833.0537109375
53690.029296875
52530.73828125
51357.046875
50170.8759765625
48974.1953125
47769.0224609375
46557.412109375
45341.45703125
44123.287109375
42905.056640625
41688.9423828125
40477.1484375
39271.892578125
38075.40234375
36889.9189453125
35717.68359375
34560.9404296875
33421.92578125
32302.8701171875
31205.98828125
30133.4794921875
29087.5185546875
28070.2509765625
27083.794921875
26130.2275390625
25211.5859375
24329.857421875
23486.9814453125
22684.8369140625
21925.2412109375
21209.9443359375
20540.625
19918.88671875
19346.2451171875
18824.134765625
18353.8974609375
17936.7763671875
17573.9189453125
17266.365234375
17015.046875
16820.78515625
16684.28515625
16606.1318359375
16586.7890625
16626.5986328125
16725.7705078125
16884.3876953125
17102.4052734375
17379.638671875
17715.7763671875
18110.3681640625
18562.8291015625
19072.439453125
19638.341796875
20259.55078125
20934.935546875
21663.23828125
22443.0712890625
23272.912109375
24151.1123046875
25075.8974609375
26045.37109375
27057.513671875
28110.193359375
29201.1640625
30328.068359375
31488.4501953125
32679.748046875
33899.310546875
35144.396484375
36412.1826171875
37699.7685546875
39004.1845703125
40322.396484375
41651.3173828125
42987.8134765625
44328.7060546875
45670.79296875
47010.8447265625
48345.6240234375
49671.884765625
50986.390625
52285.921875
53567.2861328125
54827.3271484375
56062.9404296875
57271.0791015625
58448.7666015625
59593.1103515625
60701.30859375
61770.666015625
62798.6005859375
63782.6572265625
64720.5205078125
65610.017578125
66449.1357421875
67236.029296875
67969.0263671875
68646.6435546875
69267.5849609375
69830.7568359375
70335.2734375
70780.4541015625
71165.8388671875
71491.1865234375
71756.4765625
71961.9130859375
72107.923828125
72195.162109375
72224.494140625
72197.017578125
72114.0341796875
71977.0546875
71787.7978515625
71548.169921875
71260.265625
70926.3515625
70548.8623046875
70130.3779296875
69673.6240234375
69181.443359375
68656.791015625
68102.7177734375
67522.3505859375
66918.875
66295.525390625
65655.55859375
65002.2431640625
64338.8359375
63668.5712890625
62994.638671875
62320.1650390625
61648.201171875
60981.7041015625
60323.5205078125
59676.3779296875
59042.8564453125
58425.392578125
57826.2578125
57247.548828125
56691.1767578125
56158.8623046875
55652.1259765625
55172.2822265625
54720.4365234375
54297.4814453125
53904.091796875
53540.732421875
53207.650390625
52904.8857421875
52632.2685546875
52389.4287109375
52175.7998046875
51990.6298828125
51832.9892578125
51701.78125
51595.7470703125
51513.4892578125
51453.478515625
51414.0634765625
51393.4921875
51389.9208984375
51401.4326171875
51426.0537109375
51461.763671875
51506.517578125
51558.2548828125
51614.921875
51674.4775390625
51734.919921875
51794.2880859375
51850.685546875
51902.283203125
51947.341796875
51984.2138671875
52011.36328125
52027.3623046875
52030.9091796875
52020.8369140625
51996.103515625
51955.8193359375
51899.2294921875
51825.7294921875
51734.865234375
51626.3203125
51499.9345703125
51355.68359375
51193.6875
51014.19921875
50817.603515625
50604.4052734375
50375.2275390625
50130.7998046875
49871.953125
49599.6015625
49314.74609375
49018.451171875
48711.8408203125
48396.0869140625
48072.396484375
47742.0009765625
47406.1484375
47066.083984375
46723.0498046875
46378.267578125
46032.9306640625
45688.197265625
45345.1796875
45004.9306640625
44668.4501953125
44336.6650390625
44010.4306640625
43690.5263671875
43377.6474609375
43072.4052734375
42775.3291015625
42486.859375
42207.349609375
41937.0703125
41676.2099609375
41424.873046875
41183.0947265625
40950.8349609375
40727.9912109375
40514.396484375
40309.8388671875
40114.0576171875
39926.75390625
39747.6015625
39576.25
39412.34375
39255.515625
39105.40625
38961.6708984375
38823.9853515625
38692.048828125
38565.6044921875
38444.4326171875
38328.365234375
38217.2861328125
38111.140625
38009.935546875
37913.7421875
37822.701171875
37737.025390625
37656.9912109375
37582.9453125
37515.30078125
37454.537109375
37401.1904296875
37355.85546875
37319.171875
37291.8310546875
37274.5537109375
37268.095703125
37273.2314453125
37290.74609375
37321.4326171875
37366.0712890625
37425.4306640625
37500.255859375
37591.25
37699.078125
37824.345703125
37967.6005859375
38129.3115234375
38309.8740234375
38509.591796875
38728.6787109375
38967.244140625
39225.298828125
39502.7373046875
39799.34765625
40114.802734375
40448.66015625
40800.36328125
41169.2431640625
41554.517578125
41955.2978515625
42370.5927734375
42799.310546875
43240.2724609375
43692.212890625
44153.7900390625
44623.5966796875
45100.166015625
45581.986328125
46067.5048828125
46555.146484375
47043.322265625
47530.4365234375
48014.8994140625
48495.14453125
48969.634765625
49436.869140625
49895.4033203125
50343.84765625
50780.8857421875
51205.279296875
51615.8720703125
52011.6064453125
52391.515625
52754.7412109375
53100.5283203125
53428.234375
53737.326171875
54027.3857421875
54298.1015625
54549.279296875
54780.8251953125
54992.7568359375
55185.1875
55358.328125
55512.4775390625
55648.017578125
55765.4013671875
55865.1552734375
55947.8603515625
56014.1484375
56064.6923828125
56100.1962890625
56121.3876953125
56129.005859375
56123.796875
56106.5
56077.84375
56038.5322265625
55989.2451171875
55930.6259765625
55863.2744140625
55787.7451171875
55704.5390625
55614.1044921875
55516.828125
55413.037109375
55302.9951171875
55186.9033203125
55064.9013671875
54937.0654296875
54803.4169921875
54663.916015625
54518.4775390625
54366.958984375
54209.185546875
54044.9365234375
53873.9638671875
53695.99609375
53510.744140625
53317.904296875
53117.1748046875
52908.2568359375
52690.86328125
52464.7255859375
52229.6044921875
51985.291015625
51731.619140625
51468.466796875
51195.7646484375
50913.5029296875
50621.7333984375
50320.5712890625
50010.205078125
49690.890625
49362.962890625
49026.8310546875
48682.974609375
48331.9560546875
47974.4052734375
47611.0263671875
47242.595703125
46869.9501953125
46493.994140625
46115.6865234375
45736.0400390625
45356.111328125
44977.001953125
44599.8466796875
44225.802734375
43856.0556640625
43491.7998046875
43134.234375
42784.5625
42443.97265625
42113.6416015625
41794.72265625
41488.337890625
41195.578125
40917.486328125
40655.0625
40409.2529296875
40180.9453125
39970.96875
39780.08203125
39608.9833984375
39458.29296875
39328.564453125
39220.2763671875
39133.830078125
39069.5595703125
39027.71875
39008.49609375
39012.0029296875
39038.28515625
39087.3271484375
39159.04296875
39253.29296875
39369.8818359375
39508.5595703125
39669.029296875
39850.9560546875
40053.9599609375
40277.62890625
40521.5244140625
40785.17578125
41068.0986328125
41369.787109375
41689.7216796875
42027.373046875
42382.20703125
42753.685546875
43141.2685546875
43544.4150390625
43962.5908203125
44395.2626953125
44841.900390625
45301.982421875
45774.9892578125
46260.4091796875
46757.728515625
47266.439453125
47786.033203125
48315.9990234375
48855.8212890625
49404.9755859375
49962.9326171875
50529.1435546875
51103.046875
51684.0576171875
52271.5703125
52864.9482421875
53463.5263671875
54066.60546875
54673.447265625
55283.2763671875
55895.267578125
56508.5546875
57122.2255859375
57735.3125
58346.8037109375
58955.6279296875
59560.66796875
60160.75390625
60754.662109375
61341.123046875
61918.8173828125
62486.37890625
63042.40625
63585.451171875
64114.0400390625
64626.6640625
65121.7939453125
65597.8837890625
66053.373046875
66486.7021484375
66896.310546875
67280.6513671875
67638.1953125
67967.4404296875
68266.9208984375
68535.2158203125
68770.9580078125
68972.837890625
69139.6201171875
69270.1494140625
69363.353515625
69418.2578125
69433.9931640625
69409.798828125
69345.0322265625
69239.1728515625
69091.8330078125
68902.76171875
68671.841796875
68399.109375
68084.7373046875
67729.0546875
67332.5400390625
66895.822265625
66419.6806640625
65905.0498046875
65353.0048828125
64764.7724609375
64141.7158203125
63485.337890625
62797.267578125
62079.265625
61333.2021484375
60561.0595703125
59764.9189453125
58946.9521484375
58109.4091796875
57254.607421875
56384.9248046875
55502.783203125
54610.6357421875
53710.9521484375
52806.216796875
51898.90234375
50991.462890625
50086.318359375
49185.84375
48292.3505859375
47408.0830078125
46535.1982421875
45675.7568359375
44831.705078125
44004.875
43196.96875
42409.5419921875
41644.005859375
40901.611328125
40183.4462890625
39490.42578125
38823.2900390625
38182.599609375
37568.728515625
36981.8701171875
36422.025390625
35889.0166015625
35382.4775390625
34901.8603515625
34446.4453125
34015.3359375
33607.4716796875
33221.634765625
32856.4580078125
32510.4365234375
32181.931640625
31869.1953125
31570.365234375
31283.498046875
31006.564453125
30737.48046875
30474.1083984375
30214.2861328125
29955.8310546875
29696.56640625
29434.330078125
29167.0
28892.5009765625
28608.830078125
28314.0654296875
28006.3896484375
27684.1015625
27345.6279296875
26989.5439453125
26614.583984375
26219.65234375
25803.83984375
25366.42578125
24906.896484375
24424.9501953125
23920.5009765625
23393.6875
22844.876953125
22274.666015625
21683.8837890625
21073.5888671875
20445.0693359375
19799.8408203125
19139.6357421875
18466.4013671875
17782.29296875
17089.658203125
16391.029296875
15689.11328125
14986.7734375
14287.015625
13592.97265625
12907.88671875
12235.0888671875
11577.9853515625
10940.0322265625
10324.7119140625
9735.5244140625
9175.953125
8649.4462890625
8159.400390625
7709.1328125
7301.861328125
6940.6865234375
6628.5654296875
6368.296875
6162.4970703125
6013.5859375
5923.76953125
5895.0166015625
5929.0576171875
6027.359375
6191.119140625
6421.2490234375
6718.3759765625
7082.830078125
7514.6396484375
8013.525390625
8578.91015625
9209.904296875
9905.322265625
10663.6796875
11483.2001953125
12361.8271484375
13297.2314453125
14286.8212890625
15327.763671875
16416.9892578125
17551.212890625
18726.9521484375
19940.5517578125
21188.185546875
22465.90234375
23769.625
25095.1865234375
26438.345703125
27794.8154296875
29160.28125
30530.42578125
31900.9501953125
33267.6015625
34626.185546875
35972.5966796875
37302.8359375
38613.0263671875
39899.43359375
41158.484375
42386.78125
43581.1201171875
44738.4931640625
45856.11328125
46931.412109375
47962.05859375
48945.9560546875
49881.2568359375
50766.3544921875
51599.8955078125
52380.7705078125
53108.1240234375
53781.3349609375
54400.029296875
54964.0654296875
55473.5234375
55928.7080078125
56330.130859375
56678.5029296875
56974.720703125
57219.861328125
57415.1650390625
57562.0224609375
57661.9658203125
57716.6513671875
57727.8486328125
57697.4267578125
57627.3408203125
57519.62109375
57376.35546875
57199.6865234375
56991.7958984375
56754.8828125
56491.173828125
56202.8974609375
55892.2822265625
55561.5478515625
55212.89453125
54848.5029296875
54470.5205078125
54081.0615234375
53682.203125
53275.9775390625
52864.37109375
52449.3232421875
52032.72265625
51616.4052734375
51202.154296875
50791.7021484375
50386.7197265625
49988.8310546875
49599.6015625
49220.5390625
48853.1005859375
48498.6845703125
48158.63671875
47834.240234375
47526.7275390625
47237.2705078125
46966.978515625
46716.9033203125
46488.03125
46281.2841796875
46097.5146484375
45937.5068359375
45801.9658203125
45691.5205078125
45606.7197265625
45548.0234375
45515.80078125
45510.330078125
45531.787109375
45580.2451171875
45655.6689453125
45757.916015625
45886.71875
46041.697265625
46222.3486328125
46428.0400390625
46658.0126953125
46911.37890625
47187.119140625
47484.080078125
47800.98046875
48136.4091796875
48488.8232421875
48856.5576171875
49237.8232421875
49630.7158203125
50033.21875
50443.2099609375
50858.46875
51276.6884765625
51695.4775390625
52112.376953125
52524.865234375
52930.376953125
53326.3095703125
53710.03125
54078.91015625
54430.3095703125
54761.6171875
55070.248046875
55353.6689453125
55609.40625
55835.0634765625
56028.333984375
56187.0185546875
56309.0361328125
56392.44140625
56435.435546875
56436.3779296875
56393.798828125
56306.4140625
56173.1298828125
55993.0537109375
55765.505859375
55490.02734375
55166.376953125
54794.548828125
54374.765625
53907.48828125
53393.4150390625
52833.4794921875
52228.849609375
51580.927734375
50891.3447265625
50161.9541015625
49394.8232421875
48592.234375
47756.6650390625
46890.7783203125
45997.4228515625
45079.6064453125
44140.4892578125
43183.3701171875
42211.666015625
41228.904296875
40238.6953125
39244.7236328125
38250.7255859375
37260.4716796875
36277.75
35306.341796875
34350.01171875
33412.4775390625
32497.3994140625
31608.3603515625
30748.841796875
29922.21484375
29131.7138671875
28380.42578125
27671.2724609375
27006.9931640625
26390.13671875
25823.0361328125
25307.8095703125
24846.341796875
24440.2744140625
24091.001953125
23799.6591796875
23567.1162109375
23393.9794921875
23280.58203125
23226.9794921875
23232.9638671875
23298.05078125
23421.4853515625
23602.251953125
23839.076171875
24130.4287109375
24474.5419921875
24869.4111328125
25312.8095703125
25802.3017578125
26335.25390625
26908.849609375
27520.1044921875
28165.8837890625
28842.9169921875
29547.8115234375
30277.0830078125
31027.158203125
31794.4052734375
32575.146484375
33365.67578125
34162.283203125
34961.26953125
35758.962890625
36551.7431640625
37336.0498046875
38108.4072265625
38865.4345703125
39603.8671875
40320.5634765625
41012.525390625
41676.9033203125
42311.013671875
42912.3466796875
43478.576171875
44007.5634765625
44497.37109375
44946.259765625
45352.69921875
45715.3642578125
46033.1435546875
46305.1357421875
46530.642578125
46709.18359375
46840.47265625
46924.427734375
46961.1611328125
46950.9697265625
46894.333984375
46791.9052734375
46644.5009765625
46453.0888671875
46218.787109375
45942.84375
45626.6328125
45271.640625
44879.451171875
44451.744140625
43990.2763671875
43496.869140625
42973.400390625
42421.796875
41844.0146484375
41242.0361328125
40617.8564453125
39973.474609375
39310.884765625
38632.0673828125
37938.9794921875
37233.548828125
36517.66796875
35793.1875
35061.9033203125
34325.5673828125
33585.865234375
32844.42578125
32102.814453125
31362.5244140625
30624.984375
29891.5517578125
29163.5107421875
28442.080078125
27728.4013671875
27023.5517578125
26328.537109375
25644.2939453125
24971.697265625
24311.5576171875
23664.626953125
23031.595703125
22413.1015625
21809.734375
21222.0302734375
20650.4833984375
20095.5458984375
19557.6328125
19037.123046875
18534.3662109375
18049.68359375
17583.37109375
17135.7041015625
16706.9443359375
16297.328125
15907.08984375
15536.44921875
15185.6171875
14854.8046875
14544.2138671875
14254.046875
13984.5078125
13735.8037109375
13508.1376953125
13301.72265625
13116.7724609375
12953.505859375
12812.146484375
12692.9208984375
12596.0595703125
12521.7978515625
12470.373046875
12442.0244140625
12436.98828125
12455.501953125
12497.796875
12564.1044921875
12654.6416015625
12769.62109375
12909.240234375
13073.681640625
13263.109375
13477.6669921875
13717.47265625
13982.619140625
14273.1640625
14589.1357421875
14930.517578125
15297.2568359375
15689.251953125
16106.3544921875
16548.36328125
17015.0205078125
17506.0068359375
18020.9423828125
18559.380859375
19120.8076171875
19704.6357421875
20310.2021484375
20936.76953125
21583.521484375
22249.5625
22933.916015625
23635.5205078125
24353.234375
25085.83203125
25832.0078125
26590.375
27359.462890625
28137.73046875
28923.5556640625
29715.248046875
30511.0478515625
31309.1337890625
32107.6220703125
32904.5771484375
33698.015625
34485.9150390625
35266.21484375
36036.830078125
36795.65625
37540.5810546875
38269.4853515625
38980.2626953125
39670.818359375
40339.0888671875
40983.0400390625
41600.6953125
42190.1220703125
42749.4619140625
43276.9267578125
43770.8232421875
44229.5458984375
44651.599609375
45035.599609375
45380.2880859375
45684.5390625
45947.365234375
46167.9248046875
46345.5322265625
46479.6591796875
46569.943359375
46616.1875
46618.375
46576.6533203125
46491.35546875
46362.990234375
46192.2392578125
45979.96484375
45727.2001953125
45435.150390625
45105.1884765625
44738.84375
44337.8095703125
43903.9169921875
43439.146484375
42945.60546875
42425.5224609375
41881.2412109375
41315.205078125
40729.9462890625
40128.0732421875
39512.2626953125
38885.2392578125
38249.767578125
37608.6376953125
36964.650390625
36320.6044921875
35679.2841796875
35043.4423828125
34415.791015625
33798.984375
33195.6123046875
32608.181640625
32039.1083984375
31490.7060546875
30965.17578125
30464.59375
29990.908203125
29545.9248046875
29131.3046875
28748.5556640625
28399.0283203125
28083.9111328125
27804.224609375
27560.8232421875
27354.3916015625
27185.4443359375
27054.32421875
26961.2080078125
26906.107421875
26888.8662109375
26909.1708984375
26966.5556640625
27060.3994140625
27189.9423828125
27354.283203125
27552.392578125
27783.115234375
28045.18359375
28337.220703125
28657.751953125
29005.2119140625
29377.951171875
29774.251953125
30192.3310546875
30630.345703125
31086.4130859375
31558.609375
32044.98046875
32543.552734375
33052.3369140625
33569.337890625
34092.5615234375
34620.0224609375
35149.7509765625
35679.7958984375
36208.228515625
36733.158203125
37252.7265625
37765.115234375
38268.5517578125
38761.3125
39241.7216796875
39708.16015625
40159.0634765625
40592.927734375
41008.30859375
41403.8212890625
41778.14453125
42130.021484375
42458.259765625
42761.73046875
43039.3701171875
43290.1796875
43513.2265625
43707.638671875
43872.61328125
44007.40625
44111.3388671875
44183.7958984375
44224.2197265625
44232.1201171875
44207.0595703125
44148.6650390625
44056.62109375
43930.669921875
43770.6083984375
43576.2939453125
43347.63671875
43084.6025390625
42787.2099609375
42455.5322265625
42089.6943359375
41689.875
41256.3017578125
40789.2548828125
40289.0634765625
39756.1064453125
39190.8154296875
38593.6650390625
37965.1826171875
37305.9404296875
36616.560546875
35897.7109375
35150.109375
34374.517578125
33571.74609375
32742.6494140625
31888.130859375
31009.140625
30106.6728515625
29181.771484375
28235.5244140625
27269.064453125
26283.576171875
25280.287109375
24260.4716796875
23225.4501953125
22176.5908203125
21115.3076171875
20043.0634765625
18961.3583984375
17871.7490234375
16775.828125
15675.2373046875
14571.6591796875
13466.818359375
12362.478515625
11260.4462890625
10162.5615234375
9070.701171875
7986.7734375
6912.7158203125
5850.4931640625
4802.0947265625
3769.521484375
2754.7978515625
1759.9560546875
787.0302734375
-161.9423828125
-1084.93359375
-1979.923828125
-2844.9130859375
-3677.9267578125
-4477.021484375
-5240.2958984375
-5965.892578125
-6652.005859375
-7296.900390625
-7898.904296875
-8456.423828125
-8967.955078125
-9432.0849609375
-9847.5
-10213.001953125
-10527.501953125
-10790.0419921875
-10999.7841796875
-11156.037109375
-11258.2451171875
-11306.0029296875
-11299.0556640625
-11237.3056640625
-11120.8134765625
-10949.80078125
-10724.6572265625
-10445.9326171875
-10114.341796875
-9730.767578125
-9296.25
-8811.9951171875
-8279.3583984375
-7699.853515625
-7075.13671875
-6407.0107421875
-5697.4033203125
-4948.3779296875
-4162.107421875
-3340.87890625
-2487.0732421875
-1603.16015625
-691.6875
244.734375
1203.443359375
2181.736328125
3176.8837890625
4186.142578125
5206.765625
6236.0224609375
7271.20703125
8309.6494140625
9348.73046875
10385.8984375
11418.6708984375
12444.658203125
13461.5615234375
14467.193359375
15459.4853515625
16436.490234375
17396.396484375
18337.5361328125
19258.3798828125
20157.5595703125
21033.8564453125
21886.2119140625
22713.73046875
23515.6748046875
24291.470703125
25040.7021484375
25763.115234375
26458.607421875
27127.228515625
27769.171875
28384.771484375
28974.494140625
29538.9306640625
30078.7900390625
30594.8857421875
31088.1318359375
31559.5263671875
32010.15234375
32441.1533203125
32853.728515625
33249.1240234375
33628.6181640625
33993.5126953125
34345.1142578125
34684.736328125
35013.6796875
35333.224609375
35644.6171875
35949.0673828125
36247.736328125
36541.724609375
36832.07421875
37119.75
37405.6484375
37690.5771484375
37975.26171875
38260.3408203125
38546.357421875
38833.763671875
39122.9267578125
39414.1083984375
39707.4921875
40003.1650390625
40301.1337890625
40601.318359375
40903.5673828125
41207.6591796875
41513.2998046875
41820.1435546875
42127.7919921875
42435.7998046875
42743.6904296875
43050.958984375
43357.0791015625
43661.5185546875
43963.7392578125
44263.2138671875
44559.427734375
44851.89453125
45140.1572265625
45423.794921875
45702.44140625
45975.7783203125
46243.5478515625
46505.55859375
46761.689453125
47011.888671875
47256.1875
47494.6923828125
47727.5908203125
47955.154296875
48177.7314453125
48395.7529296875
48609.7294921875
48820.2412109375
49027.9423828125
49233.556640625
49437.8623046875
49641.7001953125
49845.951171875
50051.5458984375
50259.4404296875
50470.6201171875
50686.0849609375
50906.8408203125
51133.892578125
51368.232421875
51610.8310546875
51862.6279296875
52124.5224609375
52397.365234375
52681.947265625
52978.9931640625
53289.154296875
53612.998046875
53951.00390625
54303.5546875
54670.935546875
55053.3212890625
55450.7841796875
55863.2783203125
56290.6494140625
56732.6240234375
57188.810546875
57658.7109375
58141.7080078125
58637.072265625
59143.9736328125
59661.470703125
60188.5302734375
60724.0244140625
61266.73828125
61815.380859375
62368.5849609375
62924.9248046875
63482.919921875
64041.0419921875
64597.7275390625
65151.38671875
65700.4091796875
66243.1806640625
66778.0859375
67303.5185546875
67817.8984375
68319.6640625
68807.3017578125
69279.3330078125
69734.33984375
70170.9580078125
70587.890625
70983.9169921875
71357.8876953125
71708.7373046875
72035.486328125
72337.244140625
72613.2099609375
72862.673828125
73085.0263671875
73279.7470703125
73446.41015625
73584.6875
73694.3359375
73775.212890625
73827.2548828125
73850.486328125
73845.01953125
73811.0361328125
73748.7978515625
73658.640625
73540.9609375
73396.2216796875
73224.9423828125
73027.69921875
72805.11328125
72557.8544921875
72286.6318359375
71992.1923828125
71675.314453125
71336.8046875
70977.4990234375
70598.2490234375
70199.9306640625
69783.4306640625
69349.65234375
68899.505859375
68433.9091796875
67953.7890625
67460.0693359375
66953.681640625
66435.552734375
65906.6064453125
65367.765625
64819.943359375
64264.0498046875
63700.9814453125
63131.625
62556.8583984375
61977.541015625
61394.515625
60808.6103515625
60220.630859375
59631.3583984375
59041.55078125
58451.939453125
57863.2265625
57276.0732421875
56691.1171875
56108.9482421875
55530.1171875
54955.1328125
54384.455078125
53818.490234375
53257.5947265625
52702.0693359375
52152.1552734375
51608.0322265625
51069.8173828125
50537.564453125
50011.2568359375
49490.81640625
48976.0888671875
48466.857421875
47962.8349609375
47463.6640625
46968.9248046875
46478.12890625
45990.724609375
45506.1025390625
45023.59375
44542.4814453125
44061.9951171875
43581.32421875
43099.619140625
42616.001953125
42129.5673828125
41639.390625
41144.5390625
40644.078125
40137.0771484375
39622.6171875
39099.8037109375
38567.771484375
38025.6923828125
37472.791015625
36908.337890625
36331.6767578125
35742.2177734375
35139.44921875
34522.947265625
33892.37890625
33247.51171875
32588.2138671875
31914.4638671875
31226.353515625
30524.0859375
29807.98828125
29078.501953125
28336.189453125
27581.736328125
26815.9423828125
26039.7216796875
25254.1083984375
24460.23828125
23659.3564453125
22852.802734375
22042.0087890625
21228.48828125
20413.8330078125
19599.7001953125
18787.8017578125
17979.896484375
17177.775390625
16383.259765625
15598.1748046875
14824.3515625
14063.6044921875
13317.7255859375
12588.46875
11877.5400390625
11186.58203125
10517.166015625
9870.7763671875
9248.8056640625
8652.53515625
8083.138671875
7541.65625
7029.0029296875
6545.947265625
6093.1171875
5670.986328125
5279.87109375
4919.9345703125
4591.171875
4293.4228515625
4026.3623046875
3789.5068359375
3582.21875
3403.7041015625
3253.025390625
3129.1064453125
3030.7333984375
2956.5732421875
2905.1748046875
2874.990234375
2864.3701171875
2871.595703125
2894.8779296875
2932.375
2982.2080078125
3042.474609375
3111.267578125
3186.6796875
3266.8330078125
3349.8818359375
3434.0341796875
3517.5654296875
3598.830078125
3676.2763671875
3748.4599609375
3814.0546875
3871.86328125
3920.828125
3960.0400390625
3988.744140625
4006.345703125
4012.4208984375
4006.708984375
3989.126953125
3959.7578125
3918.8603515625
3866.8564453125
3804.333984375
3732.0361328125
3650.8603515625
3561.8427734375
3466.15234375
3365.078125
3260.017578125
3152.462890625
3043.986328125
2936.22265625
2830.859375
2729.6123046875
2634.2158203125
2546.4013671875
2467.8798828125
2400.328125
2345.3662109375
2304.548828125
2279.3408203125
2271.107421875
2281.09765625
2310.4306640625
2360.0849609375
2430.8857421875
2523.4970703125
2638.4072265625
2775.935546875
2936.2099609375
3119.1796875
3324.6005859375
3552.044921875
3800.8974609375
4070.3623046875
4359.4638671875
4667.060546875
4991.8447265625
5332.3623046875
5687.0185546875
6054.087890625
6431.740234375
6818.041015625
7210.9775390625
7608.4755859375
8008.4111328125
8408.6337890625
8806.984375
9201.3134765625
9589.4970703125
9969.4609375
10339.19140625
10696.7626953125
11040.33984375
11368.212890625
11678.7939453125
11970.640625
12242.4736328125
12493.1748046875
12721.8056640625
12927.615234375
13110.048828125
13268.74609375
13403.5498046875
13514.5078125
13601.87109375
13666.0947265625
13707.8310546875
13727.9267578125
13727.419921875
13707.5263671875
13669.6318359375
13615.28515625
13546.18359375
13464.1552734375
13371.1591796875
13269.25390625
13160.59375
13047.41015625
12931.9912109375
12816.6708984375
12703.80859375
12595.7744140625
12494.9345703125
12403.625
12324.1494140625
12258.755859375
12209.623046875
12178.845703125
12168.421875
12180.244140625
12216.0810546875
12277.576171875
12366.2265625
12483.38671875
12630.251953125
12807.861328125
13017.0859375
13258.625
13533.01171875
13840.6044921875
14181.5849609375
14555.9677734375
14963.595703125
15404.142578125
15877.1201171875
16381.8798828125
16917.6220703125
17483.3974609375
18078.1162109375
18700.5546875
19349.3671875
20023.0869140625
20720.140625
21438.85546875
22177.4677734375
22934.1337890625
23706.9375
24493.9033203125
25293.00390625
26102.166015625
26919.287109375
27742.240234375
28568.8837890625
29397.07421875
30224.66796875
31049.5341796875
31869.564453125
32682.677734375
33486.8310546875
34280.0244140625
35060.306640625
35825.787109375
36574.6376953125
37305.099609375
38015.4921875
38704.2099609375
39369.7373046875
40010.6474609375
40625.6064453125
41213.376953125
41772.82421875
42302.916015625
42802.724609375
43271.431640625
43708.328125
44112.810546875
44484.392578125
44822.6962890625
45127.4521484375
45398.50390625
45635.8046875
45839.4111328125
46009.4912109375
46146.3095703125
46250.2333984375
46321.732421875
46361.3603515625
46369.767578125
46347.6865234375
46295.9296875
46215.3837890625
46107.0078125
45971.8212890625
45810.9052734375
45625.3896484375
45416.4521484375
45185.3046875
44933.197265625
44661.3974609375
44371.201171875
44063.9072265625
43740.8232421875
43403.25
43052.486328125
42689.8115234375
42316.482421875
41933.7275390625
41542.74609375
41144.6943359375
40740.68359375
40331.77734375
39918.9833984375
39503.2548828125
39085.4814453125
38666.48828125
38247.0341796875
37827.810546875
37409.43359375
36992.451171875
36577.33984375
36164.501953125
35754.26953125
35346.904296875
34942.599609375
34541.478515625
34143.6064453125
33748.9833984375
33357.552734375
32969.203125
32583.7763671875
32201.0673828125
31820.8310546875
31442.7890625
31066.62890625
30692.0205078125
30318.6103515625
29946.03515625
29573.921875
29201.8994140625
28829.5986328125
28456.6630859375
28082.748046875
27707.537109375
27330.734375
26952.0771484375
26571.337890625
26188.33203125
25802.9169921875
25415.0
25024.5390625
24631.54296875
24236.0830078125
23838.2822265625
23438.3291015625
23036.46875
22633.009765625
22228.318359375
21822.82421875
21417.0126953125
21011.4326171875
20606.681640625
20203.4130859375
19802.330078125
19404.1845703125
19009.7646484375
18619.9052734375
18235.470703125
17857.35546875
17486.4775390625
17123.775390625
16770.201171875
16426.7158203125
16094.28125
15773.85546875
15466.3916015625
15172.826171875
14894.076171875
14631.033203125
14384.55859375
14155.4833984375
13944.58984375
13752.626953125
13580.2880859375
13428.2197265625
13297.0126953125
13187.2021484375
13099.26171875
13033.607421875
12990.5908203125
12970.5029296875
12973.5703125
12999.9580078125
13049.767578125
13123.041015625
13219.7626953125
13339.857421875
13483.1982421875
13649.60546875
13838.849609375
14050.658203125
14284.720703125
14540.6806640625
14818.1552734375
15116.7314453125
15435.9697265625
15775.408203125
16134.57421875
16512.974609375
16910.111328125
17325.48046875
17758.5771484375
18208.8935546875
18675.9287109375
19159.18359375
19658.1708984375
20172.41015625
20701.4287109375
21244.771484375
21801.9853515625
22372.6318359375
22956.2802734375
23552.5107421875
24160.9052734375
24781.0517578125
25412.5390625
26054.9560546875
26707.8857421875
27370.8994140625
28043.564453125
28725.4248046875
29416.009765625
30114.8212890625
30821.3369140625
31535.0009765625
32255.2236328125
32981.376953125
33712.7890625
34448.744140625
35188.482421875
35931.1875
36676.0009765625
37422.0048828125
38168.2294921875
38913.6591796875
39657.2158203125
40397.7763671875
41134.1689453125
41865.1728515625
42589.5234375
43305.9169921875
44013.0146484375
44709.4453125
45393.8125
46064.7021484375
46720.6826171875
47360.3212890625
47982.1787109375
48584.8291015625
49166.8603515625
49726.880859375
50263.5302734375
50775.4892578125
51261.4794921875
51720.283203125
52150.7333984375
52551.7392578125
52922.279296875
53261.416015625
53568.2978515625
53842.1630859375
54082.3486328125
54288.291015625
54459.5302734375
54595.716796875
54696.6083984375
54762.0703125
54792.087890625
54786.75
54746.259765625
54670.9306640625
54561.1826171875
54417.5419921875
54240.638671875
54031.1943359375
53790.0302734375
53518.0576171875
53216.2666015625
52885.7294921875
52527.58984375
52143.056640625
51733.400390625
51299.9423828125
50844.05078125
50367.1376953125
49870.6455078125
49356.0400390625
48824.814453125
48278.4697265625
47718.5205078125
47146.4775390625
46563.8515625
45972.142578125
45372.8359375
44767.4013671875
44157.283203125
43543.8955078125
42928.6259765625
42312.82421875
41697.8037109375
41084.8359375
40475.1494140625
39869.9287109375
39270.3076171875
38677.3701171875
38092.150390625
37515.6279296875
36948.7265625
36392.31640625
35847.20703125
35314.1494140625
34793.8349609375
34286.8916015625
33793.8857421875
33315.3154296875
32851.6201171875
32403.1640625
31970.2451171875
31553.091796875
31151.8603515625
30766.6298828125
30397.41015625
30044.12890625
29706.638671875
29384.7138671875
29078.0458984375
28786.24609375
28508.8447265625
28245.2919921875
27994.9501953125
27757.1044921875
27530.95703125
27315.6318359375
27110.173828125
26913.5517578125
26724.6591796875
26542.3232421875
26365.3046875
26192.2998046875
26021.9521484375
25852.8515625
25683.5478515625
25512.5478515625
25338.3369140625
25159.3701171875
24974.09765625
24780.962890625
24578.4111328125
24364.91015625
24138.947265625
23899.0517578125
23643.7919921875
23371.7998046875
23081.76953125
22772.474609375
22442.7724609375
22091.6240234375
21718.0859375
21321.3388671875
20900.677734375
20455.5322265625
19985.4619140625
19490.171875
18969.5126953125
18423.48046875
17852.2216796875
17256.0400390625
16635.388671875
15990.8701171875
15323.2373046875
14633.388671875
13922.3623046875
13191.3291015625
12441.587890625
11674.556640625
10891.7607421875
10094.828125
9285.4697265625
8465.4794921875
7636.7060546875
6801.0546875
5960.46484375
5116.8994140625
4272.326171875
3428.712890625
2588.0029296875
1752.10546875
922.8828125
102.1376953125
-708.4033203125
-1507.09765625
-2292.40234375
-3062.8740234375
-3817.19140625
-4554.15625
-5272.7001953125
-5971.88671875
-6650.9248046875
-7309.166015625
-7946.1015625
-8561.37109375
-9154.755859375
-9726.17578125
-10275.6884765625
-10803.4833984375
-11309.869140625
-11795.27734375
-12260.2412109375
-12705.3935546875
-13131.455078125
-13539.22265625
-13929.5537109375
-14303.359375
-14661.5859375
-15005.2099609375
-15335.21484375
-15652.587890625
-15958.2939453125
-16253.279296875
-16538.447265625
-16814.6494140625
-17082.6796875
-17343.2568359375
-17597.017578125
-17844.5126953125
-18086.19140625
-18322.40625
-18553.3974609375
-18779.291015625
-19000.1015625
-19215.7275390625
-19425.9501953125
-19630.4345703125
-19828.732421875
-20020.283203125
-20204.423828125
-20380.3857421875
-20547.3095703125
-20704.244140625
-20850.1611328125
-20983.95703125
-21104.4677734375
-21210.4736328125
-21300.708984375
-21373.8798828125
-21428.6611328125
-21463.720703125
-21477.712890625
-21469.30859375
-21437.1845703125
-21380.0478515625
-21296.63671875
-21185.732421875
-21046.1640625
-20876.8203125
-20676.6533203125
-20444.6787109375
-20179.9951171875
-19881.775390625
-19549.27734375
-19181.8486328125
-18778.919921875
-18340.015625
-17864.755859375
-17352.84765625
-16804.0966796875
-16218.400390625
-15595.7470703125
-14936.2177734375
-14239.9853515625
-13507.3076171875
-12738.53125
-11934.087890625
-11094.4912109375
-10220.3359375
-9312.2958984375
-8371.12109375
-7397.638671875
-6392.744140625
-5357.4111328125
-4292.6796875
-3199.6591796875
-2079.5302734375
-933.5380859375
237.0029296875
1430.71484375
2646.1494140625
3881.79296875
5136.06640625
6407.3251953125
7693.8525390625
8993.8720703125
10305.5361328125
11626.9326171875
12956.080078125
14290.9375
15629.3896484375
16969.263671875
18308.322265625
19644.26953125
20974.748046875
22297.3466796875
23609.6005859375
24908.9990234375
26192.986328125
27458.96484375
28704.30859375
29926.3623046875
31122.4462890625
32289.8759765625
33425.953125
34527.984375
35593.2919921875
36619.212890625
37603.1181640625
38542.416015625
39434.5654296875
40277.0888671875
41067.5751953125
41803.6943359375
42483.208984375
43103.98828125
43664.0068359375
44161.3642578125
44594.294921875
44961.1708984375
45260.51953125
45491.0234375
45651.53515625
45741.08203125
45758.873046875
45704.3056640625
45576.96875
45376.65234375
45103.34765625
44757.251953125
44338.765625
43848.505859375
43287.291015625
42656.1552734375
41956.3349609375
41189.2783203125
40356.6318359375
39460.2421875
38502.15234375
37484.5927734375
36409.9765625
35280.8974609375
34100.1123046875
32870.541015625
31595.255859375
30277.4677734375
28920.5224609375
27527.88671875
26103.13671875
24649.9462890625
23172.078125
21673.3701171875
20157.720703125
18629.0791015625
17091.4287109375
15548.78125
14005.154296875
12464.5673828125
10931.0205078125
9408.48828125
7900.8994140625
6412.1357421875
4946.0048828125
3506.23828125
2096.4775390625
720.2587890625
-618.990234375
-1917.9755859375
-3173.5302734375
-4382.6328125
-5542.4189453125
-6650.1826171875
-7703.3935546875
-8699.6904296875
-9636.90234375
-10513.044921875
-11326.330078125
-12075.1640625
-12758.1630859375
-13374.1376953125
-13922.111328125
-14401.314453125
-14811.1806640625
-15151.353515625
-15421.6787109375
-15622.205078125
-15753.1826171875
-15815.0537109375
-15808.4541015625
-15734.19921875
-15593.2890625
-15386.89453125
-15116.349609375
-14783.1484375
-14388.931640625
-13935.484375
-13424.7197265625
-12858.6728515625
-12239.4912109375
-11569.4296875
-10850.830078125
-10086.119140625
-9277.7978515625
-8428.4287109375
-7540.626953125
-6617.052734375
-5660.3984375
-4673.37890625
-3658.7294921875
-2619.1884765625
-1557.4931640625
-476.3720703125
621.46484375
1733.3291015625
2856.5693359375
3988.5654296875
5126.744140625
6268.5771484375
7411.595703125
8553.3828125
9691.587890625
10823.92578125
11948.1787109375
13062.205078125
14163.931640625
15251.3681640625
16322.5986328125
17375.7919921875
18409.1953125
19421.1396484375
20410.0419921875
21374.40234375
22312.8056640625
23223.9228515625
24106.509765625
24959.4111328125
25781.552734375
26571.9521484375
27329.7060546875
28054.0
28744.103515625
29399.37109375
30019.23828125
30603.2265625
31150.9326171875
31662.0419921875
32136.3134765625
32573.5859375
32973.7744140625
33336.8662109375
33662.92578125
33952.083984375
34204.5439453125
34420.5693359375
34600.4921875
34744.7021484375
34853.6455078125
34927.8251953125
34967.794921875
34974.15234375
34947.5439453125
34888.650390625
34798.1943359375
34676.927734375
34525.6337890625
34345.1181640625
34136.2109375
33899.7578125
33636.6201171875
33347.669921875
33033.7880859375
32695.8623046875
32334.7822265625
31951.4365234375
31546.71484375
31121.5068359375
30676.6962890625
30213.162109375
29731.78125
29233.4267578125
28718.96875
28189.271484375
27645.203125
27087.6318359375
26517.427734375
25935.4677734375
25342.63671875
24739.8330078125
24127.966796875
23507.96875
22880.7890625
22247.4033203125
21608.818359375
20966.0654296875
20320.216796875
19672.376953125
19023.69140625
18375.3466796875
17728.5693359375
17084.6318359375
16444.8505859375
15810.58203125
15183.2265625
14564.2236328125
13955.052734375
13357.2255859375
12772.28515625
12201.7998046875
11647.3583984375
11110.5634765625
10593.021484375
10096.3447265625
9622.1259765625
9171.951171875
8747.3681640625
8349.896484375
7981.0029296875
7642.0986328125
7334.529296875
7059.556640625
6818.3603515625
6612.0205078125
6441.50390625
6307.66796875
6211.2373046875
6152.8046875
6132.8212890625
6151.58984375
6209.2578125
6305.81640625
6441.091796875
6614.7470703125
6826.27734375
7075.0126953125
7360.1171875
7680.591796875
8035.28125
8422.8681640625
8841.89453125
9290.7587890625
9767.724609375
10270.9306640625
10798.40625
11348.07421875
11917.76953125
12505.25
13108.2041015625
13724.2744140625
14351.0654296875
14986.1552734375
15627.1181640625
16271.529296875
16916.9873046875
17561.123046875
18201.6123046875
18836.1904296875
19462.6650390625
20078.923828125
20682.953125
21272.8349609375
21846.7685546875
22403.068359375
22940.1748046875
23456.6591796875
23951.228515625
24422.7255859375
24870.1318359375
25292.5751953125
25689.3134765625
26059.7529296875
26403.4267578125
26720.009765625
27009.2978515625
27271.2099609375
27505.7861328125
27713.17578125
27893.6298828125
28047.498046875
28175.216796875
28277.302734375
28354.3466796875
28407.001953125
28435.9775390625
28442.03125
28425.9609375
28388.599609375
28330.8037109375
28253.4521484375
28157.4326171875
28043.6474609375
27912.998046875
27766.38671875
27604.7109375
27428.8623046875
27239.7216796875
27038.158203125
26825.033203125
26601.189453125
26367.4609375
26124.66796875
25873.6201171875
25615.1171875
25349.9501953125
25078.900390625
24802.75
24522.2734375
24238.244140625
23951.4404296875
23662.63671875
23372.6142578125
23082.1630859375
22792.0712890625
22503.142578125
22216.1787109375
21931.994140625
21651.404296875
21375.232421875
21104.3017578125
20839.4365234375
20581.458984375
20331.18359375
20089.416015625
19856.9501953125
19634.556640625
19422.986328125
19222.9609375
19035.1669921875
18860.255859375
18698.8271484375
18551.4365234375
18418.578125
18300.6875
18198.1328125
18111.2099609375
18040.1376953125
17985.0556640625
17946.0185546875
17922.9921875
17915.8515625
17924.3828125
17948.2763671875
17987.1279296875
18040.439453125
18107.6181640625
18187.9853515625
18280.7666015625
18385.103515625
18500.05859375
18624.611328125
18757.671875
18898.083984375
19044.62890625
19196.0361328125
19350.9892578125
19508.1318359375
19666.080078125
19823.427734375
19978.7548828125
20130.638671875
20277.66015625
20418.4111328125
20551.5107421875
20675.60546875
20789.380859375
20891.568359375
20980.95703125
21056.39453125
21116.7978515625
21161.16015625
21188.5498046875
21198.126953125
21189.13671875
21160.91796875
21112.91015625
21044.6455078125
20955.763671875
20846.0009765625
20715.1953125
20563.2958984375
20390.341796875
20196.4814453125
19981.953125
19747.095703125
19492.341796875
19218.2099609375
18925.3046875
18614.310546875
18285.98828125
17941.173828125
17580.7646484375
17205.716796875
16817.0478515625
16415.8212890625
16003.140625
15580.1513671875
15148.02734375
14707.970703125
14261.19921875
13808.9482421875
13352.455078125
12892.96484375
12431.716796875
11969.9375
11508.845703125
11049.6357421875
10593.478515625
10141.5166015625
9694.8564453125
9254.5693359375
8821.681640625
8397.173828125
7981.9775390625
7576.9697265625
7182.970703125
6800.7421875
6430.9814453125
6074.3232421875
5731.330078125
5402.5009765625
5088.26171875
4788.9638671875
4504.8896484375
4236.2412109375
3983.1494140625
3745.669921875
3523.7783203125
3317.3828125
3126.310546875
2950.318359375
2789.0888671875
2642.236328125
2509.306640625
2389.77734375
2283.0615234375
2188.515625
2105.43359375
2033.0576171875
1970.5791015625
1917.14453125
1871.8564453125
1833.7802734375
1801.94921875
1775.3671875
1753.0205078125
1733.87109375
1716.875
1700.978515625
1685.12890625
1668.2763671875
1649.380859375
1627.4208984375
1601.39453125
1570.3232421875
1533.2646484375
1489.30859375
1437.5888671875
1377.28515625
1307.6259765625
1227.892578125
1137.4267578125
1035.62890625
921.9658203125
795.96875
657.2421875
505.4580078125
340.3642578125
161.7802734375
-30.3935546875
-236.1875
-455.5517578125
-688.3603515625
-934.4111328125
-1193.42578125
-1465.0546875
-1748.869140625
-2044.373046875
-2350.9990234375
-2668.109375
-2995.001953125
-3330.9091796875
-3675.001953125
-4026.390625
-4384.1318359375
-4747.2255859375
-5114.62109375
-5485.220703125
-5857.8798828125
-6231.4140625
-6604.599609375
-6976.177734375
-7344.85546875
-7709.3134765625
-8068.2080078125
-8420.171875
-8763.822265625
-9097.7607421875
-9420.5791015625
-9730.8662109375
-10027.2041015625
-10308.18359375
-10572.3974609375
-10818.4501953125
-11044.9677734375
-11250.5908203125
-11433.98828125
-11593.8642578125
-11728.9521484375
-11838.03125
-11919.9267578125
-11973.5166015625
-11997.736328125
-11991.5859375
-11954.1337890625
-11884.5234375
-11781.9775390625
-11645.8037109375
-11475.4052734375
-11270.27734375
-11030.0126953125
-10754.3173828125
-10443.0029296875
-10095.9951171875
-9713.333984375
-9295.185546875
-8841.8369140625
-8353.6962890625
-7831.3056640625
-7275.3310546875
-6686.564453125
-6065.9296875
-5414.4765625
-4733.3779296875
-4023.931640625
-3287.5537109375
-2525.7783203125
-1740.248046875
-932.7138671875
-105.025390625
740.87109375
1602.94921875
2479.0966796875
3367.138671875
4264.830078125
5169.8828125
6079.9609375
6992.7001953125
7905.7119140625
8816.6005859375
9722.96484375
10622.4189453125
11512.5986328125
12391.1728515625
13255.8515625
14104.3984375
14934.64453125
15744.4931640625
16531.93359375
17295.0439453125
18032.005859375
18741.1103515625
19420.7666015625
20069.5068359375
20685.990234375
21269.0107421875
21817.505859375
22330.55078125
22807.373046875
23247.3427734375
23649.9814453125
24014.9619140625
24342.107421875
24631.38671875
24882.9189453125
25096.9697265625
25273.943359375
25414.3857421875
25518.970703125
25588.5087890625
25623.927734375
25626.2763671875
25596.7099609375
25536.4951171875
25446.9892578125
25329.6396484375
25185.978515625
25017.6064453125
24826.1943359375
24613.4658203125
24381.1962890625
24131.19921875
23865.3203125
23585.42578125
23293.396484375
22991.123046875
22680.4912109375
22363.375
22041.62890625
21717.083984375
21391.537109375
21066.7431640625
20744.404296875
20426.173828125
20113.638671875
19808.318359375
19511.6591796875
19225.025390625
18949.6962890625
18686.86328125
18437.6201171875
18202.962890625
17983.7822265625
17780.8671875
17594.896484375
17426.43359375
17275.9345703125
17143.7373046875
17030.064453125
16935.0224609375
16858.60546875
16800.6884765625
16761.0322265625
16739.2939453125
16735.01171875
16747.6220703125
16776.4580078125
16820.7578125
16879.6630859375
16952.228515625
17037.4267578125
17134.1572265625
17241.25
17357.4755859375
17481.552734375
17612.1533203125
17747.9208984375
17887.46875
18029.396484375
18172.2958984375
18314.7666015625
18455.41796875
18592.8876953125
18725.84375
18853.0029296875
18973.134765625
19085.0732421875
19187.7236328125
19280.0771484375
19361.2119140625
19430.306640625
19486.646484375
19529.6259765625
19558.7607421875
19573.6904296875
19574.17578125
19560.11328125
19531.53125
19488.58984375
19431.5849609375
19360.943359375
19277.2236328125
19181.11328125
19073.423828125
18955.0810546875
18827.1298828125
18690.716796875
18547.083984375
18397.5673828125
18243.5751953125
18086.583984375
17928.1298828125
17769.7919921875
17613.1787109375
17459.919921875
17311.6455078125
17169.9833984375
17036.5322265625
16912.8583984375
16800.4765625
16700.8349609375
16615.3076171875
16545.1728515625
16491.607421875
16455.671875
16438.294921875
16440.2705078125
16462.2421875
16504.693359375
16567.94140625
16652.1279296875
16757.216796875
16882.984375
17029.0166015625
17194.708984375
17379.2587890625
17581.673828125
17800.7646484375
18035.1533203125
18283.2705078125
18543.3681640625
18813.5166015625
19091.6181640625
19375.412109375
19662.4873046875
19950.2861328125
20236.1240234375
20517.1982421875
20790.59765625
21053.3232421875
21302.298828125
21534.3857421875
21746.40625
21935.1494140625
22097.396484375
22229.93359375
22329.572265625
22393.1708984375
22417.6396484375
22399.9736328125
22337.2578125
22226.6943359375
22065.6181640625
21851.5068359375
21582.001953125
21254.9287109375
20868.3037109375
20420.353515625
19909.5263671875
19334.5048828125
18694.2197265625
17987.8583984375
17214.8740234375
16374.99609375
15468.2314453125
14494.8779296875
13455.5224609375
12351.0478515625
11182.625
9951.7294921875
8660.1220703125
7309.8525390625
5903.2607421875
4442.9609375
2931.8369140625
1373.03125
-230.05859375
-1873.806640625
-3554.359375
-5267.65625
-7009.4462890625
-8775.3076171875
-10560.6650390625
-12360.8037109375
-14170.904296875
-15986.0498046875
-17801.2578125
-19611.498046875
-21411.7197265625
-23196.87109375
-24961.92578125
-26701.9033203125
-28411.900390625
-30087.1025390625
-31722.8154296875
-33314.4814453125
-34857.705078125
-36348.2685546875
-37782.154296875
-39155.5615234375
-40464.91796875
-41706.90234375
-42878.4521484375
-43976.7744140625
-44999.361328125
-45943.9853515625
-46808.7236328125
-47591.939453125
-48292.3046875
-48908.78515625
-49440.6416015625
-49887.43359375
-50249.0009765625
-50525.4619140625
-50717.2041015625
-50824.873046875
-50849.3525390625
-50791.7646484375
-50653.4345703125
-50435.890625
-50140.8369140625
-49770.140625
-49325.8037109375
-48809.955078125
-48224.822265625
-47572.7138671875
-46856.0009765625
-46077.0947265625
-45238.431640625
-44342.453125
-43391.5830078125
-42388.2255859375
-41334.7314453125
-40233.3994140625
-39086.455078125
-37896.0458984375
-36664.2265625
-35392.9560546875
-34084.0869140625
-32739.3662109375
-31360.4326171875
-29948.8134765625
-28505.927734375
-27033.087890625
-25531.5078125
-24002.3076171875
-22446.521484375
-20865.099609375
-19258.9375
-17628.8662109375
-15975.6796875
-14300.1396484375
-12602.99609375
-10884.994140625
-9146.8984375
-7389.5
-5613.62890625
-3820.1796875
-2010.1171875
-184.4892578125
1655.556640625
3508.767578125
5373.7626953125
7249.0390625
9132.953125
11023.71875
12919.3974609375
14817.8994140625
16716.9833984375
18614.248046875
20507.13671875
22392.9482421875
24268.8291015625
26131.7861328125
27978.6962890625
29806.3095703125
31611.265625
33390.1044921875
35139.2744140625
36855.1552734375
38534.0654296875
40172.283203125
41766.0615234375
43311.650390625
44805.3046875
46243.314453125
47622.015625
48937.8076171875
50187.1806640625
51366.7265625
52473.158203125
53503.328125
54454.2451171875
55323.087890625
56107.2255859375
56804.228515625
57411.880859375
57928.19921875
58351.43359375
58680.0869140625
58912.9208984375
59048.96484375
59087.517578125
59028.1572265625
58870.74609375
58615.4296875
58262.638671875
57813.0908203125
57267.7900390625
56628.0244140625
55895.357421875
55071.630859375
54158.955078125
53159.7041015625
52076.50390625
50912.228515625
49669.98828125
48353.1201171875
46965.17578125
45509.91015625
43991.265625
42413.3662109375
40780.494140625
39097.083984375
37367.701171875
35597.0302734375
33789.8603515625
31951.0634765625
30085.583984375
28198.419921875
26294.60546875
24379.1943359375
22457.24609375
20533.8037109375
18613.8818359375
16702.4501953125
14804.41015625
12924.5888671875
11067.71484375
9238.4091796875
7441.166015625
5680.3359375
3960.12109375
2284.552734375
657.4814453125
-917.431640625
-2436.7314453125
-3897.177734375
-5295.7470703125
-6629.6552734375
-7896.353515625
-9093.541015625
-10219.166015625
-11271.43359375
-12248.810546875
-13150.0224609375
-13974.05859375
-14720.1748046875
-15387.8828125
-15976.958984375
-16487.4365234375
-16919.5986328125
-17273.98046875
-17551.35546875
-17752.734375
-17879.3505859375
-17932.6630859375
-17914.3310546875
-17826.21875
-17670.3759765625
-17449.02734375
-17164.5673828125
-16819.5400390625
-16416.62890625
-15958.6494140625
-15448.529296875
-14889.2978515625
-14284.0771484375
-13636.0615234375
-12948.5107421875
-12224.7373046875
-11468.087890625
-10681.939453125
-9869.68359375
-9034.7138671875
-8180.4130859375
-7310.1552734375
-6427.2744140625
-5535.07421875
-4636.80859375
-3735.6767578125
-2834.810546875
-1937.2734375
-1046.046875
-164.029296875
705.9736328125
1561.255859375
2399.21484375
3217.3544921875
4013.291015625
4784.7626953125
5529.6220703125
6245.8525390625
6931.560546875
7584.9873046875
8204.501953125
8788.6162109375
9335.97265625
9845.359375
10315.701171875
10746.068359375
11135.671875
11483.8681640625
11790.1591796875
12054.189453125
12275.751953125
12454.7802734375
12591.3525390625
12685.6923828125
12738.1611328125
12749.2607421875
12719.6328125
12650.0517578125
12541.4248046875
12394.7890625
12211.3046875
11992.2548828125
11739.0390625
11453.1689453125
11136.2607421875
10790.03515625
10416.30078125
10016.962890625
9594.001953125
9149.4765625
8685.509765625
8204.283203125
7708.03125
7199.03125
6679.595703125
6152.0625
5618.7861328125
5082.1328125
4544.4677734375
4008.1513671875
3475.5224609375
2948.900390625
2430.5673828125
1922.7666015625
1427.693359375
947.484375
484.212890625
39.8837890625
-383.578125
-784.3330078125
-1160.62890625
-1510.8115234375
-1833.3251953125
-2126.7216796875
-2389.6650390625
-2620.9375
-2819.431640625
-2984.169921875
-3114.2998046875
-3209.0947265625
-3267.9638671875
-3290.4443359375
-3276.2138671875
-3225.083984375
-3137.00390625
-3012.0625
-2850.4873046875
-2652.6455078125
-2419.041015625
-2150.322265625
-1847.2666015625
-1510.7958984375
-1141.95703125
-741.9375
-312.048828125
146.267578125
631.44921875
1141.81640625
1675.5703125
2230.8056640625
2805.5126953125
3397.5849609375
4004.822265625
4624.9423828125
5255.5849609375
5894.3271484375
6538.6787109375
7186.1064453125
7834.03515625
8479.8623046875
9120.9638671875
9754.7119140625
10378.4833984375
10989.6689453125
11585.693359375
12164.0205078125
12722.16796875
13257.720703125
13768.3447265625
14251.7978515625
14705.939453125
15128.748046875
15518.3310546875
15872.9267578125
16190.9326171875
16470.896484375
16711.537109375
16911.74609375
17070.6005859375
17187.361328125
17261.482421875
17292.6142578125
17280.60546875
17225.5029296875
17127.5517578125
16987.1943359375
16805.0634765625
16581.986328125
16318.9677734375
16017.19140625
15678.005859375
15302.921875
14893.591796875
14451.806640625
13979.4794921875
13478.6298828125
12951.3740234375
12399.90625
11826.4853515625
11233.4169921875
10623.0390625
9997.7041015625
9359.765625
8711.556640625
8055.3828125
7393.4970703125
6728.09375
6061.2880859375
5395.1083984375
4731.4814453125
4072.22265625
3419.0205078125
2773.439453125
2136.9013671875
1510.6845703125
895.921875
293.591796875
-295.478515625
-870.619140625
-1431.3095703125
-1977.181640625
-2508.0107421875
-3023.7158203125
-3524.3515625
-4010.09765625
-4481.255859375
-4938.236328125
-5381.5498046875
-5811.7958984375
-6229.6513671875
-6635.8623046875
-7031.2216796875
-7416.5703125
-7792.7734375
-8160.7177734375
-8521.2861328125
-8875.3603515625
-9223.802734375
-9567.4404296875
-9907.0615234375
-10243.404296875
-10577.1484375
-10908.9033203125
-11239.2001953125
-11568.49609375
-11897.154296875
-12225.4482421875
-12553.5576171875
-12881.5625
-13209.447265625
-13537.0947265625
-13864.2890625
-14190.7177734375
-14515.974609375
-14839.560546875
-15160.8916015625
-15479.296875
-15794.0322265625
-16104.279296875
-16409.1572265625
-16707.72265625
-16998.9892578125
-17281.9189453125
-17555.4423828125
-17818.4619140625
-18069.8564453125
-18308.4970703125
-18533.2451171875
-18742.96875
-18936.544921875
-19112.865234375
-19270.8447265625
-19409.4296875
-19527.6044921875
-19624.388671875
-19698.8515625
-19750.1142578125
-19777.3505859375
-19779.791015625
-19756.7333984375
-19707.53515625
-19631.6220703125
-19528.490234375
-19397.703125
-19238.8974609375
-19051.7802734375
-18836.13671875
-18591.8154296875
-18318.74609375
-18016.92578125
-17686.427734375
-17327.3916015625
-16940.0322265625
-16524.630859375
-16081.5390625
-15611.17578125
-15114.029296875
-14590.650390625
-14041.6572265625
-13467.7294921875
-12869.6142578125
-12248.1181640625
-11604.1064453125
-10938.5146484375
-10252.3291015625
-9546.6005859375
-8822.4375
-8081.005859375
-7323.5302734375
-6551.291015625
-5765.6279296875
-4967.9296875
-4159.64453125
-3342.2744140625
-2517.3671875
-1686.525390625
-851.400390625
-13.6875
824.8740234375
1662.4990234375
2497.3681640625
3327.626953125
4151.38671875
4966.7314453125
5771.724609375
6564.4091796875
7342.814453125
8104.966796875
8848.8876953125
9572.6025390625
10274.15234375
10951.59765625
11603.0205078125
12226.54296875
12820.3251953125
13382.580078125
13911.5771484375
14405.65625
14863.2294921875
15282.7919921875
15662.9345703125
16002.3447265625
16299.8193359375
16554.2705078125
16764.734375
16930.3740234375
17050.4921875
17124.5302734375
17152.078125
17132.8779296875
17066.826171875
16953.9765625
16794.5458984375
16588.9091796875
16337.607421875
16041.3408203125
15700.96875
15317.5107421875
14892.140625
14426.1767578125
13921.0869140625
13378.4775390625
12800.0810546875
12187.759765625
11543.4814453125
10869.326171875
10167.4599609375
9440.1396484375
8689.6875
7918.4873046875
7128.970703125
6323.6005859375
5504.86328125
4675.2529296875
3837.2568359375
2993.345703125
2145.962890625
1297.4990234375
450.298828125
-393.3623046875
-1231.2919921875
-2061.380859375
-2881.6220703125
-3690.1123046875
-4485.064453125
-5264.8154296875
-6027.826171875
-6772.697265625
-7498.1611328125
-8203.09375
-8886.5107421875
-9547.57421875
-10185.5849609375
-10799.98828125
-11390.365234375
-11956.4384765625
-12498.0546875
-13015.19140625
-13507.943359375
-13976.5224609375
-14421.2421875
-14842.5166015625
-15240.8486328125
-15616.822265625
-15971.0888671875
-16304.3662109375
-16617.41796875
-16911.0556640625
-17186.1181640625
-17443.46875
-17683.9814453125
-17908.537109375
-18118.0078125
-18313.251953125
-18495.109375
-18664.38671875
-18821.8525390625
-18968.23828125
-19104.2236328125
-19230.43359375
-19347.4365234375
-19455.7373046875
-19555.779296875
-19647.9365234375
-19732.515625
-19809.7529296875
-19879.814453125
-19942.796875
-19998.7294921875
-20047.5732421875
-20089.2216796875
-20123.509765625
-20150.2099609375
-20169.03515625
-20179.6455078125
-20181.65625
-20174.6279296875
-20158.0869140625
-20131.515625
-20094.369140625
-20046.06640625
-19986.0087890625
-19913.5732421875
-19828.123046875
-19729.0107421875
-19615.5771484375
-19487.1689453125
-19343.126953125
-19182.80078125
-19005.546875
-18810.73828125
-18597.7646484375
-18366.0322265625
-18114.9736328125
-17844.0478515625
-17552.74609375
-17240.59375
-16907.1484375
-16552.009765625
-16174.8203125
-15775.2666015625
-15353.0849609375
-14908.05859375
-14440.02734375
-13948.8828125
-13434.5791015625
-12897.125
-12336.5947265625
-11753.1259765625
-11146.919921875
-10518.2490234375
-9867.451171875
-9194.9384765625
-8501.1904296875
-7786.76171875
-7052.2763671875
-6298.4365234375
-5526.01171875
-4735.84765625
-3928.8603515625
-3106.037109375
-2268.4345703125
-1417.177734375
-553.455078125
321.4814453125
1206.3232421875
2099.69921875
3000.1904296875
3906.33203125
4816.609375
5729.4736328125
6643.33984375
7556.5986328125
8467.61328125
9374.7314453125
10276.296875
11170.6396484375
12056.095703125
12931.009765625
13793.740234375
14642.6669921875
15476.193359375
16292.7568359375
17090.833984375
17868.9423828125
18625.65234375
19359.5810546875
20069.408203125
20753.8740234375
21411.783203125
22042.009765625
22643.498046875
23215.263671875
23756.400390625
24266.07421875
24743.53125
25188.0927734375
25599.154296875
25976.1923828125
26318.7529296875
26626.458984375
26899.0048828125
27136.154296875
27337.736328125
27503.6494140625
27633.8486328125
27728.3544921875
27787.2392578125
27810.6328125
27798.71484375
27751.7119140625
27669.8994140625
27553.5947265625
27403.154296875
27218.978515625
27001.5029296875
26751.197265625
26468.5673828125
26154.1572265625
25808.5380859375
25432.3193359375
25026.1396484375
24590.6767578125
24126.638671875
23634.771484375
23115.85546875
22570.71484375
22000.205078125
21405.23046875
20786.732421875
20145.7001953125
19483.171875
18800.2294921875
18098.00390625
17377.6806640625
16640.49609375
15887.7373046875
15120.7451171875
14340.9150390625
13549.6943359375
12748.5830078125
11939.126953125
11122.92578125
10301.625
9476.91015625
8650.5087890625
7824.18359375
6999.7255859375
6178.953125
5363.7060546875
4555.8349609375
3757.1953125
2969.64453125
2195.03125
1435.1884765625
691.91796875
-33.0029296875
-737.8447265625
-1420.9287109375
-2080.634765625
-2715.4111328125
-3323.7841796875
-3904.3662109375
-4455.8662109375
-4977.0927734375
-5466.96484375
-5924.517578125
-6348.9140625
-6739.4423828125
-7095.5263671875
-7416.7314453125
-7702.765625
-7953.4814453125
-8168.8837890625
-8349.1259765625
-8494.5126953125
-8605.4970703125
-8682.6845703125
-8726.82421875
-8738.814453125
-8719.689453125
-8670.6220703125
-8592.9111328125
-8487.984375
-8357.3857421875
-8202.7646484375
-8025.876953125
-7828.5634765625
-7612.7578125
-7380.4580078125
-7133.728515625
-6874.6865234375
-6605.486328125
-6328.3212890625
-6045.3984375
-5758.9326171875
-5471.1376953125
-5184.216796875
-4900.3486328125
-4621.671875
-4350.2900390625
-4088.2421875
-3837.5126953125
-3600.0078125
-3377.5537109375
-3171.8896484375
-2984.6533203125
-2817.3876953125
-2671.51953125
-2548.3642578125
-2449.1162109375
-2374.84765625
-2326.5009765625
-2304.8935546875
-2310.705078125
-2344.484375
-2406.6455078125
-2497.4658203125
-2617.091796875
-2765.5283203125
-2942.6572265625
-3148.2216796875
-3381.841796875
-3643.009765625
-3931.09375
-4245.3466796875
-4584.904296875
-4948.7939453125
-5335.9375
-5745.15234375
-6175.1650390625
-6624.6083984375
-7092.0322265625
-7575.9091796875
-8074.6337890625
-8586.541015625
-9109.90234375
-9642.9306640625
-10183.7958984375
-10730.6240234375
-11281.509765625
-11834.515625
-12387.6806640625
-12939.0341796875
-13486.591796875
-14028.3681640625
-14562.3837890625
-15086.6689453125
-15599.2734375
-16098.2666015625
-16581.751953125
-17047.8681640625
-17494.80078125
-17920.7744140625
-18324.0810546875
-18703.068359375
-19056.1494140625
-19381.8115234375
-19678.623046875
-19945.2294921875
-20180.3720703125
-20382.8779296875
-20551.6796875
-20685.8017578125
-20784.3837890625
-20846.669921875
-20872.0166015625
-20859.8974609375
-20809.8994140625
-20721.734375
-20595.2314453125
-20430.341796875
-20227.138671875
-19985.8193359375
-19706.69921875
-19390.220703125
-19036.9384765625
-18647.529296875
-18222.783203125
-17763.599609375
-17270.9892578125
-16746.0654296875
-16190.0400390625
-15604.2216796875
-14990.0068359375
-14348.8740234375
-13682.3828125
-12992.1591796875
-12279.8974609375
-11547.3466796875
-10796.3046875
-10028.6142578125
-9246.150390625
-8450.818359375
-7644.541015625
-6829.251953125
-6006.8896484375
-5179.388671875
-4348.6728515625
-3516.646484375
-2685.1884765625
-1856.1416015625
-1031.314453125
-212.4619140625
598.705078125
1400.544921875
2191.470703125
2969.9716796875
3734.6083984375
4484.021484375
5216.93359375
5932.15625
6628.587890625
7305.2265625
7961.16015625
8595.576171875
9207.765625
9797.1171875
10363.123046875
10905.3828125
11423.5947265625
11917.56640625
12387.20703125
12832.5322265625
13253.6611328125
13650.8154296875
14024.3193359375
14374.5986328125
14702.1767578125
15007.6796875
15291.826171875
15555.4296875
15799.400390625
16024.7333984375
16232.513671875
16423.9140625
16600.1875
16762.66796875
16912.763671875
17051.958984375
17181.8056640625
17303.921875
17419.9912109375
17531.7470703125
17640.9833984375
17749.5390625
17859.296875
17972.177734375
18090.1337890625
18215.142578125
18349.2041015625
18494.328125
18652.53515625
18825.8388671875
19016.2490234375
19225.7568359375
19456.3291015625
19709.8994140625
19988.3603515625
20293.5517578125
20627.255859375
20991.185546875
21386.9736328125
21816.1708984375
22280.2236328125
22780.474609375
23318.1513671875
23894.3583984375
24510.0625
25166.0888671875
25863.1123046875
26601.6484375
27382.0458984375
28204.4775390625
29068.9384765625
29975.2373046875
30922.990234375
31911.6142578125
32940.3310546875
34008.16015625
35113.9111328125
36256.193359375
37433.41015625
38643.7568359375
39885.232421875
41155.6328125
42452.5615234375
43773.431640625
45115.474609375
46475.7470703125
47851.140625
49238.388671875
50634.08203125
52034.67578125
53436.5078125
54835.8056640625
56228.7080078125
57611.275390625
58979.5107421875
60329.3701171875
61656.7841796875
62957.677734375
64227.982421875
65463.6611328125
66660.720703125
67815.234375
68923.359375
69981.3544921875
70985.599609375
71932.611328125
72819.0595703125
73641.7880859375
74397.8232421875
75084.3984375
75698.9560546875
76239.1689453125
76702.951171875
77088.4619140625
77394.125
77618.625
77760.923828125
77820.2607421875
77796.1513671875
77688.4013671875
77497.0947265625
77222.5986328125
76865.5615234375
76426.9072265625
75907.826171875
75309.7744140625
74634.462890625
73883.8427734375
73060.10546875
72165.658203125
71203.12109375
70175.306640625
69085.20703125
67935.9814453125
66730.9306640625
65473.494140625
64167.220703125
62815.7587890625
61422.8349609375
59992.2353515625
58527.794921875
57033.3740234375
55512.8447265625
53970.072265625
52408.8994140625
50833.1357421875
49246.537109375
47652.7958984375
46055.529296875
44458.26171875
42864.4208984375
41277.32421875
39700.171875
38136.0341796875
36587.85546875
35058.4375
33550.443359375
32066.3857421875
30608.6337890625
29179.4052734375
27780.767578125
26414.6357421875
25082.779296875
23786.8212890625
22528.236328125
21308.359375
20128.3828125
18989.3720703125
17892.255859375
16837.8349609375
15826.7958984375
14859.7001953125
13937.0029296875
13059.0478515625
12226.076171875
11438.2294921875
10695.5556640625
9998.013671875
9345.470703125
8737.712890625
8174.44921875
7655.3046875
7179.8330078125
6747.5126953125
6357.7529296875
6009.8935546875
5703.205078125
5436.890625
5210.0908203125
5021.8779296875
4871.259765625
4757.185546875
4678.53515625
4634.1318359375
4622.73828125
4643.0537109375
4693.720703125
4773.32421875
4880.3984375
5013.41796875
5170.8134765625
5350.9599609375
5552.197265625
5772.8173828125
6011.078125
6265.2021484375
6533.3916015625
6813.8173828125
7104.638671875
7404.0029296875
7710.0498046875
8020.927734375
8334.78515625
8649.79296875
8964.140625
9276.048828125
9583.775390625
9885.6220703125
10179.9443359375
10465.1533203125
10739.7294921875
11002.220703125
11251.2607421875
11485.5634765625
11703.9375
11905.2841796875
12088.6123046875
12253.0322265625
12397.767578125
12522.1572265625
12625.6572265625
12707.841796875
12768.41015625
12807.1865234375
12824.1181640625
12819.2783203125
12792.869140625
12745.21484375
12676.765625
12588.09375
12479.8974609375
12352.986328125
12208.2919921875
12046.8564453125
11869.8310546875
11678.474609375
11474.1455078125
11258.2998046875
11032.484375
10798.3330078125
10557.560546875
10311.9560546875
10063.3779296875
9813.75
9565.0498046875
9319.302734375
9078.5771484375
8844.9755859375
8620.6279296875
8407.68359375
8208.298828125
8024.634765625
7858.8427734375
7713.0615234375
7589.400390625
7489.9375
7416.703125
7371.673828125
7356.76171875
7373.8017578125
7424.546875
7510.650390625
7633.6630859375
7795.017578125
7996.0166015625
8237.8330078125
8521.4833984375
8847.8408203125
9217.6005859375
9631.29296875
10089.263671875
10591.6689453125
11138.4677734375
11729.421875
12364.0830078125
13041.7939453125
13761.68359375
14522.6640625
15323.4365234375
16162.48046875
17038.068359375
17948.2548828125
18890.900390625
19863.65234375
20863.974609375
21889.14453125
22936.267578125
24002.283203125
25083.9814453125
26178.0205078125
27280.931640625
28389.14453125
29498.9970703125
30606.76171875
31708.65234375
32800.85546875
33879.54296875
34940.8916015625
35981.1064453125
36996.4375
37983.205078125
38937.8173828125
39856.783203125
40736.744140625
41574.4794921875
42366.93359375
43111.224609375
43804.6650390625
44444.7734375
45029.2861328125
45556.1689453125
46023.6298828125
46430.1171875
46774.3408203125
47055.26171875
47272.10546875
47424.35546875
47511.7607421875
47534.322265625
47492.296875
47386.193359375
47216.7548828125
46984.9580078125
46692.005859375
46339.3017578125
45928.453125
45461.2490234375
44939.6416015625
44365.74609375
43741.8037109375
43070.1845703125
42353.357421875
41593.87890625
40794.3759765625
39957.5263671875
39086.0478515625
38182.67578125
37250.15234375
36291.2080078125
35308.548828125
34304.84765625
33282.7255859375
32244.74609375
31193.3984375
30131.1005859375
29060.1806640625
27982.875
26901.326171875
25817.57421875
24733.5595703125
23651.115234375
22571.9765625
21497.7724609375
20430.0341796875
19370.1953125
18319.5986328125
17279.4990234375
16251.068359375
15235.4033203125
14233.533203125
13246.42578125
12274.990234375
11320.0966796875
10382.568359375
9463.1982421875
8562.7607421875
7682.0048828125
6821.6728515625
5982.501953125
5165.2294921875
4370.5986328125
3599.3642578125
2852.29296875
2130.16796875
1433.7939453125
763.9912109375
121.603515625
-492.5107421875
-1077.47265625
-1632.38671875
-2156.3505859375
-2648.44921875
-3107.765625
-3533.3876953125
-3924.408203125
-4279.9375
-4599.107421875
-4881.080078125
-5125.0556640625
-5330.279296875
-5496.052734375
-5621.7373046875
-5706.7705078125
-5750.666015625
-5753.0244140625
-5713.5458984375
-5632.0283203125
-5508.3857421875
-5342.6396484375
-5134.9423828125
-4885.568359375
-4594.923828125
-4263.55078125
-3892.1259765625
-3481.46875
-3032.5322265625
-2546.4130859375
-2024.34375
-1467.693359375
-877.9599609375
-256.771484375
394.1240234375
1072.8623046875
1777.47265625
2505.880859375
3255.9287109375
4025.3681640625
4811.892578125
5613.12890625
6426.6611328125
7250.0380859375
8080.7900390625
8916.4365234375
9754.5048828125
10592.5400390625
11428.1259765625
12258.88671875
13082.5107421875
13896.7578125
14699.4775390625
15488.6162109375
16262.2275390625
17018.4951171875
17755.728515625
18472.380859375
19167.0556640625
19838.517578125
20485.6923828125
21107.677734375
21703.7490234375
22273.35546875
22816.1318359375
23331.8876953125
23820.623046875
24282.5048828125
24717.8857421875
25127.2880859375
25511.3984375
25871.0673828125
26207.2939453125
26521.2265625
26814.1416015625
27087.4423828125
27342.6455078125
27581.3662109375
27805.3037109375
28016.236328125
28215.998046875
28406.4697265625
28589.5615234375
28767.201171875
28941.3134765625
29113.8154296875
29286.5908203125
29461.4814453125
29640.275390625
29824.6884765625
30016.3515625
30216.806640625
30427.4833984375
30649.6962890625
30884.634765625
31133.3525390625
31396.755859375
31675.609375
31970.515625
32281.919921875
32610.1064453125
32955.197265625
33317.140625
33695.7294921875
34090.587890625
34501.1806640625
34926.814453125
35366.64453125
35819.6787109375
36284.78515625
36760.6982421875
37246.0302734375
37739.2763671875
38238.82421875
38742.96875
39249.91796875
39757.8056640625
40264.7021484375
40768.6259765625
41267.5556640625
41759.44140625
42242.2138671875
42713.7978515625
43172.1240234375
43615.1357421875
44040.8046875
44447.1337890625
44832.1728515625
45194.0263671875
45530.8544921875
45840.8896484375
46122.4384765625
46373.88671875
46593.70703125
46780.46484375
46932.8193359375
47049.5234375
47129.4345703125
47171.505859375
47174.80078125
47138.4755859375
47061.796875
46944.1279296875
46784.93359375
46583.7734375
46340.30859375
46054.2861328125
45725.5478515625
45354.0224609375
44939.716796875
44482.7236328125
43983.208984375
43441.4111328125
42857.640625
42232.267578125
41565.7333984375
40858.53125
40111.216796875
39324.396484375
38498.7294921875
37634.9248046875
36733.744140625
35795.9921875
34822.5234375
33814.236328125
32772.080078125
31697.046875
30590.1796875
29452.5712890625
28285.361328125
27089.7421875
25866.9658203125
24618.33203125
23345.203125
22049.0009765625
20731.2119140625
19393.380859375
18037.1279296875
16664.1357421875
15276.1591796875
13875.025390625
12462.634765625
11040.958984375
9612.04296875
8178.0087890625
6741.04296875
5303.412109375
3867.4462890625
2435.537109375
1010.142578125
-406.2177734375
-1810.984375
-3201.5400390625
-4575.232421875
-5929.375
-7261.259765625
-8568.16015625
-9847.3408203125
-11096.07421875
-12311.6455078125
-13491.361328125
-14632.5693359375
-15732.658203125
-16789.0830078125
-17799.3642578125
-18761.111328125
-19672.025390625
-20529.9189453125
-21332.71875
-22078.490234375
-22765.4365234375
-23391.916015625
-23956.447265625
-24457.7275390625
-24894.6279296875
-25266.2177734375
-25571.7568359375
-25810.7109375
-25982.751953125
-26087.7646484375
-26125.8505859375
-26097.3212890625
-26002.716796875
-25842.7841796875
-25618.4892578125
-25331.013671875
-24981.7412109375
-24572.2666015625
-24104.3740234375
-23580.0439453125
-23001.4345703125
-22370.8798828125
-21690.875
-20964.0673828125
-20193.244140625
-19381.322265625
-18531.3369140625
-17646.4189453125
-16729.7939453125
-15784.7646484375
-14814.6904296875
-13822.982421875
-12813.0869140625
-11788.4638671875
-10752.5888671875
-9708.927734375
-8660.9228515625
-7611.9912109375
-6565.4990234375
-5524.763671875
-4493.03125
-3473.4755859375
-2469.1767578125
-1483.126953125
-518.2109375
422.796875
1337.24609375
2222.6025390625
3076.466796875
3896.576171875
4680.8046875
5427.171875
6133.84375
6799.1318359375
7421.505859375
7999.5849609375
8532.1396484375
9018.1015625
9456.5537109375
9846.73828125
10188.048828125
10480.0390625
10722.4189453125
10915.0478515625
11057.9423828125
11151.271484375
11195.357421875
11190.66796875
11137.8271484375
11037.6005859375
10890.904296875
10698.7919921875
10462.466796875
10183.2646484375
9862.6630859375
9502.2724609375
9103.8330078125
8669.2109375
8200.3994140625
7699.5068359375
7168.7607421875
6610.48828125
6027.130859375
5421.2177734375
4795.3701171875
4152.2939453125
3494.7626953125
2825.6220703125
2147.7685546875
1464.1435546875
777.728515625
91.525390625
-591.44921875
-1268.18359375
-1935.6689453125
-2590.92578125
-3231.0126953125
-3853.0380859375
-4454.171875
-5031.666015625
-5582.859375
-6105.1943359375
-6596.2333984375
-7053.6640625
-7475.3212890625
-7859.1875
-8203.4111328125
-8506.318359375
-8766.4140625
-8982.3994140625
-9153.177734375
-9277.853515625
-9355.74609375
-9386.3955078125
-9369.5556640625
-9305.2041015625
-9193.5419921875
-9034.98828125
-8830.185546875
-8579.9892578125
-8285.4638671875
-7947.8857421875
-7568.720703125
-7149.630859375
-6692.4560546875
-6199.2041015625
-5672.0439453125
-5113.287109375
-4525.3798828125
-3910.8876953125
-3272.4765625
-2612.908203125
-1935.01171875
-1241.6787109375
-535.8447265625
179.53125
901.4794921875
1627.02734375
2353.2294921875
3077.166015625
3795.9736328125
4506.8427734375
5207.0439453125
5893.9306640625
6564.9580078125
7217.6865234375
7849.796875
8459.095703125
9043.525390625
9601.1689453125
10130.2548828125
10629.1669921875
11096.4404296875
11530.771484375
11931.0126953125
12296.1796875
12625.4482421875
12918.15234375
13173.783203125
13391.9892578125
13572.5693359375
13715.46875
13820.779296875
13888.7314453125
13919.6875
13914.140625
13872.703125
13796.1005859375
13685.1767578125
13540.87109375
13364.2216796875
13156.3564453125
12918.4853515625
12651.8984375
12357.9521484375
12038.068359375
11693.7265625
11326.4599609375
10937.845703125
10529.5
10103.076171875
9660.2578125
9202.748046875
8732.27734375
8250.5830078125
7759.41796875
7260.537109375
6755.7001953125
6246.6611328125
5735.16796875
5222.95703125
4711.7529296875
4203.255859375
3699.1474609375
3201.080078125
2710.6748046875
2229.51953125
1759.1640625
1301.11328125
856.82421875
427.708984375
15.1162109375
-379.6572265625
-755.3818359375
-1110.89453125
-1445.103515625
-1756.990234375
-2045.619140625
-2310.13671875
-2549.7744140625
-2763.8544921875
-2951.80078125
-3113.123046875
-3247.4423828125
-3354.4755859375
-3434.052734375
-3486.107421875
-3510.685546875
-3507.947265625
-3478.162109375
-3421.71875
-3339.12109375
-3230.9833984375
-3098.0400390625
-2941.1357421875
-2761.232421875
-2559.3984375
-2336.8115234375
-2094.7578125
-1834.6240234375
-1557.896484375
-1266.1552734375
-961.0693359375
-644.3935546875
-317.958984375
16.326171875
356.49609375
700.51953125
1046.318359375
1391.7705078125
1734.71875
2072.9794921875
2404.3525390625
2726.630859375
3037.607421875
3335.083984375
3616.88671875
3880.8701171875
4124.9287109375
4347.005859375
4545.1064453125
4717.302734375
4861.7470703125
4976.6787109375
5060.4345703125
5111.45703125
5128.3037109375
5109.65234375
5054.3125
4961.2294921875
4829.490234375
4658.33203125
4447.1474609375
4195.4853515625
3903.05859375
3569.7431640625
3195.5869140625
2780.8017578125
2325.76953125
1831.04296875
1297.341796875
725.548828125
116.7138671875
-527.958984375
-1207.115234375
-1919.2431640625
-2662.7001953125
-3435.703125
-4236.3466796875
-5062.607421875
-5912.357421875
-6783.3681640625
-7673.328125
-8579.849609375
-9500.482421875
-10432.7236328125
-11374.0341796875
-12321.845703125
-13273.5771484375
-14226.6455078125
-15178.48046875
-16126.5322265625
-17068.2861328125
-18001.2783203125
-18923.0966796875
-19831.40234375
-20723.93359375
-21598.5166015625
-22453.0751953125
-23285.6357421875
-24094.3349609375
-24877.43359375
-25633.30859375
-26360.46875
-27057.548828125
-27723.3203125
-28356.685546875
-28956.6845703125
-29522.48828125
-30053.404296875
-30548.8662109375
-31008.435546875
-31431.7998046875
-31818.7607421875
-32169.2373046875
-32483.2509765625
-32760.9296875
-33002.4912109375
-33208.2431640625
-33378.5712890625
-33513.93359375
-33614.8544921875
-33681.912109375
-33715.740234375
-33717.0078125
-33686.4267578125
-33624.7333984375
-33532.6875
-33411.06640625
-33260.66015625
-33082.2626953125
-32876.67578125
-32644.697265625
-32387.119140625
-32104.7353515625
-31798.3251953125
-31468.662109375
-31116.5146484375
-30742.6376953125
-30347.7822265625
-29932.6904296875
-29498.1005859375
-29044.7509765625
-28573.3779296875
-28084.7197265625
-27579.5234375
-27058.5439453125
-26522.546875
-25972.31640625
-25408.65234375
-24832.3779296875
-24244.3427734375
-23645.4208984375
-23036.517578125
-22418.5673828125
-21792.5439453125
-21159.4482421875
-20520.3203125
-19876.236328125
-19228.3037109375
-18577.66796875
-17925.5068359375
-17273.0283203125
-16621.4677734375
-15972.0908203125
-15326.181640625
-14685.0498046875
-14050.013671875
-13422.4052734375
-12803.56640625
-12194.8388671875
-11597.5576171875
-11013.0556640625
-10442.6484375
-9887.634765625
-9349.2900390625
-8828.8623046875
-8327.5625
-7846.5712890625
-7387.017578125
-6949.9912109375
-6536.5283203125
-6147.6123046875
-5784.16796875
-5447.0654296875
-5137.10546875
-4855.029296875
-4601.509765625
-4377.154296875
-4182.5009765625
-4018.0205078125
-3884.1083984375
-3781.09765625
-3709.25
-3668.7548828125
-3659.736328125
-3682.2490234375
-3736.2822265625
-3821.7578125
-3938.53515625
-4086.4052734375
-4265.0986328125
-4474.2841796875
-4713.5673828125
-4982.4951171875
-5280.5517578125
-5607.1650390625
-5961.703125
-6343.474609375
-6751.7314453125
-7185.66796875
-7644.4208984375
-8127.068359375
-8632.6328125
-9160.0810546875
-9708.3203125
-10276.203125
-10862.52734375
-11466.03515625
-12085.4140625
-12719.298828125
-13366.275390625
-14024.876953125
-14693.5908203125
-15370.8583984375
-16055.08203125
-16744.6220703125
-17437.8046875
-18132.9287109375
-18828.263671875
-19522.0595703125
-20212.5546875
-20897.974609375
-21576.544921875
-22246.4921875
-22906.0615234375
-23553.51171875
-24187.126953125
-24805.23046875
-25406.1884765625
-25988.4111328125
-26550.3740234375
-27090.6142578125
-27607.7451171875
-28100.4619140625
-28567.5458984375
-29007.8740234375
-29420.4267578125
-29804.291015625
-30158.662109375
-30482.8583984375
-30776.3115234375
-31038.583984375
-31269.3603515625
-31468.451171875
-31635.794921875
-31771.4599609375
-31875.6396484375
-31948.650390625
-31990.9306640625
-32003.037109375
-31985.6376953125
-31939.509765625
-31865.5302734375
-31764.6708984375
-31637.9892578125
-31486.6279296875
-31311.791015625
-31114.7509765625
-30896.8310546875
-30659.392578125
-30403.8349609375
-30131.576171875
-29844.05078125
-29542.689453125
-29228.9248046875
-28904.158203125
-28569.78125
-28227.1357421875
-27877.5263671875
-27522.2021484375
-27162.3515625
-26799.0966796875
-26433.484375
-26066.482421875
-25698.9697265625
-25331.740234375
-24965.4912109375
-24600.8232421875
-24238.2392578125
-23878.140625
-23520.830078125
-23166.5078125
-22815.275390625
-22467.13671875
-22121.99609375
-21779.6689453125
-21439.8798828125
-21102.26953125
-20766.3984375
-20431.751953125
-20097.7451171875
-19763.736328125
-19429.0234375
-19092.8603515625
-18754.4580078125
-18412.9951171875
-18067.626953125
-17717.4951171875
-17361.7294921875
-16999.4658203125
-16629.8447265625
-16252.029296875
-15865.2109375
-15468.61328125
-15061.50390625
-14643.2060546875
-14213.1044921875
-13770.6455078125
-13315.357421875
-12846.84765625
-12364.8134765625
-11869.0458984375
-11359.4384765625
-10835.98828125
-10298.8017578125
-9748.103515625
-9184.224609375
-8607.623046875
-8018.8740234375
-7418.671875
-6807.8310546875
-6187.28515625
-5558.0849609375
-4921.3955078125
-4278.48828125
-3630.744140625
-2979.6416015625
-2326.75
-1673.7265625
-1022.302734375
-374.279296875
268.4853515625
904.0888671875
1530.591796875
2146.03125
2748.435546875
3335.8330078125
3906.271484375
4457.826171875
4988.6162109375
5496.8212890625
5980.689453125
6438.5595703125
6868.8642578125
7270.15234375
7641.099609375
7980.5166015625
8287.36328125
8560.759765625
8800.0
9004.5498046875
9174.06640625
9308.3935546875
9407.5791015625
9471.8671875
9501.705078125
9497.7470703125
9460.849609375
9392.0673828125
9292.658203125
9164.06640625
9007.92578125
8826.0439453125
8620.3994140625
8393.1220703125
8146.4921875
7882.9140625
7604.912109375
7315.109375
7016.208984375
6710.9873046875
6402.2626953125
6092.884765625
5785.71484375
5483.6044921875
5189.37890625
4905.818359375
4635.634765625
4381.458984375
4145.8212890625
3931.1328125
3739.671875
3573.56640625
3434.7802734375
3325.1044921875
3246.1376953125
3199.28125
3185.7314453125
3206.4697265625
3262.2548828125
3353.6259765625
3480.890625
3644.1328125
3843.205078125
4077.740234375
4347.1474609375
4650.62109375
4987.1474609375
5355.5146484375
5754.3125
6181.958984375
6636.69921875
7116.623046875
7619.677734375
8143.685546875
8686.3515625
9245.2890625
9818.0244140625
10402.0224609375
10994.697265625
11593.431640625
12195.58984375
12798.5341796875
13399.6455078125
13996.3310546875
14586.041015625
15166.2880859375
15734.65234375
16288.7939453125
16826.4755859375
17345.556640625
17844.0146484375
18319.9501953125
18771.591796875
19197.3046875
19595.59765625
19965.1220703125
20304.681640625
20613.224609375
20889.861328125
21133.8447265625
21344.5830078125
21521.63671875
21664.7080078125
21773.6484375
21848.4462890625
21889.2275390625
21896.2470703125
21869.8857421875
21810.642578125
21719.130859375
21596.068359375
21442.2744140625
21258.6591796875
21046.2177734375
20806.02734375
20539.2314453125
20247.046875
19930.7412109375
19591.638671875
19231.1083984375
18850.5615234375
18451.44140625
18035.2265625
17603.4111328125
17157.5224609375
16699.095703125
16229.6845703125
15750.8486328125
15264.16015625
14771.1904296875
14273.515625
13772.7158203125
13270.365234375
12768.037109375
12267.302734375
11769.728515625
11276.8701171875
10790.283203125
10311.5107421875
9842.0888671875
9383.5439453125
8937.3916015625
8505.1337890625
8088.2578125
7688.2373046875
7306.529296875
6944.5654296875
6603.7587890625
6285.49609375
5991.1328125
5721.9931640625
5479.365234375
5264.4912109375
5078.57421875
4922.7578125
4798.138671875
4705.7421875
4646.5322265625
4621.3955078125
4631.1396484375
4676.4873046875
4758.0673828125
4876.4130859375
5031.9501953125
5224.99609375
5455.75390625
5724.3046875
6030.6005859375
6374.47265625
6755.6103515625
7173.5712890625
7627.7685546875
8117.48046875
8641.8388671875
9199.833984375
9790.314453125
10411.990234375
11063.4287109375
11743.0673828125
12449.208984375
13180.033203125
13933.5966796875
14707.8486328125
15500.6279296875
16309.6767578125
17132.6484375
17967.1259765625
18810.6123046875
19660.5615234375
20514.3818359375
21369.4443359375
22223.09765625
23072.685546875
23915.55078125
24749.0498046875
25570.5703125
26377.533203125
27167.4150390625
27937.748046875
28686.1416015625
29410.2861328125
30107.9599609375
30777.0478515625
31415.5400390625
32021.541015625
32593.2802734375
33129.1123046875
33627.5234375
34087.1376953125
34506.712890625
34885.150390625
35221.4912109375
35514.9140625
35764.73828125
35970.4228515625
36131.5576171875
36247.8681640625
36319.20703125
36345.548828125
36326.9921875
36263.744140625
36156.125
36004.556640625
35809.560546875
35571.7470703125
35291.8154296875
34970.5458984375
34608.7939453125
34207.484375
33767.6123046875
33290.2275390625
32776.443359375
32227.42578125
31644.3876953125
31028.5966796875
30381.3623046875
29704.037109375
28998.0185546875
28264.74609375
27505.6982421875
26722.3935546875
25916.39453125
25089.298828125
24242.7490234375
23378.42578125
22498.0517578125
21603.3896484375
20696.2421875
19778.4560546875
18851.91015625
17918.5263671875
16980.2666015625
16039.119140625
15097.1103515625
14156.2919921875
13218.744140625
12286.5634765625
11361.8623046875
10446.76171875
9543.38671875
8653.857421875
7780.27734375
6924.732421875
6089.2783203125
5275.92578125
4486.64453125
3723.3349609375
2987.8349609375
2281.8994140625
1607.1884765625
965.2666015625
357.5810546875
-214.5380859375
-749.8974609375
-1247.439453125
-1706.2578125
-2125.6005859375
-2504.8818359375
-2843.6826171875
-3141.759765625
-3399.0478515625
-3615.6630859375
-3791.8984375
-3928.2412109375
-4025.349609375
-4084.06640625
-4105.4111328125
-4090.572265625
-4040.91015625
-3957.9365234375
-3843.31640625
-3698.8564453125
-3526.498046875
-3328.29296875
-3106.4091796875
-2863.1025390625
-2600.71484375
-2321.65234375
-2028.3720703125
-1723.3720703125
-1409.1708984375
-1088.29296875
-763.2568359375
-436.5576171875
-110.65234375
212.0517578125
529.2177734375
838.583984375
1137.9794921875
1425.3427734375
1698.71875
1956.2861328125
2196.353515625
2417.373046875
2617.947265625
2796.8349609375
2952.9619140625
3085.4130859375
3193.4501953125
3276.5048828125
3334.181640625
3366.263671875
3372.7021484375
3353.626953125
3309.3330078125
3240.287109375
3147.1162109375
3030.607421875
2891.7021484375
2731.490234375
2551.19921875
2352.2001953125
2135.982421875
1904.1591796875
1658.4541015625
1400.6953125
1132.8037109375
856.7861328125
574.7216796875
288.76171875
1.109375
-285.9833984375
-570.232421875
-849.3212890625
-1120.9228515625
-1382.7021484375
-1632.333984375
-1867.5
-2085.91796875
-2285.3388671875
-2463.5634765625
-2618.4501953125
-2747.9287109375
-2850.0078125
-2922.7919921875
-2964.4833984375
-2973.396484375
-2947.9716796875
-2886.7802734375
-2788.5361328125
-2652.10546875
-2476.5146484375
-2260.9599609375
-2004.8134765625
-1707.634765625
-1369.1728515625
-989.3759765625
-568.3955078125
-106.5869140625
395.478515625
937.0224609375
1517.0458984375
2134.3388671875
2787.47265625
3474.8115234375
4194.5068359375
4944.50390625
5722.5517578125
6526.20703125
7352.837890625
8199.6435546875
9063.6533203125
9941.7451171875
10830.662109375
11727.015625
12627.30859375
13527.951171875
14425.271484375
15315.5419921875
16194.9892578125
17059.818359375
17906.2314453125
18730.4423828125
19528.703125
20297.3203125
21032.673828125
21731.236328125
22389.59375
23004.4677734375
23572.72265625
24091.390625
24557.6904296875
24969.0341796875
25323.046875
25617.580078125
25850.71875
26020.796875
26126.404296875
26166.392578125
26139.880859375
26046.259765625
25885.19921875
25656.642578125
25360.8076171875
24998.1826171875
24569.5322265625
24075.8740234375
23518.4892578125
22898.9033203125
22218.87890625
21480.40625
20685.6884765625
19837.1298828125
18937.3212890625
17989.0205078125
16995.14453125
15958.7431640625
14882.98828125
13771.1552734375
12626.59765625
11452.7431640625
10253.056640625
9031.0390625
7790.1982421875
6534.033203125
5266.0234375
3989.6005859375
2708.1376953125
1424.939453125
143.21484375
-1133.9267578125
-2403.4970703125
-3662.6328125
-4908.6103515625
-6138.8583984375
-7350.9658203125
-8542.6884765625
-9711.9521484375
-10856.8671875
-11975.7236328125
-13067.001953125
-14129.3662109375
-15161.6748046875
-16162.970703125
-17132.484375
-18069.6357421875
-18974.0166015625
-19845.40234375
-20683.7353515625
-21489.1171875
-22261.8115234375
-23002.2236328125
-23710.8974609375
-24388.5078125
-25035.8427734375
-25653.7978515625
-26243.3623046875
-26805.611328125
-27341.6875
-27852.7890625
-28340.162109375
-28805.0859375
-29248.8583984375
-29672.7822265625
-30078.15625
-30466.26171875
-30838.34765625
-31195.625
-31539.248046875
-31870.3115234375
-32189.8349609375
-32498.7568359375
-32797.9208984375
-33088.076171875
-33369.8662109375
-33643.818359375
-33910.3486328125
-34169.748046875
-34422.185546875
-34667.701171875
-34906.2119140625
-35137.50390625
-35361.2373046875
-35576.94921875
-35784.0546875
-35981.8515625
-36169.525390625
-36346.1552734375
-36510.720703125
-36662.109375
-36799.1298828125
-36920.51171875
-37024.921875
-37110.9765625
-37177.2470703125
-37222.275390625
-37244.5859375
-37242.6923828125
-37215.115234375
-37160.396484375
-37077.103515625
-36963.8486328125
-36819.294921875
-36642.17578125
-36431.298828125
-36185.5595703125
-35903.953125
-35585.5791015625
-35229.6572265625
-34835.529296875
-34402.6708984375
-33930.6943359375
-33419.3544921875
-32868.5576171875
-32278.3583984375
-31648.9658203125
-30980.7470703125
-30274.2236328125
-29530.0693359375
-28749.1171875
-27932.3447265625
-27080.8837890625
-26196.0029296875
-25279.11328125
-24331.7529296875
-23355.5869140625
-22352.396484375
-21324.0693359375
-20272.595703125
-19200.0537109375
-18108.6025390625
-17000.4697265625
-15877.9443359375
-14743.3623046875
-13599.1005859375
-12447.5576171875
-11291.1533203125
-10132.310546875
-8973.447265625
-7816.96875
-6665.2490234375
-5520.630859375
-4385.4111328125
-3261.8330078125
-2152.076171875
-1058.25
17.6103515625
1073.5615234375
2107.7470703125
3118.41015625
4103.89453125
5062.6533203125
5993.25
6894.3642578125
7764.794921875
8603.4580078125
9409.3974609375
10181.78125
10919.896484375
11623.1640625
12291.1240234375
12923.4462890625
13519.9267578125
14080.478515625
14605.1416015625
15094.0732421875
15547.552734375
15965.96875
16349.82421875
16699.7333984375
17016.412109375
17300.677734375
17553.451171875
17775.7373046875
17968.634765625
18133.328125
18271.072265625
18383.2041015625
18471.1240234375
18536.2958984375
18580.23828125
18604.5205078125
18610.7548828125
18600.5927734375
18575.7109375
18537.8154296875
18488.6259765625
18429.869140625
18363.2763671875
18290.5732421875
18213.47265625
18133.666015625
18052.818359375
17972.5576171875
17894.47265625
17820.09765625
17750.91796875
17688.3466796875
17633.7333984375
17588.3466796875
17553.375
17529.916015625
17518.978515625
17521.4658203125
17538.18359375
17569.828125
17616.9833984375
17680.12109375
17759.599609375
17855.6552734375
17968.4072265625
18097.8583984375
18243.88671875
18406.2587890625
18584.6162109375
18778.4931640625
18987.306640625
19210.3681640625
19446.880859375
19695.9521484375
19956.587890625
20227.7119140625
20508.15625
20796.681640625
21091.9736328125
21392.6611328125
21697.306640625
22004.4375
22312.5302734375
22620.0341796875
22925.3740234375
23226.9599609375
23523.1923828125
23812.4736328125
24093.2138671875
24363.8427734375
24622.810546875
24868.6015625
25099.736328125
25314.7841796875
25512.3603515625
25691.14453125
25849.8759765625
25987.3623046875
26102.4833984375
26194.1953125
26261.537109375
26303.6279296875
26319.671875
26308.962890625
26270.880859375
26204.896484375
26110.5693359375
25987.5439453125
25835.5595703125
25654.4345703125
25444.076171875
25204.4716796875
24935.6875
24637.8642578125
24311.21484375
23956.01953125
23572.62109375
23161.4208984375
22722.87109375
22257.47265625
21765.765625
21248.330078125
20705.7734375
20138.7255859375
19547.8359375
18933.765625
18297.181640625
17638.7529296875
16959.13671875
16258.9853515625
15538.931640625
14799.58984375
14041.544921875
13265.3564453125
12471.5439453125
11660.599609375
10832.966796875
9989.0537109375
9129.224609375
8253.80078125
7363.0595703125
6457.234375
5536.5205078125
4601.0712890625
3651.0068359375
2686.4140625
1707.349609375
713.8515625
-294.060546875
-1316.376953125
-2353.08984375
-3404.1884765625
-4469.6416015625
-5549.4013671875
-6643.384765625
-7751.4638671875
-8873.4619140625
-10009.1328125
-11158.1630859375
-12320.1494140625
-13494.595703125
-14680.896484375
-15878.337890625
-17086.072265625
-18303.1220703125
-19528.3642578125
-20760.5283203125
-21998.1806640625
-23239.724609375
-24483.3984375
-25727.265625
-26969.2099609375
-28206.9443359375
-29438.001953125
-30659.7431640625
-31869.3525390625
-33063.8525390625
-34240.099609375
-35394.80078125
-36524.5146484375
-37625.66796875
-38694.5693359375
-39727.4169921875
-40720.3212890625
-41669.3095703125
-42570.361328125
-43419.4111328125
-44212.376953125
-44945.181640625
-45613.7685546875
-46214.1337890625
-46742.337890625
-47194.5400390625
-47567.013671875
-47856.1728515625
-48058.5966796875
-48171.0498046875
-48190.51171875
-48114.1875
-47939.5400390625
-47664.3037109375
-47286.5048828125
-46804.482421875
-46216.900390625
-45522.7646484375
-44721.4384765625
-43812.6474609375
-42796.4970703125
-41673.4765625
-40444.462890625
-39110.728515625
-37673.943359375
-36136.1669921875
-34499.85546875
-32767.8505859375
-30943.380859375
-29030.0390625
-27031.7880859375
-24952.9365234375
-22798.12890625
-20572.330078125
-18280.8076171875
-15929.1064453125
-13523.041015625
-11068.65625
-8572.22265625
-6040.1962890625
-3479.2041015625
-896.0078125
1702.5087890625
4309.3818359375
6917.583984375
9520.0625
12109.7529296875
14679.623046875
17222.6904296875
19732.0546875
22200.919921875
24622.630859375
26990.685546875
29298.7734375
31540.7939453125
33710.8798828125
35803.419921875
37813.083984375
39734.8388671875
41563.974609375
43296.107421875
44927.2177734375
46453.646484375
47872.1142578125
49179.73828125
50374.0380859375
51452.9453125
52414.806640625
53258.3955078125
53982.9111328125
54587.984375
55073.66796875
55440.4482421875
55689.2314453125
55821.3408203125
55838.509765625
55742.8720703125
55536.951171875
55223.6474609375
54806.224609375
54288.2919921875
53673.7900390625
52966.96484375
52172.35546875
51294.763671875
50339.240234375
49311.0517578125
48215.6591796875
47058.69140625
45845.9150390625
44583.2109375
43276.541015625
41931.921875
40555.3974609375
39153.0
37730.7353515625
36294.5439453125
34850.271484375
33403.6494140625
31960.2548828125
30525.5
29104.5927734375
27702.521484375
26324.0263671875
24973.583984375
23655.38671875
22373.3173828125
21130.94921875
19931.5185546875
18777.9189453125
17672.693359375
16618.0224609375
15615.7275390625
14667.2626953125
13773.716796875
12935.8134765625
12153.9248046875
11428.0693359375
10757.9228515625
10142.8359375
9581.8427734375
9073.6748046875
8616.787109375
8209.3671875
7849.361328125
7534.494140625
7262.2958984375
7030.12109375
6835.17578125
6674.5458984375
6545.2158203125
6444.1025390625
6368.0732421875
6313.9814453125
6278.6806640625
6259.056640625
6252.0498046875
6254.67578125
6264.046875
6277.3984375
6292.09765625
6305.66796875
6315.8037109375
6320.380859375
6317.46875
6305.34375
6282.49609375
6247.630859375
6199.67578125
6137.78515625
6061.33203125
5969.9140625
5863.34375
5741.6455078125
5605.0458984375
5453.9677734375
5289.0126953125
5110.9580078125
4920.732421875
4719.4150390625
4508.203125
4288.4111328125
4061.4462890625
3828.7880859375
3591.9794921875
3352.6015625
3112.2578125
2872.5576171875
2635.09765625
2401.4453125
2173.123046875
1951.5908203125
1738.2333984375
1534.34765625
1341.1259765625
1159.6494140625
990.8759765625
835.6298828125
694.6005859375
568.32421875
457.197265625
361.4560546875
281.1904296875
216.3291015625
166.654296875
131.7978515625
111.2490234375
104.353515625
110.330078125
128.2744140625
157.1630859375
195.875
243.19140625
297.8154296875
358.380859375
423.4697265625
491.6171875
561.337890625
631.125
699.4765625
764.9072265625
825.9541015625
881.201171875
929.28125
968.8974609375
998.828125
1017.939453125
1025.19921875
1019.6767578125
1000.5595703125
967.1513671875
918.884765625
855.318359375
776.146484375
681.193359375
570.4169921875
443.904296875
301.8740234375
144.66796875
-27.255859375
-213.3251953125
-412.865234375
-625.1025390625
-849.1806640625
-1084.1669921875
-1329.06640625
-1582.830078125
-1844.3720703125
-2112.5751953125
-2386.3173828125
-2664.466796875
-2945.91015625
-3229.55859375
-3514.3603515625
-3799.3115234375
-4083.47265625
-4365.9765625
-4646.0302734375
-4922.939453125
-5196.0986328125
-5465.0146484375
-5729.2919921875
-5988.6552734375
-6242.9375
-6492.0869140625
-6736.1669921875
-6975.3466796875
-7209.9072265625
-7440.2255859375
-7666.7763671875
-7890.119140625
-8110.884765625
-8329.775390625
-8547.54296875
-8764.978515625
-8982.90234375
-9202.142578125
-9423.52734375
-9647.86328125
-9875.9228515625
-10108.4287109375
-10346.0390625
-10589.3251953125
-10838.7685546875
-11094.7373046875
-11357.4775390625
-11627.0986328125
-11903.5625
-12186.6748046875
-12476.0791015625
-12771.2451171875
-13071.4638671875
-13375.8486328125
-13683.33203125
-13992.662109375
-14302.4091796875
-14610.970703125
-14916.5712890625
-15217.275390625
-15510.998046875
-15795.5146484375
-16068.46875
-16327.3984375
-16569.740234375
-16792.8544921875
-16994.04296875
-17170.56640625
-17319.662109375
-17438.57421875
-17524.5654296875
-17574.9453125
-17587.0888671875
-17558.4619140625
-17486.6328125
-17369.310546875
-17204.3447265625
-16989.76171875
-16723.7744140625
-16404.80078125
-16031.48046875
-15602.6884765625
-15117.546875
-14575.439453125
-13976.01171875
-13319.1943359375
-12605.1884765625
-11834.4873046875
-11007.865234375
-10126.3837890625
-9191.3876953125
-8204.4951171875
-7167.6025390625
-6082.869140625
-4952.7060546875
-3779.7685546875
-2566.9453125
-1317.3349609375
-34.2451171875
1278.837890625
2618.26171875
3980.2197265625
5360.783203125
6755.908203125
8161.4619140625
9573.244140625
10987.00390625
12398.4599609375
13803.3271484375
15197.328125
16576.216796875
17935.7939453125
19271.9365234375
20580.6005859375
21857.845703125
23099.853515625
24302.935546875
25463.552734375
26578.3310546875
27644.0654296875
28657.7333984375
29616.509765625
30517.7705078125
31359.1005859375
32138.3037109375
32853.4052734375
33502.654296875
34084.5322265625
34597.75
35041.2509765625
35414.2138671875
35716.048828125
35946.3955078125
36105.123046875
36192.3251953125
36208.3134765625
36153.6201171875
36028.986328125
35835.3564453125
35573.873046875
35245.8681640625
34852.8603515625
34396.53515625
33878.75
33301.515625
32666.990234375
31977.4677734375
31235.3701171875
30443.2353515625
29603.7041015625
28719.5146484375
27793.48828125
26828.5185546875
25827.5615234375
24793.6220703125
23729.744140625
22639.00390625
21524.490234375
20389.3017578125
19236.5322265625
18069.2607421875
16890.5458984375
15703.4111328125
14510.8359375
13315.751953125
12121.03125
10929.478515625
9743.8232421875
8566.7197265625
7400.734375
6248.33984375
5111.9189453125
3993.7509765625
2896.0185546875
1820.7978515625
770.0576171875
-254.333984375
-1250.6201171875
-2217.1455078125
-3152.361328125
-4054.8193359375
-4923.173828125
-5756.169921875
-6552.6494140625
-7311.5458984375
-8031.8701171875
-8712.7197265625
-9353.2607421875
-9952.736328125
-10510.447265625
-11025.7578125
-11498.083984375
-11926.892578125
-12311.6943359375
-12652.0390625
-12947.51171875
-13197.728515625
-13402.3349609375
-13560.998046875
-13673.4130859375
-13739.29296875
-13758.369140625
-13730.396484375
-13655.1455078125
-13532.41015625
-13362.005859375
-13143.771484375
-12877.5732421875
-12563.3095703125
-12200.912109375
-11790.3515625
-11331.6474609375
-10824.8642578125
-10270.1240234375
-9667.6142578125
-9017.5859375
-8320.3701171875
-7576.376953125
-6786.107421875
-5950.15234375
-5069.2109375
-4144.0830078125
-3175.6845703125
-2165.046875
-1113.32421875
-21.796875
1108.126953125
2274.908203125
3476.875
4712.220703125
5979.009765625
7275.1689453125
8598.5029296875
9946.685546875
11317.2724609375
12707.69921875
14115.2939453125
15537.283203125
16970.794921875
18412.8759765625
19860.494140625
21310.5537109375
22759.9072265625
24205.361328125
25643.6953125
27071.673828125
28486.0556640625
29883.6123046875
31261.13671875
32615.4638671875
33943.4755859375
35242.1240234375
36508.4345703125
37739.52734375
38932.626953125
40085.0703125
41194.3251953125
42257.998046875
43273.8369140625
44239.7548828125
45153.8212890625
46014.2861328125
46819.5732421875
47568.2880859375
48259.228515625
48891.3779296875
49463.9150390625
49976.20703125
50427.822265625
50818.51171875
51148.2177734375
51417.0712890625
51625.380859375
51773.630859375
51862.4775390625
51892.736328125
51865.380859375
51781.5283203125
51642.435546875
51449.4892578125
51204.1884765625
50908.1455078125
50563.0673828125
50170.7490234375
49733.0625
49251.943359375
48729.3818359375
48167.412109375
47568.103515625
46933.5439453125
46265.837890625
45567.0927734375
44839.41015625
44084.8779296875
43305.5595703125
42503.4931640625
41680.6748046875
40839.05859375
39980.55078125
39107.001953125
38220.203125
37321.8828125
36413.7041015625
35497.259765625
34574.0712890625
33645.5888671875
32713.1845703125
31778.162109375
30841.7451171875
29905.08984375
28969.2763671875
28035.314453125
27104.1455078125
26176.642578125
25253.6142578125
24335.8095703125
23423.919921875
22518.578125
21620.3681640625
20729.8271484375
19847.447265625
18973.677734375
18108.939453125
17253.615234375
16408.064453125
15572.6201171875
14747.599609375
13933.3037109375
13130.0205078125
12338.03515625
11557.6279296875
10789.080078125
10032.67578125
9288.712890625
8557.4931640625
7839.33984375
7134.5859375
6443.59375
5766.7431640625
5104.439453125
4457.115234375
3825.2294921875
3209.275390625
2609.7724609375
2027.275390625
1462.3681640625
915.6669921875
387.81640625
-120.50390625
-608.591796875
-1075.7138671875
-1521.115234375
-1944.017578125
-2343.6279296875
-2719.1357421875
-3069.7197265625
-3394.5556640625
-3692.8173828125
-3963.68359375
-4206.3427734375
-4420.0009765625
-4603.8896484375
-4757.265625
-4879.4267578125
-4969.7138671875
-5027.521484375
-5052.296875
-5043.5634765625
-5000.9072265625
-4924.0068359375
-4812.6201171875
-4666.603515625
-4485.9140625
-4270.619140625
-4020.892578125
-3737.0322265625
-3419.455078125
-3068.705078125
-2685.453125
-2270.5048828125
-1824.7919921875
-1349.3857421875
-845.48046875
-314.40625
242.3798828125
823.3017578125
1426.6630859375
2050.65234375
2693.3564453125
3352.7626953125
4026.767578125
4713.1923828125
5409.7890625
6114.25
6824.2255859375
7537.33203125
8251.1669921875
8963.326171875
9671.408203125
10373.0419921875
11065.888671875
11747.6650390625
12416.1513671875
13069.2099609375
13704.794921875
14320.9677734375
14915.91015625
15487.9345703125
16035.490234375
16557.1826171875
17051.775390625
17518.1953125
17955.548828125
18363.115234375
18740.35546875
19086.9169921875
19402.630859375
19687.509765625
19941.7490234375
20165.720703125
20359.96875
20525.2041015625
20662.2939453125
20772.2568359375
20856.2451171875
20915.5439453125
20951.5458984375
20965.7529296875
20959.74609375
20935.185546875
20893.78515625
20837.30078125
20767.5166015625
20686.2236328125
20595.2119140625
20496.24609375
20391.05859375
20281.3291015625
20168.67578125
20054.63671875
19940.66015625
19828.095703125
19718.1826171875
19612.0380859375
19510.654296875
19414.888671875
19325.4619140625
19242.9521484375
19167.7958984375
19100.28515625
19040.5693359375
18988.6572265625
18944.4228515625
18907.61328125
18877.84375
18854.6201171875
18837.3388671875
18825.3017578125
18817.720703125
18813.7373046875
18812.4326171875
18812.8349609375
18813.9423828125
18814.7333984375
18814.173828125
18811.2431640625
18804.939453125
18794.2958984375
18778.3935546875
18756.3759765625
18727.4599609375
18690.943359375
18646.220703125
18592.7919921875
18530.2666015625
18458.3740234375
18376.9677734375
18286.03125
18185.6806640625
18076.1640625
17957.865234375
17831.3017578125
17697.1171875
17556.0859375
17409.09765625
17257.1630859375
17101.392578125
16942.9931640625
16783.2587890625
16623.55859375
16465.3193359375
16310.0205078125
16159.173828125
16014.3095703125
15876.962890625
15748.65625
15630.88671875
15525.107421875
15432.7109375
15355.015625
15293.2529296875
15248.5439453125
15221.8935546875
15214.173828125
15226.111328125
15258.2744140625
15311.0625
15384.701171875
15479.2275390625
15594.486328125
15730.125
15885.58984375
16060.1201171875
16252.751953125
16462.3173828125
16687.4453125
16926.5654296875
17177.91796875
17439.552734375
17709.3466796875
17985.0087890625
18264.091796875
18544.0078125
18822.0419921875
19095.36328125
19361.0458984375
19616.0888671875
19857.4248046875
20081.953125
20286.54296875
20468.0703125
20623.423828125
20749.5380859375
20843.4033203125
20902.0947265625
20922.7880859375
20902.78125
20839.515625
20730.5908203125
20573.787109375
20367.0810546875
20108.66015625
19796.94140625
19430.5849609375
19008.5029296875
18529.8740234375
17994.1533203125
17401.0791015625
16750.6806640625
16043.2822265625
15279.51171875
14460.2919921875
13586.84765625
12660.7080078125
11683.693359375
10657.91796875
9585.77734375
8469.94921875
7313.3740234375
6119.25
4891.017578125
3632.3486328125
2347.12890625
1039.4453125
-286.4384765625
-1626.0908203125
-2974.935546875
-4328.2744140625
-5681.2998046875
-7029.123046875
-8366.791015625
-9689.3076171875
-10991.6591796875
-12268.8349609375
-13515.8388671875
-14727.732421875
-15899.6318359375
-17026.7490234375
-18104.396484375
-19128.0234375
-20093.21875
-20995.74609375
-21831.544921875
-22596.767578125
-23287.7783203125
-23901.18359375
-24433.8359375
-24882.85546875
-25245.6376953125
-25519.8701171875
-25703.5419921875
-25794.951171875
-25792.71484375
-25695.7822265625
-25503.431640625
-25215.283203125
-24831.30078125
-24351.79296875
-23777.41796875
-23109.1826171875
-22348.4443359375
-21496.9013671875
-20556.6005859375
-19529.9267578125
-18419.5966796875
-17228.658203125
-15960.47265625
-14618.7177734375
-13207.36328125
-11730.6767578125
-10193.1923828125
-8599.712890625
-6955.2841796875
-5265.1845703125
-3534.90625
-1770.140625
23.25
1839.2451171875
3671.6826171875
5514.2939453125
7360.7158203125
9204.513671875
11039.21484375
12858.322265625
14655.34765625
16423.83203125
18157.373046875
19849.654296875
21494.46484375
23085.73046875
24617.5400390625
26084.16796875
27480.1005859375
28800.06640625
30039.0537109375
31192.3369140625
32255.5
33224.458984375
34095.4814453125
34865.2080078125
35530.669921875
36089.302734375
36538.96484375
36877.95703125
37105.0205078125
37219.3564453125
37220.6328125
37108.9892578125
36885.0400390625
36549.8759765625
36105.06640625
35552.6513671875
34895.1396484375
34135.501953125
33277.16015625
32323.97265625
31280.2197265625
30150.591796875
28940.1689453125
27654.3955078125
26299.0595703125
24880.2724609375
23404.4326171875
21878.2060546875
20308.4912109375
18702.3857421875
17067.1611328125
15410.2177734375
13739.064453125
12061.2666015625
10384.419921875
8716.111328125
7063.884765625
5435.201171875
3837.3994140625
2277.6640625
762.9921875
-699.845703125
-2104.3427734375
-3444.27734375
-4713.7509765625
-5907.2197265625
-7019.5146484375
-8045.8740234375
-8981.96484375
-9823.8974609375
-10568.251953125
-11212.0947265625
-11752.984375
-12188.98828125
-12518.6884765625
-12741.1875
-12856.1083984375
-12863.5947265625
-12764.3076171875
-12559.41796875
-12250.5966796875
-11840.0009765625
-11330.2607421875
-10724.4599609375
-10026.119140625
-9239.1630859375
-8367.9052734375
-7417.0166015625
-6391.494140625
-5296.634765625
-4137.9931640625
-2921.36328125
-1652.724609375
-338.21875
1015.888671875
2403.25390625
3817.4833984375
5252.1748046875
6700.951171875
8157.5068359375
9615.630859375
11069.248046875
12512.4541015625
13939.544921875
15345.04296875
16723.736328125
18070.6943359375
19381.298828125
20651.26171875
21876.64453125
23053.8779296875
24179.771484375
25251.5283203125
26266.7509765625
27223.447265625
28120.03125
28955.3251953125
29728.5546875
30439.3427734375
31087.697265625
31674.005859375
32199.015625
32663.8193359375
33069.8359375
33418.7890625
33712.6845703125
33953.7841796875
34144.5810546875
34287.7724609375
34386.2265625
34442.9619140625
34461.1044921875
34443.8701171875
34394.5234375
34316.353515625
34212.642578125
34086.6298828125
33941.494140625
33780.31640625
33606.0537109375
33421.5205078125
33229.3544921875
33032.0078125
32831.7119140625
32630.4736328125
32430.0498046875
32231.9375
32037.3603515625
31847.2666015625
31662.3125
31482.8701171875
31309.0166015625
31140.5439453125
30976.9541015625
30817.474609375
30661.0625
30506.416015625
30351.9912109375
30196.0107421875
30036.4921875
29871.255859375
29697.9560546875
29514.09765625
29317.060546875
29104.130859375
28872.5185546875
28619.3916015625
28341.8984375
28037.1982421875
27702.4873046875
27335.029296875
26932.181640625
26491.4189453125
26010.3662109375
25486.8134765625
24918.7578125
24304.40234375
23642.2001953125
22930.85546875
22169.3544921875
21356.974609375
20493.3037109375
19578.240234375
18612.017578125
17595.203125
16528.697265625
15413.7490234375
14251.9443359375
13045.20703125
11795.7939453125
10506.287109375
9179.5810546875
7818.8759765625
6427.654296875
5009.671875
3568.93359375
2109.673828125
636.337890625
-846.451171875
-2333.9072265625
-3821.119140625
-5303.072265625
-6774.673828125
-8230.7919921875
-9666.2783203125
-11076.00390625
-12454.8828125
-13797.9033203125
-15100.1650390625
-16356.896484375
-17563.494140625
-18715.5380859375
-19808.826171875
-20839.3935546875
-21803.5400390625
-22697.84375
-23519.1865234375
-24264.7646484375
-24932.1123046875
-25519.1025390625
-26023.9658203125
-26445.2939453125
-26782.044921875
-27033.5478515625
-27199.501953125
-27279.96875
-27275.37890625
-27186.5107421875
-27014.4970703125
-26760.7978515625
-26427.1943359375
-26015.7763671875
-25528.9150390625
-24969.2578125
-24339.6875
-23643.326171875
-22883.4892578125
-22063.673828125
-21187.5322265625
-20258.8447265625
-19281.4990234375
-18259.45703125
-17196.736328125
-16097.38671875
-14965.4599609375
-13804.986328125
-12619.9619140625
-11414.3154296875
-10191.892578125
-8956.4404296875
-7711.583984375
-6460.81640625
-5207.4794921875
-3954.7568359375
-2705.6611328125
-1463.0224609375
-229.4853515625
992.4912109375
2200.6494140625
3392.9228515625
4567.4384765625
5722.5166015625
6856.6630859375
7968.56640625
9057.0908203125
10121.2666015625
11160.2841796875
12173.47265625
13160.310546875
14120.38671875
15053.412109375
15959.19140625
16837.61328125
17688.6474609375
18512.31640625
19308.6953125
20077.8876953125
20820.02734375
21535.2578125
22223.7236328125
22885.5654296875
23520.9033203125
24129.8388671875
24712.435546875
25268.7294921875
25798.7099609375
26302.330078125
26779.4921875
27230.0537109375
27653.828125
28050.580078125
28420.0361328125
28761.8798828125
29075.7646484375
29361.3056640625
29618.1015625
29845.7275390625
30043.7509765625
30211.728515625
30349.2255859375
30455.8173828125
30531.0927734375
30574.6748046875
30586.21484375
30565.4091796875
30512.0009765625
30425.791015625
30306.64453125
30154.4951171875
29969.3486328125
29751.29296875
29500.4990234375
29217.2265625
28901.8232421875
28554.732421875
28176.4921875
27767.732421875
27329.181640625
26861.6611328125
26366.0859375
25843.4619140625
25294.884765625
24721.53515625
24124.6748046875
23505.6435546875
22865.8544921875
22206.7861328125
21529.9853515625
20837.0498046875
20129.6279296875
19409.41796875
18678.1533203125
17937.59765625
17189.544921875
16435.8056640625
15678.201171875
14918.564453125
14158.7255859375
13400.5087890625
12645.73046875
11896.1826171875
11153.6396484375
10419.845703125
9696.5107421875
8985.3076171875
8287.8603515625
7605.7509765625
6940.505859375
6293.58984375
5666.4130859375
5060.3154296875
4476.572265625
3916.3818359375
3380.8681640625
2871.078125
2387.9716796875
1932.4296875
1505.2392578125
1107.1044921875
738.62890625
400.3291015625
92.6220703125
-184.171875
-429.83203125
-644.236328125
-827.3642578125
-979.2939453125
-1100.20703125
-1190.3828125
-1250.2021484375
-1280.1435546875
-1280.78125
-1252.7861328125
-1196.9169921875
-1114.0263671875
-1005.048828125
-871.0009765625
-712.9775390625
-532.142578125
-329.7265625
-107.0205078125
134.62890625
393.833984375
669.1611328125
959.1513671875
1262.3193359375
1577.1640625
1902.1787109375
2235.857421875
2576.7119140625
2923.265625
3274.0751953125
3627.7353515625
3982.88671875
4338.2265625
4692.5146484375
5044.58203125
5393.3359375
5737.7763671875
6076.9873046875
6410.1572265625
6736.5703125
7055.6220703125
7366.8173828125
7669.7734375
7964.220703125
8250.0087890625
8527.091796875
8795.548828125
9055.5625
9307.4228515625
9551.5263671875
9788.3671875
10018.525390625
10242.671875
10461.55078125
10675.9755859375
10886.8154296875
11094.9873046875
11301.4482421875
11507.17578125
11713.166015625
11920.4111328125
12129.8955078125
12342.5791015625
12559.3876953125
12781.193359375
13008.814453125
13242.98828125
13484.373046875
13733.533203125
13990.921875
14256.876953125
14531.6162109375
14815.2236328125
15107.642578125
15408.6708984375
15717.958984375
16035.0009765625
16359.138671875
16689.556640625
17025.2841796875
17365.1923828125
17708.009765625
18052.3095703125
18396.53125
18738.978515625
19077.8310546875
19411.15625
19736.9130859375
20052.9736328125
20357.1298828125
20647.1083984375
20920.587890625
21175.212890625
21408.6142578125
21618.4169921875
21802.2666015625
21957.8427734375
22082.876953125
22175.1708984375
22232.6142578125
22253.2001953125
22235.04296875
22176.3974609375
22075.6689453125
21931.4306640625
21742.4404296875
21507.6494140625
21226.2119140625
20897.50390625
20521.123046875
20096.904296875
19624.9150390625
19105.4716796875
18539.13671875
17926.7197265625
17269.27734375
16568.1103515625
15824.7626953125
15041.015625
14218.875
13360.5712890625
12468.544921875
11545.43359375
10594.0634765625
9617.4306640625
8618.685546875
7601.1240234375
6568.1591796875
5523.3125
4470.1875
3412.45703125
2353.8369140625
1298.072265625
248.91015625
-789.9140625
-1814.701171875
-2821.80859375
-3807.662109375
-4768.78515625
-5701.810546875
-6603.498046875
-7470.755859375
-8300.6513671875
-9090.4228515625
-9837.498046875
-10539.5048828125
-11194.2802734375
-11799.880859375
-12354.5859375
-12856.9111328125
-13305.6064453125
-13699.662109375
-14038.3115234375
-14321.0302734375
-14547.533203125
-14717.7724609375
-14831.9375
-14890.4453125
-14893.93359375
-14843.255859375
-14739.4755859375
-14583.8486328125
-14377.8203125
-14123.0068359375
-13821.193359375
-13474.310546875
-13084.4326171875
-12653.7529296875
-12184.578125
-11679.3134765625
-11140.4453125
-10570.533203125
-9972.189453125
-9348.072265625
-8700.8623046875
-8033.267578125
-7347.9931640625
-6647.736328125
-5935.1767578125
-5212.962890625
-4483.703125
-3749.9560546875
-3014.21875
-2278.919921875
-1546.4150390625
-818.9755859375
-98.7822265625
612.0771484375
1311.619140625
1997.962890625
2669.3349609375
3324.076171875
3960.6435546875
4577.6103515625
5173.6669921875
5747.6259765625
6298.423828125
6825.11328125
7326.8720703125
7802.9990234375
8252.9130859375
8676.1494140625
9072.3671875
9441.333984375
9782.9345703125
10097.1669921875
10384.134765625
10644.0498046875
10877.2255859375
11084.0712890625
11265.0966796875
11420.8974609375
11552.1591796875
11659.6484375
11744.2060546875
11806.74609375
11848.25
11869.7568359375
11872.359375
11857.2021484375
11825.4619140625
11778.35546875
11717.1259765625
11643.03125
11557.3447265625
11461.33984375
11356.2900390625
11243.4521484375
11124.0634765625
10999.3349609375
10870.4384765625
10738.501953125
10604.6044921875
10469.7626953125
10334.9248046875
10200.96875
10068.693359375
9938.8076171875
9811.93359375
9688.591796875
9569.2080078125
9454.0986328125
9343.4794921875
9237.453125
9136.0166015625
9039.0537109375
8946.3408203125
8857.5458984375
8772.236328125
8689.8720703125
8609.8212890625
8531.357421875
8453.66796875
8375.869140625
8296.9970703125
8216.0302734375
8131.8984375
8043.4814453125
7949.634765625
7849.1865234375
7740.9599609375
7623.7783203125
7496.48046875
7357.9248046875
7207.017578125
7042.7060546875
6864.005859375
6669.9990234375
6459.8544921875
6232.8359375
5988.3046875
5725.740234375
5444.7412109375
5145.033203125
4826.4755859375
4489.06640625
4132.9482421875
3758.41015625
3365.8876953125
2955.96875
2529.3837890625
2087.013671875
1629.8828125
1159.1552734375
676.1279296875
182.22265625
-321.0107421875
-831.919921875
-1348.744140625
-1869.6337890625
-2392.6552734375
-2915.80859375
-3437.0361328125
-3954.234375
-4465.2705078125
-4967.994140625
-5460.25
-5939.892578125
-6404.798828125
-6852.884765625
-7282.1123046875
-7690.509765625
-8076.1767578125
-8437.30078125
-8772.1669921875
-9079.1689453125
-9356.81640625
-9603.7490234375
-9818.736328125
-10000.6904296875
-10148.6728515625
-10261.8955078125
-10339.7294921875
-10381.7001953125
-10387.501953125
-10356.984375
-10290.166015625
-10187.22265625
-10048.4912109375
-9874.470703125
-9665.80859375
-9423.3046875
-9147.90234375
-8840.6875
-8502.876953125
-8135.8154296875
-7740.966796875
-7319.9072265625
-6874.3173828125
-6405.97265625
-5916.73828125
-5408.55859375
-4883.44921875
-4343.484375
-3790.7998046875
-3227.56640625
-2656.0009765625
-2078.34375
-1496.8564453125
-913.8154296875
-331.498046875
247.8173828125
821.8681640625
1388.40234375
1945.197265625
2490.0576171875
3020.828125
3535.3955078125
4031.6962890625
4507.7216796875
4961.5234375
5391.2255859375
5795.0166015625
6171.166015625
6518.0263671875
6834.033203125
7117.72265625
7367.720703125
7582.759765625
7761.67578125
7903.4208984375
8007.0615234375
8071.78125
8096.89453125
8081.841796875
8026.1982421875
7929.67578125
7792.12890625
7613.5546875
7394.1015625
7134.0634765625
6833.8955078125
6494.2021484375
6115.7470703125
5699.453125
5246.4033203125
4757.8388671875
4235.1572265625
3679.923828125
3093.8466796875
2478.794921875
1836.78515625
1169.9814453125
480.6875
-228.6611328125
-955.4970703125
-1697.138671875
-2450.7861328125
-3213.54296875
-3982.41796875
-4754.3408203125
-5526.1748046875
-6294.7236328125
-7056.75
-7808.990234375
-8548.1650390625
-9270.9951171875
-9974.22265625
-10654.6171875
-11309.00390625
-11934.2685546875
-12527.3798828125
-13085.4052734375
-13605.5263671875
-14085.056640625
-14521.4521484375
-14912.33203125
-15255.490234375
-15548.9111328125
-15790.775390625
-15979.482421875
-16113.654296875
-16192.1474609375
-16214.05859375
-16178.7353515625
-16085.779296875
-15935.0537109375
-15726.68359375
-15461.0537109375
-15138.814453125
-14760.875
-14328.4052734375
-13842.822265625
-13305.794921875
-12719.21875
-12085.224609375
-11406.15625
-10684.5576171875
-9923.166015625
-9124.88671875
-8292.7841796875
-7430.064453125
-6540.0517578125
-5626.1728515625
-4691.939453125
-3740.9228515625
-2776.73828125
-1803.021484375
-823.408203125
158.4833984375
1139.0791015625
2114.859375
3082.38671875
4038.3212890625
4979.435546875
5902.638671875
6804.982421875
7683.6806640625
8536.123046875
9359.8857421875
10152.7373046875
10912.6572265625
11637.830078125
12326.66015625
12977.7724609375
13590.0146484375
14162.455078125
14694.3828125
15185.310546875
15634.9580078125
16043.2578125
16410.341796875
16736.5341796875
17022.33984375
17268.4365234375
17475.66015625
17644.9951171875
17777.5576171875
17874.5810546875
17937.4052734375
17967.4580078125
17966.2412109375
17935.318359375
17876.294921875
17790.802734375
17680.494140625
17547.021484375
17392.01953125
17217.103515625
17023.8466796875
16813.7802734375
16588.373046875
16349.0283203125
16097.076171875
15833.7607421875
15560.244140625
15277.591796875
14986.7783203125
14688.6787109375
14384.068359375
14073.6259765625
13757.9345703125
13437.4775390625
13112.6484375
12783.7548828125
12451.015625
12114.57421875
11774.5009765625
11430.7998046875
11083.416015625
10732.2431640625
10377.130859375
10017.8916015625
9654.30859375
9286.1455078125
8913.150390625
8535.068359375
8151.64453125
7762.630859375
7367.796875
6966.9306640625
6559.8486328125
6146.396484375
5726.458984375
5299.9599609375
4866.869140625
4427.1982421875
3981.0146484375
3528.4345703125
3069.625
2604.80859375
2134.2607421875
1658.310546875
1177.3427734375
691.7919921875
202.1435546875
-291.0654296875
-787.2490234375
-1285.7783203125
-1785.9755859375
-2287.125
-2788.4677734375
-3289.208984375
-3788.5205078125
-4285.53125
-4779.3505859375
-5269.052734375
-5753.6845703125
-6232.26953125
-6703.806640625
-7167.271484375
-7621.623046875
-8065.80078125
-8498.72265625
-8919.2939453125
-9326.4072265625
-9718.9404296875
-10095.7568359375
-10455.71484375
-10797.6611328125
-11120.4345703125
-11422.87109375
-11703.8037109375
-11962.0615234375
-12196.48046875
-12405.8955078125
-12589.1513671875
-12745.1044921875
-12872.623046875
-12970.59765625
-13037.9384765625
-13073.5859375
-13076.5107421875
-13045.72265625
-12980.27734375
-12879.275390625
-12741.8818359375
-12567.31640625
-12354.8740234375
-12103.9248046875
-11813.9208984375
-11484.41015625
-11115.0322265625
-10705.541015625
-10255.79296875
-9765.7744140625
-9235.5927734375
-8665.48828125
-8055.8427734375
-7407.181640625
-6720.1806640625
-5995.6728515625
-5234.6484375
-4438.263671875
-3607.837890625
-2744.8564453125
-1850.98046875
-928.03515625
21.984375
996.9140625
1994.4248046875
3012.025390625
4047.068359375
5096.7529296875
6158.134765625
7228.1279296875
8303.51953125
9380.9794921875
10457.0634765625
11528.232421875
12590.857421875
13641.244140625
14675.6337890625
15690.228515625
16681.1982421875
17644.70703125
18576.919921875
19474.025390625
20332.25
21147.8818359375
21917.2802734375
22636.90234375
23303.3134765625
23913.208984375
24463.4326171875
24950.9931640625
25373.0771484375
25727.0703125
26010.5712890625
26221.40625
26357.6396484375
26417.58984375
26399.83984375
26303.2490234375
26126.95703125
25870.3955078125
25533.29296875
25115.677734375
24617.8818359375
24040.5390625
23384.58984375
22651.271484375
21842.1201171875
20958.9599609375
20003.8974609375
18979.3134765625
17887.849609375
16732.3896484375
15516.060546875
14242.2001953125
12914.349609375
11536.23046875
10111.7275390625
8644.8671875
7139.796875
5600.755859375
4032.0673828125
2438.0966796875
823.244140625
-808.0888671875
-2451.5205078125
-4102.7080078125
-5757.3759765625
-7411.3310546875
-9060.4921875
-10700.9013671875
-12328.7509765625
-13940.3916015625
-15532.359375
-17101.3798828125
-18644.3876953125
-20158.537109375
-21641.20703125
-23090.009765625
-24502.802734375
-25877.6806640625
-27212.9853515625
-28507.3046875
-29759.46484375
-30968.52734375
-32133.7880859375
-33254.763671875
-34331.1865234375
-35362.9873046875
-36350.2861328125
-37293.384765625
-38192.740234375
-39048.9599609375
-39862.7763671875
-40635.0400390625
-41366.6962890625
-42058.765625
-42712.3359375
-43328.537109375
-43908.5263671875
-44453.4794921875
-44964.56640625
-45442.9404296875
-45889.728515625
-46306.013671875
-46692.8330078125
-47051.158203125
-47381.8955078125
-47685.8779296875
-47963.8603515625
-48216.51171875
-48444.4248046875
-48648.1044921875
-48827.9794921875
-48984.3974609375
-49117.6337890625
-49227.8955078125
-49315.330078125
-49380.0302734375
-49422.046875
-49441.39453125
-49438.064453125
-49412.03125
-49363.2666015625
-49291.7509765625
-49197.478515625
-49080.4765625
-48940.8037109375
-48778.5732421875
-48593.9462890625
-48387.1513671875
-48158.4873046875
-47908.326171875
-47637.123046875
-47345.4150390625
-47033.8212890625
-46703.0537109375
-46353.904296875
-45987.2490234375
-45604.0458984375
-45205.3251953125
-44792.1884765625
-44365.80078125
-43927.3779296875
-43478.1845703125
-43019.5224609375
-42552.7158203125
-42079.10546875
-41600.03515625
-41116.8388671875
-40630.8359375
-40143.3115234375
-39655.5068359375
-39168.6171875
-38683.765625
-38202.0107421875
-37724.326171875
-37251.6005859375
-36784.62109375
-36324.0791015625
-35870.55859375
-35424.537109375
-34986.3828125
-34556.3525390625
-34134.5966796875
-33721.1572265625
-33315.9765625
-32918.8955078125
-32529.6708984375
-32147.9677734375
-31773.3818359375
-31405.4404296875
-31043.6162109375
-30687.3359375
-30335.9931640625
-29988.958984375
-29645.59375
-29305.259765625
-28967.3310546875
-28631.2099609375
-28296.328125
-27962.16796875
-27628.2685546875
-27294.2255859375
-26959.7177734375
-26624.494140625
-26288.3935546875
-25951.3408203125
-25613.3564453125
-25274.55078125
-24935.1328125
-24595.3994140625
-24255.744140625
-23916.64453125
-23578.6591796875
-23242.42578125
-22908.646484375
-22578.087890625
-22251.5625
-21929.923828125
-21614.0556640625
-21304.8603515625
-21003.2412109375
-20710.099609375
-20426.3134765625
-20152.7275390625
-19890.150390625
-19639.3212890625
-19400.9228515625
-19175.5537109375
-18963.7275390625
-18765.853515625
-18582.2392578125
-18413.0810546875
-18258.4482421875
-18118.29296875
-17992.4365234375
-17880.572265625
-17782.26171875
-17696.9384765625
-17623.908203125
-17562.3525390625
-17511.3369140625
-17469.8115234375
-17436.6220703125
-17410.51953125
-17390.166015625
-17374.15234375
-17361.0009765625
-17349.1845703125
-17337.1337890625
-17323.259765625
-17305.955078125
-17283.619140625
-17254.66796875
-17217.5458984375
-17170.7412109375
-17112.802734375
-17042.34765625
-16958.07421875
-16858.779296875
-16743.36328125
-16610.8427734375
-16460.3564453125
-16291.1787109375
-16102.7177734375
-15894.529296875
-15666.3154296875
-15417.9306640625
-15149.3837890625
-14860.8291015625
-14552.5810546875
-14225.09765625
-13878.9853515625
-13514.9912109375
-13133.99609375
-12737.0087890625
-12325.1572265625
-11899.6806640625
-11461.9208984375
-11013.3037109375
-10555.33984375
-10089.6015625
-9617.7197265625
-9141.3623046875
-8662.23046875
-8182.0361328125
-7702.4951171875
-7225.31640625
-6752.1796875
-6284.732421875
-5824.5712890625
-5373.2353515625
-4932.193359375
-4502.8310546875
-4086.443359375
-3684.2265625
-3297.2705078125
-2926.546875
-2572.91015625
-2237.0859375
-1919.6728515625
-1621.130859375
-1341.791015625
-1081.8427734375
-841.33984375
-620.2041015625
-418.2177734375
-235.0380859375
-70.1904296875
76.91796875
207.0009765625
320.880859375
419.484375
503.8330078125
575.0400390625
634.2939453125
682.859375
722.056640625
753.263671875
777.8955078125
797.40234375
813.2578125
826.9462890625
839.95703125
853.771484375
869.8544921875
889.6494140625
914.56640625
945.9736328125
985.1884765625
1033.4775390625
1092.0390625
1162.009765625
1244.4482421875
1340.3369140625
1450.5751953125
1575.978515625
1717.271484375
1875.087890625
2049.974609375
2242.37890625
2452.6591796875
2681.078125
2927.80859375
3192.9306640625
3476.435546875
3778.2265625
4098.123046875
4435.86328125
4791.103515625
5163.4267578125
5552.34375
5957.2939453125
6377.65625
6812.7431640625
7261.8154296875
7724.0751953125
8198.677734375
8684.73046875
9181.2978515625
9687.40625
10202.046875
10724.171875
11252.7119140625
11786.5625
12324.6005859375
12865.6767578125
13408.6240234375
13952.2587890625
14495.376953125
15036.7666015625
15575.201171875
16109.4482421875
16638.2626953125
17160.396484375
17674.59765625
18179.615234375
18674.1943359375
19157.0859375
19627.0458984375
20082.837890625
20523.2353515625
20947.0263671875
21353.017578125
21740.0361328125
22106.9296875
22452.576171875
22775.8857421875
23075.8056640625
23351.322265625
23601.4697265625
23825.328125
24022.0380859375
24190.796875
24330.8662109375
24441.5830078125
24522.3515625
24572.6591796875
24592.080078125
24580.275390625
24536.99609375
24462.0947265625
24355.5205078125
24217.3310546875
24047.68359375
23846.8525390625
23615.2158203125
23353.265625
23061.6083984375
22740.958984375
22392.1474609375
22016.1142578125
21613.9072265625
21186.685546875
20735.7041015625
20262.3232421875
19767.9990234375
19254.275390625
18722.78515625
18175.2373046875
17613.416015625
17039.171875
16454.4130859375
15861.1005859375
15261.2412109375
14656.8720703125
14050.0634765625
13442.900390625
12837.484375
12235.912109375
11640.2783203125
11052.6650390625
10475.12890625
9909.6943359375
9358.3544921875
8823.0537109375
8305.6806640625
7808.068359375
7331.9853515625
6879.125
6451.107421875
6049.4697265625
5675.6611328125
5331.041015625
5016.875
4734.3310546875
4484.4736328125
4268.2685546875
4086.57421875
3940.1435546875
3829.6220703125
3755.5439453125
3718.3408203125
3718.3291015625
3755.7197265625
3830.61328125
3943.0048828125
4092.783203125
4279.7275390625
4503.5205078125
4763.736328125
5059.849609375
5391.2421875
5757.1923828125
6156.888671875
6589.4326171875
7053.8271484375
7549.001953125
8073.796875
8626.974609375
9207.2255859375
9813.166015625
10443.349609375
11096.2587890625
11770.32421875
12463.921875
13175.3759765625
13902.96875
14644.9443359375
15399.51171875
16164.8544921875
16939.1337890625
17720.49609375
18507.080078125
19297.0185546875
20088.453125
20879.5302734375
21668.41796875
22453.3056640625
23232.412109375
24003.9951171875
24766.3544921875
25517.837890625
26256.84765625
26981.8466796875
27691.3662109375
28383.998046875
29058.419921875
29713.37890625
30347.7060546875
30960.318359375
31550.216796875
32116.4892578125
32658.3115234375
33174.9501953125
33665.7548828125
34130.16796875
34567.7080078125
34977.9833984375
35360.67578125
35715.541015625
36042.4091796875
36341.173828125
36611.78515625
36854.2529296875
37068.6298828125
37255.0126953125
37413.533203125
37544.3505859375
37647.642578125
37723.609375
37772.44921875
37794.3701171875
37789.576171875
37758.25390625
37700.5859375
37616.7265625
37506.8134765625
37370.9541015625
37209.23046875
37021.6923828125
36808.359375
36569.220703125
36304.2353515625
36013.3330078125
35696.4189453125
35353.37890625
34984.076171875
34588.369140625
34166.1025390625
33717.1279296875
33241.30078125
32738.494140625
32208.6064453125
31651.56640625
31067.3466796875
30455.970703125
29817.51953125
29152.1474609375
28460.083984375
27741.646484375
26997.2490234375
26227.4033203125
25432.7373046875
24613.9912109375
23772.0263671875
22907.8349609375
22022.5302734375
21117.3662109375
20193.7255859375
19253.1259765625
18297.2177734375
17327.7783203125
16346.71484375
15356.0546875
14357.9404296875
13354.6220703125
12348.4462890625
11341.8544921875
10337.3603515625
9337.5458984375
8345.048828125
7362.541015625
6392.724609375
5438.3076171875
4501.99609375
3586.4697265625
2694.375
1828.2998046875
990.7626953125
184.1962890625
-589.0712890625
-1326.8330078125
-2027.0126953125
-2687.681640625
-3307.0791015625
-3883.6103515625
-4415.876953125
-4902.6689453125
-5342.98828125
-5736.052734375
-6081.298828125
-6378.3955078125
-6627.23828125
-6827.9609375
-6980.931640625
-7086.7578125
-7146.2763671875
-7160.556640625
-7130.89453125
-7058.8076171875
-6946.0234375
-6794.4755859375
-6606.2880859375
-6383.775390625
-6129.4140625
-5845.841796875
-5535.833984375
-5202.302734375
-4848.259765625
-4476.8193359375
-4091.16796875
-3694.5576171875
-3290.2724609375
-2881.626953125
-2471.9365234375
-2064.5048828125
-1662.5986328125
-1269.435546875
-888.166015625
-521.8515625
-173.451171875
154.1982421875
458.3984375
736.59765625
986.4169921875
1205.6533203125
1392.296875
1544.5439453125
1660.802734375
1739.7099609375
1780.1298828125
1781.1728515625
1742.1865234375
1662.7763671875
1542.79296875
1382.34765625
1181.802734375
941.7763671875
663.1416015625
347.01171875
-5.2509765625
-392.0478515625
-811.5556640625
-1261.7255859375
-1740.3037109375
-2244.8330078125
-2772.67578125
-3321.017578125
-3886.8896484375
-4467.181640625
-5058.6533203125
-5657.962890625
-6261.67578125
-6866.2822265625
-7468.224609375
-8063.9140625
-8649.748046875
-9222.1279296875
-9777.48828125
-10312.3076171875
-10823.1337890625
-11306.603515625
-11759.4599609375
-12178.572265625
-12560.95703125
-12903.7900390625
-13204.427734375
-13460.41796875
-13669.52734375
-13829.736328125
-13939.267578125
-13996.5888671875
-14000.42578125
-13949.7685546875
-13843.8798828125
-13682.30078125
-13464.853515625
-13191.6416015625
-12863.056640625
-12479.767578125
-12042.7265625
-11553.1591796875
-11012.5595703125
-10422.6865234375
-9785.5458984375
-9103.3876953125
-8378.6923828125
-7614.15234375
-6812.666015625
-5977.3125
-5111.3447265625
-4218.1611328125
-3301.2958984375
-2364.396484375
-1411.1982421875
-445.517578125
528.7841796875
1507.8095703125
2487.654296875
3464.423828125
4434.251953125
5393.328125
6337.9140625
7264.359375
8169.1259765625
9048.8046875
9900.1298828125
10720.00390625
11505.4970703125
12253.8837890625
12962.630859375
13629.43359375
14252.2080078125
14829.109375
15358.541015625
15839.1552734375
16269.86328125
16649.8369140625
16978.515625
17255.599609375
17481.05859375
17655.123046875
17778.28515625
17851.2958984375
17875.15234375
17851.1044921875
17780.6328125
17665.4443359375
17507.470703125
17308.84375
17071.89453125
16799.1328125
16493.234375
16157.0361328125
15793.505859375
15405.7353515625
14996.923828125
14570.3583984375
14129.3994140625
13677.4580078125
13217.986328125
12754.453125
12290.3271484375
11829.0615234375
11374.0751953125
10928.732421875
10496.3271484375
10080.0693359375
9683.06640625
9308.3046875
8958.63671875
8636.7666015625
8345.23828125
8086.4169921875
7862.482421875
7675.41796875
7526.9970703125
7418.775390625
7352.08984375
7328.0419921875
7347.4990234375
7411.09375
7519.212890625
7672.0048828125
7869.375
8110.9892578125
8396.2802734375
8724.447265625
9094.46484375
9505.0908203125
9954.87109375
10442.15625
10965.1044921875
11521.703125
12109.7724609375
12726.9833984375
13370.8759765625
14038.8671875
14728.2763671875
15436.330078125
16160.1923828125
16896.9697265625
17643.736328125
18397.5458984375
19155.453125
19914.5263671875
20671.8642578125
21424.615234375
22169.9873046875
22905.2666015625
23627.82421875
24335.1357421875
25024.787109375
25694.4873046875
26342.0751953125
26965.5302734375
27562.97265625
28132.67578125
28673.0625
29182.712890625
29660.361328125
30104.8974609375
30515.3662109375
30890.9580078125
31231.0185546875
31535.02734375
31802.603515625
32033.49609375
32227.5732421875
32384.8173828125
32505.3125
32589.2470703125
32636.88671875
32648.578125
32624.7392578125
32565.837890625
32472.400390625
32344.9892578125
32184.2001953125
31990.654296875
31764.994140625
31507.8681640625
31219.935546875
30901.8564453125
30554.2890625
30177.884765625
29773.2890625
29341.1416015625
28882.068359375
28396.6923828125
27885.62890625
27349.486328125
26788.8740234375
26204.4033203125
25596.6884765625
24966.3564453125
24314.046875
23640.41796875
22946.150390625
22231.9609375
21498.58984375
20746.8212890625
19977.4794921875
19191.4326171875
18389.599609375
17572.9462890625
16742.4970703125
15899.3203125
15044.5478515625
14179.3544921875
13304.97265625
12422.6767578125
11533.7900390625
10639.673828125
9741.7216796875
8841.3583984375
7940.0283203125
7039.1884765625
6140.3037109375
5244.8330078125
4354.224609375
3469.8994140625
2593.255859375
1725.640625
868.357421875
22.6455078125
-810.3232421875
-1629.45703125
-2433.7490234375
-3222.2822265625
-3994.2421875
-4748.91796875
-5485.7021484375
-6204.1064453125
-6903.75
-7584.3681640625
-8245.80859375
-8888.0263671875
-9511.091796875
-10115.16796875
-10700.51953125
-11267.4990234375
-11816.5361328125
-12348.134765625
-12862.8525390625
-13361.298828125
-13844.1142578125
-14311.9619140625
-14765.51171875
-15205.42578125
-15632.34375
-16046.8701171875
-16449.5556640625
-16840.8876953125
-17221.2763671875
-17591.0302734375
-17950.36328125
-18299.3671875
-18638.005859375
-18966.1083984375
-19283.3583984375
-19589.2900390625
-19883.279296875
-20164.546875
-20432.146484375
-20684.98046875
-20921.783203125
-21141.140625
-21341.4912109375
-21521.12890625
-21678.21484375
-21810.7939453125
-21916.7998046875
-21994.0703125
-22040.369140625
-22053.3955078125
-22030.8017578125
-21970.2236328125
-21869.283203125
-21725.6220703125
-21536.9189453125
-21300.9072265625
-21015.4013671875
-20678.314453125
-20287.6826171875
-19841.68359375
-19338.6552734375
-18777.119140625
-18155.7919921875
-17473.61328125
-16729.74609375
-15923.6064453125
-15054.8671875
-14123.46875
-13129.634765625
-12073.8740234375
-10956.9853515625
-9780.0654296875
-8544.505859375
-7251.998046875
-5904.521484375
-4504.34765625
-3054.0302734375
-1556.39453125
-14.5283203125
1568.2294921875
3188.3076171875
4841.9111328125
6525.0478515625
8233.5390625
9963.0458984375
11709.0859375
13467.05859375
15232.2705078125
16999.9521484375
18765.2890625
20523.4462890625
22269.58984375
23998.9140625
25706.6650390625
27388.1669921875
29038.845703125
30654.251953125
32230.0830078125
33762.2080078125
35246.6826171875
36679.7763671875
38057.9833984375
39378.04296875
40636.958984375
41832.001953125
42960.7314453125
44021.0048828125
45010.98046875
45929.12890625
46774.2353515625
47545.40625
48242.0625
48863.947265625
49411.1142578125
49883.935546875
50283.0771484375
50609.5068359375
50864.478515625
51049.5185546875
51166.4140625
51217.197265625
51204.138671875
51129.71484375
50996.6005859375
50807.65234375
50565.8818359375
50274.435546875
49936.58203125
49555.6826171875
49135.171875
48678.5419921875
48189.314453125
47671.0205078125
47127.1826171875
46561.296875
45976.8046875
45377.083984375
44765.4228515625
44145.01171875
43518.9169921875
42890.076171875
42261.28125
41635.1650390625
41014.1875
40400.638671875
39796.6171875
39204.0341796875
38624.6005859375
38059.8310546875
37511.0390625
36979.3330078125
36465.6240234375
35970.6259765625
35494.853515625
35038.6357421875
34602.1162109375
34185.263671875
33787.8740234375
33409.5849609375
33049.8837890625
32708.115234375
32383.49609375
32075.1171875
31781.96875
31502.9365234375
31236.8232421875
30982.357421875
30738.19921875
30502.958984375
30275.205078125
30053.46875
29836.2626953125
29622.08203125
29409.41796875
29196.7646484375
28982.6220703125
28765.5107421875
28543.970703125
28316.5703125
28081.9072265625
27838.6181640625
27585.37890625
27320.90625
27043.9638671875
26753.3583984375
26447.947265625
26126.634765625
25788.37890625
25432.1875
25057.1201171875
24662.28515625
24246.8447265625
23810.0185546875
23351.072265625
22869.330078125
22364.1689453125
21835.021484375
21281.3798828125
20702.7900390625
20098.859375
19469.259765625
18813.7236328125
18132.05078125
17424.109375
16689.8408203125
15929.26171875
15142.4638671875
14329.6181640625
13490.9833984375
12626.9052734375
11737.8134765625
10824.2333984375
9886.78515625
8926.1826171875
7943.2421875
6938.8720703125
5914.0869140625
4869.9951171875
3807.8115234375
2728.8408203125
1634.4892578125
526.251953125
-594.28125
-1725.4404296875
-2865.4697265625
-4012.544921875
-5164.7646484375
-6320.1748046875
-7476.7626953125
-8632.46875
-9785.201171875
-10932.8369140625
-12073.2392578125
-13204.2607421875
-14323.7578125
-15429.59765625
-16519.6767578125
-17591.9189453125
-18644.294921875
-19674.83203125
-20681.615234375
-21662.8076171875
-22616.654296875
-23541.4873046875
-24435.7373046875
-25297.939453125
-26126.736328125
-26920.890625
-27679.283203125
-28400.9140625
-29084.9111328125
-29730.53125
-30337.154296875
-30904.291015625
-31431.578125
-31918.7734375
-32365.7568359375
-32772.5263671875
-33139.193359375
-33465.9755859375
-33753.1953125
-34001.2705078125
-34210.7080078125
-34382.1015625
-34516.119140625
-34613.49609375
-34675.03515625
-34701.58984375
-34694.064453125
-34653.4033203125
-34580.5830078125
-34476.6142578125
-34342.5234375
-34179.3583984375
-33988.177734375
-33770.0439453125
-33526.02734375
-33257.19140625
-32964.6015625
-32649.3134765625
-32312.375
-31954.8212890625
-31577.681640625
-31181.96875
-30768.681640625
-30338.8134765625
-29893.3369140625
-29433.2197265625
-28959.4150390625
-28472.8671875
-27974.5078125
-27465.2646484375
-26946.0556640625
-26417.791015625
-25881.3759765625
-25337.708984375
-24787.681640625
-24232.1806640625
-23672.087890625
-23108.275390625
-22541.6083984375
-21972.943359375
-21403.125
-20832.986328125
-20263.341796875
-19694.9951171875
-19128.7197265625
-18565.2763671875
-18005.392578125
-17449.7685546875
-16899.072265625
-16353.93359375
-15814.9462890625
-15282.6611328125
-14757.5810546875
-14240.1640625
-13730.81640625
-13229.8935546875
-12737.6923828125
-12254.4599609375
-11780.3818359375
-11315.5908203125
-10860.1572265625
-10414.1005859375
-9977.3818359375
-9549.9091796875
-9131.5400390625
-8722.080078125
-8321.29296875
-7928.8974609375
-7544.578125
-7167.9833984375
-6798.7333984375
-6436.4267578125
-6080.642578125
-5730.94921875
-5386.9091796875
-5048.0849609375
-4714.0439453125
-4384.365234375
-4058.6474609375
-3736.509765625
-3417.5986328125
-3101.599609375
-2788.23046875
-2477.25390625
-2168.4794921875
-1861.7646484375
-1557.017578125
-1254.2060546875
-953.3486328125
-654.521484375
-357.8603515625
-63.5556640625
228.1474609375
516.947265625
802.4921875
1084.3779296875
1362.16015625
1635.3486328125
1903.4150390625
2165.80078125
2421.9169921875
2671.1552734375
2912.8916015625
3146.48828125
3371.3056640625
3586.708984375
3792.06640625
3986.767578125
4170.21875
4341.8603515625
4501.162109375
4647.6337890625
4780.833984375
4900.37109375
5005.908203125
5097.1728515625
5173.9560546875
5236.1181640625
5283.5908203125
5316.3828125
5334.583984375
5338.3564453125
5327.9521484375
5303.701171875
5266.0166015625
5215.3955078125
5152.416015625
5077.736328125
4992.09765625
4896.314453125
4791.279296875
4677.951171875
4557.365234375
4430.61328125
4298.8505859375
4163.2880859375
4025.1865234375
3885.849609375
3746.6259765625
3608.8916015625
3474.0498046875
3343.5322265625
3218.7763671875
3101.234375
2992.3525390625
2893.5751953125
2806.333984375
2732.0380859375
2672.0703125
2627.7802734375
2600.4755859375
2591.4150390625
2601.80078125
2632.78125
2685.4267578125
2760.740234375
2859.640625
2982.9677734375
3131.462890625
3305.7763671875
3506.4560546875
3733.9453125
3988.5830078125
4270.5927734375
4580.0859375
4917.056640625
5281.384765625
5672.8271484375
6091.025390625
6535.5009765625
7005.654296875
7500.775390625
8020.0341796875
8562.4892578125
9127.0947265625
9712.6923828125
10318.0283203125
10941.7529296875
11582.42578125
12238.5185546875
12908.4287109375
13590.484375
14282.9482421875
14984.025390625
15691.8779296875
16404.626953125
17120.3623046875
17837.154296875
18553.0625
19266.1396484375
19974.4501953125
20676.0693359375
21369.103515625
22051.689453125
22722.01171875
23378.302734375
24018.8623046875
24642.056640625
25246.3330078125
25830.2265625
26392.361328125
26931.4658203125
27446.37890625
27936.046875
28399.5390625
28836.052734375
29244.9072265625
29625.5576171875
29977.59375
30300.7431640625
30594.873046875
30859.990234375
31096.2451171875
31303.9248046875
31483.455078125
31635.400390625
31760.4580078125
31859.45703125
31933.3515625
31983.2158203125
32010.2431640625
32015.728515625
32001.0771484375
31967.78125
31917.423828125
31851.6591796875
31772.2109375
31680.8583984375
31579.4306640625
31469.7841796875
31353.80078125
31233.380859375
31110.4140625
30986.783203125
30864.3427734375
30744.9130859375
30630.2607421875
30522.091796875
30422.0390625
30331.64453125
30252.3564453125
30185.513671875
30132.3349609375
30093.91015625
30071.19140625
30064.9814453125
30075.93359375
30104.537109375
30151.1162109375
30215.8203125
30298.62890625
30399.3447265625
30517.5908203125
30652.8134765625
30804.2822265625
30971.0966796875
31152.185546875
31346.3125
31552.087890625
31767.9697265625
31992.2783203125
32223.203125
32458.8203125
32697.0927734375
32935.8974609375
33173.0302734375
33406.224609375
33633.1708984375
33851.5205078125
34058.919921875
34253.009765625
34431.455078125
34591.9560546875
34732.265625
34850.2119140625
34943.7041015625
35010.7548828125
35049.4990234375
35058.1982421875
35035.26171875
34979.2578125
34888.923828125
34763.1748046875
34601.1162109375
34402.048828125
34165.4755859375
33891.1083984375
33578.8642578125
33228.876953125
32841.48828125
32417.2529296875
31956.93359375
31461.4931640625
30932.0947265625
30370.08984375
29777.013671875
29154.57421875
28504.6396484375
27829.2294921875
27130.5009765625
26410.7353515625
25672.3232421875
24917.7529296875
24149.5888671875
23370.4677734375
22583.0693359375
21790.109375
20994.32421875
20198.44921875
19405.208984375
18617.302734375
17837.3857421875
17068.0595703125
16311.8564453125
15571.2275390625
14848.5322265625
14146.0224609375
13465.8427734375
12810.01171875
12180.4111328125
11578.7939453125
11006.759765625
10465.76171875
9957.09765625
9481.9033203125
9041.1552734375
8635.666015625
8266.0810546875
7932.880859375
7636.3818359375
7376.73828125
7153.9375
6967.8115234375
6818.03125
6704.1171875
6625.44140625
6581.2294921875
6570.56640625
6592.4052734375
6645.5712890625
6728.7646484375
6840.572265625
6979.474609375
7143.8447265625
7331.96875
7542.044921875
7772.19140625
8020.4609375
8284.845703125
8563.2861328125
8853.6806640625
9153.8955078125
9461.7744140625
9775.150390625
10091.85546875
10409.724609375
10726.6181640625
11040.4248046875
11349.0693359375
11650.5341796875
11942.8603515625
12224.1630859375
12492.638671875
12746.5830078125
12984.388671875
13204.5712890625
13405.76171875
13586.7294921875
13746.380859375
13883.7724609375
13998.1201171875
14088.7958984375
14155.34375
14197.48046875
14215.0927734375
14208.2529296875
14177.208984375
14122.3876953125
14044.396484375
13944.0166015625
13822.2041015625
13680.0830078125
13518.9365234375
13340.2060546875
13145.4755859375
12936.466796875
12715.029296875
12483.1201171875
12242.8037109375
11996.224609375
11745.607421875
11493.2265625
11241.400390625
10992.4755859375
10748.80078125
10512.720703125
10286.55078125
10072.56640625
9872.982421875
9689.94140625
9525.490234375
9381.5712890625
9260.005859375
9162.484375
9090.544921875
9045.5712890625
9028.7734375
9041.1904296875
9083.669921875
9156.87109375
9261.2578125
9397.0869140625
9564.419921875
9763.1142578125
9992.82421875
10253.005859375
10542.9169921875
10861.62890625
11208.025390625
11580.8203125
11978.5498046875
12399.6005859375
12842.2099609375
13304.474609375
13784.3740234375
14279.775390625
14788.4462890625
15308.0712890625
15836.2646484375
16370.58203125
16908.54296875
17447.6328125
17985.32421875
18519.087890625
19046.4052734375
19564.78125
20071.7587890625
20564.9287109375
21041.93359375
21500.48828125
21938.38671875
22353.501953125
22743.8037109375
23107.3642578125
23442.357421875
23747.0703125
24019.908203125
24259.3935546875
24464.177734375
24633.03125
24764.8603515625
24858.6943359375
24913.69921875
24929.169921875
24904.53125
24839.34375
24733.2958984375
24586.20703125
24398.0234375
24168.8203125
23898.80078125
23588.2890625
23237.734375
22847.705078125
22418.8876953125
21952.0869140625
21448.2177734375
20908.3125
20333.5087890625
19725.05078125
19084.2880859375
18412.669921875
17711.7431640625
16983.1494140625
16228.623046875
15449.98046875
14649.125
13828.0361328125
12988.7666015625
12133.4423828125
11264.2451171875
10383.419921875
9493.259765625
8596.10546875
7694.3310546875
6790.345703125
5886.580078125
4985.4814453125
4089.501953125
3201.0966796875
2322.7109375
1456.7666015625
605.666015625
-228.2265625
-1042.59375
-1835.16796875
-2603.74609375
-3346.1923828125
-4060.4521484375
-4744.55859375
-5396.634765625
-6014.912109375
-6597.7236328125
-7143.5234375
-7650.880859375
-8118.498046875
-8545.2021484375
-8929.958984375
-9271.8720703125
-9570.18359375
-9824.2802734375
-10033.6953125
-10198.1005859375
-10317.3212890625
-10391.31640625
-10420.19921875
-10404.2109375
-10343.7392578125
-10239.3017578125
-10091.55078125
-9901.2578125
-9669.3251953125
-9396.76171875
-9084.693359375
-8734.349609375
-8347.056640625
-7924.2373046875
-7467.3955078125
-6978.1201171875
-6458.0693359375
-5908.9677734375
-5332.6005859375
-4730.8076171875
-4105.4755859375
-3458.5283203125
-2791.927734375
-2107.6640625
-1407.74609375
-694.20703125
30.9130859375
765.5712890625
1507.712890625
2255.294921875
3006.2783203125
3758.6357421875
4510.359375
5259.4580078125
6003.966796875
6741.9462890625
7471.4931640625
8190.7353515625
8897.841796875
9591.0205078125
10268.5302734375
10928.6748046875
11569.80859375
12190.3486328125
12788.7626953125
13363.587890625
13913.421875
14436.9375
14932.8740234375
15400.0498046875
15837.36328125
16243.79296875
16618.40625
16960.3583984375
17268.896484375
17543.3642578125
17783.203125
17987.9541015625
18157.2646484375
18290.8857421875
18388.6767578125
18450.607421875
18476.7578125
18467.3203125
18422.6025390625
18343.021484375
18229.111328125
18081.517578125
17901.0009765625
17688.42578125
17444.7763671875
17171.134765625
16868.693359375
16538.7451171875
16182.6748046875
15801.9697265625
15398.19921875
14973.0185546875
14528.1640625
14065.439453125
13586.7177734375
13093.931640625
12589.064453125
12074.1484375
11551.24609375
11022.455078125
10489.8935546875
9955.6875
9421.9736328125
8890.876953125
8364.513671875
7844.9736328125
7334.318359375
6834.5654296875
6347.6865234375
5875.5888671875
5420.119140625
4983.044921875
4566.0498046875
4170.7275390625
3798.568359375
3450.9638671875
3129.1826171875
2834.380859375
2567.58203125
2329.6845703125
2121.4453125
1943.486328125
1796.28125
1680.1572265625
1595.2958984375
1541.7255859375
1519.326171875
1527.82421875
1566.7978515625
1635.6806640625
1733.755859375
1860.169921875
2013.9306640625
2193.9150390625
2398.876953125
2627.4482421875
2878.15625
3149.423828125
3439.5810546875
3746.880859375
4069.5009765625
4405.5634765625
4753.142578125
5110.27734375
5474.9853515625
5845.27734375
6219.166015625
6594.6875
6969.90625
7342.93359375
7711.939453125
8075.1669921875
8430.943359375
8777.693359375
9113.94921875
9438.361328125
9749.7109375
10046.91796875
10329.0439453125
10595.3076171875
10845.083984375
11077.912109375
11293.494140625
11491.701171875
11672.572265625
11836.3115234375
11983.2900390625
12114.0322265625
12229.2236328125
12329.69140625
12416.40625
12490.462890625
12553.0791015625
12605.576171875
12649.369140625
12685.9521484375
12716.8857421875
12743.7763671875
12768.267578125
12792.015625
12816.6796875
12843.90234375
12875.2919921875
12912.4072265625
12956.7451171875
13009.716796875
13072.64453125
13146.7392578125
13233.08984375
13332.65625
13446.2529296875
13574.5439453125
13718.0390625
13877.0810546875
14051.845703125
14242.341796875
14448.4072265625
14669.7119140625
14905.7626953125
15155.9033203125
15419.326171875
15695.080078125
15982.076171875
16279.1025390625
16584.8369140625
16897.8583984375
17216.6630859375
17539.6787109375
17865.28515625
18191.8232421875
18517.6220703125
18841.0078125
19160.326171875
19473.95703125
19780.3330078125
20077.9541015625
20365.4013671875
20641.3583984375
20904.6142578125
21154.0859375
21388.8193359375
21608.0068359375
21810.9892578125
21997.263671875
22166.486328125
22318.48046875
22453.2265625
22570.8701171875
22671.712890625
22756.212890625
22824.970703125
22878.7294921875
22918.359375
22944.84765625
22959.2880859375
22962.86328125
22956.8349609375
22942.525390625
22921.302734375
22894.5625
22863.7119140625
22830.1572265625
22795.279296875
22760.421875
22726.8779296875
22695.8671875
22668.53125
22645.91015625
22628.9404296875
22618.435546875
22615.080078125
22619.4228515625
22631.87109375
22652.6806640625
22681.95703125
22719.65234375
22765.5703125
22819.3583984375
22880.521484375
22948.421875
23022.287109375
23101.216796875
23184.1953125
23270.0986328125
23357.7109375
23445.7294921875
23532.7880859375
23617.462890625
23698.2900390625
23773.779296875
23842.43359375
23902.755859375
23953.271484375
23992.5341796875
24019.146484375
24031.7724609375
24029.14453125
24010.080078125
23973.486328125
23918.375
23843.8681640625
23749.1982421875
23633.7255859375
23496.9306640625
23338.42578125
23157.9443359375
22955.35546875
22730.650390625
22483.9443359375
22215.47265625
21925.58203125
21614.7314453125
21283.4755859375
20932.4658203125
20562.43359375
20174.1904296875
19768.6064453125
19346.6123046875
18909.177734375
18457.3115234375
17992.0478515625
17514.4287109375
17025.5087890625
16526.3330078125
16017.9345703125
15501.330078125
14977.5029296875
14447.4052734375
13911.9482421875
13372.0
12828.37890625
12281.8564453125
11733.146484375
11182.9169921875
10631.779296875
10080.2939453125
9528.9765625
8978.2939453125
8428.6728515625
7880.5029296875
7334.1435546875
6789.9248046875
6248.1630859375
5709.158203125
5173.2041015625
4640.5966796875
4111.640625
3586.654296875
3065.978515625
2549.982421875
2039.0703125
1533.6826171875
1034.310546875
541.4873046875
55.80078125
-422.1044921875
-891.5302734375
-1351.72265625
-1801.8662109375
-2241.095703125
-2668.48828125
-3083.0732421875
-3483.8369140625
-3869.72265625
-4239.642578125
-4592.4814453125
-4927.10546875
-5242.3759765625
-5537.150390625
-5810.3017578125
-6060.7197265625
-6287.3359375
-6489.12109375
-6665.1064453125
-6814.39453125
-6936.1650390625
-7029.697265625
-7094.3740234375
-7129.6953125
-7135.29296875
-7110.93359375
-7056.5361328125
-6972.1748046875
-6858.08984375
-6714.6953125
-6542.580078125
-6342.5205078125
-6115.4736328125
-5862.5859375
-5585.1904296875
-5284.8115234375
-4963.1494140625
-4622.08984375
-4263.6904296875
-3890.1748046875
-3503.9267578125
-3107.470703125
-2703.47265625
-2294.7197265625
-1884.1044921875
-1474.6103515625
-1069.2958984375
-671.28125
-283.7177734375
90.2255859375
447.3779296875
784.5927734375
1098.7734375
1386.884765625
1645.9794921875
1873.2216796875
2065.90625
2221.478515625
2337.5517578125
2411.935546875
2442.64453125
2427.9189453125
2366.2421875
2256.353515625
2097.2587890625
1888.248046875
1628.8984375
1319.083984375
958.9833984375
549.078125
90.1650390625
-416.658203125
-969.9912109375
-1568.126953125
-2209.0712890625
-2890.5439453125
-3609.9931640625
-4364.6064453125
-5151.330078125
-5966.8798828125
-6807.76171875
-7670.2958984375
-8550.630859375
-9444.7724609375
-10348.6005859375
-11257.90234375
-12168.3857421875
-13075.71875
-13975.54296875
-14863.505859375
-15735.287109375
-16586.6201171875
-17413.3203125
-18211.3095703125
-18976.63671875
-19705.5029296875
-20394.2841796875
-21039.544921875
-21638.0634765625
-22186.8466796875
-22683.1416015625
-23124.453125
-23508.5556640625
-23833.4990234375
-24097.6142578125
-24299.529296875
-24438.1591796875
-24512.71875
-24522.7109375
-24467.939453125
-24348.484375
-24164.7138671875
-23917.2705078125
-23607.0537109375
-23235.2216796875
-22803.1689453125
-22312.5205078125
-21765.1103515625
-21162.9658203125
-20508.3017578125
-19803.4912109375
-19051.0517578125
-18253.6298828125
-17413.98046875
-16534.951171875
-15619.4580078125
-14670.4765625
-13691.01953125
-12684.119140625
-11652.8115234375
-10600.1201171875
-9529.044921875
-8442.5439453125
-7343.517578125
-6234.8056640625
-5119.166015625
-3999.2685546875
-2877.6875
-1756.888671875
-639.228515625
473.0595703125
1577.8642578125
2673.205078125
3757.234375
4828.2333984375
5884.6279296875
6924.9755859375
7947.9716796875
8952.4501953125
9937.376953125
10901.857421875
11845.123046875
12766.5341796875
13665.580078125
14541.8671875
15395.125
16225.1904296875
17032.0185546875
17815.66015625
18576.2734375
19314.107421875
20029.5029296875
20722.88671875
21394.763671875
22045.7138671875
22676.3876953125
23287.4970703125
23879.8154296875
24454.162109375
25011.412109375
25552.4755859375
26078.2958984375
26589.8515625
27088.140625
27574.17578125
28048.9853515625
28513.59765625
28969.0439453125
29416.34375
29856.5048828125
30290.51171875
30719.32421875
31143.8671875
31565.0302734375
31983.65234375
32400.5263671875
32816.3876953125
33231.9091796875
33647.6962890625
34064.28515625
34482.134765625
34901.6240234375
35323.048828125
35746.619140625
36172.4560546875
36600.5888671875
37030.9560546875
37463.40234375
37897.677734375
38333.439453125
38770.2548828125
39207.6005859375
39644.8603515625
40081.3369140625
40516.25
40948.7392578125
41377.8701171875
41802.6435546875
42221.990234375
42634.7880859375
43039.8603515625
43435.9873046875
43821.9052734375
44196.32421875
44557.9267578125
44905.376953125
45237.3291015625
45552.435546875
45849.3466796875
46126.7275390625
46383.255859375
46617.63671875
46828.603515625
47014.9189453125
47175.392578125
47308.875
47414.26953125
47490.53125
47536.6767578125
47551.7783203125
47534.9765625
47485.4794921875
47402.5576171875
47285.5595703125
47133.900390625
46947.0673828125
46724.625
46466.2060546875
46171.5185546875
45840.3447265625
45472.5341796875
45068.01171875
44626.7734375
44148.8818359375
43634.4697265625
43083.7373046875
42496.9521484375
41874.4423828125
41216.60546875
40523.8984375
39796.8408203125
39036.01171875
38242.0537109375
37415.662109375
36557.5966796875
35668.671875
34749.7568359375
33801.7802734375
32825.72265625
31822.6240234375
30793.57421875
29739.71875
28662.2587890625
27562.44140625
26441.5712890625
25301.001953125
24142.1337890625
22966.419921875
21775.357421875
20570.4912109375
19353.41015625
18125.7412109375
16889.15625
15645.3623046875
14396.1025390625
13143.150390625
11888.3115234375
10633.416015625
9380.31640625
8130.88671875
6887.013671875
5650.5966796875
4423.5458984375
3207.771484375
2005.18359375
817.6904296875
-352.8095703125
-1504.4345703125
-2635.3134765625
-3743.603515625
-4827.482421875
-5885.1591796875
-6914.8759765625
-7914.9140625
-8883.5947265625
-9819.2822265625
-10720.3916015625
-11585.3896484375
-12412.7939453125
-13201.1826171875
-13949.193359375
-14655.52734375
-15318.9501953125
-15938.29296875
-16512.4638671875
-17040.435546875
-17521.2587890625
-17954.060546875
-18338.0439453125
-18672.4912109375
-18956.76953125
-19190.32421875
-19372.6884765625
-19503.4794921875
-19582.4013671875
-19609.25
-19583.9072265625
-19506.3486328125
-19376.6435546875
-19194.9521484375
-18961.533203125
-18676.73828125
-18341.0166015625
-17954.91796875
-17519.087890625
-17034.271484375
-16501.314453125
-15921.158203125
-15294.8486328125
-14623.52734375
-13908.43359375
-13150.9052734375
-12352.375
-11514.37109375
-10638.513671875
-9726.51171875
-8780.158203125
-7801.3359375
-6792.00390625
-5754.1982421875
-4690.0224609375
-3601.6533203125
-2491.3251953125
-1361.3291015625
-214.0068359375
948.255859375
2123.0390625
3307.88671875
4500.3212890625
5697.849609375
6897.96484375
8098.1611328125
9295.93359375
10488.791015625
11674.2607421875
12849.89453125
14013.275390625
15162.025390625
16293.8125
17406.3505859375
18497.4150390625
19564.8369140625
20606.5146484375
21620.41796875
22604.5859375
23557.1357421875
24476.2626953125
25360.244140625
26207.435546875
27016.283203125
27785.3125
28513.1318359375
29198.439453125
29840.01171875
30436.7099609375
30987.4765625
31491.330078125
31947.3681640625
32354.765625
32712.767578125
33020.6875
33277.9130859375
33483.8916015625
33638.13671875
33740.2197265625
33789.775390625
33786.4931640625
33730.11328125
33620.4365234375
33457.3125
33240.6435546875
32970.3828125
32646.53515625
32269.1591796875
31838.357421875
31354.2978515625
30817.1923828125
30227.3173828125
29585.00390625
28890.64453125
28144.6962890625
27347.6806640625
26500.1962890625
25602.90625
24656.5576171875
23661.9716796875
22620.060546875
21531.818359375
20398.333984375
19220.787109375
18000.458984375
16738.7294921875
15437.0810546875
14097.099609375
12720.482421875
11309.033203125
9864.6630859375
8389.3955078125
6885.359375
5354.796875
3800.056640625
2223.5869140625
627.9462890625
-984.2109375
-2610.14453125
-4247.0068359375
-5891.8798828125
-7541.76171875
-9193.576171875
-10844.185546875
-12490.39453125
-14128.9599609375
-15756.59765625
-17369.9931640625
-18965.8134765625
-20540.7158203125
-22091.35546875
-23614.400390625
-25106.5400390625
-26564.5
-27985.0498046875
-29365.01171875
-30701.28125
-31990.830078125
-33230.7216796875
-34418.1220703125
-35550.3037109375
-36624.6708984375
-37638.751953125
-38590.224609375
-39476.9169921875
-40296.8154296875
-41048.078125
-41729.0400390625
-42338.2177734375
-42874.3193359375
-43336.2509765625
-43723.11328125
-44034.21875
-44269.08203125
-44427.4326171875
-44509.208984375
-44514.56640625
-44443.87109375
-44297.7001953125
-44076.845703125
-43782.3046875
-43415.2802734375
-42977.17578125
-42469.5947265625
-41894.3251953125
-41253.34375
-40548.8046875
-39783.0283203125
-38958.4990234375
-38077.8525390625
-37143.8720703125
-36159.466796875
-35127.6748046875
-34051.6435546875
-32934.6259765625
-31779.9599609375
-30591.0673828125
-29371.431640625
-28124.59765625
-26854.150390625
-25563.708984375
-24256.91015625
-22937.40234375
-21608.830078125
-20274.8232421875
-18938.98828125
-17604.8974609375
-16276.07421875
-14955.9873046875
-13648.0419921875
-12355.568359375
-11081.814453125
-9829.935546875
-8602.9921875
-7403.93359375
-6235.6015625
-5100.71875
-4001.8828125
-2941.5625
-1922.0947265625
-945.677734375
-14.3720703125
869.9091796875
1705.396484375
2490.4697265625
3223.6572265625
3903.638671875
4529.244140625
5099.4580078125
5613.4169921875
6070.404296875
6469.8603515625
6811.3740234375
7094.6806640625
7319.6689453125
7486.3701171875
7594.9599609375
7645.755859375
7639.2216796875
7575.9501953125
7456.6767578125
7282.2666015625
7053.7158203125
6772.146484375
6438.8056640625
6055.060546875
5622.39453125
5142.4072265625
4616.8037109375
4047.3974609375
3436.1015625
2784.9267578125
2095.974609375
1371.43359375
613.576171875
-175.251953125
-992.634765625
-1836.0888671875
-2703.0751953125
-3591.0029296875
-4497.2353515625
-5419.0986328125
-6353.892578125
-7298.888671875
-8251.3486328125
-9208.525390625
-10167.6767578125
-11126.068359375
-12080.986328125
-13029.748046875
-13969.7041015625
-14898.251953125
-15812.8505859375
-16711.0146484375
-17590.3388671875
-18448.498046875
-19283.2568359375
-20092.4833984375
-20874.1494140625
-21626.34375
-22347.28125
-23035.3017578125
-23688.8876953125
-24306.66015625
-24887.390625
-25430.0048828125
-25933.58203125
-26397.3681640625
-26820.7685546875
-27203.3544921875
-27544.8662109375
-27845.20703125
-28104.4482421875
-28322.8271484375
-28500.73828125
-28638.73828125
-28737.537109375
-28797.9892578125
-28821.095703125
-28807.9951171875
-28759.9453125
-28678.3291015625
-28564.6357421875
-28420.451171875
-28247.4541015625
-28047.3935546875
-27822.0849609375
-27573.3916015625
-27303.2197265625
-27013.4951171875
-26706.1572265625
-26383.1376953125
-26046.3564453125
-25697.697265625
-25339.0048828125
-24972.05859375
-24598.568359375
-24220.16015625
-23838.3662109375
-23454.6025390625
-23070.171875
-22686.2451171875
-22303.85546875
-21923.8857421875
-21547.0673828125
-21173.9736328125
-20805.0068359375
-20440.4072265625
-20080.23828125
-19724.396484375
-19372.60546875
-19024.419921875
-18679.228515625
-18336.259765625
-17994.5888671875
-17653.138671875
-17310.69921875
-16965.9296875
-16617.3740234375
-16263.4716796875
-15902.572265625
-15532.947265625
-15152.8134765625
-14760.337890625
-14353.6630859375
-13930.927734375
-13490.2705078125
-13029.8642578125
-12547.9248046875
-12042.7294921875
-11512.64453125
-10956.1279296875
-10371.759765625
-9758.2529296875
-9114.4716796875
-8439.44140625
-7732.3701171875
-6992.658203125
-6219.9033203125
-5413.927734375
-4574.763671875
-3702.681640625
-2798.18359375
-1862.009765625
-895.1396484375
101.2021484375
1125.5576171875
2176.232421875
3251.296875
4348.607421875
5465.80078125
6600.3095703125
7749.3798828125
8910.0751953125
10079.30078125
11253.8154296875
12430.2451171875
13605.1142578125
14774.849609375
15935.8125
17084.314453125
18216.6376953125
19329.0625
20417.880859375
21479.4267578125
22510.0908203125
23506.3427734375
24464.75390625
25382.017578125
26254.96484375
27080.58203125
27856.0341796875
28578.669921875
29246.046875
29855.93359375
30406.330078125
30895.4716796875
31321.8388671875
31684.1611328125
31981.4267578125
32212.8798828125
32378.0234375
32476.6220703125
32508.69140625
32474.5009765625
32374.5693359375
32209.65234375
31980.736328125
31689.0302734375
31335.951171875
30923.119140625
30452.33203125
29925.5654296875
29344.947265625
28712.751953125
28031.3720703125
27303.318359375
26531.1875
25717.66015625
24865.4716796875
23977.408203125
23056.2822265625
22104.9228515625
21126.1552734375
20122.79296875
19097.619140625
18053.37890625
16992.7626953125
15918.3994140625
14832.8427734375
13738.568359375
12637.9599609375
11533.3037109375
10426.787109375
9320.4892578125
8216.380859375
7116.3212890625
6022.0537109375
4935.212890625
3857.3154296875
2789.7685546875
1733.8740234375
690.82421875
-338.2861328125
-1352.4619140625
-2350.796875
-3332.4697265625
-4296.7392578125
-5242.9345703125
-6170.4482421875
-7078.7333984375
-7967.291015625
-8835.6650390625
-9683.431640625
-10510.1982421875
-11315.5869140625
-12099.2373046875
-12860.791015625
-13599.8896484375
-14316.1689453125
-15009.2509765625
-15678.7373046875
-16324.2099609375
-16945.22265625
-17541.298828125
-18111.927734375
-18656.5654296875
-19174.6259765625
-19665.4912109375
-20128.5
-20562.9580078125
-20968.130859375
-21343.2509765625
-21687.5205078125
-22000.1103515625
-22280.1689453125
-22526.8212890625
-22739.1826171875
-22916.3515625
-23057.427734375
-23161.513671875
-23227.7177734375
-23255.16796875
-23243.015625
-23190.44140625
-23096.6689453125
-22960.96484375
-22782.654296875
-22561.1201171875
-22295.818359375
-21986.2822265625
-21632.1279296875
-21233.064453125
-20788.8935546875
-20299.5263671875
-19764.98046875
-19185.3837890625
-18560.986328125
-17892.1591796875
-17179.392578125
-16423.3076171875
-15624.6513671875
-14784.30078125
-13903.259765625
-12982.658203125
-12023.7548828125
-11027.927734375
-9996.67578125
-8931.615234375
-7834.4697265625
-6707.0712890625
-5551.349609375
-4369.330078125
-3163.119140625
-1934.90234375
-686.9365234375
578.4609375
1858.9208984375
3152.03125
4455.3447265625
5766.3896484375
7082.67578125
8401.7099609375
9720.9990234375
11038.0625
12350.4365234375
13655.6845703125
14951.4111328125
16235.255859375
17504.912109375
18758.126953125
19992.7099609375
21206.5361328125
22397.5517578125
23563.775390625
24703.30859375
25814.330078125
26895.099609375
27943.9609375
28959.3466796875
29939.7705078125
30883.8291015625
31790.2099609375
32657.6767578125
33485.078125
34271.3408203125
35015.4716796875
35716.552734375
36373.7353515625
36986.2490234375
37553.3857421875
38074.509765625
38549.04296875
38976.4765625
39356.3583984375
39688.294921875
39971.9521484375
40207.0546875
40393.37890625
40530.76171875
40619.0908203125
40658.3173828125
40648.4443359375
40589.537109375
40481.7216796875
40325.18359375
40120.173828125
39867.01171875
39566.0859375
39217.8583984375
38822.8642578125
38381.7177734375
37895.1162109375
37363.837890625
36788.75390625
36170.81640625
35511.0791015625
34810.681640625
34070.86328125
33292.9599609375
32478.404296875
31628.7275390625
30745.5576171875
29830.619140625
28885.7353515625
27912.81640625
26913.8671875
25890.9765625
24846.3193359375
23782.1435546875
22700.7744140625
21604.5966796875
20496.064453125
19377.6748046875
18251.9755859375
17121.5458984375
15988.998046875
14856.9599609375
13728.0703125
12604.966796875
11490.283203125
10386.625
9296.578125
8222.68359375
7167.44140625
6133.2861328125
5122.5927734375
4137.658203125
3180.7001953125
2253.837890625
1359.1005859375
498.4072265625
-326.431640625
-1113.7275390625
-1861.9091796875
-2569.5341796875
-3235.2890625
-3857.9921875
-4436.6005859375
-4970.205078125
-5458.0322265625
-5899.4521484375
-6293.966796875
-6641.2158203125
-6940.974609375
-7193.1474609375
-7397.7685546875
-7555.0009765625
-7665.125
-7728.5419921875
-7745.765625
-7717.41796875
-7644.22265625
-7527.00390625
-7366.6787109375
-7164.2451171875
-6920.7890625
-6637.470703125
-6315.513671875
-5956.2138671875
-5560.91796875
-5131.03125
-4668.0009765625
-4173.3212890625
-3648.51953125
-3095.154296875
-2514.814453125
-1909.1083984375
-1279.6630859375
-628.12109375
43.8662109375
734.642578125
1442.546875
2165.9208984375
2903.109375
3652.4619140625
4412.3408203125
5181.12109375
5957.1904296875
6738.958984375
7524.8486328125
8313.314453125
9102.8251953125
9891.88671875
10679.0263671875
11462.8056640625
12241.8193359375
13014.697265625
13780.10546875
14536.75
15283.37890625
16018.7822265625
16741.7958984375
17451.302734375
18146.2353515625
18825.576171875
19488.3623046875
20133.6826171875
20760.6865234375
21368.578125
21956.62109375
22524.142578125
23070.5322265625
23595.2421875
24097.7900390625
24577.7578125
25034.798828125
25468.6318359375
25879.0400390625
26265.880859375
26629.0751953125
26968.6162109375
27284.564453125
27577.0439453125
27846.2529296875
28092.447265625
28315.955078125
28517.1630859375
28696.521484375
28854.5400390625
28991.78515625
29108.884765625
29206.51171875
29285.39453125
29346.3115234375
29390.0830078125
29417.572265625
29429.6845703125
29427.357421875
29411.56640625
29383.3125
29343.6220703125
29293.548828125
29234.162109375
29166.55078125
29091.8115234375
29011.0546875
28925.3916015625
28835.943359375
28743.82421875
28650.1474609375
28556.015625
28462.52734375
28370.7626953125
28281.7890625
28196.6533203125
28116.3828125
28041.982421875
27974.423828125
27914.658203125
27863.6005859375
27822.134765625
27791.1064453125
27771.3271484375
27763.5625
27768.5439453125
27786.953125
27819.42578125
27866.5517578125
27928.8681640625
28006.86328125
28100.9677734375
28211.556640625
28338.9462890625
28483.3955078125
28645.0966796875
28824.1796875
29020.70703125
29234.6748046875
29466.005859375
29714.5498046875
29980.0849609375
30262.3125
30560.85546875
30875.2568359375
31204.978515625
31549.404296875
31907.8310546875
32279.47265625
32663.4599609375
33058.841796875
33464.578125
33879.5498046875
34302.5576171875
34732.3134765625
35167.4580078125
35606.5537109375
36048.0888671875
36490.4814453125
36932.0869140625
37371.1953125
37806.0419921875
38234.814453125
38655.6552734375
39066.6640625
39465.919921875
39851.47265625
40221.3642578125
40573.623046875
40906.2919921875
41217.4208984375
41505.0849609375
41767.3935546875
42002.4990234375
42208.6083984375
42383.9912109375
42526.99609375
42636.0546875
42709.689453125
42746.533203125
42745.33203125
42704.951171875
42624.390625
42502.7890625
42339.4306640625
42133.7490234375
41885.341796875
41593.9638671875
41259.5380859375
40882.1572265625
40462.08203125
39999.74609375
39495.7529296875
38950.8740234375
38366.0498046875
37742.37890625
37081.1201171875
36383.685546875
35651.6259765625
34886.63671875
34090.5341796875
33265.2568359375
32412.8486328125
31535.44921875
30635.287109375
29714.6591796875
28775.921875
27821.4833984375
26853.7763671875
25875.26171875
24888.400390625
23895.6513671875
22899.4501953125
21902.201171875
20906.2646484375
19913.939453125
18927.4638671875
17948.990234375
16980.58984375
16024.2294921875
15081.779296875
14154.9892578125
13245.4970703125
12354.8154296875
11484.33203125
10635.3046875
9808.8583984375
9005.9892578125
8227.5615234375
7474.3095703125
6746.83984375
6045.634765625
5371.0615234375
4723.365234375
4102.6884765625
3509.068359375
2942.44921875
2402.68359375
1889.548828125
1402.748046875
941.919921875
506.650390625
96.4765625
-289.09765625
-650.6025390625
-988.587890625
-1303.6201171875
-1596.263671875
-1867.0927734375
-2116.6669921875
-2345.5380859375
-2554.2353515625
-2743.2685546875
-2913.1220703125
-3064.2451171875
-3197.060546875
-3311.951171875
-3409.2705078125
-3489.33203125
-3552.4169921875
-3598.767578125
-3628.5986328125
-3642.08984375
-3639.3916015625
-3620.6328125
-3585.9169921875
-3535.3330078125
-3468.951171875
-3386.8359375
-3289.044921875
-3175.6337890625
-3046.666015625
-2902.2109375
-2742.35546875
-2567.2001953125
-2376.87109375
-2171.5224609375
-1951.3369140625
-1716.53125
-1467.3642578125
-1204.1318359375
-927.173828125
-636.8798828125
-333.6806640625
-18.0625
309.4453125
648.2578125
997.7412109375
1357.2158203125
1725.9453125
2103.1552734375
2488.017578125
2879.6669921875
3277.189453125
3679.6376953125
4086.029296875
4495.34765625
4906.546875
5318.5576171875
5730.291015625
6140.640625
6548.4873046875
6952.703125
7352.1591796875
7745.7255859375
8132.27734375
8510.7001953125
8879.8935546875
9238.775390625
9586.283203125
9921.3857421875
10243.078125
10550.38671875
10842.380859375
11118.1650390625
11376.8857421875
11617.7412109375
11839.9697265625
12042.8623046875
12225.7646484375
12388.0712890625
12529.23046875
12648.7490234375
12746.18359375
12821.15234375
12873.32421875
12902.4228515625
12908.2294921875
12890.5751953125
12849.3447265625
12784.4736328125
12695.94140625
12583.779296875
12448.060546875
12288.900390625
12106.453125
11900.9111328125
11672.4990234375
11421.474609375
11148.1220703125
10852.7529296875
10535.7041015625
10197.3271484375
9837.9990234375
9458.1064453125
9058.0517578125
8638.2509765625
8199.1240234375
7741.1083984375
7264.6416015625
6770.1689453125
6258.146484375
5729.029296875
5183.283203125
4621.3798828125
4043.80078125
3451.0302734375
2843.568359375
2221.9267578125
1586.6328125
938.2314453125
277.2841796875
-395.6181640625
-1079.8623046875
-1774.8056640625
-2479.7646484375
-3194.029296875
-3916.8408203125
-4647.4013671875
-5384.8623046875
-6128.3291015625
-6876.8505859375
-7629.4228515625
-8384.982421875
-9142.408203125
-9900.5205078125
-10658.0751953125
-11413.7724609375
-12166.24609375
-12914.080078125
-13655.7939453125
-14389.8583984375
-15114.693359375
-15828.673828125
-16530.1328125
-17217.3701171875
-17888.6552734375
-18542.2431640625
-19176.369140625
-19789.2685546875
-20379.1826171875
-20944.36328125
-21483.0927734375
-21993.6865234375
-22474.505859375
-22923.96875
-23340.564453125
-23722.859375
-24069.509765625
-24379.2763671875
-24651.02734375
-24883.755859375
-25076.583984375
-25228.7734375
-25339.736328125
-25409.037109375
-25436.4033203125
-25421.732421875
-25365.0849609375
-25266.70703125
-25127.0126953125
-24946.59765625
-24726.232421875
-24466.865234375
-24169.6162109375
-23835.771484375
-23466.7783203125
-23064.24609375
-22629.921875
-22165.6982421875
-21673.5927734375
-21155.73828125
-20614.3720703125
-20051.8203125
-19470.4892578125
-18872.8447265625
-18261.3974609375
-17638.689453125
-17007.2783203125
-16369.720703125
-15728.552734375
-15086.2783203125
-14445.3525390625
-13808.16015625
-13177.01171875
-12554.119140625
-11941.5849609375
-11341.3916015625
-10755.38671875
-10185.271484375
-9632.5966796875
-9098.7451171875
-8584.931640625
-8092.1953125
-7621.390625
-7173.1923828125
-6748.0849609375
-6346.369140625
-5968.162109375
-5613.3955078125
-5281.8212890625
-4973.025390625
-4686.4189453125
-4421.263671875
-4176.6669921875
-3951.59765625
-3744.90234375
-3555.3056640625
-3381.4375
-3221.8359375
-3074.9677734375
-2939.23828125
-2813.013671875
-2694.626953125
-2582.40625
-2474.6748046875
-2369.7783203125
-2266.0966796875
-2162.0546875
-2056.1435546875
-1946.9248046875
-1833.0498046875
-1713.2705078125
-1586.4482421875
-1451.5625
-1307.728515625
-1154.1884765625
-990.3310546875
-815.693359375
-629.9599609375
-432.9716796875
-224.7197265625
-5.349609375
224.8408203125
465.408203125
715.7646484375
975.1845703125
1242.8115234375
1517.6669921875
1798.658203125
2084.5927734375
2374.1826171875
2666.0634765625
2958.7998046875
3250.904296875
3540.8525390625
3827.087890625
4108.046875
4382.166015625
4647.90234375
4903.7412109375
5148.2158203125
5379.921875
5597.5224609375
5799.771484375
5985.5185546875
6153.7236328125
6303.470703125
6433.9638671875
6544.5556640625
6634.73828125
6704.15625
6752.61328125
6780.072265625
6786.65625
6772.6591796875
6738.53125
6684.8935546875
6612.5205078125
6522.3447265625
6415.44921875
6293.0654296875
6156.556640625
6007.416015625
5847.2548828125
5677.794921875
5500.853515625
5318.333984375
5132.208984375
4944.513671875
4757.3251953125
4572.7578125
4392.935546875
4219.9921875
4056.044921875
3903.1904296875
3763.482421875
3638.923828125
3531.4541015625
3442.927734375
3375.1162109375
3329.68359375
3308.185546875
3312.0537109375
3342.5908203125
3400.958984375
3488.1796875
3605.1171875
3752.4853515625
3930.8330078125
4140.5556640625
4381.876953125
4654.859375
4959.40234375
5295.2451171875
5661.962890625
6058.9794921875
6485.56640625
6940.845703125
7423.8037109375
7933.291015625
8468.03125
9026.6318359375
9607.587890625
10209.298828125
10830.0654296875
11468.1142578125
12121.5927734375
12788.5908203125
13467.14453125
14155.248046875
14850.86328125
15551.9296875
16256.375
16962.12109375
17667.099609375
18369.2529296875
19066.548828125
19756.984375
20438.59765625
21109.46875
21767.7314453125
22411.578125
23039.2607421875
23649.1025390625
24239.5
24808.9208984375
25355.9140625
25879.1103515625
26377.22265625
26849.05078125
27293.4765625
27709.466796875
28096.078125
28452.447265625
28777.7958984375
29071.427734375
29332.7275390625
29561.15234375
29756.2392578125
29917.5966796875
30044.8974609375
30137.8828125
30196.35546875
30220.17578125
30209.2548828125
30163.560546875
30083.1015625
29967.9306640625
29818.142578125
29633.8642578125
29415.2578125
29162.515625
28875.853515625
28555.513671875
28201.76171875
27814.884765625
27395.1865234375
26942.9931640625
26458.6494140625
25942.5185546875
25394.9833984375
24816.447265625
24207.337890625
23568.1103515625
22899.244140625
22201.2529296875
21474.68359375
20720.123046875
19938.2060546875
19129.6083984375
18295.0693359375
17435.3798828125
16551.3994140625
15644.05859375
14714.3642578125
13763.40234375
12792.349609375
11802.474609375
10795.1416015625
9771.81640625
8734.0732421875
7683.58984375
6622.1611328125
5551.69140625
4474.1953125
3391.806640625
2306.76953125
1221.4326171875
138.2587890625
-940.1943359375
-2011.2705078125
-3072.2294921875
-4120.24609375
-5152.4296875
-6165.8310546875
-7157.453125
-8124.267578125
-9063.2294921875
-9971.2890625
-10845.4169921875
-11682.6083984375
-12479.9150390625
-13234.4560546875
-13943.4404296875
-14604.1845703125
-15214.1337890625
-15770.8818359375
-16272.1904296875
-16716.005859375
-17100.486328125
-17424.0078125
-17685.1875
-17882.904296875
-18016.3017578125
-18084.8125
-18088.1611328125
-18026.3798828125
-17899.8154296875
-17709.130859375
-17455.3134765625
-17139.6708984375
-16763.83984375
-16329.76953125
-15839.7294921875
-15296.291015625
-14702.3193359375
-14060.966796875
-13375.6484375
-12650.029296875
-11888.0078125
-11093.6865234375
-10271.3564453125
-9425.4658203125
-8560.5986328125
-7681.4462890625
-6792.76953125
-5899.384765625
-5006.12109375
-4117.791015625
-3239.166015625
-2374.939453125
-1529.6962890625
-707.8896484375
86.1982421875
848.474609375
1575.068359375
2262.3515625
2906.96484375
3505.8369140625
4056.2060546875
4555.634765625
5002.021484375
5393.62109375
5729.04296875
6007.2646484375
6227.6318359375
6389.861328125
6494.0400390625
6540.6162109375
6530.39453125
6464.5263671875
6344.4970703125
6172.1103515625
5949.4755859375
5678.9775390625
5363.2705078125
5005.2451171875
4608.0048828125
4174.8486328125
3709.234375
3214.7587890625
2695.12890625
2154.1279296875
1595.59765625
1023.4013671875
441.4033203125
-146.560546875
-736.71484375
-1325.3583984375
-1908.892578125
-2483.8466796875
-3046.89453125
-3594.8740234375
-4124.8056640625
-4633.908203125
-5119.609375
-5579.556640625
-6011.62890625
-6413.9443359375
-6784.859375
-7122.9775390625
-7427.146484375
-7696.45703125
-7930.2421875
-8128.0703125
-8289.73828125
-8415.26171875
-8504.87109375
-8558.9921875
-8578.240234375
-8563.40234375
-8515.4287109375
-8435.4130859375
-8324.5791015625
-8184.26171875
-8015.8994140625
-7821.0107421875
-7601.1787109375
-7358.0400390625
-7093.2685546875
-6808.5576171875
-6505.607421875
-6186.1162109375
-5851.763671875
-5504.1982421875
-5145.03125
-4775.8232421875
-4398.0771484375
-4013.23828125
-3622.67578125
-3227.6826171875
-2829.4775390625
-2429.1962890625
-2027.8896484375
-1626.5263671875
-1225.990234375
-827.0830078125
-430.5263671875
-36.9658203125
353.0302734375
738.966796875
1120.4072265625
1496.9814453125
1868.3779296875
2234.3310546875
2594.6240234375
2949.0810546875
3297.5595703125
3639.9501953125
3976.166015625
4306.140625
4629.8232421875
4947.177734375
5258.171875
5562.78125
5860.9833984375
6152.755859375
6438.0732421875
6716.9072265625
6989.224609375
7254.9912109375
7514.1650390625
7766.7021484375
8012.5537109375
8251.6708984375
8484.00390625
8709.50390625
8928.1240234375
9139.8232421875
9344.56640625
9542.3310546875
9733.1025390625
9916.8779296875
10093.6728515625
10263.515625
10426.453125
10582.552734375
10731.8994140625
10874.599609375
11010.7744140625
11140.5712890625
11264.15234375
11381.69921875
11493.4091796875
11599.4931640625
11700.1767578125
11795.6923828125
11886.2841796875
11972.1962890625
12053.6748046875
12130.9677734375
12204.3125
12273.9384765625
12340.0654296875
12402.892578125
12462.607421875
12519.3701171875
12573.31640625
12624.55859375
12673.1787109375
12719.2275390625
12762.7236328125
12803.6572265625
12841.9814453125
12877.6240234375
12910.4765625
12940.40625
12967.2529296875
12990.8349609375
13010.9462890625
13027.3740234375
13039.88671875
13048.25390625
13052.244140625
13051.62890625
13046.1982421875
13035.7587890625
13020.14453125
12999.2255859375
12972.9130859375
12941.16015625
12903.98046875
12861.44921875
12813.7041015625
12760.962890625
12703.517578125
12641.7421875
12576.1015625
12507.1484375
12435.529296875
12361.984375
12287.345703125
12212.544921875
12138.599609375
12066.619140625
11997.798828125
11933.4150390625
11874.8173828125
11823.42578125
11780.7158203125
11748.2177734375
11727.5009765625
11720.166015625
11727.8291015625
11752.115234375
11794.642578125
11857.0107421875
11940.7841796875
12047.4833984375
12178.5654296875
12335.412109375
12519.3203125
12731.482421875
12972.974609375
13244.748046875
13547.6162109375
13882.2373046875
14249.1142578125
14648.5751953125
15080.7744140625
15545.6826171875
16043.0732421875
16572.533203125
17133.4482421875
17725.0068359375
18346.1943359375
18995.8046875
19672.43359375
20374.48828125
21100.189453125
21847.583984375
22614.5478515625
23398.7998046875
24197.9130859375
25009.322265625
25830.34375
26658.18359375
27489.9580078125
28322.7041015625
29153.40234375
29978.98828125
30796.3720703125
31602.4541015625
32394.146484375
33168.38671875
33922.15625
34652.49609375
35356.5283203125
36031.4658203125
36674.6328125
37283.4755859375
37855.5771484375
38388.673828125
38880.6640625
39329.619140625
39733.7900390625
40091.6240234375
40401.7685546875
40663.0693359375
40874.5859375
41035.5947265625
41145.580078125
41204.25
41211.5263671875
41167.5498046875
41072.6669921875
40927.439453125
40732.6337890625
40489.2119140625
40198.33203125
39861.3330078125
39479.73828125
39055.23046875
38589.65234375
38084.9970703125
37543.39453125
36967.0986328125
36358.4755859375
35719.9990234375
35054.2294921875
34363.802734375
33651.42578125
32919.853515625
32171.8828125
31410.3408203125
30638.0693359375
29857.9150390625
29072.71484375
28285.2900390625
27498.4296875
26714.8828125
25937.3486328125
25168.4638671875
24410.796875
23666.8330078125
22938.974609375
22229.5244140625
21540.685546875
20874.5478515625
20233.087890625
19618.158203125
19031.4833984375
18474.66015625
17949.1455078125
17456.2587890625
16997.1796875
16572.9404296875
16184.4296875
15832.388671875
15517.4140625
15239.9521484375
15000.3046875
14798.630859375
14634.9423828125
14509.1171875
14420.8916015625
14369.8662109375
14355.5166015625
14377.1923828125
14434.1181640625
14525.4091796875
14650.068359375
14806.9951171875
14994.9931640625
15212.77734375
15458.978515625
15732.150390625
16030.783203125
16353.302734375
16698.0849609375
17063.4599609375
17447.7216796875
17849.134765625
18265.9462890625
18696.38671875
19138.6806640625
19591.0615234375
20051.7666015625
20519.0517578125
20991.2001953125
21466.51953125
21943.359375
22420.1103515625
22895.2109375
23367.154296875
23834.4912109375
24295.833984375
24749.8623046875
25195.328125
25631.048828125
26055.923828125
26468.927734375
26869.1142578125
27255.61328125
27627.6376953125
27984.4833984375
28325.521484375
28650.205078125
28958.068359375
29248.7177734375
29521.8408203125
29777.1923828125
30014.6064453125
30233.978515625
30435.2744140625
30618.5234375
30783.810546875
30931.2822265625
31061.13671875
31173.619140625
31269.0263671875
31347.693359375
31409.99609375
31456.34765625
31487.1884765625
31502.9921875
31504.255859375
31491.4970703125
31465.25390625
31426.076171875
31374.5322265625
31311.193359375
31236.640625
31151.4609375
31056.2392578125
30951.5634765625
30838.0166015625
30716.177734375
30586.62109375
30449.9130859375
30306.6103515625
30157.2587890625
30002.3955078125
29842.54296875
29678.212890625
29509.900390625
29338.091796875
29163.2548828125
28985.8486328125
28806.3134765625
28625.0771484375
28442.552734375
28259.1435546875
28075.236328125
27891.2080078125
27707.421875
27524.228515625
27341.97265625
27160.986328125
26981.5908203125
26804.1044921875
26628.83203125
26456.07421875
26286.1259765625
26119.2763671875
25955.806640625
25795.9990234375
25640.1259765625
25488.4619140625
25341.271484375
25198.82421875
25061.3779296875
24929.1962890625
24802.5302734375
24681.6337890625
24566.7568359375
24458.1396484375
24356.0244140625
24260.6416015625
24172.21875
24090.9736328125
24017.1171875
23950.84765625
23892.3564453125
23841.818359375
23799.3974609375
23765.240234375
23739.4814453125
23722.236328125
23713.5986328125
23713.6474609375
23722.435546875
23740.0
23766.34765625
23801.4697265625
23845.3271484375
23897.859375
23958.982421875
24028.583984375
24106.53125
24192.666015625
24286.806640625
24388.7509765625
24498.2734375
24615.1318359375
24739.064453125
24869.794921875
25007.0341796875
25150.4794921875
25299.822265625
25454.74609375
25614.93359375
25780.0654296875
25949.8271484375
26123.908203125
26302.01171875
26483.84765625
26669.1474609375
26857.65625
27049.1435546875
27243.4033203125
27440.2529296875
27639.54296875
27841.1513671875
28044.98828125
28251.001953125
28459.1708984375
28669.5107421875
28882.0712890625
29096.9375
29314.2314453125
29534.103515625
29756.7392578125
29982.3505859375
30211.1787109375
30443.486328125
30679.55859375
30919.6943359375
31164.20703125
31413.4150390625
31667.642578125
31927.2099609375
32192.4296875
32463.6015625
32741.0068359375
33024.90234375
33315.5146484375
33613.033203125
33917.609375
34229.3427734375
34548.28515625
34874.431640625
35207.7099609375
35547.98828125
35895.060546875
36248.650390625
36608.4013671875
36973.8818359375
37344.576171875
37719.8896484375
38099.1416015625
38481.5703125
38866.3330078125
39252.5009765625
39639.072265625
40024.9619140625
40409.0146484375
40790.0048828125
41166.63671875
41537.556640625
41901.353515625
42256.5654296875
42601.685546875
42935.1689453125
43255.44140625
43560.900390625
43849.9306640625
44120.90625
44372.2001953125
44602.1884765625
44809.2666015625
44991.8466796875
45148.3720703125
45277.32421875
45377.2255859375
45446.6552734375
45484.2451171875
45488.6943359375
45458.771484375
45393.32421875
45291.2822265625
45151.66015625
44973.5673828125
44756.20703125
44498.8857421875
44201.009765625
43862.08984375
43481.751953125
43059.7255859375
42595.8544921875
42090.0927734375
41542.5107421875
40953.2900390625
40322.7265625
39651.2255859375
38939.306640625
38187.59765625
37396.8369140625
36567.8662109375
35701.6328125
34799.1865234375
33861.6767578125
32890.3486328125
31886.5380859375
30851.67578125
29787.2763671875
28694.9384765625
27576.3388671875
26433.2333984375
25267.44921875
24080.8779296875
22875.478515625
21653.2705078125
20416.326171875
19166.7705078125
17906.775390625
16638.556640625
15364.361328125
14086.478515625
12807.2177734375
11528.9140625
10253.919921875
8984.6005859375
7723.3291015625
6472.4775390625
5234.4150390625
4011.501953125
2806.08203125
1620.478515625
456.982421875
-682.1416015625
-1794.677734375
-2878.4501953125
-3931.3408203125
-4951.2890625
-5936.296875
-6884.4482421875
-7793.89453125
-8662.8798828125
-9489.7353515625
-10272.89453125
-11010.890625
-11702.3662109375
-12346.078125
-12940.90625
-13485.8505859375
-13980.044921875
-14422.755859375
-14813.3876953125
-15151.4794921875
-15436.724609375
-15668.955078125
-15848.154296875
-15974.455078125
-16048.138671875
-16069.640625
-16039.5419921875
-15958.576171875
-15827.619140625
-15647.69921875
-15419.98046875
-15145.765625
-14826.4931640625
-14463.73046875
-14059.1640625
-13614.6025390625
-13131.9609375
-12613.2587890625
-12060.607421875
-11476.2080078125
-10862.3369140625
-10221.33984375
-9555.6181640625
-8867.623046875
-8159.8427734375
-7434.79296875
-6695.0048828125
-5943.017578125
-5181.3583984375
-4412.544921875
-3639.0625
-2863.359375
-2087.8330078125
-1314.822265625
-546.5966796875
214.6533203125
966.8310546875
1707.9326171875
2436.0625
3149.44140625
3846.408203125
4525.4287109375
5185.107421875
5824.1826171875
6441.5380859375
7036.19921875
7607.3466796875
8154.3037109375
8676.5517578125
9173.7138671875
9645.5712890625
10092.044921875
10513.20703125
10909.263671875
11280.5625
11627.576171875
11950.90625
12251.26953125
12529.490234375
12786.49609375
13023.3046875
13241.0166015625
13440.806640625
13623.9072265625
13791.60546875
13945.2294921875
14086.1318359375
14215.685546875
14335.2705078125
14446.2626953125
14550.0205078125
14647.875
14741.125
14831.015625
14918.7431640625
15005.431640625
15092.138671875
15179.8310546875
15269.3955078125
15361.6201171875
15457.1943359375
15556.703125
15660.625
15769.3251953125
15883.0615234375
16001.974609375
16126.0947265625
16255.3447265625
16389.533203125
16528.3671875
16671.447265625
16818.2822265625
16968.2880859375
17120.7958984375
17275.056640625
17430.255859375
17585.51171875
17739.8935546875
17892.4228515625
18042.0888671875
18187.853515625
18328.662109375
18463.4580078125
18591.1826171875
18710.794921875
18821.2783203125
18921.6396484375
19010.9384765625
19088.2734375
19152.806640625
19203.7626953125
19240.4365234375
19262.203125
19268.521484375
19258.9365234375
19233.0888671875
19190.7119140625
19131.6416015625
19055.810546875
18963.2568359375
18854.12109375
18728.64453125
18587.171875
18430.1455078125
18258.109375
18071.703125
17871.6533203125
17658.7822265625
17433.9892578125
17198.26171875
16952.65625
16698.30078125
16436.3896484375
16168.1767578125
15894.9638671875
15618.1103515625
15339.0078125
15059.08984375
14779.8203125
14502.6865234375
14229.193359375
13960.86328125
13699.22265625
13445.8076171875
13202.142578125
12969.75390625
12750.1552734375
12544.8359375
12355.275390625
12182.921875
12029.193359375
11895.4794921875
11783.1259765625
11693.4423828125
11627.6904296875
11587.080078125
11572.771484375
11585.865234375
11627.3994140625
11698.3486328125
11799.615234375
11932.0283203125
12096.33984375
12293.21484375
12523.234375
12786.888671875
13084.56640625
13416.5595703125
13783.0537109375
14184.1220703125
14619.7275390625
15089.708984375
15593.787109375
16131.55078125
16702.46484375
17305.8525390625
17940.9052734375
18606.67578125
19302.0703125
20025.8564453125
20776.65625
21552.94921875
22353.068359375
23175.2060546875
24017.4150390625
24877.6103515625
25753.5712890625
26642.9501953125
27543.2744140625
28451.955078125
29366.29296875
30283.4873046875
31200.6455078125
32114.79296875
33022.8818359375
33921.8076171875
34808.4169921875
35679.5234375
36531.9228515625
37362.3974609375
38167.7509765625
38944.80078125
39690.4140625
40401.5068359375
41075.0712890625
41708.189453125
42298.0439453125
42841.9384765625
43337.3134765625
43781.759765625
44173.0322265625
44509.064453125
44787.984375
45008.1220703125
45168.0244140625
45266.4638671875
45302.451171875
45275.2353515625
45184.32421875
45029.4755859375
44810.7109375
44528.3154296875
44182.83984375
43775.103515625
43306.1875
42777.435546875
42190.44921875
41547.0859375
40849.4443359375
40099.865234375
39300.9150390625
38455.3798828125
37566.248046875
36636.7041015625
35670.109375
34669.990234375
33640.01953125
32584.0029296875
31505.8564453125
30409.5927734375
29299.3046875
28179.13671875
27053.27734375
25925.931640625
24801.306640625
23683.5869140625
22576.9189453125
21485.3896484375
20413.0107421875
