# File created = Tuesday, March 19, 2024 at 12:10:05 PM Eastern Daylight Time
# Data set = SW_Shiva  306  1  /home/shiva/WMU
# Spectral Region:
# LEFT = 100.06120300292969 ppm. RIGHT = -106.03338443170102 ppm.
#
# SIZE = 32768 ( = number of points)
#
# In the following ordering is from the 'left' to the 'right' limits!
# Lines beginning with '#' must be considered as comment lines.
#
-4069.173828125
-3464.5234375
-2889.6005859375
-2345.83984375
-1834.583984375
-1357.076171875
-914.4580078125
-507.7626953125
-137.9111328125
194.2900390625
488.15234375
743.109375
958.716796875
1134.66015625
1270.74609375
1366.9150390625
1423.232421875
1439.892578125
1417.21875
1355.6630859375
1255.8037109375
1118.3408203125
944.1005859375
734.0244140625
489.17578125
210.7294921875
-100.0322265625
-441.71875
-812.8408203125
-1211.8125
-1636.9560546875
-2086.51171875
-2558.63671875
-3051.419921875
-3562.8798828125
-4090.9765625
-4633.6162109375
-5188.662109375
-5753.9326171875
-6327.2197265625
-6906.2890625
-7488.888671875
-8072.7587890625
-8655.63671875
-9235.263671875
-9809.396484375
-10375.8115234375
-10932.3134765625
-11476.736328125
-12006.9638671875
-12520.921875
-13016.59375
-13492.025390625
-13945.3310546875
-14374.693359375
-14778.3828125
-15154.7509765625
-15502.23828125
-15819.3818359375
-16104.8193359375
-16357.2939453125
-16575.6552734375
-16758.86328125
-16905.994140625
-17016.244140625
-17088.927734375
-17123.4833984375
-17119.47265625
-17076.583984375
-16994.6318359375
-16873.5595703125
-16713.4365234375
-16514.4619140625
-16276.958984375
-16001.3798828125
-15688.296875
-15338.408203125
-14952.5302734375
-14531.5966796875
-14076.6552734375
-13588.8642578125
-13069.486328125
-12519.8857421875
-11941.5244140625
-11335.955078125
-10704.8115234375
-10049.8095703125
-9372.7353515625
-8675.439453125
-7959.828125
-7227.859375
-6481.53125
-5722.87109375
-4953.931640625
-4176.78125
-3393.4921875
-2606.1328125
-1816.7578125
-1027.3974609375
-240.052734375
543.3232421875
1320.8232421875
2090.607421875
2850.8984375
3600.005859375
4336.322265625
5058.3359375
5764.6416015625
6453.9443359375
7125.0615234375
7776.943359375
8408.6611328125
9019.423828125
9608.578125
10175.61328125
10720.1591796875
11241.9951171875
11741.0458984375
12217.37890625
12671.2138671875
13102.9111328125
13512.970703125
13902.0322265625
14270.869140625
14620.3818359375
14951.59375
15265.6435546875
15563.7783203125
15847.34375
16117.7763671875
16376.5966796875
16625.39453125
16865.8212890625
17099.578125
17328.4091796875
17554.0810546875
17778.3818359375
18003.1015625
18230.0263671875
18460.921875
18697.5234375
18941.529296875
19194.58203125
19458.2666015625
19734.0888671875
20023.4765625
20327.767578125
20648.1943359375
20985.88671875
21341.8564453125
21716.9931640625
22112.0595703125
22527.68359375
22964.357421875
23422.4306640625
23902.111328125
24403.4599609375
24926.392578125
25470.673828125
26035.9267578125
26621.6240234375
27227.099609375
27851.5419921875
28494.0078125
29153.416015625
29828.5576171875
30518.1005859375
31220.59765625
31934.486328125
32658.103515625
33389.6865234375
34127.3837890625
34869.2626953125
35613.3173828125
36357.4755859375
37099.611328125
37837.5478515625
38569.07421875
39291.9443359375
40003.8984375
40702.6591796875
41385.94921875
42051.4990234375
42697.0517578125
43320.3759765625
43919.2705078125
44491.578125
45035.1845703125
45548.0361328125
46028.140625
46473.578125
46882.501953125
47253.15234375
47583.8583984375
47873.0439453125
48119.2353515625
48321.0615234375
48477.2626953125
48586.6923828125
48648.3193359375
48661.236328125
48624.6552734375
48537.9140625
48400.4775390625
48211.9384765625
47972.015625
47680.5576171875
47337.5439453125
46943.0751953125
46497.3857421875
46000.8291015625
45453.88671875
44857.158203125
44211.3583984375
43517.3212890625
42775.990234375
41988.416015625
41155.7529296875
40279.2529296875
39360.263671875
38400.2216796875
37400.646484375
36363.138671875
35289.3671875
34181.0751953125
33040.064453125
31868.1904296875
30667.36328125
29439.5361328125
28186.69921875
26910.876953125
25614.12109375
24298.505859375
22966.1162109375
21619.0546875
20259.423828125
18889.330078125
17510.87109375
16126.138671875
14737.208984375
13346.138671875
11954.96484375
10565.6982421875
9180.31640625
7800.7666015625
6428.9609375
5066.7666015625
3716.017578125
2378.4951171875
1055.939453125
-249.958984375
-1537.564453125
-2805.2861328125
-4051.5927734375
-5275.0048828125
-6474.1025390625
-7647.51953125
-8793.9501953125
-9912.1474609375
-11000.9248046875
-12059.1591796875
-13085.78125
-14079.79296875
-15040.2509765625
-15966.2822265625
-16857.0712890625
-17711.8720703125
-18530.001953125
-19310.83984375
-20053.8349609375
-20758.5029296875
-21424.4228515625
-22051.2451171875
-22638.685546875
-23186.529296875
-23694.630859375
-24162.916015625
-24591.3779296875
-24980.080078125
-25329.1611328125
-25638.8271484375
-25909.359375
-26141.1083984375
-26334.4990234375
-26490.0283203125
-26608.265625
-26689.85546875
-26735.509765625
-26746.0185546875
-26722.240234375
-26665.103515625
-26575.6123046875
-26454.8349609375
-26303.9111328125
-26124.0458984375
-25916.513671875
-25682.6494140625
-25423.849609375
-25141.5751953125
-24837.33984375
-24512.7158203125
-24169.3251953125
-23808.841796875
-23432.9833984375
-23043.509765625
-22642.220703125
-22230.9521484375
-21811.56640625
-21385.955078125
-20956.03125
-20523.7236328125
-20090.970703125
-19659.72265625
-19231.9248046875
-18809.5234375
-18394.451171875
-17988.6259765625
-17593.9462890625
-17212.2802734375
-16845.462890625
-16495.2919921875
-16163.5185546875
-15851.8427734375
-15561.9072265625
-15295.2900390625
-15053.50390625
-14837.984375
-14650.087890625
-14491.0869140625
-14362.1591796875
-14264.3935546875
-14198.7744140625
-14166.18359375
-14167.3955078125
-14203.0732421875
-14273.7646484375
-14379.8974609375
-14521.7822265625
-14699.607421875
-14913.4345703125
-15163.203125
-15448.7265625
-15769.69140625
-16125.658203125
-16516.064453125
-16940.224609375
-17397.330078125
-17886.453125
-18406.55078125
-18956.46484375
-19534.9306640625
-20140.5751953125
-20771.9287109375
-21427.421875
-22105.400390625
-22804.1201171875
-23521.7626953125
-24256.4375
-25006.1904296875
-25769.009765625
-26542.83203125
-27325.552734375
-28115.03125
-28909.1005859375
-29705.5751953125
-30502.25390625
-31296.9375
-32087.42578125
-32871.5341796875
-33647.0966796875
-34411.970703125
-35164.0517578125
-35901.2744140625
-36621.623046875
-37323.1337890625
-38003.9052734375
-38662.1025390625
-39295.9609375
-39903.7939453125
-40483.9951171875
-41035.0458984375
-41555.5166015625
-42044.0703125
-42499.46484375
-42920.55859375
-43306.3076171875
-43655.7734375
-43968.1162109375
-44242.603515625
-44478.60546875
-44675.595703125
-44833.1494140625
-44950.9482421875
-45028.771484375
-45066.4990234375
-45064.107421875
-45021.669921875
-44939.3505859375
-44817.4052734375
-44656.1748046875
-44456.0888671875
-44217.654296875
-43941.4560546875
-43628.154296875
-43278.4833984375
-42893.240234375
-42473.2900390625
-42019.5595703125
-41533.029296875
-41014.740234375
-40465.78125
-39887.2919921875
-39280.45703125
-38646.505859375
-37986.708984375
-37302.373046875
-36594.8447265625
-35865.501953125
-35115.7587890625
-34347.0576171875
-33560.8701171875
-32758.69921875
-31942.068359375
-31112.5322265625
-30271.666015625
-29421.068359375
-28562.3603515625
-27697.1806640625
-26827.19140625
-25954.0693359375
-25079.505859375
-24205.212890625
-23332.908203125
-22464.32421875
-21601.2021484375
-20745.28515625
-19898.326171875
-19062.07421875
-18238.275390625
-17428.669921875
-16634.9873046875
-15858.9404296875
-15102.2255859375
-14366.51171875
-13653.4365234375
-12964.60546875
-12301.580078125
-11665.873046875
-11058.9453125
-10482.1953125
-9936.953125
-9424.4765625
-8945.9375
-8502.4228515625
-8094.921875
-7724.32421875
-7391.4072265625
-7096.8349609375
-6841.1484375
-6624.76171875
-6447.955078125
-6310.873046875
-6213.515625
-6155.7392578125
-6137.25
-6157.6005859375
-6216.1953125
-6312.2822265625
-6444.9541015625
-6613.1552734375
-6815.6748046875
-7051.15625
-7318.0986328125
-7614.8623046875
-7939.6708984375
-8290.6220703125
-8665.6962890625
-9062.759765625
-9479.5771484375
-9913.8173828125
-10363.080078125
-10824.8818359375
-11296.6875
-11775.9189453125
-12259.962890625
-12746.189453125
-13231.96484375
-13714.66796875
-14191.697265625
-14660.494140625
-15118.5517578125
-15563.4306640625
-15992.771484375
-16404.310546875
-16795.8916015625
-17165.4765625
-17511.1611328125
-17831.1826171875
-18123.9296875
-18387.9580078125
-18621.9892578125
-18824.921875
-18995.84375
-19134.02734375
-19238.9404296875
-19310.2451171875
-19347.802734375
-19351.6689453125
-19322.099609375
-19259.5419921875
-19164.63671875
-19038.208984375
-18881.265625
-18694.984375
-18480.712890625
-18239.94921875
-17974.3447265625
-17685.6806640625
-17375.8642578125
-17046.9150390625
-16700.9482421875
-16340.1630859375
-15966.8330078125
-15583.2841796875
-15191.884765625
-14795.025390625
-14395.109375
-13994.537109375
-13595.6865234375
-13200.90234375
-12812.48046875
-12432.6513671875
-12063.5703125
-11707.3017578125
-11365.806640625
-11040.9326171875
-10734.4013671875
-10447.798828125
-10182.564453125
-9939.984375
-9721.1875
-9527.1328125
-9358.6044921875
-9216.2177734375
-9100.4033203125
-9011.412109375
-8949.31640625
-8914.005859375
-8905.1904296875
-8922.4091796875
-8965.0205078125
-9032.224609375
-9123.056640625
-9236.400390625
-9370.994140625
-9525.4404296875
-9698.2158203125
-9887.6826171875
-10092.0986328125
-10309.6318359375
-10538.3720703125
-10776.3427734375
-11021.51953125
-11271.8369140625
-11525.208984375
-11779.5439453125
-12032.7509765625
-12282.7666015625
-12527.55859375
-12765.1455078125
-12993.6103515625
-13211.1142578125
-13415.9033203125
-13606.3330078125
-13780.8662109375
-13938.095703125
-14076.7451171875
-14195.6865234375
-14293.9384765625
-14370.6845703125
-14425.2705078125
-14457.212890625
-14466.2021484375
-14452.103515625
-14414.9619140625
-14354.9970703125
-14272.607421875
-14168.361328125
-14042.998046875
-13897.421875
-13732.69140625
-13550.0185546875
-13350.7568359375
-13136.38671875
-12908.5146484375
-12668.8544921875
-12419.2138671875
-12161.486328125
-11897.6318359375
-11629.666015625
-11359.640625
-11089.6357421875
-10821.73046875
-10558.0029296875
-10300.5
-10051.23046875
-9812.1455078125
-9585.1240234375
-9371.9541015625
-9174.3232421875
-8993.8017578125
-8831.830078125
-8689.705078125
-8568.5693359375
-8469.4033203125
-8393.0087890625
-8340.0068359375
-8310.8291015625
-8305.7099609375
-8324.6865234375
-8367.5908203125
-8434.05078125
-8523.48828125
-8635.125
-8767.9765625
-8920.865234375
-9092.4208984375
-9281.08984375
-9485.1396484375
-9702.671875
-9931.6337890625
-10169.828125
-10414.923828125
-10664.4736328125
-10915.9287109375
-11166.6533203125
-11413.939453125
-11655.0283203125
-11887.1220703125
-12107.4072265625
-12313.068359375
-12501.3076171875
-12669.3642578125
-12814.5302734375
-12934.171875
-13025.7412109375
-13086.80078125
-13115.0302734375
-13108.251953125
-13064.439453125
-12981.7333984375
-12858.4521484375
-12693.1083984375
-12484.4150390625
-12231.2978515625
-11932.8974609375
-11588.5869140625
-11197.9619140625
-10760.8583984375
-10277.349609375
-9747.7421875
-9172.58203125
-8552.64453125
-7888.943359375
-7182.70703125
-6435.3896484375
-5648.6513671875
-4824.353515625
-3964.54296875
-3071.44921875
-2147.4609375
-1195.1181640625
-217.095703125
783.8154296875
1804.71875
2842.6376953125
3894.52734375
4957.2919921875
6027.80859375
7102.94140625
8179.5615234375
9254.564453125
10324.8857421875
11387.525390625
12439.5556640625
13478.14453125
14500.5673828125
15504.2177734375
16486.6328125
17445.490234375
18378.630859375
19284.0625
20159.9697265625
21004.72265625
21816.8798828125
22595.1953125
23338.615234375
24046.2880859375
24717.5546875
25351.9560546875
25949.21875
26509.2626953125
27032.18359375
27518.2548828125
27967.9111328125
28381.7451171875
28760.4931640625
29105.0283203125
29416.337890625
29695.5224609375
29943.7763671875
30162.369140625
30352.6435546875
30515.9873046875
30653.8291015625
30767.6181640625
30858.8115234375
30928.861328125
30979.19921875
31011.2265625
31026.2998046875
31025.716796875
31010.7138671875
30982.44921875
30941.994140625
30890.333984375
30828.3505859375
30756.8251953125
30676.4296875
30587.7275390625
30491.1689453125
30387.08984375
30275.7197265625
30157.1728515625
30031.4599609375
29898.4853515625
29758.0576171875
29609.890625
29453.615234375
29288.77734375
29114.8583984375
28931.2734375
28737.380859375
28532.5
28315.91015625
28086.865234375
27844.6015625
27588.3486328125
27317.337890625
27030.80859375
26728.0234375
26408.267578125
26070.865234375
25715.1787109375
25340.623046875
24946.666015625
24532.8359375
24098.7236328125
23643.9931640625
23168.376953125
22671.68359375
22153.796875
21614.681640625
21054.3779296875
20473.005859375
19870.7626953125
19247.9228515625
18604.8388671875
17941.93359375
17259.7041015625
16558.7138671875
15839.5966796875
15103.04296875
14349.8095703125
13580.708984375
12796.60546875
11998.416015625
11187.10546875
10363.6796875
9529.1904296875
8684.724609375
7831.408203125
6970.3984375
6102.888671875
5230.0927734375
4353.259765625
3473.6611328125
2592.5908203125
1711.3662109375
831.3251953125
-46.1748046875
-919.76171875
-1788.0439453125
-2649.619140625
-3503.0693359375
-4346.96875
-5179.8818359375
-6000.3671875
-6806.98046875
-7598.2783203125
-8372.81640625
-9129.162109375
-9865.892578125
-10581.5986328125
-11274.8935546875
-11944.4130859375
-12588.828125
-13206.84375
-13797.212890625
-14358.7333984375
-14890.2666015625
-15390.736328125
-15859.138671875
-16294.548828125
-16696.1337890625
-17063.150390625
-17394.9619140625
-17691.04296875
-17950.982421875
-18174.498046875
-18361.4345703125
-18511.7763671875
-18625.650390625
-18703.3310546875
-18745.2421875
-18751.96875
-18724.2470703125
-18662.9765625
-18569.21875
-18444.1904296875
-18289.2724609375
-18106.0
-17896.064453125
-17661.3037109375
-17403.7001953125
-17125.376953125
-16828.583984375
-16515.6982421875
-16189.201171875
-15851.6845703125
-15505.8291015625
-15154.392578125
-14800.201171875
-14446.1376953125
-14095.1201171875
-13750.0966796875
-13414.0244140625
-13089.857421875
-12780.533203125
-12488.953125
-12217.9716796875
-11970.380859375
-11748.8935546875
-11556.1337890625
-11394.615234375
-11266.7353515625
-11174.759765625
-11120.8095703125
-11106.849609375
-11134.6826171875
-11205.931640625
-11322.0380859375
-11484.251953125
-11693.625
-11951.0029296875
-12257.021484375
-12612.1103515625
-13016.4765625
-13470.11328125
-13972.80078125
-14524.0947265625
-15123.34375
-15769.6787109375
-16462.0244140625
-17199.1015625
-17979.4296875
-18801.3359375
-19662.96484375
-20562.27734375
-21497.0693359375
-22464.970703125
-23463.4638671875
-24489.888671875
-25541.4541015625
-26615.2470703125
-27708.248046875
-28817.3408203125
-29939.322265625
-31070.9169921875
-32208.787109375
-33349.5498046875
-34489.7822265625
-35626.0400390625
-36754.8681640625
-37872.8095703125
-38976.4248046875
-40062.296875
-41127.046875
-42167.34765625
-43179.9306640625
-44161.6015625
-45109.248046875
-46019.8505859375
-46890.498046875
-47718.3896484375
-48500.8505859375
-49235.3369140625
-49919.447265625
-50550.9296875
-51127.6865234375
-51647.78515625
-52109.462890625
-52511.1298828125
-52851.37890625
-53128.9833984375
-53342.9072265625
-53492.3017578125
-53576.51171875
-53595.0732421875
-53547.7177734375
-53434.3671875
-53255.1357421875
-53010.326171875
-52700.4296875
-52326.1181640625
-51888.240234375
-51387.8203125
-50826.0478515625
-50204.2734375
-49523.9990234375
-48786.8740234375
-47994.68359375
-47149.3388671875
-46252.8720703125
-45307.421875
-44315.2255859375
-43278.6103515625
-42199.98046875
-41081.8046875
-39926.6123046875
-38736.978515625
-37515.509765625
-36264.841796875
-34987.6259765625
-33686.5166015625
-32364.1689453125
-31023.22265625
-29666.30078125
-28295.9951171875
-26914.8662109375
-25525.431640625
-24130.1630859375
-22731.4794921875
-21331.74609375
-19933.267578125
-18538.2880859375
-17148.982421875
-15767.466796875
-14395.7841796875
-13035.9140625
-11689.7705078125
-10359.197265625
-9045.9775390625
-7751.8291015625
-6478.41015625
-5227.318359375
-4000.0966796875
-2798.2294921875
-1623.1552734375
-476.2587890625
641.1240234375
1727.701171875
2782.22265625
3803.4853515625
4790.3251953125
5741.62109375
6656.2958984375
7533.310546875
8371.6728515625
9170.435546875
9928.69921875
10645.6162109375
11320.392578125
11952.2939453125
12540.6484375
13084.85546875
13584.384765625
14038.791015625
14447.7119140625
14810.8779296875
15128.1201171875
15399.376953125
15624.697265625
15804.248046875
15938.322265625
16027.345703125
16071.876953125
16072.6171875
16030.408203125
15946.24609375
15821.2724609375
15656.7802734375
15454.21484375
15215.17578125
14941.4091796875
14634.8076171875
14297.40625
13931.376953125
13539.0234375
13122.767578125
12685.1484375
12228.8037109375
11756.4658203125
11270.94140625
10775.103515625
10271.8759765625
9764.212890625
9255.09375
8747.4892578125
8244.3603515625
7748.630859375
7263.171875
6790.78125
6334.171875
5895.94140625
5478.5673828125
5084.3818359375
4715.5546875
4374.0791015625
4061.7578125
3780.185546875
3530.7373046875
3314.5537109375
3132.537109375
2985.3310546875
2873.3271484375
2796.64453125
2755.1357421875
2748.3798828125
2775.6806640625
2836.0703125
2928.3125
3050.9013671875
3202.078125
3379.8310546875
3581.904296875
3805.8203125
4048.8828125
4308.193359375
4580.6767578125
4863.0859375
5152.0302734375
5443.994140625
5735.35546875
6022.412109375
6301.4013671875
6568.52734375
6819.9814453125
7051.96875
7260.7333984375
7442.583984375
7593.9130859375
7711.2255859375
7791.1650390625
7830.53125
7826.302734375
7775.662109375
7676.0146484375
7525.0068359375
7320.5400390625
7060.7958984375
6744.240234375
6369.646484375
5936.09765625
5442.9990234375
4890.087890625
4277.43359375
3605.4453125
2874.869140625
2086.7919921875
1242.6318359375
344.1376953125
-606.6201171875
-1607.2578125
-2655.0927734375
-3747.1552734375
-4880.2001953125
-6050.7333984375
-7255.0185546875
-8489.1083984375
-9748.8564453125
-11029.953125
-12327.9365234375
-13638.2236328125
-14956.138671875
-16276.935546875
-17595.826171875
-18908.01171875
-20208.703125
-21493.154296875
-22756.689453125
-23994.724609375
-25202.7998046875
-26376.6025390625
-27511.9873046875
-28605.0087890625
-29651.9326171875
-30649.2646484375
-31593.7646484375
-32482.46484375
-33312.685546875
-34082.0458984375
-34788.48046875
-35430.2431640625
-36005.916015625
-36514.4130859375
-36954.9853515625
-37327.2158203125
-37631.02734375
-37866.666015625
-38034.7060546875
-38136.033203125
-38171.841796875
-38143.6171875
-38053.126953125
-37902.396484375
-37693.7080078125
-37429.564453125
-37112.6845703125
-36745.9736328125
-36332.509765625
-35875.5146484375
-35378.3349609375
-34844.42578125
-34277.3154296875
-33680.595703125
-33057.8896484375
-32412.8408203125
-31749.0791015625
-31070.2109375
-30379.7939453125
-29681.322265625
-28978.205078125
-28273.7548828125
-27571.166015625
-26873.5087890625
-26183.7099609375
-25504.546875
-24838.638671875
-24188.4326171875
-23556.203125
-22944.0478515625
-22353.8759765625
-21787.416015625
-21246.208984375
-20731.61328125
-20244.7978515625
-19786.7587890625
-19358.30859375
-18960.0908203125
-18592.58203125
-18256.095703125
-17950.7939453125
-17676.69140625
-17433.6630859375
-17221.455078125
-17039.6904296875
-16887.875
-16765.4111328125
-16671.6044921875
-16605.6669921875
-16566.7333984375
-16553.8603515625
-16566.0400390625
-16602.203125
-16661.2314453125
-16741.955078125
-16843.1669921875
-16963.625
-17102.0556640625
-17257.16015625
-17427.62109375
-17612.103515625
-17809.259765625
-18017.7333984375
-18236.162109375
-18463.1796875
-18697.4228515625
-18937.5302734375
-19182.14453125
-19429.9169921875
-19679.5126953125
-19929.6064453125
-20178.892578125
-20426.0791015625
-20669.900390625
-20909.111328125
-21142.494140625
-21368.8623046875
-21587.05859375
-21795.9638671875
-21994.494140625
-22181.609375
-22356.3115234375
-22517.6513671875
-22664.7255859375
-22796.6884765625
-22912.74609375
-23012.1630859375
-23094.2626953125
-23158.4326171875
-23204.12109375
-23230.845703125
-23238.185546875
-23225.7890625
-23193.3759765625
-23140.7275390625
-23067.6982421875
-22974.208984375
-22860.2451171875
-22725.8603515625
-22571.1689453125
-22396.349609375
-22201.6396484375
-21987.3359375
-21753.7841796875
-21501.388671875
-21230.5966796875
-20941.9033203125
-20635.84375
-20312.9951171875
-19973.9638671875
-19619.392578125
-19249.9501953125
-18866.330078125
-18469.248046875
-18059.435546875
-17637.64453125
-17204.63671875
-16761.1875
-16308.0771484375
-15846.09375
-15376.0341796875
-14898.6943359375
-14414.8759765625
-13925.3818359375
-13431.017578125
-12932.5849609375
-12430.8935546875
-11926.7470703125
-11420.9541015625
-10914.3212890625
-10407.65625
-9901.7705078125
-9397.474609375
-8895.5791015625
-8396.8974609375
-7902.2451171875
-7412.4345703125
-6928.283203125
-6450.6015625
-5980.205078125
-5517.900390625
-5064.4921875
-4620.779296875
-4187.548828125
-3765.578125
-3355.6298828125
-2958.4501953125
-2574.765625
-2205.275390625
-1850.654296875
-1511.544921875
-1188.5537109375
-882.2490234375
-593.1533203125
-321.7470703125
-68.453125
166.3564453125
382.3681640625
579.33203125
757.060546875
915.4375
1054.4111328125
1174.0068359375
1274.3203125
1355.5234375
1417.8603515625
1461.65234375
1487.296875
1495.26171875
1486.0888671875
1460.390625
1418.845703125
1362.197265625
1291.2529296875
1206.8740234375
1109.978515625
1001.529296875
882.53515625
754.0439453125
617.134765625
472.9150390625
322.5146484375
167.0791015625
7.7626953125
-154.2734375
-317.8720703125
-481.880859375
-645.16015625
-806.5888671875
-965.068359375
-1119.5283203125
-1268.9287109375
-1412.2666015625
-1548.580078125
-1676.94921875
-1796.505859375
-1906.423828125
-2005.9375
-2094.3310546875
-2170.9482421875
-2235.19140625
-2286.5205078125
-2324.4580078125
-2348.5869140625
-2358.5556640625
-2354.0732421875
-2334.9091796875
-2300.9013671875
-2251.9462890625
-2188.005859375
-2109.099609375
-2015.3154296875
-1906.7958984375
-1783.748046875
-1646.4365234375
-1495.1865234375
-1330.37890625
-1152.4541015625
-961.90625
-759.2861328125
-545.1982421875
-320.298828125
-85.2939453125
159.056640625
411.9482421875
672.529296875
939.90234375
1213.1298828125
1491.2333984375
1773.193359375
2057.9609375
2344.4501953125
2631.55078125
2918.119140625
3202.9990234375
3485.0068359375
3762.951171875
4035.6259765625
4301.8203125
4560.3203125
4809.919921875
5049.4150390625
5277.6171875
5493.35546875
5695.48046875
5882.875
6054.4501953125
6209.154296875
6345.9833984375
6463.9765625
6562.228515625
6639.88671875
6696.1630859375
6730.3349609375
6741.7431640625
6729.806640625
6694.0166015625
6633.94140625
6549.234375
6439.625
6304.93359375
6145.060546875
5959.9970703125
5749.8173828125
5514.6875
5254.8583984375
4970.666015625
4662.537109375
4330.9765625
3976.5791015625
3600.015625
3202.0390625
2783.478515625
2345.2392578125
1888.2958984375
1413.693359375
922.5439453125
416.017578125
-104.6513671875
-638.1748046875
-1183.21484375
-1738.3818359375
-2302.2421875
-2873.3251953125
-3450.1201171875
-4031.0859375
-4614.6513671875
-5199.224609375
-5783.1923828125
-6364.9267578125
-6942.787109375
-7515.1337890625
-8080.3203125
-8636.7041015625
-9182.65625
-9716.55859375
-10236.8154296875
-10741.853515625
-11230.1318359375
-11700.1455078125
-12150.4296875
-12579.5703125
-12986.2041015625
-13369.0302734375
-13726.8095703125
-14058.3759765625
-14362.642578125
-14638.6025390625
-14885.337890625
-15102.0263671875
-15287.9404296875
-15442.4619140625
-15565.0771484375
-15655.3857421875
-15713.1064453125
-15738.076171875
-15730.25390625
-15689.724609375
-15616.69921875
-15511.51953125
-15374.6533203125
-15206.6962890625
-15008.3701171875
-14780.5263671875
-14524.134765625
-14240.283203125
-13930.1806640625
-13595.1416015625
-13236.5859375
-12856.03515625
-12455.0986328125
-12035.4697265625
-11598.919921875
-11147.28515625
-10682.458984375
-10206.3818359375
-9721.033203125
-9228.41796875
-8730.5546875
-8229.470703125
-7727.18359375
-7225.697265625
-6726.9853515625
-6232.9833984375
-5745.580078125
-5266.6005859375
-4797.8037109375
-4340.87109375
-3897.3955078125
-3468.8779296875
-3056.7119140625
-2662.1875
-2286.4794921875
-1930.6396484375
-1595.6015625
-1282.1669921875
-991.01171875
-722.677734375
-477.580078125
-256.0
-58.0888671875
116.1279296875
266.75
394.001953125
498.21875
579.849609375
639.4541015625
677.6826171875
695.2880859375
693.1005859375
672.0341796875
633.068359375
577.24609375
505.666015625
419.4658203125
319.826171875
207.947265625
85.056640625
-47.6142578125
-188.8271484375
-337.3515625
-491.9697265625
-651.482421875
-814.7197265625
-980.544921875
-1147.8623046875
-1315.6181640625
-1482.8125
-1648.5
-1811.7919921875
-1971.8642578125
-2127.9599609375
-2279.3876953125
-2425.525390625
-2565.826171875
-2699.810546875
-2827.076171875
-2947.2900390625
-3060.19140625
-3165.59375
-3263.373046875
-3353.4794921875
-3435.92578125
-3510.7841796875
-3578.19140625
-3638.3359375
-3691.4619140625
-3737.8583984375
-3777.8623046875
-3811.8466796875
-3840.224609375
-3863.43359375
-3881.94140625
-3896.234375
-3906.8134765625
-3914.1923828125
-3918.88671875
-3921.412109375
-3922.2802734375
-3921.98828125
-3921.0205078125
-3919.837890625
-3918.873046875
-3918.5302734375
-3919.1767578125
-3921.1337890625
-3924.68359375
-3930.0556640625
-3937.42578125
-3946.91015625
-3958.5673828125
-3972.390625
-3988.3046875
-4006.166015625
-4025.7607421875
-4046.7998046875
-4068.921875
-4091.689453125
-4114.5888671875
-4137.0322265625
-4158.3564453125
-4177.8232421875
-4194.6259765625
-4207.8837890625
-4216.6533203125
-4219.919921875
-4216.61328125
-4205.6064453125
-4185.716796875
-4155.7177734375
-4114.337890625
-4060.271484375
-3992.185546875
-3908.71875
-3808.5
-3690.1474609375
-3552.275390625
-3393.5107421875
-3212.4951171875
-3007.890625
-2778.3955078125
-2522.748046875
-2239.73828125
-1928.212890625
-1587.0888671875
-1215.3564453125
-812.0947265625
-376.47265625
92.2353515625
594.650390625
1131.2734375
1702.4814453125
2308.521484375
2949.50390625
3625.3955078125
4336.015625
5081.0322265625
5859.95703125
6672.142578125
7516.779296875
8392.89453125
9299.35546875
10234.8603515625
11197.9462890625
12186.9921875
13200.2158203125
14235.6787109375
15291.2958984375
16364.8349609375
17453.921875
18556.0556640625
19668.60546875
20788.8271484375
21913.8701171875
23040.7841796875
24166.5380859375
25288.021484375
26402.0615234375
27505.4375
28594.88671875
29667.126953125
30718.8583984375
31746.7890625
32747.6396484375
33718.1611328125
34655.1494140625
35555.45703125
36416.0078125
37233.806640625
38005.958984375
38729.6787109375
39402.2998046875
40021.2880859375
40584.255859375
41088.9677734375
41533.3486328125
41915.498046875
42233.6923828125
42486.3935546875
42672.2578125
42790.134765625
42839.0751953125
42818.3369140625
42727.3798828125
42565.8740234375
42333.6943359375
42030.9228515625
41657.8515625
41214.96875
40702.970703125
40122.7451171875
39475.373046875
38762.125
37984.44921875
37143.9755859375
36242.49609375
35281.970703125
34264.513671875
33192.3837890625
32067.984375
30893.845703125
29672.6298828125
28407.1103515625
27100.169921875
25754.7939453125
24374.05859375
22961.1279296875
21519.2421875
20051.7138671875
18561.9140625
17053.275390625
15529.2734375
13993.4267578125
12449.2900390625
10900.443359375
9350.486328125
7803.0341796875
6261.705078125
4730.1201171875
3211.8876953125
1710.6044921875
229.83984375
-1226.865234375
-2656.0107421875
-4054.146484375
-5417.8740234375
-6743.8671875
-8028.87109375
-9269.716796875
-10463.3330078125
-11606.75
-12697.1201171875
-13731.7158203125
-14707.951171875
-15623.392578125
-16475.76171875
-17262.955078125
-17983.05078125
-18634.3232421875
-19215.24609375
-19724.5126953125
-20161.0390625
-20523.9736328125
-20812.7060546875
-21026.876953125
-21166.3828125
-21231.380859375
-21222.29296875
-21139.8134765625
-20984.90234375
-20758.796875
-20462.9970703125
-20099.27734375
-19669.6708984375
-19176.4677734375
-18622.2109375
-18009.6787109375
-17341.8837890625
-16622.05078125
-15853.611328125
-15040.1796875
-14185.544921875
-13293.6435546875
-12368.5498046875
-11414.4423828125
-10435.5947265625
-9436.3486328125
-8421.083984375
-7394.2080078125
-6360.1220703125
-5323.1982421875
-4287.7646484375
-3258.0673828125
-2238.2578125
-1232.369140625
-244.2880859375
722.2568359375
1663.7216796875
2576.76171875
3458.25
4305.2919921875
5115.2373046875
5885.6923828125
6614.53125
7299.90234375
7940.2333984375
8534.234375
9080.9013671875
9579.5146484375
10029.6357421875
10431.1044921875
10784.02734375
11088.779296875
11345.984375
11556.5078125
11721.443359375
11842.1005859375
11919.9853515625
11956.787109375
11954.3603515625
11914.7099609375
11839.966796875
11732.3759765625
11594.2744140625
11428.07421875
11236.2451171875
11021.2958984375
10785.7568359375
10532.1669921875
10263.0517578125
9980.919921875
9688.2373046875
9387.4248046875
9080.8427734375
8770.78125
8459.455078125
8148.9931640625
7841.4345703125
7538.7236328125
7242.7099609375
6955.138671875
6677.66015625
6411.822265625
6159.07421875
5920.771484375
5698.1748046875
5492.455078125
5304.69921875
5135.912109375
4987.0234375
4858.892578125
4752.3125
4668.015625
4606.6767578125
4568.921875
4555.326171875
4566.423828125
4602.70703125
4664.626953125
4752.6005859375
4867.0078125
5008.1923828125
5176.4599609375
5372.0791015625
5595.28125
5846.248046875
6125.1201171875
6431.9853515625
6766.8740234375
7129.7587890625
7520.5419921875
7939.0576171875
8385.056640625
8858.2080078125
9358.0888671875
9884.1767578125
10435.8466796875
11012.3671875
11612.888671875
12236.4453125
12881.9453125
13548.1748046875
14233.7890625
14937.3134765625
15657.142578125
16391.541015625
17138.64453125
17896.4638671875
18662.88671875
19435.6826171875
20212.51171875
20990.92578125
21768.3857421875
22542.259765625
23309.84375
24068.36328125
24814.994140625
25546.8662109375
26261.0859375
26954.740234375
27624.91796875
28268.7236328125
28883.2900390625
29465.79296875
30013.4697265625
30523.6298828125
30993.6728515625
31421.099609375
31803.5322265625
32138.7177734375
32424.5498046875
32659.0771484375
32840.5146484375
32967.2509765625
33037.8671875
33051.1318359375
33006.0234375
32901.7216796875
32737.62109375
32513.33984375
32228.708984375
31883.7841796875
31478.8466796875
31014.396484375
30491.1572265625
29910.0673828125
29272.2841796875
28579.169921875
27832.2939453125
27033.421875
26184.5087890625
25287.6943359375
24345.28515625
23359.755859375
22333.7333984375
21269.984375
20171.408203125
19041.0185546875
17881.943359375
16697.3955078125
15490.67578125
14265.150390625
13024.23828125
11771.4052734375
10510.138671875
9243.9443359375
7976.3271484375
6710.78125
5450.7724609375
4199.7265625
2961.021484375
1737.9638671875
533.78515625
-648.375
-1805.48046875
-2934.6083984375
-4032.9658203125
-5097.8984375
-6126.896484375
-7117.61328125
-8067.869140625
-8975.6650390625
-9839.1875
-10656.822265625
-11427.15234375
-12148.974609375
-12821.3017578125
-13443.3642578125
-14014.6220703125
-14534.759765625
-15003.697265625
-15421.5859375
-15788.80859375
-16105.9853515625
-16373.9609375
-16593.8154296875
-16766.84765625
-16894.580078125
-16978.74609375
-17021.287109375
-17024.3369140625
-16990.22265625
-16921.4443359375
-16820.666015625
-16690.7060546875
-16534.5185546875
-16355.1806640625
-16155.875
-15939.8740234375
-15710.525390625
-15471.2265625
-15225.4140625
-14976.5390625
-14728.0498046875
-14483.375
-14245.900390625
-14018.9482421875
-13805.7646484375
-13609.4912109375
-13433.158203125
-13279.6552734375
-13151.72265625
-13051.931640625
-12982.669921875
-12946.1279296875
-12944.287109375
-12978.904296875
-13051.5107421875
-13163.3935546875
-13315.5966796875
-13508.9130859375
-13743.8798828125
-14020.779296875
-14339.638671875
-14700.2294921875
-15102.0751953125
-15544.455078125
-16026.4091796875
-16546.7509765625
-17104.07421875
-17696.7646484375
-18323.017578125
-18980.8466796875
-19668.1015625
-20382.484375
-21121.56640625
-21882.8076171875
-22663.572265625
-23461.1513671875
-24272.775390625
-25095.640625
-25926.923828125
-26763.8017578125
-27603.46875
-28443.154296875
-29280.142578125
-30111.783203125
-30935.509765625
-31748.85546875
-32549.4599609375
-33335.0849609375
-34103.6220703125
-34853.1064453125
-35581.712890625
-36287.771484375
-36969.7685546875
-37626.3466796875
-38256.3076171875
-38858.6123046875
-39432.375
-39976.8662109375
-40491.501953125
-40975.84375
-41429.5830078125
-41852.5439453125
-42244.6650390625
-42605.9970703125
-42936.6884765625
-43236.9736328125
-43507.16796875
-43747.6484375
-43958.853515625
-44141.2578125
-44295.376953125
-44421.7412109375
-44520.8994140625
-44593.4013671875
-44639.7900390625
-44660.59765625
-44656.3330078125
-44627.4794921875
-44574.4892578125
-44497.77734375
-44397.720703125
-44274.654296875
-44128.873046875
-43960.6279296875
-43770.1337890625
-43557.564453125
-43323.060546875
-43066.73046875
-42788.6611328125
-42488.9169921875
-42167.55078125
-41824.6083984375
-41460.138671875
-41074.197265625
-40666.8583984375
-40238.22265625
-39788.421875
-39317.6298828125
-38826.0703125
-38314.0205078125
-37781.8232421875
-37229.8916015625
-36658.7109375
-36068.8486328125
-35460.955078125
-34835.76953125
-34194.1181640625
-33536.9189453125
-32865.18359375
-32180.0087890625
-31482.583984375
-30774.1826171875
-30056.158203125
-29329.9453125
-28597.0439453125
-27859.0224609375
-27117.5048828125
-26374.1611328125
-25630.703125
-24888.8720703125
-24150.427734375
-23417.140625
-22690.7763671875
-21973.091796875
-21265.8173828125
-20570.6484375
-19889.2373046875
-19223.1806640625
-18574.0048828125
-17943.1640625
-17332.025390625
-16741.8642578125
-16173.853515625
-15629.056640625
-15108.427734375
-14612.796875
-14142.8759765625
-13699.24609375
-13282.3662109375
-12892.564453125
-12530.0390625
-12194.8662109375
-11886.9990234375
-11606.263671875
-11352.3818359375
-11124.955078125
-10923.490234375
-10747.3955078125
-10595.9921875
-10468.5244140625
-10364.16796875
-10282.0380859375
-10221.205078125
-10180.6982421875
-10159.5263671875
-10156.6767578125
-10171.13671875
-10201.8974609375
-10247.970703125
-10308.392578125
-10382.236328125
-10468.625
-10566.732421875
-10675.798828125
-10795.1318359375
-10924.1162109375
-11062.216796875
-11208.9853515625
-11364.0595703125
-11527.1689453125
-11698.1328125
-11876.861328125
-12063.35546875
-12257.7021484375
-12460.0712890625
-12670.712890625
-12889.947265625
-13118.1630859375
-13355.806640625
-13603.3759765625
-13861.408203125
-14130.474609375
-14411.1650390625
-14704.080078125
-15009.8173828125
-15328.96875
-15662.0927734375
-16009.71875
-16372.326171875
-16750.3349609375
-17144.095703125
-17553.880859375
-17979.869140625
-18422.1416015625
-18880.671875
-19355.3134765625
-19845.802734375
-20351.740234375
-20872.599609375
-21407.71484375
-21956.279296875
-22517.349609375
-23089.8359375
-23672.5166015625
-24264.0302734375
-24862.8828125
-25467.45703125
-26076.0126953125
-26686.701171875
-27297.5654296875
-27906.5615234375
-28511.55859375
-29110.3623046875
-29700.71484375
-30280.3193359375
-30846.8515625
-31397.97265625
-31931.34375
-32444.6455078125
-32935.59375
-33401.9521484375
-33841.548828125
-34252.2939453125
-34632.1953125
-34979.37109375
-35292.0654296875
-35568.6611328125
-35807.6953125
-36007.8671875
-36168.0546875
-36287.318359375
-36364.9111328125
-36400.2939453125
-36393.12890625
-36343.2939453125
-36250.8837890625
-36116.2080078125
-35939.7998046875
-35722.40625
-35464.994140625
-35168.7392578125
-34835.0283203125
-34465.4453125
-34061.771484375
-33625.966796875
-33160.173828125
-32666.6923828125
-32147.9755859375
-31606.615234375
-31045.326171875
-30466.93359375
-29874.357421875
-29270.5986328125
-28658.716796875
-28041.8193359375
-27423.044921875
-26805.5439453125
-26192.4609375
-25586.92578125
-24992.0263671875
-24410.80078125
-23846.220703125
-23301.171875
-22778.447265625
-22280.7255859375
-21810.560546875
-21370.3779296875
-20962.4482421875
-20588.890625
-20251.65625
-19952.5234375
-19693.0869140625
-19474.75390625
-19298.7412109375
-19166.068359375
-19077.5546875
-19033.81640625
-19035.271484375
-19082.134765625
-19174.41796875
-19311.939453125
-19494.3193359375
-19720.986328125
-19991.1845703125
-20303.9794921875
-20658.2587890625
-21052.75
-21486.0146484375
-21956.47265625
-22462.3955078125
-23001.9296875
-23573.0986328125
-24173.814453125
-24801.890625
-25455.05078125
-26130.9423828125
-26827.1455078125
-27541.1875
-28270.5498046875
-29012.6845703125
-29765.0234375
-30524.9873046875
-31290.001953125
-32057.5048828125
-32824.95703125
-33589.853515625
-34349.734375
-35102.193359375
-35844.884765625
-36575.5361328125
-37291.953125
-37992.0302734375
-38673.7529296875
-39335.208984375
-39974.5888671875
-40590.197265625
-41180.451171875
-41743.8876953125
-42279.162109375
-42785.0576171875
-43260.4794921875
-43704.4580078125
-44116.1484375
-44494.83203125
-44839.912109375
-45150.912109375
-45427.47265625
-45669.3505859375
-45876.4072265625
-46048.6142578125
-46186.041015625
-46288.849609375
-46357.2890625
-46391.689453125
-46392.455078125
-46360.0537109375
-46295.0146484375
-46197.9140625
-46069.3720703125
-45910.0458984375
-45720.615234375
-45501.78125
-45254.255859375
-44978.7529296875
-44675.9833984375
-44346.6513671875
-43991.4384765625
-43611.0107421875
-43205.9990234375
-42777.0068359375
-42324.5986328125
-41849.298828125
-41351.58984375
-40831.9052734375
-40290.6357421875
-39728.12109375
-39144.658203125
-38540.4921875
-37915.8232421875
-37270.8115234375
-36605.57421875
-35920.1943359375
-35214.71484375
-34489.16015625
-33743.5234375
-32977.783203125
-32191.9052734375
-31385.849609375
-30559.5771484375
-29713.052734375
-28846.259765625
-27959.1982421875
-27051.8935546875
-26124.4072265625
-25176.8388671875
-24209.3330078125
-23222.0849609375
-22215.3447265625
-21189.42578125
-20144.7021484375
-19081.6181640625
-18000.6904296875
-16902.5068359375
-15787.7294921875
-14657.0986328125
-13511.4326171875
-12351.619140625
-11178.6259765625
-9993.4912109375
-8797.326171875
-7591.3017578125
-6376.6611328125
-5154.7021484375
-3926.77734375
-2694.287109375
-1458.677734375
-221.431640625
1015.9375
2251.890625
3484.8740234375
4713.3154296875
5935.64453125
7150.2890625
8355.6845703125
9550.2822265625
10732.5537109375
11900.9931640625
13054.1279296875
14190.5205078125
15308.7734375
16407.5322265625
17485.4892578125
18541.38671875
19574.0185546875
20582.2314453125
21564.9287109375
22521.0654296875
23449.6533203125
24349.7587890625
25220.5029296875
26061.052734375
26870.6337890625
27648.5146484375
28394.0087890625
29106.4765625
29785.31640625
30429.9619140625
31039.884765625
31614.5859375
32153.5927734375
32656.4609375
33122.76953125
33552.11328125
33944.1123046875
34298.3974609375
34614.6171875
34892.4365234375
35131.53125
35331.5908203125
35492.322265625
35613.443359375
35694.6943359375
35735.828125
35736.623046875
35696.876953125
35616.4189453125
35495.1064453125
35332.83203125
35129.5263671875
34885.166015625
34599.771484375
34273.4208984375
33906.248046875
33498.4501953125
33050.291015625
32562.111328125
32034.3232421875
31467.4248046875
30861.9970703125
30218.712890625
29538.3359375
28821.724609375
28069.8359375
27283.7216796875
26464.5390625
25613.5400390625
24732.0771484375
23821.6015625
22883.6572265625
21919.8837890625
20932.009765625
19921.845703125
18891.283203125
17842.287109375
16776.8896484375
15697.1826171875
14605.30859375
13503.453125
12393.8359375
11278.703125
10160.3125
9040.9248046875
7922.796875
6808.16796875
5699.24609375
4598.2001953125
3507.1513671875
2428.1533203125
1363.193359375
314.171875
-717.103515625
-1728.9287109375
-2719.7109375
-3687.9794921875
-4632.390625
-5551.7421875
-6444.96875
-7311.16015625
-8149.556640625
-8959.556640625
-9740.71875
-10492.76953125
-11215.5966796875
-11909.248046875
-12573.9404296875
-13210.05078125
-13818.1103515625
-14398.80859375
-14952.978515625
-15481.5986328125
-15985.779296875
-16466.7587890625
-16925.8935546875
-17364.6416015625
-17784.5615234375
-18187.2939453125
-18574.5517578125
-18948.1064453125
-19309.7724609375
-19661.396484375
-20004.8408203125
-20341.96875
-20674.6298828125
-21004.64453125
-21333.787109375
-21663.7783203125
-21996.2578125
-22332.779296875
-22674.796875
-23023.6416015625
-23380.51953125
-23746.4951171875
-24122.4755859375
-24509.2060546875
-24907.259765625
-25317.025390625
-25738.7021484375
-26172.294921875
-26617.607421875
-27074.2392578125
-27541.58203125
-28018.826171875
-28504.951171875
-28998.7373046875
-29498.76171875
-30003.41015625
-30510.8818359375
-31019.1962890625
-31526.2080078125
-32029.6083984375
-32526.94921875
-33015.65234375
-33493.021484375
-33956.2626953125
-34402.5
-34828.7958984375
-35232.1689453125
-35609.6103515625
-35958.1103515625
-36274.673828125
-36556.34375
-36800.224609375
-37003.4970703125
-37163.443359375
-37277.4697265625
-37343.12109375
-37358.10546875
-37320.310546875
-37227.822265625
-37078.9404296875
-36872.1943359375
-36606.359375
-36280.4716796875
-35893.8291015625
-35446.0166015625
-34936.900390625
-34366.6455078125
-33735.708984375
-33044.857421875
-32295.150390625
-31487.9560546875
-30624.9375
-29708.048828125
-28739.537109375
-27721.923828125
-26657.99609375
-25550.802734375
-24403.6318359375
-23219.99609375
-22003.6240234375
-20758.43359375
-19488.515625
-18198.1162109375
-16891.6103515625
-15573.4853515625
-14248.3125
-12920.7265625
-11595.4013671875
-10277.02734375
-8970.283203125
-7679.8154296875
-6410.212890625
-5165.9814453125
-3951.525390625
-2771.119140625
-1628.8876953125
-528.787109375
525.4169921875
1530.16796875
2482.1396484375
3378.248046875
4215.6650390625
4991.8408203125
5704.5068359375
6351.69140625
6931.7275390625
7443.26171875
7885.2548828125
8256.9921875
8558.083984375
8788.4619140625
8948.384765625
9038.4306640625
9059.4931640625
9012.7763671875
8899.7880859375
8722.3310546875
8482.484375
8182.6044921875
7825.3046875
7413.4365234375
6950.0830078125
6438.5341796875
5882.2744140625
5284.9609375
4650.4033203125
3982.548828125
3285.453125
2563.267578125
1820.2099609375
1060.5498046875
288.580078125
-491.3984375
-1275.10546875
-2058.2978515625
-2836.7919921875
-3606.4853515625
-4363.37890625
-5103.591796875
-5823.3798828125
-6519.16015625
-7187.5205078125
-7825.240234375
-8429.298828125
-8996.8955078125
-9525.45703125
-10012.65234375
-10456.39453125
-10854.85546875
-11206.46875
-11509.93359375
-11764.2197265625
-11968.5654296875
-12122.4814453125
-12225.7451171875
-12278.4013671875
-12280.751953125
-12233.353515625
-12137.0078125
-11992.7548828125
-11801.857421875
-11565.794921875
-11286.2470703125
-10965.0791015625
-10604.33203125
-10206.2041015625
-9773.0322265625
-9307.279296875
-8811.513671875
-8288.39453125
-7740.6552734375
-7171.0810546875
-6582.49609375
-5977.7431640625
-5359.6708984375
-4731.1123046875
-4094.8720703125
-3453.7119140625
-2810.333984375
-2167.37109375
-1527.3701171875
-892.7822265625
-265.955078125
350.8818359375
955.6162109375
1546.2705078125
2120.9990234375
2678.0966796875
3216.0
3733.2890625
4228.69140625
4701.0771484375
5149.458984375
5572.994140625
5970.974609375
6342.82421875
6688.09765625
7006.4736328125
7297.7470703125
7561.8203125
7798.701171875
8008.4921875
8191.3876953125
8347.65625
8477.6416015625
8581.7548828125
8660.462890625
8714.283203125
8743.775390625
8749.5361328125
8732.1923828125
8692.39453125
8630.8125
8548.1279296875
8445.0322265625
8322.2236328125
8180.3994140625
8020.2548828125
7842.4833984375
7647.7685546875
7436.7880859375
7210.2099609375
6968.6904296875
6712.876953125
6443.400390625
6160.88671875
5865.9462890625
5559.1748046875
5241.162109375
4912.4833984375
4573.7041015625
4225.3779296875
3868.048828125
3502.2490234375
3128.5
2747.3154296875
2359.1923828125
1964.6201171875
1564.0771484375
1158.0224609375
746.908203125
331.166015625
-88.783203125
-512.5400390625
-939.720703125
-1369.9609375
-1802.91796875
-2238.26953125
-2675.712890625
-3114.9736328125
-3555.7939453125
-3997.9443359375
-4441.216796875
-4885.4228515625
-5330.3994140625
-5776.005859375
-6222.11328125
-6668.6181640625
-7115.427734375
-7562.4609375
-8009.646484375
-8456.919921875
-8904.216796875
-9351.470703125
-9798.6064453125
-10245.5439453125
-10692.17578125
-11138.3828125
-11584.015625
-12028.890625
-12472.79296875
-12915.4619140625
-13356.5927734375
-13795.830078125
-14232.763671875
-14666.923828125
-15097.783203125
-15524.7451171875
-15947.1513671875
-16364.2724609375
-16775.3115234375
-17179.40625
-17575.623046875
-17962.9638671875
-18340.3662109375
-18706.70703125
-19060.8056640625
-19401.4326171875
-19727.306640625
-20037.111328125
-20329.4912109375
-20603.0712890625
-20856.4521484375
-21088.2275390625
-21296.9931640625
-21481.3515625
-21639.9267578125
-21771.369140625
-21874.3701171875
-21947.671875
-21990.07421875
-22000.44921875
-21977.748046875
-21921.01171875
-21829.37890625
-21702.0986328125
-21538.5322265625
-21338.169921875
-21100.6259765625
-20825.65625
-20513.158203125
-20163.173828125
-19775.8984375
-19351.6787109375
-18891.0205078125
-18394.58203125
-17863.1826171875
-17297.7919921875
-16699.5400390625
-16069.705078125
-15409.7119140625
-14721.130859375
-14005.669921875
-13265.16796875
-12501.591796875
-11717.021484375
-10913.6484375
-10093.7646484375
-9259.755859375
-8414.0791015625
-7559.271484375
-6697.9287109375
-5832.6884765625
-4966.2314453125
-4101.263671875
-3240.5029296875
-2386.6689453125
-1542.4716796875
-710.6025390625
106.2880859375
905.5869140625
1684.7431640625
2441.2734375
3172.7705078125
3876.919921875
4551.5087890625
5194.431640625
5803.703125
6377.4677734375
6914.0078125
7411.7490234375
7869.2705078125
8285.3125
8658.7744140625
8988.7333984375
9274.435546875
9515.3076171875
9710.9599609375
9861.18359375
9965.9541015625
10025.43359375
10039.966796875
10010.0830078125
9936.4921875
9820.0791015625
9661.90234375
9463.1875
9225.32421875
8949.8515625
8638.4580078125
8292.96875
7915.3359375
7507.6298828125
7072.025390625
6610.79296875
6126.283203125
5620.9169921875
5097.169921875
4557.556640625
4004.62109375
3440.9189453125
2869.00390625
2291.4140625
1710.6552734375
1129.1904296875
549.4169921875
-26.3291015625
-595.806640625
-1156.87109375
-1707.4833984375
-2245.7275390625
-2769.8173828125
-3278.1064453125
-3769.0927734375
-4241.4296875
-4693.9306640625
-5125.568359375
-5535.484375
-5922.986328125
-6287.55078125
-6628.8154296875
-6946.5888671875
-7240.833984375
-7511.669921875
-7759.3642578125
-7984.32421875
-8187.087890625
-8368.3173828125
-8528.78515625
-8669.36328125
-8791.0107421875
-8894.76171875
-8981.7099609375
-9053.001953125
-9109.8115234375
-9153.337890625
-9184.78125
-9205.33984375
-9216.185546875
-9218.462890625
-9213.2666015625
-9201.634765625
-9184.5390625
-9162.8740234375
-9137.44921875
-9108.9794921875
-9078.08203125
-9045.26953125
-9010.9462890625
-8975.4091796875
-8938.841796875
-8901.318359375
-8862.8046875
-8823.162109375
-8782.1484375
-8739.4296875
-8694.580078125
-8647.09375
-8596.39453125
-8541.8408203125
-8482.7421875
-8418.3662109375
-8347.947265625
-8270.708984375
-8185.8623046875
-8092.62890625
-7990.2509765625
-7877.9951171875
-7755.177734375
-7621.1650390625
-7475.388671875
-7317.353515625
-7146.6513671875
-6962.9619140625
-6766.0693359375
-6555.859375
-6332.3310546875
-6095.59765625
-5845.890625
-5583.560546875
-5309.078125
-5023.033203125
-4726.130859375
-4419.1904296875
-4103.140625
-3779.01171875
-3447.931640625
-3111.1162109375
-2769.861328125
-2425.53125
-2079.5556640625
-1733.4072265625
-1388.6005859375
-1046.677734375
-709.19140625
-377.6982421875
-53.7470703125
261.138671875
565.466796875
857.79296875
1136.73046875
1400.95703125
1649.2314453125
1880.3994140625
2093.400390625
2287.28515625
2461.208984375
2614.4482421875
2746.404296875
2856.603515625
2944.7060546875
3010.5029296875
3053.9228515625
3075.0283203125
3074.017578125
3051.2255859375
3007.1142578125
2942.2763671875
2857.4287109375
2753.4111328125
2631.171875
2491.7763671875
2336.384765625
2166.2587890625
1982.74609375
1787.2763671875
1581.3515625
1366.541015625
1144.4677734375
916.80859375
685.2783203125
451.6259765625
217.6259765625
-14.9306640625
-244.240234375
-468.4970703125
-685.9033203125
-894.6630859375
-1093.005859375
-1279.1787109375
-1451.4580078125
-1608.1533203125
-1747.6123046875
-1868.2255859375
-1968.431640625
-2046.7158203125
-2101.6220703125
-2131.75
-2135.755859375
-2112.3671875
-2060.369140625
-1978.619140625
-1866.044921875
-1721.646484375
-1544.4951171875
-1333.7451171875
-1088.6240234375
-808.4404296875
-492.58984375
-140.546875
248.126953125
673.7783203125
1136.6669921875
1636.9599609375
2174.7275390625
2749.947265625
3362.49609375
4012.1513671875
4698.5888671875
5421.37890625
6179.9892578125
6973.7763671875
7801.9921875
8663.7763671875
9558.16015625
10484.0625
11440.291015625
12425.544921875
13438.41015625
14477.365234375
15540.779296875
16626.919921875
17733.947265625
18859.9248046875
20002.8212890625
21160.5087890625
22330.7822265625
23511.349609375
24699.84765625
25893.8447265625
27090.8525390625
28288.33203125
29483.6982421875
30674.3408203125
31857.6201171875
33030.8896484375
34191.498046875
35336.8056640625
36464.1953125
37571.080078125
38654.9208984375
39713.234375
40743.609375
41743.7099609375
42711.2998046875
43644.2421875
44540.51953125
45398.240234375
46215.6474609375
46991.13671875
47723.255859375
48410.71875
49052.4111328125
49647.400390625
50194.9365234375
50694.462890625
51145.6142578125
51548.2236328125
51902.326171875
52208.1513671875
52466.1298828125
52676.8916015625
52841.2578125
52960.240234375
53035.03515625
53067.0205078125
53057.740234375
53008.9033203125
52922.3681640625
52800.1357421875
52644.3388671875
52457.22265625
52241.140625
51998.533203125
51731.9169921875
51443.8671875
51137.001953125
50813.970703125
50477.43359375
50130.04296875
49774.4345703125
49413.2041015625
49048.89453125
48683.9794921875
48320.8486328125
47961.791015625
47608.9833984375
47264.4716796875
46930.166015625
46607.8212890625
46299.03125
46005.21484375
45727.6103515625
45467.263671875
45225.0302734375
45001.556640625
44797.291015625
44612.4677734375
44447.1171875
44301.0546875
44173.892578125
44065.0341796875
43973.6845703125
43898.8486328125
43839.34375
43793.8076171875
43760.701171875
43738.3251953125
43724.8251953125
43718.2109375
43716.3623046875
43717.0478515625
43717.9365234375
43716.615234375
43710.6044921875
43697.3701171875
43674.34765625
43638.9541015625
43588.6044921875
43520.7353515625
43432.8154296875
43322.3662109375
43186.978515625
43024.328125
42832.1943359375
42608.474609375
42351.201171875
42058.5517578125
41728.8701171875
41360.6728515625
40952.6669921875
40503.7578125
40013.0615234375
39479.9111328125
38903.8681640625
38284.73046875
37622.5322265625
36917.552734375
36170.3212890625
35381.6142578125
34552.45703125
33684.125
32778.140625
31836.267578125
30860.5087890625
29853.0966796875
28816.4892578125
27753.3564453125
26666.572265625
25559.20703125
24434.5048828125
23295.87890625
22146.8916015625
20991.2392578125
19832.736328125
18675.294921875
17522.9072265625
16379.6279296875
15249.55078125
14136.7900390625
13045.4599609375
11979.650390625
10943.41015625
9940.7216796875
8975.478515625
8051.4697265625
7172.353515625
6341.6376953125
5562.6630859375
4838.5791015625
4172.3291015625
3566.630859375
3023.9609375
2546.541015625
2136.3203125
1794.9658203125
1523.8466796875
1324.0341796875
1196.283203125
1141.029296875
1158.390625
1248.1572265625
1409.7919921875
1642.4365234375
1944.9091796875
2315.7119140625
2753.0390625
3254.783203125
3818.55078125
4441.6669921875
5121.197265625
5853.9599609375
6636.5458984375
7465.3349609375
8336.5185546875
9246.119140625
10190.0166015625
11163.9658203125
12163.626953125
13184.5869140625
14222.388671875
15272.5517578125
16330.6005859375
17392.0908203125
18452.6318359375
19507.9140625
20553.7373046875
21586.021484375
22600.841796875
23594.443359375
24563.2626953125
25503.947265625
26413.369140625
27288.642578125
28127.1376953125
28926.4892578125
29684.6083984375
30399.6884765625
31070.21484375
31694.95703125
32272.9853515625
32803.65625
33286.6162109375
33721.796875
34109.4052734375
34449.916015625
34744.060546875
34992.8203125
35197.40234375
35359.2314453125
35479.9365234375
35561.326171875
35605.3740234375
35614.19921875
35590.05078125
35535.2783203125
35452.3232421875
35343.6884765625
35211.927734375
35059.6201171875
34889.349609375
34703.6923828125
34505.1962890625
34296.3603515625
34079.623046875
33857.3515625
33631.81640625
33405.189453125
33179.53125
32956.7783203125
32738.7373046875
32527.078125
32323.3271484375
32128.8662109375
31944.9267578125
31772.59375
31612.7978515625
31466.3232421875
31333.8076171875
31215.74609375
31112.4931640625
31024.2705078125
30951.1689453125
30893.1591796875
30850.09375
30821.7177734375
30807.669921875
30807.4970703125
30820.654296875
30846.5185546875
30884.3876953125
30933.4912109375
30992.998046875
31062.015625
31139.6005859375
31224.76171875
31316.4619140625
31413.623046875
31515.12890625
31619.8271484375
31726.533203125
31834.0234375
31941.05078125
32046.3310546875
32148.55078125
32246.3671875
32338.4033203125
32423.259765625
32499.498046875
32565.658203125
32620.2470703125
32661.7470703125
32688.6162109375
32699.28515625
32692.169921875
32665.6689453125
32618.1689453125
32548.048828125
32453.6904296875
32333.4833984375
32185.830078125
32009.16015625
31801.93359375
31562.66015625
31289.9013671875
30982.2890625
30638.5361328125
30257.4482421875
29837.9384765625
29379.041015625
28879.923828125
28339.9072265625
27758.466796875
27135.2607421875
26470.1279296875
25763.11328125
25014.4677734375
24224.666015625
23394.4072265625
22524.6328125
21616.525390625
20671.509765625
19691.265625
18677.720703125
17633.048828125
16559.671875
15460.2490234375
14337.6728515625
13195.0556640625
12035.7216796875
10863.19140625
9681.1630859375
8493.5009765625
7304.2080078125
6117.41015625
4937.328125
3768.2607421875
2614.5498046875
1480.55859375
370.6435546875
-710.8720703125
-1759.732421875
-2771.7724609375
-3742.94921875
-4669.3681640625
-5547.3134765625
-6373.271484375
-7143.962890625
-7856.35546875
-8507.7001953125
-9095.541015625
-9617.7392578125
-10072.494140625
-10458.34765625
-10774.2060546875
-11019.3427734375
-11193.40625
-11296.4296875
-11328.8232421875
-11291.3818359375
-11185.2724609375
-11012.03125
-10773.5537109375
-10472.0830078125
-10110.189453125
-9690.76171875
-9216.982421875
-8692.2998046875
-8120.419921875
-7505.26953125
-6850.9697265625
-6161.8125
-5442.2333984375
-4696.7744140625
-3930.060546875
-3146.767578125
-2351.5908203125
-1549.2177734375
-744.2958984375
58.591796875
854.958984375
1640.4404296875
2410.8125
3162.0234375
3890.2109375
4591.7216796875
5263.1259765625
5901.2412109375
6503.1357421875
7066.1474609375
7587.8837890625
8066.236328125
8499.37890625
8885.7705078125
9224.15625
9513.5615234375
9753.2919921875
9942.9189453125
10082.2783203125
10171.4580078125
10210.7822265625
10200.8046875
10142.2890625
10036.1962890625
9883.66796875
9686.0107421875
9444.6748046875
9161.244140625
8837.412109375
8474.9658203125
8075.7734375
7641.759765625
7174.900390625
6677.1962890625
6150.6650390625
5597.330078125
5019.1982421875
4418.2626953125
3796.4775390625
3155.7626953125
2497.9892578125
1824.9716796875
1138.46875
440.1748046875
-268.279296875
-985.330078125
-1709.482421875
-2439.3017578125
-3173.4228515625
-3910.5390625
-4649.4033203125
-5388.8212890625
-6127.6494140625
-6864.787109375
-7599.173828125
-8329.7822265625
-9055.6142578125
-9775.69140625
-10489.0576171875
-11194.763671875
-11891.869140625
-12579.4375
-13256.5302734375
-13922.2041015625
-14575.5078125
-15215.484375
-15841.1611328125
-16451.5595703125
-17045.6865234375
-17622.5400390625
-18181.11328125
-18720.3916015625
-19239.35546875
-19736.9931640625
-20212.294921875
-20664.263671875
-21091.921875
-21494.3125
-21870.5107421875
-22219.626953125
-22540.8173828125
-22833.291015625
-23096.3115234375
-23329.2109375
-23531.39453125
-23702.34765625
-23841.638671875
-23948.9345703125
-24023.99609375
-24066.6904296875
-24076.9931640625
-24054.990234375
-24000.884765625
-23914.998046875
-23797.771484375
-23649.767578125
-23471.6708984375
-23264.2822265625
-23028.5263671875
-22765.44140625
-22476.1767578125
-22161.994140625
-21824.2568359375
-21464.427734375
-21084.05859375
-20684.787109375
-20268.330078125
-19836.4697265625
-19391.0478515625
-18933.95703125
-18467.1337890625
-17992.541015625
-17512.1650390625
-17028.001953125
-16542.0478515625
-16056.287109375
-15572.6875
-15093.181640625
-14619.6650390625
-14153.98046875
-13697.9140625
-13253.1796875
-12821.41796875
-12404.1826171875
-12002.9365234375
-11619.0439453125
-11253.763671875
-10908.244140625
-10583.5185546875
-10280.5029296875
-9999.9892578125
-9742.6474609375
-9509.017578125
-9299.513671875
-9114.4228515625
-8953.904296875
-8817.9931640625
-8706.5966796875
-8619.5048828125
-8556.3857421875
-8516.79296875
-8500.173828125
-8505.865234375
-8533.10546875
-8581.0390625
-8648.72265625
-8735.130859375
-8839.162109375
-8959.650390625
-9095.3623046875
-9245.0185546875
-9407.2890625
-9580.8076171875
-9764.1748046875
-9955.97265625
-10154.76171875
-10359.0966796875
-10567.5283203125
-10778.615234375
-10990.9248046875
-11203.044921875
-11413.5859375
-11621.189453125
-11824.53125
-12022.326171875
-12213.3369140625
-12396.373046875
-12570.298828125
-12734.03515625
-12886.5625
-13026.9208984375
-13154.2216796875
-13267.63671875
-13366.4130859375
-13449.861328125
-13517.3671875
-13568.3876953125
-13602.4501953125
-13619.15625
-13618.177734375
-13599.2578125
-13562.21484375
-13506.931640625
-13433.36328125
-13341.5322265625
-13231.529296875
-13103.5068359375
-12957.6845703125
-12794.341796875
-12613.8203125
-12416.517578125
-12202.890625
-11973.44921875
-11728.755859375
-11469.4228515625
-11196.109375
-10909.525390625
-10610.4169921875
-10299.578125
-9977.833984375
-9646.0537109375
-9305.12890625
-8955.9892578125
-8599.58984375
-8236.9072265625
-7868.939453125
-7496.701171875
-7121.22265625
-6743.5390625
-6364.6982421875
-5985.740234375
-5607.7119140625
-5231.6484375
-4858.5732421875
-4489.4951171875
-4125.4013671875
-3767.2548828125
-3415.9873046875
-3072.49609375
-2737.63671875
-2412.2216796875
-2097.013671875
-1792.7197265625
-1499.9892578125
-1219.4072265625
-951.494140625
-696.6943359375
-455.3837890625
-227.8544921875
-14.322265625
185.08203125
370.3125
541.4111328125
698.501953125
841.8017578125
971.6123046875
1088.3193359375
1192.3984375
1284.4013671875
1364.9638671875
1434.7958984375
1494.677734375
1545.458984375
1588.0498046875
1623.41796875
1652.576171875
1676.5830078125
1696.5322265625
1713.5419921875
1728.7509765625
1743.3095703125
1758.3671875
1775.068359375
1794.5419921875
1817.890625
1846.1845703125
1880.453125
1921.6728515625
1970.7646484375
2028.580078125
2095.8984375
2173.419921875
2261.7578125
2361.4306640625
2472.8642578125
2596.3798828125
2732.1962890625
2880.423828125
3041.064453125
3214.0126953125
3399.046875
3595.841796875
3803.96484375
4022.873046875
4251.92578125
4490.3828125
4737.412109375
4992.0908203125
5253.4169921875
5520.3115234375
5791.6279296875
6066.16015625
6342.64453125
6619.77734375
6896.2197265625
7170.6015625
7441.53515625
7707.6240234375
7967.4677734375
8219.6748046875
8462.869140625
8695.693359375
8916.8271484375
9124.9814453125
9318.91796875
9497.4443359375
9659.4267578125
9803.7939453125
9929.5361328125
10035.716796875
10121.4736328125
10186.0166015625
10228.6337890625
10248.693359375
10245.6435546875
10219.0078125
10168.3916015625
10093.48046875
9994.0283203125
9869.87109375
9720.912109375
9547.123046875
9348.541015625
9125.2666015625
8877.455078125
8605.31640625
8309.1103515625
7989.14453125
7645.76171875
7279.3447265625
6890.310546875
6479.0986328125
6046.1787109375
5592.0361328125
5117.17578125
4622.11328125
4107.3759765625
3573.498046875
3021.015625
2450.470703125
1862.4033203125
1257.3515625
635.8515625
-1.5634765625
-654.3681640625
-1322.0380859375
-2004.056640625
-2699.912109375
-3409.09375
-4131.1005859375
-4865.4267578125
-5611.5771484375
-6369.0458984375
-7137.3369140625
-7915.943359375
-8704.359375
-9502.0673828125
-10308.546875
-11123.2646484375
-11945.67578125
-12775.2216796875
-13611.330078125
-14453.4072265625
-15300.8427734375
-16153.005859375
-17009.244140625
-17868.8779296875
-18731.2080078125
-19595.5048828125
-20461.013671875
-21326.953125
-22192.51171875
-23056.8525390625
-23919.1083984375
-24778.3828125
-25633.7529296875
-26484.267578125
-27328.947265625
-28166.7900390625
-28996.7646484375
-29817.818359375
-30628.87890625
-31428.8486328125
-32216.6171875
-32991.0517578125
-33751.0107421875
-34495.3408203125
-35222.876953125
-35932.44921875
-36622.88671875
-37293.0146484375
-37941.6650390625
-38567.673828125
-39169.8876953125
-39747.166015625
-40298.384765625
-40822.4384765625
-41318.2490234375
-41784.759765625
-42220.9482421875
-42625.8251953125
-42998.4365234375
-43337.8720703125
-43643.26171875
-43913.787109375
-44148.67578125
-44347.2109375
-44508.7294921875
-44632.630859375
-44718.3740234375
-44765.4794921875
-44773.5390625
-44742.2099609375
-44671.2216796875
-44560.375
-44409.5478515625
-44218.69140625
-43987.8369140625
-43717.0927734375
-43406.65234375
-43056.787109375
-42667.8525390625
-42240.287109375
-41774.615234375
-41271.447265625
-40731.478515625
-40155.4921875
-39544.357421875
-38899.03125
-38220.5595703125
-37510.072265625
-36768.7939453125
-35998.0283203125
-35199.173828125
-34373.708984375
-33523.2041015625
-32649.310546875
-31753.7646484375
-30838.38671875
-29905.07421875
-28955.8046875
-27992.634765625
-27017.689453125
-26033.16796875
-25041.33203125
-24044.509765625
-23045.0849609375
-22045.4951171875
-21048.22265625
-20055.79296875
-19070.765625
-18095.7236328125
-17133.2734375
-16186.02734375
-15256.6015625
-14347.6025390625
-13461.619140625
-12601.2099609375
-11768.892578125
-10967.1337890625
-10198.3369140625
-9464.8271484375
-8768.84375
-8112.5205078125
-7497.8837890625
-6926.828125
-6401.11328125
-5922.3427734375
-5491.9609375
-5111.23828125
-4781.25390625
-4502.896484375
-4276.8447265625
-4103.564453125
-3983.296875
-3916.0556640625
-3901.6181640625
-3939.5224609375
-4029.064453125
-4169.294921875
-4359.0205078125
-4596.8046875
-4880.9697265625
-5209.603515625
-5580.5634765625
-5991.4833984375
-6439.7890625
-6922.7021484375
-7437.25390625
-7980.30078125
-8548.54296875
-9138.5341796875
-9746.7041015625
-10369.37890625
-11002.7978515625
-11643.134765625
-12286.521484375
-12929.072265625
-13566.90234375
-14196.15234375
-14813.0126953125
-15413.74609375
-15994.7109375
-16552.3828125
-17083.3798828125
-17584.474609375
-18052.626953125
-18484.994140625
-18878.9501953125
-19232.1044921875
-19542.31640625
-19807.7060546875
-20026.66796875
-20197.880859375
-20320.3125
-20393.23046875
-20416.19921875
-20389.0888671875
-20312.0693359375
-20185.611328125
-20010.4765625
-19787.720703125
-19518.673828125
-19204.9375
-18848.3701171875
-18451.07421875
-18015.37890625
-17543.82421875
-17039.14453125
-16504.2431640625
-15942.18359375
-15356.154296875
-14749.4580078125
-14125.482421875
-13487.6787109375
-12839.5419921875
-12184.5849609375
-11526.314453125
-10868.212890625
-10213.708984375
-9566.1669921875
-8928.8525390625
-8304.923828125
-7697.41015625
-7109.189453125
-6542.9775390625
-6001.310546875
-5486.5322265625
-5000.7783203125
-4545.97265625
-4123.8115234375
-3735.759765625
-3383.0458984375
-3066.654296875
-2787.326171875
-2545.5576171875
-2341.6005859375
-2175.4658203125
-2046.9267578125
-1955.521484375
-1900.56640625
-1881.1611328125
-1896.1943359375
-1944.3623046875
-2024.169921875
-2133.95703125
-2271.9013671875
-2436.037109375
-2624.2666015625
-2834.3837890625
-3064.083984375
-3310.9814453125
-3572.6259765625
-3846.5234375
-4130.1484375
-4420.962890625
-4716.4326171875
-5014.0478515625
-5311.33203125
-5605.8623046875
-5895.2861328125
-6177.330078125
-6449.8212890625
-6710.693359375
-6958.0048828125
-7189.9443359375
-7404.849609375
-7601.20703125
-7777.6689453125
-7933.0517578125
-8066.353515625
-8176.75
-8263.5986328125
-8326.4482421875
-8365.03515625
-8379.2802734375
-8369.2998046875
-8335.3896484375
-8278.0322265625
-8197.88671875
-8095.783203125
-7972.7236328125
-7829.86328125
-7668.51171875
-7490.1181640625
-7296.2626953125
-7088.6474609375
-6869.0810546875
-6639.470703125
-6401.8017578125
-6158.138671875
-5910.5947265625
-5661.3310546875
-5412.5361328125
-5166.412109375
-4925.162109375
-4690.978515625
-4466.0234375
-4252.4208984375
-4052.2392578125
-3867.4794921875
-3700.0673828125
-3551.833984375
-3424.51171875
-3319.724609375
-3238.96875
-3183.615234375
-3154.900390625
-3153.9140625
-3181.59765625
-3238.7412109375
-3325.9775390625
-3443.7763671875
-3592.453125
-3772.1552734375
-3982.8759765625
-4224.4462890625
-4496.541015625
-4798.6865234375
-5130.255859375
-5490.484375
-5878.470703125
-6293.1806640625
-6733.462890625
-7198.05078125
-7685.5751953125
-8194.5703125
-8723.486328125
-9270.69921875
-9834.515625
-10413.19140625
-11004.94140625
-11607.939453125
-12220.3427734375
-12840.2919921875
-13465.92578125
-14095.392578125
-14726.8544921875
-15358.5
-15988.552734375
-16615.27734375
-17236.9892578125
-17852.0625
-18458.9296875
-19056.095703125
-19642.142578125
-20215.7265625
-20775.5859375
-21320.55078125
-21849.5302734375
-22361.5322265625
-22855.650390625
-23331.0732421875
-23787.080078125
-24223.041015625
-24638.41796875
-25032.76171875
-25405.708984375
-25756.9814453125
-26086.3828125
-26393.796875
-26679.1787109375
-26942.5576171875
-27184.0322265625
-27403.7626953125
-27601.9697265625
-27778.9296875
-27934.970703125
-28070.466796875
-28185.8359375
-28281.53515625
-28358.0537109375
-28415.9150390625
-28455.6689453125
-28477.8837890625
-28483.1552734375
-28472.08984375
-28445.310546875
-28403.4501953125
-28347.1484375
-28277.05078125
-28193.8095703125
-28098.072265625
-27990.4912109375
-27871.7138671875
-27742.3857421875
-27603.1455078125
-27454.6298828125
-27297.46484375
-27132.2734375
-26959.666015625
-26780.248046875
-26594.6142578125
-26403.3525390625
-26207.0400390625
-26006.244140625
-25801.5234375
-25593.4248046875
-25382.4873046875
-25169.23828125
-24954.1962890625
-24737.8681640625
-24520.75
-24303.328125
-24086.07421875
-23869.4541015625
-23653.9150390625
-23439.8974609375
-23227.82421875
-23018.107421875
-22811.142578125
-22607.3125
-22406.9833984375
-22210.5078125
-22018.2158203125
-21830.4267578125
-21647.439453125
-21469.53125
-21296.9658203125
-21129.982421875
-20968.8037109375
-20813.6318359375
-20664.646484375
-20522.009765625
-20385.861328125
-20256.3212890625
-20133.4921875
-20017.451171875
-19908.2646484375
-19805.9765625
-19710.611328125
-19622.185546875
-19540.6923828125
-19466.1181640625
-19398.43359375
-19337.6005859375
-19283.5732421875
-19236.296875
-19195.7158203125
-19161.767578125
-19134.390625
-19113.525390625
-19099.11328125
-19091.103515625
-19089.44921875
-19094.1142578125
-19105.0712890625
-19122.3056640625
-19145.81640625
-19175.615234375
-19211.73046875
-19254.2060546875
-19303.1005859375
-19358.4931640625
-19420.4765625
-19489.16015625
-19564.66796875
-19647.140625
-19736.73046875
-19833.6025390625
-19937.9306640625
-20049.896484375
-20169.689453125
-20297.498046875
-20433.5126953125
-20577.9208984375
-20730.90234375
-20892.6279296875
-21063.25390625
-21242.921875
-21431.751953125
-21629.8388671875
-21837.25
-22054.0244140625
-22280.1640625
-22515.6318359375
-22760.3544921875
-23014.212890625
-23277.0400390625
-23548.625
-23828.705078125
-24116.96484375
-24413.041015625
-24716.513671875
-25026.9111328125
-25343.708984375
-25666.3310546875
-25994.15234375
-26326.494140625
-26662.63671875
-27001.8115234375
-27343.2119140625
-27685.990234375
-28029.267578125
-28372.1357421875
-28713.6591796875
-29052.8818359375
-29388.833984375
-29720.53515625
-30047.0
-30367.244140625
-30680.2900390625
-30985.1728515625
-31280.9423828125
-31566.677734375
-31841.48046875
-32104.4921875
-32354.8876953125
-32591.890625
-32814.7705078125
-33022.8505859375
-33215.509765625
-33392.185546875
-33552.380859375
-33695.6630859375
-33821.6640625
-33930.0869140625
-34020.705078125
-34093.359375
-34147.962890625
-34184.4990234375
-34203.0185546875
-34203.6416015625
-34186.5498046875
-34151.9921875
-34100.27734375
-34031.76953125
-33946.888671875
-33846.1025390625
-33729.9267578125
-33598.91796875
-33453.66796875
-33294.802734375
-33122.974609375
-32938.857421875
-32743.1435546875
-32536.537109375
-32319.7470703125
-32093.486328125
-31858.4619140625
-31615.376953125
-31364.9169921875
-31107.751953125
-30844.53125
-30575.8759765625
-30302.37890625
-30024.5966796875
-29743.0498046875
-29458.21875
-29170.541015625
-28880.4052734375
-28588.1533203125
-28294.078125
-27998.4169921875
-27701.3564453125
-27403.0263671875
-27103.501953125
-26802.7998046875
-26500.8837890625
-26197.654296875
-25892.9638671875
-25586.599609375
-25278.2998046875
-24967.7470703125
-24654.5654296875
-24338.333984375
-24018.576171875
-23694.76953125
-23366.3427734375
-23032.681640625
-22693.12890625
-22346.9853515625
-21993.521484375
-21631.9638671875
-21261.5185546875
-20881.357421875
-20490.630859375
-20088.4658203125
-19673.9765625
-19246.26171875
-18804.4111328125
-18347.5146484375
-17874.6572265625
-17384.931640625
-16877.4384765625
-16351.2958984375
-15805.640625
-15239.630859375
-14652.4609375
-14043.357421875
-13411.58984375
-12756.4736328125
-12077.37890625
-11373.732421875
-10645.025390625
-9890.8212890625
-9110.7568359375
-8304.548828125
-7472.00390625
-6613.0205078125
-5727.5927734375
-4815.818359375
-3877.9013671875
-2914.158203125
-1925.0205078125
-911.037109375
127.115234375
1188.640625
2272.611328125
3377.9716796875
4503.53515625
5647.982421875
6809.8642578125
7987.6005859375
9179.4814453125
10383.669921875
11598.2060546875
12821.0068359375
14049.8759765625
15282.50390625
16516.4775390625
17749.28515625
18978.326171875
20200.9140625
21414.2919921875
22615.638671875
23802.0810546875
24970.703125
26118.55859375
27242.681640625
28340.1044921875
29407.8642578125
30443.0205078125
31442.6650390625
32403.9404296875
33324.0498046875
34200.2744140625
35029.984375
35810.6552734375
36539.8759765625
37215.37109375
37835.005859375
38396.798828125
38898.9375
39339.7861328125
39717.896484375
40032.0166015625
40281.09765625
40464.3056640625
40581.0205078125
40630.845703125
40613.611328125
40529.3740234375
40378.421875
40161.2685546875
39878.6611328125
39531.564453125
39121.166015625
38648.8701171875
38116.2861328125
37525.224609375
36877.6845703125
36175.84765625
35422.0615234375
34618.8310546875
33768.8037109375
32874.75390625
31939.5703125
30966.2373046875
29957.822265625
28917.4560546875
27848.3173828125
26753.6171875
25636.5771484375
24500.41796875
23348.3388671875
22183.501953125
21009.0185546875
19827.931640625
18643.1982421875
17457.68359375
16274.138671875
15095.1943359375
13923.3486328125
12760.9541015625
11610.216796875
10473.177734375
9351.71484375
8247.5390625
7162.1826171875
6097.0048828125
5053.1875
4031.7373046875
3033.484375
2059.09375
1109.0576171875
183.7119140625
-716.763671875
-1592.3330078125
-2443.1015625
-3269.296875
-4071.267578125
-4849.4677734375
-5604.4443359375
-6336.8271484375
-7047.3154296875
-7736.6640625
-8405.6748046875
-9055.17578125
-9686.017578125
-10299.0537109375
-10895.1298828125
-11475.078125
-12039.693359375
-12589.7333984375
-13125.904296875
-13648.8544921875
-14159.15625
-14657.3125
-15143.740234375
-15618.7646484375
-16082.625
-16535.4541015625
-16977.2919921875
-17408.072265625
-17827.630859375
-18235.7001953125
-18631.9150390625
-19015.810546875
-19386.83203125
-19744.33203125
-20087.583984375
-20415.7822265625
-20728.05078125
-21023.4521484375
-21300.99609375
-21559.6435546875
-21798.32421875
-22015.939453125
-22211.373046875
-22383.5068359375
-22531.22265625
-22653.4228515625
-22749.0302734375
-22817.0068359375
-22856.3583984375
-22866.150390625
-22845.5107421875
-22793.640625
-22709.8291015625
-22593.4541015625
-22443.9931640625
-22261.029296875
-22044.2607421875
-21793.501953125
-21508.6904296875
-21189.892578125
-20837.302734375
-20451.25
-20032.1953125
-19580.7392578125
-19097.61328125
-18583.685546875
-18039.955078125
-17467.55078125
-16867.7275390625
-16241.8642578125
-15591.4541015625
-14918.1025390625
-14223.5205078125
-13509.5166015625
-12777.9873046875
-12030.9140625
-11270.3486328125
-10498.408203125
-9717.26171875
-8929.126953125
-8136.248046875
-7340.896484375
-6545.3564453125
-5751.9111328125
-4962.8349609375
-4180.380859375
-3406.7734375
-2644.189453125
-1894.7578125
-1160.5390625
-443.5234375
254.380859375
931.361328125
1585.7060546875
2215.8134765625
2820.1962890625
3397.49609375
3946.482421875
4466.0625
4955.287109375
5413.3515625
5839.603515625
6233.5400390625
6594.8154296875
6923.23828125
7218.7734375
7481.541015625
7711.81640625
7910.0224609375
8076.7333984375
8212.66796875
8318.6796875
8395.76171875
8445.0302734375
8467.7216796875
8465.1845703125
8438.8701171875
8390.3251953125
8321.1796875
8233.138671875
8127.966796875
8007.482421875
7873.5458984375
7728.0419921875
7572.8759765625
7409.951171875
7241.1669921875
7068.400390625
6893.494140625
6718.244140625
6544.3935546875
6373.609375
6207.482421875
6047.51171875
5895.0927734375
5751.509765625
5617.92578125
5495.375
5384.7529296875
5286.814453125
5202.162109375
5131.2431640625
5074.3466796875
5031.603515625
5002.9755859375
4988.267578125
4987.115234375
4998.9921875
5023.216796875
5058.951171875
5105.2060546875
5160.8466796875
5224.6064453125
5295.083984375
5370.765625
5450.025390625
5531.140625
5612.3056640625
5691.640625
5767.2080078125
5837.029296875
5899.0927734375
5951.375
5991.8544921875
6018.52734375
6029.423828125
6022.623046875
5996.2666015625
5948.58203125
5877.890625
5782.623046875
5661.333984375
5512.71875
5335.62109375
5129.0458984375
4892.171875
4624.359375
4325.154296875
3994.306640625
3631.76171875
3237.673828125
2812.404296875
2356.52734375
1870.822265625
1356.2783203125
814.0859375
245.6376953125
-347.486328125
-963.517578125
-1600.517578125
-2256.37890625
-2928.8486328125
-3615.5322265625
-4313.9091796875
-5021.35546875
-5735.150390625
-6452.50390625
-7170.5595703125
-7886.431640625
-8597.2080078125
-9299.9765625
-9991.841796875
-10669.9482421875
-11331.4912109375
-11973.7431640625
-12594.064453125
-13189.9306640625
-13758.9384765625
-14298.830078125
-14807.505859375
-15283.0341796875
-15723.671875
-16127.8701171875
-16494.2880859375
-16821.802734375
-17109.513671875
-17356.7509765625
-17563.0830078125
-17728.31640625
-17852.498046875
-17935.91796875
-17979.107421875
-17982.837890625
-17948.1162109375
-17876.177734375
-17768.482421875
-17626.708984375
-17452.7421875
-17248.662109375
-17016.7412109375
-16759.423828125
-16479.31640625
-16179.173828125
-15861.8876953125
-15530.4677734375
-15188.02734375
-14837.76953125
-14482.9697265625
-14126.9560546875
-13773.1005859375
-13424.791015625
-13085.4296875
-12758.3994140625
-12447.0595703125
-12154.724609375
-11884.6494140625
-11640.0087890625
-11423.892578125
-11239.2802734375
-11089.0302734375
-10975.869140625
-10902.37109375
-10870.9521484375
-10883.8564453125
-10943.142578125
-11050.671875
-11208.10546875
-11416.8896484375
-11678.25
-11993.1806640625
-12362.4423828125
-12786.5576171875
-13265.7998046875
-13800.1982421875
-14389.5302734375
-15033.318359375
-15730.83984375
-16481.1142578125
-17282.9140625
-18134.765625
-19034.9501953125
-19981.513671875
-20972.271484375
-22004.810546875
-23076.5068359375
-24184.5244140625
-25325.8359375
-26497.2255859375
-27695.3056640625
-28916.5302734375
-30157.205078125
-31413.505859375
-32681.4921875
-33957.125
-35236.2802734375
-36514.771484375
-37788.3603515625
-39052.779296875
-40303.748046875
-41536.9921875
-42748.259765625
-43933.34375
-45088.0908203125
-46208.4287109375
-47290.37890625
-48330.0712890625
-49323.7646484375
-50267.85546875
-51158.900390625
-51993.6220703125
-52768.9267578125
-53481.9130859375
-54129.8828125
-54710.3525390625
-55221.05859375
-55659.9638671875
-56025.263671875
-56315.39453125
-56529.0283203125
-56665.08203125
-56722.7138671875
-56701.326171875
-56600.5576171875
-56420.2841796875
-56160.6181640625
-55821.896484375
-55404.677734375
-54909.7373046875
-54338.0576171875
-53690.8173828125
-52969.390625
-52175.3271484375
-51310.353515625
-50376.3525390625
-49375.3623046875
-48309.5595703125
-47181.2509765625
-45992.865234375
-44746.9404296875
-43446.115234375
-42093.115234375
-40690.7509765625
-39241.8994140625
-37749.5048828125
-36216.5615234375
-34646.11328125
-33041.2392578125
-31405.048828125
-29740.6787109375
-28051.28125
-26340.0205078125
-24610.064453125
-22864.583984375
-21106.7431640625
-19339.6962890625
-17566.5810546875
-15790.515625
-14014.59375
-12241.8798828125
-10475.4052734375
-8718.16015625
-6973.091796875
-5243.0966796875
-3531.021484375
-1839.65234375
-171.70703125
1470.1611328125
3083.3798828125
4665.4580078125
6213.9912109375
7726.6708984375
9201.29296875
10635.7568359375
12028.0771484375
13376.3916015625
14678.9658203125
15934.1953125
17140.6201171875
18296.9228515625
19401.94140625
20454.6650390625
21454.25
22400.0126953125
23291.4404296875
24128.1943359375
24910.107421875
25637.1865234375
26309.6162109375
26927.7578125
27492.1435546875
28003.482421875
28462.6474609375
28870.681640625
29228.7861328125
29538.3203125
29800.787109375
30017.8369140625
30191.2470703125
30322.9228515625
30414.8837890625
30469.255859375
30488.2548828125
30474.1806640625
30429.408203125
30356.3662109375
30257.537109375
30135.43359375
29992.5927734375
29831.564453125
29654.89453125
29465.1171875
29264.7421875
29056.244140625
28842.046875
28624.5224609375
28405.9716796875
28188.62109375
27974.6103515625
27765.9873046875
27564.6962890625
27372.5771484375
27191.353515625
27022.6318359375
26867.8916015625
26728.486328125
26605.6376953125
26500.431640625
26413.8173828125
26346.60546875
26299.466796875
26272.93359375
26267.39453125
26283.1005859375
26320.1611328125
26378.5478515625
26458.09765625
26558.5107421875
26679.3544921875
26820.06640625
26979.95703125
27158.2138671875
27353.8994140625
27565.9638671875
27793.2421875
28034.4619140625
28288.2451171875
28553.115234375
28827.501953125
29109.7490234375
29398.1142578125
29690.7822265625
29985.869140625
30281.4287109375
30575.4619140625
30865.9228515625
31150.73046875
31427.7724609375
31694.921875
31950.041015625
32190.9921875
32415.6552734375
32621.9287109375
32807.74609375
32971.0888671875
33109.99609375
33222.57421875
33307.0166015625
33361.603515625
33384.7255859375
33374.888671875
33330.7275390625
33251.013671875
33134.673828125
32980.787109375
32788.6064453125
32557.55859375
32287.2568359375
31977.505859375
31628.302734375
31239.8486328125
30812.5478515625
30347.009765625
29844.048828125
29304.68359375
28730.1396484375
28121.8349609375
27481.38671875
26810.5927734375
26111.435546875
25386.0625
24636.7822265625
23866.0458984375
23076.443359375
22270.677734375
21451.5576171875
20621.978515625
19784.9072265625
18943.361328125
18100.392578125
17259.0703125
16422.4599609375
15593.6044921875
14775.5078125
13971.115234375
13183.294921875
12414.8232421875
11668.361328125
10946.44921875
10251.482421875
9585.703125
8951.1845703125
8349.8212890625
7783.3193359375
7253.1884765625
6760.7333984375
6307.048828125
5893.017578125
5519.306640625
5186.3662109375
4894.43359375
4643.529296875
4433.470703125
4263.869140625
4134.140625
4043.5126953125
3991.0341796875
3975.5849609375
3995.888671875
4050.5234375
4137.9326171875
4256.4443359375
4404.279296875
4579.56640625
4780.3564453125
5004.6416015625
5250.3623046875
5515.423828125
5797.7119140625
6095.1044921875
6405.4814453125
6726.7431640625
7056.8125
7393.6552734375
7735.2802734375
8079.7548828125
8425.2119140625
8769.8466796875
9111.9365234375
9449.8359375
9781.9853515625
10106.9072265625
10423.2109375
10729.5986328125
11024.8544921875
11307.849609375
11577.5439453125
11832.9716796875
12073.25
12297.568359375
12505.1884765625
12695.4326171875
12867.6875
13021.3935546875
13156.0390625
13271.1611328125
13366.330078125
13441.1572265625
13495.2763671875
13528.349609375
13540.056640625
13530.0986328125
13498.18359375
13444.0341796875
13367.3798828125
13267.9560546875
13145.50390625
12999.76953125
12830.50390625
12637.4638671875
12420.416015625
12179.134765625
11913.408203125
11623.0390625
11307.8505859375
10967.69140625
10602.4384765625
10212.0029296875
9796.3349609375
9355.4326171875
8889.345703125
8398.1806640625
7882.1083984375
7341.3720703125
6776.2919921875
6187.267578125
5574.794921875
4939.4560546875
4281.9375
3603.0322265625
2903.6357421875
2184.759765625
1447.533203125
693.197265625
-76.8818359375
-861.2216796875
-1658.2158203125
-2466.1455078125
-3283.16796875
-4107.3251953125
-4936.556640625
-5768.6884765625
-6601.4482421875
-7432.4697265625
-8259.30078125
-9079.4111328125
-9890.201171875
-10689.017578125
-11473.1533203125
-12239.8720703125
-12986.41015625
-13709.9990234375
-14407.87109375
-15077.2783203125
-15715.5078125
-16319.8935546875
-16887.83203125
-17416.80078125
-17904.37109375
-18348.2236328125
-18746.1640625
-19096.1357421875
-19396.2373046875
-19644.734375
-19840.0732421875
-19980.8916015625
-20066.033203125
-20094.5556640625
-20065.7392578125
-19979.099609375
-19834.38671875
-19631.599609375
-19370.9853515625
-19053.041015625
-18678.5166015625
-18248.416015625
-17763.9921875
-17226.7451171875
-16638.4189453125
-16000.98828125
-15316.6572265625
-14587.8466796875
-13817.1806640625
-13007.4765625
-12161.73046875
-11283.1005859375
-10374.8916015625
-9440.5361328125
-8483.572265625
-7507.6328125
-6516.41796875
-5513.6767578125
-4503.1865234375
-3488.7275390625
-2474.0654296875
-1462.9326171875
-458.99609375
534.154296875
1513.0244140625
2474.2431640625
3414.5810546875
4330.9560546875
5220.466796875
6080.39453125
6908.224609375
7701.6533203125
8458.6064453125
9177.2392578125
9855.9482421875
10493.376953125
11088.419921875
11640.2216796875
12148.1767578125
12611.9287109375
13031.3701171875
13406.626953125
13738.05859375
14026.2470703125
14271.984375
14476.2646484375
14640.2607421875
14765.3193359375
14852.9384765625
14904.755859375
14922.52734375
14908.1015625
14863.4169921875
14790.4697265625
14691.2958984375
14567.958984375
14422.5205078125
14257.029296875
14073.5009765625
13873.8984375
13660.1162109375
13433.9677734375
13197.1669921875
12951.31640625
12697.8974609375
12438.2568359375
12173.599609375
11904.9833984375
11633.310546875
11359.326171875
11083.6142578125
10806.6015625
10528.55078125
10249.576171875
9969.6376953125
9688.5498046875
9405.9931640625
9121.51953125
8834.5634765625
8544.4560546875
8250.4345703125
7951.6572265625
7647.2197265625
7336.1640625
7017.5009765625
6690.220703125
6353.3115234375
6005.7724609375
5646.634765625
5274.9677734375
4889.90234375
4490.6435546875
4076.474609375
3646.78515625
3201.0693359375
2738.9443359375
2260.1513671875
1764.576171875
1252.2392578125
723.3173828125
178.1357421875
-382.82421875
-958.927734375
-1549.380859375
-2153.2392578125
-2769.4111328125
-3396.6552734375
-4033.595703125
-4678.72265625
-5330.4052734375
-5986.8994140625
-6646.357421875
-7306.841796875
-7966.3349609375
-8622.7548828125
-9273.9658203125
-9917.794921875
-10552.04296875
-11174.50390625
-11782.97265625
-12375.265625
-12949.2314453125
-13502.7666015625
-14033.8291015625
-14540.4482421875
-15020.74609375
-15472.9384765625
-15895.3544921875
-16286.443359375
-16644.7841796875
-16969.09765625
-17258.251953125
-17511.2705078125
-17727.3359375
-17905.798828125
-18046.1767578125
-18148.16796875
-18211.6376953125
-18236.6337890625
-18223.3798828125
-18172.271484375
-18083.8876953125
-17958.9716796875
-17798.4404296875
-17603.3740234375
-17375.0126953125
-17114.751953125
-16824.13671875
-16504.8505859375
-16158.71484375
-15787.6748046875
-15393.796875
-14979.2509765625
-14546.3125
-14097.3447265625
-13634.79296875
-13161.169921875
-12679.048828125
-12191.052734375
-11699.84375
-11208.1083984375
-10718.55078125
-10233.8779296875
-9756.79296875
-9289.978515625
-8836.0849609375
-8397.728515625
-7977.466796875
-7577.798828125
-7201.14453125
-6849.8427734375
-6526.1337890625
-6232.15234375
-5969.9150390625
-5741.3154296875
-5548.1083984375
-5391.904296875
-5274.1630859375
-5196.181640625
-5159.0888671875
-5163.83984375
-5211.20703125
-5301.779296875
-5435.9560546875
-5613.9384765625
-5835.7392578125
-6101.166015625
-6409.833984375
-6761.1591796875
-7154.3603515625
-7588.4638671875
-8062.3095703125
-8574.548828125
-9123.6572265625
-9707.9384765625
-10325.5341796875
-10974.4345703125
-11652.4814453125
-12357.3896484375
-13086.755859375
-13838.068359375
-14608.7255859375
-15396.0478515625
-16197.2958984375
-17009.68359375
-17830.3984375
-18656.61328125
-19485.5078125
-20314.2841796875
-21140.181640625
-21960.4951171875
-22772.5966796875
-23573.939453125
-24362.083984375
-25134.7109375
-25889.6318359375
-26624.80078125
-27338.333984375
-28028.5107421875
-28693.791015625
-29332.8173828125
-29944.4267578125
-30527.6494140625
-31081.720703125
-31606.072265625
-32100.3427734375
-32564.3701171875
-32998.19140625
-33402.0361328125
-33776.3212890625
-34121.64453125
-34438.771484375
-34728.6318359375
-34992.2998046875
-35230.9873046875
-35446.0244140625
-35638.8515625
-35810.9931640625
-35964.0537109375
-36099.6923828125
-36219.6044921875
-36325.5126953125
-36419.140625
-36502.1982421875
-36576.369140625
-36643.2841796875
-36704.515625
-36761.5556640625
-36815.8037109375
-36868.552734375
-36920.9765625
-36974.123046875
-37028.8974609375
-37086.0556640625
-37146.2060546875
-37209.79296875
-37277.09765625
-37348.2431640625
-37423.1826171875
-37501.70703125
-37583.4501953125
-37667.890625
-37754.35546875
-37842.03515625
-37929.9892578125
-38017.15234375
-38102.3544921875
-38184.328125
-38261.7236328125
-38333.125
-38397.0634765625
-38452.033203125
-38496.5126953125
-38528.9736328125
-38547.9033203125
-38551.818359375
-38539.283203125
-38508.923828125
-38459.447265625
-38389.650390625
-38298.4375
-38184.8349609375
-38048.001953125
-37887.23828125
-37701.9970703125
-37491.896484375
-37256.716796875
-36996.4169921875
-36711.130859375
-36401.1728515625
-36067.0390625
-35709.40625
-35329.126953125
-34927.23046875
-34504.912109375
-34063.5341796875
-33604.6083984375
-33129.7939453125
-32640.8837890625
-32139.7939453125
-31628.548828125
-31109.2705078125
-30584.16015625
-30055.4873046875
-29525.572265625
-28996.76953125
-28471.4482421875
-27951.982421875
-27440.7265625
-26940.0078125
-26452.1005859375
-25979.212890625
-25523.4755859375
-25086.9208984375
-24671.47265625
-24278.927734375
-23910.9501953125
-23569.05078125
-23254.5849609375
-22968.736328125
-22712.5126953125
-22486.7333984375
-22292.0322265625
-22128.8427734375
-21997.404296875
-21897.75
-21829.7158203125
-21792.9365234375
-21786.845703125
-21810.685546875
-21863.5029296875
-21944.162109375
-22051.349609375
-22183.58203125
-22339.21484375
-22516.4521484375
-22713.3603515625
-22927.875
-23157.818359375
-23400.912109375
-23654.7880859375
-23917.0048828125
-24185.05859375
-24456.40625
-24728.470703125
-24998.6630859375
-25264.396484375
-25523.0947265625
-25772.21875
-26009.2705078125
-26231.80859375
-26437.4716796875
-26623.98046875
-26789.150390625
-26930.9140625
-27047.3193359375
-27136.55078125
-27196.927734375
-27226.9248046875
-27225.1708984375
-27190.45703125
-27121.7451171875
-27018.1708984375
-26879.0458984375
-26703.859375
-26492.287109375
-26244.1787109375
-25959.5712890625
-25638.6748046875
-25281.8798828125
-24889.74609375
-24463.0029296875
-24002.5390625
-23509.4052734375
-22984.7939453125
-22430.0419921875
-21846.6201171875
-21236.1181640625
-20600.2412109375
-19940.798828125
-19259.689453125
-18558.8974609375
-17840.4736328125
-17106.5283203125
-16359.2197265625
-15600.7412109375
-14833.30859375
-14059.1494140625
-13280.4951171875
-12499.5625
-11718.5498046875
-10939.623046875
-10164.90625
-9396.47265625
-8636.3330078125
-7886.435546875
-7148.64453125
-6424.748046875
-5716.4404296875
-5025.3232421875
-4352.8994140625
-3700.56640625
-3069.615234375
-2461.232421875
-1876.4873046875
-1316.345703125
-781.658203125
-273.16796875
208.4912109375
662.791015625
1089.3037109375
1487.703125
1857.7578125
2199.32421875
2512.3466796875
2796.8466796875
3052.9208984375
3280.736328125
3480.5146484375
3652.541015625
3797.14453125
3914.7001953125
4005.6201171875
4070.3447265625
4109.3447265625
4123.107421875
4112.138671875
4076.955078125
4018.08203125
3936.046875
3831.384765625
3704.625
3556.3017578125
3386.94140625
3197.07421875
2987.2265625
2757.92578125
2509.703125
2243.0947265625
1958.64453125
1656.9091796875
1338.4609375
1003.892578125
653.8251953125
288.908203125
-90.1728515625
-482.6884765625
-887.8642578125
-1304.875
-1732.833984375
-2170.796875
-2617.7509765625
-3072.615234375
-3534.232421875
-4001.3720703125
-4472.7255859375
-4946.9052734375
-5422.4443359375
-5897.7958984375
-6371.3427734375
-6841.388671875
-7306.169921875
-7763.8583984375
-8212.5673828125
-8650.359375
-9075.2529296875
-9485.236328125
-9878.265625
-10252.294921875
-10605.2705078125
-10935.1533203125
-11239.9306640625
-11517.625
-11766.3173828125
-11984.15234375
-12169.3623046875
-12320.2734375
-12435.32421875
-12513.0830078125
-12552.2578125
-12551.7099609375
-12510.4677734375
-12427.7421875
-12302.9306640625
-12135.6328125
-11925.65625
-11673.02734375
-11377.9912109375
-11041.021484375
-10662.8193359375
-10244.322265625
-9786.6904296875
-9291.31640625
-8759.8125
-8194.0126953125
-7595.95703125
-6967.890625
-6312.2451171875
-5631.6279296875
-4928.8125
-4206.7177734375
-3468.3935546875
-2717.001953125
-1955.7978515625
-1188.111328125
-417.322265625
353.1572265625
1119.9033203125
1879.5048828125
2628.5869140625
3363.8291015625
4081.9873046875
4779.9150390625
5454.587890625
6103.1142578125
6722.7607421875
7310.966796875
7865.36328125
8383.779296875
8864.265625
9305.095703125
9704.78515625
10062.091796875
10376.0244140625
10645.845703125
10871.078125
11051.49609375
11187.13671875
11278.28125
11325.4619140625
11329.4482421875
11291.240234375
11212.05859375
11093.33203125
10936.68359375
10743.916015625
10517.0
10258.0517578125
9969.3193359375
9653.166015625
9312.0478515625
8948.498046875
8565.1064453125
8164.5029296875
7749.3369140625
7322.2568359375
6885.8974609375
6442.8564453125
5995.681640625
5546.8544921875
5098.7744140625
4653.7421875
4213.953125
3781.48046875
3358.2626953125
2946.1025390625
2546.650390625
2161.404296875
1791.6962890625
1438.7021484375
1103.423828125
786.697265625
489.19140625
211.4052734375
-46.32421875
-283.8193359375
-501.0634765625
-698.185546875
-875.4599609375
-1033.298828125
-1172.2392578125
-1292.9404296875
-1396.1669921875
-1482.787109375
-1553.7568359375
-1610.107421875
-1652.9443359375
-1683.4228515625
-1702.748046875
-1712.1552734375
-1712.9072265625
-1706.2783203125
-1693.5419921875
-1675.9658203125
-1654.8017578125
-1631.2685546875
-1606.5537109375
-1581.7978515625
-1558.08984375
-1536.4580078125
-1517.8662109375
-1503.203125
-1493.2822265625
-1488.8349609375
-1490.50390625
-1498.8466796875
-1514.32421875
-1537.3076171875
-1568.0712890625
-1606.794921875
-1653.5634765625
-1708.3662109375
-1771.099609375
-1841.5712890625
-1919.5
-2004.51953125
-2096.181640625
-2193.9619140625
-2297.263671875
-2405.4248046875
-2517.71875
-2633.3662109375
-2751.53515625
-2871.35546875
-2991.91796875
-3112.28515625
-3231.4970703125
-3348.580078125
-3462.5556640625
-3572.4404296875
-3677.26171875
-3776.0625
-3867.90625
-3951.8876953125
-4027.1357421875
-4092.8251953125
-4148.1767578125
-4192.4677734375
-4225.0380859375
-4245.294921875
-4252.71484375
-4246.8486328125
-4227.3330078125
-4193.884765625
-4146.3056640625
-4084.4873046875
-4008.4150390625
-3918.158203125
-3813.88671875
-3695.85546875
-3564.412109375
-3419.9970703125
-3263.1337890625
-3094.4306640625
-2914.580078125
-2724.3466796875
-2524.5732421875
-2316.1650390625
-2100.091796875
-1877.3759765625
-1649.0888671875
-1416.3447265625
-1180.2900390625
-942.0986328125
-702.9599609375
-464.072265625
-226.6396484375
8.1484375
239.1162109375
465.111328125
685.021484375
897.7685546875
1102.333984375
1297.75390625
1483.1318359375
1657.6435546875
1820.548828125
1971.193359375
2109.015625
2233.552734375
2344.4443359375
2441.4384765625
2524.3876953125
2593.2607421875
2648.1376953125
2689.2119140625
2716.7919921875
2731.29296875
2733.24609375
2723.283203125
2702.1435546875
2670.66015625
2629.7607421875
2580.4560546875
2523.8359375
2461.060546875
2393.3486328125
2321.970703125
2248.240234375
2173.498046875
2099.1064453125
2026.43359375
1956.841796875
1891.6796875
1832.2646484375
1779.875
1735.7314453125
1700.9921875
1676.7373046875
1663.95703125
1663.541015625
1676.2685546875
1702.7998046875
1743.662109375
1799.248046875
1869.8017578125
1955.4189453125
2056.03515625
2171.4248046875
2301.2021484375
2444.810546875
2601.529296875
2770.4736328125
2950.5908203125
3140.67578125
3339.3603515625
3545.1318359375
3756.3388671875
3971.19140625
4187.783203125
4404.091796875
4617.9990234375
4827.298828125
5029.712890625
5222.9091796875
5404.509765625
5572.115234375
5723.3154296875
5855.7099609375
5966.9248046875
6054.6259765625
6116.54296875
6150.4794921875
6154.3349609375
6126.1171875
6063.958984375
5966.1357421875
5831.072265625
5657.3642578125
5443.7822265625
5189.2890625
4893.04296875
4554.412109375
4172.97265625
3748.525390625
3281.0859375
2770.8994140625
2218.4306640625
1624.3701171875
989.6298828125
315.3369140625
-397.1669921875
-1146.337890625
-1930.435546875
-2747.52734375
-3595.5087890625
-4472.1044921875
-5374.888671875
-6301.29296875
-7248.62109375
-8214.0673828125
-9194.7236328125
-10187.59765625
-11189.634765625
-12197.7216796875
-13208.708984375
-14219.421875
-15226.6806640625
-16227.3046875
-17218.1376953125
-18196.048828125
-19157.95703125
-20100.830078125
-21021.7060546875
-21917.6943359375
-22785.990234375
-23623.880859375
-24428.7529296875
-25198.0947265625
-25929.5087890625
-26620.7109375
-27269.53125
-27873.9248046875
-28431.966796875
-28941.857421875
-29401.9208984375
-29810.6044921875
-30166.4833984375
-30468.25390625
-30714.736328125
-30904.873046875
-31037.7265625
-31112.4794921875
-31128.431640625
-31085.0009765625
-30981.7236328125
-30818.248046875
-30594.33984375
-30309.87890625
-29964.86328125
-29559.40234375
-29093.7265625
-28568.181640625
-27983.234375
-27339.47265625
-26637.6083984375
-25878.478515625
-25063.048828125
-24192.4150390625
-23267.810546875
-22290.6005859375
-21262.291015625
-20184.529296875
-19059.1044921875
-17887.94921875
-16673.14453125
-15416.9150390625
-14121.6337890625
-12789.8154296875
-11424.12109375
-10027.3515625
-8602.4462890625
-7152.47265625
-5680.6328125
-4190.2451171875
-2684.744140625
-1167.66796875
357.3515625
1886.59375
3416.2705078125
4942.5283203125
6461.47265625
7969.1748046875
9461.6865234375
10935.0634765625
12385.3779296875
13808.7314453125
15201.2783203125
16559.240234375
17878.9267578125
19156.751953125
20389.2490234375
21573.091796875
22705.1103515625
23782.30859375
24801.87890625
25761.21484375
26657.93359375
27489.8798828125
28255.1435546875
28952.06640625
29579.2568359375
30135.59375
30620.2353515625
31032.623046875
31372.486328125
31639.84375
31835.00390625
31958.5615234375
32011.3994140625
31994.6796875
31909.8408203125
31758.5830078125
31542.8701171875
31264.9072265625
30927.1376953125
30532.2236328125
30083.0341796875
29582.625
29034.23046875
28441.234375
27807.162109375
27135.6494140625
26430.435546875
25695.3291015625
24934.19921875
24150.9443359375
23349.4794921875
22533.70703125
21707.5009765625
20874.685546875
20039.01171875
19204.140625
18373.619140625
17550.8681640625
16739.162109375
15941.607421875
15161.1328125
14400.470703125
13662.1455078125
12948.462890625
12261.4921875
11603.06640625
10974.765625
10377.9150390625
9813.580078125
9282.55859375
8785.384765625
8322.32421875
7893.3779296875
7498.2841796875
7136.5244140625
6807.326171875
6509.6728515625
6242.3154296875
6003.7763671875
5792.3681640625
5606.203125
5443.2099609375
5301.146484375
5177.619140625
5070.099609375
4975.9453125
4892.4130859375
4816.6865234375
4745.8916015625
4677.12109375
4607.451171875
4533.9658203125
4453.779296875
4364.0517578125
4262.0185546875
4144.9990234375
4010.427734375
3855.8662109375
3679.0234375
3477.7734375
3250.169921875
2994.4609375
2709.10546875
2392.7802734375
2044.3984375
1663.109375
1248.3095703125
799.6533203125
317.0478515625
-199.337890625
-749.07421875
-1331.4765625
-1945.5986328125
-2590.251953125
-3263.99609375
-3965.162109375
-4691.8515625
-5441.9541015625
-6213.154296875
-7002.9541015625
-7808.681640625
-8627.5107421875
-9456.4765625
-10292.494140625
-11132.380859375
-11972.8720703125
-12810.642578125
-13642.326171875
-14464.537109375
-15273.8916015625
-16067.02734375
-16840.6181640625
-17591.40625
-18316.20703125
-19011.9375
-19675.6298828125
-20304.44921875
-20895.7060546875
-21446.87890625
-21955.6171875
-22419.7607421875
-22837.3505859375
-23206.6357421875
-23526.080078125
-23794.375
-24010.4384765625
-24173.42578125
-24282.724609375
-24337.9609375
-24339.0
-24285.9404296875
-24179.115234375
-24019.0869140625
-23806.6376953125
-23542.7734375
-23228.7080078125
-22865.8544921875
-22455.8212890625
-22000.3994140625
-21501.5498046875
-20961.396484375
-20382.2080078125
-19766.3916015625
-19116.4716796875
-18435.08984375
-17724.97265625
-16988.93359375
-16229.853515625
-15450.662109375
-14654.3291015625
-13843.8466796875
-13022.2197265625
-12192.447265625
-11357.5078125
-10520.3525390625
-9683.888671875
-8850.962890625
-8024.3515625
-7206.755859375
-6400.7783203125
-5608.9208984375
-4833.5712890625
-4076.9970703125
-3341.330078125
-2628.56640625
-1940.5517578125
-1278.98046875
-645.3876953125
-41.14453125
532.5478515625
1074.65625
1584.3232421875
2060.865234375
2503.775390625
2912.7197265625
3287.537109375
3628.23828125
3935.0048828125
4208.1748046875
4448.2509765625
4655.8857421875
4831.8798828125
4977.1708984375
5092.8271484375
5180.0390625
5240.1123046875
5274.44921875
5284.5498046875
5271.9921875
5238.427734375
5185.5634765625
5115.1572265625
5028.9990234375
4928.9072265625
4816.7099609375
4694.240234375
4563.318359375
4425.7490234375
4283.3056640625
4137.720703125
3990.6826171875
3843.8203125
3698.701171875
3556.8203125
3419.599609375
3288.3798828125
3164.4130859375
3048.869140625
2942.82421875
2847.2646484375
2763.087890625
2691.0947265625
2632.00390625
2586.4423828125
2554.9580078125
2538.013671875
2536.001953125
2549.2431640625
2577.9951171875
2622.451171875
2682.759765625
2759.0166015625
2851.28125
2959.580078125
3083.91015625
3224.25
3380.5625
3552.7998046875
3740.912109375
3944.845703125
4164.5537109375
4399.9970703125
4651.142578125
4917.970703125
5200.474609375
5498.6591796875
5812.5390625
6142.140625
6487.501953125
6848.6591796875
7225.65625
7618.53125
8027.3173828125
8452.0322265625
8892.6787109375
9349.2314453125
9821.6376953125
10309.8037109375
10813.5966796875
11332.8310546875
11867.263671875
12416.5908203125
12980.4423828125
13558.369140625
14149.849609375
14754.27734375
15370.958984375
15999.1171875
16637.8798828125
17286.287109375
17943.287109375
18607.734375
19278.40234375
19953.97265625
20633.046875
21314.1494140625
21995.7333984375
22676.185546875
23353.8349609375
24026.9599609375
24693.796875
25352.548828125
26001.396484375
26638.505859375
27262.04296875
27870.177734375
28461.0986328125
29033.0244140625
29584.212890625
30112.9677734375
30617.6591796875
31096.7177734375
31548.658203125
31972.0810546875
32365.6787109375
32728.2470703125
33058.693359375
33356.03515625
33619.412109375
33848.083984375
34041.4423828125
34199.0009765625
34320.408203125
34405.443359375
34454.015625
34466.162109375
34442.048828125
34381.9677734375
34286.33203125
34155.6708984375
33990.626953125
33791.9541015625
33560.505859375
33297.23046875
33003.1708984375
32679.44921875
32327.2685546875
31947.8984375
31542.67578125
31112.9892578125
30660.2783203125
30186.025390625
29691.7490234375
29178.99609375
28649.337890625
28104.359375
27545.6591796875
26974.841796875
26393.5107421875
25803.265625
25205.697265625
24602.3828125
23994.880859375
23384.7314453125
22773.4462890625
22162.513671875
21553.3896484375
20947.4951171875
20346.21875
19750.90625
19162.869140625
18583.3720703125
18013.6357421875
17454.8388671875
16908.109375
16374.525390625
15855.1181640625
15350.8623046875
14862.68359375
14391.44921875
13937.97265625
13503.0068359375
13087.248046875
12691.3349609375
12315.8408203125
11961.279296875
11628.1005859375
11316.69140625
11027.3720703125
10760.40234375
10515.96875
10294.1982421875
10095.1474609375
9918.80859375
9765.10546875
9633.8994140625
9524.9814453125
9438.080078125
9372.861328125
9328.9248046875
9305.810546875
9302.9990234375
9319.91015625
9355.908203125
9410.3037109375
9482.3515625
9571.26171875
9676.19140625
9796.255859375
9930.52734375
10078.0419921875
10237.79296875
10408.748046875
10589.83984375
10779.9765625
10978.041015625
11182.8984375
11393.3974609375
11608.3701171875
11826.642578125
12047.033203125
12268.3544921875
12489.4248046875
12709.0615234375
12926.0927734375
13139.357421875
13347.7060546875
13550.009765625
13745.162109375
13932.078125
14109.7060546875
14277.0234375
14433.0439453125
14576.8232421875
14707.4560546875
14824.087890625
14925.9130859375
15012.177734375
15082.189453125
15135.314453125
15170.982421875
15188.69140625
15188.0107421875
15168.58203125
15130.123046875
15072.4296875
14995.3818359375
14898.9384765625
14783.146484375
14648.1328125
14494.1171875
14321.4013671875
14130.375
13921.515625
13695.3818359375
13452.6171875
13193.9462890625
12920.1689453125
12632.1611328125
12330.8681640625
12017.2998046875
11692.5244140625
11357.666015625
11013.8935546875
10662.4189453125
10304.482421875
9941.3505859375
9574.3046875
9204.6357421875
8833.6298828125
8462.5634765625
8092.689453125
7725.2333984375
7361.3798828125
7002.2646484375
6648.962890625
6302.486328125
5963.7685546875
5633.6611328125
5312.921875
5002.2138671875
4702.0927734375
4413.0078125
4135.29296875
3869.166015625
3614.7216796875
3371.9375
3140.6650390625
2920.638671875
2711.4658203125
2512.6455078125
2323.556640625
2143.474609375
1971.5654296875
1806.9072265625
1648.484375
1495.205078125
1345.904296875
1199.3603515625
1054.2998046875
909.412109375
763.361328125
614.7958984375
462.361328125
304.7138671875
140.53125
-31.4736328125
-212.544921875
-403.8701171875
-606.5654296875
-821.6748046875
-1050.1533203125
-1292.859375
-1550.552734375
-1823.8779296875
-2113.37109375
-2419.4453125
-2742.3896484375
-3082.3720703125
-3439.4326171875
-3813.486328125
-4204.3212890625
-4611.609375
-5034.8984375
-5473.625
-5927.12109375
-6394.61328125
-6875.2353515625
-7368.0390625
-7871.994140625
-8386.0087890625
-8908.9296875
-9439.5615234375
-9976.6689453125
-10518.9921875
-11065.2578125
-11614.185546875
-12164.5029296875
-12714.9521484375
-13264.2998046875
-13811.3486328125
-14354.9404296875
-14893.9697265625
-15427.3857421875
-15954.2001953125
-16473.4912109375
-16984.4091796875
-17486.1787109375
-17978.0986328125
-18459.548828125
-18929.9814453125
-19388.9287109375
-19835.9970703125
-20270.8623046875
-20693.2724609375
-21103.0341796875
-21500.017578125
-21884.14453125
-22255.3837890625
-22613.744140625
-22959.2724609375
-23292.03515625
-23612.1240234375
-23919.638671875
-24214.6845703125
-24497.369140625
-24767.783203125
-25026.005859375
-25272.0947265625
-25506.080078125
-25727.95703125
-25937.6865234375
-26135.185546875
-26320.330078125
-26492.9501953125
-26652.82421875
-26799.6845703125
-26933.2158203125
-27053.0498046875
-27158.775390625
-27249.935546875
-27326.0283203125
-27386.513671875
-27430.8173828125
-27458.3291015625
-27468.4150390625
-27460.4169921875
-27433.6591796875
-27387.4521484375
-27321.1025390625
-27233.9072265625
-27125.173828125
-26994.2099609375
-26840.33984375
-26662.900390625
-26461.2509765625
-26234.771484375
-25982.8681640625
-25704.9765625
-25400.5634765625
-25069.125
-24710.1904296875
-24323.3232421875
-23908.1171875
-23464.2001953125
-22991.2294921875
-22488.890625
-21956.900390625
-21394.99609375
-20802.9404296875
-20180.5185546875
-19527.5283203125
-18843.7900390625
-18129.130859375
-17383.3955078125
-16606.4345703125
-15798.1083984375
-14958.2861328125
-14086.8427734375
-13183.662109375
-12248.6357421875
-11281.6689453125
-10282.677734375
-9251.59765625
-8188.380859375
-7093.01171875
-5965.5009765625
-4805.9013671875
-3614.3115234375
-2390.8837890625
-1135.8330078125
150.5537109375
1467.9072265625
2815.767578125
4193.5703125
5600.6416015625
7036.18359375
8499.265625
9988.81640625
11503.609375
13042.26171875
14603.220703125
16184.7587890625
17784.966796875
19401.7548828125
21032.8359375
22675.7431640625
24327.8134765625
25986.1953125
27647.8525390625
29309.5673828125
30967.951171875
32619.4462890625
34260.3447265625
35886.794921875
37494.8154296875
39080.3173828125
40639.11328125
42166.9453125
43659.4970703125
45112.419921875
46521.3564453125
47881.9658203125
49189.9404296875
50441.0390625
51631.111328125
52756.12109375
53812.1689453125
54795.525390625
55702.650390625
56530.21484375
57275.1298828125
57934.560546875
58505.9560546875
58987.0546875
59375.9140625
59670.91796875
59870.7861328125
59974.5966796875
59981.77734375
59892.1259765625
59705.8046875
59423.3408203125
59045.6298828125
58573.9248046875
58009.8310546875
57355.2978515625
56612.60546875
55784.3515625
54873.431640625
53883.02734375
52816.5771484375
51677.765625
50470.4912109375
49198.84375
47867.0859375
46479.619140625
45040.9619140625
43555.71875
42028.5615234375
40464.1943359375
38867.3330078125
37242.677734375
35594.8876953125
33928.560546875
32248.205078125
30558.228515625
28862.908203125
27166.3798828125
25472.6181640625
23785.427734375
22108.4248046875
20445.02734375
18798.4541015625
17171.7099609375
15567.5849609375
13988.6513671875
12437.2607421875
10915.5517578125
9425.44140625
7968.638671875
6546.6484375
5160.771484375
3812.119140625
2501.6220703125
1230.033203125
-2.052734375
-1194.2001953125
-2346.107421875
-3457.609375
-4528.65625
-5559.3095703125
-6549.7236328125
-7500.142578125
-8410.8837890625
-9282.33203125
-10114.927734375
-10909.1640625
-11665.5693359375
-12384.7109375
-13067.177734375
-13713.5830078125
-14324.556640625
-14900.740234375
-15442.7861328125
-15951.3505859375
-16427.09375
-16870.681640625
-17282.7763671875
-17664.0419921875
-18015.1455078125
-18336.7470703125
-18629.5126953125
-18894.103515625
-19131.1806640625
-19341.40625
-19525.4423828125
-19683.94921875
-19817.5859375
-19927.01171875
-20012.8818359375
-20075.8486328125
-20116.5615234375
-20135.66015625
-20133.7802734375
-20111.54296875
-20069.560546875
-20008.42578125
-19928.71875
-19830.9951171875
-19715.7890625
-19583.60546875
-19434.92578125
-19270.1982421875
-19089.8349609375
-18894.21875
-18683.69140625
-18458.55859375
-18219.08984375
-17965.513671875
-17698.0234375
-17416.7763671875
-17121.896484375
-16813.4755859375
-16491.576171875
-16156.2412109375
-15807.4912109375
-15445.3330078125
-15069.7666015625
-14680.7919921875
-14278.4130859375
-13862.6484375
-13433.53515625
-12991.1455078125
-12535.583984375
-12067.00390625
-11585.611328125
-11091.677734375
-10585.54296875
-10067.6259765625
-9538.431640625
-8998.5556640625
-8448.6943359375
-7889.6435546875
-7322.3115234375
-6747.7138671875
-6166.9794921875
-5581.35546875
-4992.19921875
-4400.9833984375
-3809.29296875
-3218.8193359375
-2631.3583984375
-2048.80078125
-1473.130859375
-906.4091796875
-350.7744140625
191.576171875
718.39453125
1227.3955078125
1716.265625
2182.68359375
2624.330078125
3038.9033203125
3424.134765625
3777.802734375
4097.751953125
4381.9013671875
4628.26953125
4834.9775390625
5000.271484375
5122.53515625
5200.2998046875
5232.255859375
5217.26953125
5154.3857421875
5042.8427734375
4882.076171875
4671.7275390625
4411.6484375
4101.9013671875
3742.76953125
3334.7509765625
2878.5595703125
2375.123046875
1825.5849609375
1231.287109375
593.7783203125
-85.203125
-803.734375
-1559.7197265625
-2350.8974609375
-3174.857421875
-4029.048828125
-4910.7978515625
-5817.322265625
-6745.740234375
-7693.0927734375
-8656.361328125
-9632.47265625
-10618.3251953125
-11610.8095703125
-12606.8115234375
-13603.236328125
-14597.029296875
-15585.181640625
-16564.7529296875
-17532.8828125
-18486.8076171875
-19423.8720703125
-20341.5419921875
-21237.4189453125
-22109.248046875
-22954.9287109375
-23772.525390625
-24560.2744140625
-25316.5927734375
-26040.080078125
-26729.5263671875
-27383.9169921875
-28002.4296875
-28584.443359375
-29129.53125
-29637.46484375
-30108.2060546875
-30541.916015625
-30938.9326171875
-31299.7822265625
-31625.1650390625
-31915.9482421875
-32173.162109375
-32397.984375
-32591.73828125
-32755.8759765625
-32891.974609375
-33001.7158203125
-33086.8828125
-33149.3427734375
-33191.0341796875
-33213.9599609375
-33220.16796875
-33211.7392578125
-33190.779296875
-33159.4013671875
-33119.7158203125
-33073.8154296875
-33023.7666015625
-32971.5947265625
-32919.27734375
-32868.728515625
-32821.7919921875
-32780.2333984375
-32745.7255859375
-32719.8466796875
-32704.072265625
-32699.7666015625
-32708.1806640625
-32730.44140625
-32767.5556640625
-32820.40234375
-32889.732421875
-32976.1650390625
-33080.1923828125
-33202.1748046875
-33342.34375
-33500.8046875
-33677.5380859375
-33872.4052734375
-34085.1494140625
-34315.3974609375
-34562.67578125
-34826.3994140625
-35105.8916015625
-35400.3837890625
-35709.0166015625
-36030.861328125
-36364.90625
-36710.0810546875
-37065.2509765625
-37429.23046875
-37800.787109375
-38178.6455078125
-38561.498046875
-38948.0068359375
-39336.8134765625
-39726.5380859375
-40115.7919921875
-40503.1748046875
-40887.287109375
-41266.728515625
-41640.1044921875
-42006.02734375
-42363.1259765625
-42710.0419921875
-43045.43359375
-43367.986328125
-43676.4033203125
-43969.41796875
-44245.7900390625
-44504.3115234375
-44743.806640625
-44963.1337890625
-45161.1875
-45336.9033203125
-45489.2548828125
-45617.2587890625
-45719.9765625
-45796.515625
-45846.033203125
-45867.7353515625
-45860.8798828125
-45824.78125
-45758.810546875
-45662.3974609375
-45535.033203125
-45376.2724609375
-45185.7353515625
-44963.1083984375
-44708.1513671875
-44420.69140625
-44100.6279296875
-43747.939453125
-43362.673828125
-42944.9619140625
-42495.00390625
-42013.083984375
-41499.55859375
-40954.86328125
-40379.5107421875
-39774.083984375
-39139.2431640625
-38475.71875
-37784.3056640625
-37065.873046875
-36321.34375
-35551.705078125
-34757.99609375
-33941.30859375
-33102.7783203125
-32243.5849609375
-31364.9423828125
-30468.0947265625
-29554.3125
-28624.8857421875
-27681.1220703125
-26724.333984375
-25755.8388671875
-24776.9541015625
-23788.990234375
-22793.2470703125
-21791.0087890625
-20783.5380859375
-19772.078125
-18757.8427734375
-17742.017578125
-16725.755859375
-15710.1796875
-14696.373046875
-13685.388671875
-12678.240234375
-11675.9072265625
-10679.3359375
-9689.4375
-8707.09375
-7733.154296875
-6768.447265625
-5813.771484375
-4869.908203125
-3937.6220703125
-3017.662109375
-2110.7705078125
-1217.6806640625
-339.1240234375
524.166015625
1371.451171875
2201.98828125
3015.021484375
3809.78125
4585.4873046875
5341.3408203125
6076.525390625
6790.2080078125
7481.5400390625
8149.6552734375
8793.673828125
9412.705078125
10005.849609375
10572.2021484375
11110.857421875
11620.9189453125
12101.49609375
12551.7197265625
12970.7431640625
13357.7529296875
13711.9775390625
14032.69140625
14319.2275390625
14570.984375
14787.4384765625
14968.1484375
15112.7666015625
15221.0478515625
15292.859375
15328.18359375
15327.1328125
15289.9521484375
15217.0263671875
15108.8876953125
14966.216796875
14789.8505859375
14580.783203125
14340.1669921875
14069.318359375
13769.70703125
13442.96484375
13090.8779296875
12715.3828125
12318.5595703125
11902.630859375
11469.9453125
11022.97265625
10564.2958984375
10096.5947265625
9622.6376953125
9145.2626953125
8667.3662109375
8191.888671875
7721.7978515625
7260.06640625
6809.6630859375
6373.5283203125
5954.564453125
5555.6064453125
5179.4130859375
4828.64453125
4505.8505859375
4213.4423828125
3953.6884765625
3728.693359375
3540.380859375
3390.484375
3280.53125
3211.8330078125
3185.4755859375
3202.3056640625
3262.931640625
3367.7119140625
3516.751953125
3709.9033203125
3946.7646484375
4226.67578125
4548.728515625
4911.767578125
5314.3955078125
5754.984375
6231.68359375
6742.4267578125
7284.953125
7856.8125
8455.3857421875
9077.9013671875
9721.4453125
10382.990234375
11059.408203125
11747.48828125
12443.9599609375
13145.5146484375
13848.822265625
14550.5537109375
15247.400390625
15936.091796875
16613.421875
17276.259765625
17921.5703125
18546.43359375
19148.0576171875
19723.794921875
20271.1552734375
20787.8173828125
21271.6435546875
21720.681640625
22133.1826171875
22507.595703125
22842.5849609375
23137.0224609375
23389.9970703125
23600.8115234375
23768.9794921875
23894.2265625
23976.4833984375
24015.8828125
24012.7490234375
23967.5947265625
23881.111328125
23754.1533203125
23587.7392578125
23383.029296875
23141.3203125
22864.0322265625
22552.6943359375
22208.9365234375
21834.4697265625
21431.080078125
21000.6142578125
20544.96484375
20066.0625
19565.86328125
19046.33203125
18509.4423828125
17957.158203125
17391.4287109375
16814.177734375
16227.2978515625
15632.642578125
15032.01953125
14427.1845703125
13819.83984375
13211.6240234375
12604.1162109375
11998.8232421875
11397.185546875
10800.5751953125
10210.2861328125
9627.5419921875
9053.4912109375
8489.2060546875
7935.6865234375
7393.8564453125
6864.5634765625
6348.5830078125
5846.6142578125
5359.28515625
4887.1474609375
4430.681640625
3990.294921875
3566.322265625
3159.025390625
2768.595703125
2395.150390625
2038.7353515625
1699.326171875
1376.826171875
1071.06640625
781.8095703125
508.7451171875
251.498046875
9.6220703125
-217.3974609375
-430.1357421875
-629.2314453125
-815.384765625
-989.3525390625
-1151.94140625
-1304.009765625
-1446.4609375
-1580.234375
-1706.302734375
-1825.666015625
-1939.345703125
-2048.37109375
-2153.7802734375
-2256.60546875
-2357.8681640625
-2458.56640625
-2559.6708984375
-2662.1142578125
-2766.7783203125
-2874.4892578125
-2986.0087890625
-3102.0224609375
-3223.1357421875
-3349.8642578125
-3482.626953125
-3621.7431640625
-3767.41796875
-3919.7509765625
-4078.7236328125
-4244.1982421875
-4415.9228515625
-4593.5205078125
-4776.501953125
-4964.2587890625
-5156.0751953125
-5351.12890625
-5548.4951171875
-5747.16015625
-5946.025390625
-6143.9228515625
-6339.6181640625
-6531.828125
-6719.234375
-6900.494140625
-7074.2548828125
-7239.169921875
-7393.9130859375
-7537.193359375
-7667.7705078125
-7784.470703125
-7886.201171875
-7971.9609375
-8040.8603515625
-8092.1279296875
-8125.126953125
-8139.36328125
-8134.4912109375
-8110.3310546875
-8066.865234375
-8004.251953125
-7922.8173828125
-7823.0703125
-7705.69140625
-7571.5341796875
-7421.6201171875
-7257.138671875
-7079.4296875
-6889.9794921875
-6690.4130859375
-6482.4716796875
-6268.009765625
-6048.970703125
-5827.375
-5605.302734375
-5384.869140625
-5168.21484375
-4957.4775390625
-4754.7763671875
-4562.1904296875
-4381.7373046875
-4215.359375
-4064.892578125
-3932.0615234375
-3818.453125
-3725.5
-3654.47265625
-3606.455078125
-3582.337890625
-3582.8115234375
-3608.3486328125
-3659.2060546875
-3735.41015625
-3836.763671875
-3962.841796875
-4112.9892578125
-4286.3291015625
-4481.7666015625
-4697.9970703125
-4933.515625
-5186.6298828125
-5455.4736328125
-5738.0166015625
-6032.0927734375
-6335.40625
-6645.5595703125
-6960.0693359375
-7276.390625
-7591.9384765625
-7904.1083984375
-8210.3037109375
-8507.9541015625
-8794.5419921875
-9067.6220703125
-9324.845703125
-9563.9814453125
-9782.935546875
-9979.7705078125
-10152.724609375
-10300.224609375
-10420.9033203125
-10513.6171875
-10577.4462890625
-10611.71484375
-10615.9912109375
-10590.0986328125
-10534.1103515625
-10448.3603515625
-10333.435546875
-10190.171875
-10019.65625
-9823.2080078125
-9602.3798828125
-9358.9365234375
-9094.849609375
-8812.2802734375
-8513.560546875
-8201.177734375
-7877.75390625
-7546.025390625
-7208.82421875
-6869.0556640625
-6529.66796875
-6193.6435546875
-5863.96484375
-5543.5947265625
-5235.453125
-4942.3974609375
-4667.197265625
-4412.513671875
-4180.876953125
-3974.67578125
-3796.125
-3647.26171875
-3529.9248046875
-3445.736328125
-3396.09765625
-3382.171875
-3404.87890625
-3464.888671875
-3562.6103515625
-3698.1982421875
-3871.5390625
-4082.265625
-4329.7470703125
-4613.09765625
-4931.185546875
-5282.6357421875
-5665.841796875
-6078.9765625
-6520.0009765625
-6986.68359375
-7476.6123046875
-7987.208984375
-8515.74609375
-9059.369140625
-9615.111328125
-10179.912109375
-10750.6416015625
-11324.11328125
-11897.11328125
-12466.41015625
-13028.783203125
-13581.0400390625
-14120.037109375
-14642.693359375
-15146.017578125
-15627.1201171875
-16083.23046875
-16511.716796875
-16910.09765625
-17276.0615234375
-17607.4716796875
-17902.384765625
-18159.0595703125
-18375.9638671875
-18551.7890625
-18685.447265625
-18776.0849609375
-18823.08203125
-18826.0576171875
-18784.8662109375
-18699.6025390625
-18570.595703125
-18398.41015625
-18183.8349609375
-17927.884765625
-17631.787109375
-17296.978515625
-16925.0927734375
-16517.9501953125
-16077.5439453125
-15606.0361328125
-15105.7314453125
-14579.076171875
-14028.630859375
-13457.0634765625
-12867.1298828125
-12261.6572265625
-11643.52734375
-11015.66015625
-10380.994140625
-9742.46875
-9103.013671875
-8465.5185546875
-7832.8271484375
-7207.7158203125
-6592.87890625
-5990.908203125
-5404.28515625
-4835.359375
-4286.33984375
-3759.2763671875
-3256.0556640625
-2778.384765625
-2327.7802734375
-1905.5654296875
-1512.861328125
-1150.5732421875
-819.4013671875
-519.8232421875
-252.099609375
-16.275390625
187.826171875
360.5908203125
502.6171875
614.7041015625
697.8505859375
753.2412109375
782.2373046875
786.3681640625
767.3134765625
726.896484375
667.06640625
589.875
497.4765625
392.0947265625
276.015625
151.564453125
21.087890625
-113.0615234375
-248.546875
-383.0625
-514.3564453125
-640.2412109375
-758.615234375
-867.4755859375
-964.9384765625
-1049.2451171875
-1118.7802734375
-1172.083984375
-1207.8583984375
-1224.9765625
-1222.4921875
-1199.6435546875
-1155.85546875
-1090.7451171875
-1004.119140625
-895.9716796875
-766.4833984375
-616.017578125
-445.107421875
-254.4580078125
-44.9248046875
182.4853515625
426.63671875
686.271484375
960.0263671875
1246.4482421875
1544.0107421875
1851.125
2166.169921875
2487.4931640625
2813.439453125
3142.3642578125
3472.6484375
3802.7216796875
4131.0693359375
4456.25390625
4776.923828125
5091.8330078125
5399.845703125
5699.9521484375
5991.27734375
6273.0869140625
6544.7919921875
6805.9599609375
7056.3095703125
7295.720703125
7524.2275390625
7742.021484375
7949.4462890625
8146.9931640625
8335.2958984375
8515.123046875
8687.37109375
8853.052734375
9013.287109375
9169.291015625
9322.3623046875
9473.873046875
9625.2509765625
9777.9716796875
9933.5400390625
10093.4833984375
10259.33203125
10432.609375
10614.8212890625
10807.44140625
11011.900390625
11229.5771484375
11461.7890625
11709.77734375
11974.7119140625
12257.6728515625
12559.646484375
12881.52734375
13224.107421875
13588.0751953125
13974.017578125
14382.4130859375
14813.6376953125
15267.9599609375
15745.5498046875
16246.474609375
16770.70703125
17318.1220703125
17888.51171875
18481.578125
19096.947265625
19734.1640625
20392.7099609375
21071.99609375
21771.3759765625
22490.14453125
23227.5478515625
23982.7841796875
24755.0087890625
25543.3359375
26346.8447265625
27164.5810546875
27995.5576171875
28838.7607421875
29693.146484375
30557.6455078125
31431.1630859375
32312.5791015625
33200.7509765625
34094.5087890625
34992.66015625
35893.986328125
36797.248046875
37701.1787109375
38604.48828125
39505.8603515625
40403.9619140625
41297.427734375
42184.880859375
43064.9169921875
43936.1181640625
44797.0498046875
45646.267578125
46482.3134765625
47303.7294921875
48109.0546875
48896.833984375
49665.6220703125
50413.9892578125
51140.5302734375
51843.8662109375
52522.65625
53175.6005859375
53801.451171875
54399.0166015625
54967.1689453125
55504.8564453125
56011.1005859375
56485.0126953125
56925.79296875
57332.7392578125
57705.2568359375
58042.853515625
58345.1494140625
58611.8837890625
58842.9072265625
59038.1953125
59197.8408203125
59322.0576171875
59411.177734375
59465.650390625
59486.04296875
59473.02734375
59427.38671875
59350.005859375
59241.8583984375
59104.013671875
58937.6162109375
58743.88671875
58524.1064453125
58279.6142578125
58011.794921875
57722.0654296875
57411.875
57082.6845703125
56735.9638671875
56373.1796875
55995.78515625
55605.212890625
55202.8662109375
54790.1083984375
54368.2548828125
53938.5703125
53502.25390625
53060.4423828125
52614.201171875
52164.5126953125
51712.28515625
51258.33984375
50803.412109375
50348.1494140625
49893.109375
49438.76171875
48985.4853515625
48533.5712890625
48083.2255859375
47634.5673828125
47187.6357421875
46742.388671875
46298.712890625
45856.4169921875
45415.248046875
44974.8857421875
44534.955078125
44095.021484375
43654.6064453125
43213.1845703125
42770.19140625
42325.029296875
41877.0712890625
41425.6640625
40970.1376953125
40509.80859375
40043.9814453125
39571.9580078125
39093.0400390625
38606.5361328125
38111.7626953125
37608.0546875
37094.763671875
36571.2666015625
36036.9716796875
35491.3212890625
34933.794921875
34363.919921875
33781.2705078125
33185.4775390625
32576.228515625
31953.28125
31316.45703125
30665.658203125
30000.86328125
29322.138671875
28629.6396484375
27923.6162109375
27204.421875
26472.5107421875
25728.4423828125
24972.8935546875
24206.65234375
23430.6259765625
22645.8388671875
21853.439453125
21054.6962890625
20251.0009765625
19443.8642578125
18634.916015625
17825.9072265625
17018.69921875
16215.2607421875
15417.6669921875
14628.0888671875
13848.7861328125
13082.1005859375
12330.443359375
11596.287109375
10882.1552734375
10190.60546875
9524.2197265625
8885.591796875
8277.306640625
7701.9296875
7161.9931640625
6659.9755859375
6198.2841796875
5779.2451171875
5405.0830078125
5077.8994140625
4799.6689453125
4572.2109375
4397.18359375
4276.0654296875
4210.1396484375
4200.486328125
4247.966796875
4353.212890625
4516.6220703125
4738.345703125
5018.2841796875
5356.078125
5751.11328125
6202.509765625
6709.1259765625
7269.5634765625
7882.1630859375
8545.015625
9255.966796875
10012.625
10812.3701171875
11652.3681640625
12529.5791015625
13440.7763671875
14382.556640625
15351.359375
16343.4873046875
17355.1162109375
18382.322265625
19421.095703125
20467.365234375
21517.015625
22565.908203125
23609.9052734375
24644.88671875
25666.771484375
26671.53515625
27655.23828125
28614.0302734375
29544.1806640625
30442.09375
31304.3154296875
32127.5634765625
32908.7275390625
33644.8935546875
34333.3466796875
34971.5849609375
35557.33203125
36088.541015625
36563.3974609375
36980.33203125
37338.0205078125
37635.3828125
37871.5908203125
38046.060546875
38158.45703125
38208.6865234375
38196.89453125
38123.458984375
37988.98828125
37794.3076171875
37540.4560546875
37228.673828125
36860.3916015625
36437.228515625
35960.9677734375
35433.552734375
34857.0751953125
34233.7578125
33565.9453125
32856.0888671875
32106.732421875
31320.4990234375
30500.0791015625
29648.2138671875
28767.681640625
27861.287109375
26931.845703125
25982.1708984375
25015.0634765625
24033.2939453125
23039.59375
22036.650390625
21027.080078125
20013.4365234375
18998.185546875
17983.7060546875
16972.2763671875
15966.06640625
14967.13671875
13977.4248046875
12998.7431640625
12032.7744140625
11081.0693359375
10145.041015625
9225.9658203125
8324.9794921875
7443.0791015625
6581.12109375
5739.8291015625
4919.787109375
4121.44921875
3345.14453125
2591.0751953125
1859.3271484375
1149.876953125
462.59375
-202.7470703125
-846.4619140625
-1468.947265625
-2070.669921875
-2652.1630859375
-3214.0087890625
-3756.8369140625
-4281.3115234375
-4788.1181640625
-5277.9599609375
-5751.544921875
-6209.580078125
-6652.7548828125
-7081.744140625
-7497.1875
-7899.693359375
-8289.82421875
-8668.09375
-9034.958984375
-9390.8212890625
-9736.013671875
-10070.8076171875
-10395.4013671875
-10709.92578125
-11014.4384765625
-11308.931640625
-11593.328125
-11867.48046875
-12131.1845703125
-12384.1748046875
-12626.1328125
-12856.6923828125
-13075.447265625
-13281.953125
-13475.7421875
-13656.326171875
-13823.2060546875
-13975.8798828125
-14113.85546875
-14236.6552734375
-14343.8251953125
-14434.9453125
-14509.6416015625
-14567.58984375
-14608.521484375
-14632.2412109375
-14638.623046875
-14627.626953125
-14599.296875
-14553.76953125
-14491.279296875
-14412.162109375
-14316.853515625
-14205.8974609375
-14079.94140625
-13939.7412109375
-13786.15625
-13620.1474609375
-13442.775390625
-13255.2001953125
-13058.666015625
-12854.5078125
-12644.1376953125
-12429.03515625
-12210.7490234375
-11990.875
-11771.060546875
-11552.9833984375
-11338.345703125
-11128.8662109375
-10926.2646484375
-10732.25
-10548.513671875
-10376.7158203125
-10218.470703125
-10075.34375
-9948.828125
-9840.345703125
-9751.23046875
-9682.7197265625
-9635.9453125
-9611.921875
-9611.54296875
-9635.5712890625
-9684.62890625
-9759.1982421875
-9859.6083984375
-9986.0380859375
-10138.5068359375
-10316.8740234375
-10520.83984375
-10749.939453125
-11003.548828125
-11280.880859375
-11580.9912109375
-11902.779296875
-12244.9951171875
-12606.2412109375
-12984.9794921875
-13379.5380859375
-13788.12109375
-14208.8125
-14639.5908203125
-15078.337890625
-15522.8466796875
-15970.833984375
-16419.9560546875
-16867.8154296875
-17311.9794921875
-17749.9892578125
-18179.37890625
-18597.68359375
-19002.4580078125
-19391.2900390625
-19761.8173828125
-20111.7353515625
-20438.8193359375
-20740.935546875
-21016.052734375
-21262.2607421875
-21477.7802734375
-21660.9755859375
-21810.3662109375
-21924.6416015625
-22002.6669921875
-22043.494140625
-22046.3720703125
-22010.7509765625
-21936.291015625
-21822.8681640625
-21670.5732421875
-21479.7216796875
-21250.845703125
-20984.7041015625
-20682.2724609375
-20344.7470703125
-19973.5302734375
-19570.23828125
-19136.6806640625
-18674.8603515625
-18186.9619140625
-17675.3349609375
-17142.490234375
-16591.0771484375
-16023.875
-15443.7744140625
-14853.7626953125
-14256.8994140625
-13656.3095703125
-13055.1552734375
-12456.6201171875
-11863.890625
-11280.1337890625
-10708.4814453125
-10152.005859375
-9613.7041015625
-9096.478515625
-8603.1201171875
-8136.2861328125
-7698.4931640625
-7292.08984375
-6919.2509765625
-6581.962890625
-6282.0107421875
-6020.962890625
-5800.173828125
-5620.7685546875
-5483.6376953125
-5389.435546875
-5338.57421875
-5331.232421875
-5367.3408203125
-5446.6025390625
-5568.4814453125
-5732.2216796875
-5936.84375
-6181.1640625
-6463.7958984375
-6783.1650390625
-7137.525390625
-7524.96484375
-7943.4306640625
-8390.7333984375
-8864.5732421875
-9362.546875
-9882.1708984375
-10420.9013671875
-10976.1416015625
-11545.265625
-12125.6337890625
-12714.61328125
-13309.5830078125
-13907.96484375
-14507.2236328125
-15104.8935546875
-15698.580078125
-16285.9833984375
-16864.90234375
-17433.24609375
-17989.0458984375
-18530.4580078125
-19055.7802734375
-19563.44921875
-20052.0439453125
-20520.298828125
-20967.099609375
-21391.4833984375
-21792.6455078125
-22169.93359375
-22522.84765625
-22851.0390625
-23154.30859375
-23432.59765625
-23685.9921875
-23914.708984375
-24119.0966796875
-24299.6279296875
-24456.8935546875
-24591.5966796875
-24704.544921875
-24796.642578125
-24868.88671875
-24922.3623046875
-24958.2265625
-24977.7109375
-24982.1103515625
-24972.7763671875
-24951.109375
-24918.5546875
-24876.59375
-24826.740234375
-24770.5283203125
-24709.51171875
-24645.255859375
-24579.3310546875
-24513.3017578125
-24448.732421875
-24387.166015625
-24330.130859375
-24279.126953125
-24235.6201171875
-24201.0400390625
-24176.7685546875
-24164.13671875
-24164.416015625
-24178.814453125
-24208.466796875
-24254.4306640625
-24317.6787109375
-24399.0908203125
-24499.4501953125
-24619.4375
-24759.619140625
-24920.44921875
-25102.2578125
-25305.248046875
-25529.4912109375
-25774.9228515625
-26041.3369140625
-26328.3837890625
-26635.56640625
-26962.2412109375
-27307.6123046875
-27670.736328125
-28050.5166015625
-28445.7080078125
-28854.9208984375
-29276.6201171875
-29709.134765625
-30150.65234375
-30599.2392578125
-31052.8359375
-31509.2734375
-31966.2724609375
-32421.4658203125
-32872.3994140625
-33316.5439453125
-33751.3134765625
-34174.07421875
-34582.158203125
-34972.875
-35343.5322265625
-35691.4453125
-36013.951171875
-36308.431640625
-36572.3154296875
-36803.10546875
-36998.3857421875
-37155.8388671875
-37273.26171875
-37348.5703125
-37379.826171875
-37365.2373046875
-37303.1728515625
-37192.173828125
-37030.962890625
-36818.453125
-36553.7509765625
-36236.16796875
-35865.224609375
-35440.6474609375
-34962.3798828125
-34430.58203125
-33845.623046875
-33208.0888671875
-32518.77734375
-31778.6875
-30989.0283203125
-30151.1962890625
-29266.78515625
-28337.5634765625
-27365.474609375
-26352.6240234375
-25301.2685546875
-24213.8056640625
-23092.76171875
-21940.779296875
-20760.60546875
-19555.0771484375
-18327.109375
-17079.6787109375
-15815.8154296875
-14538.5849609375
-13251.076171875
-11956.388671875
-10657.619140625
-9357.849609375
-8060.130859375
-6767.4755859375
-5482.84765625
-4209.1455078125
-2949.197265625
-1705.7451171875
-481.4443359375
721.15234375
1899.6025390625
3051.57421875
4174.861328125
5267.3857421875
6327.2001953125
7352.4970703125
8341.6103515625
9293.01953125
10205.3515625
11077.384765625
11908.046875
12696.4228515625
13441.7490234375
14143.4130859375
14800.9609375
15414.0859375
15982.63671875
16506.6083984375
16986.14453125
17421.53515625
17813.2080078125
18161.732421875
18467.8154296875
18732.291015625
18956.123046875
19140.3974609375
19286.3203125
19395.20703125
19468.486328125
19507.685546875
19514.4306640625
19490.4375
19437.5087890625
19357.5205078125
19252.42578125
19124.23828125
18975.0302734375
18806.9228515625
18622.080078125
18422.701171875
18211.009765625
17989.25
17759.6728515625
17524.5341796875
17286.080078125
17046.54296875
16808.1298828125
16573.0146484375
16343.3291015625
16121.15625
15908.517578125
15707.369140625
15519.58984375
15346.97265625
15191.2216796875
15053.939453125
14936.62109375
14840.6455078125
14767.2724609375
14717.6337890625
14692.7294921875
14693.4169921875
14720.4140625
14774.2880859375
14855.458984375
14964.1904296875
15100.587890625
15264.6044921875
15456.029296875
15674.4990234375
15919.4873046875
16190.314453125
16486.1484375
16806.0048828125
17148.7529296875
17513.125
17897.7099609375
18300.97265625
18721.255859375
19156.78515625
19605.681640625
20065.970703125
20535.5888671875
21012.3994140625
21494.19921875
21978.7294921875
22463.6953125
22946.7646484375
23425.595703125
23897.8388671875
24361.15625
24813.23046875
25251.779296875
25674.5703125
26079.4326171875
26464.2705078125
26827.0732421875
27165.931640625
27479.0439453125
27764.7353515625
28021.4599609375
28247.81640625
28442.5546875
28604.5859375
28732.9912109375
28827.0224609375
28886.119140625
28909.8984375
28898.1748046875
28850.951171875
28768.4248046875
28650.9892578125
28499.23046875
28313.9267578125
28096.044921875
27846.7392578125
27567.3427734375
27259.361328125
26924.4658203125
26564.4873046875
26181.404296875
25777.330078125
25354.505859375
24915.287109375
24462.1279296875
23997.5703125
23524.2275390625
23044.7705078125
22561.9111328125
22078.38671875
21596.9462890625
21120.328125
20651.2490234375
20192.38671875
19746.36328125
19315.7265625
18902.939453125
18510.3603515625
18140.2294921875
17794.6591796875
17475.6142578125
17184.9052734375
16924.169921875
16694.8740234375
16498.2919921875
16335.5029296875
16207.384765625
16114.6064453125
16057.626953125
16036.6904296875
16051.82421875
16102.83984375
16189.337890625
16310.70703125
16466.126953125
16654.5830078125
16874.8603515625
17125.56640625
17405.12890625
17711.8173828125
18043.744140625
18398.8876953125
18775.1025390625
19170.1318359375
19581.6279296875
20007.1630859375
20444.251953125
20890.36328125
21342.9443359375
21799.427734375
22257.259765625
22713.91015625
23166.890625
23613.771484375
24052.19921875
24479.9091796875
24894.7373046875
25294.6396484375
25677.69921875
26042.1396484375
26386.3310546875
26708.8046875
27008.2548828125
27283.544921875
27533.7138671875
27757.9755859375
27955.7255859375
28126.53125
28270.140625
28386.4697265625
28475.60546875
28537.7919921875
28573.4296875
28583.0634765625
28567.37109375
28527.1591796875
28463.3427734375
28376.9384765625
28269.0517578125
28140.857421875
27993.59375
27828.5400390625
27647.0087890625
27450.3271484375
27239.826171875
27016.8232421875
26782.6103515625
26538.439453125
26285.5185546875
26024.9833984375
25757.90625
25485.2724609375
25207.9794921875
24926.8251953125
24642.505859375
24355.60546875
24066.6025390625
23775.8544921875
23483.607421875
23189.9921875
22895.025390625
22598.615234375
22300.5634765625
22000.568359375
21698.236328125
21393.087890625
21084.560546875
20772.0244140625
20454.7890625
20132.111328125
19803.2109375
19467.27734375
19123.4853515625
18771.0
18408.9970703125
18036.6630859375
17653.2158203125
17257.912109375
16850.0546875
16429.0087890625
15994.203125
15545.1455078125
15081.4267578125
14602.728515625
14108.828125
13599.607421875
13075.0517578125
12535.255859375
11980.4287109375
11410.890625
10827.07421875
10229.529296875
9618.912109375
8995.9921875
8361.64453125
7716.8447265625
7062.669921875
6400.2880859375
5730.9560546875
5056.009765625
4376.861328125
3694.9912109375
3011.9384765625
2329.296875
1648.7041015625
971.833984375
300.3935546875
-363.8916015625
-1019.2822265625
-1664.0302734375
-2296.390625
-2914.6279296875
-3517.017578125
-4101.8642578125
-4667.49609375
-5212.27734375
-5734.6162109375
-6232.9658203125
-6705.8310546875
-7151.7734375
-7569.41796875
-7957.453125
-8314.640625
-8639.8125
-8931.880859375
-9189.8359375
-9412.751953125
-9599.7900390625
-9750.1953125
-9863.3095703125
-9938.5625
-9975.478515625
-9973.677734375
-9932.8740234375
-9852.884765625
-9733.6201171875
-9575.091796875
-9377.41015625
-9140.78515625
-8865.52734375
-8552.044921875
-8200.8466796875
-7812.5390625
-7387.8251953125
-6927.50390625
-6432.4677734375
-5903.7060546875
-5342.294921875
-4749.3974609375
-4126.26953125
-3474.2431640625
-2794.734375
-2089.234375
-1359.3095703125
-606.5966796875
167.2080078125
960.337890625
1770.9755859375
2597.24609375
3437.2314453125
4288.966796875
5150.4482421875
6019.640625
6894.4755859375
7772.8662109375
8652.701171875
9531.8583984375
10408.2041015625
11279.6015625
12143.9111328125
12999.0009765625
13842.7451171875
14673.03125
15487.763671875
16284.8701171875
17062.30078125
17818.037109375
18550.0908203125
19256.51171875
19935.3857421875
20584.8486328125
21203.0771484375
21788.2998046875
22338.7998046875
22852.9169921875
23329.05078125
23765.6669921875
24161.298828125
24514.552734375
24824.1083984375
25088.7294921875
25307.2626953125
25478.6474609375
25601.912109375
25676.1904296875
25700.716796875
25674.8369140625
25598.01171875
25469.8232421875
25289.9775390625
25058.314453125
24774.8115234375
24439.5849609375
24052.90234375
23615.1826171875
23127.0
22589.091796875
22002.3583984375
21367.8671875
20686.857421875
19960.7412109375
19191.099609375
18379.69140625
17528.44140625
16639.4501953125
15714.9833984375
14757.466796875
13769.48828125
12753.787109375
11713.244140625
10650.876953125
9569.830078125
8473.361328125
7364.830078125
6247.6884765625
5125.4609375
4001.732421875
2880.1328125
1764.3193359375
657.958984375
-435.2890625
-1511.79296875
-2567.9619140625
-3600.2724609375
-4605.28125
-5579.6435546875
-6520.13671875
-7423.6708984375
-8287.3115234375
-9108.2919921875
-9884.029296875
-10612.138671875
-11290.4521484375
-11917.017578125
-12490.119140625
-13008.2822265625
-13470.2822265625
-13875.1474609375
-14222.1630859375
-14510.8759765625
-14741.0908203125
-14912.8701171875
-15026.5322265625
-15082.642578125
-15082.0087890625
-15025.673828125
-14914.900390625
-14751.1650390625
-14536.14453125
-14271.6982421875
-13959.853515625
-13602.7958984375
-13202.8447265625
-12762.4384765625
-12284.1171875
-11770.5068359375
-11224.296875
-10648.22265625
-10045.0498046875
-9417.5576171875
-8768.517578125
-8100.68359375
-7416.76953125
-6719.4404296875
-6011.296875
-5294.8642578125
-4572.576171875
-3846.775390625
-3119.6962890625
-2393.4638671875
-1670.08203125
-951.4384765625
-239.2939453125
464.712890625
1159.072265625
1842.392578125
2513.4072265625
3170.962890625
3814.0224609375
4441.65234375
5053.0224609375
5647.392578125
6224.1123046875
6782.607421875
7322.375
7842.97265625
8344.0126953125
8825.1533203125
9286.0927734375
9726.5556640625
10146.2939453125
10545.0732421875
10922.6767578125
11278.888671875
11613.5009765625
11926.2998046875
12217.07421875
12485.6064453125
12731.6708984375
12955.0439453125
13155.4931640625
13332.7900390625
13486.7041015625
13617.0107421875
13723.5
13805.9697265625
13864.2431640625
13898.1669921875
13907.62109375
13892.5224609375
13852.833984375
13788.5693359375
13699.7978515625
13586.65234375
13449.3330078125
13288.1162109375
13103.3515625
12895.4697265625
12664.9892578125
12412.5107421875
12138.720703125
11844.396484375
11530.3984375
11197.669921875
10847.236328125
10480.1982421875
10097.73046875
9701.068359375
9291.5078125
8870.39453125
8439.1123046875
7999.0771484375
7551.7265625
7098.5029296875
6640.8505859375
6180.1962890625
5717.939453125
5255.44140625
4794.0126953125
4334.8984375
3879.2666015625
3428.201171875
2982.685546875
2543.5947265625
2111.685546875
1687.58984375
1271.8037109375
864.6845703125
466.44140625
77.138671875
-303.314453125
-675.16015625
-1038.79296875
-1394.7568359375
-1743.7421875
-2086.5810546875
-2424.2421875
-2757.8173828125
-3088.5205078125
-3417.6689453125
-3746.677734375
-4077.04296875
-4410.330078125
-4748.1552734375
-5092.1748046875
-5444.0625
-5805.4990234375
-6178.1513671875
-6563.65234375
-6963.58984375
-7379.484375
-7812.7724609375
-8264.79296875
-8736.765625
-9229.7783203125
-9744.775390625
-10282.5419921875
-10843.6865234375
-11428.63671875
-12037.6279296875
-12670.6943359375
-13327.658203125
-14008.1328125
-14711.5126953125
-15436.97265625
-16183.4697265625
-16949.7431640625
-17734.318359375
-18535.5126953125
-19351.439453125
-20180.0185546875
-21018.986328125
-21865.9033203125
-22718.169921875
-23573.041015625
-24427.6357421875
-25278.9609375
-26123.9169921875
-26959.3251953125
-27781.94140625
-28588.474609375
-29375.6044921875
-30140.0
-30878.3427734375
-31587.337890625
-32263.7353515625
-32904.3544921875
-33506.0888671875
-34065.9326171875
-34580.990234375
-35048.4970703125
-35465.8271484375
-35830.5107421875
-36140.244140625
-36392.900390625
-36586.541015625
-36719.419921875
-36789.9921875
-36796.9248046875
-36739.09375
-36615.591796875
-36425.732421875
-36169.04296875
-35845.2763671875
-35454.3984375
-34996.5966796875
-34472.2705078125
-33882.0283203125
-33226.6865234375
-32507.263671875
-31724.9716796875
-30881.212890625
-29977.57421875
-29015.8173828125
-27997.875
-26925.8388671875
-25801.9599609375
-24628.6318359375
-23408.3916015625
-22143.904296875
-20837.9609375
-19493.470703125
-18113.4482421875
-16701.0126953125
-15259.376953125
-13791.8388671875
-12301.7783203125
-10792.6455078125
-9267.958984375
-7731.2900390625
-6186.2646484375
-4636.55078125
-3085.8515625
-1537.8994140625
3.5546875
1534.7431640625
3051.9013671875
4551.2626953125
6029.0791015625
7481.62109375
8905.1943359375
10296.1455078125
11650.8740234375
12965.8427734375
14237.5888671875
15462.734375
16638.0
17760.2138671875
18826.328125
19833.42578125
20778.73828125
21659.6533203125
22473.732421875
23218.7177734375
23892.5498046875
24493.3740234375
25019.5537109375
25469.685546875
25842.6025390625
26137.388671875
26353.38671875
26490.2041015625
26547.720703125
26526.0986328125
26425.7822265625
26247.5009765625
25992.2763671875
25661.41796875
25256.525390625
24779.486328125
24232.46875
23617.921875
22938.564453125
22197.3779296875
21397.5986328125
20542.703125
19636.3955078125
18682.5986328125
17685.4287109375
16649.1875
15578.341796875
14477.4970703125
13351.390625
12204.8564453125
11042.8154296875
9870.2431640625
8692.154296875
7513.57421875
6339.51953125
5174.970703125
4024.8515625
2894.0048828125
1787.1689453125
708.9580078125
-336.1640625
-1343.8974609375
-2310.134765625
-3230.97265625
-4102.7333984375
-4921.9775390625
-5685.5234375
-6390.4560546875
-7034.1416015625
-7614.236328125
-8128.693359375
-8575.775390625
-8954.052734375
-9262.4072265625
-9500.0380859375
-9666.45703125
-9761.4921875
-9785.275390625
-9738.2392578125
-9621.12109375
-9434.93359375
-9180.974609375
-8860.8037109375
-8476.234375
-8029.3173828125
-7522.326171875
-6957.74609375
-6338.2490234375
-5666.68359375
-4946.05078125
-4179.494140625
-3370.26953125
-2521.736328125
-1637.337890625
-720.5751953125
225.0029296875
1195.826171875
2188.3076171875
3198.876953125
4223.9833984375
5260.119140625
6303.830078125
7351.728515625
8400.5126953125
9446.9697265625
10487.994140625
11520.58984375
12541.8837890625
13549.1298828125
14539.720703125
15511.181640625
16461.1865234375
17387.55078125
18288.2392578125
19161.3623046875
20005.1787109375
20818.0888671875
21598.642578125
22345.5244140625
23057.556640625
23733.6943359375
24373.01953125
24974.7353515625
25538.162109375
26062.7314453125
26547.9755859375
26993.529296875
27399.115234375
27764.5478515625
28089.7138671875
28374.580078125
28619.1796875
28823.6083984375
28988.0234375
29112.6318359375
29197.69140625
29243.5087890625
29250.431640625
29218.8466796875
29149.1787109375
29041.888671875
28897.4697265625
28716.44921875
28499.3876953125
28246.873046875
27959.525390625
27637.99609375
27282.9677734375
26895.1513671875
26475.2900390625
26024.1572265625
25542.556640625
25031.32421875
24491.3271484375
23923.458984375
23328.6474609375
22707.845703125
22062.0361328125
21392.2265625
20699.44921875
19984.7578125
19249.224609375
18493.9404296875
17720.0078125
16928.5400390625
16120.654296875
15297.4736328125
14460.115234375
13609.693359375
12747.3076171875
11874.044921875
10990.97265625
10099.1328125
9199.5400390625
8293.177734375
7380.9912109375
6463.890625
5542.73828125
4618.3583984375
3691.525390625
2762.9658203125
1833.3583984375
903.3310546875
-26.5341796875
-955.705078125
-1883.6943359375
-2810.0615234375
-3734.4013671875
-4656.3515625
-5575.58203125
-6491.7919921875
-7404.7041015625
-8314.0595703125
-9219.615234375
-10121.1337890625
-11018.3818359375
-11911.1181640625
-12799.0947265625
-13682.044921875
-14559.6806640625
-15431.685546875
-16297.7099609375
-17157.37109375
-18010.23828125
-18855.83984375
-19693.65625
-20523.1171875
-21343.5986328125
-22154.427734375
-22954.8798828125
-23744.1796875
-24521.5009765625
-25285.974609375
-26036.689453125
-26772.697265625
-27493.015625
-28196.6396484375
-28882.5439453125
-29549.689453125
-30197.03515625
-30823.5458984375
-31428.1943359375
-32009.978515625
-32567.9267578125
-33101.1025390625
-33608.62109375
-34089.6533203125
-34543.4306640625
-34969.2626953125
-35366.5322265625
-35734.7119140625
-36073.3623046875
-36382.1416015625
-36660.810546875
-36909.2265625
-37127.359375
-37315.28125
-37473.169921875
-37601.3095703125
-37700.0869140625
-37769.986328125
-37811.591796875
-37825.572265625
-37812.681640625
-37773.7529296875
-37709.68359375
-37621.4345703125
-37510.0166015625
-37376.4814453125
-37221.912109375
-37047.4130859375
-36854.099609375
-36643.0859375
-36415.4765625
-36172.35546875
-35914.77734375
-35643.755859375
-35360.2568359375
-35065.189453125
-34759.400390625
-34443.662109375
-34118.6748046875
-33785.0556640625
-33443.3388671875
-33093.970703125
-32737.306640625
-32373.6162109375
-32003.078125
-31625.78515625
-31241.7451171875
-30850.88671875
-30453.0625
-30048.0517578125
-29635.5732421875
-29215.2861328125
-28786.80078125
-28349.6875
-27903.48046875
-27447.6953125
-26981.826171875
-26505.3662109375
-26017.8095703125
-25518.666015625
-25007.4619140625
-24483.755859375
-23947.1455078125
-23397.2685546875
-22833.818359375
-22256.544921875
-21665.263671875
-21059.8544921875
-20440.2724609375
-19806.5419921875
-19158.7685546875
-18497.1328125
-17821.8955078125
-17133.3896484375
-16432.025390625
-15718.2880859375
-14992.7255859375
-14255.9580078125
-13508.66015625
-12751.564453125
-11985.451171875
-11211.1435546875
-10429.4990234375
-9641.40625
-8847.7705078125
-8049.515625
-7247.568359375
-6442.8583984375
-5636.302734375
-4828.8046875
-4021.248046875
-3214.4873046875
-2409.33984375
-1606.58984375
-806.9736328125
-11.1826171875
780.14453125
1566.4208984375
2347.1171875
3121.7578125
3889.92578125
4651.2578125
5405.4501953125
6152.248046875
6891.44921875
7622.900390625
8346.4892578125
9062.146484375
9769.8330078125
10469.5419921875
11161.2900390625
11845.111328125
12521.05078125
13189.16015625
13849.4892578125
14502.0810546875
15146.9638671875
15784.1455078125
16413.6103515625
17035.30859375
17649.15625
18255.0263671875
18852.74609375
19442.0927734375
20022.7919921875
20594.5107421875
21156.859375
21709.390625
22251.5966796875
22782.9091796875
23302.7001953125
23810.28515625
24304.9248046875
24785.82421875
25252.1416015625
25702.990234375
26137.439453125
26554.525390625
26953.2548828125
27332.6103515625
27691.5537109375
28029.04296875
28344.02734375
28635.4599609375
28902.30859375
29143.5556640625
29358.212890625
29545.322265625
29703.970703125
29833.2880859375
29932.4638671875
30000.7470703125
30037.44921875
30041.96484375
30013.759765625
29952.3837890625
29857.4794921875
29728.7734375
29566.095703125
29369.369140625
29138.615234375
28873.9609375
28575.6337890625
28243.9609375
27879.3759765625
27482.4130859375
27053.7080078125
26593.9921875
26104.0966796875
25584.947265625
25037.55859375
24463.0341796875
23862.564453125
23237.4150390625
22588.9326171875
21918.537109375
21227.7138671875
20518.0146484375
19791.0478515625
19048.48046875
18292.02734375
17523.455078125
16744.56640625
15957.20703125
15163.25390625
14364.6171875
13563.232421875
12761.056640625
11960.0693359375
11162.263671875
10369.6474609375
9584.234375
8808.0458984375
8043.1064453125
7291.4365234375
6555.056640625
5835.9736328125
5136.185546875
4457.67578125
3802.4013671875
3172.30078125
2569.2802734375
1995.2119140625
1451.9267578125
941.2109375
464.798828125
24.365234375
-378.478515625
-742.1943359375
-1065.3251953125
-1346.5
-1584.4453125
-1777.98828125
-1926.072265625
-2027.7568359375
-2082.236328125
-2088.8369140625
-2047.033203125
-1956.455078125
-1816.8896484375
-1628.296875
-1390.8076171875
-1104.7373046875
-770.5888671875
-389.05078125
38.9873046875
512.4423828125
1030.033203125
1590.2763671875
2191.494140625
2831.8115234375
3509.1630859375
4221.294921875
4965.7734375
5739.9931640625
6541.1875
7366.4326171875
8212.6708984375
9076.71484375
9955.265625
10844.9287109375
11742.2333984375
12643.6474609375
13545.595703125
14444.4814453125
15336.7109375
16218.7041015625
17086.92578125
17937.900390625
18768.236328125
19574.64453125
20353.962890625
21103.171875
21819.4150390625
22500.0205078125
23142.513671875
23744.6357421875
24304.357421875
24819.892578125
25289.708984375
25712.5390625
26087.3876953125
26413.5361328125
26690.5478515625
26918.2705078125
27096.8349609375
27226.650390625
27308.41015625
27343.0703125
27331.8544921875
27276.236328125
27177.931640625
27038.8828125
26861.2421875
26647.3583984375
26399.759765625
26121.12890625
25814.2880859375
25482.1767578125
25127.830078125
24754.3583984375
24364.9208984375
23962.7080078125
23550.916015625
23132.7265625
22711.287109375
22289.68359375
21870.927734375
21457.935546875
21053.5048828125
20660.3056640625
20280.857421875
19917.521484375
19572.4833984375
19247.7412109375
18945.1005859375
18666.162109375
18412.318359375
18184.7470703125
17984.408203125
17812.04296875
17668.1728515625
17553.1025390625
17466.9248046875
17409.5205078125
17380.5654296875
17379.54296875
17405.744140625
17458.28515625
17536.1064453125
17637.99609375
17762.5947265625
17908.4072265625
18073.818359375
18257.1044921875
18456.447265625
18669.947265625
18895.63671875
19131.494140625
19375.4560546875
19625.4365234375
19879.328125
20135.02734375
20390.4365234375
20643.4833984375
20892.1259765625
21134.3662109375
21368.26171875
21591.9306640625
21803.560546875
22001.4228515625
22183.8720703125
22349.357421875
22496.42578125
22623.7275390625
22730.0224609375
22814.1845703125
22875.1982421875
22912.1728515625
22924.3310546875
22911.0205078125
22871.7080078125
22805.986328125
22713.5654296875
22594.2802734375
22448.08203125
22275.0400390625
22075.3427734375
21849.28515625
21597.27734375
21319.8330078125
21017.568359375
20691.2021484375
20341.541015625
19969.4853515625
19576.0185546875
19162.2060546875
18729.1845703125
18278.162109375
17810.4072265625
17327.25
16830.0673828125
16320.2841796875
15799.3642578125
15268.8046875
14730.130859375
14184.8857421875
13634.6298828125
13080.931640625
12525.361328125
11969.486328125
11414.865234375
10863.0380859375
10315.5263671875
9773.8271484375
9239.4013671875
8713.673828125
8198.0302734375
7693.806640625
7202.2880859375
6724.705078125
6262.2255859375
5815.955078125
5386.9326171875
4976.125
4584.42578125
4212.650390625
3861.53515625
3531.736328125
3223.822265625
2938.279296875
2675.501953125
2435.798828125
2219.3876953125
2026.3935546875
1856.8515625
1710.705078125
1587.80078125
1487.900390625
1410.66796875
1355.677734375
1322.4150390625
1310.27734375
1318.5712890625
1346.521484375
1393.267578125
1457.8671875
1539.3037109375
1636.482421875
1748.23828125
1873.33984375
2010.4931640625
2158.3466796875
2315.4921875
2480.4794921875
2651.8134765625
2827.966796875
3007.3798828125
3188.4765625
3369.6650390625
3549.3447265625
3725.923828125
3897.81640625
4063.455078125
4221.306640625
4369.8662109375
4507.6826171875
4633.35546875
4745.548828125
4843.0029296875
4924.5361328125
4989.05859375
5035.580078125
5063.2138671875
5071.189453125
5058.8544921875
5025.6845703125
4971.2880859375
4895.40625
4797.923828125
4678.869140625
4538.4111328125
4376.8701171875
4194.7109375
3992.541015625
3771.1142578125
3531.3173828125
3274.1796875
3000.8544921875
2712.6181640625
2410.8623046875
2097.0849609375
1772.8798828125
1439.9248046875
1099.974609375
754.841796875
406.3916015625
56.5224609375
-292.845703125
-639.78515625
-982.373046875
-1318.7119140625
-1646.939453125
-1965.2431640625
-2271.8740234375
-2565.1640625
-2843.5341796875
-3105.5087890625
-3349.73046875
-3574.9638671875
-3780.1142578125
-3964.2255859375
-4126.4970703125
-4266.28515625
-4383.111328125
-4476.66015625
-4546.7861328125
-4593.513671875
-4617.0361328125
-4617.712890625
-4596.06640625
-4552.775390625
-4488.673828125
-4404.7392578125
-4302.08203125
-4181.943359375
-4045.67578125
-3894.7373046875
-3730.6748046875
-3555.1162109375
-3369.7490234375
-3176.3134765625
-2976.5849609375
-2772.3564453125
-2565.4296875
-2357.5966796875
-2150.6220703125
-1946.2392578125
-1746.125
-1551.8955078125
-1365.0849609375
-1187.1455078125
-1019.4248046875
-863.1640625
-719.486328125
-589.3896484375
-473.7392578125
-373.26171875
-288.5458984375
-220.03125
-168.015625
-132.646484375
-113.9267578125
-111.7138671875
-125.72265625
-155.5341796875
-200.591796875
-260.21484375
-333.603515625
-419.8408203125
-517.91015625
-626.6962890625
-745.0009765625
-871.548828125
-1004.99609375
-1143.9501953125
-1286.96875
-1432.5810546875
-1579.2890625
-1725.591796875
-1869.98046875
-2010.962890625
-2147.0673828125
-2276.8515625
-2398.91796875
-2511.9228515625
-2614.578125
-2705.6689453125
-2784.05859375
-2848.697265625
-2898.6240234375
-2932.984375
-2951.0244140625
-2952.1044921875
-2935.7021484375
-2901.4130859375
-2848.962890625
-2778.201171875
-2689.1083984375
-2581.80078125
-2456.5283203125
-2313.671875
-2153.75390625
-1977.42578125
-1785.48046875
-1578.8369140625
-1358.546875
-1125.791015625
-881.876953125
-628.228515625
-366.3896484375
-98.0166015625
175.130859375
451.1904296875
728.205078125
1004.1337890625
1276.853515625
1544.1748046875
1803.841796875
2053.546875
2290.9423828125
2513.64453125
2719.25
2905.3408203125
3069.5009765625
3209.328125
3322.4423828125
3406.498046875
3459.201171875
3478.3154296875
3461.6796875
3407.2177734375
3312.953125
3177.0166015625
2997.6650390625
2773.2841796875
2502.4091796875
2183.7265625
1816.0947265625
1398.5380859375
930.2734375
410.7041015625
-160.5673828125
-783.732421875
-1458.7734375
-2185.4599609375
-2963.34375
-3791.7587890625
-4669.8203125
-5596.4287109375
-6570.263671875
-7589.794921875
-8653.2841796875
-9758.7880859375
-10904.169921875
-12087.107421875
-13305.091796875
-14555.4541015625
-15835.3671875
-17141.8544921875
-18471.8125
-19822.0166015625
-21189.142578125
-22569.7734375
-23960.423828125
-25357.5498046875
-26757.5673828125
-28156.8671875
-29551.8349609375
-30938.86328125
-32314.3701171875
-33674.8154296875
-35016.7119140625
-36336.64453125
-37631.287109375
-38897.4052734375
-40131.87890625
-41331.7109375
-42494.0390625
-43616.140625
-44695.4462890625
-45729.546875
-46716.1982421875
-47653.3251953125
-48539.0322265625
-49371.5947265625
-50149.4716796875
-50871.2978515625
-51535.892578125
-52142.2470703125
-52689.5263671875
-53177.0693359375
-53604.3798828125
-53971.1181640625
-54277.10546875
-54522.3037109375
-54706.8193359375
-54830.8876953125
-54894.8701171875
-54899.2412109375
-54844.5849609375
-54731.5810546875
-54561.0009765625
-54333.693359375
-54050.5830078125
-53712.6572265625
-53320.9619140625
-52876.5908203125
-52380.6787109375
-51834.404296875
-51238.9697265625
-50595.607421875
-49905.5693359375
-49170.130859375
-48390.5771484375
-47568.2119140625
-46704.3466796875
-45800.306640625
-44857.4296875
-43877.0625
-42860.564453125
-41809.3125
-40724.6953125
-39608.123046875
-38461.0283203125
-37284.86328125
-36081.111328125
-34851.28515625
-33596.93359375
-32319.634765625
-31021.013671875
-29702.73828125
-28366.5166015625
-27014.1064453125
-25647.31640625
-24267.9990234375
-22878.0625
-21479.4638671875
-20074.2099609375
-18664.3544921875
-17251.9970703125
-15839.283203125
-14428.396484375
-13021.5546875
-11621.005859375
-10229.0263671875
-8847.90625
-7479.9462890625
-6127.4521484375
-4792.724609375
-3478.048828125
-2185.6865234375
-917.8681640625
323.220703125
1535.4453125
2716.73828125
3865.1005859375
4978.62109375
6055.48046875
7093.9638671875
8092.4697265625
9049.51953125
9963.765625
10833.998046875
11659.1533203125
12438.32421875
13170.7578125
13855.8701171875
14493.2392578125
15082.619140625
15623.9365234375
16117.287109375
16562.9482421875
16961.3642578125
17313.154296875
17619.103515625
17880.1611328125
18097.435546875
18272.1865234375
18405.8193359375
18499.87890625
18556.033203125
18576.076171875
18561.904296875
18515.5166015625
18438.9951171875
18334.5
18204.25
18050.51953125
17875.6162109375
17681.8759765625
17471.6455078125
17247.2744140625
17011.095703125
16765.423828125
16512.5341796875
16254.658203125
15993.9697265625
15732.5751953125
15472.505859375
15215.70703125
14964.03515625
14719.2421875
14482.98046875
14256.7880859375
14042.0908203125
13840.1923828125
13652.279296875
13479.4130859375
13322.53515625
13182.4580078125
13059.8740234375
12955.3564453125
12869.353515625
12802.2041015625
12754.1279296875
12725.2373046875
12715.541015625
12724.9482421875
12753.2685546875
12800.228515625
12865.46484375
12948.5400390625
13048.939453125
13166.087890625
13299.33984375
13448.001953125
13611.3251953125
13788.5166015625
13978.7431640625
14181.1328125
14394.7841796875
14618.7646484375
14852.1171875
15093.86328125
15343.005859375
15598.52734375
15859.3984375
16124.572265625
16392.9921875
16663.58984375
16935.283203125
17206.982421875
17477.587890625
17745.9873046875
18011.0625
18271.6826171875
18526.7099609375
18774.9990234375
19015.3955078125
19246.736328125
19467.85546875
19677.5810546875
19874.73828125
20058.1552734375
20226.658203125
20379.0830078125
20514.2734375
20631.0869140625
20728.3994140625
20805.111328125
20860.15234375
20892.48828125
20901.1259765625
20885.1220703125
20843.5927734375
20775.712890625
20680.7373046875
20557.9951171875
20406.90625
20226.98828125
20017.8642578125
19779.2666015625
19511.0517578125
19213.2021484375
18885.8349609375
18529.208984375
18143.7275390625
17729.9462890625
17288.576171875
16820.4853515625
16326.703125
15808.4189453125
15266.9853515625
14703.9130859375
14120.8701171875
13519.6787109375
12902.310546875
12270.8779296875
11627.6279296875
10974.935546875
10315.287109375
9651.279296875
8985.5947265625
8321.0009765625
7660.3251953125
7006.4443359375
6362.26953125
5730.7275390625
5114.7412109375
4517.2197265625
3941.0283203125
3388.982421875
2863.8203125
2368.1884765625
1904.6259765625
1475.54296875
1083.205078125
729.7197265625
417.0166015625
146.8369140625
-79.28125
-260.015625
-394.26953125
-481.1787109375
-520.125
-510.734375
-452.890625
-346.73046875
-192.6474609375
8.7109375
256.4384765625
549.384765625
886.154296875
1265.115234375
1684.4091796875
2141.96484375
2635.5029296875
3162.556640625
3720.4833984375
4306.478515625
4917.5986328125
5550.7734375
6202.8212890625
6870.478515625
7550.4111328125
8239.2333984375
8933.53515625
9629.8896484375
10324.8876953125
11015.1416015625
11697.3134765625
12368.134765625
13024.4130859375
13663.060546875
14281.1005859375
14875.6865234375
15444.11328125
15983.83203125
16492.4560546875
16967.775390625
17407.7607421875
17810.57421875
18174.572265625
18498.30859375
18780.537109375
19020.2197265625
19216.513671875
19368.78515625
19476.5927734375
19539.6953125
19558.041015625
19531.763671875
19461.177734375
19346.7705078125
19189.19140625
18989.251953125
18747.9052734375
18466.2490234375
18145.509765625
17787.033203125
17392.2783203125
16962.802734375
16500.26171875
16006.388671875
15482.9951171875
14931.955078125
14355.2041015625
13754.724609375
13132.541015625
12490.712890625
11831.3310546875
11156.50390625
10468.359375
9769.0341796875
9060.6728515625
8345.4189453125
7625.416015625
6902.798828125
6179.69140625
5458.2041015625
4740.427734375
4028.4375
3324.279296875
2629.974609375
1947.51171875
1278.8486328125
625.9013671875
-9.451171875
-625.3779296875
-1220.0927734375
-1791.8701171875
-2339.037109375
-2859.986328125
-3353.177734375
-3817.146484375
-4250.5068359375
-4651.958984375
-5020.29296875
-5354.3994140625
-5653.271484375
-5916.0146484375
-6141.84765625
-6330.1181640625
-6480.296875
-6591.9921875
-6664.9521484375
-6699.0693359375
-6694.388671875
-6651.103515625
-6569.5673828125
-6450.291015625
-6293.9482421875
-6101.37109375
-5873.552734375
-5611.6484375
-5316.970703125
-4990.984375
-4635.306640625
-4251.697265625
-3842.0556640625
-3408.41015625
-2952.9111328125
-2477.8203125
-1985.501953125
-1478.4072265625
-959.06640625
-430.0712890625
105.9365234375
646.279296875
1188.259765625
1729.177734375
2266.3427734375
2797.095703125
3318.8115234375
3828.93359375
4324.9755859375
4804.5380859375
5265.3291015625
5705.1728515625
6122.0224609375
6513.9775390625
6879.2880859375
7216.3720703125
7523.81640625
7800.3935546875
8045.060546875
8256.9677734375
8435.4619140625
8580.087890625
8690.587890625
8766.9072265625
8809.181640625
8817.74609375
8793.119140625
8736.0029296875
8647.2763671875
8527.98046875
8379.3173828125
8202.6318359375
7999.4072265625
7771.2470703125
7519.865234375
7247.0751953125
6954.771484375
6644.9189453125
6319.5380859375
5980.6904296875
5630.4677734375
5270.974609375
4904.31640625
4532.5869140625
4157.857421875
3782.1650390625
3407.49609375
3035.783203125
2668.8955078125
2308.6240234375
1956.6806640625
1614.6904296875
1284.181640625
966.5869140625
663.2353515625
375.3525390625
104.056640625
-149.642578125
-384.84375
-600.7509765625
-796.677734375
-972.044921875
-1126.37109375
-1259.279296875
-1370.490234375
-1459.8154296875
-1527.1630859375
-1572.525390625
-1595.9794921875
-1597.681640625
-1577.865234375
-1536.8369140625
-1474.9716796875
-1392.7119140625
-1290.564453125
-1169.0947265625
-1028.92578125
-870.73828125
-695.2646484375
-503.291015625
-295.650390625
-73.2275390625
163.044921875
412.1943359375
673.1943359375
944.982421875
1226.4482421875
1516.4404296875
1813.76953125
2117.2080078125
2425.4873046875
2737.3076171875
3051.3349609375
3366.2041015625
3680.5263671875
3992.88671875
4301.8515625
4605.974609375
4903.794921875
5193.849609375
5474.6767578125
5744.8193359375
6002.8369140625
6247.3056640625
6476.8310546875
6690.0556640625
6885.6591796875
7062.3759765625
7218.9970703125
7354.375
7467.4404296875
7557.2021484375
7622.755859375
7663.2919921875
7678.099609375
7666.5732421875
7628.22265625
7562.6669921875
7469.6474609375
7349.0263671875
7200.7890625
7025.0478515625
6822.037109375
6592.1162109375
6335.7685546875
6053.5986328125
5746.3212890625
5414.7705078125
5059.8818359375
4682.6953125
4284.34375
3866.0419921875
3429.08984375
2974.8505859375
2504.75
2020.2646484375
1522.91015625
1014.236328125
495.8115234375
-30.78515625
-563.9736328125
-1102.1787109375
-1643.845703125
-2187.4462890625
-2731.4833984375
-3274.50390625
-3815.1015625
-4351.927734375
-4883.6875
-5409.1552734375
-5927.171875
-6436.6474609375
-6936.564453125
-7425.978515625
-7904.0185546875
-8369.8818359375
-8822.841796875
-9262.2333984375
-9687.4619140625
-10097.9873046875
-10493.33203125
-10873.0654296875
-11236.8046875
-11584.2109375
-11914.974609375
-12228.822265625
-12525.4990234375
-12804.7705078125
-13066.41796875
-13310.2236328125
-13535.9814453125
-13743.4765625
-13932.4931640625
-14102.8076171875
-14254.1865234375
-14386.3818359375
-14499.1357421875
-14592.17578125
-14665.2177734375
-14717.966796875
-14750.1201171875
-14761.3671875
-14751.3984375
-14719.90625
-14666.5908203125
-14591.1630859375
-14493.3583984375
-14372.935546875
-14229.6884765625
-14063.4501953125
-13874.1005859375
-13661.5791015625
-13425.8837890625
-13167.087890625
-12885.3349609375
-12580.8603515625
-12253.984375
-11905.125
-11534.8056640625
-11143.6494140625
-10732.392578125
-10301.8828125
-9853.0859375
-9387.080078125
-8905.0595703125
-8408.3359375
-7898.333984375
-7376.58984375
-6844.7431640625
-6304.5419921875
-5757.8251953125
-5206.52734375
-4652.6611328125
-4098.314453125
-3545.6435546875
-2996.857421875
-2454.2099609375
-1919.9951171875
-1396.525390625
-886.1259765625
-391.125
86.1650390625
543.451171875
978.478515625
1389.037109375
1772.9775390625
2128.21875
2452.763671875
2744.69921875
3002.22265625
3223.6318359375
3407.349609375
3551.919921875
3656.0263671875
3718.484375
3738.2587890625
3714.4609375
3646.35546875
3533.36328125
3375.0595703125
3171.1796875
2921.6181640625
2626.421875
2285.7998046875
1900.109375
1469.859375
995.7099609375
478.4560546875
-80.96484375
-681.482421875
-1321.9033203125
-2000.912109375
-2717.0810546875
-3468.873046875
-4254.65625
-5072.7021484375
-5921.201171875
-6798.2626953125
-7701.9296875
-8630.181640625
-9580.94140625
-10552.0859375
-11541.453125
-12546.8427734375
-13566.033203125
-14596.775390625
-15636.8134765625
-16683.8779296875
-17735.7001953125
-18790.009765625
-19844.55078125
-20897.0771484375
-21945.359375
-22987.1904296875
-24020.3896484375
-25042.8076171875
-26052.3251953125
-27046.8642578125
-28024.384765625
-28982.8916015625
-29920.4326171875
-30835.111328125
-31725.080078125
-32588.5439453125
-33423.771484375
-34229.0888671875
-35002.884765625
-35743.6162109375
-36449.80859375
-37120.056640625
-37753.03515625
-38347.490234375
-38902.2529296875
-39416.234375
-39888.4365234375
-40317.9482421875
-40703.951171875
-41045.7236328125
-41342.6435546875
-41594.1904296875
-41799.951171875
-41959.6181640625
-42072.9970703125
-42140.009765625
-42160.6904296875
-42135.1962890625
-42063.8046875
-41946.9169921875
-41785.060546875
-41578.8857421875
-41329.173828125
-41036.833984375
-40702.9013671875
-40328.5390625
-39915.0361328125
-39463.8095703125
-38976.3955078125
-38454.455078125
-37899.7626953125
-37314.20703125
-36699.7890625
-36058.607421875
-35392.865234375
-34704.8564453125
-33996.9580078125
-33271.625
-32531.38671875
-31778.8291015625
-31016.5927734375
-30247.361328125
-29473.8515625
-28698.802734375
-27924.96875
-27155.1015625
-26391.947265625
-25638.2314453125
-24896.6455078125
-24169.841796875
-23460.4150390625
-22770.900390625
-22103.7529296875
-21461.3408203125
-20845.9384765625
-20259.7138671875
-19704.71484375
-19182.8701171875
-18695.9677734375
-18245.6591796875
-17833.4462890625
-17460.671875
-17128.51953125
-16838.0087890625
-16589.9853515625
-16385.1171875
-16223.8994140625
-16106.6455078125
-16033.486328125
-16004.373046875
-16019.0771484375
-16077.1865234375
-16178.1123046875
-16321.0927734375
-16505.19140625
-16729.3046875
-16992.1650390625
-17292.3525390625
-17628.2880859375
-17998.251953125
-18400.3896484375
-18832.7109375
-19293.107421875
-19779.3564453125
-20289.1318359375
-20820.0107421875
-21369.4873046875
-21934.9775390625
-22513.8349609375
-23103.3544921875
-23700.7890625
-24303.35546875
-24908.25
-25512.650390625
-26113.73828125
-26708.701171875
-27294.7470703125
-27869.11328125
-28429.078125
-28971.970703125
-29495.185546875
-29996.1865234375
-30472.51953125
-30921.8251953125
-31341.8466796875
-31730.4375
-32085.5703125
-32405.353515625
-32688.03125
-32931.9931640625
-33135.78515625
-33298.1181640625
-33417.8662109375
-33494.0849609375
-33526.005859375
-33513.0498046875
-33454.828125
-33351.14453125
-33202.0009765625
-33007.5986328125
-32768.337890625
-32484.8203125
-32157.84765625
-31788.419921875
-31377.728515625
-30927.1611328125
-30438.2890625
-29912.86328125
-29352.810546875
-28760.2216796875
-28137.33984375
-27486.5576171875
-26810.3984375
-26111.5087890625
-25392.640625
-24656.6396484375
-23906.4287109375
-23144.9951171875
-22375.3671875
-21600.6025390625
-20823.7685546875
-20047.921875
-19276.0927734375
-18511.2666015625
-17756.361328125
-17014.2109375
-16287.55078125
-15578.990234375
-14891.0078125
-14225.9228515625
-13585.884765625
-12972.8583984375
-12388.6083984375
-11834.6875
-11312.42578125
-10822.9189453125
-10367.0205078125
-9945.3359375
-9558.2177734375
-9205.759765625
-8887.7998046875
-8603.9169921875
-8353.4365234375
-8135.431640625
-7948.73046875
-7791.92578125
-7663.3837890625
-7561.2568359375
-7483.4921875
-7427.85546875
-7391.9365234375
-7373.1787109375
-7368.8876953125
-7376.2568359375
-7392.3896484375
-7414.314453125
-7439.0166015625
-7463.4501953125
-7484.572265625
-7499.3583984375
-7504.82421875
-7498.0546875
-7476.220703125
-7436.6025390625
-7376.607421875
-7293.7939453125
-7185.8837890625
-7050.783203125
-6886.5947265625
-6691.634765625
-6464.4423828125
-6203.787109375
-5908.6826171875
-5578.388671875
-5212.4189453125
-4810.5380859375
-4372.765625
-3899.375
-3390.884765625
-2848.0615234375
-2271.8984375
-1663.6240234375
-1024.6748046875
-356.69140625
338.494140625
1058.8818359375
1802.3115234375
2566.486328125
3348.986328125
4147.2919921875
4958.80078125
5780.8466796875
6610.720703125
7445.6962890625
8283.0380859375
9120.0322265625
9954.0
10782.3134765625
11602.4228515625
12411.861328125
13208.2734375
13989.4150390625
14753.181640625
15497.6064453125
16220.8828125
16921.3671875
17597.5859375
18248.244140625
18872.2314453125
19468.619140625
20036.6689453125
20575.8291015625
21085.73046875
21566.1904296875
22017.2021484375
22438.93359375
22831.716796875
23196.0439453125
23532.5556640625
23842.0322265625
24125.384765625
24383.638671875
24617.9287109375
24829.4833984375
25019.609375
25189.6845703125
25341.140625
25475.4521484375
25594.123046875
25698.67578125
25790.634765625
25871.517578125
25942.8271484375
26006.033203125
26062.5654296875
26113.8076171875
26161.0859375
26205.658203125
26248.7138671875
26291.3603515625
26334.6240234375
26379.4453125
26426.66796875
26477.046875
26531.2412109375
26589.8134765625
26653.2314453125
26721.8671875
26796.001953125
26875.8232421875
26961.435546875
27052.8564453125
27150.025390625
27252.806640625
27360.9970703125
27474.326171875
27592.4658203125
27715.0361328125
27841.6103515625
27971.7216796875
28104.8671875
28240.5166015625
28378.1171875
28517.0986328125
28656.87890625
28796.87109375
28936.4833984375
29075.130859375
29212.228515625
29347.208984375
29479.5126953125
29608.599609375
29733.943359375
29855.041015625
29971.4072265625
30082.578125
30188.111328125
30287.5859375
30380.59765625
30466.765625
30545.7216796875
30617.115234375
30680.60546875
30735.8662109375
30782.5751953125
30820.4150390625
30849.0703125
30868.2255859375
30877.556640625
30876.736328125
30865.421875
30843.2607421875
30809.880859375
30764.8935546875
30707.8896484375
30638.4345703125
30556.0732421875
30460.322265625
30350.6748046875
30226.5986328125
30087.53515625
29932.900390625
29762.0888671875
29574.474609375
29369.4130859375
29146.240234375
28904.28515625
28642.865234375
28361.2939453125
28058.888671875
27734.96875
27388.8671875
27019.935546875
26627.546875
26211.10546875
25770.052734375
25303.8701171875
24812.0908203125
24294.3037109375
23750.16015625
23179.3818359375
22581.76171875
21957.177734375
21305.5908203125
20627.0546875
19921.7197265625
19189.83203125
18431.7470703125
17647.9208984375
16838.9208984375
16005.423828125
15148.2158203125
14268.1953125
13366.3701171875
12443.853515625
11501.869140625
10541.740234375
9564.8896484375
8572.833984375
7567.1806640625
6549.6171875
5521.9091796875
4485.888671875
3443.4501953125
2396.5390625
1347.1435546875
297.28515625
-750.9873046875
-1795.6171875
-2834.537109375
-3865.69140625
-4887.0400390625
-5896.56640625
-6892.294921875
-7872.296875
-8834.697265625
-9777.6884765625
-10699.541015625
-11598.6015625
-12473.3115234375
-13322.208984375
-14143.9375
-14937.248046875
-15701.0068359375
-16434.197265625
-17135.927734375
-17805.42578125
-18442.046875
-19045.271484375
-19614.703125
-20150.0703125
-20651.21875
-21118.1181640625
-21550.8447265625
-21949.5869140625
-22314.6328125
-22646.369140625
-22945.26953125
-23211.888671875
-23446.8544921875
-23650.8564453125
-23824.6416015625
-23968.9990234375
-24084.7529296875
-24172.7548828125
-24233.8681640625
-24268.962890625
-24278.904296875
-24264.5419921875
-24226.703125
-24166.1796875
-24083.724609375
-23980.0400390625
-23855.7705078125
-23711.4990234375
-23547.7392578125
-23364.927734375
-23163.423828125
-22943.5048828125
-22705.365234375
-22449.109375
-22174.7587890625
-21882.248046875
-21571.4296875
-21242.0703125
-20893.86328125
-20526.4267578125
-20139.310546875
-19732.005859375
-19303.947265625
-18854.52734375
-18383.0947265625
-17888.98046875
-17371.4912109375
-16829.9306640625
-16263.60546875
-15671.837890625
-15053.98046875
-14409.421875
-13737.60546875
-13038.0341796875
-12310.2880859375
-11554.03125
-10769.0263671875
-9955.1396484375
-9112.359375
-8240.7939453125
-7340.69140625
-6412.4365234375
-5456.568359375
-4473.775390625
-3464.908203125
-2430.974609375
-1373.154296875
-292.7841796875
808.6259765625
1929.4091796875
3067.73046875
4221.603515625
5388.884765625
6567.287109375
7754.3818359375
8947.6142578125
10144.3046875
11341.6650390625
12536.8095703125
13726.7626953125
14908.4794921875
16078.853515625
17234.7333984375
18372.9375
19490.2685546875
20583.5302734375
21649.5419921875
22685.15234375
23687.259765625
24652.822265625
25578.875
26462.5439453125
27301.0615234375
28091.7802734375
28832.1796875
29519.88671875
30152.681640625
30728.5068359375
31245.4814453125
31701.9033203125
32096.26171875
32427.2392578125
32693.716796875
32894.78125
33029.7197265625
33098.03125
33099.4208984375
33033.796875
32901.275390625
32702.1728515625
32437.0029296875
32106.4736328125
31711.478515625
31253.0927734375
30732.56640625
30151.314453125
29510.91015625
28813.078125
28059.6787109375
27252.708984375
26394.28125
25486.6240234375
24532.0625
23533.0185546875
22491.990234375
21411.55078125
20294.3359375
19143.03125
17960.3662109375
16749.10546875
15512.0380859375
14251.97265625
12971.72265625
11674.10546875
10361.9326171875
9038.00390625
7705.0947265625
6365.9580078125
5023.3115234375
3679.8388671875
2338.1767578125
1000.9140625
-329.4140625
-1650.3330078125
-2959.4306640625
-4254.3623046875
-5532.857421875
-6792.7216796875
-8031.84375
-9248.1943359375
-10439.837890625
-11604.931640625
-12741.728515625
-13848.583984375
-14923.9619140625
-15966.431640625
-16974.6787109375
-17947.5048828125
-18883.8310546875
-19782.701171875
-20643.2880859375
-21464.890625
-22246.94140625
-22989.00390625
-23690.779296875
-24352.103515625
-24972.9482421875
-25553.423828125
-26093.7763671875
-26594.3857421875
-27055.7666015625
-27478.564453125
-27863.5517578125
-28211.6220703125
-28523.7919921875
-28801.1875
-29045.041015625
-29256.689453125
-29437.5556640625
-29589.1494140625
-29713.05078125
-29810.9091796875
-29884.421875
-29935.33203125
-29965.4140625
-29976.4599609375
-29970.271484375
-29948.642578125
-29913.353515625
-29866.150390625
-29808.740234375
-29742.7763671875
-29669.84375
-29591.453125
-29509.0244140625
-29423.880859375
-29337.2373046875
-29250.193359375
-29163.7236328125
-29078.6689453125
-28995.73828125
-28915.4951171875
-28838.361328125
-28764.6064453125
-28694.3564453125
-28627.587890625
-28564.1279296875
-28503.662109375
-28445.7373046875
-28389.763671875
-28335.021484375
-28280.669921875
-28225.759765625
-28169.2353515625
-28109.9482421875
-28046.6689453125
-27978.0986328125
-27902.8818359375
-27819.6201171875
-27726.87890625
-27623.2138671875
-27507.171875
-27377.3125
-27232.2177734375
-27070.509765625
-26890.857421875
-26691.9931640625
-26472.7275390625
-26231.9501953125
-25968.6552734375
-25681.935546875
-25371.0029296875
-25035.1875
-24673.9541015625
-24286.89453125
-23873.7451171875
-23434.37890625
-22968.8154296875
-22477.21875
-21959.8955078125
-21417.2958984375
-20850.0087890625
-20258.7607421875
-19644.412109375
-19007.9453125
-18350.4658203125
-17673.1904296875
-16977.443359375
-16264.64453125
-15536.2998046875
-14793.99609375
-14039.3896484375
-13274.193359375
-12500.1708984375
-11719.126953125
-10932.8935546875
-10143.3212890625
-9352.275390625
-8561.6162109375
-7773.203125
-6988.8740234375
-6210.447265625
-5439.7060546875
-4678.3994140625
-3928.2294921875
-3190.8515625
-2467.865234375
-1760.8125
-1071.173828125
-400.3642578125
250.267578125
879.4423828125
1485.9482421875
2068.6474609375
2626.4677734375
3158.4130859375
3663.55078125
4141.0224609375
4590.033203125
5009.8564453125
5399.828125
5759.349609375
6087.8798828125
6384.9443359375
6650.119140625
6883.0419921875
7083.4052734375
7250.9541015625
7385.490234375
7486.8662109375
7554.98828125
7589.8134765625
7591.357421875
7559.6806640625
7494.90625
7397.2060546875
7266.810546875
7104.0087890625
6909.1474609375
6682.6337890625
6424.9384765625
6136.5947265625
5818.2021484375
5470.4267578125
5094.005859375
4689.7431640625
4258.5126953125
3801.2626953125
3319.009765625
2812.84375
2283.9248046875
1733.48046875
1162.8076171875
573.2666015625
-33.71875
-656.6650390625
-1294.0380859375
-1944.251953125
-2605.6787109375
-3276.650390625
-3955.470703125
-4640.4208984375
-5329.765625
-6021.763671875
-6714.6767578125
-7406.7783203125
-8096.365234375
-8781.765625
-9461.3486328125
-10133.537109375
-10796.8212890625
-11449.759765625
-12090.9970703125
-12719.2724609375
-13333.42578125
-13932.4140625
-14515.3125
-15081.326171875
-15629.7978515625
-16160.2109375
-16672.19921875
-17165.548828125
-17640.2001953125
-18096.2548828125
-18533.9736328125
-18953.7734375
-19356.234375
-19742.087890625
-20112.2177734375
-20467.6552734375
-20809.5703125
-21139.263671875
-21458.1611328125
-21767.7978515625
-22069.8134765625
-22365.93359375
-22657.9619140625
-22947.759765625
-23237.23828125
-23528.3349609375
-23823.005859375
-24123.201171875
-24430.8525390625
-24747.85546875
-25076.0517578125
-25417.212890625
-25773.01953125
-26145.0556640625
-26534.7763671875
-26943.5107421875
-27372.435546875
-27822.5673828125
-28294.74609375
-28789.6279296875
-29307.6787109375
-29849.1552734375
-30414.1123046875
-31002.384765625
-31613.59375
-32247.1416015625
-32902.2080078125
-33577.7587890625
-34272.5458984375
-34985.111328125
-35713.794921875
-36456.74609375
-37211.9296875
-37977.1396484375
-38750.01171875
-39528.0380859375
-40308.583984375
-41088.90234375
-41866.1533203125
-42637.421875
-43399.7373046875
-44150.091796875
-44885.466796875
-45602.8388671875
-46299.216796875
-46971.650390625
-47617.25390625
-48233.2255859375
-48816.865234375
-49365.58984375
-49876.958984375
-50348.67578125
-50778.615234375
-51164.830078125
-51505.5625
-51799.2587890625
-52044.5703125
-52240.3671875
-52385.7373046875
-52479.9951171875
-52522.6787109375
-52513.548828125
-52452.5927734375
-52340.0126953125
-52176.22265625
-51961.841796875
-51697.6904296875
-51384.7646484375
-51024.2421875
-50617.45703125
-50165.890625
-49671.15625
-49134.9794921875
-48559.1865234375
-47945.6796875
-47296.4296875
-46613.447265625
-45898.7724609375
-45154.453125
-44382.52734375
-43585.0068359375
-42763.86328125
-41921.0029296875
-41058.2646484375
-40177.3935546875
-39280.0361328125
-38367.7216796875
-37441.861328125
-36503.7275390625
-35554.4560546875
-34595.0322265625
-33626.291015625
-32648.9140625
-31663.4248046875
-30670.1923828125
-29669.43359375
-28661.2119140625
-27645.4462890625
-26621.919921875
-25590.28125
-24550.0595703125
-23500.6728515625
-22441.4384765625
-21371.5888671875
-20290.2822265625
-19196.6201171875
-18089.6591796875
-16968.4296875
-15831.94921875
-14679.240234375
-13509.34765625
-12321.3564453125
-11114.400390625
-9887.6865234375
-8640.509765625
-7372.259765625
-6082.4462890625
-4770.705078125
-3436.8134765625
-2080.701171875
-702.458984375
697.6494140625
2119.1806640625
3561.5078125
5023.8095703125
6505.0732421875
8004.0888671875
9519.44921875
11049.5546875
12592.60546875
14146.62109375
15709.431640625
17278.693359375
18851.89453125
20426.36328125
21999.283203125
23567.7021484375
25128.544921875
26678.6298828125
28214.6845703125
29733.3603515625
31231.248046875
32704.8984375
34150.83984375
35565.58984375
36945.6845703125
38287.6884765625
39588.2158203125
40843.94921875
42051.654296875
43208.2060546875
44310.5966796875
45355.951171875
46341.552734375
47264.8505859375
48123.470703125
48915.23828125
49638.1796875
50290.541015625
50870.7900390625
51377.62890625
51810.0
52167.08984375
52448.3349609375
52653.421875
52782.2880859375
52835.126953125
52812.3779296875
52714.73046875
52543.1123046875
52298.6953125
51982.873046875
51597.265625
51143.7041015625
50624.2236328125
50041.0478515625
49396.5810546875
48693.39453125
47934.2109375
47121.8916015625
46259.423828125
45349.90234375
44396.51953125
43402.54296875
42371.306640625
41306.19140625
40210.61328125
39088.0048828125
37941.802734375
36775.4326171875
35592.298828125
34395.7626953125
33189.1396484375
31975.6806640625
30758.56640625
29540.890625
28325.654296875
27115.755859375
25913.9853515625
24723.0146484375
23545.390625
22383.533203125
21239.73046875
20116.12890625
19014.740234375
17937.4345703125
16885.9365234375
15861.8291015625
14866.556640625
13901.416015625
12967.5693359375
12066.0390625
11197.7119140625
10363.34375
9563.564453125
8798.876953125
8069.6650390625
7376.197265625
6718.6318359375
6097.0205078125
5511.3125
4961.3642578125
4446.9365234375
3967.705078125
3523.2666015625
3113.13671875
2736.7607421875
2393.5126953125
2082.70703125
1803.595703125
1555.37109375
1337.1796875
1148.1123046875
987.2158203125
853.4921875
745.9072265625
663.3828125
604.8095703125
569.041015625
554.9033203125
561.19140625
586.673828125
630.09375
690.171875
765.607421875
855.08203125
957.2607421875
1070.7919921875
1194.314453125
1326.45703125
1465.841796875
1611.0888671875
1760.8134765625
1913.6396484375
2068.1943359375
2223.1162109375
2377.0576171875
2528.69140625
2676.712890625
2819.845703125
2956.84765625
3086.513671875
3207.685546875
3319.2509765625
3420.1572265625
3509.4072265625
3586.07421875
3649.3037109375
3698.31640625
3732.419921875
3751.0087890625
3753.5751953125
3739.7060546875
3709.0966796875
3661.5478515625
3596.974609375
3515.408203125
3416.9970703125
3302.013671875
3170.8525390625
3024.0322265625
2862.1982421875
2686.1181640625
2496.6875
2294.919921875
2081.951171875
1859.03125
1627.5244140625
1388.8974609375
1144.7236328125
896.6650390625
646.4736328125
395.9765625
147.0693359375
-98.2900390625
-338.103515625
-570.330078125
-792.9072265625
-1003.759765625
-1200.814453125
-1382.013671875
-1545.326171875
-1688.765625
-1810.3994140625
-1908.3681640625
-1980.89453125
-2026.30078125
-2043.0224609375
-2029.6181640625
-1984.7861328125
-1907.3740234375
-1796.3935546875
-1651.0263671875
-1470.63671875
-1254.7822265625
-1003.21875
-715.9052734375
-393.0166015625
-34.939453125
357.71875
784.130859375
1243.2509765625
1733.8134765625
2254.3369140625
2803.1298828125
3378.29296875
3977.7294921875
4599.1513671875
5240.09375
5897.921875
6569.84375
7252.9267578125
7944.11328125
8640.232421875
9338.0185546875
10034.134765625
10725.1845703125
11407.7314453125
12078.3232421875
12733.5068359375
13369.853515625
13983.974609375
14572.5458984375
15132.318359375
15660.154296875
16153.029296875
16608.0615234375
17022.5234375
17393.8623046875
17719.716796875
17997.9248046875
18226.5458984375
18403.8662109375
18528.4150390625
18598.96875
18614.5625
18574.4931640625
18478.3291015625
18325.9052734375
18117.330078125
17852.9873046875
17533.5263671875
17159.86328125
16733.1767578125
16254.8974609375
15726.7041015625
15150.5107421875
14528.4521484375
13862.8818359375
13156.3515625
12411.5947265625
11631.517578125
10819.1767578125
9977.7666015625
9110.6005859375
8221.08984375
7312.732421875
6389.083984375
5453.748046875
4510.35546875
3562.5400390625
2613.927734375
1668.1142578125
728.6484375
-200.984375
-1117.3798828125
-2017.23046875
-2897.337890625
-3754.6298828125
-4586.1748046875
-5389.18359375
-6161.0400390625
-6899.2900390625
-7601.6669921875
-8266.0888671875
-8890.6708984375
-9473.7314453125
-10013.7919921875
-10509.5869140625
-10960.0634765625
-11364.380859375
-11721.9130859375
-12032.25
-12295.1943359375
-12510.759765625
-12679.1669921875
-12800.8427734375
-12876.41015625
-12906.6904296875
-12892.689453125
-12835.599609375
-12736.7822265625
-12597.7724609375
-12420.2607421875
-12206.0888671875
-11957.2421875
-11675.8388671875
-11364.119140625
-11024.439453125
-10659.2607421875
-10271.1337890625
-9862.69921875
-9436.6669921875
-8995.80859375
-8542.9521484375
-8080.962890625
-7612.7373046875
-7141.1923828125
-6669.2529296875
-6199.8388671875
-5735.859375
-5280.1943359375
-4835.69140625
-4405.1494140625
-3991.3076171875
-3596.8349609375
-3224.3232421875
-2876.2685546875
-2555.06640625
-2263.0
-2002.2275390625
-1774.7744140625
-1582.521484375
-1427.1982421875
-1310.3681640625
-1233.4267578125
-1197.5869140625
-1203.875
-1253.123046875
-1345.958984375
-1482.8037109375
-1663.8662109375
-1889.1357421875
-2158.3818359375
-2471.1494140625
-2826.7578125
-3224.2998046875
-3662.64453125
-4140.43359375
-4656.087890625
-5207.8115234375
-5793.5966796875
-6411.2275390625
-7058.2890625
-7732.177734375
-8430.109375
-9149.1328125
-9886.1376953125
-10637.873046875
-11400.9609375
-12171.9072265625
-12947.1298828125
-13722.9619140625
-14495.6796875
-15261.5224609375
-16016.7060546875
-16757.447265625
-17479.9853515625
-18180.6005859375
-18855.6376953125
-19501.525390625
-20114.7978515625
-20692.11328125
-21230.2822265625
-21726.2763671875
-22177.255859375
-22580.58203125
-22933.8408203125
-23234.849609375
-23481.681640625
-23672.67578125
-23806.4443359375
-23881.8876953125
-23898.2060546875
-23854.896484375
-23751.767578125
-23588.9384765625
-23366.837890625
-23086.20703125
-22748.0966796875
-22353.8583984375
-21905.1435546875
-21403.888671875
-20852.30859375
-20252.8837890625
-19608.3447265625
-18921.6572265625
-18196.005859375
-17434.771484375
-16641.515625
-15819.9580078125
-14973.94921875
-14107.458984375
-13224.537109375
-12329.3037109375
-11425.9140625
-10518.5400390625
-9611.3427734375
-8708.443359375
-7813.908203125
-6931.71875
-6065.75
-5219.7451171875
-4397.2998046875
-3601.8388671875
-2836.5966796875
-2104.6005859375
-1408.6572265625
-751.3359375
-134.955078125
438.4287109375
967.0234375
1449.3173828125
1884.0771484375
2270.3583984375
2607.5
2895.125
3133.14453125
3321.7451171875
3461.3896484375
3552.8017578125
3596.9658203125
3595.1123046875
3548.705078125
3459.4267578125
3329.16796875
3160.0107421875
2954.2119140625
2714.1865234375
2442.4873046875
2141.7919921875
1814.8818359375
1464.623046875
1093.9501953125
705.8427734375
303.314453125
-110.6083984375
-532.90625
-960.5791015625
-1390.666015625
-1820.2568359375
-2246.5107421875
-2666.666015625
-3078.052734375
-3478.107421875
-3864.3818359375
-4234.548828125
-4586.4169921875
-4917.9306640625
-5227.181640625
-5512.4091796875
-5772.0078125
-6004.525390625
-6208.666015625
-6383.2939453125
-6527.42578125
-6640.23828125
-6721.056640625
-6769.357421875
-6784.7607421875
-6767.03125
-6716.0654296875
-6631.890625
-6514.662109375
-6364.6474609375
-6182.228515625
-5967.888671875
-5722.2099609375
-5445.8623046875
-5139.5986328125
-4804.2470703125
-4440.7021484375
-4049.919921875
-3632.912109375
-3190.7353515625
-2724.486328125
-2235.298828125
-1724.3349609375
-1192.7802734375
-641.83984375
-72.73046875
513.3212890625
1115.080078125
1731.3154296875
2360.79296875
3002.283203125
3654.56640625
4316.4287109375
4986.669921875
5664.1025390625
6347.5517578125
7035.8564453125
7727.875
8422.4794921875
9118.5576171875
9815.0185546875
10510.7822265625
11204.7900390625
11895.9990234375
12583.3798828125
13265.9208984375
13942.6259765625
14612.5126953125
15274.61328125
15927.9716796875
16571.646484375
17204.708984375
17826.2392578125
18435.33203125
19031.08984375
19612.625
20179.0625
20729.533203125
21263.1787109375
21779.1484375
22276.6015625
22754.701171875
23212.6259765625
23649.5546875
24064.6806640625
24457.2021484375
24826.3291015625
25171.27734375
25491.2763671875
25785.560546875
26053.3798828125
26293.99609375
26506.6796875
26690.7177734375
26845.4130859375
26970.083984375
27064.0634765625
27126.70703125
27157.392578125
27155.5166015625
27120.5048828125
27051.806640625
26948.904296875
26811.3076171875
26638.56640625
26430.2646484375
26186.0283203125
25905.525390625
25588.4716796875
25234.6337890625
24843.8310546875
24415.9384765625
23950.896484375
23448.7041015625
22909.4306640625
22333.2177734375
21720.283203125
21070.919921875
20385.5068359375
19664.5048828125
18908.4697265625
18118.041015625
17293.9599609375
16437.0615234375
15548.2802734375
14628.654296875
13679.322265625
12701.529296875
11696.6240234375
10666.060546875
9611.3994140625
8534.3017578125
7436.5380859375
6319.974609375
5186.580078125
4038.416015625
2877.6396484375
1706.4951171875
527.310546875
-657.509765625
-1845.4873046875
-3034.0771484375
-4220.6767578125
-5402.6337890625
-6577.2509765625
-7741.7978515625
-8893.51953125
-10029.642578125
-11147.390625
-12243.98828125
-13316.677734375
-14362.7216796875
-15379.421875
-16364.1240234375
-17314.228515625
-18227.2080078125
-19100.6083984375
-19932.06640625
-20719.3134765625
-21460.19140625
-22152.6572265625
-22794.7958984375
-23384.82421875
-23921.1025390625
-24402.1396484375
-24826.6025390625
-25193.318359375
-25501.28125
-25749.6611328125
-25937.7978515625
-26065.2158203125
-26131.6171875
-26136.88671875
-26081.095703125
-25964.4921875
-25787.515625
-25550.77734375
-25255.072265625
-24901.3681640625
-24490.806640625
-24024.69140625
-23504.4931640625
-22931.8349609375
-22308.4912109375
-21636.376953125
-20917.5478515625
-20154.181640625
-19348.5791015625
-18503.15234375
-17620.416015625
-16702.9755859375
-15753.525390625
-14774.8330078125
-13769.7294921875
-12741.10546875
-11691.896484375
-10625.0712890625
-9543.630859375
-8450.5869140625
-7348.9638671875
-6241.7822265625
-5132.0478515625
-4022.7490234375
-2916.841796875
-1817.2392578125
-726.8115234375
351.634765625
1415.35546875
2461.68359375
3488.037109375
4491.921875
5470.9462890625
6422.8232421875
7345.3837890625
8236.5771484375
9094.482421875
9917.314453125
10703.427734375
11451.326171875
12159.662109375
12827.2490234375
13453.0615234375
14036.2392578125
14576.091796875
15072.1025390625
15523.9267578125
15931.4013671875
16294.537109375
16613.5244140625
16888.734375
17120.7109375
17310.177734375
17458.0302734375
17565.3310546875
17633.3125
17663.365234375
17657.03515625
17616.0166015625
17542.1435546875
17437.384765625
17303.8310546875
17143.6865234375
16959.2607421875
16752.9541015625
16527.24609375
16284.6884765625
16027.8818359375
15759.4755859375
15482.14453125
15198.578125
14911.466796875
14623.4873046875
14337.2919921875
14055.4853515625
13780.6240234375
13515.19140625
13261.58984375
13022.12890625
12799.0126953125
12594.3232421875
12410.0185546875
12247.9169921875
12109.693359375
11996.861328125
11910.78125
11852.640625
11823.4580078125
11824.076171875
11855.16015625
11917.1982421875
12010.4990234375
12135.193359375
12291.2421875
12478.4287109375
12696.3740234375
12944.5380859375
13222.2275390625
13528.599609375
13862.6767578125
14223.349609375
14609.3935546875
15019.4716796875
15452.1494140625
15905.9033203125
16379.140625
16870.1962890625
17377.3623046875
17898.880859375
18432.96875
18977.8271484375
19531.64453125
20092.6162109375
20658.9501953125
21228.8759765625
21800.6533203125
22372.5869140625
22943.021484375
23510.359375
24073.0615234375
24629.65234375
25178.7255859375
25718.9462890625
26249.056640625
26767.8701171875
27274.283203125
27767.2666015625
28245.8671875
28709.2119140625
29156.4970703125
29586.9951171875
30000.0439453125
30395.0498046875
30771.482421875
31128.865234375
31466.7802734375
31784.857421875
32082.771484375
32360.2373046875
32617.0078125
32852.8681640625
33067.6259765625
33261.1162109375
33433.1923828125
33583.71875
33712.5751953125
33819.6494140625
33904.83203125
33968.017578125
34009.1005859375
34027.97265625
34024.5263671875
33998.64453125
33950.2060546875
33879.0859375
33785.15234375
33668.265625
33528.283203125
33365.0576171875
33178.4345703125
32968.259765625
32734.3779296875
32476.6318359375
32194.8671875
31888.9365234375
31558.6943359375
31204.0048828125
30824.7431640625
30420.794921875
29992.0654296875
29538.4716796875
29059.9521484375
28556.4716796875
28028.0146484375
27474.59375
26896.25390625
26293.0693359375
25665.1494140625
25012.642578125
24335.7353515625
23634.6552734375
22909.6787109375
22161.123046875
21389.359375
20594.8115234375
19777.953125
18939.318359375
18079.4990234375
17199.146484375
16298.9765625
15379.771484375
14442.3759765625
13487.708984375
12516.75390625
11530.5703125
10530.287109375
9517.1083984375
8492.3076171875
7457.2373046875
6413.3212890625
5362.0556640625
4305.0068359375
3243.81640625
2180.189453125
1115.8994140625
52.78125
-1007.26953125
-2062.3037109375
-3110.3212890625
-4149.2744140625
-5177.080078125
-6191.6171875
-7190.7421875
-8172.2919921875
-9134.087890625
-10073.9541015625
-10989.71875
-11879.2236328125
-12740.3359375
-13570.958984375
-14369.0341796875
-15132.564453125
-15859.611328125
-16548.314453125
-17196.8974609375
-17803.6767578125
-18367.076171875
-18885.62890625
-19357.998046875
-19782.9716796875
-20159.4833984375
-20486.611328125
-20763.58984375
-20989.8125
-21164.841796875
-21288.41015625
-21360.4248046875
-21380.970703125
-21350.314453125
-21268.900390625
-21137.357421875
-20956.4931640625
-20727.2880859375
-20450.9052734375
-20128.673828125
-19762.0908203125
-19352.80859375
-18902.6376953125
-18413.533203125
-17887.5810546875
-17327.0009765625
-16734.126953125
-16111.3984375
-15461.3525390625
-14786.607421875
-14089.853515625
-13373.8369140625
-12641.35546875
-11895.234375
-11138.3193359375
-10373.462890625
-9603.513671875
-8831.2939453125
-8059.599609375
-7291.1806640625
-6528.7275390625
-5774.8662109375
-5032.1376953125
-4303.0
-3589.802734375
-2894.791015625
-2220.0908203125
-1567.7001953125
-939.4853515625
-337.173828125
237.6572265625
783.57421875
1299.3017578125
1783.7216796875
2235.873046875
2654.958984375
3040.33984375
3391.54296875
3708.251953125
3990.310546875
4237.7177734375
4450.62890625
4629.3447265625
4774.3154296875
4886.125
4965.498046875
5013.283203125
5030.4541015625
5018.095703125
4977.400390625
4909.6640625
4816.267578125
4698.6767578125
4558.4345703125
4397.1455078125
4216.470703125
4018.119140625
3803.8369140625
3575.400390625
3334.6025390625
3083.25
2823.1474609375
2556.091796875
2283.8662109375
2008.2255859375
1730.8935546875
1453.5498046875
1177.8251953125
905.29296875
637.462890625
375.7724609375
121.58203125
-123.83203125
-359.28125
-583.671875
-796.01171875
-995.4052734375
-1181.0693359375
-1352.3251953125
-1508.609375
-1649.4677734375
-1774.5625
-1883.6708984375
-1976.6865234375
-2053.615234375
-2114.576171875
-2159.802734375
-2189.6337890625
-2204.5185546875
-2205.00390625
-2191.7421875
-2165.4736328125
-2127.03515625
-2077.33984375
-2017.38671875
-1948.2412109375
-1871.037109375
-1786.9638671875
-1697.267578125
-1603.232421875
-1506.1826171875
-1407.466796875
-1308.45703125
-1210.5361328125
-1115.0908203125
-1023.50390625
-937.1455078125
-857.3662109375
-785.486328125
-722.7919921875
-670.5263671875
-629.87890625
-601.9853515625
-587.912109375
-588.66015625
-605.1494140625
-638.2177734375
-688.619140625
-757.01171875
-843.958984375
-949.923828125
-1075.2666015625
-1220.2421875
-1384.9951171875
-1569.5625
-1773.8720703125
-1997.7373046875
-2240.8623046875
-2502.841796875
-2783.158203125
-3081.189453125
-3396.2080078125
-3727.380859375
-4073.7783203125
-4434.373046875
-4808.048828125
-5193.6005859375
-5589.7412109375
-5995.107421875
-6408.2666015625
-6827.7216796875
-7251.91796875
-7679.25
-8108.0703125
-8536.69140625
-8963.40234375
-9386.470703125
-9804.1494140625
-10214.6904296875
-10616.3505859375
-11007.3955078125
-11386.1142578125
-11750.8271484375
-12099.8896484375
-12431.7060546875
-12744.7314453125
-13037.4873046875
-13308.564453125
-13556.626953125
-13780.4306640625
-13978.8173828125
-14150.7314453125
-14295.220703125
-14411.44140625
-14498.666015625
-14556.2890625
-14583.8271484375
-14580.92578125
-14547.361328125
-14483.04296875
-14388.015625
-14262.45703125
-14106.6865234375
-13921.15234375
-13706.4423828125
-13463.2744140625
-13192.4970703125
-12895.083984375
-12572.134765625
-12224.8642578125
-11854.5986328125
-11462.7724609375
-11050.9208984375
-10620.669921875
-10173.7294921875
-9711.8876953125
-9236.9990234375
-8750.9755859375
-8255.7802734375
-7753.4150390625
-7245.91015625
-6735.314453125
-6223.6865234375
-5713.0830078125
-5205.546875
-4703.1025390625
-4207.740234375
-3721.408203125
-3246.005859375
-2783.3681640625
-2335.2646484375
-1903.384765625
-1489.3369140625
-1094.634765625
-720.6943359375
-368.8271484375
-40.2373046875
263.9873046875
542.875
795.572265625
1021.349609375
1219.6005859375
1389.8427734375
1531.71875
1644.990234375
1729.5439453125
1785.384765625
1812.62890625
1811.509765625
1782.3662109375
1725.640625
1641.8701171875
1531.6884765625
1395.810546875
1235.0322265625
1050.2216796875
842.310546875
612.291015625
361.2041015625
90.134765625
-199.7958984375
-507.4384765625
-831.6201171875
-1171.1572265625
-1524.853515625
-1891.5166015625
-2269.9560546875
-2658.9921875
-3057.462890625
-3464.23046875
-3878.1787109375
-4298.2265625
-4723.328125
-5152.4736328125
-5584.6982421875
-6019.0810546875
-6454.744140625
-6890.8642578125
-7326.6650390625
-7761.419921875
-8194.4560546875
-8625.1533203125
-9052.9375
-9477.2939453125
-9897.75
-10313.8857421875
-10725.33203125
-11131.7587890625
-11532.884765625
-11928.4677734375
-12318.306640625
-12702.236328125
-13080.12890625
-13451.8837890625
-13817.431640625
-14176.7294921875
-14529.755859375
-14876.51171875
-15217.0126953125
-15551.2890625
-15879.3837890625
-16201.3447265625
-16517.2294921875
-16827.09375
-17130.9951171875
-17428.9892578125
-17721.123046875
-18007.4375
-18287.96484375
-18562.7216796875
-18831.7109375
-19094.919921875
-19352.3173828125
-19603.8544921875
-19849.45703125
-20089.0302734375
-20322.4609375
-20549.6083984375
-20770.3056640625
-20984.3671875
-21191.580078125
-21391.7080078125
-21584.4921875
-21769.65234375
-21946.884765625
-22115.869140625
-22276.267578125
-22427.7216796875
-22569.865234375
-22702.3173828125
-22824.6904296875
-22936.591796875
-23037.6240234375
-23127.39453125
-23205.51171875
-23271.59375
-23325.271484375
-23366.1904296875
-23394.0166015625
-23408.4375
-23409.169921875
-23395.9609375
-23368.5908203125
-23326.880859375
-23270.689453125
-23199.923828125
-23114.5361328125
-23014.52734375
-22899.9501953125
-22770.9140625
-22627.578125
-22470.1630859375
-22298.9404296875
-22114.2421875
-21916.4541015625
-21706.017578125
-21483.4267578125
-21249.2275390625
-21004.015625
-20748.4326171875
-20483.162109375
-20208.927734375
-19926.486328125
-19636.6298828125
-19340.1669921875
-19037.9345703125
-18730.7822265625
-18419.564453125
-18105.14453125
-17788.380859375
-17470.125
-17151.2119140625
-16832.4580078125
-16514.658203125
-16198.5703125
-15884.921875
-15574.3974609375
-15267.638671875
-14965.2412109375
-14667.744140625
-14375.6376953125
-14089.3525390625
-13809.2626953125
-13535.6865234375
-13268.876953125
-13009.0361328125
-12756.302734375
-12510.763671875
-12272.4521484375
-12041.3505859375
-11817.3955078125
-11600.4794921875
-11390.4599609375
-11187.1611328125
-10990.380859375
-10799.89453125
-10615.4658203125
-10436.8486328125
-10263.794921875
-10096.0654296875
-9933.4296875
-9775.6767578125
-9622.6220703125
-9474.111328125
-9330.02734375
-9190.298828125
-9054.8984375
-8923.8544921875
-8797.2529296875
-8675.2333984375
-8558.005859375
-8445.83984375
-8339.0712890625
-8238.1025390625
-8143.4013671875
-8055.498046875
-7974.9853515625
-7902.5166015625
-7838.794921875
-7784.580078125
-7740.6708984375
-7707.9091796875
-7687.1640625
-7679.33203125
-7685.328125
-7706.0693359375
-7742.4765625
-7795.4580078125
-7865.9052734375
-7954.6767578125
-8062.595703125
-8190.4345703125
-8338.91015625
-8508.669921875
-8700.2861328125
-8914.24609375
-9150.943359375
-9410.6728515625
-9693.619140625
-9999.85546875
-10329.3369140625
-10681.890625
-11057.2197265625
-11454.8955078125
-11874.357421875
-12314.912109375
-12775.7314453125
-13255.8603515625
-13754.2080078125
-14269.5625
-14800.5869140625
-15345.8291015625
-15903.7265625
-16472.609375
-17050.7177734375
-17636.201171875
-18227.1328125
-18821.5166015625
-19417.302734375
-20012.3916015625
-20604.6533203125
-21191.9326171875
-21772.0654296875
-22342.8916015625
-22902.2607421875
-23448.05078125
-23978.181640625
-24490.6181640625
-24983.392578125
-25454.6044921875
-25902.4404296875
-26325.181640625
-26721.2099609375
-27089.017578125
-27427.2216796875
-27734.560546875
-28009.9072265625
-28252.2724609375
-28460.8095703125
-28634.8173828125
-28773.7421875
-28877.1796875
-28944.8720703125
-28976.7138671875
-28972.748046875
-28933.15625
-28858.2646484375
-28748.5361328125
-28604.5625
-28427.0625
-28216.8720703125
-27974.9404296875
-27702.314453125
-27400.1416015625
-27069.6494140625
-26712.146484375
-26329.0029296875
-25921.6484375
-25491.556640625
-25040.240234375
-24569.2373046875
-24080.1015625
-23574.39453125
-23053.673828125
-22519.486328125
-21973.3583984375
-21416.787109375
-20851.23046875
-20278.107421875
-19698.78125
-19114.5615234375
-18526.6943359375
-17936.359375
-17344.666015625
-16752.6494140625
-16161.267578125
-15571.4013671875
-14983.8505859375
-14399.3369140625
-13818.501953125
-13241.9072265625
-12670.041015625
-12103.3134765625
-11542.0625
-10986.5595703125
-10437.009765625
-9893.5576171875
-9356.291015625
-8825.2431640625
-8300.4033203125
-7781.7197265625
-7269.1025390625
-6762.4306640625
-6261.5595703125
-5766.3232421875
-5276.5400390625
-4792.0205078125
-4312.5712890625
-3837.99609375
-3368.107421875
-2902.7236328125
-2441.6806640625
-1984.8251953125
-1532.03125
-1083.189453125
-638.21875
-197.0654296875
240.2939453125
673.85546875
1103.58203125
1529.40625
1951.2255859375
2368.9140625
2782.306640625
3191.2158203125
3595.4228515625
3994.6845703125
4388.734375
4777.2822265625
5160.0224609375
5536.6298828125
5906.7666015625
6270.0869140625
6626.2333984375
6974.8486328125
7315.572265625
7648.0439453125
7971.9140625
8286.8359375
8592.4765625
8888.517578125
9174.6533203125
9450.6044921875
9716.107421875
9970.923828125
10214.8427734375
10447.6767578125
10669.271484375
10879.5
11078.2646484375
11265.50390625
11441.1826171875
11605.2998046875
11757.8857421875
11899.0029296875
12028.7431640625
12147.2275390625
12254.60546875
12351.0537109375
12436.7734375
12511.990234375
12576.951171875
12631.9189453125
12677.1796875
12713.0302734375
12739.779296875
12757.7470703125
12767.26171875
12768.6533203125
12762.2548828125
12748.40234375
12727.4248046875
12699.6484375
12665.392578125
12624.9658203125
12578.669921875
12526.787109375
12469.591796875
12407.33984375
12340.2705078125
12268.6083984375
12192.5556640625
12112.3037109375
12028.01953125
11939.8564453125
11847.94921875
11752.416015625
11653.36328125
11550.8798828125
11445.0458984375
11335.9296875
11223.5927734375
11108.0908203125
10989.4755859375
10867.796875
10743.109375
10615.46875
10484.94140625
10351.6015625
10215.5341796875
10076.8427734375
9935.6455078125
9792.08203125
9646.3115234375
9498.51953125
9348.9150390625
9197.732421875
9045.236328125
8891.716796875
8737.4931640625
8582.9130859375
8428.3515625
8274.2099609375
8120.9140625
7968.9140625
7818.6826171875
7670.708984375
7525.4990234375
7383.5693359375
7245.4501953125
7111.671875
6982.7666015625
6859.263671875
6741.6845703125
6630.537109375
6526.3115234375
6429.4755859375
6340.470703125
6259.705078125
6187.552734375
6124.34375
6070.3681640625
6025.8642578125
5991.0185546875
5965.9677734375
5950.7841796875
5945.4892578125
5950.0380859375
5964.3251953125
5988.1875
6021.3974609375
6063.66796875
6114.6552734375
6173.9541015625
6241.1123046875
6315.623046875
6396.9345703125
6484.455078125
6577.5517578125
6675.564453125
6777.8056640625
6883.5703125
6992.1376953125
7102.7841796875
7214.7841796875
7327.421875
7439.994140625
7551.8232421875
7662.2548828125
7770.6728515625
7876.5029296875
7979.21484375
8078.3359375
8173.447265625
8264.1953125
8350.2939453125
8431.5244140625
8507.74609375
8578.8876953125
8644.9609375
8706.0517578125
8762.3251953125
8814.0224609375
8861.462890625
8905.0390625
8945.212890625
8982.5146484375
9017.5419921875
9050.947265625
9083.4404296875
9115.77734375
9148.759765625
9183.2216796875
9220.03125
9260.0751953125
9304.2587890625
9353.4931640625
9408.69140625
9470.7607421875
9540.59375
9619.0625
9707.01171875
9805.25
9914.5458984375
10035.62109375
10169.1435546875
10315.7236328125
10475.90625
10650.1708984375
10838.9267578125
11042.5009765625
11261.1513671875
11495.0498046875
11744.2861328125
12008.8681640625
12288.7177734375
12583.6728515625
12893.486328125
13217.828125
13556.2861328125
13908.3642578125
14273.4912109375
14651.0205078125
15040.228515625
15440.326171875
15850.4560546875
16269.7021484375
16697.087890625
17131.5859375
17572.123046875
18017.578125
18466.80078125
18918.603515625
19371.775390625
19825.0859375
20277.2900390625
20727.1357421875
21173.3701171875
21614.7421875
22050.013671875
22477.962890625
22897.3916015625
23307.126953125
23706.0361328125
24093.021484375
24467.0361328125
24827.078125
25172.2080078125
25501.5439453125
25814.26953125
26109.6396484375
26386.9794921875
26645.6962890625
26885.271484375
27105.2724609375
27305.3486328125
27485.234375
27644.751953125
27783.810546875
27902.4033203125
28000.611328125
28078.599609375
28136.61328125
28174.9755859375
28194.087890625
28194.423828125
28176.521484375
28140.982421875
28088.4658203125
28019.6787109375
27935.3759765625
27836.3447265625
27723.40625
27597.4033203125
27459.19140625
27309.6357421875
27149.5986328125
26979.93359375
26801.4794921875
26615.0517578125
26421.431640625
26221.3642578125
26015.548828125
25804.6376953125
25589.2216796875
25369.8359375
25146.947265625
24920.955078125
24692.19140625
24460.9111328125
24227.298828125
23991.4658203125
23753.4501953125
23513.2216796875
23270.681640625
23025.66796875
22777.9599609375
22527.28125
22273.310546875
22015.6826171875
21753.9990234375
21487.8369140625
21216.75390625
20940.2998046875
20658.021484375
20369.4765625
20074.2392578125
19771.9111328125
19462.1279296875
19144.56640625
18818.9599609375
18485.0947265625
18142.82421875
17792.076171875
17432.8525390625
17065.234375
16689.3916015625
16305.5771484375
15914.1337890625
15515.4951171875
15110.1796875
14698.7939453125
14282.025390625
13860.64453125
13435.494140625
13007.486328125
12577.5966796875
12146.849609375
11716.322265625
11287.125
10860.3955078125
10437.291015625
10018.9736328125
9606.6044921875
9201.328125
8804.267578125
8416.5087890625
8039.0966796875
7673.015625
7319.1923828125
6978.478515625
6651.6484375
6339.38671875
6042.2890625
5760.849609375
5495.4658203125
5246.427734375
5013.91796875
4798.0146484375
4598.6884765625
4415.8046875
4249.12890625
4098.3251953125
3962.9638671875
3842.53125
3736.427734375
3643.982421875
3564.4560546875
3497.0556640625
3440.9345703125
3395.21484375
3358.986328125
3331.3154296875
3311.2685546875
3297.9091796875
3290.310546875
3287.56640625
3288.8056640625
3293.1865234375
3299.921875
3308.271484375
3317.556640625
3327.166015625
3336.556640625
3345.2578125
3352.8818359375
3359.1142578125
3363.7236328125
3366.556640625
3367.541015625
3366.681640625
3364.05859375
3359.8232421875
3354.193359375
3347.4501953125
3339.9326171875
3332.03125
3324.1787109375
3316.84765625
3310.5400390625
3305.7841796875
3303.123046875
3303.109375
3306.298828125
3313.23828125
3324.470703125
3340.513671875
3361.8662109375
3388.9970703125
3422.3388671875
3462.2900390625
3509.205078125
3563.392578125
3625.115234375
3694.587890625
3771.9736328125
3857.3876953125
3950.8916015625
4052.5029296875
4162.1884765625
4279.873046875
4405.43359375
4538.71484375
4679.5185546875
4827.62109375
4982.765625
5144.677734375
5313.060546875
5487.6044921875
5667.9931640625
5853.9033203125
6045.015625
6241.01171875
6441.58984375
6646.45703125
6855.3427734375
7067.994140625
7284.1884765625
7503.728515625
7726.4482421875
7952.2177734375
8180.9384765625
8412.5498046875
8647.02734375
8884.3876953125
9124.677734375
9367.98828125
9614.4423828125
9864.1982421875
10117.447265625
10374.4111328125
10635.3408203125
10900.509765625
11170.2158203125
11444.7763671875
11724.521484375
12009.794921875
12300.9482421875
12598.3330078125
12902.3037109375
13213.2080078125
13531.3828125
13857.154296875
14190.828125
14532.6865234375
14882.986328125
15241.9541015625
15609.779296875
15986.615234375
16372.5673828125
16767.703125
17172.03125
17585.515625
18008.0576171875
18439.505859375
18879.646484375
19328.2021484375
19784.8310546875
20249.12890625
20720.6201171875
21198.765625
21682.95703125
22172.5185546875
22666.7060546875
23164.7138671875
23665.6650390625
24168.626953125
24672.599609375
25176.529296875
25679.3076171875
26179.7724609375
26676.716796875
27168.890625
27655.0048828125
28133.740234375
28603.748046875
29063.6640625
29512.10546875
29947.6845703125
30369.013671875
30774.712890625
31163.4189453125
31533.7919921875
31884.51953125
32214.333984375
32522.015625
32806.3984375
33066.3818359375
33300.94140625
33509.1279296875
33690.087890625
33843.05859375
33967.3828125
34062.5146484375
34128.0244140625
34163.6044921875
34169.076171875
34144.392578125
34089.64453125
34005.0625
33891.0166015625
33748.02734375
33576.7548828125
33378.005859375
33152.7314453125
32902.029296875
32627.1279296875
32329.40234375
32010.3525390625
31671.607421875
31314.916015625
30942.1416015625
30555.2529296875
30156.3125
29747.4736328125
29330.9638671875
28909.080078125
28484.1708984375
28058.6318359375
27634.88671875
27215.3798828125
26802.556640625
26398.8623046875
26006.7138671875
25628.498046875
25266.5537109375
24923.158203125
24600.517578125
24300.7490234375
24025.873046875
23777.802734375
23558.326171875
23369.1005859375
23211.6435546875
23087.3212890625
22997.3388671875
22942.7373046875
22924.384765625
22942.9677734375
22998.990234375
23092.771484375
23224.439453125
23393.9287109375
23600.9853515625
23845.1640625
24125.8291015625
24442.1572265625
24793.1455078125
25177.611328125
25594.197265625
26041.384765625
26517.49609375
27020.7021484375
27549.0361328125
28100.400390625
28672.5791015625
29263.248046875
29869.98828125
30490.2939453125
31121.5947265625
31761.2587890625
32406.6103515625
33054.9482421875
33703.548828125
34349.6904296875
34990.6591796875
35623.76953125
36246.3701171875
36855.865234375
37449.71875
38025.4736328125
38580.7587890625
39113.3046875
39620.9501953125
40101.654296875
40553.5048828125
40974.73046875
41363.701171875
41718.94140625
42039.1318359375
42323.12109375
42569.9228515625
42778.71875
42948.8701171875
43079.9072265625
43171.5400390625
43223.650390625
43236.296875
43209.705078125
43144.2734375
43040.5634765625
42899.2939453125
42721.34375
42507.734375
42259.6318359375
41978.3359375
41665.271484375
41321.9833984375
40950.123046875
40551.4423828125
40127.7841796875
39681.0673828125
39213.2841796875
38726.486328125
38222.771484375
37704.2802734375
37173.177734375
36631.6513671875
36081.8896484375
35526.087890625
34966.423828125
34405.05859375
33844.1181640625
33285.6953125
32731.833984375
32184.5244140625
31645.697265625
31117.212890625
30600.859375
30098.345703125
29611.296875
29141.2470703125
28689.642578125
28257.83203125
27847.0673828125
27458.501953125
27093.1865234375
26752.07421875
26436.0146484375
26145.7548828125
25881.9482421875
25645.142578125
25435.794921875
25254.2646484375
25100.818359375
24975.6396484375
24878.8203125
24810.375
24770.2373046875
24758.2666015625
24774.2529296875
24817.91796875
24888.9248046875
24986.873046875
25111.3125
25261.7392578125
25437.6015625
25638.30859375
25863.2255859375
26111.681640625
26382.970703125
26676.357421875
26991.07421875
27326.3251953125
27681.2919921875
28055.1259765625
28446.955078125
28855.8857421875
29281.0
29721.353515625
30175.9775390625
30643.8779296875
31124.037109375
31615.404296875
32116.9013671875
32627.421875
33145.822265625
33670.9248046875
34201.5166015625
34736.3447265625
35274.119140625
35813.5
36353.11328125
36891.533203125
37427.2900390625
37958.8701171875
38484.7099609375
39003.201171875
39512.689453125
40011.4755859375
40497.8173828125
40969.93359375
41426.0048828125
41864.177734375
42282.5712890625
42679.2763671875
43052.369140625
43399.912109375
43719.962890625
44010.580078125
44269.83203125
44495.810546875
44686.6318359375
44840.4560546875
44955.484375
45029.984375
45062.2919921875
45050.822265625
44994.087890625
44890.7021484375
44739.396484375
44539.0263671875
44288.587890625
43987.224609375
43634.2392578125
43229.1025390625
42771.4638671875
42261.16015625
41698.220703125
41082.875
40415.5634765625
39696.935546875
38927.859375
38109.41796875
37242.9169921875
36329.88671875
35372.0703125
34371.43359375
33330.15625
32250.6259765625
31135.4375
29987.37890625
28809.4296875
27604.74609375
26376.650390625
25128.6259765625
23864.2939453125
22587.408203125
21301.837890625
20011.546875
18720.587890625
17433.0751953125
16153.177734375
14885.091796875
13633.0302734375
12401.2021484375
11193.7958984375
10014.9580078125
8868.7822265625
7759.28515625
6690.396484375
5665.9345703125
4689.599609375
3764.9521484375
2895.3984375
2084.185546875
1334.376953125
648.8525390625
30.2880859375
-518.845703125
-996.296875
-1400.0390625
-1728.2734375
-1979.44140625
-2152.2177734375
-2245.5244140625
-2258.525390625
-2190.6279296875
-2041.48828125
-1811.0
-1499.3017578125
-1106.76953125
-634.01171875
-81.8671875
548.599609375
1256.1083984375
2039.166015625
2896.0732421875
3824.9365234375
4823.669921875
5890.0087890625
7021.515625
8215.5869140625
9469.46875
10780.2568359375
12144.9140625
13560.2763671875
15023.0625
16529.880859375
18077.2451171875
19661.578125
21279.2265625
22926.46484375
24599.509765625
26294.5283203125
28007.64453125
29734.955078125
31472.533203125
33216.44140625
34962.7392578125
36707.4951171875
38446.79296875
40176.7451171875
41893.498046875
43593.248046875
45272.2412109375
46926.7939453125
48553.2958984375
50148.2177734375
51708.1279296875
53229.6953125
54709.7001953125
56145.044921875
57532.7607421875
58870.0166015625
60154.130859375
61382.5712890625
62552.970703125
63663.130859375
64711.02734375
65694.818359375
66612.8505859375
67463.66015625
68245.9814453125
68958.7470703125
69601.09765625
70172.369140625
70672.1103515625
71100.0751953125
71456.2197265625
71740.70703125
71953.90234375
72096.365234375
72168.8525390625
72172.3095703125
72107.8623046875
71976.8134765625
71780.634765625
71520.955078125
71199.5537109375
70818.349609375
70379.390625
69884.841796875
69336.9697265625
68738.1376953125
68090.7890625
67397.427734375
66660.615234375
65882.9482421875
65067.052734375
64215.5595703125
63331.1005859375
62416.291015625
61473.712890625
60505.908203125
59515.361328125
58504.490234375
57475.630859375
56431.029296875
55372.830078125
54303.068359375
53223.658203125
52136.388671875
51042.9111328125
49944.7392578125
48843.2421875
47739.6376953125
46634.9951171875
45530.2255859375
44426.0888671875
43323.1875
42221.974609375
41122.751953125
40025.671875
38930.7470703125
37837.849609375
36746.7265625
35656.99609375
34568.1640625
33479.6298828125
32390.6982421875
31300.5849609375
30208.43359375
29113.3271484375
28014.291015625
26910.3203125
25800.3818359375
24683.431640625
23558.427734375
22424.345703125
21280.1884765625
20125.00390625
18957.8974609375
17778.041015625
16584.6953125
15377.2119140625
14155.0546875
12917.8037109375
11665.173828125
10397.015625
9113.3349609375
7814.2939453125
6500.22265625
5171.6240234375
3829.1796875
2473.75390625
1106.3994140625
-271.646484375
-1658.9521484375
-3053.900390625
-4454.689453125
-5859.3291015625
-7265.6533203125
-8671.326171875
-10073.83984375
-11470.537109375
-12858.607421875
-14235.109375
-15596.9775390625
-16941.03515625
-18264.0126953125
-19562.564453125
-20833.2763671875
-22072.6943359375
-23277.337890625
-24443.716796875
-25568.3564453125
-26647.810546875
-27678.6865234375
-28657.6640625
-29581.515625
-30447.1279296875
-31251.5166015625
-31991.8505859375
-32665.4736328125
-33269.91015625
-33802.900390625
-34262.400390625
-34646.6064453125
-34953.966796875
-35183.1953125
-35333.279296875
-35403.49609375
-35393.412109375
-35302.8974609375
-35132.126953125
-34881.5830078125
-34552.0576171875
-34144.65234375
-33660.7744140625
-33102.1328125
-32470.732421875
-31768.865234375
-30999.103515625
-30164.2822265625
-29267.4951171875
-28312.0732421875
-27301.5703125
-26239.74609375
-25130.552734375
-23978.107421875
-22786.6767578125
-21560.65625
-20304.5478515625
-19022.935546875
-17720.466796875
-16401.828125
-15071.7236328125
-13734.84765625
-12395.8701171875
-11059.41015625
-9730.0185546875
-8412.15234375
-7110.154296875
-5828.244140625
-4570.4921875
-3340.802734375
-2142.90234375
-980.3251953125
143.6025390625
1225.7705078125
2263.294921875
3253.529296875
4194.0693359375
5082.759765625
5917.697265625
6697.23046875
7419.970703125
8084.78125
8690.7822265625
9237.34375
9724.0888671875
10150.8798828125
10517.8212890625
10825.2431640625
11073.7041015625
11263.9755859375
11397.0322265625
11474.046875
11496.3759765625
11465.55078125
11383.2646484375
11251.3642578125
11071.830078125
10846.7783203125
10578.43359375
10269.1259765625
9921.2783203125
9537.390625
9120.03125
8671.82421875
8195.4375
7693.5712890625
7168.94921875
6624.3056640625
6062.3779296875
5485.888671875
4897.5478515625
4300.03515625
3695.994140625
3088.0205078125
2478.6611328125
1870.396484375
1265.642578125
666.7373046875
75.9384765625
-504.5869140625
-1072.76171875
-1626.6123046875
-2164.263671875
-2683.955078125
-3184.0322265625
-3662.9599609375
-4119.3193359375
-4551.8125
-4959.267578125
-5340.6318359375
-5694.98046875
-6021.5146484375
-6319.5615234375
-6588.5703125
-6828.1162109375
-7037.896484375
-7217.728515625
-7367.544921875
-7487.3955078125
-7577.4365234375
-7637.9345703125
-7669.25390625
-7671.857421875
-7646.298828125
-7593.2177734375
-7513.3330078125
-7407.4345703125
-7276.3837890625
-7121.0966796875
-6942.544921875
-6741.7470703125
-6519.76171875
-6277.677734375
-6016.61328125
-5737.7041015625
-5442.1005859375
-5130.9609375
-4805.4462890625
-4466.7119140625
-4115.908203125
-3754.169921875
-3382.6201171875
-3002.359375
-2614.466796875
-2219.9990234375
-1819.9833984375
-1415.423828125
-1007.2958984375
-596.546875
-184.0966796875
229.1591796875
642.349609375
1054.6259765625
1465.162109375
1873.1474609375
2277.787109375
2678.30078125
3073.9150390625
3463.86328125
3847.3857421875
4223.720703125
4592.1083984375
4951.783203125
5301.9755859375
5641.9091796875
5970.802734375
6287.8642578125
6592.2998046875
6883.302734375
7160.068359375
7421.7890625
7667.6552734375
7896.8662109375
8108.6279296875
8302.1640625
8476.71875
8631.560546875
8765.99609375
8879.3720703125
8971.0859375
9040.5908203125
9087.412109375
9111.14453125
9111.4716796875
9088.1689453125
9041.11328125
8970.29296875
8875.8115234375
8757.900390625
8616.923828125
8453.3837890625
8267.921875
8061.333984375
7834.560546875
7588.7001953125
7325.0
7044.865234375
6749.8505859375
6441.6572265625
6122.134765625
5793.2666015625
5457.16796875
5116.076171875
4772.33984375
4428.408203125
4086.8173828125
3750.177734375
3421.1591796875
3102.4716796875
2796.8544921875
2507.052734375
2235.8017578125
1985.8115234375
1759.740234375
1560.1826171875
1389.6484375
1250.5390625
1145.13671875
1075.5830078125
1043.857421875
1051.7666015625
1100.9287109375
1192.751953125
1328.43359375
1508.935546875
1734.9814453125
2007.048828125
2325.357421875
2689.8701171875
3100.283203125
3556.03125
4056.2841796875
4599.9541015625
5185.6923828125
5811.9052734375
6476.7568359375
7178.1796875
7913.890625
8681.3984375
9478.025390625
10300.9228515625
11147.0869140625
12013.376953125
12896.541015625
13793.2353515625
14700.0419921875
15613.4970703125
16530.11328125
17446.3984375
18358.8828125
19264.1416015625
20158.8173828125
21039.6396484375
21903.451171875
22747.224609375
23568.083984375
24363.3212890625
25130.4169921875
25867.052734375
26571.126953125
27240.763671875
27874.33203125
28470.4453125
29027.9755859375
29546.0517578125
30024.072265625
30461.6962890625
30858.8525390625
31215.7275390625
31532.7685546875
31810.673828125
32050.384765625
32253.0791015625
32420.1494140625
32553.20703125
32654.0517578125
32724.6630859375
32767.18359375
32783.900390625
32777.22265625
32749.6669921875
32703.833984375
32642.3876953125
32568.0341796875
32483.5029296875
32391.5224609375
32294.796875
32195.9931640625
32097.7119140625
32002.4716796875
31912.69140625
31830.66796875
31758.560546875
31698.37890625
31651.9599609375
31620.9609375
31606.845703125
31610.873046875
31634.0869140625
31677.3125
31741.14453125
31825.951171875
31931.865234375
32058.783203125
32206.3720703125
32374.068359375
32561.0830078125
32766.4052734375
32988.8173828125
33226.8955078125
33479.029296875
33743.4248046875
34018.125
34301.0205078125
34589.8671875
34882.306640625
35175.875
35468.0283203125
35756.1591796875
36037.6162109375
36309.7236328125
36569.8017578125
36815.1865234375
37043.248046875
37251.4130859375
37437.1796875
37598.140625
37731.9990234375
37836.58203125
37909.8642578125
37949.9765625
37955.2236328125
37924.0927734375
37855.2705078125
37747.6484375
37600.33203125
37412.650390625
37184.158203125
36914.6416015625
36604.1171875
36252.837890625
35861.2841796875
35430.16796875
34960.423828125
34453.2060546875
33909.875
33331.9931640625
32721.31640625
32079.77734375
31409.46875
30712.6416015625
29991.677734375
29249.08203125
28487.4580078125
27709.4951171875
26917.9521484375
26115.6337890625
25305.375
24490.021484375
23672.41015625
22855.3544921875
22041.6201171875
21233.91015625
20434.8505859375
19646.9677734375
18872.6748046875
18114.26171875
17373.876953125
16653.509765625
15954.990234375
15279.970703125
14629.9169921875
14006.10546875
13409.61328125
12841.3134765625
12301.873046875
11791.751953125
11311.201171875
10860.2646484375
10438.78125
10046.3896484375
9682.533203125
9346.4677734375
9037.2685546875
8753.8388671875
8494.9208984375
8259.107421875
8044.857421875
7850.5
7674.2587890625
7514.2568359375
7368.5419921875
7235.09375
7111.841796875
6996.6826171875
6887.498046875
6782.1650390625
6678.578125
6574.662109375
6468.38671875
6357.7841796875
6240.962890625
6116.1201171875
5981.5576171875
5835.689453125
5677.0634765625
5504.357421875
5316.4033203125
5112.1865234375
4890.8583984375
4651.7392578125
4394.326171875
4118.298828125
3823.5146484375
3510.021484375
3178.048828125
2828.0126953125
2460.5107421875
2076.3193359375
1676.3896484375
1261.8447265625
833.96484375
394.189453125
-55.8974609375
-514.5810546875
-980.015625
-1450.2451171875
-1923.212890625
-2396.77734375
-2868.7197265625
-3336.765625
-3798.595703125
-4251.86328125
-4694.20703125
-5123.2705078125
-5536.7138671875
-5932.234375
-6307.57421875
-6660.546875
-6989.0419921875
-7291.0458984375
-7564.6513671875
-7808.07421875
-8019.6630859375
-8197.916015625
-8341.4814453125
-8449.177734375
-8519.994140625
-8553.1044921875
-8547.8642578125
-8503.8251953125
-8420.7314453125
-8298.5234375
-8137.337890625
-7937.5068359375
-7699.5546875
-7424.1962890625
-7112.3291015625
-6765.0244140625
-6383.525390625
-5969.2314453125
-5523.6904296875
-5048.587890625
-4545.7314453125
-4017.0380859375
-3464.5205078125
-2890.2705078125
-2296.4443359375
-1685.24609375
-1058.90625
-419.6748046875
230.203125
888.50390625
1553.0380859375
2221.669921875
2892.3291015625
3563.0302734375
4231.8818359375
4897.1005859375
5557.029296875
6210.1357421875
6855.033203125
7490.48046875
8115.3916015625
8728.8427734375
9330.0693359375
9918.4755859375
10493.626953125
11055.2529296875
11603.24609375
12137.6513671875
12658.6611328125
13166.61328125
13661.9736328125
14145.333984375
14617.392578125
15078.947265625
15530.8798828125
15974.1416015625
16409.7392578125
16838.716796875
17262.1455078125
17681.1015625
18096.6533203125
18509.84765625
18921.6884765625
19333.130859375
19745.056640625
20158.271484375
20573.48046875
20991.291015625
21412.1884765625
21836.5380859375
22264.5693359375
22696.3779296875
23131.9130859375
23570.982421875
24013.2431640625
24458.20703125
24905.2392578125
25353.56640625
25802.2734375
26250.3173828125
26696.5302734375
27139.630859375
27578.232421875
28010.85546875
28435.9384765625
28851.853515625
29256.916015625
29649.4033203125
30027.5634765625
30389.6376953125
30733.8681640625
31058.517578125
31361.8818359375
31642.3056640625
31898.1943359375
32128.03125
32330.384765625
32503.9267578125
32647.4365234375
32759.81640625
32840.099609375
32887.4541015625
32901.1943359375
32880.7822265625
32825.8349609375
32736.126953125
32611.587890625
32452.30859375
32258.5380859375
32030.6796875
31769.29296875
31475.083984375
31148.90625
30791.7490234375
30404.73828125
29989.1201171875
29546.263671875
29077.6455078125
28584.8427734375
28069.5263671875
27533.4482421875
26978.4365234375
26406.3828125
25819.236328125
25218.9892578125
24607.67578125
23987.3583984375
23360.119140625
22728.0556640625
22093.26953125
21457.861328125
20823.9267578125
20193.54296875
19568.7705078125
18951.6416015625
18344.162109375
17748.3017578125
17165.98828125
16599.1103515625
16049.509765625
15518.9755859375
15009.2470703125
14522.0048828125
14058.875
13621.4169921875
13211.1298828125
12829.4423828125
12477.71484375
12157.2373046875
11869.21875
11614.7939453125
11395.0146484375
11210.845703125
11063.1640625
10952.7568359375
10880.310546875
10846.41796875
10851.5625
10896.125
10980.37109375
11104.45703125
11268.416015625
11472.1611328125
11715.48046875
11998.033203125
12319.3515625
12678.830078125
13075.732421875
13509.1845703125
13978.1787109375
14481.5673828125
15018.0712890625
15586.275390625
16184.630859375
16811.46484375
17464.974609375
18143.240234375
18844.224609375
19565.783203125
20305.66796875
21061.5400390625
21830.9736328125
22611.4677734375
23400.455078125
24195.3134765625
24993.3798828125
25791.95703125
26588.328125
27379.7724609375
28163.572265625
28937.03125
29697.4833984375
30442.3125
31168.9560546875
31874.9287109375
32557.8251953125
33215.3388671875
33845.2705078125
34445.544921875
35014.2119140625
35549.4638671875
36049.6455078125
36513.255859375
36938.9619140625
37325.6015625
37672.1904296875
37977.9267578125
38242.193359375
38464.5625
38644.7958984375
38782.8427734375
38878.8427734375
38933.12109375
38946.189453125
38918.7373046875
38851.6298828125
38745.9033203125
38602.7548828125
38423.5400390625
38209.7587890625
37963.05078125
37685.1865234375
37378.0537109375
37043.6484375
36684.06640625
36301.4892578125
35898.173828125
35476.439453125
35038.66015625
34587.2470703125
34124.642578125
33653.3017578125
33175.6923828125
32694.2685546875
32211.4716796875
31729.716796875
31251.3779296875
30778.7861328125
30314.2109375
29859.8603515625
29417.8681640625
28990.283203125
28579.0693359375
28186.09375
27813.12109375
27461.810546875
27133.7109375
26830.251953125
26552.74609375
26302.3837890625
26080.2275390625
25887.2197265625
25724.1669921875
25591.751953125
25490.5283203125
25420.91796875
25383.216796875
25377.5966796875
25404.0986328125
25462.64453125
25553.033203125
25674.9462890625
25827.94921875
26011.4970703125
26224.93359375
26467.5029296875
26738.3408203125
27036.4931640625
27360.91015625
27710.4560546875
28083.91015625
28479.9736328125
28897.2744140625
29334.3720703125
29789.7607421875
30261.875
30749.09765625
31249.7587890625
31762.1494140625
32284.5146484375
32815.07421875
33352.009765625
33893.486328125
34437.6455078125
34982.6171875
35526.51953125
36067.4716796875
36603.591796875
37133.00390625
37653.8427734375
38164.2626953125
38662.4375
39146.568359375
39614.8896484375
40065.6708984375
40497.2265625
40907.916015625
41296.15234375
41660.41015625
41999.22265625
42311.1923828125
42594.9970703125
42849.3916015625
43073.2158203125
43265.3974609375
43424.9560546875
43551.01171875
43642.7841796875
43699.6044921875
43720.912109375
43706.259765625
43655.322265625
43567.8935546875
43443.8955078125
43283.375
43086.5087890625
42853.6064453125
42585.111328125
42281.599609375
41943.78125
41572.5009765625
41168.736328125
40733.5986328125
40268.3271484375
39774.2900390625
39252.9814453125
38706.0126953125
38135.1142578125
37542.12890625
36929.001953125
36297.7822265625
35650.6103515625
34989.708984375
34317.3837890625
33636.0068359375
32948.0107421875
32255.880859375
31562.1435546875
30869.3544921875
30180.0927734375
29496.9501953125
28822.51171875
28159.359375
27510.0458984375
26877.0966796875
26262.990234375
25670.1494140625
25100.935546875
24557.6298828125
24042.4287109375
23557.4326171875
23104.63671875
22685.9208984375
22303.0390625
21957.6181640625
21651.142578125
21384.9501953125
21160.2294921875
20978.0078125
20839.150390625
20744.3544921875
20694.1455078125
20688.875
20728.7177734375
20813.6728515625
20943.5556640625
21118.0087890625
21336.4921875
21598.2939453125
21902.5244140625
22248.123046875
22633.86328125
23058.3544921875
23520.044921875
24017.234375
24548.0703125
25110.5615234375
25702.5849609375
26321.8916015625
26966.111328125
27632.7685546875
28319.2890625
29023.00390625
29741.1650390625
30470.9580078125
31209.5029296875
31953.875
32701.109375
33448.21484375
34192.1875
34930.017578125
35658.703125
36375.2646484375
37076.7529296875
37760.265625
38422.951171875
39062.0302734375
39674.8017578125
40258.65625
40811.0830078125
41329.6884765625
41812.2021484375
42256.486328125
42660.548828125
43022.5498046875
43340.8134765625
43613.833984375
43840.2802734375
44019.0126953125
44149.076171875
44229.7158203125
44260.376953125
44240.70703125
44170.560546875
44050.0
43879.2958984375
43658.9267578125
43389.57421875
43072.125
42707.6611328125
42297.4599609375
41842.9833984375
41345.8720703125
40807.9375
40231.150390625
39617.6328125
38969.6376953125
38289.55078125
37579.8623046875
36843.1611328125
36082.1171875
35299.4638671875
34497.9853515625
33680.494140625
32849.8212890625
32008.7939453125
31160.21875
30306.865234375
29451.447265625
28596.61328125
27744.9169921875
26898.814453125
26060.640625
25232.6015625
24416.7548828125
23615.0029296875
22829.0791015625
22060.5390625
21310.75390625
20580.9033203125
19871.9619140625
19184.71484375
18519.7353515625
17877.3935546875
17257.865234375
16661.1181640625
16086.9326171875
15534.8994140625
15004.4306640625
14494.76953125
14004.998046875
13534.05859375
13080.7568359375
12643.7861328125
12221.736328125
11813.1171875
11416.375
11029.90625
10652.0849609375
10281.2763671875
9915.8603515625
9554.2490234375
9194.904296875
8836.3662109375
8477.259765625
8116.32421875
7752.419921875
7384.5537109375
7011.8916015625
6633.7646484375
6249.6982421875
5859.404296875
5462.8046875
5060.03125
4651.43359375
4237.5849609375
3819.2802734375
3397.537109375
2973.5966796875
2548.9150390625
2125.162109375
1704.2080078125
1288.1171875
879.1357421875
479.67578125
92.3056640625
-280.2724609375
-635.2412109375
-969.6767578125
-1280.5849609375
-1564.9111328125
-1819.564453125
-2041.4443359375
-2227.4609375
-2374.556640625
-2479.734375
-2540.0751953125
-2552.7646484375
-2515.119140625
-2424.595703125
-2278.822265625
-2075.6181640625
-1813.0068359375
-1489.234375
-1102.7900390625
-652.412109375
-137.1064453125
443.84375
1090.8740234375
1804.126953125
2583.4521484375
3428.3984375
4338.22265625
5311.8818359375
6348.041015625
7445.0830078125
8601.1103515625
9813.958984375
11081.2099609375
12400.201171875
13768.0390625
15181.626953125
16637.6689453125
18132.697265625
19663.091796875
21225.09375
22814.83984375
24428.3740234375
26061.671875
27710.666015625
29371.267578125
31039.3876953125
32710.958984375
34381.958984375
36048.4267578125
37706.4873046875
39352.3662109375
40982.412109375
42593.10546875
44181.0810546875
45743.138671875
47276.2470703125
48777.572265625
50244.4658203125
51674.484375
53065.3935546875
54415.1640625
55721.98046875
56984.240234375
58200.5478515625
59369.7177734375
60490.765625
61562.8994140625
62585.5224609375
63558.212890625
64480.72265625
65352.962890625
66174.99609375
66947.017578125
67669.3515625
68342.43359375
68966.798828125
69543.0693359375
70071.939453125
70554.16796875
70990.55859375
71381.955078125
71729.2265625
72033.26171875
72294.94921875
72515.1806640625
72694.8369140625
72834.779296875
72935.8505859375
72998.8662109375
73024.61328125
73013.8466796875
72967.287109375
72885.6240234375
72769.5185546875
72619.599609375
72436.47265625
72220.7216796875
71972.9150390625
71693.609375
71383.3583984375
71042.7197265625
70672.2587890625
70272.5615234375
69844.240234375
69387.9375
68904.3388671875
68394.181640625
67858.2548828125
67297.4150390625
66712.5869140625
66104.7705078125
65475.0458984375
64824.578125
64154.6240234375
63466.5263671875
62761.7216796875
62041.7392578125
61308.201171875
60562.8193359375
59807.392578125
59043.8017578125
58274.0087890625
57500.0458984375
56724.0146484375
55948.0703125
55174.41796875
54405.302734375
53642.9990234375
52889.7978515625
52147.99609375
51419.888671875
50707.75
50013.82421875
49340.31640625
48689.373046875
48063.0732421875
47463.419921875
46892.3232421875
46351.587890625
45842.9091796875
45367.8583984375
44927.8720703125
44524.248046875
44158.1328125
43830.5224609375
43542.24609375
43293.970703125
43086.1953125
42919.2451171875
42793.27734375
42708.2724609375
42664.04296875
42660.232421875
42696.3193359375
42771.62109375
42885.30078125
43036.3720703125
43223.708984375
43446.0517578125
43702.0166015625
43990.10546875
44308.71875
44656.1611328125
45030.658203125
45430.361328125
45853.3701171875
46297.732421875
46761.4658203125
47242.560546875
47739.001953125
48248.7744140625
48769.873046875
49300.3203125
49838.169921875
50381.5185546875
50928.5205078125
51477.388671875
52026.4052734375
52573.9326171875
53118.4169921875
53658.3935546875
54192.4921875
54719.4423828125
55238.076171875
55747.3310546875
56246.25
56733.984375
57209.7939453125
57673.0439453125
58123.2099609375
58559.8662109375
58982.6923828125
59391.4658203125
59786.056640625
60166.4296875
60532.630859375
60884.7890625
61223.1103515625
61547.8681640625
61859.4013671875
62158.1064453125
62444.4326171875
62718.8720703125
62981.9599609375
63234.263671875
63476.376953125
63708.9150390625
63932.5087890625
64147.798828125
64355.4296875
64556.044921875
64750.2841796875
64938.7744140625
65122.12890625
65300.94140625
65475.78515625
65647.2060546875
65815.724609375
65981.826171875
66145.9658203125
66308.5625
66470.0
66630.6220703125
66790.736328125
66950.611328125
67110.4736328125
67270.5126953125
67430.87890625
67591.6845703125
67753.0029296875
67914.873046875
68077.2978515625
68240.2451171875
68403.6513671875
68567.423828125
68731.44140625
68895.5537109375
69059.587890625
69223.34765625
69386.6181640625
69549.1669921875
69710.7431640625
69871.0869140625
70029.9248046875
70186.9755859375
70341.955078125
70494.5703125
70644.53125
70791.5478515625
70935.33203125
71075.6025390625
71212.0859375
71344.5166015625
71472.642578125
71596.2236328125
71715.037109375
71828.873046875
71937.544921875
72040.8798828125
72138.7333984375
72230.9755859375
72317.505859375
72398.244140625
72473.1376953125
72542.1572265625
72605.30078125
72662.59375
72714.083984375
72759.8505859375
72799.9970703125
72834.65234375
72863.9716796875
72888.1376953125
72907.35546875
72921.8544921875
72931.8857421875
72937.7265625
72939.671875
72938.0361328125
72933.154296875
72925.3798828125
72915.078125
72902.6337890625
72888.4423828125
72872.9111328125
72856.4599609375
72839.517578125
72822.51953125
72805.912109375
72790.142578125
72775.6669921875
72762.943359375
72752.431640625
72744.5986328125
72739.9072265625
72738.8251953125
72741.8203125
72749.3583984375
72761.9091796875
72779.9404296875
72803.9208984375
72834.3203125
72871.607421875
72916.2529296875
72968.73046875
73029.513671875
73099.0771484375
73177.900390625
73266.46484375
73365.255859375
73474.76171875
73595.474609375
73727.892578125
73872.5126953125
74029.83984375
74200.3798828125
74384.6416015625
74583.1337890625
74796.369140625
75024.853515625
75269.0947265625
75529.591796875
75806.83984375
76101.3212890625
76413.5078125
76743.853515625
77092.79296875
77460.7373046875
77848.0712890625
78255.146484375
78682.2802734375
79129.7470703125
79597.7763671875
80086.5478515625
80596.1865234375
81126.75390625
81678.25
82250.603515625
82843.666015625
83457.21484375
84090.9375
84744.443359375
85417.2421875
86108.75390625
86818.302734375
87545.1142578125
88288.310546875
89046.9189453125
89819.859375
90605.95703125
91403.9345703125
92212.4150390625
93029.93359375
93854.9287109375
94685.75390625
95520.681640625
96357.91015625
97195.5654296875
98031.7138671875
98864.37109375
99691.505859375
100511.0517578125
101320.9208984375
102119.0087890625
102903.208984375
103671.4248046875
104421.5771484375
105151.6240234375
105859.56640625
106543.458984375
107201.431640625
107831.693359375
108432.5439453125
109002.3935546875
109539.7626953125
110043.3037109375
110511.802734375
110944.1953125
111339.568359375
111697.17578125
112016.439453125
112296.955078125
112538.50390625
112741.0498046875
112904.7412109375
113029.919921875
113117.115234375
113167.0458984375
113180.6162109375
113158.9140625
113103.208984375
113014.9404296875
112895.716796875
112747.3076171875
112571.6259765625
112370.734375
112146.8193359375
111902.1865234375
111639.2509765625
111360.515625
111068.568359375
110766.0595703125
110455.6923828125
110140.205078125
109822.357421875
109504.91796875
109190.646484375
108882.28125
108582.51953125
108294.01171875
108019.33984375
107761.01171875
107521.44140625
107302.9384765625
107107.70703125
106937.818359375
106795.216796875
106681.703125
106598.9287109375
106548.392578125
106531.4306640625
106549.216796875
106602.7529296875
106692.8779296875
106820.2529296875
106985.3720703125
107188.55859375
107429.96875
107709.591796875
108027.2578125
108382.6376953125
108775.2529296875
109204.478515625
109669.5517578125
110169.578125
110703.5380859375
111270.296875
111868.61328125
112497.1484375
113154.470703125
113839.0712890625
114549.3671875
115283.712890625
116040.412109375
116817.7216796875
117613.86328125
118427.0302734375
119255.3994140625
120097.130859375
120950.3857421875
121813.328125
122684.1298828125
123560.982421875
124442.0966796875
125325.716796875
126210.1171875
127093.6142578125
127974.564453125
128851.3740234375
129722.50390625
130586.4658203125
131441.8359375
132287.248046875
133121.404296875
133943.07421875
134751.0986328125
135544.3935546875
136321.947265625
137082.8291015625
137826.1904296875
138551.263671875
139257.3662109375
139943.9033203125
140610.3701171875
141256.3544921875
141881.537109375
142485.69140625
143068.6923828125
143630.5126953125
144171.224609375
144691.0048828125
145190.1298828125
145668.986328125
146128.0615234375
146567.9482421875
146989.3466796875
147393.060546875
147780.0
148151.1728515625
148507.693359375
148850.771484375
149181.7119140625
149501.9111328125
149812.8505859375
150116.0966796875
150413.2900390625
150706.138671875
150996.4140625
151285.9423828125
151576.5908203125
151870.2666015625
152168.9013671875
152474.4404296875
152788.8310546875
153114.01953125
153451.923828125
153804.43359375
154173.3955078125
154560.5927734375
154967.7412109375
155396.47265625
155848.3203125
156324.708984375
156826.9423828125
157356.1875
157913.4697265625
158499.654296875
159115.4453125
159761.3701171875
160437.7705078125
161144.798828125
161882.4140625
162650.3701171875
163448.2177734375
164275.30078125
165130.7529296875
166013.5048828125
166922.27734375
167855.5927734375
168811.7734375
169788.953125
170785.083984375
171797.943359375
172825.146484375
173864.1572265625
174912.3046875
175966.7919921875
177024.716796875
178083.0859375
179138.83203125
180188.8310546875
181229.92578125
182258.9384765625
183272.693359375
184268.041015625
185241.869140625
186191.12890625
187112.853515625
188004.17578125
188862.349609375
189684.765625
190468.970703125
191212.6806640625
191913.80078125
192570.4365234375
193180.9091796875
193743.765625
194257.787109375
194722.00390625
195135.697265625
195498.4033203125
195809.92578125
196070.3291015625
196279.94140625
196439.357421875
196549.4306640625
196611.26953125
196626.234375
196595.9228515625
196522.169921875
196407.0283203125
196252.76171875
196061.8251953125
195836.8603515625
195580.6669921875
195296.1953125
194986.525390625
194654.84765625
194304.4462890625
193938.673828125
193560.939453125
193174.6845703125
192783.359375
192390.4111328125
191999.2578125
191613.2705078125
191235.7568359375
190869.939453125
190518.9404296875
190185.7666015625
189873.2890625
189584.236328125
189321.173828125
189086.4990234375
188882.4248046875
188710.97265625
188573.970703125
188473.0380859375
188409.587890625
188384.82421875
188399.7333984375
188455.0966796875
188551.48046875
188689.24609375
188868.556640625
189089.3740234375
189351.4765625
189654.462890625
189997.765625
190380.654296875
190802.2568359375
191261.5693359375
191757.4638671875
192288.7109375
192853.9912109375
193451.9072265625
194081.0009765625
194739.771484375
195426.681640625
196140.1826171875
196878.720703125
197640.7529296875
198424.7646484375
199229.26953125
200052.8369140625
200894.0908203125
201751.7177734375
202624.484375
203511.2373046875
204410.908203125
205322.5185546875
206245.1845703125
207178.1181640625
208120.619140625
209072.0869140625
210032.0029296875
210999.94140625
211975.548828125
212958.546875
213948.7236328125
214945.9208984375
215950.029296875
216960.9716796875
217978.697265625
219003.16796875
220034.3505859375
221072.1953125
222116.6328125
223167.55859375
224224.818359375
225288.205078125
226357.4365234375
227432.158203125
228511.921875
229596.1875
230684.3095703125
231775.5361328125
232868.9990234375
233963.7158203125
235058.5849609375
236152.390625
237243.794921875
238331.3515625
239413.5048828125
240488.59375
241554.8701171875
242610.494140625
243653.5546875
244682.076171875
245694.0390625
246687.384765625
247660.037109375
248609.9169921875
249534.9580078125
250433.1259765625
251302.4375
252140.97265625
252946.8955078125
253718.4755859375
254454.099609375
255152.29296875
255811.728515625
256431.2490234375
257009.87890625
257546.8330078125
258041.5361328125
258493.623046875
258902.9541015625
259269.62109375
259593.9443359375
259876.48828125
260118.0517578125
260319.6728515625
260482.623046875
260608.404296875
260698.7421875
260755.5791015625
260781.0576171875
260777.5166015625
260747.474609375
260693.6123046875
260618.7626953125
260525.8857421875
260418.0576171875
260298.4453125
260170.29296875
260036.8935546875
259901.5771484375
259767.681640625
259638.541015625
259517.4560546875
259407.677734375
259312.390625
259234.69140625
259177.5693359375
259143.8916015625
259136.390625
259157.6416015625
259210.0595703125
259295.87890625
259417.1494140625
259575.7255859375
259773.2607421875
260011.203125
260290.7890625
260613.044921875
260978.78515625
261388.6142578125
261842.9326171875
262341.93359375
262885.619140625
263473.7978515625
264106.099609375
264781.9833984375
265500.7451171875
266261.5283203125
267063.3388671875
267905.0556640625
268785.44140625
269703.1572265625
270656.7734375
271644.7822265625
272665.611328125
273717.6337890625
274799.1806640625
275908.55078125
277044.0244140625
278203.869140625
279386.3466796875
280589.7275390625
281812.2919921875
283052.3359375
284308.181640625
285578.1748046875
286860.6904296875
288154.1357421875
289456.9501953125
290767.60546875
292084.6064453125
293406.4833984375
294731.8017578125
296059.1474609375
297387.1298828125
298714.3759765625
300039.52734375
301361.2373046875
302678.16015625
303988.9541015625
305292.2734375
306586.76171875
307871.0537109375
309143.7646484375
310403.494140625
311648.8173828125
312878.2841796875
314090.4228515625
315283.7333984375
316456.6865234375
317607.7333984375
318735.294921875
319837.775390625
320913.560546875
321961.0185546875
322978.5126953125
323964.4052734375
324917.0576171875
325834.845703125
326716.1640625
327559.43359375
328363.1181640625
329125.7216796875
329845.8095703125
330522.013671875
331153.04296875
331737.693359375
332274.861328125
332763.552734375
333202.8896484375
333592.1259765625
333930.6513671875
334218.001953125
334453.8681640625
334638.103515625
334770.7294921875
334851.9365234375
334882.09765625
334861.7666015625
334791.677734375
334672.7529296875
334506.0947265625
334292.9931640625
334034.916015625
333733.5068359375
333390.583984375
333008.12890625
332588.2841796875
332133.337890625
331645.7216796875
331127.9951171875
330582.8388671875
330013.03515625
329421.4619140625
328811.0751953125
328184.8955078125
327545.9921875
326897.4697265625
326242.451171875
325584.0615234375
324925.416015625
324269.5966796875
323619.6474609375
322978.546875
322349.2060546875
321734.443359375
321136.9765625
320559.408203125
320004.2138671875
319473.7294921875
318970.1455078125
318495.48828125
318051.619140625
317640.2255859375
317262.814453125
316920.7041015625
316615.0244140625
316346.7119140625
316116.5068359375
315924.955078125
315772.40625
315659.017578125
315584.7568359375
315549.3994140625
315552.5419921875
315593.6044921875
315671.833984375
315786.314453125
315935.974609375
316119.5947265625
316335.8193359375
316583.1591796875
316860.0107421875
317164.662109375
317495.30078125
317850.0283203125
318226.8720703125
318623.794921875
319038.701171875
319469.458984375
319913.8994140625
320369.8369140625
320835.07421875
321307.412109375
321784.6640625
322264.662109375
322745.2685546875
323224.3837890625
323699.95703125
324169.9892578125
324632.5498046875
325085.7724609375
325527.8740234375
325957.150390625
326371.9931640625
326770.8828125
327152.4072265625
327515.2509765625
327858.2138671875
328180.205078125
328480.2509765625
328757.4912109375
329011.1904296875
329240.728515625
329445.611328125
329625.4638671875
329780.033203125
329909.1865234375
330012.912109375
330091.3125
330144.60546875
330173.12109375
330177.2958984375
330157.6669921875
330114.8720703125
330049.642578125
329962.7919921875
329855.21484375
329727.876953125
329581.80859375
329418.095703125
329237.87109375
329042.306640625
328832.59765625
328609.9619140625
328375.6220703125
328130.7998046875
327876.701171875
327614.509765625
327345.37109375
327070.388671875
326790.6044921875
326506.9990234375
326220.4716796875
325931.8359375
325641.8115234375
325351.009765625
325059.9345703125
324768.9658203125
324478.36328125
324188.2490234375
323898.615234375
323609.3115234375
323320.0498046875
323030.3994140625
322739.787109375
322447.5
322152.6875
321854.3681640625
321551.4287109375
321242.638671875
320926.650390625
320602.0146484375
320267.1865234375
319920.5380859375
319560.37109375
319184.9296875
318792.416015625
318381.0
317948.8447265625
317494.1103515625
317014.9794921875
316509.6689453125
315976.4482421875
315413.6572265625
314819.720703125
314193.162109375
313532.6259765625
312836.88671875
312104.8642578125
311335.640625
310528.466796875
309682.7783203125
308798.2021484375
307874.5693359375
306911.91796875
305910.4970703125
304870.7783203125
303793.453125
302679.4326171875
301529.8515625
300346.0595703125
299129.6220703125
297882.3125
296606.1044921875
295303.1640625
293975.83984375
292626.6484375
291258.263671875
289873.501953125
288475.306640625
287066.7333984375
285650.9287109375
284231.1171875
282810.58203125
281392.642578125
279980.6396484375
278577.9150390625
277187.791015625
275813.5556640625
274458.4365234375
273125.591796875
271818.0888671875
270538.8828125
269290.8076171875
268076.560546875
266898.68359375
265759.5546875
264661.3759765625
263606.1591796875
262595.7265625
261631.6923828125
260715.46484375
259848.2373046875
259030.98828125
258264.478515625
257549.25
256885.6279296875
256273.7265625
255713.44921875
255204.494140625
254746.3642578125
254338.3720703125
253979.6513671875
253669.162109375
253405.70703125
253187.9423828125
253014.3857421875
252883.4326171875
252793.37109375
252742.392578125
252728.607421875
252750.0595703125
252804.740234375
252890.6025390625
253005.576171875
253147.580078125
253314.5361328125
253504.3828125
253715.08984375
253944.6669921875
254191.1767578125
254452.7421875
254727.5654296875
255013.9228515625
255310.185546875
255614.8203125
255926.396484375
256243.587890625
256565.18359375
256890.0859375
257217.3125
257545.99609375
257875.3876953125
258204.8515625
258533.8662109375
258862.0166015625
259188.9951171875
259514.591796875
259838.689453125
260161.259765625
260482.353515625
260802.0908203125
261120.65625
261438.2880859375
261755.2685546875
262071.9130859375
262388.5654296875
262705.580078125
263023.3203125
263342.140625
263662.3828125
263984.3662109375
264308.373046875
264634.646484375
264963.3818359375
265294.7119140625
265628.7109375
265965.3798828125
266304.6474609375
266646.3623046875
266990.2900390625
267336.1123046875
267683.423828125
268031.734375
268380.4677734375
268728.962890625
269076.48046875
269422.19921875
269765.23046875
270104.6181640625
270439.3427734375
270768.3369140625
271090.48828125
271404.6474609375
271709.6416015625
272004.2841796875
272287.3818359375
272557.75
272814.22265625
273055.6611328125
273280.96875
273489.1044921875
273679.087890625
273850.013671875
274001.0634765625
274131.51171875
274240.7412109375
274328.2451171875
274393.6396484375
274436.669921875
274457.212890625
274455.2890625
274431.0546875
274384.822265625
274317.041015625
274228.3154296875
274119.392578125
273991.166015625
273844.6669921875
273681.0654296875
273501.66015625
273307.87109375
273101.236328125
272883.3955078125
272656.0849609375
272421.1220703125
272180.3974609375
271935.859375
271689.4990234375
271443.33984375
271199.421875
270959.7841796875
270726.455078125
270501.4296875
270286.662109375
270084.046875
269895.4033203125
269722.4677734375
269566.869140625
269430.1259765625
269313.626953125
269218.626953125
269146.2265625
269097.3720703125
269072.8408203125
269073.23828125
269098.9853515625
269150.3203125
269227.29296875
269329.7587890625
269457.3857421875
269609.6455078125
269785.822265625
269985.0107421875
270206.125
270447.900390625
270708.9033203125
270987.537109375
271282.05078125
271590.5517578125
271911.0166015625
272241.30078125
272579.154296875
272922.2333984375
273268.119140625
273614.326171875
273958.322265625
274297.5458984375
274629.41796875
274951.359375
275260.8134765625
275555.25
275832.1962890625
276089.2412109375
276324.05859375
276534.416015625
276718.1982421875
276873.412109375
276998.20703125
277090.884765625
277149.91015625
277173.9267578125
277161.7607421875
277112.435546875
277025.1748046875
276899.412109375
276734.796875
276531.1943359375
276288.6953125
276007.611328125
275688.4775390625
275332.0546875
274939.3203125
274511.4697265625
274049.9130859375
273556.263671875
273032.33203125
272480.1201171875
271901.8095703125
271299.75
270676.4482421875
270034.5546875
269376.8486328125
268706.2275390625
268025.6826171875
267338.2919921875
266647.201171875
265955.6025390625
265266.7197265625
264583.7890625
263910.046875
263248.7001953125
262602.9208984375
261975.8173828125
261370.4248046875
260789.685546875
260236.4267578125
259713.3564453125
259223.0361328125
258767.875
258350.107421875
257971.79296875
257634.7939453125
257340.767578125
257091.1640625
256887.2080078125
256729.90234375
256620.013671875
256558.080078125
256544.3994140625
256579.03125
256661.802734375
256792.3037109375
256969.896484375
257193.7177734375
257462.685546875
257775.5087890625
258130.6923828125
258526.5546875
258961.2314453125
259432.69140625
259938.7509765625
260477.0859375
261045.2470703125
261640.6767578125
262260.72265625
262902.6552734375
263563.685546875
264240.9794921875
264931.677734375
265632.908203125
266341.8056640625
267055.5283203125
267771.26953125
268486.2783203125
269197.8720703125
269903.447265625
270600.5
271286.6298828125
271959.55859375
272617.13671875
273257.3544921875
273878.3525390625
274478.4228515625
275056.0263671875
275609.78515625
276138.4990234375
276641.142578125
277116.865234375
277564.998046875
277985.052734375
278376.71875
278739.861328125
279074.521484375
279380.912109375
279659.4091796875
279910.552734375
280135.0419921875
280333.7197265625
280507.5732421875
280657.7294921875
280785.4365234375
280892.0625
280979.0869140625
281048.08984375
281100.7412109375
281138.7919921875
281164.0654296875
281178.44921875
281183.8779296875
281182.330078125
281175.8125
281166.3564453125
281156.0
281146.7841796875
281140.7373046875
281139.8671875
281146.154296875
281161.5361328125
281187.90234375
281227.0810546875
281280.8330078125
281350.83984375
281438.69921875
281545.91015625
281673.8671875
281823.8583984375
281997.0478515625
282194.4736328125
282417.04296875
282665.5205078125
282940.5283203125
283242.5341796875
283571.85546875
283928.6435546875
284312.8935546875
284724.4306640625
285162.9140625
285627.8359375
286118.515625
286634.1083984375
287173.599609375
287735.8115234375
288319.404296875
288922.8798828125
289544.591796875
290182.7431640625
290835.4013671875
291500.5029296875
292175.861328125
292859.1787109375
293548.05859375
294240.0107421875
294932.470703125
295622.8095703125
296308.3486328125
296986.373046875
297654.1474609375
298308.9287109375
298947.9873046875
299568.615234375
300168.1494140625
300743.984375
301293.5849609375
301814.5068359375
302304.4111328125
302761.07421875
303182.4111328125
303566.4775390625
303911.494140625
304215.8486328125
304478.1142578125
304697.0546875
304871.6357421875
305001.029296875
305084.6240234375
305122.0263671875
305113.0654296875
305057.7958984375
304956.4970703125
304809.6708984375
304618.0439453125
304382.55859375
304104.37109375
303784.8408203125
303425.5283203125
303028.181640625
302594.7255859375
302127.255859375
301628.017578125
301099.3984375
300543.912109375
299964.1845703125
299362.935546875
298742.9638671875
298107.1337890625
297458.3525390625
296799.55859375
296133.701171875
295463.728515625
294792.5654296875
294123.0986328125
293458.1669921875
292800.5380859375
292152.9013671875
291517.8466796875
290897.8623046875
290295.310546875
289712.427734375
289151.310546875
288613.9033203125
288101.9970703125
287617.220703125
287161.0341796875
286734.7265625
286339.4111328125
285976.0263671875
285645.333984375
285347.91796875
285084.189453125
284854.384765625
284658.57421875
284496.6630859375
284368.396484375
284273.3681640625
284211.0263671875
284180.6806640625
284181.5087890625
284212.5693359375
284272.806640625
284361.0634765625
284476.0888671875
284616.5458984375
284781.02734375
284968.0634765625
285176.1298828125
285403.6611328125
285649.0595703125
285910.7060546875
286186.96875
286476.212890625
286776.814453125
287087.162109375
287405.669921875
287730.7890625
288061.0068359375
288394.865234375
288730.958984375
289067.947265625
289404.556640625
289739.5908203125
290071.9296875
290400.541015625
290724.4755859375
291042.8798828125
291354.9912109375
291660.142578125
291957.7666015625
292247.388671875
292528.6376953125
292801.2353515625
293065.00390625
293319.8544921875
293565.794921875
293802.919921875
294031.4091796875
294251.5244140625
294463.603515625
294668.052734375
294865.34765625
295056.015625
295240.6435546875
295419.857421875
295594.3203125
295764.7255859375
295931.7861328125
296096.2265625
296258.775390625
296420.1552734375
296581.072265625
296742.2119140625
296904.2255859375
297067.7255859375
297233.2734375
297401.3740234375
297572.466796875
297746.91796875
297925.015625
298106.9619140625
298292.869140625
298482.75
298676.5166015625
298873.9833984375
299074.84765625
299278.7080078125
299485.046875
299693.240234375
299902.5537109375
300112.1484375
300321.078125
300528.2978515625
300732.669921875
300932.9599609375
301127.853515625
301315.9599609375
301495.8173828125
301665.9052734375
301824.650390625
301970.4404296875
302101.6298828125
302216.5537109375
302313.5380859375
302390.912109375
302447.0166015625
302480.220703125
302488.9287109375
302471.59375
302426.7294921875
302352.921875
302248.8359375
302113.2333984375
301944.9736328125
301743.0322265625
301506.5029296875
301234.6083984375
300926.7080078125
300582.30078125
300201.0400390625
299782.7255859375
299327.3203125
298834.943359375
298305.8798828125
297740.578125
297139.6494140625
296503.8740234375
295834.1923828125
295131.705078125
294397.67578125
293633.5185546875
292840.798828125
292021.228515625
291176.6591796875
290309.072265625
289420.5791015625
288513.4052734375
287589.890625
286652.4736328125
285703.68359375
284746.1376953125
283782.521484375
282815.5849609375
281848.1318359375
280883.005859375
279923.083984375
278971.2607421875
278030.4404296875
277103.525390625
276193.404296875
275302.94140625
274434.9638671875
273592.2509765625
272777.5224609375
271993.4296875
271242.541015625
270527.333984375
269850.18359375
269213.3466796875
268618.9619140625
268069.033203125
267565.4150390625
267109.81640625
266703.7783203125
266348.6767578125
266045.7041015625
265795.869140625
265599.98828125
265458.6767578125
265372.3486328125
265341.2060546875
265365.236328125
265444.21484375
265577.6953125
265765.0087890625
266005.2705078125
266297.373046875
266639.9912109375
267031.5869140625
267470.404296875
267954.486328125
268481.6708984375
269049.6044921875
269655.748046875
270297.3828125
270971.6259765625
271675.4404296875
272405.642578125
273158.921875
273931.8515625
274720.90234375
275522.45703125
276332.8349609375
277148.2939453125
277965.0615234375
278779.34375
279587.345703125
280385.2861328125
281169.419921875
281936.0546875
282681.5615234375
283402.4033203125
284095.138671875
284756.44921875
285383.1474609375
285972.197265625
286520.71875
287026.01171875
287485.5615234375
287897.0498046875
288258.3671875
288567.6162109375
288823.1279296875
289023.458984375
289167.3984375
289253.9765625
289282.4599609375
289252.35546875
289163.412109375
289015.61328125
288809.18359375
288544.57421875
288222.46484375
287843.7548828125
287409.55859375
286921.193359375
286380.17578125
285788.2060546875
285147.1630859375
284459.0927734375
283726.189453125
282950.796875
282135.3828125
281282.537109375
280394.9482421875
279475.4033203125
278526.76171875
277551.9501953125
276553.947265625
275535.7724609375
274500.4677734375
273451.08984375
272390.6982421875
271322.337890625
270249.033203125
269173.7705078125
268099.490234375
267029.0771484375
265965.345703125
264911.0322265625
263868.78515625
262841.1552734375
261830.5849609375
260839.404296875
259869.8154296875
258923.89453125
258003.576171875
257110.6513671875
256246.76171875
255413.38671875
254611.8515625
253843.3134765625
253108.755859375
252408.99609375
251744.671875
251116.2470703125
250524.0048828125
249968.052734375
249448.3193359375
248964.556640625
248516.3427734375
248103.0869140625
247724.0263671875
247378.240234375
247064.6494140625
246782.0205078125
246528.9814453125
246304.0224609375
246105.509765625
245931.6904296875
245780.7080078125
245650.611328125
245539.3671875
245444.869140625
245364.9599609375
245297.4345703125
245240.060546875
245190.591796875
245146.78125
245106.3955078125
245067.2314453125
245027.1298828125
244983.98828125
244935.77734375
244880.552734375
244816.4658203125
244741.7822265625
244654.8896484375
244554.3056640625
244438.6904296875
244306.8583984375
244157.77734375
243990.5849609375
243804.5849609375
243599.2578125
243374.2548828125
243129.408203125
242864.7236328125
242580.38671875
242276.748046875
241954.330078125
241613.8154296875
241256.041015625
240881.9931640625
240492.79296875
240089.69140625
239674.0556640625
239247.3603515625
238811.169921875
238367.130859375
237916.9599609375
237462.423828125
237005.33203125
236547.5185546875
236090.8369140625
235637.1337890625
235188.248046875
234745.994140625
234312.1494140625
233888.4453125
233476.5537109375
233078.083984375
232694.5693359375
232327.4609375
231978.12109375
231647.818359375
231337.7265625
231048.9140625
230782.353515625
230538.9052734375
230319.3330078125
230124.291015625
229954.33984375
229809.9345703125
229691.44140625
229599.1279296875
229533.1826171875
229493.7080078125
229480.73046875
229494.20703125
229534.029296875
229600.029296875
229691.9853515625
229809.630859375
229952.6513671875
230120.7001953125
230313.3955078125
230530.3251953125
230771.0556640625
231035.12890625
231322.0673828125
231631.3759765625
231962.5439453125
232315.0419921875
232688.3271484375
233081.8369140625
233494.9912109375
233927.1875
234377.8017578125
234846.1826171875
235331.6484375
235833.484375
236350.9384765625
236883.216796875
237429.4765625
237988.828125
238560.3251953125
239142.9638671875
239735.6767578125
240337.33203125
240946.7265625
241562.5888671875
242183.5693359375
242808.25
243435.1328125
244062.6455078125
244689.1416015625
245312.8994140625
245932.130859375
246544.974609375
247149.5078125
247743.7490234375
248325.662109375
248893.1591796875
249444.119140625
249976.3779296875
250487.75
250976.0283203125
251439.0
251874.44921875
252280.1689453125
252653.9697265625
252993.69140625
253297.208984375
253562.443359375
253787.3740234375
253970.04296875
254108.5673828125
254201.14453125
254246.0615234375
254241.705078125
254186.56640625
254079.24609375
253918.462890625
253703.0546875
253431.9921875
253104.3701171875
252719.4228515625
252276.517578125
251775.1611328125
251215.001953125
250595.8310546875
249917.5751953125
249180.3076171875
248384.2412109375
247529.728515625
246617.2568359375
245647.453125
244621.076171875
243539.017578125
242402.296875
241212.0615234375
239969.576171875
238676.2333984375
237333.53515625
235943.1005859375
234506.66015625
233026.046875
231503.201171875
229940.162109375
228339.068359375
226702.150390625
225031.7294921875
223330.2177734375
221600.1083984375
219843.978515625
218064.48046875
216264.341796875
214446.3642578125
212613.41015625
210768.412109375
208914.35546875
207054.2822265625
205191.2841796875
203328.49609375
201469.0908203125
199616.275390625
197773.28125
195943.359375
194129.771484375
192335.78515625
190564.6611328125
188819.6484375
187103.9755859375
185420.8349609375
183773.380859375
182164.7119140625
180597.869140625
179075.814453125
177601.4287109375
176177.4951171875
174806.69140625
173491.576171875
172234.5771484375
171037.9853515625
169903.9345703125
168834.404296875
167831.1953125
166895.9326171875
166030.046875
165234.775390625
164511.1435546875
163859.9677734375
163281.84375
162777.1474609375
162346.0234375
161988.3857421875
161703.9189453125
161492.0732421875
161352.0654296875
161282.8837890625
161283.28515625
161351.8056640625
161486.7607421875
161686.251953125
161948.1767578125
162270.234375
162649.935546875
163084.6171875
163571.4443359375
164107.43359375
164689.455078125
165314.2548828125
165978.46484375
166678.615234375
167411.154296875
168172.4619140625
168958.861328125
169766.642578125
170592.072265625
171431.4091796875
172280.9228515625
173136.9052734375
173995.69140625
174853.666015625
175707.283203125
176553.080078125
177387.68359375
178207.830078125
179010.3720703125
179792.291015625
180550.7041015625
181282.876953125
181986.23046875
182658.345703125
183296.9716796875
183900.033203125
184465.6318359375
184992.048828125
185477.751953125
185921.3935546875
186321.8125
186678.0341796875
186989.271484375
187254.91796875
187474.5537109375
187647.9365234375
187774.998046875
187855.841796875
187890.73828125
187880.119140625
187824.572265625
187724.8291015625
187581.767578125
187396.3994140625
187169.861328125
186903.41015625
186598.4130859375
186256.337890625
185878.7470703125
185467.2861328125
185023.6748046875
184549.701171875
184047.2041015625
183518.0712890625
182964.228515625
182387.62109375
181790.216796875
181173.986328125
180540.8984375
179892.90625
179231.9423828125
178559.9013671875
177878.6376953125
177189.9521484375
176495.5830078125
175797.1982421875
175096.3837890625
174394.638671875
173693.365234375
172993.8583984375
172297.3037109375
171604.7666015625
170917.1884765625
170235.380859375
169560.0166015625
168891.6298828125
168230.6123046875
167577.2109375
166931.5205078125
166293.4912109375
165662.9208984375
165039.462890625
164422.6220703125
163811.7626953125
163206.1083984375
162604.75
162006.6513671875
161410.6552734375
160815.4931640625
160219.791015625
159622.087890625
159020.8369140625
158414.4228515625
157801.1748046875
157179.380859375
156547.296875
155903.1689453125
155245.2451171875
154571.7900390625
153881.1044921875
153171.5390625
152441.513671875
151689.5283203125
150914.1884765625
150114.2119140625
149288.451171875
148435.90234375
147555.7265625
146647.2578125
145710.0166015625
144743.7236328125
143748.3095703125
142723.9228515625
141670.9365234375
140589.95703125
139481.826171875
138347.630859375
137188.6943359375
136006.5791015625
134803.091796875
133580.2705078125
132340.3828125
131085.9189453125
129819.5791015625
128544.267578125
127263.076171875
125979.2705078125
124696.2763671875
123417.6611328125
122147.115234375
120888.431640625
119645.4873046875
118422.22265625
117222.61328125
116050.6552734375
114910.3330078125
113805.60546875
112740.373046875
111718.458984375
110743.5869140625
109819.353515625
108949.2109375
108136.4423828125
107384.142578125
106695.1962890625
106072.2646484375
105517.7646484375
105033.8544921875
104622.419921875
104285.0625
104023.0908203125
103837.5087890625
103729.015625
103697.9951171875
103744.515625
103868.333984375
104068.892578125
104345.3212890625
104696.453125
105120.8232421875
105616.6806640625
106182.00390625
106814.505859375
107511.66015625
108270.7041015625
109088.6689453125
109962.3876953125
110888.5244140625
111863.5830078125
112883.94140625
113945.86328125
115045.5234375
116179.0302734375
117342.4462890625
118531.8115234375
119743.162109375
120972.552734375
122216.078125
123469.8896484375
124730.2138671875
125993.3701171875
127255.787109375
128514.017578125
129764.74609375
131004.80859375
132231.1982421875
133441.0712890625
134631.7578125
135800.765625
136945.7861328125
138064.6884765625
139155.52734375
140216.5419921875
141246.1474609375
142242.9345703125
143205.6650390625
144133.2666015625
145024.8173828125
145879.548828125
146696.8291015625
147476.15625
148217.1435546875
148919.5185546875
149583.1005859375
150207.7998046875
150793.599609375
151340.5498046875
151848.7587890625
152318.3740234375
152749.5869140625
153142.615234375
153497.6982421875
153815.091796875
154095.0625
154337.8818359375
154543.826171875
154713.171875
154846.19921875
154943.189453125
155004.42578125
155030.2001953125
155020.8154296875
154976.58984375
154897.8671875
154785.0205078125
154638.45703125
154458.6357421875
154246.0712890625
154001.3427734375
153725.1064453125
153418.1044921875
153081.177734375
152715.2724609375
152321.451171875
151900.90625
151454.958984375
150985.080078125
150492.8857421875
149980.150390625
149448.8095703125
148900.9609375
148338.8701171875
147764.970703125
147181.8603515625
146592.298828125
145999.2080078125
145405.66015625
144814.87109375
144230.19140625
143655.0947265625
143093.1650390625
142548.0791015625
142023.5927734375
141523.51953125
141051.7158203125
140612.052734375
140208.404296875
139844.611328125
139524.470703125
139251.7021484375
139029.92578125
138862.634765625
138753.1767578125
138704.7177734375
138720.2275390625
138802.447265625
138953.8720703125
139176.7216796875
139472.9248046875
139844.095703125
140291.5185546875
140816.12109375
141418.474609375
142098.7685546875
142856.8037109375
143691.9853515625
144603.3134765625
145589.384765625
146648.3857421875
147778.095703125
148975.896484375
150238.771484375
151563.3212890625
152945.775390625
154382.00390625
155867.5390625
157397.5927734375
158967.083984375
160570.6552734375
162202.7099609375
163857.4296875
165528.818359375
167210.7216796875
168896.8681640625
170580.904296875
172256.4267578125
173917.0224609375
175556.302734375
177167.9443359375
178745.7236328125
180283.552734375
181775.521484375
183215.927734375
184599.3173828125
185920.5107421875
187174.642578125
188357.1904296875
189463.99609375
190491.3037109375
191435.775390625
192294.5185546875
193065.0986328125
193745.5625
194334.4462890625
194830.7900390625
195234.140625
195544.5634765625
195762.6337890625
195889.4423828125
195926.5888671875
195876.16796875
195740.767578125
195523.4443359375
195227.712890625
194857.521484375
194417.232421875
193911.591796875
193345.705078125
192725.00390625
192055.21875
191342.3359375
190592.568359375
189812.318359375
189008.134765625
188186.6748046875
187354.66796875
186518.87109375
185686.029296875
184862.837890625
184055.8984375
183271.6806640625
182516.4892578125
181796.41796875
181117.3212890625
180484.77734375
179904.056640625
179380.0927734375
178917.4521484375
178520.3125
178192.439453125
177937.1630859375
177757.3671875
177655.470703125
177633.4208984375
177692.681640625
177834.2333984375
178058.5673828125
178365.6904296875
178755.1318359375
179225.9453125
179776.7275390625
180405.626953125
181110.3623046875
181888.2412109375
182736.185546875
183650.748046875
184628.1494140625
185664.294921875
186754.8134765625
187895.0830078125
189080.2646484375
190305.337890625
191565.1328125
192854.3662109375
194167.6728515625
195499.64453125
196844.8623046875
198197.9296875
199553.5087890625
200906.3486328125
202251.3193359375
203583.439453125
204897.9052734375
206190.115234375
207455.693359375
208690.51953125
209890.7353515625
211052.7744140625
212173.37109375
213249.57421875
214278.755859375
215258.625
216187.2265625
217062.9453125
217884.5107421875
218650.9873046875
219361.7783203125
220016.6123046875
220615.5390625
221158.9150390625
221647.3974609375
222081.9208984375
222463.6884765625
222794.150390625
223074.9912109375
223308.10546875
223495.5751953125
223639.6591796875
223742.7607421875
223807.4111328125
223836.248046875
223831.9931640625
223797.4296875
223735.3837890625
223648.7041015625
223540.2353515625
223412.8125
223269.2294921875
223112.228515625
222944.486328125
222768.595703125
222587.0556640625
222402.255859375
222216.4677734375
222031.83984375
221850.3837890625
221673.9697265625
221504.3291015625
221343.0380859375
221191.5283203125
221051.0791015625
220922.8203125
220807.7353515625
220706.6611328125
220620.294921875
220549.2001953125
220493.8076171875
220454.4267578125
220431.2509765625
220424.3662109375
220433.7568359375
220459.31640625
220500.859375
220558.12109375
220630.77734375
220718.4453125
220820.6982421875
220937.068359375
221067.0595703125
221210.15625
221365.826171875
221533.529296875
221712.728515625
221902.8896484375
222103.4931640625
222314.0322265625
222534.0205078125
222763.0009765625
223000.53515625
223246.220703125
223499.68359375
223760.5830078125
224028.6083984375
224303.4853515625
224584.966796875
224872.8427734375
225166.92578125
225467.05859375
225773.109375
226084.966796875
226402.5400390625
226725.7490234375
227054.533203125
227388.83203125
227728.5927734375
228073.763671875
228424.287109375
228780.09765625
229141.119140625
229507.255859375
229878.3984375
230254.40625
230635.1181640625
231020.337890625
231409.83984375
231803.3564453125
232200.5849609375
232601.1826171875
233004.7607421875
233410.884765625
233819.076171875
234228.8115234375
234639.515625
235050.568359375
235461.2998046875
235870.9970703125
236278.8984375
236684.19921875
237086.0517578125
237483.5703125
237875.830078125
238261.873046875
238640.7099609375
239011.3251953125
239372.6806640625
239723.7216796875
240063.3779296875
240390.576171875
240704.2353515625
241003.28515625
241286.662109375
241553.3193359375
241802.2373046875
242032.4248046875
242242.927734375
242432.83984375
242601.3056640625
242747.529296875
242870.783203125
242970.4140625
243045.8486328125
243096.6044921875
243122.2939453125
243122.630859375
243097.4384765625
243046.65234375
242970.330078125
242868.6513671875
242741.9228515625
242590.5888671875
242415.224609375
242216.544921875
241995.400390625
241752.78515625
241489.830078125
241207.806640625
240908.1181640625
240592.3056640625
240262.037109375
239919.1025390625
239565.412109375
239202.9853515625
238833.9453125
238460.5078125
238084.97265625
237709.708984375
237337.150390625
236969.77734375
236610.1044921875
236260.6669921875
235924.0068359375
235602.6552734375
235299.12109375
235015.8720703125
234755.318359375
234519.7978515625
234311.5625
234132.7587890625
233985.412109375
233871.4150390625
233792.51171875
233750.2802734375
233746.1259765625
233781.265625
233856.716796875
233973.2861328125
234131.5673828125
234331.9267578125
234574.5029296875
234859.1953125
235185.6708984375
235553.35546875
235961.439453125
236408.875
236894.38671875
237416.46875
237973.4013671875
238563.2509765625
239183.888671875
239832.9951171875
240508.080078125
241206.494140625
241925.4404296875
242662.001953125
243413.1513671875
244175.7705078125
244946.67578125
245722.6298828125
246500.3671875
247276.615234375
248048.1123046875
248811.6298828125
249563.990234375
250302.0888671875
251022.9140625
251723.560546875
252401.2509765625
253053.3486328125
253677.376953125
254271.02734375
254832.1748046875
255358.888671875
255849.435546875
256302.2939453125
256716.1572265625
257089.931640625
257422.7451171875
257713.9443359375
257963.091796875
258169.9609375
258334.537109375
258457.0029296875
258537.734375
258577.2861328125
258576.3876953125
258535.9267578125
258456.93359375
258340.572265625
258188.1171875
258000.9501953125
257780.5302734375
257528.390625
257246.111328125
256935.3095703125
256597.623046875
256234.693359375
255848.150390625
255439.6005859375
255010.6123046875
254562.7021484375
254097.328125
253615.8740234375
253119.64453125
252609.85546875
252087.630859375
251553.99609375
251009.875
250456.0859375
249893.345703125
249322.26953125
248743.369140625
248157.060546875
247563.669921875
246963.435546875
246356.515625
245742.9970703125
245122.9052734375
244496.2099609375
243862.8369140625
243222.677734375
242575.599609375
241921.4541015625
241260.0908203125
240591.3642578125
239915.1455078125
239231.330078125
238539.845703125
237840.6650390625
237133.8076171875
236419.345703125
235697.41796875
234968.2216796875
234232.02734375
233489.1748046875
232740.0751953125
231985.21484375
231225.1474609375
230460.5
229691.96484375
228920.298828125
228146.3154296875
227370.8818359375
226594.912109375
225819.359375
225045.2109375
224273.4755859375
223505.181640625
222741.36328125
221983.05859375
221231.29296875
220487.0771484375
219751.396484375
219025.2041015625
218309.4140625
217604.896484375
216912.4677734375
216232.8876953125
215566.8544921875
214915.00390625
214277.9033203125
213656.0498046875
213049.869140625
212459.7236328125
211885.8984375
211328.6181640625
210788.0390625
210264.2587890625
209757.3193359375
209267.208984375
208793.873046875
208337.2138671875
207897.10546875
207473.392578125
207065.90234375
206674.4501953125
206298.8486328125
205938.9111328125
205594.4638671875
205265.3466796875
204951.427734375
204652.599609375
204368.794921875
204099.9794921875
203846.16796875
203607.41796875
203383.8388671875
203175.5859375
202982.87109375
202805.951171875
202645.13671875
202500.78125
202373.2822265625
202263.080078125
202170.6455078125
202096.478515625
202041.1025390625
202005.056640625
201988.8828125
201993.1259765625
202018.3193359375
202064.9765625
202133.583984375
202224.587890625
202338.390625
202475.337890625
202635.70703125
202819.701171875
203027.4462890625
203258.970703125
203514.2099609375
203792.9931640625
204095.04296875
204419.9619140625
204767.23828125
205136.23828125
205526.2001953125
205936.2451171875
206365.361328125
206812.4189453125
207276.1669921875
207755.234375
208248.1357421875
208753.2822265625
209268.9775390625
209793.4326171875
210324.7724609375
210861.0439453125
211400.2236328125
211940.234375
212478.9482421875
213014.2021484375
213543.8076171875
214065.56640625
214577.27734375
215076.751953125
215561.8271484375
216030.3740234375
216480.314453125
216909.626953125
217316.365234375
217698.662109375
218054.7470703125
218382.9482421875
218681.7099609375
218949.5927734375
219185.2939453125
219387.638671875
219555.5986328125
219688.294921875
219784.998046875
219845.1396484375
219868.3095703125
219854.2578125
219802.90234375
219714.32421875
219588.7666015625
219426.63671875
219228.505859375
218995.099609375
218727.3017578125
218426.146484375
218092.814453125
217728.6279296875
217335.0458984375
216913.65234375
216466.1572265625
215994.3837890625
215500.2607421875
214985.814453125
214453.1630859375
213904.5048828125
213342.1064453125
212768.2998046875
212185.4638671875
211596.0224609375
211002.4306640625
210407.1611328125
209812.701171875
209221.5341796875
208636.1337890625
208058.953125
207492.41015625
206938.884765625
206400.697265625
205880.111328125
205379.310546875
204900.3984375
204445.3837890625
204016.1708984375
203614.5546875
203242.20703125
202900.669921875
202591.349609375
202315.5087890625
202074.25390625
201868.5380859375
201699.1494140625
201566.708984375
201471.6640625
201414.287109375
201394.671875
201412.732421875
201468.2021484375
201560.634765625
201689.4013671875
201853.7021484375
202052.5537109375
202284.810546875
202549.1572265625
202844.119140625
203168.072265625
203519.2431640625
203895.7265625
204295.4892578125
204716.3828125
205156.1533203125
205612.4560546875
206082.869140625
206564.8974609375
207056.0009765625
207553.595703125
208055.080078125
208557.8369140625
209059.26171875
209556.7666015625
210047.8056640625
210529.876953125
211000.552734375
211457.4794921875
211898.3994140625
212321.1650390625
212723.7451171875
213104.2421875
213460.90234375
213792.125
214096.4697265625
214372.669921875
214619.634765625
214836.4580078125
215022.4208984375
215176.998046875
215299.8583984375
215390.86328125
215450.0732421875
215477.73828125
215474.3046875
215440.400390625
215376.8388671875
215284.6083984375
215164.8681640625
215018.9365234375
214848.283203125
214654.521484375
214439.39453125
214204.765625
213952.6083984375
213684.98828125
213404.056640625
213112.033203125
212811.1943359375
212503.859375
212192.3798828125
211879.119140625
211566.4462890625
211256.7216796875
210952.28125
210655.4267578125
210368.4150390625
210093.443359375
209832.642578125
209588.0673828125
209361.681640625
209155.357421875
208970.8603515625
208809.849609375
208673.8662109375
208564.3291015625
208482.533203125
208429.6455078125
208406.6962890625
208414.587890625
208454.0810546875
208525.8076171875
208630.259765625
208767.7958984375
208938.64453125
209142.9013671875
209380.537109375
209651.396484375
209955.2080078125
210291.5810546875
210660.01953125
211059.9169921875
211490.572265625
211951.189453125
212440.8818359375
212958.6875
213503.564453125
214074.4091796875
214670.05078125
215289.265625
215930.787109375
216593.2998046875
217275.4609375
217975.89453125
218693.205078125
219425.984375
220172.8115234375
220932.2646484375
221702.923828125
222483.376953125
223272.2236328125
224068.083984375
224869.6005859375
225675.44140625
226484.3056640625
227294.9287109375
228106.08203125
228916.578125
229725.2724609375
230531.068359375
231332.9150390625
232129.8115234375
232920.806640625
233704.998046875
234481.541015625
235249.6357421875
236008.5390625
236757.5556640625
237496.0400390625
238223.3984375
238939.0830078125
239642.5908203125
240333.46484375
241011.2890625
241675.6865234375
242326.3193359375
242962.880859375
243585.1015625
244192.7353515625
244785.5673828125
245363.404296875
245926.0751953125
246473.42578125
247005.318359375
247521.6298828125
248022.2470703125
248507.064453125
248975.98828125
249428.923828125
249865.78515625
250286.4853515625
250690.943359375
251079.076171875
251450.8037109375
251806.0458984375
252144.72265625
252466.7578125
252772.078125
253060.61328125
253332.298828125
253587.078125
253824.9033203125
254045.740234375
254249.56640625
254436.37890625
254606.1904296875
254759.0419921875
254894.9970703125
255014.1494140625
255116.6220703125
255202.5771484375
255272.2138671875
255325.7705078125
255363.5341796875
255385.8349609375
255393.052734375
255385.6240234375
255364.03125
255328.8212890625
255280.5927734375
255220.005859375
255147.78125
255064.6962890625
254971.5927734375
254869.369140625
254758.98828125
254641.4697265625
254517.888671875
254389.380859375
254257.1328125
254122.3828125
253986.41796875
253850.572265625
253716.2197265625
253584.775390625
253457.6806640625
253336.416015625
253222.48046875
253117.3916015625
253022.6845703125
252939.900390625
252870.5830078125
252816.2724609375
252778.5
252758.779296875
252758.6005859375
252779.4296875
252822.69140625
252889.7705078125
252982.0
253100.658203125
253246.962890625
253422.056640625
253627.0107421875
253862.8115234375
254130.3564453125
254430.447265625
254763.7861328125
255130.962890625
255532.462890625
255968.64453125
256439.7509765625
256945.8916015625
257487.0498046875
258063.0703125
258673.66015625
259318.3876953125
259996.673828125
260707.7998046875
261450.896484375
262224.953125
263028.8125
263861.173828125
264720.59375
265605.4892578125
266514.142578125
267444.70703125
268395.2060546875
269363.5458984375
270347.517578125
271344.8076171875
272353.0078125
273369.6181640625
274392.0625
275417.7001953125
276443.8310546875
277467.71484375
278486.578125
279497.630859375
280498.0771484375
281485.1337890625
282456.0400390625
283408.07421875
284338.5654296875
285244.916015625
286124.6064453125
286975.21484375
287794.4296875
288580.0673828125
289330.0771484375
290042.5634765625
290715.7919921875
291348.201171875
291938.4140625
292485.248046875
292987.7216796875
293445.064453125
293856.71484375
294222.341796875
294541.8271484375
294815.28515625
295043.052734375
295225.6943359375
295363.9951171875
295458.9638671875
295511.8212890625
295523.9990234375
295497.126953125
295433.0322265625
295333.716796875
295201.3603515625
295038.2939453125
294846.9990234375
294630.083984375
294390.2724609375
294130.38671875
293853.3310546875
293562.076171875
293259.6357421875
292949.0595703125
292633.40234375
292315.71875
291999.0322265625
291686.3291015625
291380.5361328125
291084.5029296875
290800.984375
290532.6328125
290281.97265625
290051.39453125
289843.1376953125
289659.2822265625
289501.7314453125
289372.208984375
289272.2470703125
289203.1796875
289166.134765625
289162.033203125
289191.58203125
289255.2724609375
289353.3798828125
289485.96484375
289652.873046875
289853.7373046875
290087.982421875
290354.833984375
290653.314453125
290982.259765625
291340.32421875
291725.9853515625
292137.556640625
292573.201171875
293030.93359375
293508.6396484375
294004.0830078125
294514.9208984375
295038.7119140625
295572.9345703125
296114.99609375
296662.2451171875
297211.9873046875
297761.498046875
298308.0341796875
298848.845703125
299381.1904296875
299902.34765625
300409.6259765625
300900.376953125
301372.0087890625
301821.9931640625
302247.880859375
302647.306640625
303018.0009765625
303357.80078125
303664.65625
303936.638671875
304171.94921875
304368.9248046875
304526.044921875
304641.9404296875
304715.3916015625
304745.3388671875
304730.8876953125
304671.3076171875
304566.037109375
304414.6865234375
304217.0400390625
303973.0576171875
303682.869140625
303346.783203125
302965.283203125
302539.021484375
302068.82421875
301555.6826171875
301000.7548828125
300405.361328125
299770.9755859375
299099.22265625
298391.875
297650.8447265625
296878.1708984375
296076.0234375
295246.68359375
294392.5439453125
293516.0908203125
292619.9033203125
291706.634765625
290779.0087890625
289839.80078125
288891.8330078125
287937.9599609375
286981.0537109375
286023.994140625
285069.6552734375
284120.892578125
283180.5263671875
282251.3349609375
281336.037109375
280437.27734375
279557.619140625
278699.5244140625
277865.34765625
277057.3232421875
276277.5458984375
275527.970703125
274810.3974609375
274126.4580078125
273477.6123046875
272865.1376953125
272290.1220703125
271753.455078125
271255.828125
270797.7255859375
270379.421875
270000.9814453125
269662.25390625
269362.880859375
269102.291015625
268879.705078125
268694.1396484375
268544.4150390625
268429.1572265625
268346.8056640625
268295.6279296875
268273.72265625
268279.0361328125
268309.3681640625
268362.3916015625
268435.6591796875
268526.6279296875
268632.6630859375
268751.0634765625
268879.0712890625
269013.89453125
269152.7216796875
269292.736328125
269431.140625
269565.1689453125
269692.10546875
269809.302734375
269914.1943359375
270004.3173828125
270077.3203125
270130.9873046875
270163.240234375
270172.1611328125
270155.9990234375
270113.1826171875
270042.3271484375
269942.248046875
269811.9599609375
269650.6865234375
269457.8662109375
269233.150390625
268976.4072265625
268687.716796875
268367.3779296875
268015.892578125
267633.9697265625
267222.5185546875
266782.63671875
266315.603515625
265822.8701171875
265306.0458984375
264766.8916015625
264207.298828125
263629.283203125
263034.9658203125
262426.5546875
261806.3388671875
261176.662109375
260539.9140625
259898.509765625
259254.8740234375
258611.4287109375
257970.57421875
257334.673828125
256706.0400390625
256086.921875
255479.4912109375
254885.8271484375
254307.912109375
253747.6123046875
253206.6748046875
252686.71875
252189.2265625
251715.5380859375
251266.849609375
250844.2060546875
250448.501953125
250080.48046875
249740.734375
249429.7060546875
249147.6904296875
248894.8408203125
248671.1708984375
248476.5673828125
248310.7861328125
248173.4677734375
248064.1435546875
247982.2431640625
247927.1083984375
247897.994140625
247894.087890625
247914.515625
247958.3515625
248024.6279296875
248112.349609375
248220.501953125
248348.0546875
248493.9833984375
248657.2666015625
248836.9033203125
249031.9150390625
249241.35546875
249464.3154296875
249699.935546875
249947.3994140625
250205.9482421875
250474.880859375
250753.5537109375
251041.388671875
251337.8671875
251642.5400390625
251955.0126953125
252274.9609375
252602.1171875
252936.26953125
253277.263671875
253624.994140625
253979.40234375
254340.470703125
254708.21875
255082.6953125
255463.9775390625
255852.1591796875
256247.349609375
256649.662109375
257059.212890625
257476.1142578125
257900.4658203125
258332.3505859375
258771.8271484375
259218.931640625
259673.6611328125
260135.98046875
260605.8115234375
261083.0322265625
261567.4716796875
262058.9072265625
262557.068359375
263061.625
263572.1953125
264088.3427734375
264609.57421875
265135.34375
265665.0556640625
266198.056640625
266733.6552734375
267271.107421875
267809.6318359375
268348.4111328125
268886.591796875
269423.2998046875
269957.6328125
270488.67578125
271015.4990234375
271537.1748046875
272052.7705078125
272561.365234375
273062.0546875
273553.94921875
274036.19140625
274507.9560546875
274968.4560546875
275416.94921875
275852.74609375
276275.208984375
276683.763671875
277077.8994140625
277457.173828125
277821.21484375
278169.724609375
278502.484375
278819.34765625
279120.2509765625
279405.20703125
279674.306640625
279927.7177734375
280165.6845703125
280388.517578125
280596.6015625
280790.384765625
280970.375
281137.1357421875
281291.2783203125
281433.458984375
281564.3701171875
281684.7333984375
281795.291015625
281896.7998046875
281990.02734375
282075.732421875
282154.6689453125
282227.5693359375
282295.142578125
282358.0615234375
282416.9580078125
282472.4140625
282524.9560546875
282575.0458984375
282623.0791015625
282669.373046875
282714.1689453125
282757.6220703125
282799.802734375
282840.6904296875
282880.1728515625
282918.0478515625
282954.0185546875
282987.6982421875
283018.609375
283046.1875
283069.787109375
283088.681640625
283102.0712890625
283109.0888671875
283108.8076171875
283100.24609375
283082.380859375
283054.150390625
283014.466796875
282962.228515625
282896.3232421875
282815.6474609375
282719.1103515625
282605.646484375
282474.2294921875
282323.8779296875
282153.6708984375
281962.7548828125
281750.3564453125
281515.7880859375
281258.4609375
280977.892578125
280673.7138671875
280345.6767578125
279993.66015625
279617.673828125
279217.8681640625
278794.5322265625
278348.0966796875
277879.138671875
277388.380859375
276876.6884765625
276345.072265625
275794.6796875
275226.7978515625
274642.84375
274044.361328125
273433.0126953125
272810.5712890625
272178.9140625
271540.01171875
270895.916015625
270248.7548828125
269600.7119140625
268954.0263671875
268310.9697265625
267673.837890625
267044.935546875
266426.5654296875
265821.0146484375
265230.5390625
264657.3505859375
264103.6005859375
263571.3740234375
263062.669921875
262579.388671875
262123.3232421875
261696.1474609375
261299.3994140625
260934.4775390625
260602.62890625
260304.9345703125
260042.3115234375
259815.4990234375
259625.0517578125
259471.3388671875
259354.5361328125
259274.623046875
259231.38671875
259224.41015625
259253.0830078125
259316.59765625
259413.953125
259543.95703125
259705.236328125
259896.234375
260115.2275390625
260360.328125
260629.494140625
260920.5400390625
261231.15234375
261558.8916015625
261901.2197265625
262255.5009765625
262619.0263671875
262989.0224609375
263362.669921875
263737.12109375
264109.513671875
264476.990234375
264836.71484375
265185.8916015625
265521.77734375
265841.701171875
266143.0869140625
266423.4599609375
266680.4677734375
266911.896484375
267115.68359375
267289.9296875
267432.916015625
267543.111328125
267619.1865234375
267660.021484375
267664.7138671875
267632.5849609375
267563.1875
267456.306640625
267311.9599609375
267130.4072265625
266912.138671875
266657.87890625
266368.580078125
266045.41796875
265689.7822265625
265303.26953125
264887.671875
264444.966796875
263977.2998046875
263486.9755859375
262976.4404296875
262448.2626953125
261905.1181640625
261349.7724609375
260785.0615234375
260213.8681640625
259639.109375
259063.7109375
258490.5888671875
257922.6298828125
257362.669921875
256813.4765625
256277.7294921875
255758.001953125
255256.7451171875
254776.267578125
254318.7236328125
253886.099609375
253480.19921875
253102.6279296875
252754.7958984375
252437.8935546875
252152.8974609375
251900.5576171875
251681.3974609375
251495.7099609375
251343.5625
251224.7900390625
251139.005859375
251085.6025390625
251063.759765625
251072.4501953125
251110.453125
251176.3583984375
251268.58203125
251385.3818359375
251524.8623046875
251685.0
251863.6474609375
252058.5595703125
252267.4013671875
252487.76953125
252717.2060546875
252953.21875
253193.29296875
253434.908203125
253675.560546875
253912.767578125
254144.09375
254367.1572265625
254579.64453125
254779.328125
254964.068359375
255131.8330078125
255280.7041015625
255408.8828125
255514.703125
255596.6318359375
255653.2783203125
255683.396484375
255685.890625
255659.810546875
255604.361328125
255518.8984375
255402.9267578125
255256.1005859375
255078.2197265625
254869.228515625
254629.2080078125
254358.3759765625
254057.078125
253725.787109375
253365.0908203125
252975.6923828125
252558.400390625
252114.123046875
251643.8603515625
251148.703125
250629.8212890625
250088.45703125
249525.921875
248943.587890625
248342.8837890625
247725.2890625
247092.32421875
246445.5517578125
245786.56640625
245116.9912109375
244438.4755859375
243752.6865234375
243061.3056640625
242366.0283203125
241668.5546875
240970.591796875
240273.841796875
239580.00390625
238890.7734375
238207.830078125
237532.83984375
236867.4521484375
236213.2919921875
235571.9599609375
234945.025390625
234334.025390625
233740.458984375
233165.7822265625
232611.408203125
232078.6943359375
231568.94921875
231083.416015625
230623.2763671875
230189.6435546875
229783.5537109375
229405.966796875
229057.7587890625
228739.712890625
228452.5263671875
228196.791015625
227973.0009765625
227781.5400390625
227622.6826171875
227496.5869140625
227403.2919921875
227342.71484375
227314.6494140625
227318.7578125
227354.5751953125
227421.50390625
227518.8134765625
227645.6396484375
227800.9833984375
227983.71484375
228192.5673828125
228426.146484375
228682.9287109375
228961.2607421875
229259.3701171875
229575.3623046875
229907.2275390625
230252.84765625
230609.998046875
230976.357421875
231349.5107421875
231726.9599609375
232106.1279296875
232484.3681640625
232858.97265625
233227.18359375
233586.1982421875
233933.1767578125
234265.26171875
234579.578125
234873.2451171875
235143.3916015625
235387.16015625
235601.72265625
235784.2861328125
235932.1083984375
236042.5048828125
236112.8583984375
236140.6318359375
236123.37890625
236058.748046875
235944.5009765625
235778.51171875
235558.78515625
235283.458984375
234950.814453125
234559.2802734375
234107.447265625
233594.06640625
233018.05859375
232378.5224609375
231674.7314453125
230906.1474609375
230072.4140625
229173.3671875
228209.033203125
227179.6279296875
226085.5625
224927.4365234375
223706.0419921875
222422.3544921875
221077.5419921875
219672.9453125
218210.0859375
216690.6591796875
215116.5224609375
213489.69140625
211812.337890625
210086.7744140625
208315.44921875
206500.9384765625
204645.9345703125
202753.236328125
200825.7451171875
198866.439453125
196878.3828125
194864.7001953125
192828.568359375
190773.2119140625
188701.8837890625
186617.8583984375
184524.4208984375
182424.8564453125
180322.4375
178220.4169921875
176122.0126953125
174030.4091796875
171948.736328125
169880.0654296875
167827.4072265625
165793.6923828125
163781.7763671875
161794.4248046875
159834.3115234375
157904.01171875
156005.99609375
154142.6337890625
152316.173828125
150528.7568359375
148782.4033203125
147079.015625
145420.37109375
143808.123046875
142243.80078125
140728.806640625
139264.4130859375
137851.7666015625
136491.8818359375
135185.642578125
133933.802734375
132736.9892578125
131595.6904296875
130510.2666015625
129480.9462890625
128507.822265625
127590.8564453125
126729.8779296875
125924.5771484375
125174.515625
124479.115234375
123837.66796875
123249.3251953125
122713.1064453125
122227.8955078125
121792.443359375
121405.3642578125
121065.1435546875
120770.13671875
120518.5673828125
120308.537109375
120138.0244140625
120004.8876953125
119906.87890625
119841.634765625
119806.6953125
119799.50390625
119817.4208984375
119857.7275390625
119917.63671875
119994.3076171875
120084.8486328125
120186.3408203125
120295.8388671875
120410.396484375
120527.068359375
120642.935546875
120755.1142578125
120860.7724609375
120957.1484375
121041.5615234375
121111.431640625
121164.2958984375
121197.818359375
121209.8095703125
121198.2392578125
121161.2490234375
121097.16796875
121004.51953125
120882.0341796875
120728.66015625
120543.5673828125
120326.158203125
120076.064453125
119793.162109375
119477.55859375
119129.603515625
118749.8798828125
118339.2001953125
117898.6025390625
117429.341796875
116932.8759765625
116410.8623046875
115865.1337890625
115297.6953125
114710.69921875
114106.4287109375
113487.2861328125
112855.763671875
112214.4267578125
111565.896484375
110912.8212890625
110257.861328125
109603.66015625
108952.8310546875
108307.923828125
107671.41796875
107045.69140625
106433.0068359375
105835.4912109375
105255.12109375
104693.703125
104152.869140625
103634.052734375
103138.48828125
102667.2021484375
102220.998046875
101800.4638671875
101405.9658203125
101037.6435546875
100695.421875
100379.0068359375
100087.8984375
99821.39453125
99578.6044921875
99358.4560546875
99159.716796875
98981.0
98820.7890625
98677.451171875
98549.2529296875
98434.3828125
98330.9716796875
98237.111328125
98150.87109375
98070.3232421875
97993.55859375
97918.708984375
97843.9599609375
97767.578125
97687.9169921875
97603.4375
97512.7236328125
97414.4951171875
97307.609375
97191.087890625
97064.10546875
96926.0107421875
96776.3203125
96614.73046875
96441.1064453125
96255.4912109375
96058.0966796875
95849.2998046875
95629.638671875
95399.798828125
95160.61328125
94913.0400390625
94658.16015625
94397.158203125
94131.3125
93861.9775390625
93590.5693359375
93318.5498046875
93047.41015625
92778.658203125
92513.794921875
92254.3037109375
92001.6357421875
91757.1875
91522.294921875
91298.212890625
91086.1044921875
90887.029296875
90701.931640625
90531.62890625
90376.8046875
90238.001953125
90115.6123046875
90009.876953125
89920.876953125
89848.537109375
89792.6181640625
89752.7236328125
89728.298828125
89718.62890625
89722.8544921875
89739.9677734375
89768.818359375
89808.1279296875
89856.4951171875
89912.40234375
89974.23046875
90040.2666015625
90108.71875
90177.72265625
90245.3623046875
90309.6767578125
90368.6728515625
90420.3447265625
90462.6806640625
90493.6806640625
90511.3681640625
90513.8037109375
90499.095703125
90465.41796875
90411.015625
90334.2216796875
90233.46484375
90107.2822265625
89954.328125
89773.3779296875
89563.349609375
89323.294921875
89052.4169921875
88750.072265625
88415.7734375
88049.1962890625
87650.1796875
87218.7294921875
86755.0185546875
86259.384765625
85732.328125
85174.5185546875
84586.7763671875
83970.0859375
83325.5732421875
82654.5126953125
81958.314453125
81238.5166015625
80496.779296875
79734.87109375
78954.6640625
78158.1181640625
77347.275390625
76524.244140625
75691.1865234375
74850.30859375
74003.84765625
73154.05859375
72303.1982421875
71453.515625
70607.2392578125
69766.5634765625
68933.6318359375
68110.5322265625
67299.2802734375
66501.80859375
65719.9541015625
64955.453125
64209.9248046875
63484.8681640625
62781.6513671875
62101.5048828125
61445.51171875
60814.611328125
60209.583984375
59631.0556640625
59079.4931640625
58555.19921875
58058.3173828125
57588.8310546875
57146.564453125
56731.1826171875
56342.203125
55978.9921875
55640.775390625
55326.640625
55035.546875
54766.3330078125
54517.724609375
54288.3427734375
54076.71484375
53881.283203125
53700.4189453125
53532.4267578125
53375.5595703125
53228.0322265625
53088.0224609375
52953.6943359375
52823.203125
52694.705078125
52566.3671875
52436.3837890625
52302.9794921875
52164.4228515625
52019.033203125
51865.189453125
51701.33984375
51526.009765625
51337.8037109375
51135.41796875
50917.6416015625
50683.365234375
50431.5810546875
50161.392578125
49872.0107421875
49562.76171875
49233.087890625
48882.546875
48510.81640625
48117.6875
47703.07421875
47267.001953125
46809.6171875
46331.17578125
45832.044921875
45312.7041015625
44773.734375
44215.822265625
43639.7529296875
43046.4052734375
42436.7490234375
41811.8408203125
41172.818359375
40520.89453125
39857.3544921875
39183.548828125
38500.888671875
37810.8359375
37114.90625
36414.6533203125
35711.666015625
35007.568359375
34304.0
33602.6220703125
32905.1025390625
32213.1142578125
31528.3232421875
30852.3896484375
30186.94921875
29533.6201171875
28893.9833984375
28269.5849609375
27661.92578125
27072.453125
26502.55859375
25953.5703125
25426.7421875
24923.2568359375
24444.2138671875
23990.625
23563.4111328125
23163.400390625
22791.318359375
22447.791015625
22133.333984375
21848.3603515625
21593.169921875
21367.955078125
21172.79296875
21007.65625
20872.4033203125
20766.7861328125
20690.451171875
20642.9423828125
20623.705078125
20632.08984375
20667.3623046875
20728.697265625
20815.201171875
20925.9052734375
21059.779296875
21215.740234375
21392.658203125
21589.3662109375
21804.671875
22037.359375
22286.20703125
22549.9921875
22827.50390625
23117.548828125
23418.9609375
23730.6162109375
24051.4326171875
24380.3837890625
24716.509765625
25058.916015625
25406.7861328125
25759.38671875
26116.0703125
26476.2841796875
26839.5703125
27205.568359375
27574.0205078125
27944.7666015625
28317.7529296875
28693.0205078125
29070.7119140625
29451.0634765625
29834.4033203125
30221.146484375
30611.7880859375
31006.900390625
31407.12109375
31813.1484375
32225.7333984375
32645.6669921875
33073.7763671875
33510.912109375
33957.9375
34415.71875
34885.1162109375
35366.9755859375
35862.111328125
36371.3037109375
36895.2890625
37434.7412109375
37990.275390625
38562.431640625
39151.6728515625
39758.3720703125
40382.80859375
41025.166015625
41685.5244140625
42363.8583984375
43060.03125
43773.7978515625
44504.80078125
45252.5751953125
46016.54296875
46796.01953125
47590.2177734375
48398.248046875
49219.126953125
50051.7802734375
50895.05078125
51747.705078125
52608.4375
53475.8857421875
54348.6298828125
55225.2099609375
56104.12890625
56983.8623046875
57862.87109375
58739.607421875
59612.5244140625
60480.0869140625
61340.7763671875
62193.1015625
63035.6103515625
63866.884765625
64685.5625
65490.3330078125
66279.94921875
67053.2255859375
67809.0498046875
68546.3818359375
69264.2568359375
69961.7880859375
70638.169921875
71292.6728515625
71924.6494140625
72533.53125
73118.826171875
73680.119140625
74217.0654296875
74729.3916015625
75216.890625
75679.4169921875
76116.8857421875
76529.2626953125
76916.564453125
77278.8544921875
77616.2333984375
77928.8388671875
78216.8388671875
78480.427734375
78719.822265625
78935.2578125
79126.9833984375
79295.2607421875
79440.357421875
79562.548828125
79662.1123046875
79739.326171875
79794.47265625
79827.8291015625
79839.671875
79830.2783203125
79799.92578125
79748.8857421875
79677.435546875
79585.853515625
79474.41796875
79343.41796875
79193.14453125
79023.9013671875
78836.001953125
78629.7734375
78405.55859375
78163.7177734375
77904.6298828125
77628.6982421875
77336.3466796875
77028.021484375
76704.19921875
76365.37890625
76012.0869140625
75644.876953125
75264.326171875
74871.04296875
74465.6552734375
74048.8173828125
73621.2041015625
73183.51171875
72736.4501953125
72280.75
71817.1474609375
71346.3916015625
70869.234375
70386.435546875
69898.744140625
69406.9140625
68911.6865234375
68413.787109375
67913.9326171875
67412.8173828125
66911.115234375
66409.474609375
65908.517578125
65408.8359375
64910.9921875
64415.5107421875
63922.88671875
63433.578125
62948.005859375
62466.5556640625
61989.5810546875
61517.3984375
61050.2890625
60588.505859375
60132.271484375
59681.7822265625
59237.2060546875
58798.693359375
58366.373046875
57940.36328125
57520.765625
57107.6787109375
56701.193359375
56301.4052734375
55908.408203125
55522.3056640625
55143.21484375
54771.26171875
54406.5966796875
54049.3818359375
53699.8115234375
53358.09765625
53024.484375
52699.240234375
52382.6669921875
52075.0927734375
51776.8779296875
51488.4111328125
51210.1103515625
50942.4189453125
50685.80859375
50440.76953125
50207.814453125
49987.46875
49780.2744140625
49586.779296875
49407.5322265625
49243.0849609375
49093.9794921875
48960.744140625
48843.890625
48743.9052734375
48661.24609375
48596.3310546875
48549.5380859375
48521.1953125
48511.576171875
48520.890625
48549.2880859375
48596.8388671875
48663.5419921875
48749.3125
48853.978515625
48977.28125
49118.86328125
49278.27734375
49454.97265625
49648.30078125
49857.5126953125
50081.755859375
50320.0791015625
50571.4296875
50834.65625
51108.513671875
51391.6630859375
51682.6787109375
51980.046875
52282.181640625
52587.419921875
52894.03515625
53200.2421875
53504.2060546875
53804.0517578125
54097.8701171875
54383.728515625
54659.6826171875
54923.787109375
55174.1025390625
55408.708984375
55625.720703125
55823.2900390625
55999.62109375
56152.984375
56281.7265625
56384.279296875
56459.1708984375
56505.0380859375
56520.6337890625
56504.837890625
56456.666015625
56375.2763671875
56259.98046875
56110.2470703125
55925.70703125
55706.1630859375
55451.587890625
55162.1328125
54838.126953125
54480.0771484375
54088.6708984375
53664.7734375
53209.4267578125
52723.84375
52209.4072265625
51667.66015625
51100.3037109375
50509.1904296875
49896.3056640625
49263.771484375
48613.828125
47948.8251953125
47271.2080078125
46583.5078125
45888.3271484375
45188.32421875
44486.203125
43784.6943359375
43086.5439453125
42394.4951171875
41711.27734375
41039.58984375
40382.0810546875
39741.3447265625
39119.8984375
38520.169921875
37944.4853515625
37395.05859375
36873.9765625
36383.1845703125
35924.486328125
35499.521484375
35109.7646484375
34756.517578125
34440.8974609375
34163.8369140625
33926.0751953125
33728.15625
33570.4267578125
33453.03125
33375.91796875
33338.8310546875
33341.3203125
33382.7412109375
33462.25390625
33578.8369140625
33731.2841796875
33918.21484375
34138.083984375
34389.1826171875
34669.654296875
34977.501953125
35310.5947265625
35666.6796875
36043.3984375
36438.2890625
36848.8076171875
37272.3291015625
37706.169921875
38147.5947265625
38593.830078125
39042.0771484375
39489.5205078125
39933.34765625
40370.755859375
40798.9658203125
41215.2333984375
41616.8623046875
42001.2099609375
42365.708984375
42707.8681640625
43025.2861328125
43315.6630859375
43576.8046875
43806.6376953125
44003.2119140625
44164.7138671875
44289.466796875
44375.9423828125
44422.7666015625
44428.720703125
44392.7509765625
44313.9677734375
44191.65234375
44025.2578125
43814.41015625
43558.9111328125
43258.7353515625
42914.0341796875
42525.1298828125
42092.5205078125
41616.8671875
41099.0009765625
40539.9130859375
39940.7529296875
39302.8203125
38627.5615234375
37916.5625
37171.5419921875
36394.341796875
35586.92578125
34751.361328125
33889.81640625
33004.5537109375
32097.912109375
31172.3046875
30230.205078125
29274.1396484375
28306.6767578125
27330.4150390625
26347.974609375
25361.9873046875
24375.087890625
23389.90234375
22409.037109375
21435.0771484375
20470.568359375
19518.0126953125
18579.865234375
17658.517578125
16756.2958984375
15875.4580078125
15018.1787109375
14186.55078125
13382.576171875
12608.16796875
11865.13671875
11155.1953125
10479.953125
9840.9140625
9239.4716796875
8676.9150390625
8154.4169921875
7673.046875
7233.7568359375
6837.3916015625
6484.68359375
6176.255859375
5912.6240234375
5694.1904296875
5521.255859375
5394.013671875
5312.5498046875
5276.8515625
5286.7998046875
5342.1806640625
5442.67578125
5587.8720703125
5777.26171875
6010.240234375
6286.109375
6604.0810546875
6963.275390625
7362.7216796875
7801.3642578125
8278.05859375
8791.576171875
9340.603515625
9923.748046875
10539.5341796875
11186.41015625
11862.748046875
12566.845703125
13296.931640625
14051.1650390625
14827.6455078125
15624.40625
16439.4267578125
17270.6357421875
18115.9130859375
18973.095703125
19839.9873046875
20714.357421875
21593.9541015625
22476.5068359375
23359.736328125
24241.357421875
25119.0908203125
25990.669921875
26853.849609375
27706.41015625
28546.171875
29371.0
30178.8125
30967.587890625
31735.37890625
32480.3125
33200.6044921875
33894.5634765625
34560.595703125
35197.2216796875
35803.0673828125
36376.8857421875
36917.5498046875
37424.064453125
37895.5673828125
38331.333984375
38730.779296875
39093.4599609375
39419.078125
39707.4755859375
39958.6435546875
40172.7109375
40349.953125
40490.78125
40595.74609375
40665.5302734375
40700.943359375
40702.9228515625
40672.5224609375
40610.9111328125
40519.3623046875
40399.2509765625
40252.0439453125
40079.2958984375
39882.6357421875
39663.763671875
39424.44140625
39166.4833984375
38891.7470703125
38602.1279296875
38299.5439453125
37985.935546875
37663.25
37333.4375
36998.4375
36660.1767578125
36320.552734375
35981.4365234375
35644.6533203125
35311.9853515625
34985.1552734375
34665.82421875
34355.5869140625
34055.9599609375
33768.3779296875
33494.189453125
33234.6494140625
32990.9140625
32764.0390625
32554.9697265625
32364.5458984375
32193.4892578125
32042.40625
31911.78515625
31801.9921875
31713.2744140625
31645.75
31599.4228515625
31574.16796875
31569.73828125
31585.7734375
31621.7900390625
31677.189453125
31751.2646484375
31843.201171875
31952.080078125
32076.8857421875
32216.5146484375
32369.7734375
32535.3935546875
32712.0390625
32898.30859375
33092.7490234375
33293.86328125
33500.1201171875
33709.9609375
33921.8173828125
34134.111328125
34345.2744140625
34553.751953125
34758.015625
34956.578125
35147.9951171875
35330.8828125
35503.923828125
35665.8740234375
35815.580078125
35951.9765625
36074.103515625
36181.1044921875
36272.2412109375
36346.8916015625
36404.560546875
36444.876953125
36467.6015625
36472.6279296875
36459.9775390625
36429.80859375
36382.404296875
36318.181640625
36237.6748046875
36141.54296875
36030.5576171875
35905.5966796875
35767.6416015625
35617.763671875
35457.119140625
35286.9384765625
35108.517578125
34923.2080078125
34732.400390625
34537.5234375
34340.0234375
34141.359375
33942.98828125
33746.3544921875
33552.8818359375
33363.9580078125
33180.9287109375
33005.08984375
32837.6689453125
32679.8310546875
32532.658203125
32397.1494140625
32274.2158203125
32164.671875
32069.232421875
31988.5107421875
31923.0166015625
31873.1533203125
31839.2177734375
31821.4052734375
31819.802734375
31834.3994140625
31865.0859375
31911.6572265625
31973.82421875
32051.2080078125
32143.357421875
32249.744140625
32369.7802734375
32502.8154296875
32648.15234375
32805.0498046875
32972.7294921875
33150.3857421875
33337.19140625
33532.3056640625
33734.8798828125
33944.064453125
34159.015625
34378.8994140625
34602.8984375
34830.212890625
35060.072265625
35291.7265625
35524.462890625
35757.5927734375
35990.4677734375
36222.4677734375
36453.0126953125
36681.5498046875
36907.5634765625
37130.564453125
37350.0986328125
37565.732421875
37777.0576171875
37983.6875
38185.2490234375
38381.3857421875
38571.7470703125
38755.9892578125
38933.76953125
39104.7412109375
39268.5517578125
39424.83984375
39573.2294921875
39713.3271484375
39844.720703125
39966.9755859375
40079.634765625
40182.2138671875
40274.2021484375
40355.0615234375
40424.2275390625
40481.107421875
40525.0830078125
40555.5107421875
40571.7236328125
40573.0361328125
40558.7431640625
40528.1259765625
40480.45703125
40414.998046875
40331.0126953125
40227.767578125
40104.5361328125
39960.603515625
39795.2744140625
39607.87890625
39397.775390625
39164.3603515625
38907.0673828125
38625.37890625
38318.8310546875
37987.013671875
37629.58203125
37246.255859375
36836.830078125
36401.1728515625
35939.232421875
35451.041015625
34936.716796875
34396.46484375
33830.583984375
33239.462890625
32623.5830078125
31983.5224609375
31319.951171875
30633.6328125
29925.4267578125
29196.2783203125
28447.2265625
27679.39453125
26893.9912109375
26092.3046875
25275.7001953125
24445.6171875
23603.5615234375
22751.1025390625
21889.8662109375
21021.5341796875
20147.8310546875
19270.5244140625
18391.416015625
17512.3330078125
16635.126953125
15761.6591796875
14893.8056640625
14033.4375
13182.423828125
12342.6201171875
11515.8603515625
10703.958984375
9908.6904296875
9131.7978515625
8374.9765625
7639.8720703125
6928.076171875
6241.1142578125
5580.451171875
4947.478515625
4343.509765625
3769.7841796875
3227.453125
2717.583984375
2241.15234375
1799.0439453125
1392.0458984375
1020.8525390625
686.05859375
388.16015625
127.552734375
-95.4697265625
-280.708984375
-428.0732421875
-537.56640625
-609.291015625
-643.4482421875
-640.333984375
-600.3359375
-523.9384765625
-411.7119140625
-264.3154296875
-82.4912109375
132.9365234375
381.06640625
660.9189453125
971.447265625
1311.5283203125
1679.9833984375
2075.5654296875
2496.970703125
2942.84375
3411.7763671875
3902.3115234375
4412.955078125
4942.1669921875
5488.3740234375
6049.974609375
6625.33203125
7212.7919921875
7810.6728515625
8417.2822265625
9030.9111328125
9649.84375
10272.35546875
10896.7236328125
11521.224609375
12144.14453125
12763.775390625
13378.4267578125
13986.4228515625
14586.11328125
15175.87109375
15754.0986328125
16319.236328125
16869.7568359375
17404.181640625
17921.07421875
18419.048828125
18896.7744140625
19352.9814453125
19786.458984375
20196.0625
20580.72265625
20939.4365234375
21271.2841796875
21575.4228515625
21851.0947265625
22097.6298828125
22314.443359375
22501.0458984375
22657.0400390625
22782.1220703125
22876.0869140625
22938.8251953125
22970.3271484375
22970.6796875
22940.068359375
22878.775390625
22787.1796875
22665.751953125
22515.05859375
22335.7529296875
22128.576171875
21894.353515625
21633.9873046875
21348.45703125
21038.8115234375
20706.1669921875
20351.6962890625
19976.6318359375
19582.251953125
19169.8779296875
18740.869140625
18296.615234375
17838.52734375
17368.037109375
16886.5849609375
16395.6171875
15896.578125
15390.9033203125
14880.0166015625
14365.3193359375
13848.1884765625
13329.97265625
12811.982421875
12295.4912109375
11781.7236328125
11271.8623046875
10767.0341796875
10268.3154296875
9776.720703125
9293.2109375
8818.685546875
8353.9794921875
7899.8662109375
7457.0595703125
7026.2041015625
6607.88671875
6202.6298828125
5810.89453125
5433.083984375
5069.5380859375
4720.5419921875
4386.3271484375
4067.0673828125
3762.888671875
3473.865234375
3200.021484375
2941.34375
2697.765625
2469.1865234375
2255.4619140625
2056.412109375
1871.8203125
1701.435546875
1544.9736328125
1402.12109375
1272.53125
1155.830078125
1051.6162109375
959.4609375
878.908203125
809.478515625
750.6669921875
701.9453125
662.76171875
632.544921875
610.69921875
596.611328125
589.6484375
589.1591796875
594.4765625
604.919921875
619.794921875
638.3984375
660.0126953125
683.923828125
709.4091796875
735.7451171875
762.2158203125
788.109375
812.7255859375
835.37890625
855.4013671875
872.1513671875
885.0107421875
893.396484375
896.7607421875
894.5966796875
886.4423828125
871.8857421875
850.568359375
822.1923828125
786.515625
743.3671875
692.638671875
634.296875
568.3759765625
494.990234375
414.32421875
326.64453125
232.2880859375
131.673828125
25.2890625
-86.30078125
-202.4609375
-322.490234375
-445.6220703125
-571.02734375
-697.8271484375
-825.0849609375
-951.8212890625
-1077.021484375
-1199.630859375
-1318.57421875
-1432.755859375
-1541.0634765625
-1642.3837890625
-1735.603515625
-1819.6171875
-1893.3369140625
-1955.697265625
-2005.6611328125
-2042.2265625
-2064.4365234375
-2071.376953125
-2062.1875
-2036.0673828125
-1992.2734375
-1930.1279296875
-1849.021484375
-1748.4140625
-1627.8349609375
-1486.8896484375
-1325.251953125
-1142.6728515625
-938.970703125
-714.0380859375
-467.8349609375
-200.38671875
88.216796875
397.82421875
728.2275390625
1079.1650390625
1450.32421875
1841.34765625
2251.8349609375
2681.345703125
3129.41015625
3595.5205078125
4079.146484375
4579.7314453125
5096.697265625
5629.4453125
6177.36328125
6739.8173828125
7316.1630859375
7905.740234375
8507.8740234375
9121.876953125
9747.0419921875
10382.6474609375
11027.953125
11682.1962890625
12344.5888671875
13014.318359375
13690.5400390625
14372.376953125
15058.9140625
15749.1953125
16442.2197265625
17136.9384765625
17832.2548828125
18527.01171875
19220.00390625
19909.958984375
20595.548828125
21275.3828125
21948.0078125
22611.9130859375
23265.5244140625
23907.2099609375
24535.283203125
25148.0087890625
25743.6025390625
26320.2392578125
26876.0634765625
27409.1884765625
27917.7158203125
28399.7314453125
28853.3310546875
29276.6142578125
29667.7138671875
30024.791015625
30346.060546875
30629.796875
30874.3515625
31078.1630859375
31239.7734375
31357.837890625
31431.1435546875
31458.6171875
31439.3408203125
31372.560546875
31257.7021484375
31094.3759765625
30882.3896484375
30621.755859375
30312.697265625
29955.6572265625
29551.2958984375
29100.5
28604.3837890625
28064.283203125
27481.7607421875
26858.595703125
26196.78515625
25498.537109375
24766.2509765625
24002.5244140625
23210.12890625
22392.00390625
21551.23828125
20691.0576171875
19814.806640625
18925.9326171875
18027.9609375
17124.4814453125
16219.1279296875
15315.552734375
14417.4111328125
13528.3349609375
12651.912109375
11791.669921875
10951.0458984375
10133.3740234375
9341.861328125
8579.5673828125
7849.390625
7154.0439453125
6496.044921875
5877.6962890625
5301.07421875
4768.015625
4280.1083984375
3838.6806640625
3444.794921875
3099.2421875
2802.541015625
2554.927734375
2356.365234375
2206.5419921875
2104.873046875
2050.5068359375
2042.3349609375
2078.994140625
2158.8837890625
2280.17578125
2440.8212890625
2638.5732421875
2870.9990234375
3135.4921875
3429.2998046875
3749.52734375
4093.1728515625
4457.1298828125
4838.2216796875
5233.2099609375
5638.822265625
6051.7666015625
6468.7548828125
6886.51953125
7301.83203125
7711.5244140625
8112.50390625
8501.7724609375
8876.439453125
9233.7373046875
9571.0419921875
9885.8759765625
10175.92578125
10439.0556640625
10673.3095703125
10876.9248046875
11048.341796875
11186.201171875
11289.35546875
11356.873046875
11388.0361328125
11382.3427734375
11339.513671875
11259.48046875
11142.390625
10988.6044921875
10798.6875
10573.408203125
10313.732421875
10020.814453125
9695.9951171875
9340.787109375
8956.87109375
8546.087890625
8110.4248046875
7652.009765625
7173.0986328125
6676.0673828125
6163.3994140625
5637.6748046875
5101.5634765625
4557.806640625
4009.2119140625
3458.642578125
2909.0
2363.220703125
1824.2587890625
1295.080078125
778.6484375
277.9130859375
-204.193359375
-664.7763671875
-1100.98046875
-1510.0048828125
-1889.1083984375
-2235.623046875
-2546.9619140625
-2820.625
-3054.2099609375
-3245.421875
-3392.080078125
-3492.1201171875
-3543.609375
-3544.7490234375
-3493.87890625
-3389.48828125
-3230.2138671875
-3014.853515625
-2742.361328125
-2411.857421875
-2022.6298828125
-1574.1357421875
-1066.0068359375
-498.044921875
129.7705078125
817.283203125
1564.166015625
2369.916015625
3233.85546875
4155.13671875
5132.744140625
6165.4951171875
7252.046875
8390.8955078125
9580.38671875
10818.716796875
12103.9365234375
13433.962890625
14806.578125
16219.44140625
17670.09375
19155.96484375
20674.380859375
22222.5703125
23797.67578125
25396.7548828125
27016.79296875
28654.7109375
30307.3701171875
31971.5830078125
33644.119140625
35321.712890625
37001.072265625
38678.8818359375
40351.8203125
42016.5546875
43669.7587890625
45308.1123046875
46928.314453125
48527.08203125
50101.1669921875
51647.3544921875
53162.47265625
54643.400390625
56087.0732421875
57490.4873046875
58850.7099609375
60164.880859375
61430.2294921875
62644.0673828125
63803.806640625
64906.9580078125
65951.1494140625
66934.119140625
67853.7314453125
68707.986328125
69495.0185546875
70213.111328125
70860.6982421875
71436.3798828125
71938.919921875
72367.2626953125
72720.53125
72998.0400390625
73199.3017578125
73324.0283203125
73372.14453125
73343.787109375
73239.310546875
73059.296875
72804.552734375
72476.115234375
72075.2529296875
71603.470703125
71062.5048828125
70454.32421875
69781.12890625
69045.3466796875
68249.6318359375
67396.8515625
66490.08984375
65532.6318359375
64527.9560546875
63479.7275390625
62391.783203125
61268.1201171875
60112.876953125
58930.3271484375
57724.8583984375
56500.951171875
55263.169921875
54016.1357421875
52764.51171875
51512.9794921875
50266.2236328125
49028.9052734375
47805.6416015625
46600.990234375
45419.4208984375
44265.298828125
43142.86328125
42056.2060546875
41009.25390625
40005.7509765625
39049.2373046875
38143.0341796875
37290.2314453125
36493.6689453125
35755.923828125
35079.3046875
34465.8349609375
33917.2490234375
33434.9853515625
33020.1806640625
32673.6650390625
32395.96484375
32187.3017578125
32047.595703125
31976.46484375
31973.236328125
32036.9521484375
32166.37890625
32360.015625
32616.1083984375
32932.6630859375
33307.4599609375
33738.068359375
34221.8662109375
34756.052734375
35337.6728515625
35963.6298828125
36630.7138671875
37335.6064453125
38074.919921875
38845.201171875
39642.958984375
40464.685546875
41306.8720703125
42166.0263671875
43038.69921875
43921.4931640625
44811.0849609375
45704.2412109375
46597.830078125
47488.83984375
48374.3916015625
49251.7451171875
50118.3193359375
50971.693359375
51809.6181640625
52630.0244140625
53431.025390625
54210.9189453125
54968.19921875
55701.546875
56409.8388671875
57092.13671875
57747.697265625
58375.9580078125
58976.53515625
59549.2216796875
60093.974609375
60610.912109375
61100.302734375
61562.5546875
61998.2060546875
62407.91796875
62792.4541015625
63152.6787109375
63489.5400390625
63804.052734375
64097.2958984375
64370.3876953125
64624.484375
64860.7587890625
65080.392578125
65284.5615234375
65474.421875
65651.10546875
65815.7001953125
65969.2470703125
66112.7236328125
66247.0390625
66373.025390625
66491.4306640625
66602.90625
66708.01171875
66807.2001953125
66900.8212890625
66989.1123046875
67072.2041015625
67150.1103515625
67222.73828125
67289.8837890625
67351.2314453125
67406.3642578125
67454.7626953125
67495.810546875
67528.8037109375
67552.94921875
67567.3818359375
67571.1630859375
67563.2958984375
67542.7314453125
67508.375
67459.1015625
67393.7578125
67311.181640625
67210.2041015625
67089.6611328125
66948.404296875
66785.3125
66599.296875
66389.3125
66154.3642578125
65893.521484375
65605.9150390625
65290.751953125
64947.3232421875
64574.9990234375
64173.24609375
63741.619140625
63279.77734375
62787.474609375
62264.568359375
61711.0205078125
61126.892578125
60512.349609375
59867.658203125
59193.1826171875
58489.3828125
57756.814453125
56996.12109375
56208.029296875
55393.3505859375
54552.96875
53687.841796875
52798.9892578125
51887.494140625
50954.4921875
50001.1669921875
49028.75
48038.5048828125
47031.734375
46009.7646484375
44973.947265625
43925.65234375
42866.265625
41797.18359375
40719.80859375
39635.55078125
38545.822265625
37452.0341796875
36355.5966796875
35257.9150390625
34160.3916015625
33064.423828125
31971.4052734375
30882.71875
29799.744140625
28723.85546875
27656.419921875
26598.798828125
25552.3505859375
24518.4267578125
23498.3720703125
22493.5302734375
21505.23828125
20534.828125
19583.62890625
18652.958984375
17744.1328125
16858.4541015625
15997.22265625
15161.7177734375
14353.2109375
13572.955078125
12822.18359375
12102.1064453125
11413.91015625
10758.7490234375
10137.74609375
9551.9833984375
9002.50390625
8490.302734375
8016.32421875
7581.455078125
7186.5244140625
6832.294921875
6519.4599609375
6248.638671875
6020.37109375
5835.1142578125
5693.2412109375
5595.0322265625
5540.6767578125
5530.2646484375
5563.787109375
5641.1357421875
5762.0966796875
5926.3505859375
6133.470703125
6382.92578125
6674.072265625
7006.162109375
7378.33984375
7789.6396484375
8238.9931640625
8725.2265625
9247.0634765625
9803.126953125
10391.9443359375
11011.9462890625
11661.47265625
12338.7744140625
13042.01953125
13769.2939453125
14518.611328125
15287.9072265625
16075.056640625
16877.8681640625
17694.099609375
18521.453125
19357.587890625
20200.1240234375
21046.6484375
21894.720703125
22741.8837890625
23585.6630859375
24423.583984375
25253.1708984375
26071.9560546875
26877.4921875
27667.357421875
28439.1611328125
29190.5576171875
29919.2490234375
30623.0
31299.642578125
31947.0859375
32563.3251953125
33146.453125
33694.6611328125
34206.2607421875
34679.6787109375
35113.474609375
35506.3486328125
35857.1396484375
36164.8447265625
36428.619140625
36647.7841796875
36821.830078125
36950.4228515625
37033.412109375
37070.8271484375
37062.880859375
37009.974609375
36912.693359375
36771.80859375
36588.2734375
36363.21875
36097.9541015625
35793.953125
35452.8515625
35076.4423828125
34666.6611328125
34225.5732421875
33755.37109375
33258.3544921875
32736.9189453125
32193.5400390625
31630.763671875
31051.181640625
30457.4228515625
29852.1279296875
29237.94140625
28617.4892578125
27993.359375
27368.087890625
26744.1396484375
26123.896484375
25509.6279296875
24903.4931640625
24307.5107421875
23723.556640625
23153.33984375
22598.4033203125
22060.1015625
21539.6025390625
21037.869140625
20555.6640625
20093.5400390625
19651.8369140625
19230.68359375
18829.99609375
18449.484375
18088.65234375
17746.806640625
17423.06640625
17116.3681640625
16825.48046875
16549.0146484375
16285.439453125
16033.0986328125
15790.22265625
15554.9462890625
15325.3310546875
15099.380859375
14875.0634765625
14650.3232421875
14423.109375
14191.3935546875
13953.1865234375
13706.560546875
13449.6630859375
13180.74609375
12898.1689453125
12600.4267578125
12286.16015625
11954.169921875
11603.4306640625
11233.1044921875
10842.544921875
10431.310546875
9999.1728515625
9546.11328125
9072.3369140625
8578.265625
8064.5400390625
7532.0224609375
6981.78515625
6415.11328125
5833.4873046875
5238.5859375
4632.267578125
4016.5625
3393.66015625
2765.892578125
2135.7197265625
1505.7158203125
878.55078125
256.970703125
-356.2158203125
-958.1650390625
-1546.005859375
-2116.8662109375
-2667.89453125
-3196.271484375
-3699.2353515625
-4174.0947265625
-4618.2529296875
-5029.2216796875
-5404.6376953125
-5742.279296875
-6040.083984375
-6296.15234375
-6508.775390625
-6676.4345703125
-6797.818359375
-6871.82421875
-6897.5771484375
-6874.423828125
-6801.9443359375
-6679.955078125
-6508.509765625
-6287.8955078125
-6018.6396484375
-5701.5009765625
-5337.4677734375
-4927.751953125
-4473.7861328125
-3977.20703125
-3439.8544921875
-2863.7607421875
-2251.1337890625
-1604.3466796875
-925.931640625
-218.5517578125
515.0
1271.8251953125
2048.9306640625
2843.248046875
3651.650390625
4470.96875
5298.0078125
6129.5654296875
6962.4521484375
7793.4990234375
8619.5859375
9437.6494140625
10244.7041015625
11037.8544921875
11814.3134765625
12571.4111328125
13306.61328125
14017.53125
14701.93359375
15357.7587890625
15983.12109375
16576.322265625
17135.8564453125
17660.419921875
18148.9111328125
18600.4375
19014.3203125
19390.0888671875
19727.4892578125
20026.4765625
20287.2177734375
20510.0830078125
20695.6474609375
20844.6806640625
20958.1396484375
21037.1689453125
21083.0830078125
21097.359375
21081.634765625
21037.6845703125
20967.419921875
20872.87109375
20756.1748046875
20619.564453125
20465.35546875
20295.9306640625
20113.7275390625
19921.2275390625
19720.939453125
19515.3837890625
19307.0888671875
19098.5654296875
18892.3037109375
18690.7568359375
18496.330078125
18311.3701171875
18138.154296875
17978.87890625
17835.65234375
17710.4833984375
17605.27734375
17521.82421875
17461.796875
17426.740234375
17418.0693359375
17437.0654296875
17484.8720703125
17562.490234375
17670.77734375
17810.4462890625
17982.0693359375
18186.0673828125
18422.7197265625
18692.1611328125
18994.384765625
19329.2451171875
19696.4560546875
20095.6005859375
20526.1279296875
20987.36328125
21478.505859375
21998.63671875
22546.724609375
23121.625
23722.091796875
24346.7783203125
24994.2421875
25662.9541015625
26351.2978515625
27057.5810546875
27780.037109375
28516.8330078125
29266.0732421875
30025.8046875
30794.025390625
31568.685546875
32347.69921875
33128.9443359375
33910.26953125
34689.505859375
35464.462890625
36232.9404296875
36992.7373046875
37741.65234375
38477.48828125
39198.068359375
39901.2294921875
40584.841796875
41246.8017578125
41885.052734375
42497.578125
43082.419921875
43637.67578125
44161.5126953125
44652.1689453125
45107.9658203125
45527.310546875
45908.705078125
46250.7490234375
46552.1513671875
46811.734375
47028.439453125
47201.3310546875
47329.6083984375
47412.6044921875
47449.79296875
47440.796875
47385.3828125
47283.474609375
47135.1533203125
46940.6572265625
46700.3857421875
46414.90234375
46084.9287109375
45711.3544921875
45295.23046875
44837.7666015625
44340.333984375
43804.458984375
43231.8203125
42624.2451171875
41983.7041015625
41312.3056640625
40612.2900390625
39886.021484375
39135.9794921875
38364.7568359375
37575.0400390625
36769.609375
35951.326171875
35123.119140625
34287.9794921875
33448.9453125
32609.09375
31771.5234375
30939.3525390625
30115.697265625
29303.666015625
28506.3466796875
27726.7900390625
26968.0078125
26232.9482421875
25524.4970703125
24845.45703125
24198.5458984375
23586.37890625
23011.4599609375
22476.1787109375
21982.7919921875
21533.423828125
21130.0546875
20774.509765625
20468.4619140625
20213.4189453125
20010.7177734375
19861.5263671875
19766.833984375
19727.453125
19744.0087890625
19816.947265625
19946.5322265625
20132.837890625
20375.7578125
20675.0029296875
21030.1025390625
21440.408203125
21905.09765625
22423.1748046875
22993.48046875
23614.6884765625
24285.322265625
25003.7490234375
25768.1962890625
26576.75
27427.3701171875
28317.8896484375
29246.0283203125
30209.4013671875
31205.521484375
32231.8134765625
33285.62109375
34364.21484375
35464.8037109375
36584.5361328125
37720.5224609375
38869.8330078125
40029.5087890625
41196.5751953125
42368.0439453125
43540.9287109375
44712.2490234375
45879.037109375
47038.349609375
48187.2744140625
49322.9384765625
50442.5107421875
51543.2158203125
52622.3369140625
53677.220703125
54705.2861328125
55704.033203125
56671.0361328125
57603.962890625
58500.57421875
59358.7236328125
60176.3662109375
60951.5634765625
61682.486328125
62367.4140625
63004.7421875
63592.9853515625
64130.7734375
64616.8642578125
65050.134765625
65429.5927734375
65754.373046875
66023.7373046875
66237.08203125
66393.9326171875
66493.951171875
66536.931640625
66522.8037109375
66451.634765625
66323.6240234375
66139.109375
65898.56640625
65602.60546875
65251.970703125
64847.5458984375
64390.3447265625
63881.5166015625
63322.341796875
62714.2294921875
62058.7177734375
61357.4697265625
60612.2685546875
59825.015625
58997.7314453125
58132.541015625
57231.6767578125
56297.470703125
55332.3486328125
54338.8232421875
53319.486328125
52277.0029296875
51214.1015625
50133.5654296875
49038.224609375
47930.9462890625
46814.6220703125
45692.1591796875
44566.47265625
43440.46875
42317.03515625
41199.0322265625
40089.2783203125
38990.5400390625
37905.5185546875
36836.841796875
35787.0478515625
34758.5810546875
33753.7734375
32774.8427734375
31823.8798828125
30902.8369140625
30013.5283203125
29157.6142578125
28336.5986328125
27551.826171875
26804.478515625
26095.5634765625
25425.9267578125
24796.2373046875
24207.0009765625
23658.5537109375
23151.0654296875
22684.5478515625
22258.8564453125
21873.701171875
21528.646484375
21223.125
20956.4501953125
20727.814453125
20536.3115234375
20380.943359375
20260.6279296875
20174.21875
20120.5078125
20098.2470703125
20106.1552734375
20142.92578125
20207.251953125
20297.8193359375
20413.33203125
20552.513671875
20714.119140625
20896.9423828125
21099.8212890625
21321.6474609375
21561.369140625
21817.9921875
22090.583984375
22378.279296875
22680.26953125
22995.814453125
23324.2255859375
23664.8740234375
24017.1806640625
24380.609375
24754.6591796875
25138.8662109375
25532.7802734375
25935.9697265625
26348.0009765625
26768.44140625
27196.8349609375
27632.70703125
28075.544921875
28524.791015625
28979.837890625
29440.0146484375
29904.583984375
30372.7353515625
30843.5771484375
31316.1328125
31789.341796875
32262.0517578125
32733.0224609375
33200.9267578125
33664.3505859375
34121.7978515625
34571.6953125
35012.40234375
35442.212890625
35859.373046875
36262.08203125
36648.51171875
37016.8134765625
37365.13671875
37691.63671875
37994.498046875
38271.939453125
38522.2353515625
38743.7314453125
38934.8564453125
39094.1376953125
39220.21875
39311.8681640625
39367.9951171875
39387.662109375
39370.091796875
39314.6796875
39221.0029296875
39088.822265625
38918.08984375
38708.953125
38461.755859375
38177.0322265625
37855.517578125
37498.12890625
37105.97265625
36680.3271484375
36222.6416015625
35734.51953125
35217.7109375
34674.0966796875
34105.673828125
33514.544921875
32902.8916015625
32272.9677734375
31627.0771484375
30967.5517578125
30296.7421875
29616.9921875
28930.6201171875
28239.9072265625
27547.076171875
26854.2744140625
26163.55859375
25476.8798828125
24796.0732421875
24122.841796875
23458.744140625
22805.1923828125
22163.4365234375
21534.5615234375
20919.4853515625
20318.9482421875
19733.5234375
19163.6025390625
18609.4140625
18071.0146484375
17548.30078125
17041.015625
16548.7529296875
16070.970703125
15607.0009765625
15156.0634765625
14717.2744140625
14289.662109375
13872.1826171875
13463.732421875
13063.16796875
12669.3125
12280.978515625
11896.9853515625
11516.1640625
11137.3828125
10759.552734375
10381.650390625
10002.72265625
9621.8994140625
9238.412109375
8851.59765625
8460.9052734375
8065.9091796875
7666.3154296875
7261.9609375
6852.8251953125
6439.02734375
6020.8310546875
5598.6416015625
5173.0068359375
4744.6123046875
4314.283203125
3882.970703125
3451.751953125
3021.8232421875
2594.48828125
2171.1513671875
1753.30859375
1342.53515625
940.47265625
548.8251953125
169.3359375
-196.2158203125
-546.0361328125
-878.318359375
-1191.2666015625
-1483.107421875
-1752.0927734375
-1996.5263671875
-2214.767578125
-2405.2421875
-2566.4609375
-2697.0244140625
-2795.634765625
-2861.1044921875
-2892.3662109375
-2888.4814453125
-2848.6435546875
-2772.1845703125
-2658.583984375
-2507.46875
-2318.6142578125
-2091.951171875
-1827.5595703125
-1525.6767578125
-1186.6845703125
-811.1162109375
-399.6484375
46.9072265625
527.603515625
1041.3671875
1587.0087890625
2163.23046875
2768.6337890625
3401.7314453125
4060.955078125
4744.6728515625
5451.1943359375
6178.7880859375
6925.689453125
7690.1171875
8470.2822265625
9264.4013671875
10070.712890625
10887.482421875
11713.0185546875
12545.68359375
13383.90234375
14226.173828125
15071.078125
15917.28515625
16763.564453125
17608.7861328125
18451.931640625
19292.08984375
20128.46875
20960.3916015625
21787.296875
22608.7421875
23424.3935546875
24234.0322265625
25037.5419921875
25834.908203125
26626.2099609375
27411.6103515625
28191.3505859375
28965.740234375
29735.1474609375
30499.984375
31260.7001953125
32017.76953125
32771.677734375
33522.9091796875
34271.939453125
35019.21484375
35765.15234375
36510.1181640625
37254.419921875
37998.30078125
38741.923828125
39485.369140625
40228.619140625
40971.560546875
41713.97265625
42455.5263671875
43195.7802734375
43934.177734375
44670.048828125
45402.609375
46130.966796875
46854.1181640625
47570.9599609375
48280.2958984375
48980.8349609375
49671.2138671875
50349.9931640625
51015.6806640625
51666.7314453125
52301.5703125
52918.5966796875
53516.2021484375
54092.7880859375
54646.771484375
55176.6044921875
55680.791015625
56157.89453125
56606.5595703125
57025.517578125
57413.603515625
57769.7734375
58093.1025390625
58382.8095703125
58638.259765625
58858.97265625
59044.6298828125
59195.0830078125
59310.3583984375
59390.654296875
59436.3515625
59448.005859375
59426.3515625
59372.298828125
59286.9228515625
59171.4697265625
59027.3388671875
58856.08203125
58659.3896484375
58439.08203125
58197.0966796875
57935.4775390625
57656.3564453125
57361.9443359375
57054.5146484375
56736.3837890625
56409.8994140625
56077.4208984375
55741.30859375
55403.896484375
55067.4853515625
54734.3232421875
54406.5859375
54086.369140625
53775.6611328125
53476.34375
53190.166015625
52918.7373046875
52663.515625
52425.796875
52206.7041015625
52007.177734375
51827.9736328125
51669.6552734375
51532.5859375
51416.9326171875
51322.6611328125
51249.533203125
51197.1162109375
51164.7744140625
51151.6884765625
51156.8466796875
51179.0625
51216.974609375
51269.0654296875
51333.6640625
51408.96484375
51493.0322265625
51583.82421875
51679.1982421875
51776.931640625
51874.7353515625
51970.2734375
52061.171875
52145.0458984375
52219.5087890625
52282.1923828125
52330.763671875
52362.94140625
52376.513671875
52369.345703125
52339.4072265625
52284.77734375
52203.662109375
52094.40625
51955.5029296875
51785.607421875
51583.5439453125
51348.3125
51079.0966796875
50775.2744140625
50436.4091796875
50062.265625
49652.7998046875
49208.16796875
48728.716796875
48214.986328125
47667.7001953125
47087.7626953125
46476.2529296875
45834.4111328125
45163.6337890625
44465.4599609375
43741.56640625
42993.7431640625
42223.892578125
41434.01171875
40626.1708984375
39802.513671875
38965.2275390625
38116.5400390625
37258.69921875
36393.9560546875
35524.560546875
34652.7353515625
33780.669921875
32910.5087890625
32044.3349609375
31184.1630859375
30331.923828125
29489.462890625
28658.5263671875
27840.755859375
27037.6865234375
26250.734375
25481.201171875
24730.26953125
23999.0009765625
23288.3388671875
22599.1064453125
21932.0166015625
21287.66796875
20666.552734375
20069.0673828125
19495.51171875
18946.1044921875
18420.982421875
17920.2197265625
17443.828125
16991.7734375
16563.9814453125
16160.3486328125
15780.7568359375
15425.07421875
15093.17578125
14784.94140625
14500.275390625
14239.109375
14001.408203125
13787.18359375
13596.4921875
13429.447265625
13286.2197265625
13167.04296875
13072.212890625
13002.091796875
12957.1044921875
12937.7431640625
12944.5576171875
12978.158203125
13039.2099609375
13128.421875
13246.546875
13394.373046875
13572.7138671875
13782.3955078125
14024.2568359375
14299.12890625
14607.8291015625
14951.1484375
15329.83984375
15744.603515625
16196.0810546875
16684.837890625
17211.3505859375
17775.9990234375
18379.05078125
19020.6552734375
19700.82421875
20419.43359375
21176.2021484375
21970.6923828125
22802.2978515625
23670.2392578125
24573.5576171875
25511.109375
26481.564453125
27483.408203125
28514.9306640625
29574.23828125
30659.248046875
31767.6962890625
32897.1416015625
34044.9697265625
35208.4033203125
36384.5087890625
37570.208984375
38762.2900390625
39957.419921875
41152.158203125
42342.9716796875
43526.2490234375
44698.3193359375
45855.4697265625
46993.9619140625
48110.05078125
49200.005859375
50260.1298828125
51286.7763671875
52276.373046875
53225.4384765625
54130.607421875
54988.6435546875
55796.4619140625
56551.150390625
57249.9794921875
57890.431640625
58470.2041015625
58987.236328125
59439.7138671875
59826.08984375
60145.087890625
60395.720703125
60577.29296875
60689.408203125
60731.9755859375
60705.21484375
60609.65234375
60446.1259765625
60215.783203125
59920.0673828125
59560.7275390625
59139.7978515625
58659.5908203125
58122.69140625
57531.93359375
56890.3974609375
56201.3828125
55468.3935546875
54695.123046875
53885.4296875
53043.314453125
52172.8994140625
51278.404296875
50364.123046875
49434.3955078125
48493.58984375
47546.064453125
46596.16015625
45648.15625
44706.2607421875
43774.5771484375
42857.0859375
41957.619140625
41079.837890625
40227.21484375
39403.0107421875
38610.2646484375
37851.765625
37130.048828125
36447.3798828125
35805.73828125
35206.8173828125
34652.0107421875
34142.408203125
33678.7978515625
33261.658203125
32891.166015625
32567.193359375
32289.3173828125
32056.8232421875
31868.7197265625
31723.7431640625
31620.3740234375
31556.8466796875
31531.1728515625
31541.1474609375
31584.3779296875
31658.2919921875
31760.16796875
31887.1474609375
32036.259765625
32204.443359375
32388.568359375
32585.45703125
32791.90234375
33004.6953125
33220.6435546875
33436.5908203125
33649.4365234375
33856.158203125
34053.8232421875
34239.6103515625
34410.826171875
34564.916015625
34699.4814453125
34812.28515625
34901.271484375
34964.5634765625
35000.482421875
35007.5439453125
34984.4658203125
34930.17578125
34843.802734375
34724.6865234375
34572.3701171875
34386.6005859375
34167.3212890625
33914.6708984375
33628.9765625
33310.740234375
32960.638671875
32579.51171875
32168.349609375
31728.2822265625
31260.5751953125
30766.6103515625
30247.876953125
29705.9609375
29142.5302734375
28559.3271484375
27958.1494140625
27340.84765625
26709.3056640625
26065.4345703125
25411.1552734375
24748.4013671875
24079.09765625
23405.15234375
22728.4580078125
22050.8740234375
21374.2255859375
20700.2958984375
20030.8212890625
19367.4892578125
18711.9306640625
18065.720703125
17430.376953125
16807.357421875
16198.056640625
15603.8154296875
15025.916015625
14465.578125
13923.9755859375
13402.224609375
12901.3974609375
12422.5224609375
11966.5830078125
11534.53125
11127.2822265625
10745.7314453125
10390.7421875
10063.1640625
9763.83203125
9493.56640625
9253.1865234375
9043.501953125
8865.32421875
8719.466796875
8606.7431640625
8527.97265625
8483.98046875
8475.595703125
8503.650390625
8568.98046875
8672.4228515625
8814.8076171875
8996.958984375
9219.6953125
9483.8125
9790.087890625
10139.2666015625
10532.060546875
10969.1376953125
11451.1142578125
11978.544921875
12551.916015625
13171.6357421875
13838.025390625
14551.306640625
15311.5986328125
16118.9013671875
16973.09375
17873.9169921875
18820.9755859375
19813.72265625
20851.4541015625
21933.3046875
23058.240234375
24225.052734375
25432.3623046875
26678.6044921875
27962.0390625
29280.7412109375
30632.611328125
32015.3701171875
33426.5634765625
34863.5712890625
36323.611328125
37803.74609375
39300.8896484375
40811.826171875
42333.2119140625
43861.591796875
45393.4130859375
46925.041015625
48452.7705078125
49972.849609375
51481.4853515625
52974.875
54449.2119140625
55900.7119140625
57325.6279296875
58720.26953125
60081.0244140625
61404.37109375
62686.900390625
63925.33203125
65116.5302734375
66257.521484375
67345.5107421875
68377.888671875
69352.2509765625
70266.4072265625
71118.3916015625
71906.4677734375
72629.14453125
73285.1728515625
73873.552734375
74393.53515625
74844.626953125
75226.583984375
75539.41015625
75783.35546875
75958.908203125
76066.7890625
76107.9423828125
76083.5263671875
75994.8994140625
75843.6162109375
75631.400390625
75360.146484375
75031.8916015625
74648.8134765625
74213.197265625
73727.439453125
73194.013671875
72615.4638671875
71994.3876953125
71333.4169921875
70635.205078125
69902.408203125
69137.6728515625
68343.62109375
67522.837890625
66677.857421875
65811.1533203125
64925.1279296875
64022.0986328125
63104.298828125
62173.859375
61232.8134765625
60283.0859375
59326.4873046875
58364.7197265625
57399.3681640625
56431.904296875
55463.6875
54495.9619140625
53529.8662109375
52566.4365234375
51606.603515625
50651.2099609375
49701.00390625
48756.65625
47818.76171875
46887.8486328125
45964.3857421875
45048.7900390625
44141.4384765625
43242.6728515625
42352.806640625
41472.1396484375
40600.95703125
39739.5458984375
38888.197265625
38047.21484375
37216.9228515625
36397.6708984375
35589.8388671875
34793.84765625
34010.1552734375
33239.267578125
32481.7421875
31738.185546875
31009.2626953125
30295.6943359375
29598.2587890625
28917.794921875
28255.1982421875
27611.423828125
26987.484375
26384.4482421875
25803.43359375
25245.6142578125
24712.20703125
24204.474609375
23723.716796875
23271.267578125
22848.4921875
22456.7763671875
22097.5234375
21772.1474609375
21482.06640625
21228.6923828125
21013.4306640625
20837.662109375
20702.7412109375
20609.98828125
20560.6748046875
20556.0205078125
20597.1806640625
20685.236328125
20821.1875
21005.94140625
21240.3017578125
21524.9619140625
21860.4951171875
22247.341796875
22685.8017578125
23176.0283203125
23718.0146484375
24311.5908203125
24956.4091796875
25651.9462890625
26397.4853515625
27192.1201171875
28034.7451171875
28924.052734375
29858.5263671875
30836.4453125
31855.8759765625
32914.677734375
34010.5009765625
35140.7890625
36302.78515625
37493.533203125
38709.8896484375
39948.525390625
41205.9384765625
42478.4638671875
43762.2861328125
45053.4501953125
46347.8798828125
47641.3896484375
48929.703125
50208.470703125
51473.291015625
52719.7275390625
53943.330078125
55139.6552734375
56304.2900390625
57432.875
58521.119140625
59564.8359375
60559.9501953125
61502.5302734375
62388.806640625
63215.1943359375
63978.3095703125
64674.994140625
65302.3251953125
65857.6455078125
66338.5654296875
66742.98828125
67069.115234375
67315.458984375
67480.853515625
67564.458984375
67565.771484375
67484.62109375
67321.1748046875
67075.9375
66749.7451171875
66343.7646484375
65859.4814453125
65298.6962890625
64663.5078125
63956.3046875
63179.7490234375
62336.7626953125
61430.5068359375
60464.36328125
59441.91796875
58366.93359375
57243.333984375
56075.1796875
54866.638671875
53621.974609375
52345.5126953125
51041.619140625
49714.6806640625
48369.076171875
47009.1591796875
45639.2314453125
44263.5263671875
42886.181640625
41511.2294921875
40142.5703125
38783.9609375
37438.998046875
36111.10546875
34803.51953125
33519.279296875
32261.2197265625
31031.9638671875
29833.912109375
28669.2470703125
27539.921875
26447.6650390625
25393.9814453125
24380.1484375
23407.2265625
22476.05859375
21587.28125
20741.326171875
19938.4287109375
19178.6435546875
18461.845703125
17787.748046875
17155.90625
16565.7333984375
16016.5146484375
15507.41015625
15037.4775390625
14605.677734375
14210.88671875
13851.91015625
13527.494140625
13236.333984375
12977.08984375
12748.3896484375
12548.8466796875
12377.0615234375
12231.634765625
12111.17578125
12014.3037109375
11939.6630859375
11885.9169921875
11851.7646484375
11835.9375
11837.205078125
11854.3779296875
11886.3095703125
11931.8984375
11990.0859375
12059.861328125
12140.2587890625
12230.3525390625
12329.267578125
12436.162109375
12550.240234375
12670.740234375
12796.9365234375
12928.1328125
13063.666015625
13202.89453125
13345.2021484375
13489.9931640625
13636.68359375
13784.7080078125
13933.5078125
14082.5322265625
14231.236328125
14379.0751953125
14525.50390625
14669.97265625
14811.9306640625
14950.8173828125
15086.0654296875
15217.09765625
15343.3291015625
15464.1630859375
15578.9931640625
15687.2021484375
15788.166015625
15881.2509765625
15965.8173828125
16041.2197265625
16106.810546875
16161.9423828125
16205.9716796875
16238.2578125
16258.171875
16265.095703125
16258.4326171875
16237.6025390625
16202.056640625
16151.271484375
16084.763671875
16002.0859375
15902.8427734375
15786.6845703125
15653.318359375
15502.5126953125
15334.103515625
15147.9951171875
14944.166015625
14722.6787109375
14483.67578125
14227.388671875
13954.1376953125
13664.337890625
13358.501953125
13037.2373046875
12701.2509765625
12351.3525390625
11988.4482421875
11613.5439453125
11227.7451171875
10832.25
10428.353515625
10017.4365234375
9600.966796875
9180.494140625
8757.638671875
8334.091796875
7911.6044921875
7491.9833984375
7077.0771484375
6668.7734375
6268.9833984375
5879.638671875
5502.6748046875
5140.02734375
4793.611328125
4465.3232421875
4157.015625
3870.501953125
3607.53125
3369.7841796875
3158.865234375
2976.28515625
2823.45703125
2701.685546875
2612.1591796875
2555.9384765625
2533.955078125
2546.9990234375
2595.7216796875
2680.6201171875
2802.04296875
2960.18359375
3155.080078125
3386.615234375
3654.513671875
3958.3505859375
4297.5478515625
4671.3818359375
5078.9892578125
5519.3681640625
5991.390625
6493.8095703125
7025.2646484375
7584.294921875
8169.3486328125
8778.7939453125
9410.931640625
10064.00390625
10736.2109375
11425.7216796875
12130.68359375
12849.244140625
13579.5537109375
14319.787109375
15068.14453125
15822.8798828125
16582.2939453125
17344.76171875
18108.7294921875
18872.7353515625
19635.408203125
20395.4833984375
21151.8017578125
21903.32421875
22649.126953125
23388.4111328125
24120.50390625
24844.8564453125
25561.046875
26268.7802734375
26967.8759765625
27658.2802734375
28340.044921875
29013.3330078125
29678.4033203125
30335.607421875
30985.37890625
31628.224609375
32264.7060546875
32895.4423828125
33521.083984375
34142.3076171875
34759.8037109375
35374.2578125
35986.34375
36596.705078125
37205.9443359375
37814.6103515625
38423.1845703125
39032.068359375
39641.5751953125
40251.912109375
40863.1806640625
41475.3544921875
42088.2841796875
42701.681640625
43315.1171875
43928.0146484375
44539.6513671875
45149.1474609375
45755.4765625
46357.4609375
46953.76953125
47542.9345703125
48123.3427734375
48693.2509765625
49250.7958984375
49793.9951171875
50320.765625
50828.931640625
51316.2431640625
51780.3857421875
52218.9970703125
52629.685546875
53010.044921875
53357.6728515625
53670.19140625
53945.2626953125
54180.609375
54374.0341796875
54523.4375
54626.8388671875
54682.3916015625
54688.40625
54643.3583984375
54545.9189453125
54394.9560546875
54189.5595703125
53929.0458984375
53612.98046875
53241.1767578125
52813.712890625
52330.9375
51793.47265625
51202.2197265625
50558.365234375
49863.3701171875
49118.98046875
48327.21484375
47490.3642578125
46610.98046875
45691.8681640625
44736.0771484375
43746.8828125
42727.77734375
41682.44921875
40614.767578125
39528.7666015625
38428.6171875
37318.609375
36203.13671875
35086.66015625
33973.693359375
32868.7744140625
31776.4453125
30701.2197265625
29647.5673828125
28619.880859375
27622.4560546875
26659.466796875
25734.9423828125
24852.748046875
24016.556640625
23229.8349609375
22495.82421875
21817.5205078125
21197.6611328125
20638.7080078125
20142.8388671875
19711.9326171875
19347.56640625
19051.00390625
18823.1923828125
18664.7587890625
18576.015625
18556.9521484375
18607.2431640625
18726.2568359375
18913.056640625
19166.4130859375
19484.8125
19866.474609375
20309.35546875
20811.1767578125
21369.4306640625
21981.4013671875
22644.1875
23354.712890625
24109.7578125
24905.9677734375
25739.88671875
26607.9638671875
27506.58984375
28432.1083984375
29380.837890625
30349.095703125
31333.2138671875
32329.5615234375
33334.5615234375
34344.7080078125
35356.5791015625
36366.857421875
37372.345703125
38369.9658203125
39356.787109375
40330.0224609375
41287.04296875
42225.380859375
43142.7392578125
44036.9892578125
44906.1767578125
45748.5166015625
46562.3994140625
47346.3818359375
48099.189453125
48819.701171875
49506.955078125
50160.1328125
50778.5546875
51361.666015625
51909.03515625
52420.3330078125
52895.3330078125
53333.8876953125
53735.9287109375
54101.4453125
54430.4794921875
54723.1123046875
54979.4521484375
55199.623046875
55383.7607421875
55531.99609375
55644.447265625
55721.2177734375
55762.3828125
55767.9892578125
55738.046875
55672.5244140625
55571.353515625
55434.4169921875
55261.5625
55052.587890625
54807.2568359375
54525.296875
54206.404296875
53850.25
53456.4873046875
53024.759765625
52554.708984375
52045.984375
51498.2529296875
50911.212890625
50284.599609375
49618.2021484375
48911.87109375
48165.53515625
47379.2099609375
46553.005859375
45687.150390625
44781.9892578125
43837.9990234375
42855.8017578125
41836.1689453125
40780.0302734375
39688.486328125
38562.806640625
37404.4423828125
36215.025390625
34996.373046875
33750.4873046875
32479.55859375
31185.9638671875
29872.255859375
28541.171875
27195.615234375
25838.6591796875
24473.5302734375
23103.603515625
21732.384765625
20363.509765625
19000.7197265625
17647.849609375
16308.8173828125
14987.6015625
13688.2275390625
12414.748046875
11171.2265625
9961.7138671875
8790.236328125
7660.7705078125
6577.2255859375
5543.421875
4563.080078125
3639.7900390625
2777.0029296875
1978.005859375
1245.91015625
583.6337890625
-6.1181640625
-520.861328125
-958.3515625
-1316.58984375
-1593.84375
-1788.6474609375
-1899.8134765625
-1926.443359375
-1867.9248046875
-1723.9453125
-1494.486328125
-1179.830078125
-780.5576171875
-297.5458984375
268.03515625
914.728515625
1640.7900390625
2444.2060546875
3322.693359375
4273.7138671875
5294.484375
6381.98828125
7532.98828125
8744.0439453125
10011.5234375
11331.619140625
12700.365234375
14113.6572265625
15567.2646484375
17056.8515625
18577.994140625
20126.2001953125
21696.92578125
23285.5947265625
24887.6171875
26498.408203125
28113.4052734375
29728.0830078125
31337.9765625
32938.6943359375
34525.93359375
36095.5
37643.314453125
39165.4375
40658.078125
42117.6025390625
43540.55078125
44923.646484375
46263.8046875
47558.142578125
48803.9892578125
49998.8857421875
51140.6005859375
52227.1220703125
53256.6767578125
54227.7216796875
55138.94921875
55989.2880859375
56777.904296875
57504.1982421875
58167.8046875
58768.5888671875
59306.6416015625
59782.275390625
60196.025390625
60548.6298828125
60841.037109375
61074.3896484375
61250.021484375
61369.443359375
61434.33984375
61446.5556640625
61408.0908203125
61321.080078125
61187.794921875
61010.623046875
60792.060546875
60534.7001953125
60241.220703125
59914.375
59556.9755859375
59171.8837890625
58762.001953125
58330.2568359375
57879.5888671875
57412.9423828125
56933.25390625
56443.44140625
55946.388671875
55444.9423828125
54941.8955078125
54439.982421875
53941.86328125
53450.1220703125
52967.2509765625
52495.6455078125
52037.5986328125
51595.2880859375
51170.7724609375
50765.98828125
50382.734375
50022.6787109375
49687.3408203125
49378.1015625
49096.1875
48842.6748046875
48618.482421875
48424.373046875
48260.9521484375
48128.6669921875
48027.8017578125
47958.4853515625
47920.689453125
47914.2294921875
47938.763671875
47993.8037109375
48078.7109375
48192.7080078125
48334.8701171875
48504.1455078125
48699.349609375
48919.17578125
49162.2001953125
49426.888671875
49711.6064453125
50014.619140625
50334.109375
50668.1767578125
51014.8505859375
51372.1005859375
51737.83984375
52109.939453125
52486.2333984375
52864.533203125
53242.630859375
53618.314453125
53989.375
54353.6142578125
54708.857421875
55052.958984375
55383.818359375
55699.37890625
55997.64453125
56276.6875
56534.65234375
56769.7685546875
56980.353515625
57164.826171875
57321.705078125
57449.623046875
57547.326171875
57613.68359375
57647.6904296875
57648.47265625
57615.2880859375
57547.53125
57444.73828125
57306.583984375
57132.8828125
56923.59375
56678.8154296875
56398.78515625
56083.8837890625
55734.6220703125
55351.6455078125
54935.728515625
54487.7724609375
54008.7919921875
53499.9189453125
52962.3916015625
52397.546875
51806.8154296875
51191.7138671875
50553.828125
49894.8193359375
49216.3994140625
48520.3349609375
47808.421875
47082.494140625
46344.39453125
45595.9775390625
44839.0947265625
44075.58203125
43307.2509765625
42535.880859375
41763.2060546875
40990.908203125
40220.603515625
39453.8388671875
38692.0810546875
37936.708984375
37189.0068359375
36450.1552734375
35721.2333984375
35003.205078125
34296.919921875
33603.109375
32922.384765625
32255.2353515625
31602.029296875
30963.01171875
30338.3115234375
29727.939453125
29131.794921875
28549.66796875
27981.2490234375
27426.130859375
26883.818359375
26353.7373046875
25835.2431640625
25327.626953125
24830.1318359375
24341.958984375
23862.279296875
23390.24609375
22925.0078125
22465.7138671875
22011.5322265625
21561.662109375
21115.3359375
20671.83984375
20230.521484375
19790.7978515625
19352.1650390625
18914.2080078125
18476.609375
18039.154296875
17601.732421875
17164.3515625
16727.1318359375
16290.3154296875
15854.2626953125
15419.4521484375
14986.484375
14556.072265625
14129.0390625
13706.318359375
13288.9404296875
12878.02734375
12474.787109375
12080.5
11696.509765625
11324.2119140625
10965.0400390625
10620.458984375
10291.9423828125
9980.966796875
9688.9912109375
9417.4521484375
9167.736328125
8941.181640625
8739.05078125
8562.525390625
8412.69140625
8290.5283203125
8196.89453125
8132.5185546875
8097.9951171875
8093.765625
8120.1240234375
8177.2001953125
8264.9619140625
8383.2080078125
8531.5712890625
8709.513671875
8916.3291015625
9151.1455078125
9412.9306640625
9700.4951171875
10012.4970703125
10347.4580078125
10703.76171875
11079.6708984375
11473.3369140625
11882.810546875
12306.0546875
12740.958984375
13185.3544921875
13637.02734375
14093.7314453125
14553.20703125
15013.19140625
15471.4423828125
15925.740234375
16373.912109375
16813.8427734375
17243.48828125
17660.8896484375
18064.1806640625
18451.60546875
18821.5244140625
19172.4267578125
19502.9326171875
19811.80859375
20097.9697265625
20360.482421875
20598.5712890625
20811.623046875
20999.18359375
21160.9599609375
21296.82421875
21406.8037109375
21491.0859375
21550.0078125
21584.0576171875
21593.86328125
21580.189453125
21543.9296875
21486.099609375
21407.826171875
21310.3388671875
21194.9658203125
21063.1142578125
20916.2724609375
20755.990234375
20583.8701171875
20401.5625
20210.7529296875
20013.1474609375
19810.46875
19604.443359375
19396.7939453125
19189.228515625
18983.4306640625
18781.0556640625
18583.7177734375
18392.984375
18210.369140625
18037.326171875
17875.2412109375
17725.4287109375
17589.1279296875
17467.4912109375
17361.5908203125
17272.4052734375
17200.8232421875
17147.6376953125
17113.5419921875
17099.13671875
17104.91796875
17131.28515625
17178.533203125
17246.861328125
17336.369140625
17447.0556640625
17578.8251953125
17731.486328125
17904.7587890625
18098.2685546875
18311.5576171875
18544.0830078125
18795.2236328125
19064.2822265625
19350.4892578125
19653.01171875
19970.9482421875
20303.3447265625
20649.1953125
21007.443359375
21376.9931640625
21756.7138671875
22145.4423828125
22541.9931640625
22945.16015625
23353.7265625
23766.4658203125
24182.1533203125
24599.564453125
25017.4921875
25434.7373046875
25850.125
26262.5068359375
26670.7646484375
27073.8154296875
27470.6162109375
27860.1689453125
28241.5205078125
28613.771484375
28976.0751953125
29327.6416015625
29667.7392578125
29995.697265625
30310.9052734375
30612.814453125
30900.9453125
31174.8720703125
31434.23828125
31678.7451171875
31908.1572265625
32122.2939453125
32321.0341796875
32504.3095703125
32672.10546875
32824.451171875
32961.42578125
33083.146484375
33189.76953125
33281.484375
33358.5126953125
33421.099609375
33469.5126953125
33504.03515625
33524.9658203125
33532.61328125
33527.287109375
33509.302734375
33478.970703125
33436.5947265625
33382.47265625
33316.888671875
33240.109375
33152.388671875
33053.9580078125
32945.02734375
32825.7880859375
32696.4013671875
32557.0087890625
32407.7275390625
32248.646484375
32079.833984375
31901.3310546875
31713.1611328125
31515.3203125
31307.7919921875
31090.5390625
30863.5087890625
30626.638671875
30379.853515625
30123.07421875
29856.2197265625
29579.2060546875
29291.955078125
28994.3955078125
28686.4677734375
28368.126953125
28039.3466796875
27700.123046875
27350.478515625
26990.46484375
26620.1689453125
26239.7119140625
25849.2568359375
25449.0068359375
25039.2138671875
24620.173828125
24192.23828125
23755.8076171875
23311.3349609375
22859.3330078125
22400.3642578125
21935.0537109375
21464.0791015625
20988.1748046875
20508.1328125
20024.7998046875
19539.0712890625
19051.8974609375
18564.275390625
18077.2490234375
17591.9052734375
17109.3681640625
16630.7958984375
16157.380859375
15690.3369140625
15230.9013671875
14780.3251953125
14339.8701171875
13910.7998046875
13494.3759765625
13091.8525390625
12704.466796875
12333.435546875
11979.9462890625
11645.15234375
11330.1650390625
11036.046875
10763.80859375
10514.3994140625
10288.701171875
10087.5244140625
9911.603515625
9761.5888671875
9638.044921875
9541.447265625
9472.1728515625
9430.5029296875
9416.619140625
9430.5986328125
9472.416015625
9541.9423828125
9638.9384765625
9763.0654296875
9913.8779296875
10090.8291015625
10293.26953125
10520.4541015625
10771.54296875
11045.60546875
11341.623046875
11658.498046875
11995.0546875
12350.0478515625
12722.1650390625
13110.0400390625
13512.2509765625
13927.3330078125
14353.7822265625
14790.0673828125
15234.630859375
15685.900390625
16142.2958984375
16602.2333984375
17064.138671875
17526.4453125
17987.61328125
18446.12109375
18900.48828125
19349.263671875
19791.048828125
20224.490234375
20648.291015625
21061.21484375
21462.0869140625
21849.8017578125
22223.326171875
22581.7001953125
22924.0419921875
23249.5498046875
23557.5048828125
23847.26953125
24118.296875
24370.12109375
24602.3662109375
24814.7451171875
25007.0576171875
25179.1953125
25331.1328125
25462.9384765625
25574.7685546875
25666.861328125
25739.5498046875
25793.2451171875
25828.4501953125
25845.7470703125
25845.802734375
25829.365234375
25797.2607421875
25750.3974609375
25689.7548828125
25616.3916015625
25531.4345703125
25436.0849609375
25331.6064453125
25219.33203125
25100.6513671875
24977.013671875
24849.92578125
24720.94140625
24591.6591796875
24463.720703125
24338.8037109375
24218.6142578125
24104.8857421875
23999.3671875
23903.818359375
23820.005859375
23749.6904296875
23694.623046875
23656.533203125
23637.12109375
23638.0546875
23660.9501953125
23707.3701171875
23778.8115234375
23876.6982421875
24002.365234375
24157.05859375
24341.916015625
24557.96484375
24806.1123046875
25087.1298828125
25401.65234375
25750.169921875
26133.0146484375
26550.3623046875
27002.2158203125
27488.4130859375
28008.611328125
28562.2890625
29148.748046875
29767.1015625
30416.2822265625
31095.04296875
31801.9541015625
32535.4111328125
33293.6396484375
34074.6962890625
34876.4814453125
35696.744140625
36533.09375
37383.005859375
38243.8388671875
39112.8447265625
39987.181640625
40863.9287109375
41740.1025390625
42612.669921875
43478.568359375
44334.7197265625
45178.048828125
46005.498046875
46814.0537109375
47600.7509765625
48362.703125
49097.1083984375
49801.2763671875
50472.6376953125
51108.763671875
51707.376953125
52266.3701171875
52783.818359375
53257.986328125
53687.3447265625
54070.5791015625
54406.59375
54694.525390625
54933.740234375
55123.8466796875
55264.689453125
55356.3583984375
55399.1767578125
55393.71484375
55340.7666015625
55241.361328125
55096.7451171875
54908.3779296875
54677.921875
54407.2314453125
54098.337890625
53753.44140625
53374.88671875
52965.16015625
52526.861328125
52062.6943359375
51575.447265625
51067.9716796875
50543.166015625
50003.9599609375
49453.2900390625
48894.0859375
48329.2490234375
47761.634765625
47194.03515625
46629.166015625
46069.6435546875
45517.97265625
44976.5341796875
44447.568359375
43933.1640625
43435.2470703125
42955.572265625
42495.7119140625
42057.0498046875
41640.77734375
41247.8896484375
40879.1767578125
40535.23046875
40216.4375
39922.9892578125
39654.875
39411.89453125
39193.65625
38999.5927734375
38828.962890625
38680.8623046875
38554.234375
38447.8818359375
38360.4775390625
38290.578125
38236.6396484375
38197.0244140625
38170.025390625
38153.875
38146.759765625
38146.8388671875
38152.2548828125
38161.1552734375
38171.6982421875
38182.0751953125
38190.51953125
38195.326171875
38194.853515625
38187.548828125
38171.94921875
38146.69921875
38110.552734375
38062.3916015625
38001.224609375
37926.197265625
37836.6015625
37731.8701171875
37611.591796875
37475.5048828125
37323.501953125
37155.6279296875
36972.0830078125
36773.216796875
36559.5244140625
36331.646484375
36090.361328125
35836.578125
35571.33203125
35295.775390625
35011.171875
34718.8798828125
34420.3564453125
34117.1328125
33810.8125
33503.0576171875
33195.5810546875
32890.126953125
32588.4716796875
32292.3974609375
32003.6923828125
31724.138671875
31455.4921875
31199.48046875
30957.787109375
30732.046875
30523.8271484375
30334.6259765625
30165.865234375
30018.87109375
29894.8779296875
29795.0146484375
29720.3037109375
29671.6513671875
29649.845703125
29655.548828125
29689.30078125
29751.51171875
29842.4599609375
29962.294921875
30111.0390625
30288.578125
30494.6767578125
30728.97265625
30990.98046875
31280.0966796875
31595.6044921875
31936.6806640625
32302.3955078125
32691.724609375
33103.552734375
33536.6845703125
33989.84375
34461.6904296875
34950.822265625
35455.78515625
35975.0830078125
36507.181640625
37050.5234375
37603.5263671875
38164.6025390625
38732.158203125
39304.6064453125
39880.369140625
40457.8916015625
41035.6416015625
41612.123046875
42185.875
42755.4794921875
43319.5712890625
43876.8349609375
44426.013671875
44965.91015625
45495.390625
46013.384765625
46518.89453125
47010.982421875
47488.78515625
47951.5087890625
48398.4248046875
48828.873046875
49242.2607421875
49638.0595703125
50015.8037109375
50375.0859375
50715.560546875
51036.93359375
51338.962890625
51621.45703125
51884.26953125
52127.2939453125
52350.46484375
52553.75
52737.15234375
52900.703125
53044.45703125
53168.4970703125
53272.92578125
53357.86328125
53423.447265625
53469.83203125
53497.1865234375
53505.6884765625
53495.53125
53466.921875
53420.07421875
53355.21875
53272.59375
53172.455078125
53055.0693359375
52920.71875
52769.7041015625
52602.3427734375
52418.97265625
52219.9501953125
52005.66015625
51776.5078125
51532.92578125
51275.376953125
51004.3515625
50720.3720703125
50423.9912109375
50115.7998046875
49796.416015625
49466.49609375
49126.73046875
48777.8408203125
48420.5859375
48055.75390625
47684.1669921875
47306.673828125
46924.1513671875
46537.501953125
46147.6494140625
45755.5361328125
45362.1201171875
44968.3701171875
44575.2626953125
44183.7763671875
43794.888671875
43409.5693359375
43028.77734375
42653.453125
42284.515625
41922.853515625
41569.328125
41224.7568359375
40889.9140625
40565.5283203125
40252.2724609375
39950.7568359375
39661.53515625
39385.087890625
39121.828125
38872.08984375
38636.130859375
38414.125
38206.1650390625
38012.255859375
37832.314453125
37666.1708984375
37513.5634765625
37374.14453125
37247.474609375
37133.0302734375
37030.1982421875
36938.2841796875
36856.51171875
36784.0283203125
36719.90625
36663.146484375
36612.6884765625
36567.4111328125
36526.1396484375
36487.6513671875
36450.685546875
36413.9443359375
36376.107421875
36335.837890625
36291.783203125
36242.5966796875
36186.9345703125
36123.470703125
36050.9072265625
35967.9794921875
35873.466796875
35766.201171875
35645.0810546875
35509.0751953125
35357.232421875
35188.693359375
35002.697265625
34798.58984375
34575.8330078125
34334.0087890625
34072.8310546875
33792.1494140625
33491.951171875
33172.3740234375
32833.70703125
32476.390625
32101.0234375
31708.3642578125
31299.328125
30874.9912109375
30436.5888671875
29985.5107421875
29523.298828125
29051.642578125
28572.375
28087.4638671875
27599.00390625
27109.2099609375
26620.40625
26135.01171875
25655.5361328125
25184.55859375
24724.71875
24278.7001953125
23849.216796875
23438.9951171875
23050.7607421875
22687.216796875
22351.02734375
22044.8076171875
21771.0927734375
21532.3349609375
21330.8720703125
21168.921875
21048.55859375
20971.697265625
20940.0791015625
20955.2578125
21018.5849609375
21131.193359375
21293.990234375
21507.64453125
21772.5751953125
22088.9482421875
22456.6650390625
22875.36328125
23344.4052734375
23862.8876953125
24429.630859375
25043.1875
25701.841796875
26403.6201171875
27146.2939453125
27927.388671875
28744.1943359375
29593.77734375
30472.998046875
31378.5166015625
32306.8193359375
33254.2275390625
34216.919921875
35190.9541015625
36172.279296875
37156.7666015625
38140.224609375
39118.4228515625
40087.1162109375
41042.0615234375
41979.046875
42893.9111328125
43782.5634765625
44641.009765625
45465.3701171875
46251.8994140625
46997.005859375
47697.27734375
48349.4833984375
48950.609375
49497.8583984375
49988.669921875
50420.7314453125
50791.9912109375
51100.666015625
51345.248046875
51524.51171875
51637.5205078125
51683.6298828125
51662.4833984375
51574.021484375
51418.470703125
51196.349609375
50908.4580078125
50555.8740234375
50139.943359375
49662.2783203125
49124.73828125
48529.4267578125
47878.6767578125
47175.0361328125
46421.255859375
45620.2763671875
44775.2109375
43889.330078125
42966.04296875
42008.88671875
41021.5048828125
40007.626953125
38971.0595703125
37915.662109375
36845.33203125
35763.984375
34675.5400390625
33583.9033203125
32492.9482421875
31406.5009765625
30328.32421875
29262.1025390625
28211.4267578125
27179.78125
26170.529296875
25186.8974609375
24231.97265625
23308.6787109375
22419.775390625
21567.845703125
20755.2880859375
19984.306640625
19256.9072265625
18574.890625
17939.8447265625
17353.1474609375
16815.9599609375
16329.2216796875
15893.65625
15509.7666015625
15177.837890625
14897.939453125
14669.9296875
14493.4541015625
14367.95703125
14292.6865234375
14266.69140625
14288.841796875
14357.830078125
14472.1796875
14630.25390625
14830.2666015625
15070.298828125
15348.294921875
15662.08984375
16009.41015625
16387.8916015625
16795.0849609375
17228.4765625
17685.4951171875
18163.5234375
18659.916015625
19172.001953125
19697.1103515625
20232.568359375
20775.71875
21323.9345703125
21874.62109375
22425.2333984375
22973.28515625
23516.349609375
24052.0791015625
24578.2080078125
25092.5537109375
25593.0380859375
26077.6767578125
26544.5947265625
26992.0283203125
27418.3251953125
27821.9521484375
28201.494140625
28555.6591796875
28883.2734375
29183.28515625
29454.767578125
29696.91015625
29909.0224609375
30090.53125
30240.9775390625
30360.009765625
30447.3896484375
30502.9775390625
30526.7373046875
30518.7275390625
30479.095703125
30408.080078125
30305.9951171875
30173.234375
30010.265625
29817.619140625
29595.890625
29345.728515625
29067.837890625
28762.970703125
28431.9189453125
28075.5166015625
27694.62890625
27290.1533203125
26863.015625
26414.162109375
25944.5595703125
25455.19140625
24947.0556640625
24421.16015625
23878.521484375
23320.1630859375
22747.111328125
22160.3974609375
21561.0517578125
20950.1025390625
20328.580078125
19697.5078125
19057.9052734375
18410.7900390625
17757.173828125
17098.0576171875
16434.44140625
15767.3134765625
15097.658203125
14426.4501953125
13754.654296875
13083.23046875
12413.12890625
11745.291015625
11080.6494140625
10420.126953125
9764.6376953125
9115.0869140625
8472.369140625
7837.369140625
7210.9599609375
6594.0048828125
5987.357421875
5391.85546875
4808.3251953125
4237.580078125
3680.4189453125
3137.625
2609.9638671875
2098.1875
1603.0244140625
1125.1875
665.36328125
224.220703125
-197.5986328125
-599.4794921875
-980.830078125
-1341.0947265625
-1679.744140625
-1996.28125
-2290.2470703125
-2561.2158203125
-2808.80078125
-3032.65625
-3232.4775390625
-3408.0009765625
-3559.0087890625
-3685.330078125
-3786.8408203125
-3863.462890625
-3915.169921875
-3941.9833984375
-3943.9765625
-3921.2734375
-3874.0478515625
-3802.5244140625
-3706.9794921875
-3587.7373046875
-3445.1728515625
-3279.7080078125
-3091.8095703125
-2881.9921875
-2650.8115234375
-2398.8662109375
-2126.79296875
-1835.263671875
-1524.98828125
-1196.7041015625
-851.1806640625
-489.2099609375
-111.6103515625
280.7802734375
687.1064453125
1106.498046875
1538.072265625
1980.9404296875
2434.2001953125
2896.9501953125
3368.2841796875
3847.294921875
4333.0751953125
4824.7236328125
5321.3369140625
5822.021484375
6325.884765625
6832.041015625
7339.6123046875
7847.72265625
8355.5009765625
8862.083984375
9366.611328125
9868.2236328125
10366.064453125
10859.2822265625
11347.0205078125
11828.42578125
12302.640625
12768.8076171875
13226.064453125
13673.5458984375
14110.384765625
14535.70703125
14948.640625
15348.30859375
15733.83203125
16104.3359375
16458.947265625
16796.7998046875
17117.0341796875
17418.8056640625
17701.283203125
17963.662109375
18205.15625
18425.015625
18622.5263671875
18797.017578125
18947.8662109375
19074.50390625
19176.42578125
19253.1943359375
19304.4482421875
19329.904296875
19329.369140625
19302.7421875
19250.0224609375
19171.3076171875
19066.810546875
18936.8505859375
18781.865234375
18602.4072265625
18399.1484375
18172.87890625
17924.5107421875
17655.0703125
17365.697265625
17057.6484375
16732.279296875
16391.052734375
16035.5224609375
15667.3291015625
15288.189453125
14899.8916015625
14504.2783203125
14103.23828125
13698.6943359375
13292.5927734375
12886.88671875
12483.5234375
12084.4345703125
11691.515625
11306.6171875
10931.5302734375
10567.974609375
10217.5791015625
9881.8779296875
9562.2919921875
9260.1240234375
8976.5439453125
8712.580078125
8469.1162109375
8246.87890625
8046.4345703125
7868.1875
7712.3740234375
7579.0654296875
7468.162109375
7379.400390625
7312.3564453125
7266.4462890625
7240.9375
7234.9521484375
7247.4765625
7277.3740234375
7323.3916015625
7384.177734375
7458.2861328125
7544.201171875
7640.3427734375
7745.0849609375
7856.76953125
7973.724609375
8094.2763671875
8216.7666015625
8339.564453125
8461.0859375
8579.8037109375
8694.2646484375
8803.0966796875
8905.0283203125
8998.892578125
9083.6396484375
9158.345703125
9222.2197265625
9274.6103515625
9315.0087890625
9343.052734375
9358.5322265625
9361.3828125
9351.6923828125
9329.6923828125
9295.76171875
9250.4169921875
9194.3076171875
9128.208984375
9053.0185546875
8969.740234375
8879.48046875
8783.4345703125
8682.8798828125
8579.1572265625
8473.66796875
8367.8544921875
8263.19140625
8161.1728515625
8063.30078125
7971.0703125
7885.9609375
7809.4248046875
7742.869140625
7687.658203125
7645.0908203125
7616.4013671875
7602.740234375
7605.177734375
7624.689453125
7662.15234375
7718.3408203125
7793.9189453125
7889.4423828125
8005.3515625
8141.9697265625
8299.509765625
8478.0634765625
8677.6103515625
8898.0166015625
9139.0400390625
9400.330078125
9681.435546875
9981.8046875
10300.796875
10637.6845703125
10991.658203125
11361.833984375
11747.265625
12146.947265625
12559.8193359375
12984.78125
13420.6953125
13866.3984375
14320.708984375
14782.4296875
15250.365234375
15723.3212890625
16200.115234375
16679.5849609375
17160.59375
17642.0390625
18122.85546875
18602.0234375
19078.572265625
19551.5888671875
20020.2197265625
20483.6728515625
20941.224609375
21392.224609375
21836.08984375
22272.3154296875
22700.4677734375
23120.1943359375
23531.21484375
23933.3251953125
24326.3974609375
24710.3740234375
25085.26953125
25451.166015625
25808.2080078125
26156.60546875
26496.6220703125
26828.5771484375
27152.8349609375
27469.8037109375
27779.931640625
28083.6953125
28381.603515625
28674.1796875
28961.9677734375
29245.5166015625
29525.3828125
29802.1171875
30076.2666015625
30348.3623046875
30618.9208984375
30888.43359375
31157.3662109375
31426.1533203125
31695.1953125
31964.8544921875
32235.4541015625
32507.271484375
32780.5439453125
33055.4580078125
33332.16015625
33610.744140625
33891.2626953125
34173.716796875
34458.068359375
34744.232421875
35032.0869140625
35321.4677734375
35612.1767578125
35903.984375
36196.626953125
36489.8203125
36783.2529296875
37076.59765625
37369.509765625
37661.63671875
37952.61328125
38242.0751953125
38529.65234375
38814.982421875
39097.705078125
39377.4677734375
39653.9326171875
39926.771484375
40195.671875
40460.33984375
40720.4951171875
40975.8798828125
41226.251953125
41471.390625
41711.091796875
41945.173828125
42173.4697265625
42395.828125
42612.119140625
42822.22265625
43026.0302734375
43223.453125
43414.4013671875
43598.802734375
43776.587890625
43947.693359375
44112.060546875
44269.6337890625
44420.3583984375
44564.1845703125
44701.0595703125
44830.9326171875
44953.75390625
45069.4755859375
45178.0498046875
45279.4326171875
45373.58203125
45460.4599609375
45540.0390625
45612.2978515625
45677.2216796875
45734.8115234375
45785.08203125
45828.064453125
45863.806640625
45892.3779296875
45913.8701171875
45928.396484375
45936.0986328125
45937.1435546875
45931.7255859375
45920.0654296875
45902.4140625
45879.05078125
45850.2783203125
45816.4267578125
45777.8515625
45734.9296875
45688.056640625
45637.640625
45584.107421875
45527.8876953125
45469.4189453125
45409.1328125
45347.458984375
45284.814453125
45221.599609375
45158.1904296875
45094.9375
45032.1572265625
44970.123046875
44909.0693359375
44849.177734375
44790.57421875
44733.3310546875
44677.4521484375
44622.8818359375
44569.4921875
44517.0869140625
44465.3994140625
44414.0908203125
44362.7529296875
44310.904296875
44258.0009765625
44203.4326171875
44146.52734375
44086.55859375
44022.75
43954.279296875
43880.2890625
43799.8916015625
43712.177734375
43616.2265625
43511.11328125
43395.91796875
43269.7373046875
43131.6943359375
42980.9462890625
42816.6962890625
42638.203125
42444.7880859375
42235.8486328125
42010.861328125
41769.396484375
41511.1171875
41235.7939453125
40943.306640625
40633.650390625
40306.935546875
39963.400390625
39603.4033203125
39227.4287109375
38836.0849609375
38430.1064453125
38010.3447265625
37577.7763671875
37133.48828125
36678.673828125
36214.634765625
35742.763671875
35264.5458984375
34781.5400390625
34295.3828125
33807.763671875
33320.427734375
32835.15625
32353.7607421875
31878.0712890625
31409.9189453125
30951.1357421875
30503.5341796875
30068.8994140625
29648.9794921875
29245.4716796875
28860.017578125
28494.1884765625
28149.4775390625
27827.296875
27528.9609375
27255.685546875
27008.5791015625
26788.640625
26596.7509765625
26433.669921875
26300.0341796875
26196.3544921875
26123.0146484375
26080.2705078125
26068.2470703125
26086.9453125
26136.2392578125
26215.8779296875
26325.4892578125
26464.583984375
26632.5576171875
26828.6953125
27052.177734375
27302.0849609375
27577.3994140625
27877.017578125
28199.75
28544.328125
28909.4150390625
29293.60546875
29695.4365234375
30113.3916015625
30545.908203125
30991.3828125
31448.1787109375
31914.62890625
32389.048828125
32869.734375
33354.970703125
33843.0390625
34332.2236328125
34820.810546875
35307.099609375
35789.4052734375
36266.0625
36735.43359375
37195.9072265625
37645.9091796875
38083.8984375
38508.380859375
38917.9052734375
39311.0673828125
39686.5166015625
40042.9609375
40379.162109375
40693.9443359375
40986.197265625
41254.875
41499.0009765625
41717.6689453125
41910.046875
42075.375
42212.9736328125
42322.236328125
42402.6376953125
42453.7333984375
42475.1572265625
42466.625
42427.9384765625
42358.974609375
42259.6982421875
42130.154296875
41970.470703125
41780.8525390625
41561.58984375
41313.0498046875
41035.6796875
40730.001953125
40396.615234375
40036.1904296875
39649.4716796875
39237.275390625
38800.48046875
38340.03515625
37856.9462890625
37352.2841796875
36827.1748046875
36282.7978515625
35720.3837890625
35141.21484375
34546.611328125
33937.9404296875
33316.6025390625
32684.0380859375
32041.7109375
31391.1171875
30733.7724609375
30071.21484375
29404.9951171875
28736.6748046875
28067.8251953125
27400.0205078125
26734.83203125
26073.82421875
25418.55859375
24770.5771484375
24131.4072265625
23502.552734375
22885.4921875
22281.6728515625
21692.509765625
21119.3759765625
20563.6025390625
20026.4755859375
19509.2265625
19013.0341796875
18539.0185546875
18088.236328125
17661.6767578125
17260.2626953125
16884.8408203125
16536.1845703125
16214.986328125
15921.8583984375
15657.3291015625
15421.8388671875
15215.744140625
15039.30859375
14892.70703125
14776.0234375
14689.2470703125
14632.279296875
14604.9267578125
14606.90625
14637.845703125
14697.28125
14784.666015625
14899.3642578125
15040.6630859375
15207.765625
15399.8037109375
15615.8349609375
15854.8486328125
16115.7724609375
16397.47265625
16698.7626953125
17018.4072265625
17355.126953125
17707.6064453125
18074.4921875
18454.4140625
18845.970703125
19247.751953125
19658.33984375
20076.3095703125
20500.2412109375
20928.7255859375
21360.36328125
21793.77734375
22227.6162109375
22660.5546875
23091.3076171875
23518.62109375
23941.2900390625
24358.1552734375
24768.10546875
25170.0810546875
25563.0830078125
25946.166015625
26318.4453125
26679.0986328125
27027.36328125
27362.5419921875
27683.998046875
27991.162109375
28283.525390625
28560.6376953125
28822.1171875
29067.6357421875
29296.9296875
29509.7841796875
29706.048828125
29885.6201171875
30048.4453125
30194.5224609375
30323.8955078125
30436.6533203125
30532.923828125
30612.875
30676.7138671875
30724.6826171875
30757.05078125
30774.126953125
30776.2451171875
30763.763671875
30737.072265625
30696.583984375
30642.7333984375
30575.9794921875
30496.8046875
30405.7080078125
30303.212890625
30189.865234375
30066.2255859375
29932.87890625
29790.4287109375
29639.498046875
29480.732421875
29314.794921875
29142.3701171875
28964.1630859375
28780.896484375
28593.318359375
28402.1884765625
28208.2900390625
28012.4228515625
27815.4033203125
27618.0625
27421.24609375
27225.80859375
27032.6181640625
26842.5458984375
26656.4697265625
26475.2646484375
26299.8046875
26130.95703125
25969.5751953125
25816.4990234375
25672.5478515625
25538.515625
25415.1640625
25303.21875
25203.3662109375
25116.24609375
25042.4423828125
24982.4853515625
24936.83984375
24905.90625
24890.0087890625
24889.396484375
24904.2373046875
24934.6123046875
24980.517578125
25041.8564453125
25118.4404296875
25209.984375
25316.1123046875
25436.349609375
25570.1318359375
25716.796875
25875.5966796875
26045.6943359375
26226.1708984375
26416.02734375
26614.1953125
26819.5361328125
27030.85546875
27246.9072265625
27466.400390625
27688.009765625
27910.3876953125
28132.1708984375
28351.9912109375
28568.486328125
28780.3115234375
28986.1494140625
29184.71875
29374.7900390625
29555.189453125
29724.8134765625
29882.6396484375
30027.7294921875
30159.2412109375
30276.435546875
30378.6845703125
30465.4775390625
30536.421875
30591.2509765625
30629.8251953125
30652.134765625
30658.2998046875
30648.5673828125
30623.3115234375
30583.0322265625
30528.345703125
30459.984375
30378.78515625
30285.6865234375
30181.71875
30067.9873046875
29945.6748046875
29816.01953125
29680.3076171875
29539.861328125
29396.0234375
29250.1455078125
29103.576171875
28957.6435546875
28813.6474609375
28672.8408203125
28536.421875
28405.5166015625
28281.171875
28164.34375
28055.8828125
27956.5302734375
27866.908203125
27787.5107421875
27718.701171875
27660.7041015625
27613.6064453125
27577.3486328125
27551.732421875
27536.4150390625
27530.916015625
27534.6162109375
27546.767578125
27566.494140625
27592.8056640625
27624.599609375
27660.677734375
27699.748046875
27740.4482421875
27781.3466796875
27820.9619140625
27857.7763671875
27890.2490234375
27916.828125
27935.9736328125
27946.1591796875
27945.8984375
27933.755859375
27908.3603515625
27868.416015625
27812.72265625
27740.1806640625
27649.8076171875
27540.7490234375
27412.283203125
27263.8349609375
27094.9833984375
26905.4638671875
26695.17578125
26464.1865234375
26212.7333984375
25941.2265625
25650.2431640625
25340.5302734375
25013.0048828125
24668.7392578125
24308.96875
23935.0712890625
23548.572265625
23151.1240234375
22744.5048828125
22330.6015625
21911.4013671875
21488.9775390625
21065.4775390625
20643.1064453125
20224.1142578125
19810.783203125
19405.4072265625
19010.2822265625
18627.6875
18259.873046875
17909.044921875
17577.3447265625
17266.84375
16979.5234375
16717.2626953125
16481.8310546875
16274.865234375
16097.87109375
15952.203125
15839.0625
15759.4814453125
15714.32421875
15704.2724609375
15729.8291015625
15791.3037109375
15888.8203125
16022.306640625
16191.4990234375
16395.943359375
16634.990234375
16907.8076171875
17213.3720703125
17550.490234375
17917.787109375
18313.7265625
18736.611328125
19184.595703125
19655.693359375
20147.7900390625
20658.650390625
21185.931640625
21727.19921875
22279.935546875
22841.5537109375
23409.4111328125
23980.8251953125
24553.0849609375
25123.466796875
25689.24609375
26247.716796875
26796.1962890625
27332.0498046875
27852.6953125
28355.619140625
28838.3916015625
29298.6767578125
29734.2412109375
30142.97265625
30522.8818359375
30872.119140625
31188.9765625
31471.9052734375
31719.5107421875
31930.5703125
32104.033203125
32239.0234375
32334.8486328125
32390.998046875
32407.1455078125
32383.15234375
32319.0625
32215.1083984375
32071.697265625
31889.423828125
31669.0498046875
31411.5126953125
31117.9111328125
30789.5
30427.689453125
30034.029296875
29610.201171875
29158.015625
28679.396484375
28176.3701171875
27651.05859375
27105.666015625
26542.4697265625
25963.8046875
25372.0546875
24769.638671875
24159.0
23542.5947265625
22922.8779296875
22302.294921875
21683.2646484375
21068.1748046875
20459.3662109375
19859.125
19269.66796875
18693.1416015625
18131.603515625
17587.0205078125
17061.2578125
16556.0712890625
16073.1044921875
15613.87890625
15179.791015625
14772.1083984375
14391.9638671875
14040.35546875
13718.142578125
13426.048828125
13164.6533203125
12934.400390625
12735.5966796875
12568.412109375
12432.8818359375
12328.916015625
12256.2939453125
12214.6767578125
12203.6083984375
12222.521484375
12270.7451171875
12347.509765625
12451.955078125
12583.134765625
12740.025390625
12921.53515625
13126.509765625
13353.736328125
13601.9609375
13869.8828125
14156.173828125
14459.4775390625
14778.41796875
15111.6083984375
15457.654296875
15815.1591796875
16182.7353515625
16558.9990234375
16942.5849609375
17332.142578125
17726.3427734375
18123.880859375
18523.478515625
18923.8837890625
19323.875
19722.2626953125
20117.8837890625
20509.609375
20896.3388671875
21277.00390625
21650.5634765625
22016.0048828125
22372.3408203125
22718.611328125
23053.8779296875
23377.2265625
23687.7626953125
23984.6142578125
24266.9248046875
24533.8583984375
24784.5947265625
25018.333984375
25234.29296875
25431.705078125
25609.82421875
25767.927734375
25905.3134765625
26021.3056640625
26115.2568359375
26186.55078125
26234.607421875
26258.8876953125
26258.8935546875
26234.1796875
26184.3525390625
26109.080078125
26008.09375
25881.1923828125
25728.2568359375
25549.2431640625
25344.197265625
25113.25
24856.634765625
24574.67578125
24267.8046875
23936.556640625
23581.5712890625
23203.5966796875
22803.4912109375
22382.216796875
21940.8427734375
21480.54296875
21002.5869140625
20508.341796875
19999.2626953125
19476.88671875
18942.8251953125
18398.755859375
17846.4111328125
17287.5693359375
16724.044921875
16157.669921875
15590.291015625
15023.74609375
14459.859375
13900.4228515625
13347.18359375
12801.828125
12265.974609375
11741.1494140625
11228.7822265625
10730.1923828125
10246.57421875
9778.9873046875
9328.345703125
8895.4111328125
8480.78515625
8084.8984375
7708.01171875
7350.2080078125
7011.3916015625
6691.291015625
6389.4521484375
6105.248046875
5837.8828125
5586.3935546875
5349.66015625
5126.4169921875
4915.2578125
4714.654296875
4522.9619140625
4338.4404296875
4159.265625
3983.5498046875
3809.3544921875
3634.7099609375
3457.634765625
3276.15234375
3088.3115234375
2892.203125
2685.982421875
2467.8818359375
2236.234375
1989.4873046875
1726.2197265625
1445.1552734375
1145.1806640625
825.3564453125
484.92578125
123.3310546875
-259.78125
-664.5556640625
-1090.9189453125
-1538.57421875
-2007.00390625
-2495.46875
-3003.0048828125
-3528.431640625
-4070.3515625
-4627.1640625
-5197.064453125
-5778.0615234375
-6367.9814453125
-6964.4873046875
-7565.0830078125
-8167.138671875
-8767.8994140625
-9364.5009765625
-9953.9921875
-10533.3466796875
-11099.486328125
-11649.2978515625
-12179.650390625
-12687.4140625
-13169.482421875
-13622.7861328125
-14044.318359375
-14431.14453125
-14780.4248046875
-15089.4306640625
-15355.5576171875
-15576.3447265625
-15749.48828125
-15872.8525390625
-15944.4833984375
-15962.62109375
-15925.7099609375
-15832.404296875
-15681.58203125
-15472.3447265625
-15204.0283203125
-14876.2041015625
-14488.6826171875
-14041.5166015625
-13534.9951171875
-12969.65625
-12346.265625
-11665.83203125
-10929.591796875
-10139.0068359375
-9295.759765625
-8401.7392578125
-7459.0419921875
-6469.9580078125
-5436.9599609375
-4362.6953125
-3249.9716796875
-2101.744140625
-921.1083984375
288.71875
1524.412109375
2782.546875
4059.6201171875
5352.0634765625
6656.25390625
7968.5322265625
9285.216796875
10602.6201171875
11917.0615234375
13224.8828125
14522.4619140625
15806.2294921875
17072.6767578125
18318.376953125
19539.9921875
20734.2880859375
21898.1455078125
23028.572265625
24122.7119140625
25177.85546875
26191.451171875
27161.111328125
28084.619140625
28959.9384765625
29785.2197265625
30558.802734375
31279.2236328125
31945.21484375
32555.7138671875
33109.8623046875
33607.0009765625
34046.6845703125
34428.6640625
34752.9013671875
35019.5537109375
35228.9833984375
35381.744140625
35478.5830078125
35520.4306640625
35508.4052734375
35443.794921875
35328.05859375
35162.8173828125
34949.84765625
34691.0703125
34388.546875
34044.4658203125
33661.138671875
33240.9853515625
32786.52734375
32300.3818359375
31785.2392578125
31243.8662109375
30679.08984375
30093.78125
29490.85546875
28873.2529296875
28243.9287109375
27605.8466796875
26961.9599609375
26315.20703125
25668.498046875
25024.7041015625
24386.6435546875
23757.07421875
23138.68359375
22534.0703125
21945.7451171875
21376.11328125
20827.462890625
20301.9638671875
19801.6474609375
19328.41015625
18883.9912109375
18469.9755859375
18087.783203125
17738.6611328125
17423.6787109375
17143.7177734375
16899.478515625
16691.46484375
16519.9853515625
16385.154296875
16286.88671875
16224.8974609375
16198.70703125
16207.638671875
16250.82421875
16327.2041015625
16435.5400390625
16574.4111328125
16742.2333984375
16937.25390625
17157.5712890625
17401.1416015625
17665.7890625
17949.2216796875
18249.0361328125
18562.740234375
18887.763671875
19221.47265625
19561.1845703125
19904.18359375
20247.7392578125
20589.12109375
20925.61328125
21254.5341796875
21573.2470703125
21879.1826171875
22169.8466796875
22442.8427734375
22695.87890625
22926.7861328125
23133.52734375
23314.2119140625
23467.1044921875
23590.6337890625
23683.40234375
23744.1923828125
23771.9716796875
23765.8994140625
23725.3251953125
23649.796875
23539.0537109375
23393.033203125
23211.8603515625
22995.849609375
22745.498046875
22461.484375
22144.6494140625
21796.001953125
21416.7001953125
21008.0439453125
20571.46875
20108.525390625
19620.876953125
19110.2783203125
18578.5712890625
18027.6669921875
17459.529296875
16876.171875
16279.63671875
15671.984375
15055.2802734375
14431.5849609375
13802.9443359375
13171.3720703125
12538.8447265625
11907.291015625
11278.5859375
10654.53515625
10036.875
9427.2685546875
8827.287109375
8238.421875
7662.0712890625
7099.5390625
6552.03515625
6020.671875
5506.466796875
5010.33984375
4533.1171875
4075.53125
3638.2265625
3221.7568359375
2826.59375
2453.12890625
2101.6787109375
1772.486328125
1465.7294921875
1181.525390625
919.9306640625
680.9521484375
464.5498046875
270.640625
99.10546875
-50.2099609375
-177.4853515625
-282.9267578125
-366.759765625
-429.2255859375
-470.5810546875
-491.0888671875
-491.021484375
-470.6572265625
-430.2724609375
-370.1484375
-290.5634765625
-191.7919921875
-74.107421875
62.220703125
216.9287109375
389.7587890625
580.455078125
788.767578125
1014.44921875
1257.2587890625
1516.955078125
1793.2998046875
2086.052734375
2394.9794921875
2719.8359375
3060.3798828125
3416.3603515625
3787.525390625
4173.611328125
4574.34375
4989.4423828125
5418.6103515625
5861.53515625
6317.89453125
6787.341796875
7269.5166015625
7764.033203125
8270.4892578125
8788.4541015625
9317.474609375
9857.0732421875
10406.7421875
10965.947265625
11534.1259765625
12110.6865234375
12695.0048828125
13286.4267578125
13884.2705078125
14487.8203125
15096.330078125
15709.0244140625
16325.09765625
16943.7158203125
17564.015625
18185.109375
18806.0810546875
19425.9951171875
20043.890625
20658.7890625
21269.6953125
21875.5966796875
22475.47265625
23068.291015625
23653.0146484375
24228.6044921875
24794.0185546875
25348.2216796875
25890.1875
26418.8955078125
26933.3466796875
27432.5537109375
27915.5537109375
28381.41015625
28829.212890625
29258.0849609375
29667.1845703125
30055.7080078125
30422.8935546875
30768.0224609375
31090.4248046875
31389.478515625
31664.61328125
31915.3134765625
32141.119140625
32341.6259765625
32516.490234375
32665.4287109375
32788.2177734375
32884.6962890625
32954.7685546875
32998.3984375
33015.619140625
33006.5224609375
32971.26953125
32910.0830078125
32823.2529296875
32711.1328125
32574.138671875
32412.755859375
32227.5283203125
32019.0693359375
31788.05078125
31535.208984375
31261.345703125
30967.3203125
30654.05859375
30322.54296875
29973.8193359375
29608.9892578125
29229.216796875
28835.720703125
28429.7763671875
28012.712890625
27585.9130859375
27150.8095703125
26708.8837890625
26261.66015625
25810.7109375
25357.6416015625
24904.0986328125
24451.7548828125
24002.3134765625
23557.4951171875
23119.041015625
22688.7001953125
22268.224609375
21859.36328125
21463.85546875
21083.4208984375
20719.7529296875
20374.51171875
20049.3125
19745.7158203125
19465.2236328125
19209.267578125
18979.1923828125
18776.2607421875
18601.6318359375
18456.3564453125
18341.37109375
18257.4833984375
18205.3671875
18185.5576171875
18198.4384765625
18244.2412109375
18323.0341796875
18434.7216796875
18579.0390625
18755.546875
18963.6357421875
19202.517578125
19471.2294921875
19768.6396484375
20093.4375
20444.1513671875
20819.1455078125
21216.6259765625
21634.6513671875
22071.1396484375
22523.876953125
22990.5234375
23468.63671875
23955.671875
24449.0
24945.9228515625
25443.6826171875
25939.4794921875
26430.4892578125
26913.875
27386.802734375
27846.458984375
28290.0654296875
28714.89453125
29118.28515625
29497.6533203125
29850.51171875
30174.4775390625
30467.2919921875
30726.822265625
30951.08203125
31138.234375
31286.6015625
31394.6748046875
31461.119140625
31484.7783203125
31464.67578125
31400.0244140625
31290.2158203125
31134.8349609375
30933.6455078125
30686.595703125
30393.810546875
30055.587890625
29672.3955078125
29244.8603515625
28773.76171875
28260.02734375
27704.7177734375
27109.021484375
26474.2431640625
25801.794921875
25093.1826171875
24349.9990234375
23573.91015625
22766.646484375
21929.9892578125
21065.7666015625
20175.833984375
19262.0751953125
18326.388671875
17370.67578125
16396.8388671875
15406.771484375
14402.3505859375
13385.4365234375
12357.861328125
11321.431640625
10277.9169921875
9229.0546875
8176.548828125
7122.0615234375
6067.22265625
5013.6181640625
3962.8056640625
2916.302734375
1875.5986328125
842.150390625
-182.6123046875
-1197.283203125
-2200.4755859375
-3190.82421875
-4166.974609375
-5127.5859375
-6071.3251953125
-6996.8642578125
-7902.87890625
-8788.0458984375
-9651.037109375
-10490.5302734375
-11305.19140625
-12093.689453125
-12854.6884765625
-13586.8505859375
-14288.8388671875
-14959.3173828125
-15596.95703125
-16200.4384765625
-16768.453125
-17299.712890625
-17792.9521484375
-18246.935546875
-18660.4638671875
-19032.3798828125
-19361.576171875
-19647.0048828125
-19887.6826171875
-20082.6982421875
-20231.2236328125
-20332.517578125
-20385.9375
-20390.9453125
-20347.1142578125
-20254.134765625
-20111.8251953125
-19920.134765625
-19679.1494140625
-19389.0927734375
-19050.3427734375
-18663.416015625
-18228.9892578125
-17747.884765625
-17221.0830078125
-16649.7158203125
-16035.064453125
-15378.5634765625
-14681.7900390625
-13946.462890625
-13174.44140625
-12367.708984375
-11528.3779296875
-10658.669921875
-9760.9150390625
-8837.5439453125
-7891.068359375
-6924.07421875
-5939.2197265625
-4939.20703125
-3926.783203125
-2904.720703125
-1875.8076171875
-842.8369140625
191.4130859375
1224.1845703125
2252.755859375
3274.4501953125
4286.6533203125
5286.8193359375
6272.4814453125
7241.2646484375
8190.8935546875
9119.1982421875
10024.1279296875
10903.75
11756.2607421875
12579.9892578125
13373.3984375
14135.08984375
14863.80859375
15558.4365234375
16217.99609375
16841.65234375
17428.7060546875
17978.591796875
18490.8740234375
18965.2451171875
19401.5185546875
19799.623046875
20159.595703125
20481.578125
20765.8046875
21012.60546875
21222.38671875
21395.62890625
21532.8837890625
21634.763671875
21701.9306640625
21735.0986328125
21735.0185546875
21702.4833984375
21638.3134765625
21543.3544921875
21418.478515625
21264.5732421875
21082.5478515625
20873.32421875
20637.8408203125
20377.0478515625
20091.916015625
19783.4248046875
19452.57421875
19100.3857421875
18727.9013671875
18336.19140625
17926.353515625
17499.517578125
17056.85546875
16599.5751953125
16128.9365234375
15646.2470703125
15152.865234375
14650.21484375
14139.7744140625
13623.0908203125
13101.7763671875
12577.51171875
12052.046875
11527.201171875
11004.86328125
10486.9892578125
9975.59765625
9472.771484375
8980.6484375
8501.416015625
8037.3076171875
7590.5908203125
7163.5634765625
6758.5400390625
6377.8447265625
6023.79296875
5698.6884765625
5404.80859375
5144.3837890625
4919.58984375
4732.5380859375
4585.2490234375
4479.6484375
4417.55078125
4400.6396484375
4430.4619140625
4508.40625
4635.7001953125
4813.3857421875
5042.3203125
5323.15625
5656.3388671875
6042.09375
6480.423828125
6971.0986328125
7513.65625
8107.3984375
8751.3857421875
9444.4443359375
10185.1640625
10971.904296875
11802.7978515625
12675.7587890625
13588.4892578125
14538.4921875
15523.080078125
16539.38671875
17584.38671875
18654.9013671875
19747.6220703125
20859.125
21985.8896484375
23124.310546875
24270.7294921875
25421.439453125
26572.7138671875
27720.82421875
28862.0595703125
29992.7412109375
31109.248046875
32208.0302734375
33285.6318359375
34338.703125
35364.017578125
36358.4912109375
37319.1904296875
38243.3505859375
39128.388671875
39971.9052734375
40771.7060546875
41525.80078125
42232.4130859375
42889.9892578125
43497.19140625
44052.916015625
44556.2783203125
45006.6259765625
45403.5263671875
45746.7744140625
46036.375
46272.5546875
46455.7392578125
46586.5546875
46665.8193359375
46694.53125
46673.861328125
46605.1376953125
46489.8408203125
46329.587890625
46126.1201171875
45881.2939453125
45597.060546875
45275.4619140625
44918.615234375
44528.693359375
44107.919921875
43658.5537109375
43182.8740234375
42683.171875
42161.7353515625
41620.837890625
41062.7294921875
40489.6259765625
39903.697265625
39307.0556640625
38701.75390625
38089.7705078125
37473.0078125
36853.2802734375
36232.306640625
35611.716796875
34993.033203125
34377.6708984375
33766.9404296875
33162.0400390625
32564.052734375
31973.9501953125
31392.58984375
30820.712890625
30258.9521484375
29707.8271484375
29167.75
28639.029296875
28121.87109375
27616.384765625
27122.5869140625
26640.408203125
26169.6982421875
25710.2294921875
25261.7080078125
24823.7763671875
24396.0234375
23977.9873046875
23569.169921875
23169.0400390625
22777.0361328125
22392.5849609375
22015.1005859375
21643.9951171875
21278.6845703125
20918.5966796875
20563.1796875
20211.904296875
19864.275390625
19519.8310546875
19178.15625
18838.87890625
18501.6796875
18166.296875
17832.5234375
17500.216796875
17169.294921875
16839.7412109375
16511.6025390625
16184.9931640625
15860.08984375
15537.1337890625
15216.4287109375
14898.3349609375
14583.2724609375
14271.7119140625
13964.173828125
13661.224609375
13363.46875
13071.5478515625
12786.1318359375
12507.9169921875
12237.6142578125
11975.9501953125
11723.65625
11481.46484375
11250.103515625
11030.287109375
10822.7119140625
10628.052734375
10446.9560546875
10280.033203125
10127.8564453125
9990.9560546875
9869.8134765625
9764.859375
9676.466796875
9604.9501953125
9550.564453125
9513.501953125
9493.8828125
9491.763671875
9507.1318359375
9539.9033203125
9589.921875
9656.9599609375
9740.7216796875
9840.8359375
9956.861328125
10088.28515625
10234.5302734375
10394.9423828125
10568.806640625
10755.3388671875
10953.6923828125
11162.9541015625
11382.15234375
11610.2568359375
11846.1767578125
12088.7705078125
12336.841796875
12589.142578125
12844.3798828125
13101.216796875
13358.2724609375
13614.1318359375
13867.3427734375
14116.42578125
14359.8759765625
14596.166015625
14823.755859375
15041.0947265625
15246.625
15438.798828125
15616.0732421875
15776.9248046875
15919.8544921875
16043.3974609375
16146.1318359375
16226.685546875
16283.75
16316.0849609375
16322.5341796875
16302.0302734375
16253.607421875
16176.4130859375
16069.7158203125
15932.916015625
15765.556640625
15567.3349609375
15338.10546875
15077.89453125
14786.90234375
14465.517578125
14114.31640625
13734.0673828125
13325.7431640625
12890.513671875
12429.75390625
11945.0361328125
11438.140625
10911.0390625
10365.8974609375
9805.0693359375
9231.0810546875
8646.6328125
8054.5771484375
7457.91015625
6859.7587890625
6263.359375
5672.0458984375
5089.2265625
4518.3662109375
3962.9658203125
3426.537109375
2912.5830078125
2424.57421875
1965.921875
1539.9609375
1149.919921875
798.896484375
489.841796875
225.5302734375
8.541015625
-158.763671875
-274.255859375
-336.0634765625
-342.58203125
-292.49609375
-184.7861328125
-18.7412109375
206.0283203125
489.5927734375
831.689453125
1231.728515625
1688.7861328125
2201.615234375
2768.6455078125
3387.9931640625
4057.4677734375
4774.5888671875
5536.59765625
6340.470703125
7182.9462890625
8060.5341796875
8969.5419921875
9906.0986328125
10866.1728515625
11845.6083984375
12840.134765625
13845.4072265625
14857.025390625
15870.55859375
16881.5791015625
17885.681640625
18878.51171875
19855.791015625
20813.3369140625
21747.095703125
22653.1513671875
23527.75390625
24367.337890625
25168.537109375
25928.201171875
26643.4111328125
27311.4912109375
27930.0146484375
28496.8203125
29010.013671875
29467.97265625
29869.3515625
30213.0849609375
30498.3798828125
30724.724609375
30891.8759765625
30999.859375
31048.962890625
31039.73046875
30972.9482421875
30849.6455078125
30671.0712890625
30438.69921875
30154.203125
29819.44921875
29436.490234375
29007.5439453125
28534.982421875
28021.3251953125
27469.2216796875
26881.435546875
26260.83984375
25610.3984375
24933.15625
24232.228515625
23510.7822265625
22772.037109375
22019.2412109375
21255.66796875
20484.6064453125
19709.3408203125
18933.15625
18159.3134765625
17391.0498046875
16631.5625
15884.0048828125
15151.47265625
14436.9990234375
13743.5400390625
13073.97265625
12431.080078125
11817.5419921875
11235.9326171875
10688.7060546875
10178.1904296875
9706.576171875
9275.9091796875
8888.0888671875
8544.8466796875
8247.751953125
7998.1943359375
7797.38671875
7646.345703125
7545.8984375
7496.6689453125
7499.078125
7553.3369140625
7659.4404296875
7817.1728515625
8026.1005859375
8285.5712890625
8594.7158203125
8952.4541015625
9357.4892578125
9808.31640625
10303.2275390625
10840.318359375
11417.4921875
12032.47265625
12682.8095703125
13365.890625
14078.9560546875
14819.1064453125
15583.3203125
16368.46484375
17171.3154296875
17988.5693359375
18816.8603515625
19652.779296875
20492.884765625
21333.7294921875
22171.8720703125
23003.8916015625
23826.4111328125
24636.111328125
25429.7451171875
26204.158203125
26956.2978515625
27683.232421875
28382.16015625
29050.427734375
29685.533203125
30285.14453125
30847.099609375
31369.4228515625
31850.3251953125
32288.208984375
32681.673828125
33029.51953125
33330.7412109375
33584.5390625
33790.2998046875
33947.6123046875
34056.248046875
34116.1650390625
34127.49609375
34090.54296875
34005.7685546875
33873.7841796875
33695.3447265625
33471.3330078125
33202.7568359375
32890.7255859375
32536.44921875
32141.224609375
31706.4189453125
31233.46484375
30723.8466796875
30179.0888671875
29600.7470703125
28990.3984375
28349.6318359375
27680.0390625
26983.2099609375
26260.7236328125
25514.138671875
24744.9970703125
23954.810546875
23145.0625
22317.2041015625
21472.654296875
20612.7958984375
19738.9775390625
18852.5146484375
17954.689453125
17046.75390625
16129.93359375
15205.427734375
14274.4169921875
13338.0625
12397.5146484375
11453.9140625
10508.396484375
9562.1005859375
8616.1650390625
7671.7412109375
6729.9892578125
5792.0859375
4859.228515625
3932.6298828125
3013.5302734375
2103.1923828125
1202.90234375
313.9736328125
-562.2607421875
-1424.4423828125
-2271.1943359375
-3101.12109375
-3912.81640625
-4704.8623046875
-5475.8408203125
-6224.3330078125
-6948.9296875
-7648.2353515625
-8320.8798828125
-8965.5185546875
-9580.8515625
-10165.62109375
-10718.623046875
-11238.7216796875
-11724.849609375
-12176.01953125
-12591.333984375
-12969.990234375
-13311.2890625
-13614.64453125
-13879.5830078125
-14105.7568359375
-14292.9462890625
-14441.0615234375
-14550.1474609375
-14620.3916015625
-14652.115234375
-14645.7841796875
-14602.001953125
-14521.51171875
-14405.189453125
-14254.05078125
-14069.2333984375
-13852.0009765625
-13603.7353515625
-13325.9248046875
-13020.1611328125
-12688.130859375
-12331.6025390625
-11952.4189453125
-11552.484375
-11133.755859375
-10698.232421875
-10247.9384765625
-9784.9150390625
-9311.2119140625
-8828.861328125
-8339.88671875
-7846.271484375
-7349.9580078125
-6852.833984375
-6356.72265625
-5863.3662109375
-5374.42578125
-4891.4658203125
-4415.947265625
-3949.2197265625
-3492.513671875
-3046.939453125
-2613.474609375
-2192.9638671875
-1786.1171875
-1393.5048828125
-1015.556640625
-652.5595703125
-304.6630859375
28.1259765625
345.9375
649.03515625
937.81640625
1212.806640625
1474.650390625
1724.1142578125
1962.0732421875
2189.5078125
2407.49609375
2617.2109375
2819.9052734375
3016.9091796875
3209.6201171875
3399.494140625
3588.04296875
3776.81640625
3967.40234375
4161.41015625
4360.4736328125
4566.2294921875
4780.318359375
5004.373046875
5240.0107421875
5488.8232421875
5752.373046875
6032.177734375
6329.7109375
6646.3916015625
6983.572265625
7342.53515625
7724.486328125
8130.54296875
8561.7333984375
9018.9814453125
9503.1083984375
10014.818359375
10554.6982421875
11123.20703125
11720.6708984375
12347.2783203125
13003.07421875
13687.953125
14401.658203125
15143.771484375
15913.71484375
16710.744140625
17533.9482421875
18382.248046875
19254.3896484375
20148.9521484375
21064.3408203125
21998.7958984375
22950.388671875
23917.0263671875
24896.4609375
25886.291015625
26883.9677734375
27886.80859375
28892.0009765625
29896.6123046875
30897.609375
31891.86328125
32876.1669921875
33847.25
34801.7958984375
35736.4560546875
36647.87109375
37532.689453125
38387.583984375
39209.279296875
39994.55859375
40740.3037109375
41443.498046875
42101.2587890625
42710.8525390625
43269.71875
43775.4892578125
44226.0029296875
44619.3330078125
44953.794921875
45227.96875
45440.708984375
45591.166015625
45678.78515625
45703.3291015625
45664.8759765625
45563.8310546875
45400.9267578125
45177.2265625
44894.1220703125
44553.328125
44156.8857421875
43707.1416015625
43206.748046875
42658.6455078125
42066.05078125
41432.4375
40761.5205078125
40057.2314453125
39323.7021484375
38565.2333984375
37786.279296875
36991.41015625
36185.2939453125
35372.6640625
34558.2890625
33746.9501953125
32943.4052734375
32152.36328125
31378.455078125
30626.205078125
29900.00390625
29204.0849609375
28542.4931640625
27919.068359375
27337.4189453125
26800.904296875
26312.6123046875
25875.3486328125
25491.619140625
25163.615234375
24893.2119140625
24681.953125
24531.0498046875
24441.3759765625
24413.4716796875
24447.5400390625
24543.451171875
24700.7568359375
24918.6884765625
25196.1728515625
25531.8427734375
25924.05078125
26370.8857421875
26870.185546875
27419.5595703125
28016.4033203125
28657.9208984375
29341.1435546875
30062.9501953125
30820.0859375
31609.189453125
32426.8037109375
33269.408203125
34133.4248046875
35015.2548828125
35911.279296875
36817.8896484375
37731.498046875
38648.556640625
39565.5732421875
40479.119140625
41385.84765625
42282.5029296875
43165.9287109375
44033.080078125
44881.029296875
45706.96875
46508.224609375
47282.2509765625
48026.6396484375
48739.119140625
49417.55859375
50059.96484375
50664.482421875
51229.3955078125
51753.123046875
52234.21875
52671.3701171875
53063.3896484375
53409.22265625
53707.9326171875
53958.7080078125
54160.8544921875
54313.794921875
54417.0634765625
54470.3076171875
54473.2841796875
54425.857421875
54327.99609375
54179.77734375
53981.380859375
53733.0908203125
53435.29296875
53088.478515625
52693.2412109375
52250.27734375
51760.3857421875
51224.4716796875
50643.54296875
50018.7080078125
49351.181640625
48642.2822265625
47893.4267578125
47106.134765625
46282.029296875
45422.822265625
44530.326171875
43606.4443359375
42653.1689453125
41672.572265625
40666.80859375
39638.10546875
38588.7548828125
37521.1103515625
36437.580078125
35340.6162109375
34232.705078125
33116.365234375
31994.12890625
30868.5419921875
29742.14453125
28617.4658203125
27497.015625
26383.26953125
25278.66015625
24185.5673828125
23106.310546875
22043.130859375
20998.1923828125
19973.5634765625
18971.2158203125
17993.0126953125
17040.7001953125
16115.90625
15220.1298828125
14354.7373046875
13520.9599609375
12719.8876953125
11952.4736328125
11219.521484375
10521.697265625
9859.51953125
9233.37109375
8643.48828125
8089.978515625
7572.8125
7091.8359375
6646.7685546875
6237.21875
5862.681640625
5522.5498046875
5216.1240234375
4942.611328125
4701.1435546875
4490.7802734375
4310.515625
4159.2890625
4035.9931640625
3939.482421875
3868.578125
3822.080078125
3798.767578125
3797.4140625
3816.7841796875
3855.650390625
3912.7890625
3986.9892578125
4077.056640625
4181.8203125
4300.1259765625
4430.8515625
4572.8984375
4725.201171875
4886.7216796875
5056.4541015625
5233.4228515625
5416.6845703125
5605.32421875
5798.45703125
5995.2275390625
6194.8037109375
6396.384765625
6599.1865234375
6802.4521484375
7005.4453125
7207.4482421875
7407.7607421875
7605.7021484375
7800.607421875
7991.8271484375
8178.7265625
8360.6884765625
8537.111328125
8707.41015625
8871.017578125
9027.3857421875
9175.9873046875
9316.3193359375
9447.9013671875
9570.2841796875
9683.048828125
9785.8095703125
9878.2197265625
9959.970703125
10030.80078125
10090.494140625
10138.888671875
10175.876953125
10201.4072265625
10215.490234375
10218.2041015625
10209.6865234375
10190.1513671875
10159.880859375
10119.2265625
10068.6181640625
10008.556640625
9939.615234375
9862.4423828125
9777.7578125
9686.349609375
9589.07421875
9486.853515625
9380.6669921875
9271.552734375
9160.6015625
9048.947265625
8937.767578125
8828.2724609375
8721.69921875
8619.306640625
8522.365234375
8432.1513671875
8349.94140625
8276.99609375
8214.5625
8163.857421875
8126.064453125
8102.3251953125
8093.7314453125
8101.314453125
8126.04296875
8168.814453125
8230.4462890625
8311.67578125
8413.1494140625
8535.419921875
8678.943359375
8844.0751953125
9031.068359375
9240.0693359375
9471.119140625
9724.1513671875
9998.9921875
10295.365234375
10612.88671875
10951.07421875
11309.34765625
11687.029296875
12083.3544921875
12497.4736328125
12928.4560546875
13375.2978515625
13836.9287109375
14312.2197265625
14799.9853515625
15298.9970703125
15807.986328125
16325.654296875
16850.6806640625
17381.7275390625
17917.453125
18456.5107421875
18997.5634765625
19539.2900390625
20080.3876953125
20619.583984375
21155.63671875
21687.3466796875
22213.5576171875
22733.1611328125
23245.10546875
23748.396484375
24242.095703125
24725.3349609375
25197.3046875
25657.26953125
26104.5546875
26538.5595703125
26958.7509765625
27364.6630859375
27755.8994140625
28132.1298828125
28493.0869140625
28838.5693359375
29168.435546875
29482.599609375
29781.0361328125
30063.7705078125
30330.8759765625
30582.4755859375
30818.734375
31039.8583984375
31246.08984375
31437.708984375
31615.0224609375
31778.3701171875
31928.11328125
32064.6396484375
32188.3544921875
32299.6865234375
32399.07421875
32486.9765625
32563.8642578125
32630.2158203125
32686.5224609375
32733.2861328125
32771.015625
32800.2255859375
32821.439453125
32835.1865234375
32842.0009765625
32842.421875
32836.9951171875
32826.2705078125
32810.8017578125
32791.1455078125
32767.8623046875
32741.515625
32712.669921875
32681.892578125
32649.748046875
32616.802734375
32583.619140625
32550.75390625
32518.76171875
32488.185546875
32459.5625
32433.4130859375
32410.2470703125
32390.5537109375
32374.8046875
32363.4462890625
32356.900390625
32355.5595703125
32359.7802734375
32369.8876953125
32386.166015625
32408.8564453125
32438.15625
32474.212890625
32517.123046875
32566.931640625
32623.62109375
32687.1201171875
32757.294921875
32833.94921875
32916.822265625
33005.587890625
33099.853515625
33199.162109375
33302.98828125
33410.7431640625
33521.7705078125
33635.353515625
33750.7109375
33867.001953125
33983.33203125
34098.7470703125
34212.248046875
34322.7841796875
34429.2646484375
34530.5595703125
34625.5029296875
34712.9033203125
34791.544921875
34860.193359375
34917.6015625
34962.5185546875
34993.689453125
35009.87109375
35009.826171875
34992.3388671875
34956.2197265625
34900.306640625
34823.4755859375
34724.6474609375
34602.791015625
34456.931640625
34286.154296875
34089.6103515625
33866.5205078125
33616.1884765625
33337.9921875
33031.40234375
32695.97265625
32331.357421875
31937.3046875
31513.6640625
31060.390625
30577.5419921875
30065.2861328125
29523.9013671875
28953.7763671875
28355.408203125
27729.4130859375
27076.51171875
26397.5400390625
25693.443359375
24965.275390625
24214.1962890625
23441.4697265625
22648.4619140625
21836.634765625
21007.54296875
20162.83203125
19304.23046875
18433.544921875
17552.6552734375
16663.5068359375
15768.1025390625
14868.4990234375
13966.7978515625
13065.1357421875
12165.6767578125
11270.60546875
10382.1171875
9502.408203125
8633.6689453125
7778.0693359375
6937.7529296875
6114.830078125
5311.365234375
4529.369140625
3770.7841796875
3037.4853515625
2331.263671875
1653.8232421875
1006.765625
391.595703125
-190.30078125
-737.6513671875
-1249.30859375
-1724.2548828125
-2161.6005859375
-2560.5986328125
-2920.6376953125
-3241.2451171875
-3522.0947265625
-3763.0009765625
-3963.9189453125
-4124.9462890625
-4246.3173828125
-4328.400390625
-4371.697265625
-4376.8359375
-4344.5654296875
-4275.75
-4171.3623046875
-4032.4775390625
-3860.2646484375
-3655.9794921875
-3420.955078125
-3156.5927734375
-2864.3564453125
-2545.7568359375
-2202.3515625
-1835.73046875
-1447.505859375
-1039.310546875
-612.779296875
-169.5517578125
288.7421875
760.490234375
1244.095703125
1737.994140625
2240.6513671875
2750.572265625
3266.30078125
3786.427734375
4309.5908203125
4834.478515625
5359.8271484375
5884.4296875
6407.1259765625
6926.80859375
7442.4228515625
7952.9599609375
8457.4580078125
8955.00390625
9444.720703125
9925.7724609375
10397.361328125
10858.720703125
11309.1142578125
11747.83203125
12174.1884765625
12587.517578125
12987.173828125
13372.525390625
13742.9580078125
14097.8671875
14436.66015625
14758.7578125
15063.5888671875
15350.595703125
15619.2333984375
15868.966796875
16099.28125
16309.6787109375
16499.6796875
16668.8330078125
16816.7138671875
16942.927734375
17047.12109375
17128.9765625
17188.2255859375
17224.6513671875
17238.0888671875
17228.4365234375
17195.658203125
17139.7861328125
17060.92578125
16959.2626953125
16835.060546875
16688.6708984375
16520.5302734375
16331.1630859375
16121.185546875
15891.3046875
15642.31640625
15375.109375
15090.6552734375
14790.017578125
14474.33984375
14144.8447265625
13802.830078125
13449.6650390625
13086.7763671875
12715.6533203125
12337.833984375
11954.8984375
11568.458984375
11180.1533203125
10791.6396484375
10404.580078125
10020.63671875
9641.45703125
9268.673828125
8903.8818359375
8548.642578125
8204.46484375
7872.8017578125
7555.0380859375
7252.4873046875
6966.3759765625
6697.845703125
6447.9375
6217.5947265625
6007.650390625
5818.8271484375
5651.73046875
5506.845703125
5384.5400390625
5285.0537109375
5208.5078125
5154.8935546875
5124.083984375
5115.830078125
5129.759765625
5165.388671875
5222.1181640625
5299.2412109375
5395.9501953125
5511.3349609375
5644.3994140625
5794.060546875
5959.15625
6138.4560546875
6330.6689453125
6534.4482421875
6748.4013671875
6971.1025390625
7201.095703125
7436.90625
7677.0537109375
7920.0537109375
8164.4326171875
8408.7353515625
8651.533203125
8891.43359375
9127.0849609375
9357.1953125
9580.52734375
9795.9130859375
10002.26171875
10198.5625
10383.8974609375
10557.4384765625
10718.45703125
10866.3349609375
11000.556640625
11120.72265625
11226.546875
11317.861328125
11394.6162109375
11456.8828125
11504.849609375
11538.828125
11559.244140625
11566.640625
11561.669921875
11545.0986328125
11517.7919921875
11480.7177734375
11434.9365234375
11381.59375
11321.916015625
11257.2021484375
11188.8115234375
11118.16015625
11046.7080078125
10975.9501953125
10907.408203125
10842.6142578125
10783.1083984375
10730.4208984375
10686.0673828125
10651.5302734375
10628.2568359375
10617.640625
10621.0185546875
10639.65625
10674.7392578125
10727.36328125
10798.529296875
10889.1328125
10999.95703125
11131.6689453125
11284.8125
11459.8046875
11656.9287109375
11876.33984375
12118.0546875
12381.9599609375
12667.8046875
12975.2099609375
13303.6630859375
13652.53125
14021.060546875
14408.380859375
14813.5185546875
15235.400390625
15672.859375
16124.6513671875
16589.4580078125
17065.8984375
17552.546875
18047.9345703125
18550.56640625
19058.931640625
19571.5126953125
20086.8056640625
20603.3173828125
21119.5908203125
21634.2060546875
22145.7919921875
22653.0400390625
23154.7109375
23649.6357421875
24136.7353515625
24615.015625
25083.578125
25541.6240234375
25988.4541015625
26423.47265625
26846.185546875
27256.205078125
27653.244140625
28037.1103515625
28407.7109375
28765.041015625
29109.1787109375
29440.2822265625
29758.576171875
30064.3486328125
30357.939453125
30639.732421875
30910.1435546875
31169.609375
31418.5830078125
31657.5185546875
31886.8564453125
32107.0234375
32318.4150390625
32521.3876953125
32716.251953125
32903.2587890625
33082.595703125
33254.380859375
33418.6533203125
33575.37109375
33724.4033203125
33865.5322265625
33998.44921875
34122.751953125
34237.9501953125
34343.4619140625
34438.62109375
34522.6787109375
34594.8134765625
34654.1298828125
34699.67578125
34730.44140625
34745.3779296875
34743.40234375
34723.41015625
34684.287109375
34624.9248046875
34544.2275390625
34441.1298828125
34314.6083984375
34163.6962890625
33987.4951171875
33785.1865234375
33556.0478515625
33299.4638671875
33014.931640625
32702.0830078125
32360.6826171875
31990.642578125
31592.029296875
31165.068359375
30710.150390625
30227.8369140625
29718.857421875
29184.1142578125
28624.6806640625
28041.7998046875
27436.8779296875
26811.48046875
26167.3291015625
25506.2841796875
24830.3447265625
24141.6337890625
23442.384765625
22734.92578125
22021.673828125
21305.1083984375
20587.759765625
19872.1962890625
19160.9970703125
18456.7412109375
17761.986328125
17079.2470703125
16410.984375
15759.576171875
15127.3076171875
14516.349609375
13928.7392578125
13366.3701171875
12830.9677734375
12324.083984375
11847.0751953125
11401.095703125
10987.0859375
10605.7626953125
10257.6083984375
9942.875
9661.5654296875
9413.439453125
9198.017578125
9014.5693359375
8862.1298828125
8739.4921875
8645.2236328125
8577.6669921875
8534.95703125
8515.0263671875
8515.6220703125
8534.31640625
8568.525390625
8615.53125
8672.48828125
8736.4521484375
8804.3955078125
8873.2314453125
8939.8310546875
9001.046875
9053.7353515625
9094.779296875
9121.1064453125
9129.7119140625
9117.6826171875
9082.2138671875
9020.62890625
8930.4013671875
8809.16796875
8654.751953125
8465.1708984375
8238.658203125
7973.669921875
7668.900390625
7323.2890625
6936.0302734375
6506.580078125
6034.658203125
5520.2548828125
4963.62890625
4365.3095703125
3726.0927734375
3047.0400390625
2329.4716796875
1574.9580078125
785.314453125
-37.41015625
-890.9423828125
-1772.80078125
-2680.3037109375
-3610.58984375
-4560.626953125
-5527.2333984375
-6507.0908203125
-7496.765625
-8492.7265625
-9491.3544921875
-10488.9755859375
-11481.8701171875
-12466.2890625
-13438.482421875
-14394.70703125
-15331.2509765625
-16244.451171875
-17130.7099609375
-17986.5068359375
-18808.4208984375
-19593.14453125
-20337.4951171875
-21038.4326171875
-21693.068359375
-22298.6787109375
-22852.7197265625
-23352.8291015625
-23796.8388671875
-24182.787109375
-24508.91796875
-24773.6923828125
-24975.7880859375
-25114.1064453125
-25187.7734375
-25196.1416015625
-25138.7900390625
-25015.5234375
-24826.369140625
-24571.578125
-24251.6142578125
-23867.16015625
-23419.099609375
-22908.5205078125
-22336.703125
-21705.11328125
-21015.3935546875
-20269.353515625
-19468.962890625
-18616.33203125
-17713.712890625
-16763.478515625
-15768.1142578125
-14730.20703125
-13652.4287109375
-12537.52734375
-11388.310546875
-10207.6357421875
-8998.3935546875
-7763.4970703125
-6505.8701171875
-5228.4306640625
-3934.083984375
-2625.7021484375
-1306.119140625
21.8828125
1355.58203125
2692.333984375
4029.5712890625
5364.8212890625
6695.7109375
8019.9716796875
9335.4482421875
10640.1064453125
11932.0341796875
13209.443359375
14470.6796875
15714.216796875
16938.662109375
18142.75390625
19325.357421875
20485.46875
21622.2080078125
22734.8115234375
23822.6318359375
24885.1298828125
25921.8671875
26932.4990234375
27916.7646484375
28874.4794921875
29805.529296875
30709.8515625
31587.431640625
32438.2939453125
33262.486328125
34060.0712890625
34831.1201171875
35575.6923828125
36293.8369140625
36985.576171875
37650.9013671875
38289.7578125
38902.0439453125
39487.6005859375
40046.2080078125
40577.5751953125
41081.3427734375
41557.078125
42004.26953125
42422.328125
42810.5927734375
43168.3251953125
43494.712890625
43788.880859375
44049.8876953125
44276.736328125
44468.3828125
44623.7392578125
44741.6884765625
44821.08984375
44860.7939453125
44859.650390625
44816.521484375
44730.2958984375
44599.8974609375
44424.3017578125
44202.548828125
43933.7529296875
43617.1181640625
43251.9501953125
42837.6669921875
42373.8125
41860.0625
41296.2431640625
40682.330078125
40018.4638671875
39304.9541015625
38542.28515625
37731.12109375
36872.3115234375
35966.888671875
35016.07421875
34021.275390625
32984.0849609375
31906.2763671875
30789.80078125
29636.78515625
28449.5185546875
27230.4482421875
25982.1748046875
24707.4345703125
23409.095703125
22090.140625
20753.6630859375
19402.845703125
18040.953125
16671.31640625
15297.3173828125
13922.380859375
12549.951171875
11183.4912109375
9826.4541015625
8482.2802734375
7154.3837890625
5846.130859375
4560.8388671875
3301.7568359375
2072.0615234375
874.8388671875
-286.9189453125
-1410.32421875
-2492.6025390625
-3531.1005859375
-4523.2841796875
-5466.7607421875
-6359.2666015625
-7198.681640625
-7983.02734375
-8710.4736328125
-9379.3359375
-9988.0830078125
-10535.333984375
-11019.853515625
-11440.56640625
-11796.5400390625
-12086.9990234375
-12311.3134765625
-12469.00390625
-12559.7373046875
-12583.330078125
-12539.7412109375
-12429.07421875
-12251.578125
-12007.6435546875
-11697.8017578125
-11322.7236328125
-10883.2236328125
-10380.251953125
-9814.8994140625
-9188.396484375
-8502.1064453125
-7757.5361328125
-6956.32421875
-6100.2509765625
-5191.2255859375
-4231.2958984375
-3222.6435546875
-2167.5771484375
-1068.5390625
71.9033203125
1251.05859375
2466.1162109375
3714.1484375
4992.1181640625
6296.8837890625
7625.203125
8973.744140625
10339.09375
11717.76171875
13106.19921875
14500.80078125
15897.919921875
17293.8828125
18684.998046875
20067.5771484375
21437.939453125
22792.43359375
24127.455078125
25439.4560546875
26724.9658203125
27980.6064453125
29203.109375
30389.330078125
31536.26953125
32641.0830078125
33701.1015625
34713.8447265625
35677.0341796875
36588.607421875
37446.7314453125
38249.8115234375
38996.5029296875
39685.72265625
40316.6484375
40888.73046875
41401.6943359375
41855.5458984375
42250.56640625
42587.3134765625
42866.6201171875
43089.5869140625
43257.58203125
43372.220703125
43435.3662109375
43449.1142578125
43415.77734375
43337.873046875
43218.10546875
43059.34765625
42864.626953125
42637.09375
42380.0146484375
42096.7412109375
41790.69140625
41465.32421875
41124.1220703125
40770.5595703125
40408.08984375
40040.11328125
39669.962890625
39300.87890625
38935.986328125
38578.2822265625
38230.6083984375
37895.638671875
37575.8671875
37273.5869140625
36990.8798828125
36729.607421875
36491.400390625
36277.65234375
36089.5126953125
35927.8837890625
35793.42578125
35686.5458984375
35607.41015625
35555.943359375
35531.8388671875
35534.5625
35563.3681640625
35617.2998046875
35695.21484375
35795.791015625
35917.5439453125
36058.84375
36217.931640625
36392.935546875
36581.8955078125
36782.7744140625
36993.4814453125
37211.8896484375
37435.85546875
37663.2373046875
37891.912109375
38119.7958984375
38344.8583984375
38565.13671875
38778.7568359375
38983.939453125
39179.017578125
39362.4462890625
39532.810546875
39688.8388671875
39829.400390625
39953.521484375
40060.380859375
40149.3154296875
40219.8203125
40271.546875
40304.3037109375
40318.046875
40312.8837890625
40289.0546875
40246.9384765625
40187.037109375
40109.9658203125
40016.4443359375
39907.2900390625
39783.400390625
39645.7451171875
39495.3544921875
39333.3056640625
39160.7109375
38978.708984375
38788.4482421875
38591.0791015625
38387.7451171875
38179.568359375
37967.640625
37753.01953125
37536.716796875
37319.6904296875
37102.84375
36887.013671875
36672.974609375
36461.4296875
36253.0107421875
36048.2783203125
35847.7197265625
35651.7548828125
35460.732421875
35274.9345703125
35094.583984375
34919.8427734375
34750.8232421875
34587.587890625
34430.158203125
34278.5205078125
34132.630859375
33992.4267578125
33857.82421875
33728.736328125
33605.06640625
33486.7275390625
33373.6376953125
33265.73046875
33162.958984375
33065.298828125
32972.75390625
32885.357421875
32803.1748046875
32726.3056640625
32654.8857421875
32589.08203125
32529.1015625
32475.1787109375
32427.5771484375
32386.59375
32352.544921875
32325.767578125
32306.6142578125
32295.447265625
32292.6318359375
32298.5302734375
32313.498046875
32337.876953125
32371.984375
32416.109375
32470.5087890625
32535.396484375
32610.9365234375
32697.2412109375
32794.3623046875
32902.2861328125
33020.927734375
33150.1298828125
33289.654296875
33439.1826171875
33598.3115234375
33766.548828125
33943.318359375
34127.9501953125
34319.689453125
34517.6904296875
34721.021484375
34928.6669921875
35139.5263671875
35352.419921875
35566.091796875
35779.212890625
35990.3876953125
36198.158203125
36401.0087890625
36597.3701171875
36785.62890625
36964.1298828125
37131.1875
37285.0859375
37424.087890625
37546.4443359375
37650.3984375
37734.1884765625
37796.0615234375
37834.2763671875
37847.1064453125
37832.853515625
37789.8447265625
37716.44921875
37611.0732421875
37472.173828125
37298.2578125
37087.8974609375
36839.7216796875
36552.43359375
36224.806640625
35855.69921875
35444.05078125
34988.890625
34489.341796875
33944.6259765625
33354.0712890625
32717.1103515625
32033.2900390625
31302.275390625
30523.8515625
29697.9296875
28824.5498046875
27903.8876953125
26936.2548828125
25922.10546875
24862.037109375
23756.79296875
22607.2685546875
21414.5087890625
20179.71484375
18904.240234375
17589.595703125
16237.4453125
14849.611328125
13428.0673828125
11974.9384765625
10492.5
8983.1728515625
7449.515625
5894.2255859375
4320.12890625
2730.1728515625
1127.419921875
-484.9619140625
-2103.7099609375
-3725.474609375
-5346.8330078125
-6964.3017578125
-8574.3466796875
-10173.3994140625
-11757.869140625
-13324.16015625
-14868.681640625
-16387.8662109375
-17878.189453125
-19336.17578125
-20758.423828125
-22141.615234375
-23482.5341796875
-24778.0791015625
-26025.28125
-27221.3125
-28363.5078125
-29449.3681640625
-30476.5810546875
-31443.0224609375
-32346.775390625
-33186.1337890625
-33959.609375
-34665.943359375
-35304.103515625
-35873.2939453125
-36372.95703125
-36802.7705078125
-37162.65234375
-37452.7548828125
-37673.462890625
-37825.390625
-37909.3740234375
-37926.466796875
-37877.9296875
-37765.2197265625
-37589.986328125
-37354.0546875
-37059.4150390625
-36708.2119140625
-36302.7294921875
-35845.376953125
-35338.6748046875
-34785.2431640625
-34187.78125
-33549.0615234375
-32871.90234375
-32159.1669921875
-31413.7392578125
-30638.5126953125
-29836.380859375
-29010.2158203125
-28162.861328125
-27297.1259765625
-26415.7587890625
-25521.4482421875
-24616.8125
-23704.3876953125
-22786.6220703125
-21865.8642578125
-20944.3671875
-20024.2734375
-19107.61328125
-18196.306640625
-17292.15234375
-16396.8330078125
-15511.9111328125
-14638.8310546875
-13778.9150390625
-12933.3701171875
-12103.287109375
-11289.6416015625
-10493.302734375
-9715.0263671875
-8955.470703125
-8215.1904296875
-7494.6455078125
-6794.2060546875
-6114.1572265625
-5454.69921875
-4815.9580078125
-4197.986328125
-3600.76953125
-3024.232421875
-2468.2373046875
-1932.5966796875
-1417.0712890625
-921.3759765625
-445.1865234375
11.8642578125
450.1748046875
870.1748046875
1272.3251953125
1657.1103515625
2025.0400390625
2376.6435546875
2712.4697265625
3033.0830078125
3339.064453125
3631.0048828125
3909.5126953125
4175.19921875
4428.6884765625
4670.6103515625
4901.6015625
5122.30078125
5333.3525390625
5535.3984375
5729.0849609375
5915.0546875
6093.9482421875
6266.4013671875
6433.046875
6594.5048828125
6751.392578125
6904.3095703125
7053.8515625
7200.5927734375
7345.095703125
7487.9033203125
7629.541015625
7770.51171875
7911.2958984375
8052.3515625
8194.109375
8336.974609375
8481.3212890625
8627.49609375
8775.81640625
8926.56640625
9079.9990234375
9236.3369140625
9395.7685546875
9558.451171875
9724.5087890625
9894.03515625
10067.09375
10243.716796875
10423.91015625
10607.650390625
10794.892578125
10985.5625
11179.5693359375
11376.8017578125
11577.1298828125
11780.4111328125
11986.490234375
12195.2001953125
12406.3701171875
12619.822265625
12835.3779296875
13052.857421875
13272.0849609375
13492.8857421875
13715.0947265625
13938.55078125
14163.10546875
14388.6162109375
14614.953125
14841.9951171875
15069.6318359375
15297.7626953125
15526.2958984375
15755.1455078125
15984.23046875
16213.474609375
16442.80078125
16672.126953125
16901.3642578125
17130.4169921875
17359.169921875
17587.4921875
17815.2255859375
18042.1845703125
18268.1484375
18492.8583984375
18716.009765625
18937.2509765625
19156.1728515625
19372.30859375
19585.1298828125
19794.0390625
19998.3671875
20197.3740234375
20390.23828125
20576.0673828125
20753.8837890625
20922.6328125
21081.1796875
21228.314453125
21362.7509765625
21483.1318359375
21588.0302734375
21675.9599609375
21745.3779296875
21794.6904296875
21822.265625
21826.439453125
21805.525390625
21757.8271484375
21681.646484375
21575.30078125
21437.1298828125
21265.5146484375
21058.8837890625
20815.7353515625
20534.6455078125
20214.2841796875
19853.42578125
19450.9697265625
19005.9482421875
18517.5380859375
17985.0751953125
17408.068359375
16786.205078125
16119.361328125
15407.615234375
14651.24609375
13850.74609375
13006.8232421875
12120.4052734375
11192.6357421875
10224.8828125
9218.7275390625
8175.9716796875
7098.62109375
5988.888671875
4849.181640625
3682.0908203125
2490.3818359375
1276.986328125
44.9794921875
-1202.427734375
-2461.90625
-3730.02734375
-5003.2822265625
-6278.091796875
-7550.8359375
-8817.8671875
-10075.5302734375
-11320.1865234375
-12548.2255859375
-13756.0908203125
-14940.296875
-16097.4453125
-17224.2451171875
-18317.5302734375
-19374.2724609375
-20391.5947265625
-21366.7919921875
-22297.3349609375
-23180.8896484375
-24015.31640625
-24798.6904296875
-25529.2958984375
-26205.640625
-26826.4541015625
-27390.6923828125
-27897.5380859375
-28346.3974609375
-28736.9013671875
-29068.8974609375
-29342.451171875
-29557.833984375
-29715.517578125
-29816.169921875
-29860.6396484375
-29849.9482421875
-29785.28515625
-29667.986328125
-29499.533203125
-29281.533203125
-29015.7109375
-28703.896484375
-28348.0107421875
-27950.056640625
-27512.103515625
-27036.2802734375
-26524.7568359375
-25979.7421875
-25403.466796875
-24798.1796875
-24166.130859375
-23509.5703125
-22830.7333984375
-22131.837890625
-21415.0791015625
-20682.6162109375
-19936.5751953125
-19179.037109375
-18412.03515625
-17637.556640625
-16857.5302734375
-16073.830078125
-15288.2685546875
-14502.59765625
-13718.5048828125
-12937.6103515625
-12161.466796875
-11391.55859375
-10629.298828125
-9876.0283203125
-9133.015625
-8401.453125
-7682.45703125
-6977.0673828125
-6286.244140625
-5610.869140625
-4951.7392578125
-4309.5712890625
-3684.994140625
-3078.552734375
-2490.703125
-1921.8125
-1372.15625
-841.919921875
-331.197265625
160.015625
631.8095703125
1084.3759765625
1517.994140625
1933.0380859375
2329.9736328125
2709.3564453125
3071.8251953125
3418.1103515625
3749.015625
4065.4267578125
4368.3017578125
4658.662109375
4937.591796875
5206.2333984375
5465.7705078125
5717.43359375
5962.48046875
6202.1953125
6437.8759765625
6670.8251953125
6902.345703125
7133.720703125
7366.2158203125
7601.0615234375
7839.4482421875
8082.5087890625
8331.3203125
8586.8876953125
8850.1376953125
9121.9091796875
9402.94921875
9693.900390625
9995.3037109375
10307.5830078125
10631.048828125
10965.8916015625
11312.1796875
11669.857421875
12038.744140625
12418.541015625
12808.822265625
13209.046875
13618.5556640625
14036.5849609375
14462.2626953125
14894.6201171875
15332.6005859375
15775.06640625
16220.8037109375
16668.54296875
17116.958984375
17564.685546875
18010.33203125
18452.482421875
18889.7216796875
19320.6376953125
19743.8388671875
20157.9580078125
20561.673828125
20953.716796875
21332.880859375
21698.0302734375
22048.115234375
22382.1767578125
22699.357421875
22998.9033203125
23280.177734375
23542.6591796875
23785.955078125
24009.7939453125
24214.03515625
24398.669921875
24563.8173828125
24709.7275390625
24836.77734375
24945.46875
25036.4248046875
25110.3828125
25168.19140625
25210.802734375
25239.2646484375
25254.7119140625
25258.3623046875
25251.5
25235.4736328125
25211.6796875
25181.5576171875
25146.5751953125
25108.22265625
25067.9970703125
25027.3974609375
24987.908203125
24950.9951171875
24918.09375
24890.5966796875
24869.849609375
24857.142578125
24853.697265625
24860.666015625
24879.1220703125
24910.0537109375
24954.3583984375
25012.841796875
25086.2109375
25175.0712890625
25279.9248046875
25401.169921875
25539.0986328125
25693.8935546875
25865.63671875
26054.2998046875
26259.7548828125
26481.7666015625
26720.0078125
26974.0498046875
27243.3701171875
27527.3564453125
27825.3154296875
28136.4658203125
28459.9521484375
28794.845703125
29140.1494140625
29494.8017578125
29857.6865234375
30227.62890625
30603.408203125
30983.76171875
31367.3857421875
31752.9423828125
32139.068359375
32524.3740234375
32907.4521484375
33286.880859375
33661.23046875
34029.06640625
34388.9521484375
34739.4619140625
35079.173828125
35406.6884765625
35720.6201171875
36019.611328125
36302.3330078125
36567.490234375
36813.833984375
37040.15234375
37245.2900390625
37428.142578125
37587.6728515625
37722.90625
37832.939453125
37916.9482421875
37974.1904296875
38004.0126953125
38005.8515625
37979.24609375
37923.8349609375
37839.365234375
37725.6953125
37582.7978515625
37410.7685546875
37209.822265625
36980.298828125
36722.6669921875
36437.5205078125
36125.5859375
35787.716796875
35424.89453125
35038.23046875
34628.95703125
34198.4296875
33748.125
33279.6259765625
32794.626953125
32294.919921875
31782.390625
31259.0087890625
30726.8203125
30187.931640625
29644.5087890625
29098.7568359375
28552.912109375
28009.228515625
27469.9658203125
26937.373046875
26413.6787109375
25901.07421875
25401.6982421875
24917.6279296875
24450.8623046875
24003.3037109375
23576.75390625
23172.8955078125
22793.2822265625
22439.3232421875
22112.2783203125
21813.2451171875
21543.1494140625
21302.7421875
21092.587890625
20913.060546875
20764.34375
20646.4248046875
20559.091796875
20501.9384765625
20474.36328125
20475.5732421875
20504.5869140625
20560.2431640625
20641.2080078125
20745.9794921875
20872.90234375
21020.1748046875
21185.8662109375
21367.921875
21564.185546875
21772.408203125
21990.265625
22215.3740234375
22445.3076171875
22677.611328125
22909.822265625
23139.4814453125
23364.15625
23581.451171875
23789.025390625
23984.611328125
24166.0263671875
24331.18359375
24478.11328125
24604.96875
24710.0380859375
24791.7587890625
24848.7197265625
24879.67578125
24883.548828125
24859.435546875
24806.611328125
24724.533203125
24612.837890625
24471.34375
24300.0517578125
24099.138671875
23868.953125
23610.015625
23323.0068359375
23008.76171875
22668.2646484375
22302.638671875
21913.1298828125
21501.1083984375
21068.048828125
20615.521484375
20145.1796875
19658.75
19158.0205078125
18644.8232421875
18121.029296875
17588.529296875
17049.23046875
16505.0361328125
15957.83984375
15409.5166015625
14861.90625
14316.8095703125
13775.9794921875
13241.1064453125
12713.822265625
12195.6806640625
11688.1640625
11192.6689453125
10710.50390625
10242.890625
9790.95703125
9355.73828125
8938.169921875
8539.0947265625
8159.2607421875
7799.318359375
7459.8271484375
7141.255859375
6843.9833984375
6568.3037109375
6314.43359375
6082.50390625
5872.5791015625
5684.650390625
5518.6455078125
5374.4296875
5251.81640625
5150.5654296875
5070.3916015625
5010.9658203125
4971.9248046875
4952.8701171875
4953.3740234375
4972.986328125
5011.232421875
5067.62109375
5141.64453125
5232.78515625
5340.51171875
5464.2880859375
5603.5693359375
5757.8095703125
5926.455078125
6108.9541015625
6304.75
6513.287109375
6734.0078125
6966.35546875
7209.7705078125
7463.6943359375
7727.5693359375
8000.8330078125
8282.92578125
8573.2841796875
8871.3447265625
9176.5419921875
9488.3134765625
9806.091796875
10129.30859375
10457.400390625
10789.802734375
11125.955078125
11465.2998046875
11807.287109375
12151.373046875
12497.0263671875
12843.7255859375
13190.96484375
13538.2578125
13885.1396484375
14231.1689453125
14575.9287109375
14919.0400390625
15260.154296875
15598.9609375
15935.193359375
16268.6298828125
16599.0947265625
16926.466796875
17250.6796875
17571.7236328125
17889.6474609375
18204.5625
18516.642578125
18826.12890625
19133.3232421875
19438.59375
19742.3740234375
20045.158203125
20347.5048828125
20650.02734375
20953.3974609375
21258.337890625
21565.6181640625
21876.0498046875
22190.48046875
22509.787109375
22834.87109375
23166.6474609375
23506.0361328125
23853.958984375
24211.32421875
24579.021484375
24957.91015625
25348.8115234375
25752.4921875
26169.666015625
26600.9716796875
27046.97265625
27508.140625
27984.8505859375
28477.3701171875
28985.8505859375
29510.3203125
30050.6787109375
30606.685546875
31177.9619140625
31763.978515625
32364.056640625
32977.365234375
33602.9169921875
34239.568359375
34886.021484375
35540.8271484375
36202.380859375
36868.9375
37538.607421875
38209.3681640625
38879.068359375
39545.4404296875
40206.107421875
40858.591796875
41500.3369140625
42128.7021484375
42740.994140625
43334.46875
43906.3515625
44453.849609375
44974.169921875
45464.5302734375
45922.1796875
46344.4140625
46728.587890625
47072.134765625
47372.580078125
47627.5556640625
47834.818359375
47992.25390625
48097.9033203125
48149.9658203125
48146.8134765625
48087.0009765625
47969.2734375
47792.5791015625
47556.072265625
47259.12109375
46901.3095703125
46482.4453125
46002.5546875
45461.892578125
44860.9326171875
44200.37109375
43481.1220703125
42704.30859375
41871.263671875
40983.5224609375
40042.8046875
39051.01953125
38010.2431640625
36922.7197265625
35790.8359375
34617.119140625
33404.2177734375
32154.89453125
30872.00390625
29558.48046875
28217.328125
26851.6005859375
25464.3876953125
24058.80078125
22637.958984375
21204.970703125
19762.9248046875
18314.873046875
16863.8193359375
15412.7041015625
13964.3955078125
12521.677734375
11087.2373046875
9663.6572265625
8253.4091796875
6858.837890625
5482.166015625
4125.4765625
2790.71875
1479.6953125
194.0625
-1064.66796875
-2295.1357421875
-3496.1279296875
-4666.5810546875
-5805.576171875
-6912.341796875
-7986.240234375
-9026.775390625
-10033.5810546875
-11006.416015625
-11945.1611328125
-12849.8056640625
-13720.4501953125
-14557.2919921875
-15360.619140625
-16130.802734375
-16868.2900390625
-17573.5947265625
-18247.2880859375
-18889.9921875
-19502.3720703125
-20085.126953125
-20638.978515625
-21164.6708984375
-21662.958984375
-22134.599609375
-22580.3515625
-23000.9619140625
-23397.1640625
-23769.673828125
-24119.18359375
-24446.3564453125
-24751.8251953125
-25036.189453125
-25300.009765625
-25543.8115234375
-25768.0771484375
-25973.2529296875
-26159.7412109375
-26327.9052734375
-26478.0703125
-26610.5244140625
-26725.5185546875
-26823.2705078125
-26903.9658203125
-26967.7666015625
-27014.802734375
-27045.1904296875
-27059.0234375
-27056.38671875
-27037.3515625
-27001.986328125
-26950.3564453125
-26882.53515625
-26798.5966796875
-26698.630859375
-26582.7431640625
-26451.0556640625
-26303.7158203125
-26140.8935546875
-25962.7900390625
-25769.638671875
-25561.7060546875
-25339.294921875
-25102.7431640625
-24852.4326171875
-24588.7802734375
-24312.2451171875
-24023.32421875
-23722.55859375
-23410.5234375
-23087.833984375
-22755.138671875
-22413.123046875
-22062.5
-21704.013671875
-21338.4326171875
-20966.546875
-20589.1640625
-20207.107421875
-19821.208984375
-19432.3076171875
-19041.244140625
-18648.8544921875
-18255.96875
-17863.4052734375
-17471.9658203125
-17082.431640625
-16695.5576171875
-16312.0751953125
-15932.67578125
-15558.021484375
-15188.7314453125
-14825.3857421875
-14468.51953125
-14118.6181640625
-13776.123046875
-13441.423828125
-13114.861328125
-12796.7236328125
-12487.2490234375
-12186.6259765625
-11894.9951171875
-11612.447265625
-11339.0263671875
-11074.7373046875
-10819.5400390625
-10573.3564453125
-10336.076171875
-10107.552734375
-9887.619140625
-9676.08203125
-9472.7275390625
-9277.326171875
-9089.640625
-8909.4267578125
-8736.439453125
-8570.4345703125
-8411.1728515625
-8258.4296875
-8111.9921875
-7971.6630859375
-7837.2685546875
-7708.6552734375
-7585.697265625
-7468.29296875
-7356.37109375
-7249.8896484375
-7148.833984375
-7053.21875
-6963.0908203125
-6878.51953125
-6799.6044921875
-6726.46484375
-6659.2412109375
-6598.09375
-6543.1962890625
-6494.7333984375
-6452.892578125
-6417.869140625
-6389.8505859375
-6369.021484375
-6355.5517578125
-6349.5947265625
-6351.283203125
-6360.72265625
-6377.9892578125
-6403.1240234375
-6436.1279296875
-6476.9599609375
-6525.53515625
-6581.720703125
-6645.330078125
-6716.126953125
-6793.8251953125
-6878.080078125
-6968.49609375
-7064.625
-7165.966796875
-7271.974609375
-7382.056640625
-7495.5732421875
-7611.8486328125
-7730.1748046875
-7849.8095703125
-7969.990234375
-8089.9326171875
-8208.8427734375
-8325.919921875
-8440.3603515625
-8551.369140625
-8658.1650390625
-8759.9873046875
-8856.1005859375
-8945.798828125
-9028.419921875
-9103.3408203125
-9169.9892578125
-9227.8466796875
-9276.453125
-9315.4072265625
-9344.3740234375
-9363.0849609375
-9371.33984375
-9369.0048828125
-9356.0166015625
-9332.380859375
-9298.169921875
-9253.5224609375
-9198.6357421875
-9133.771484375
-9059.2431640625
-8975.4169921875
-8882.7060546875
-8781.5634765625
-8672.4794921875
-8555.974609375
-8432.5908203125
-8302.890625
-8167.4501953125
-8026.849609375
-7881.669921875
-7732.4873046875
-7579.8720703125
-7424.3740234375
-7266.5263671875
-7106.8427734375
-6945.8056640625
-6783.8720703125
-6621.4677734375
-6458.9853515625
-6296.78515625
-6135.1962890625
-5974.513671875
-5815.0009765625
-5656.89453125
-5500.40234375
-5345.708984375
-5192.9775390625
-5042.357421875
-4893.9794921875
-4747.9736328125
-4604.4580078125
-4463.55859375
-4325.40234375
-4190.1279296875
-4057.8876953125
-3928.8505859375
-3803.2109375
-3681.1826171875
-3563.013671875
-3448.978515625
-3339.380859375
-3234.5634765625
-3134.892578125
-3040.7734375
-2952.638671875
-2870.947265625
-2796.1875
-2728.861328125
-2669.4951171875
-2618.6201171875
-2576.7763671875
-2544.498046875
-2522.3173828125
-2510.7431640625
-2510.263671875
-2521.3330078125
-2544.3662109375
-2579.7265625
-2627.7197265625
-2688.5859375
-2762.4892578125
-2849.5166015625
-2949.66015625
-3062.8193359375
-3188.791015625
-3327.2685546875
-3477.83203125
-3639.9501953125
-3812.974609375
-3996.140625
-4188.5703125
-4389.2666015625
-4597.1259765625
-4810.931640625
-5029.3671875
-5251.01953125
-5474.3818359375
-5697.8740234375
-5919.83984375
-6138.5634765625
-6352.283203125
-6559.1962890625
-6757.4794921875
-6945.2978515625
-7120.822265625
-7282.2392578125
-7427.76953125
-7555.6796875
-7664.2998046875
-7752.0322265625
-7817.3720703125
-7858.9130859375
-7875.3671875
-7865.5703125
-7828.4970703125
-7763.26953125
-7669.1650390625
-7545.6240234375
-7392.2578125
-7208.8505859375
-6995.3671875
-6751.947265625
-6478.91796875
-6176.7783203125
-5846.208984375
-5488.0654296875
-5103.3662109375
-4693.2958984375
-4259.1904296875
-3802.529296875
-3324.9287109375
-2828.126953125
-2313.9716796875
-1784.41015625
-1241.470703125
-687.255859375
-123.91796875
446.3486328125
1021.32421875
1598.7822265625
2176.4990234375
2752.2744140625
3323.943359375
3889.3876953125
4446.5556640625
4993.4697265625
5528.240234375
6049.076171875
6554.296875
7042.3369140625
7511.7568359375
7961.2529296875
8389.6552734375
8795.939453125
9179.22265625
9538.771484375
9874.0
10184.4677734375
10469.8818359375
10730.08984375
10965.07421875
11174.9560546875
11359.98046875
11520.5126953125
11657.0322265625
11770.1201171875
11860.4560546875
11928.802734375
11976.0009765625
12002.9580078125
12010.6357421875
12000.0439453125
11972.2255859375
11928.251953125
11869.205078125
11796.17578125
11710.251953125
11612.505859375
11503.9912109375
11385.73046875
11258.7119140625
11123.8818359375
10982.1337890625
10834.3134765625
10681.2060546875
10523.533203125
10361.953125
10197.0615234375
10029.380859375
9859.3681640625
9687.4111328125
9513.830078125
9338.8818359375
9162.75390625
8985.578125
8807.421875
8628.3017578125
8448.1806640625
8266.974609375
8084.5595703125
7900.7685546875
7715.404296875
7528.240234375
7339.0234375
7147.486328125
6953.3427734375
6756.298828125
6556.0537109375
6352.3076171875
6144.7607421875
5933.1220703125
5717.1083984375
5496.4501953125
5270.8935546875
5040.203125
4804.1650390625
4562.5859375
4315.2939453125
4062.1455078125
3803.0244140625
3537.83203125
3266.5068359375
2989.0078125
2705.3212890625
2415.4619140625
2119.4697265625
1817.408203125
1509.369140625
1195.4658203125
875.8369140625
550.642578125
220.06640625
-115.685546875
-456.3896484375
-801.796875
-1151.6416015625
-1505.6357421875
-1863.47265625
-2224.82421875
-2589.34375
-2956.6630859375
-3326.39453125
-3698.126953125
-4071.4287109375
-4445.84765625
-4820.904296875
-5196.0986328125
-5570.9033203125
-5944.7685546875
-6317.115234375
-6687.33984375
-7054.8076171875
-7418.861328125
-7778.80859375
-8133.9326171875
-8483.4853515625
-8826.69140625
-9162.744140625
-9490.8125
-9810.0322265625
-10119.517578125
-10418.3544921875
-10705.6044921875
-10980.30859375
-11241.484375
-11488.1318359375
-11719.234375
-11933.763671875
-12130.67578125
-12308.9248046875
-12467.453125
-12605.2080078125
-12721.134765625
-12814.185546875
-12883.3193359375
-12927.51171875
-12945.751953125
-12937.05078125
-12900.4462890625
-12835.0
-12739.810546875
-12614.01171875
-12456.77734375
-12267.326171875
-12044.9248046875
-11788.89453125
-11498.607421875
-11173.501953125
-10813.0771484375
-10416.8984375
-9984.603515625
-9515.9052734375
-9010.5927734375
-8468.5390625
-7889.697265625
-7274.1162109375
-6621.9306640625
-5933.373046875
-5208.7724609375
-4448.560546875
-3653.2724609375
-2823.55078125
-1960.1474609375
-1063.927734375
-135.87109375
822.923828125
1811.2431640625
2827.74609375
3870.974609375
4939.34375
6031.1484375
7144.5546875
8277.609375
9428.2314453125
10594.22265625
11773.2626953125
12962.916015625
14160.6357421875
15363.76171875
16569.5361328125
17775.1015625
18977.5126953125
20173.73828125
21360.677734375
22535.1640625
23693.98046875
24833.8671875
25951.5390625
27043.6904296875
28107.0185546875
29138.236328125
30134.08203125
31091.34375
32006.8681640625
32877.5859375
33700.5224609375
34472.818359375
35191.7470703125
35854.732421875
36459.365234375
37003.4189453125
37484.87109375
37901.9130859375
38252.9658203125
38536.701171875
38752.0458984375
38898.193359375
38974.62109375
38981.091796875
38917.6640625
38784.6953125
38582.84765625
38313.0849609375
37976.677734375
37575.1923828125
37110.4951171875
36584.736328125
36000.3486328125
35360.029296875
34666.7294921875
33923.642578125
33134.1767578125
32301.947265625
31430.74609375
30524.5283203125
29587.376953125
28623.4892578125
27637.1455078125
26632.6806640625
25614.45703125
24586.83984375
23554.1669921875
22520.71875
21490.693359375
20468.1767578125
19457.119140625
18461.3046875
17484.33203125
16529.5888671875
15600.2275390625
14699.15234375
13828.99609375
12992.1064453125
12190.53125
11426.0107421875
10699.9658203125
10013.4912109375
9367.3583984375
8762.0068359375
8197.5517578125
7673.78515625
7190.185546875
6745.9248046875
6339.8828125
5970.658203125
5636.58984375
5335.7724609375
5066.0732421875
4825.1611328125
4610.5283203125
4419.5068359375
4249.30859375
4097.0380859375
3959.73046875
3834.37109375
3717.92578125
3607.37109375
3499.716796875
3392.033203125
3281.48046875
3165.326171875
3040.9765625
2905.990234375
2758.10546875
2595.251953125
2415.5732421875
2217.43359375
1999.44140625
1760.4443359375
1499.552734375
1216.1318359375
909.8134765625
580.4931640625
228.326171875
-146.2666015625
-542.6181640625
-959.8134765625
-1396.703125
-1851.9130859375
-2323.8603515625
-2810.76953125
-3310.68359375
-3821.486328125
-4340.921875
-4866.609375
-5396.0693359375
-5926.7373046875
-6455.9931640625
-6981.1748046875
-7499.603515625
-8008.6044921875
-8505.5263671875
-8987.7587890625
-9452.7548828125
-9898.0458984375
-10321.265625
-10720.154296875
-11092.58203125
-11436.5576171875
-11750.244140625
-12031.962890625
-12280.2119140625
-12493.66015625
-12671.1630859375
-12811.76171875
-12914.685546875
-12979.3544921875
-13005.3759765625
-12992.544921875
-12940.8369140625
-12850.4052734375
-12721.576171875
-12554.8408203125
-12350.841796875
-12110.3720703125
-11834.361328125
-11523.8623046875
-11180.0478515625
-10804.1904296875
-10397.6552734375
-9961.890625
-9498.4111328125
-9008.78515625
-8494.6318359375
-7957.599609375
-7399.361328125
-6821.6005859375
-6226.005859375
-5614.2548828125
-4988.009765625
-4348.912109375
-3698.568359375
-3038.5478515625
-2370.376953125
-1695.53125
-1015.4345703125
-331.4521484375
355.1103515625
1043.0087890625
1731.0634765625
2418.16015625
3103.251953125
3785.353515625
4463.5458984375
5136.9775390625
5804.857421875
6466.45703125
7121.1103515625
7768.20703125
8407.1982421875
9037.5859375
9658.9306640625
10270.841796875
10872.982421875
11465.0615234375
12046.83984375
12618.1220703125
13178.76171875
13728.6572265625
14267.7470703125
14796.0205078125
15313.5087890625
15820.2841796875
16316.4658203125
16802.2138671875
17277.734375
17743.275390625
18199.126953125
18645.623046875
19083.1396484375
19512.091796875
19932.9365234375
20346.169921875
20752.32421875
21151.96484375
21545.69140625
21934.1298828125
22317.935546875
22697.7802734375
23074.35546875
23448.3642578125
23820.515625
24191.5166015625
24562.0732421875
24932.8740234375
25304.591796875
25677.869140625
26053.3173828125
26431.501953125
26812.9423828125
27198.099609375
27587.37109375
27981.0791015625
28379.4716796875
28782.7080078125
29190.8564453125
29603.8896484375
30021.6767578125
30443.9833984375
30870.462890625
31300.66015625
31734.0048828125
32169.8154296875
32607.2958984375
33045.541015625
33483.537109375
33920.1669921875
34354.2138671875
34784.369140625
35209.2373046875
35627.349609375
36037.166015625
36437.09375
36825.486328125
37200.669921875
37560.9462890625
37904.607421875
38229.94921875
38535.2880859375
38818.9697265625
39079.3876953125
39314.994140625
39524.3125
39705.9560546875
39858.6328125
39981.1650390625
40072.494140625
40131.6962890625
40157.984375
40150.724609375
40109.439453125
40033.810546875
39923.6875
39779.0888671875
39600.201171875
39387.3837890625
39141.1650390625
38862.234375
38551.4462890625
38209.80859375
37838.4755859375
37438.7421875
37012.0302734375
36559.8828125
36083.9453125
35585.95703125
35067.73828125
34531.1728515625
33978.1943359375
33410.771484375
32830.892578125
32240.5478515625
31641.7216796875
31036.365234375
30426.390625
29813.654296875
29199.9453125
28586.96875
27976.3349609375
27369.5517578125
26768.0126953125
26172.98828125
25585.6171875
25006.90625
24437.720703125
23878.783203125
23330.6708984375
22793.8193359375
22268.51953125
21754.923828125
21253.048828125
20762.78125
20283.8837890625
19816.005859375
19358.689453125
18911.384765625
18473.451171875
18044.1796875
17622.7998046875
17208.494140625
16800.4091796875
16397.673828125
15999.40625
15604.7333984375
15212.80078125
14822.7890625
14433.921875
14045.4814453125
13656.8203125
13267.365234375
12876.6376953125
12484.2548828125
12089.9375
11693.5185546875
11294.9462890625
10894.2919921875
10491.7451171875
10087.6220703125
9682.3603515625
9276.5205078125
8870.78125
8465.9326171875
8062.87890625
7662.6181640625
7266.25
6874.9501953125
6489.974609375
6112.63671875
5744.3017578125
5386.3740234375
5040.2783203125
4707.451171875
4389.3232421875
4087.3095703125
3802.7841796875
3537.078125
3291.455078125
3067.103515625
2865.1181640625
2686.48828125
2532.0888671875
2402.658203125
2298.8017578125
2220.96875
2169.453125
2144.380859375
2145.7041015625
2173.201171875
2226.46484375
2304.91015625
2407.7685546875
2534.0888671875
2682.7451171875
2852.4375
3041.6982421875
3248.904296875
3472.27734375
3709.90625
3959.75
4219.6591796875
4487.3798828125
4760.58203125
5036.8662109375
5313.7900390625
5588.875
5859.638671875
6123.603515625
6378.3232421875
6621.3955078125
6850.4931640625
7063.3671875
7257.880859375
7432.0185546875
7583.90625
7711.8291015625
7814.2451171875
7889.80078125
7937.3408203125
7955.92578125
7944.8349609375
7903.5791015625
7831.9052734375
7729.80078125
7597.4990234375
7435.4736328125
7244.443359375
7025.3671875
6779.4384765625
6508.0771484375
6212.921875
5895.8212890625
5558.8173828125
5204.1337890625
4834.1630859375
4451.4423828125
4058.646484375
3658.5546875
3254.0458984375
2848.0654296875
2443.609375
2043.705078125
1651.3837890625
1269.6611328125
901.515625
549.869140625
217.5615234375
-92.6669921875
-378.1953125
-636.5400390625
-865.375
-1062.5419921875
-1226.0712890625
-1354.1953125
-1445.3505859375
-1498.2021484375
-1511.642578125
-1484.8017578125
-1417.0478515625
-1308.0
-1157.51953125
-965.7158203125
-732.9462890625
-459.8046875
-147.1259765625
204.02734375
592.3701171875
1016.4013671875
1474.419921875
1964.529296875
2484.6552734375
3032.556640625
3605.83984375
4201.9697265625
4818.29296875
5452.0419921875
6100.3603515625
6760.3115234375
7428.8984375
8103.078125
8779.7763671875
9455.9033203125
10128.3671875
10794.0908203125
11450.0234375
12093.154296875
12720.5283203125
13329.25390625
13916.515625
14479.5908203125
15015.849609375
15522.7744140625
15997.9619140625
16439.1337890625
16844.146484375
17210.994140625
17537.81640625
17822.908203125
18064.7158203125
18261.849609375
18413.083984375
18517.3623046875
18573.796875
18581.67578125
18540.458984375
18449.78515625
18309.4677734375
18119.4951171875
17880.037109375
17591.431640625
17254.1943359375
16869.01171875
16436.73828125
15958.3955078125
15435.1611328125
14868.3759765625
14259.5302734375
13610.259765625
12922.33984375
12197.6796875
11438.3115234375
10646.388671875
9824.166015625
8974.0029296875
8098.3408203125
7199.705078125
6280.6806640625
5343.9140625
4392.087890625
3427.91796875
2454.1396484375
1473.48828125
488.693359375
-497.5380859375
-1482.53515625
-2463.6728515625
-3438.3916015625
-4404.2001953125
-5358.697265625
-6299.576171875
-7224.640625
-8131.8125
-9019.1416015625
-9884.8154296875
-10727.1669921875
-11544.6806640625
-12335.9970703125
-13099.9208984375
-13835.4189453125
-14541.6279296875
-15217.8505859375
-15863.560546875
-16478.392578125
-17062.1474609375
-17614.7861328125
-18136.41796875
-18627.3037109375
-19087.8408203125
-19518.55859375
-19920.107421875
-20293.244140625
-20638.8310546875
-20957.8134765625
-21251.2138671875
-21520.1181640625
-21765.6572265625
-21989.001953125
-22191.3466796875
-22373.8935546875
-22537.84375
-22684.380859375
-22814.6640625
-22929.810546875
-23030.8916015625
-23118.91796875
-23194.8291015625
-23259.4921875
-23313.6875
-23358.1064453125
-23393.34765625
-23419.908203125
-23438.1884765625
-23448.4814453125
-23450.982421875
-23445.783203125
-23432.8740234375
-23412.1513671875
-23383.4189453125
-23346.390625
-23300.7021484375
-23245.9150390625
-23181.51953125
-23106.951171875
-23021.591796875
-22924.783203125
-22815.8369140625
-22694.0380859375
-22558.6611328125
-22408.9755859375
-22244.259765625
-22063.8046875
-21866.92578125
-21652.97265625
-21421.333984375
-21171.44921875
-20902.810546875
-20614.9716796875
-20307.5556640625
-19980.2578125
-19632.8427734375
-19265.162109375
-18877.1435546875
-18468.796875
-18040.216796875
-17591.580078125
-17123.1435546875
-16635.24609375
-16128.3037109375
-15602.8037109375
-15059.3056640625
-14498.435546875
-13920.880859375
-13327.3798828125
-12718.7236328125
-12095.75
-11459.330078125
-10810.3671875
-10149.791015625
-9478.548828125
-8797.5947265625
-8107.8935546875
-7410.4111328125
-6706.099609375
-5995.904296875
-5280.7529296875
-4561.5458984375
-3839.166015625
-3114.4580078125
-2388.2353515625
-1661.27734375
-934.3232421875
-208.0732421875
516.8173828125
1239.7294921875
1960.0869140625
2677.35546875
3391.0380859375
4100.6767578125
4805.84375
5506.1474609375
6201.22265625
6890.728515625
7574.34375
8251.765625
8922.6982421875
9586.853515625
10243.9443359375
10893.6767578125
11535.7509765625
12169.8447265625
12795.6220703125
13412.716796875
14020.7314453125
14619.2353515625
15207.7548828125
15785.771484375
16352.7236328125
16907.9912109375
17450.90625
17980.7392578125
18496.7060546875
18997.9658203125
19483.61328125
19952.6884765625
20404.1728515625
20836.9951171875
21250.0263671875
21642.0927734375
22011.974609375
22358.4091796875
22680.10546875
22975.7373046875
23243.9619140625
23483.421875
23692.755859375
23870.603515625
24015.619140625
24126.4814453125
24201.900390625
24240.6298828125
24241.4755859375
24203.3115234375
24125.0830078125
24005.826171875
23844.6708984375
23640.85546875
23393.7353515625
23102.79296875
22767.6484375
22388.0654296875
21963.9619140625
21495.4169921875
20982.6767578125
20426.15625
19826.455078125
19184.3466796875
18500.79296875
17776.9404296875
17014.119140625
16213.845703125
15377.8203125
14507.9208984375
13606.203125
12674.8916015625
11716.376953125
10733.201171875
9728.0556640625
8703.771484375
7663.3017578125
6609.716796875
5546.189453125
4475.9765625
3402.416015625
2328.9013671875
1258.8720703125
195.7958984375
-856.841796875
-1895.5654296875
-2916.9111328125
-3917.455078125
-4893.8212890625
-5842.703125
-6760.87109375
-7645.201171875
-8492.6748046875
-9300.3994140625
-10065.625
-10785.7529296875
-11458.345703125
-12081.1416015625
-12652.0634765625
-13169.228515625
-13630.953125
-14035.7626953125
-14382.3974609375
-14669.8154296875
-14897.1982421875
-15063.9501953125
-15169.7041015625
-15214.3173828125
-15197.8740234375
-15120.6806640625
-14983.265625
-14786.373046875
-14530.9619140625
-14218.1923828125
-13849.4287109375
-13426.2236328125
-12950.3154296875
-12423.615234375
-11848.201171875
-11226.302734375
-10560.2978515625
-9852.69140625
-9106.1123046875
-8323.2958984375
-7507.0732421875
-6660.359375
-5786.138671875
-4887.4521484375
-3967.38671875
-3029.0546875
-2075.5888671875
-1110.1259765625
-135.791015625
844.310546875
1827.1103515625
2809.5849609375
3788.7744140625
4761.78515625
5725.8095703125
6678.1337890625
7616.1435546875
8537.3447265625
9439.3603515625
10319.94921875
11177.0068359375
12008.5771484375
12812.85546875
13588.201171875
14333.1318359375
15046.3359375
15726.6728515625
16373.1767578125
16985.0546875
17561.6923828125
18102.650390625
18607.6640625
19076.63671875
19509.646484375
19906.93359375
20268.8994140625
20596.1005859375
20889.23828125
21149.1591796875
21376.83984375
21573.3798828125
21739.99609375
21878.0068359375
21988.8251953125
22073.94921875
22134.9423828125
22173.43359375
22191.095703125
22189.638671875
22170.7939453125
22136.3037109375
22087.91015625
22027.33984375
21956.296875
21876.4443359375
21789.40234375
21696.728515625
21599.916015625
21500.376953125
21399.439453125
21298.3369140625
21198.2021484375
21100.0576171875
21004.81640625
20913.2734375
20826.1005859375
20743.84765625
20666.9404296875
20595.677734375
20530.23046875
20470.646484375
20416.853515625
20368.65625
20325.7421875
20287.69140625
20253.9716796875
20223.95703125
20196.919921875
20172.0498046875
20148.455078125
20125.169921875
20101.166015625
20075.359375
20046.6181640625
20013.7744140625
19975.6259765625
19930.951171875
19878.51953125
19817.0927734375
19745.4384765625
19662.337890625
19566.5908203125
19457.025390625
19332.5068359375
19191.9375
19034.2744140625
18858.5224609375
18663.7490234375
18449.083984375
18213.7265625
17956.94921875
17678.09765625
17376.5986328125
17051.958984375
16703.7705078125
16331.7080078125
15935.5341796875
15515.095703125
15070.3291015625
14601.2578125
14107.9912109375
13590.724609375
13049.740234375
12485.40234375
11898.1591796875
11288.5390625
10657.1494140625
10004.6728515625
9331.8681640625
8639.5634765625
7928.658203125
7200.1162109375
6454.9638671875
5694.287109375
4919.2314453125
4130.98828125
3330.8056640625
2519.9736328125
1699.8232421875
871.7236328125
37.0791015625
-802.6767578125
-1646.087890625
-2491.671875
-3337.935546875
-4183.3681640625
-5026.4560546875
-5865.67578125
-6699.5126953125
-7526.4501953125
-8344.9873046875
-9153.6328125
-9950.916015625
-10735.390625
-11505.6318359375
-12260.251953125
-12997.892578125
-13717.234375
-14416.9990234375
-15095.9541015625
-15752.9130859375
-16386.736328125
-16996.341796875
-17580.6962890625
-18138.82421875
-18669.8046875
-19172.7783203125
-19646.943359375
-20091.552734375
-20505.923828125
-20889.4306640625
-21241.505859375
-21561.6376953125
-21849.375
-22104.318359375
-22326.1240234375
-22514.5009765625
-22669.2099609375
-22790.05859375
-22876.90234375
-22929.6435546875
-22948.2265625
-22932.6396484375
-22882.908203125
-22799.0966796875
-22681.3115234375
-22529.6884765625
-22344.400390625
-22125.6572265625
-21873.697265625
-21588.7939453125
-21271.2548828125
-20921.4169921875
-20539.654296875
-20126.369140625
-19682.005859375
-19207.0380859375
-18701.9775390625
-18167.3759765625
-17603.822265625
-17011.9501953125
-16392.4296875
-15745.9833984375
-15073.37109375
-14375.4091796875
-13652.95703125
-12906.92578125
-12138.279296875
-11348.03125
-10537.2509765625
-9707.060546875
-8858.634765625
-7993.1982421875
-7112.03125
-6216.4619140625
-5307.87109375
-4387.6796875
-3457.357421875
-2518.4150390625
-1572.3984375
-620.8876953125
334.5078125
1292.1533203125
2250.3935546875
3207.5615234375
4161.98046875
5111.96875
6055.84765625
6991.947265625
7918.6142578125
8834.2119140625
9737.1298828125
10625.791015625
11498.654296875
12354.220703125
13191.037109375
14007.7021484375
14802.8720703125
15575.2587890625
16323.63671875
17046.845703125
17743.7919921875
18413.44921875
19054.861328125
19667.140625
20249.4697265625
20801.0986328125
21321.3447265625
21809.5947265625
22265.2958984375
22687.95703125
23077.150390625
23432.5
23753.6845703125
24040.4326171875
24292.5185546875
24509.759765625
24692.0146484375
24839.1748046875
24951.169921875
25027.9560546875
25069.51953125
25075.8701171875
25047.0478515625
24983.107421875
24884.130859375
24750.21875
24581.494140625
24378.1044921875
24140.2138671875
23868.0185546875
23561.736328125
23221.6142578125
22847.93359375
22441.009765625
22001.1962890625
21528.8896484375
21024.5322265625
20488.6171875
19921.6923828125
19324.3642578125
18697.3017578125
18041.2392578125
17356.9814453125
16645.4072265625
15907.470703125
15144.2001953125
14356.7080078125
13546.1845703125
12713.900390625
11861.205078125
10989.529296875
10100.3779296875
9195.3291015625
8276.0322265625
7344.1982421875
6401.6005859375
5450.0634765625
4491.4560546875
3527.6875
2560.6943359375
1592.4326171875
624.87109375
-340.02734375
-1300.3037109375
-2254.025390625
-3199.291015625
-4134.2421875
-5057.0751953125
-5966.0546875
-6859.5166015625
-7735.88671875
-8593.685546875
-9431.5390625
-10248.1806640625
-11042.474609375
-11813.4013671875
-12560.0791015625
-13281.7626953125
-13977.8427734375
-14647.853515625
-15291.4736328125
-15908.5185546875
-16498.947265625
-17062.853515625
-17600.46484375
-18112.1318359375
-18598.328125
-19059.6357421875
-19496.7421875
-19910.4248046875
-20301.541015625
-20671.0185546875
-21019.8427734375
-21349.0380859375
-21659.6630859375
-21952.787109375
-22229.4833984375
-22490.8134765625
-22737.8076171875
-22971.458984375
-23192.701171875
-23402.40234375
-23601.3525390625
-23790.24609375
-23969.6767578125
-24140.126953125
-24301.955078125
-24455.3935546875
-24600.5419921875
-24737.357421875
-24865.65625
-24985.115234375
-25095.259765625
-25195.4794921875
-25285.01953125
-25362.990234375
-25428.3759765625
-25480.03515625
-25516.7158203125
-25537.056640625
-25539.611328125
-25522.8486328125
-25485.1728515625
-25424.935546875
-25340.451171875
-25230.0146484375
-25091.912109375
-24924.4462890625
-24725.9443359375
-24494.78125
-24229.392578125
-23928.2958984375
-23590.1015625
-23213.5322265625
-22797.4365234375
-22340.8037109375
-21842.77734375
-21302.6640625
-20719.953125
-20094.31640625
-19425.625
-18713.951171875
-17959.5771484375
-17162.99609375
-16324.91796875
-15446.271484375
-14528.197265625
-13572.0537109375
-12579.408203125
-11552.0322265625
-10491.8974609375
-9401.16796875
-8282.1826171875
-7137.4599609375
-5969.669921875
-4781.6337890625
-3576.2998046875
-2356.7373046875
-1126.1201171875
112.2978515625
1355.1865234375
2599.1669921875
3840.8212890625
5076.712890625
6303.4052734375
7517.47265625
8715.521484375
9894.2060546875
11050.2431640625
12180.4248046875
13281.6376953125
14350.8701171875
15385.23046875
16381.955078125
17338.4208984375
18252.15234375
19120.8310546875
19942.3056640625
20714.5947265625
21435.89453125
22104.5791015625
22719.20703125
23278.5234375
23781.4560546875
24227.123046875
24614.8232421875
24944.0400390625
25214.4375
25425.8544921875
25578.3046875
25671.9677734375
25707.185546875
25684.4560546875
25604.4296875
25467.8974609375
25275.7900390625
25029.1640625
24729.2021484375
24377.201171875
23974.5673828125
23522.8046875
23023.5166015625
22478.3896484375
21889.1884765625
21257.7568359375
20586.0
19875.88671875
19129.4384765625
18348.7255859375
17535.861328125
16692.99609375
15822.3125
14926.0166015625
14006.3408203125
13065.5283203125
12105.837890625
11129.53515625
10138.8857421875
9136.15234375
8123.5927734375
7103.4521484375
6077.9560546875
5049.3125
4019.6982421875
2991.2646484375
1966.119140625
946.333984375
-66.068359375
-1069.1162109375
-2060.8955078125
-3039.5556640625
-4003.310546875
-4950.4521484375
-5879.345703125
-6788.44140625
-7676.279296875
-8541.4873046875
-9382.796875
-10199.0361328125
-10989.1416015625
-11752.158203125
-12487.244140625
-13193.6708984375
-13870.8251953125
-14518.2177734375
-15135.4755859375
-15722.3486328125
-16278.703125
-16804.53125
-17299.9384765625
-17765.1474609375
-18200.494140625
-18606.4267578125
-18983.49609375
-19332.3544921875
-19653.7529296875
-19948.5263671875
-20217.5966796875
-20461.9609375
-20682.68359375
-20880.890625
-21057.755859375
-21214.5
-21352.3759765625
-21472.662109375
-21576.6494140625
-21665.638671875
-21740.9228515625
-21803.787109375
-21855.4912109375
-21897.265625
-21930.2998046875
-21955.740234375
-21974.6728515625
-21988.123046875
-21997.0498046875
-22002.33203125
-22004.76953125
-22005.0791015625
-22003.8818359375
-22001.7099609375
-21998.9990234375
-21996.0849609375
-21993.203125
-21990.4951171875
-21987.9970703125
-21985.6494140625
-21983.30078125
-21980.6962890625
-21977.5029296875
-21973.291015625
-21967.5556640625
-21959.7138671875
-21949.11328125
-21935.03515625
-21916.7041015625
-21893.296875
-21863.9453125
-21827.7470703125
-21783.7724609375
-21731.07421875
-21668.6953125
-21595.6787109375
-21511.0712890625
-21413.9384765625
-21303.37109375
-21178.4892578125
-21038.4580078125
-20882.48828125
-20709.849609375
-20519.873046875
-20311.9658203125
-20085.6064453125
-19840.3623046875
-19575.8876953125
-19291.9306640625
-18988.33984375
-18665.0654296875
-18322.1640625
-17959.7998046875
-17578.2470703125
-17177.89453125
-16759.2392578125
-16322.890625
-15869.5673828125
-15400.09765625
-14915.4140625
-14416.552734375
-13904.6455078125
-13380.9169921875
-12846.6787109375
-12303.322265625
-11752.3134765625
-11195.1796875
-10633.5087890625
-10068.9326171875
-9503.123046875
-8937.7734375
-8374.6025390625
-7815.326171875
-7261.6611328125
-6715.3037109375
-6177.9208984375
-5651.1396484375
-5136.5361328125
-4635.62109375
-4149.8310546875
-3680.515625
-3228.9296875
-2796.216796875
-2383.4072265625
-1991.40625
-1620.9833984375
-1272.767578125
-947.2421875
-644.7333984375
-365.4140625
-109.2958984375
123.775390625
334.1142578125
522.2001953125
688.6787109375
834.3486328125
960.1689453125
1067.2470703125
1156.8359375
1230.32421875
1289.23046875
1335.1884765625
1369.943359375
1395.333984375
1413.2861328125
1425.791015625
1434.9013671875
1442.7109375
1451.3408203125
1462.92578125
1479.59765625
1503.4736328125
1536.6328125
1581.11328125
1638.8857421875
1711.849609375
1801.8115234375
1910.4794921875
2039.4423828125
2190.1689453125
2363.9892578125
2562.08984375
2785.5048828125
3035.109375
3311.615234375
3615.564453125
3947.3251953125
4307.0966796875
4694.8984375
5110.5849609375
5553.8310546875
6024.15234375
6520.8955078125
7043.2529296875
7590.2666015625
8160.8349609375
8753.720703125
9367.5634765625
10000.88671875
10652.1083984375
11319.552734375
12001.4619140625
12696.005859375
13401.298828125
14115.4013671875
14836.3427734375
15562.1279296875
16290.74609375
17020.185546875
17748.443359375
18473.53515625
19193.5048828125
19906.4306640625
20610.439453125
21303.7080078125
21984.47265625
22651.037109375
23301.7734375
23935.1318359375
24549.638671875
25143.9033203125
25716.619140625
26266.568359375
26792.6171875
27293.7216796875
27768.921875
28217.3486328125
28638.2158203125
29030.8212890625
29394.5478515625
29728.853515625
30033.279296875
30307.435546875
30551.009765625
30763.7548828125
30945.4951171875
31096.11328125
31215.5576171875
31303.8310546875
31360.99609375
31387.1689453125
31382.5126953125
31347.24609375
31281.6318359375
31185.98046875
31060.646484375
30906.0322265625
30722.580078125
30510.7783203125
30271.1513671875
30004.275390625
29710.7607421875
29391.263671875
29046.4853515625
28677.1669921875
28284.091796875
27868.091796875
27430.0390625
26970.8515625
26491.494140625
25992.974609375
25476.3486328125
24942.716796875
24393.224609375
23829.0634765625
23251.4677734375
22661.7197265625
22061.1416015625
21451.099609375
20832.998046875
20208.283203125
19578.4345703125
18944.9677734375
18309.4306640625
17673.3974609375
17038.4716796875
16406.2744140625
15778.4482421875
15156.6474609375
14542.5390625
13937.7900390625
13344.0712890625
12763.0478515625
12196.373046875
11645.685546875
11112.599609375
10598.7041015625
10105.5517578125
9634.6572265625
9187.4853515625
8765.4501953125
8369.90625
8002.142578125
7663.373046875
7354.7373046875
7077.2880859375
6831.9873046875
6619.701171875
6441.1943359375
6297.1220703125
6188.0302734375
6114.3447265625
6076.373046875
6074.296875
6108.16796875
6177.9111328125
6283.3134765625
6424.0322265625
6599.5859375
6809.357421875
7052.5966796875
7328.4169921875
7635.80078125
7973.6015625
8340.544921875
8735.2353515625
9156.158203125
9601.69140625
10070.10546875
10559.5712890625
11068.171875
11593.9072265625
12134.7041015625
12688.4267578125
13252.8857421875
13825.84765625
14405.048828125
14988.2021484375
15573.01171875
16157.18359375
16738.439453125
17314.521484375
17883.2119140625
18442.337890625
18989.78515625
19523.5126953125
20041.5546875
20542.0361328125
21023.181640625
21483.3203125
21920.8974609375
22334.4814453125
22722.763671875
23084.576171875
23418.8818359375
23724.7880859375
24001.5458984375
24248.5517578125
24465.345703125
24651.6162109375
24807.193359375
24932.0517578125
25026.3017578125
25090.1904296875
25124.0947265625
25128.5126953125
25104.0634765625
25051.4755859375
24971.58203125
24865.3076171875
24733.6669921875
24577.75
24398.716796875
24197.7861328125
23976.2275390625
23735.3466796875
23476.484375
23201.001953125
22910.2724609375
22605.671875
22288.572265625
21960.3310546875
21622.2861328125
21275.748046875
20921.98828125
20562.2421875
20197.6943359375
19829.4794921875
19458.6767578125
19086.3017578125
18713.3115234375
18340.591796875
17968.9638671875
17599.1796875
17231.9169921875
16867.7880859375
16507.3271484375
16151.0048828125
15799.2197265625
15452.3017578125
15110.513671875
14774.0556640625
14443.064453125
14117.6171875
13797.7333984375
13483.3798828125
13174.4677734375
12870.865234375
12572.3916015625
12278.8251953125
11989.9052734375
11705.333984375
11424.7841796875
11147.89453125
10874.28125
10603.53515625
10335.228515625
10068.9150390625
9804.1337890625
9540.416015625
9277.28125
9014.2451171875
8750.822265625
8486.525390625
8220.873046875
7953.390625
7683.61328125
7411.0859375
7135.3759765625
6856.0615234375
6572.7509765625
6285.0712890625
5992.68359375
5695.2763671875
5392.5751953125
5084.3427734375
4770.384765625
4450.5498046875
4124.73046875
3792.876953125
3454.9833984375
3111.10546875
2761.3525390625
2405.89453125
2044.962890625
1678.8525390625
1307.91796875
932.5810546875
553.3310546875
170.71484375
-214.6513671875
-602.08984375
-990.861328125
-1380.16796875
-1769.1552734375
-2156.9130859375
-2542.4833984375
-2924.861328125
-3303.0
-3675.8173828125
-4042.19921875
-4401.009765625
-4751.0888671875
-5091.2705078125
-5420.380859375
-5737.2509765625
-6040.720703125
-6329.6474609375
-6602.91796875
-6859.4482421875
-7098.1982421875
-7318.1787109375
-7518.4560546875
-7698.1630859375
-7856.5009765625
-7992.75390625
-8106.291015625
-8196.5693359375
-8263.1455078125
-8305.6796875
-8323.935546875
-8317.787109375
-8287.220703125
-8232.3408203125
-8153.3662109375
-8050.6328125
-7924.59375
-7775.8212890625
-7604.9970703125
-7412.919921875
-7200.4921875
-6968.7255859375
-6718.7275390625
-6451.7001953125
-6168.9345703125
-5871.798828125
-5561.73828125
-5240.259765625
-4908.92578125
-4569.3486328125
-4223.1728515625
-3872.0771484375
-3517.751953125
-3161.8984375
-2806.2158203125
-2452.388671875
-2102.0791015625
-1756.9189453125
-1418.494140625
-1088.3408203125
-767.9365234375
-458.6865234375
-161.9228515625
121.1103515625
389.255859375
641.4560546875
876.755859375
1094.3037109375
1293.3603515625
1473.2998046875
1633.611328125
1773.8984375
1893.8837890625
1993.404296875
2072.4130859375
2130.974609375
2169.26171875
2187.5556640625
2186.2353515625
2165.77734375
2126.7490234375
2069.798828125
1995.65234375
1905.1064453125
1799.0166015625
1678.29296875
1543.888671875
1396.7958984375
1238.029296875
1068.6279296875
889.6376953125
702.10546875
507.07421875
305.5673828125
98.5888671875
-112.8876953125
-327.927734375
-545.640625
-765.181640625
-985.767578125
-1206.6689453125
-1427.2255859375
-1646.8408203125
-1864.9912109375
-2081.2255859375
-2295.1650390625
-2506.5068359375
-2715.0224609375
-2920.55859375
-3123.033203125
-3322.4384765625
-3518.8310546875
-3712.3369140625
-3903.142578125
-4091.4912109375
-4277.68359375
-4462.06640625
-4645.03125
-4827.0087890625
-5008.4638671875
-5189.884765625
-5371.7861328125
-5554.6962890625
-5739.15234375
-5925.697265625
-6114.873046875
-6307.2138671875
-6503.2392578125
-6703.455078125
-6908.34375
-7118.359375
-7333.92578125
-7555.435546875
-7783.2353515625
-8017.6396484375
-8258.9091796875
-8507.267578125
-8762.884765625
-9025.8798828125
-9296.326171875
-9574.2412109375
-9859.5908203125
-10152.2919921875
-10452.2099609375
-10759.154296875
-11072.8916015625
-11393.1357421875
-11719.5576171875
-12051.779296875
-12389.3837890625
-12731.912109375
-13078.8662109375
-13429.7177734375
-13783.9013671875
-14140.82421875
-14499.8681640625
-14860.388671875
-15221.724609375
-15583.1982421875
-15944.1142578125
-16303.7724609375
-16661.4619140625
-17016.470703125
-17368.0830078125
-17715.5927734375
-18058.2919921875
-18395.4892578125
-18726.501953125
-19050.6630859375
-19367.328125
-19675.8701171875
-19975.6884765625
-20266.2119140625
-20546.896484375
-20817.234375
-21076.75
-21325.0087890625
-21561.6142578125
-21786.212890625
-21998.49609375
-22198.201171875
-22385.1142578125
-22559.068359375
-22719.947265625
-22867.689453125
-23002.283203125
-23123.76953125
-23232.2421875
-23327.8525390625
-23410.798828125
-23481.3349609375
-23539.765625
-23586.4462890625
-23621.78125
-23646.220703125
-23660.26171875
-23664.443359375
-23659.3447265625
-23645.580078125
-23623.80078125
-23594.6845703125
-23558.939453125
-23517.291015625
-23470.4873046875
-23419.2861328125
-23364.45703125
-23306.7734375
-23247.005859375
-23185.919921875
-23124.271484375
-23062.7998046875
-23002.2216796875
-22943.2314453125
-22886.48828125
-22832.6201171875
-22782.2119140625
-22735.8046875
-22693.8876953125
-22656.904296875
-22625.2333984375
-22599.2001953125
-22579.0615234375
-22565.01171875
-22557.1767578125
-22555.6103515625
-22560.298828125
-22571.1484375
-22588.0
-22610.6181640625
-22638.6904296875
-22671.8349609375
-22709.5986328125
-22751.455078125
-22796.8115234375
-22845.0087890625
-22895.3232421875
-22946.97265625
-22999.1181640625
-23050.865234375
-23101.2724609375
-23149.3544921875
-23194.0830078125
-23234.4013671875
-23269.2138671875
-23297.41015625
-23317.8544921875
-23329.4013671875
-23330.8955078125
-23321.18359375
-23299.11328125
-23263.54296875
-23213.3505859375
-23147.4326171875
-23064.7138671875
-22964.1533203125
-22844.75
-22705.5458984375
-22545.6298828125
-22364.1533203125
-22160.3173828125
-21933.39453125
-21682.720703125
-21407.7060546875
-21107.833984375
-20782.6708984375
-20431.859375
-20055.130859375
-19652.2978515625
-19223.2666015625
-18768.0263671875
-18286.6630859375
-17779.34765625
-17246.3447265625
-16688.0087890625
-16104.7802734375
-15497.19140625
-14865.8603515625
-14211.48828125
-13534.8583984375
-12836.833984375
-12118.3505859375
-11380.4208984375
-10624.12109375
-9850.5947265625
-9061.04296875
-8256.7216796875
-7438.9365234375
-6609.0400390625
-5768.4208984375
-4918.505859375
-4060.74609375
-3196.619140625
-2327.6201171875
-1455.255859375
-581.0380859375
293.5166015625
1166.8955078125
2037.5966796875
2904.1259765625
3765.0107421875
4618.7978515625
5464.0625
6299.4072265625
7123.46484375
7934.90625
8732.439453125
9514.8134765625
10280.8173828125
11029.2880859375
11759.103515625
12469.1875
13158.515625
13826.1044921875
14471.021484375
15092.37890625
15689.337890625
16261.103515625
16806.9267578125
17326.103515625
17817.974609375
18281.9208984375
18717.3681640625
19123.7783203125
19500.658203125
19847.55078125
20164.037109375
20449.7392578125
20704.3134765625
20927.453125
21118.8896484375
21278.3916015625
21405.7626953125
21500.8486328125
21563.5302734375
21593.728515625
21591.404296875
21556.5625
21489.25
21389.55859375
21257.6279296875
21093.6416015625
20897.83984375
20670.509765625
20411.994140625
20122.6923828125
19803.05859375
19453.607421875
19074.912109375
18667.6103515625
18232.396484375
17770.0341796875
17281.3466796875
16767.21875
16228.603515625
15666.5107421875
15082.0146484375
14476.25
13850.4052734375
13205.728515625
12543.5185546875
11865.1240234375
11171.9423828125
10465.41015625
9747.0029296875
9018.232421875
8280.63671875
7535.7802734375
6785.2431640625
6030.619140625
5273.5126953125
4515.52734375
3758.2626953125
3003.30859375
2252.2392578125
1506.6083984375
767.9404296875
37.73046875
-682.56640625
-1391.5390625
-2087.8212890625
-2770.1015625
-3437.123046875
-4087.6904296875
-4720.6748046875
-5335.0068359375
-5929.697265625
-6503.8203125
-7056.52734375
-7587.05078125
-8094.6904296875
-8578.8310546875
-9038.9326171875
-9474.53515625
-9885.25390625
-10270.78125
-10630.890625
-10965.423828125
-11274.2998046875
-11557.5068359375
-11815.10546875
-12047.21875
-12254.0390625
-12435.81640625
-12592.861328125
-12725.54296875
-12834.2802734375
-12919.544921875
-12981.849609375
-13021.7578125
-13039.869140625
-13036.8203125
-13013.2822265625
-12969.95703125
-12907.5693359375
-12826.87109375
-12728.6357421875
-12613.6474609375
-12482.70703125
-12336.6279296875
-12176.2255859375
-12002.322265625
-11815.7392578125
-11617.296875
-11407.806640625
-11188.072265625
-10958.88671875
-10721.02734375
-10475.2509765625
-10222.2998046875
-9962.8857421875
-9697.69921875
-9427.40234375
-9152.623046875
-8873.9580078125
-8591.96875
-8307.1796875
-8020.0732421875
-7731.0947265625
-7440.64453125
-7149.080078125
-6856.712890625
-6563.8115234375
-6270.595703125
-5977.2392578125
-5683.8681640625
-5390.564453125
-5097.359375
-4804.2392578125
-4511.1474609375
-4217.982421875
-3924.5947265625
-3630.798828125
-3336.3671875
-3041.033203125
-2744.4921875
-2446.4111328125
-2146.4189453125
-1844.1201171875
-1539.08984375
-1230.8798828125
-919.0205078125
-603.0234375
-282.388671875
43.400390625
374.8671875
712.5419921875
1056.9580078125
1408.646484375
1768.138671875
2135.9560546875
2512.6142578125
2898.61328125
3294.4375
3700.556640625
4117.4150390625
4545.4306640625
4984.9990234375
5436.482421875
5900.2060546875
6376.462890625
6865.5029296875
7367.53515625
7882.7197265625
8411.1689453125
8952.9423828125
9508.04296875
10076.4140625
10657.9365234375
11252.427734375
11859.630859375
12479.2216796875
13110.7978515625
13753.87890625
14407.9013671875
15072.21875
15746.09765625
16428.712890625
17119.146484375
17816.390625
18519.3388671875
19226.787109375
19937.4365234375
20649.888671875
21362.6494140625
22074.1279296875
22782.6396484375
23486.404296875
24183.5576171875
24872.1455078125
25550.134765625
26215.41796875
26865.8173828125
27499.09375
28112.953125
28705.0576171875
29273.03515625
29814.4853515625
30326.9970703125
30808.15625
31255.55859375
31666.826171875
32039.6171875
32371.642578125
32660.6787109375
32904.5849609375
33101.31640625
33248.939453125
33345.6435546875
33389.763671875
33379.78515625
33314.3671875
33192.3466796875
33012.7587890625
32774.841796875
32478.052734375
32122.078125
31706.833984375
31232.484375
30699.4375
30108.357421875
29460.1611328125
28756.0244140625
27997.375
27185.8974609375
26323.5244140625
25412.431640625
24455.0341796875
23453.9697265625
22412.0966796875
21332.474609375
20218.3505859375
19073.1533203125
17900.4609375
16703.99609375
15487.5986328125
14255.208984375
13010.8486328125
11758.5927734375
10502.5537109375
9246.8544921875
7995.607421875
6752.892578125
5522.7294921875
4309.06640625
3115.7421875
1946.478515625
804.853515625
-305.7158203125
-1381.994140625
-2420.9423828125
-3419.7333984375
-4375.7666015625
-5286.681640625
-6150.3662109375
-6964.9677734375
-7728.896484375
-8440.8349609375
-9099.736328125
-9704.8291015625
-10255.6162109375
-10751.869140625
-11193.625
-11581.1796875
-11915.0791015625
-12196.109375
-12425.2861328125
-12603.83984375
-12733.19921875
-12814.98046875
-12850.9658203125
-12843.0888671875
-12793.4111328125
-12704.1083984375
-12577.4462890625
-12415.763671875
-12221.451171875
-11996.9248046875
-11744.6181640625
-11466.951171875
-11166.3173828125
-10845.064453125
-10505.47265625
-10149.7412109375
-9779.9736328125
-9398.16015625
-9006.1669921875
-8605.71875
-8198.3974609375
-7785.625
-7368.66015625
-6948.591796875
-6526.3330078125
-6102.6220703125
-5678.0166015625
-5252.900390625
-4827.48046875
-4401.796875
-3975.7177734375
-3548.958984375
-3121.083984375
-2691.51953125
-2259.5556640625
-1824.37109375
-1385.0390625
-940.5400390625
-489.7783203125
-31.599609375
435.19921875
911.84765625
1399.58984375
1899.66796875
2413.3017578125
2941.67578125
3485.923828125
4047.1142578125
4626.228515625
5224.1533203125
5841.6669921875
6479.4248046875
7137.9462890625
7817.607421875
8518.625
9241.05859375
9984.7958984375
10749.546875
11534.83984375
12340.025390625
13164.2646484375
14006.5341796875
14865.626953125
15740.15625
16628.556640625
17529.091796875
18439.859375
19358.802734375
20283.7158203125
21212.2607421875
22141.966796875
23070.2578125
23994.45703125
24911.806640625
25819.4755859375
26714.5888671875
27594.2265625
28455.4580078125
29295.3505859375
30110.986328125
30899.484375
31658.017578125
32383.828125
33074.2490234375
33726.7138671875
34338.783203125
34908.154296875
35432.6767578125
35910.373046875
36339.4423828125
36718.28125
37045.4921875
37319.89453125
37540.5322265625
37706.6826171875
37817.86328125
37873.833984375
37874.607421875
37820.4365234375
37711.8330078125
37549.5498046875
37334.5869140625
37068.1826171875
36751.810546875
36387.169921875
35976.171875
35520.939453125
35023.783203125
34487.1953125
33913.8310546875
33306.494140625
32668.1201171875
32001.7568359375
31310.546875
30597.7060546875
29866.5078125
29120.255859375
28362.26953125
27595.859375
26824.3095703125
26050.8544921875
25278.6591796875
24510.7998046875
23750.2470703125
22999.84375
22262.2919921875
21540.1328125
20835.736328125
20151.28515625
19488.7607421875
18849.94140625
18236.3818359375
17649.4150390625
17090.14453125
16559.4423828125
16057.9423828125
15586.048828125
15143.9345703125
14731.5419921875
14348.595703125
13994.6083984375
13668.8837890625
13370.5380859375
13098.505859375
12851.5537109375
12628.2978515625
12427.2197265625
12246.6845703125
12084.9541015625
11940.2099609375
11810.568359375
11694.10546875
11588.869140625
11492.900390625
11404.2548828125
11321.0166015625
11241.3154296875
11163.3466796875
11085.3837890625
11005.794921875
10923.048828125
10835.736328125
10742.572265625
10642.408203125
10534.234375
10417.1904296875
10290.5615234375
10153.78515625
10006.4501953125
9848.287109375
9679.173828125
9499.125
9308.2841796875
9106.91796875
8895.404296875
8674.220703125
8443.9345703125
8205.1865234375
7958.681640625
7705.173828125
7445.4453125
7180.302734375
6910.5546875
6637.0
6360.416015625
6081.5419921875
5801.0703125
5519.6298828125
5237.7861328125
4956.0166015625
4674.7216796875
4394.2001953125
4114.66015625
3836.205078125
3558.83984375
3282.462890625
3006.8779296875
2731.791015625
2456.81640625
2181.482421875
1905.2451171875
1627.48828125
1347.54296875
1064.6953125
778.1962890625
487.279296875
191.1748046875
-110.8837890625
-419.6328125
-735.7744140625
-1059.9580078125
-1392.763671875
-1734.6943359375
-2086.1611328125
-2447.466796875
-2818.8017578125
-3200.2275390625
-3591.67578125
-3992.93359375
-4403.642578125
-4823.29296875
-5251.224609375
-5686.6181640625
-6128.5068359375
-6575.7685546875
-7027.1357421875
-7481.203125
-7936.4287109375
-8391.1474609375
-8843.578125
-9291.837890625
-9733.951171875
-10167.8681640625
-10591.47265625
-11002.6005859375
-11399.0546875
-11778.6201171875
-12139.08203125
-12478.236328125
-12793.912109375
-13083.9814453125
-13346.376953125
-13579.107421875
-13780.267578125
-13948.05078125
-14080.7666015625
-14176.84375
-14234.8447265625
-14253.470703125
-14231.5712890625
-14168.15234375
-14062.3701171875
-13913.5458984375
-13721.1640625
-13484.869140625
-13204.46875
-12879.93359375
-12511.3876953125
-12099.1171875
-11643.55078125
-11145.263671875
-10604.9716796875
-10023.5224609375
-9401.88671875
-8741.1513671875
-8042.517578125
-7307.2861328125
-6536.853515625
-5732.703125
-4896.396484375
-4029.568359375
-3133.9169921875
-2211.2001953125
-1263.2265625
-291.8515625
701.0322265625
1713.4912109375
2743.5673828125
3789.2724609375
4848.5966796875
5919.5107421875
6999.9697265625
8087.9150390625
9181.2734375
10277.9697265625
11375.9150390625
12473.021484375
13567.1923828125
14656.3369140625
15738.361328125
16811.1787109375
17872.705078125
18920.8701171875
19953.61328125
20968.8916015625
21964.6796875
22938.98046875
23889.8203125
24815.2646484375
25713.416015625
26582.4208984375
27420.478515625
28225.8466796875
28996.8427734375
29731.861328125
30429.37109375
31087.9267578125
31706.173828125
32282.8603515625
32816.833984375
33307.060546875
33752.6201171875
34152.7177734375
34506.689453125
34814.0029296875
35074.265625
35287.224609375
35452.7744140625
35570.953125
35641.9443359375
35666.0859375
35643.85546875
35575.8798828125
35462.9287109375
35305.912109375
35105.8759765625
34863.99609375
34581.57421875
34260.0341796875
33900.908203125
33505.8349609375
33076.546875
32614.8701171875
32122.7041015625
31602.0166015625
31054.8388671875
30483.2490234375
29889.3642578125
29275.3330078125
28643.3232421875
27995.509765625
27334.0673828125
26661.1650390625
25978.9482421875
25289.537109375
24595.013671875
23897.416015625
23198.7314453125
22500.884765625
21805.736328125
21115.0732421875
20430.6064453125
19753.958984375
19086.6669921875
18430.17578125
17785.8291015625
17154.8740234375
16538.4521484375
15937.59765625
15353.2373046875
14786.18359375
14237.1416015625
13706.6953125
13195.318359375
12703.3662109375
12231.0751953125
11778.568359375
11345.849609375
10932.8037109375
10539.201171875
10164.697265625
9808.8291015625
9471.0234375
9150.595703125
8846.7529296875
8558.59375
8285.1162109375
8025.21875
7777.7041015625
7541.2841796875
7314.5888671875
7096.1689453125
6884.5009765625
6677.9990234375
6475.0205078125
6273.875
6072.8330078125
5870.1357421875
5664.01171875
5452.6748046875
5234.3486328125
5007.2734375
4769.7197265625
4519.998046875
4256.4775390625
3977.5966796875
3681.8740234375
3367.9267578125
3034.4814453125
2680.3857421875
2304.623046875
1906.32421875
1484.7802734375
1039.44921875
569.96875
76.166015625
-441.9345703125
-984.109375
-1549.9228515625
-2138.7333984375
-2749.6796875
-3381.6884765625
-4033.4736328125
-4703.533203125
-5390.1640625
-6091.45703125
-6805.310546875
-7529.4384765625
-8261.3818359375
-8998.5166015625
-9738.076171875
-10477.1591796875
-11212.75
-11941.734375
-12660.9208984375
-13367.0576171875
-14056.857421875
-14727.0166015625
-15374.234375
-15995.240234375
-16586.814453125
-17145.80859375
-17669.1689453125
-18153.9580078125
-18597.37890625
-18996.7890625
-19349.7255859375
-19653.921875
-19907.326171875
-20108.115234375
-20254.7099609375
-20345.7890625
-20380.30078125
-20357.470703125
-20276.810546875
-20138.126953125
-19941.5166015625
-19687.3828125
-19376.4208984375
-19009.6240234375
-18588.2822265625
-18113.9658203125
-17588.533203125
-17014.107421875
-16393.076171875
-15728.0703125
-15021.9580078125
-14277.826171875
-13498.9599609375
-12688.83203125
-11851.0791015625
-10989.482421875
-10107.953125
-9210.5009765625
-8301.220703125
-7384.2685546875
-6463.83984375
-5544.1435546875
-4629.3876953125
-3723.7490234375
-2831.3544921875
-1956.2646484375
-1102.443359375
-273.748046875
526.0986328125
1293.5205078125
2025.1083984375
2717.640625
3368.0888671875
3973.642578125
4531.71875
5039.9697265625
5496.2998046875
5898.8740234375
6246.12109375
6536.7490234375
6769.7392578125
6944.36328125
7060.171875
7117.0087890625
7115.0
7054.560546875
6936.3857421875
6761.447265625
6530.9912109375
6246.5283203125
5909.8232421875
5522.890625
5087.98046875
4607.56640625
4084.33203125
3521.1611328125
2921.1181640625
2287.435546875
1623.4912109375
932.7978515625
218.984375
-514.2294921875
-1263.04296875
-2023.6044921875
-2792.01953125
-3564.3828125
-4336.7861328125
-5105.3505859375
-5866.23828125
-6615.673828125
-7349.966796875
-8065.525390625
-8758.880859375
-9426.7001953125
-10065.802734375
-10673.185546875
-11246.025390625
-11781.7001953125
-12277.80078125
-12732.142578125
-13142.775390625
-13507.9931640625
-13826.3408203125
-14096.6201171875
-14317.89453125
-14489.4970703125
-14611.021484375
-14682.33203125
-14703.556640625
-14675.0859375
-14597.5693359375
-14471.90625
-14299.240234375
-14080.9521484375
-13818.6484375
-13514.1474609375
-13169.4716796875
-12786.8291015625
-12368.603515625
-11917.3388671875
-11435.716796875
-10926.55078125
-10392.759765625
-9837.3544921875
-9263.4208984375
-8674.0966796875
-8072.564453125
-7462.0185546875
-6845.6630859375
-6226.681640625
-5608.2314453125
-4993.4140625
-4385.2744140625
-3786.7734375
-3200.783203125
-2630.0634765625
-2077.2578125
-1544.880859375
-1035.30078125
-550.740234375
-93.2578125
335.25
733.0625
1098.634765625
1430.6064453125
1727.794921875
1989.212890625
2214.0517578125
2401.693359375
2551.703125
2663.830078125
2738.001953125
2774.322265625
2773.064453125
2734.666015625
2659.7265625
2548.9931640625
2403.3603515625
2223.857421875
2011.6435546875
1767.994140625
1494.2998046875
1192.046875
862.8173828125
508.275390625
130.1552734375
-269.7431640625
-689.56640625
-1127.4208984375
-1581.3720703125
-2049.4658203125
-2529.7294921875
-3020.181640625
-3518.84375
-4023.74609375
-4532.9345703125
-5044.48046875
-5556.48828125
-6067.0986328125
-6574.5009765625
-7076.9296875
-7572.6806640625
-8060.1083984375
-8537.63671875
-9003.75390625
-9457.02734375
-9896.09765625
-10319.6875
-10726.599609375
-11115.7216796875
-11486.0224609375
-11836.5625
-12166.4814453125
-12475.0068359375
-12761.4541015625
-13025.2177734375
-13265.77734375
-13482.6943359375
-13675.60546875
-13844.2236328125
-13988.337890625
-14107.8056640625
-14202.548828125
-14272.5537109375
-14317.8642578125
-14338.5791015625
-14334.8505859375
-14306.87109375
-14254.8818359375
-14179.1552734375
-14080.0
-13957.751953125
-13812.771484375
-13645.4404296875
-13456.1552734375
-13245.3251953125
-13013.3681640625
-12760.7060546875
-12487.765625
-12194.9716796875
-11882.7470703125
-11551.5068359375
-11201.6630859375
-10833.6171875
-10447.76171875
-10044.482421875
-9624.154296875
-9187.1376953125
-8733.7900390625
-8264.4599609375
-7779.4892578125
-7279.212890625
-6763.9638671875
-6234.078125
-5689.888671875
-5131.7353515625
-4559.9658203125
-3974.939453125
-3377.0283203125
-2766.623046875
-2144.1357421875
-1509.9990234375
-864.6796875
-208.6708984375
457.5
1133.2666015625
1818.025390625
2511.126953125
3211.880859375
3919.546875
4633.3408203125
5352.42578125
6075.91796875
6802.880859375
7532.3271484375
8263.2236328125
8994.4853515625
9724.9794921875
10453.5322265625
11178.9189453125
11899.8837890625
12615.1279296875
13323.322265625
14023.1064453125
14713.09765625
15391.890625
16058.0703125
16710.2060546875
17346.8701171875
17966.634765625
18568.0791015625
19149.8017578125
19710.4208984375
20248.5810546875
20762.96484375
21252.294921875
21715.3408203125
22150.9267578125
22557.9375
22935.32421875
23282.109375
23597.392578125
23880.3583984375
24130.27734375
24346.51171875
24528.5205078125
24675.86328125
24788.201171875
24865.3017578125
24907.037109375
24913.392578125
24884.4619140625
24820.44921875
24721.669921875
24588.548828125
24421.619140625
24221.5234375
23989.0048828125
23724.9130859375
23430.193359375
23105.8857421875
22753.1201171875
22373.1123046875
21967.1611328125
21536.634765625
21082.97265625
20607.673828125
20112.2978515625
19598.4462890625
19067.765625
18521.9345703125
17962.6611328125
17391.666015625
16810.6865234375
16221.4609375
15625.724609375
15025.19921875
14421.58984375
13816.5712890625
13211.7900390625
12608.8486328125
12009.302734375
11414.65625
10826.35546875
10245.7802734375
9674.23828125
9112.96875
8563.1279296875
8025.7900390625
7501.9443359375
6992.4892578125
6498.232421875
6019.888671875
5558.0771484375
5113.318359375
4686.0380859375
4276.5634765625
3885.123046875
3511.8525390625
3156.787109375
2819.869140625
2500.947265625
2199.779296875
1916.037109375
1649.3017578125
1399.072265625
1164.7685546875
945.732421875
741.23046875
550.4638671875
372.5625
206.59765625
51.5810546875
-93.529296875
-229.8232421875
-358.4375
-480.546875
-597.3623046875
-710.125
-820.1015625
-928.5791015625
-1036.859375
-1146.2529296875
-1258.078125
-1373.6474609375
-1494.2685546875
-1621.236328125
-1755.8251953125
-1899.2861328125
-2052.8369140625
-2217.658203125
-2394.888671875
-2585.611328125
-2790.85546875
-3011.583984375
-3248.689453125
-3502.986328125
-3775.203125
-4065.978515625
-4375.8505859375
-4705.25390625
-5054.5126953125
-5423.83203125
-5813.294921875
-6222.8564453125
-6652.3369140625
-7101.419921875
-7569.64453125
-8056.4072265625
-8560.955078125
-9082.3857421875
-9619.642578125
-10171.521484375
-10736.666015625
-11313.5673828125
-11900.576171875
-12495.8916015625
-13097.580078125
-13703.5732421875
-14311.67578125
-14919.5751953125
-15524.8505859375
-16124.9814453125
-16717.357421875
-17299.296875
-17868.0546875
-18420.8369140625
-18954.8154296875
-19467.1474609375
-19954.98828125
-20415.51171875
-20845.9228515625
-21243.48046875
-21605.513671875
-21929.44140625
-22212.7861328125
-22453.2001953125
-22648.4765625
-22796.5693359375
-22895.6103515625
-22943.927734375
-22940.0546875
-22882.7529296875
-22771.017578125
-22604.0966796875
-22381.4970703125
-22102.99609375
-21768.6455078125
-21378.7841796875
-20934.0361328125
-20435.3203125
-19883.841796875
-19281.103515625
-18628.888671875
-17929.2685546875
-17184.5927734375
-16397.4755859375
-15570.791015625
-14707.66015625
-13811.4375
-12885.6962890625
-11934.20703125
-10960.9287109375
-9969.982421875
-8965.634765625
-7952.2685546875
-6934.375
-5916.515625
-4903.3095703125
-3899.40625
-2909.4560546875
-1938.0947265625
-989.912109375
-69.43359375
818.9091796875
1670.798828125
2482.048828125
3248.6396484375
3966.72265625
4632.654296875
5243.001953125
5794.5703125
6284.4169921875
6709.859375
7068.4951171875
7358.2109375
7577.1943359375
7723.9375
7797.2470703125
7796.25
7720.3935546875
7569.451171875
7343.517578125
7043.0126953125
6668.6728515625
6221.5517578125
5703.01171875
5114.71484375
4458.6181640625
3736.958984375
2952.25
2107.263671875
1205.0166015625
248.759765625
-758.0341796875
-1811.6943359375
-2908.359375
-4044.0009765625
-5214.4326171875
-6415.3359375
-7642.271484375
-8890.7021484375
-10156.00390625
-11433.494140625
-12718.439453125
-14006.080078125
-15291.64453125
-16570.3662109375
-17837.5087890625
-19088.3740234375
-20318.3203125
-21522.7802734375
-22697.28125
-23837.4521484375
-24939.0419921875
-25997.9375
-27010.16796875
-27971.9306640625
-28879.591796875
-29729.705078125
-30519.0166015625
-31244.484375
-31903.27734375
-32492.7919921875
-33010.6552734375
-33454.734375
-33823.142578125
-34114.2431640625
-34326.6572265625
-34459.26171875
-34511.19921875
-34481.8740234375
-34370.9580078125
-34178.384765625
-33904.3564453125
-33549.3349609375
-33114.044921875
-32599.466796875
-32006.833984375
-31337.62890625
-30593.5751953125
-29776.62890625
-28888.978515625
-27933.02734375
-26911.390625
-25826.884765625
-24682.5126953125
-23481.4599609375
-22227.076171875
-20922.8671875
-19572.4794921875
-18179.6884765625
-16748.3837890625
-15282.5576171875
-13786.287109375
-12263.7177734375
-10719.05859375
-9156.5556640625
-7580.4814453125
-5995.12109375
-4404.7578125
-2813.6533203125
-1226.0361328125
353.912109375
1922.0712890625
3474.400390625
5006.947265625
6515.865234375
7997.4189453125
9448.0068359375
10864.1650390625
12242.580078125
13580.1015625
14873.7490234375
16120.7216796875
17318.40625
18464.3876953125
19556.4462890625
20592.576171875
21570.9775390625
22490.0703125
23348.490234375
24145.0927734375
24878.9560546875
25549.376953125
26155.876953125
26698.1904296875
27176.2734375
27590.2900390625
27940.6123046875
28227.818359375
28452.677734375
28616.15625
28719.3974609375
28763.7197265625
28750.609375
28681.705078125
28558.794921875
28383.8017578125
28158.7734375
27885.8720703125
27567.36328125
27205.6015625
26803.0244140625
26362.134765625
25885.4912109375
25375.697265625
24835.388671875
24267.2236328125
23673.8701171875
23057.994140625
22422.2509765625
21769.275390625
21101.671875
20422.0009765625
19732.7822265625
19036.4736328125
18335.470703125
17632.1015625
16928.615234375
16227.18359375
15529.890625
14838.73046875
14155.609375
13482.333984375
12820.6171875
12172.07421875
11538.2216796875
10920.4775390625
10320.1630859375
9738.501953125
9176.625
8635.568359375
8116.275390625
7619.6015625
7146.31640625
6697.107421875
6272.5771484375
5873.2509765625
5499.5830078125
5151.94921875
4830.65625
4535.9453125
4267.9873046875
4026.89453125
3812.7109375
3625.4228515625
3464.9541015625
3331.1689453125
3223.8720703125
3142.80859375
3087.662109375
3058.056640625
3053.5537109375
3073.6494140625
3117.779296875
3185.3076171875
3275.5361328125
3387.6943359375
3520.939453125
3674.357421875
3846.9619140625
4037.6865234375
4245.392578125
4468.861328125
4706.80078125
4957.8388671875
5220.5283203125
5493.3486328125
5774.7041015625
6062.931640625
6356.3017578125
6653.017578125
6951.23046875
7249.03515625
7544.4814453125
7835.5810546875
8120.3125
8396.630859375
8662.4775390625
8915.7880859375
9154.5029296875
9376.578125
9579.9951171875
9762.7724609375
9922.9775390625
10058.736328125
10168.2470703125
10249.7890625
10301.736328125
10322.564453125
10310.865234375
10265.35546875
10184.8857421875
10068.4482421875
9915.1875
9724.4013671875
9495.556640625
9228.2861328125
8922.396484375
8577.8720703125
8194.8720703125
7773.7373046875
7314.9892578125
6819.322265625
6287.6083984375
5720.890625
5120.3759765625
4487.43359375
3823.583984375
3130.4951171875
2409.9697265625
1663.9375
894.4423828125
103.6376953125
-706.232421875
-1532.8447265625
-2373.80078125
-3226.6533203125
-4088.90625
-4958.0380859375
-5831.50390625
-6706.7607421875
-7581.2705078125
-8452.513671875
-9318.0068359375
-10175.3056640625
-11022.0263671875
-11855.8427734375
-12674.505859375
-13475.8486328125
-14257.79296875
-15018.3623046875
-15755.6806640625
-16467.9833984375
-17153.6162109375
-17811.0478515625
-18438.86328125
-19035.7744140625
-19600.615234375
-20132.3447265625
-20630.046875
-21092.931640625
-21520.3291015625
-21911.6923828125
-22266.5927734375
-22584.716796875
-22865.865234375
-23109.947265625
-23316.9765625
-23487.0693359375
-23620.4384765625
-23717.3916015625
-23778.3232421875
-23803.71484375
-23794.1259765625
-23750.1953125
-23672.6328125
-23562.2177734375
-23419.7958984375
-23246.271484375
-23042.6123046875
-22809.837890625
-22549.0244140625
-22261.2958984375
-21947.826171875
-21609.8359375
-21248.58984375
-20865.3935546875
-20461.59765625
-20038.587890625
-19597.791015625
-19140.669921875
-18668.7216796875
-18183.4814453125
-17686.5126953125
-17179.4111328125
-16663.8037109375
-16141.3427734375
-15613.708984375
-15082.6044921875
-14549.7529296875
-14016.8974609375
-13485.794921875
-12958.2158203125
-12435.9404296875
-11920.75
-11414.4267578125
-10918.7529296875
-10435.498046875
-9966.4150390625
-9513.2421875
-9077.6865234375
-8661.42578125
-8266.095703125
-7893.2919921875
-7544.5517578125
-7221.357421875
-6925.123046875
-6657.1865234375
-6418.8056640625
-6211.150390625
-6035.29296875
-5892.201171875
-5782.7353515625
-5707.6328125
-5667.51171875
-5662.8564453125
-5694.015625
-5761.1953125
-5864.4541015625
-6003.7001953125
-6178.6845703125
-6388.9970703125
-6634.0703125
-6913.171875
-7225.40234375
-7569.701171875
-7944.8408203125
-8349.435546875
-8781.93359375
-9240.6337890625
-9723.677734375
-10229.0634765625
-10754.6494140625
-11298.1611328125
-11857.1982421875
-12429.2509765625
-13011.6982421875
-13601.8330078125
-14196.86328125
-14793.9296875
-15390.119140625
-15982.478515625
-16568.0302734375
-17143.7861328125
-17706.765625
-18254.0087890625
-18782.5966796875
-19289.6640625
-19772.421875
-20228.1640625
-20654.296875
-21048.3408203125
-21407.958984375
-21730.9619140625
-22015.328125
-22259.21875
-22460.98046875
-22619.1689453125
-22732.552734375
-22800.1220703125
-22821.0986328125
-22794.9453125
-22721.3603515625
-22600.294921875
-22431.94140625
-22216.744140625
-21955.390625
-21648.8134765625
-21298.181640625
-20904.89453125
-20470.578125
-19997.068359375
-19486.4033203125
-18940.8125
-18362.6962890625
-17754.62109375
-17119.2890625
-16459.5322265625
-15778.2890625
-15078.58203125
-14363.50390625
-13636.193359375
-12899.8154296875
-12157.5390625
-11412.517578125
-10667.8681640625
-9926.6494140625
-9191.845703125
-8466.3388671875
-7752.9033203125
-7054.1748046875
-6372.642578125
-5710.630859375
-5070.28515625
-4453.5634765625
-3862.216796875
-3297.7890625
-2761.6044921875
-2254.76171875
-1778.130859375
-1332.3505859375
-917.8291015625
-534.7421875
-183.0361328125
137.564453125
427.5517578125
687.6318359375
918.7080078125
1121.875
1298.408203125
1449.7451171875
1577.478515625
1683.337890625
1769.1728515625
1836.9423828125
1888.6884765625
1926.5302734375
1952.6416015625
1969.2314453125
1978.5322265625
1982.78125
1984.19921875
1984.9833984375
1987.28515625
1993.197265625
2004.7421875
2023.8564453125
2052.376953125
2092.0361328125
2144.447265625
2211.09375
2293.3271484375
2392.3564453125
2509.2451171875
2644.9013671875
2800.0859375
2975.3955078125
3171.2763671875
3388.0126953125
3625.736328125
3884.4228515625
4163.8984375
4463.8427734375
4783.7919921875
5123.146484375
5481.177734375
5857.029296875
6249.732421875
6658.2060546875
7081.26953125
7517.650390625
7965.9921875
8424.8623046875
8892.765625
9368.1474609375
9849.40625
10334.9052734375
10822.9765625
11311.9345703125
11800.0830078125
12285.7265625
12767.1767578125
13242.763671875
13710.8408203125
14169.796875
14618.0634765625
15054.1240234375
15476.51953125
15883.85546875
16274.8115234375
16648.1474609375
17002.708984375
17337.4375
17651.3681640625
17943.64453125
18213.5185546875
18460.3544921875
18683.6357421875
18882.9697265625
19058.0859375
19208.8408203125
19335.2236328125
19437.3505859375
19515.470703125
19569.9677734375
19601.3515625
19610.263671875
19597.4736328125
19563.8720703125
19510.4736328125
19438.4072265625
19348.912109375
19243.3349609375
19123.1142578125
18989.78515625
18844.9599609375
18690.3232421875
18527.623046875
18358.6611328125
18185.27734375
18009.341796875
17832.7412109375
17657.3681640625
17485.1064453125
17317.818359375
17157.33203125
17005.4306640625
16863.83203125
16734.185546875
16618.0498046875
16516.8896484375
16432.056640625
16364.78125
16316.1630859375
16287.1591796875
16278.576171875
16291.0615234375
16325.0986328125
16380.998046875
16458.8974609375
16558.7529296875
16680.3427734375
16823.2587890625
16986.916015625
17170.55078125
17373.22265625
17593.8232421875
17831.076171875
18083.552734375
18349.673828125
18627.7216796875
18915.8544921875
19212.1142578125
19514.44140625
19820.6884765625
20128.63671875
20436.0068359375
20740.4794921875
21039.7099609375
21331.34375
21613.03515625
21882.458984375
22137.3330078125
22375.4306640625
22594.595703125
22792.7607421875
22967.9580078125
23118.3330078125
23242.162109375
23337.857421875
23403.9794921875
23439.2509765625
23442.556640625
23412.95703125
23349.6904296875
23252.17578125
23120.017578125
22953.0087890625
22751.1220703125
22514.5185546875
22243.5380859375
21938.6943359375
21600.673828125
21230.3291015625
20828.66015625
20396.8193359375
19936.0947265625
19447.8974609375
18933.7548828125
18395.29296875
17834.232421875
17252.3662109375
16651.5498046875
16033.69140625
15400.734375
14754.6455078125
14097.4013671875
13430.978515625
12757.337890625
12078.4150390625
11396.1103515625
10712.2763671875
10028.7119140625
9347.146484375
8669.2421875
7996.583984375
7330.66796875
6672.904296875
6024.611328125
5387.009765625
4761.224609375
4148.28515625
3549.1220703125
2964.568359375
2395.365234375
1842.1572265625
1305.505859375
785.8828125
283.6806640625
-200.783203125
-667.2666015625
-1115.587890625
-1545.6318359375
-1957.333984375
-2350.6826171875
-2725.7099609375
-3082.4892578125
-3421.1259765625
-3741.7607421875
-4044.5537109375
-4329.6962890625
-4597.3935546875
-4847.873046875
-5081.3720703125
-5298.1474609375
-5498.4658203125
-5682.6083984375
-5850.869140625
-6003.5546875
-6140.990234375
-6263.515625
-6371.4912109375
-6465.2978515625
-6545.3408203125
-6612.0546875
-6665.9013671875
-6707.3798828125
-6737.021484375
-6755.4013671875
-6763.130859375
-6760.873046875
-6749.3291015625
-6729.2529296875
-6701.447265625
-6666.7607421875
-6626.0927734375
-6580.388671875
-6530.642578125
-6477.884765625
-6423.193359375
-6367.6767578125
-6312.47265625
-6258.7451171875
-6207.6748046875
-6160.453125
-6118.2724609375
-6082.3154296875
-6053.751953125
-6033.724609375
-6023.3369140625
-6023.6484375
-6035.658203125
-6060.2958984375
-6098.4130859375
-6150.7724609375
-6218.0322265625
-6300.7421875
-6399.333984375
-6514.109375
-6645.234375
-6792.7353515625
-6956.484375
-7136.2080078125
-7331.470703125
-7541.681640625
-7766.0927734375
-8003.7958984375
-8253.728515625
-8514.6767578125
-8785.283203125
-9064.0498046875
-9349.3505859375
-9639.4375
-9932.455078125
-10226.45703125
-10519.4111328125
-10809.2216796875
-11093.7431640625
-11370.8037109375
-11638.2099609375
-11893.78125
-12135.359375
-12360.8291015625
-12568.1435546875
-12755.3369140625
-12920.5498046875
-13062.04296875
-13178.2197265625
-13267.642578125
-13329.048828125
-13361.3662109375
-13363.7265625
-13335.4833984375
-13276.21484375
-13185.73828125
-13064.1162109375
-12911.6611328125
-12728.94140625
-12516.779296875
-12276.251953125
-12008.685546875
-11715.654296875
-11398.97265625
-11060.6787109375
-10703.0302734375
-10328.490234375
-9939.7041015625
-9539.4912109375
-9130.818359375
-8716.7841796875
-8300.595703125
-7885.5419921875
-7474.9736328125
-7072.275390625
-6680.83984375
-6304.044921875
-5945.21875
-5607.625
-5294.427734375
-5008.6669921875
-4753.236328125
-4530.85546875
-4344.05078125
-4195.1259765625
-4086.15234375
-4018.939453125
-3995.0205078125
-4015.6416015625
-4081.7421875
-4193.94921875
-4352.5625
-4557.5537109375
-4808.5546875
-5104.86328125
-5445.4365234375
-5828.90234375
-6253.552734375
-6717.36328125
-7217.9931640625
-7752.8037109375
-8318.869140625
-8912.9951171875
-9531.734375
-10171.4052734375
-10828.12109375
-11497.8046875
-12176.2138671875
-12858.970703125
-13541.5849609375
-14219.4814453125
-14888.029296875
-15542.5673828125
-16178.435546875
-16791.0009765625
-17375.6865234375
-17927.9990234375
-18443.5556640625
-18918.1123046875
-19347.583984375
-19728.0791015625
-20055.912109375
-20327.6298828125
-20540.0341796875
-20690.1982421875
-20775.484375
-20793.556640625
-20742.400390625
-20620.3251953125
-20425.986328125
-20158.376953125
-19816.8466796875
-19401.0966796875
-18911.1875
-18347.5283203125
-17710.884765625
-17002.3662109375
-16223.4228515625
-15375.8349609375
-14461.703125
-13483.4326171875
-12443.7275390625
-11345.5634765625
-10192.1826171875
-8987.0654296875
-7733.9169921875
-6436.6416015625
-5099.3271484375
-3726.22265625
-2321.7099609375
-890.2822265625
563.4755859375
2034.9150390625
3519.3466796875
5012.060546875
6508.3544921875
8003.556640625
9493.04296875
10972.265625
12436.767578125
13882.2109375
15304.38671875
16699.2421875
18062.8896484375
19391.6298828125
20681.95703125
21930.5830078125
23134.4404296875
24290.6953125
25396.7568359375
26450.28515625
27449.19140625
28391.650390625
29276.0966796875
30101.2294921875
30866.0078125
31569.6533203125
32211.646484375
32791.72265625
33309.861328125
33766.287109375
34161.45703125
34496.0556640625
34770.978515625
34987.3310546875
35146.4091796875
35249.6923828125
35298.830078125
35295.6298828125
35242.0400390625
35140.142578125
34992.134765625
34800.318359375
34567.0849609375
34294.8994140625
33986.29296875
33643.8447265625
33270.1689453125
32867.90625
32439.7060546875
31988.21875
31516.08203125
31025.912109375
30520.2880859375
30001.7509765625
29472.7841796875
28935.8115234375
28393.185546875
27847.1826171875
27299.9921875
26753.7109375
26210.3388671875
25671.7705078125
25139.7939453125
24616.0791015625
24102.1806640625
23599.529296875
23109.43359375
22633.0673828125
22171.4814453125
21725.587890625
21296.1640625
20883.85546875
20489.1669921875
20112.4677734375
19753.990234375
19413.826171875
19091.935546875
18788.1396484375
18502.12890625
18233.458984375
17981.5576171875
17745.7294921875
17525.1533203125
17318.888671875
17125.8828125
16944.9736328125
16774.89453125
16614.2822265625
16461.6806640625
16315.552734375
16174.2802734375
16036.1826171875
15899.5166015625
15762.4873046875
15623.2607421875
15479.97265625
15330.736328125
15173.6552734375
15006.8369140625
14828.3955078125
14636.4736328125
14429.2470703125
14204.9375
13961.822265625
13698.2529296875
13412.6572265625
13103.5537109375
12769.5634765625
12409.41796875
12021.9716796875
11606.205078125
11161.2373046875
10686.3349609375
10180.9140625
9644.548828125
9076.9775390625
8478.1015625
7847.9931640625
7186.89453125
6495.2216796875
5773.5576171875
5022.6572265625
4243.4404296875
3436.994140625
2604.55859375
1747.529296875
867.4462890625
-34.013671875
-955.0419921875
-1893.712890625
-2847.990234375
-3815.7421875
-4794.74609375
-5782.7080078125
-6777.267578125
-7776.0205078125
-8776.5205078125
-9776.2998046875
-10772.876953125
-11763.779296875
-12746.5419921875
-13718.7275390625
-14677.94140625
-15621.8349609375
-16548.1220703125
-17454.5888671875
-18339.1015625
-19199.61328125
-20034.177734375
-20840.94921875
-21618.197265625
-22364.30078125
-23077.7626953125
-23757.205078125
-24401.37890625
-25009.15625
-25579.5400390625
-26111.6591796875
-26604.763671875
-27058.23046875
-27471.5556640625
-27844.3486328125
-28176.333984375
-28467.3427734375
-28717.3095703125
-28926.2626953125
-29094.3232421875
-29221.6982421875
-29308.6708984375
-29355.595703125
-29362.89453125
-29331.048828125
-29260.58984375
-29152.0986328125
-29006.1962890625
-28823.537109375
-28604.8115234375
-28350.7314453125
-28062.0302734375
-27739.4609375
-27383.7890625
-26995.7958984375
-26576.2666015625
-26125.998046875
-25645.7919921875
-25136.4560546875
-24598.8037109375
-24033.65234375
-23441.8291015625
-22824.1640625
-22181.4990234375
-21514.68359375
-20824.578125
-20112.0615234375
-19378.021484375
-18623.3701171875
-17849.03515625
-17055.966796875
-16245.1416015625
-15417.5595703125
-14574.248046875
-13716.265625
-12844.6982421875
-11960.6611328125
-11065.30078125
-10159.794921875
-9245.3486328125
-8323.1943359375
-7394.591796875
-6460.82421875
-5523.197265625
-4583.03125
-3641.6611328125
-2700.4326171875
-1760.6923828125
-823.7900390625
108.9365234375
1036.1572265625
1956.568359375
2868.8857421875
3771.8623046875
4664.29296875
5545.017578125
6412.93359375
7266.9990234375
8106.244140625
8929.7744140625
9736.7783203125
10526.5361328125
11298.419921875
12051.908203125
12786.58203125
13502.1337890625
14198.369140625
14875.2109375
15532.703125
16171.005859375
16790.4013671875
17391.291015625
17974.1953125
18539.75
19088.703125
19621.9072265625
20140.3212890625
20644.998046875
21137.0791015625
21617.7841796875
22088.4072265625
22550.2978515625
23004.8642578125
23453.546875
23897.8154296875
24339.1572265625
24779.0576171875
25218.994140625
25660.4169921875
26104.7431640625
26553.333984375
27007.486328125
27468.42578125
27937.2783203125
28415.0732421875
28902.724609375
29401.0185546875
29910.607421875
30431.9970703125
30965.5400390625
31511.4267578125
32069.6796875
32640.1484375
33222.5068359375
33816.248046875
34420.685546875
35034.9501953125
35657.9970703125
36288.6015625
36925.369140625
37566.7412109375
38210.994140625
38856.2578125
39500.5205078125
40141.6376953125
40777.3486328125
41405.283203125
42022.9814453125
42627.9033203125
43217.4482421875
43788.9677734375
44339.78125
44867.1953125
45368.5185546875
45841.080078125
46282.2431640625
46689.423828125
47060.1103515625
47391.87109375
47682.376953125
47929.412109375
48130.890625
48284.865234375
48389.54296875
48443.294921875
48444.6640625
48392.3759765625
48285.3447265625
48122.6806640625
47903.693359375
47627.8935546875
47295.0009765625
46904.935546875
46457.8271484375
45954.0068359375
45394.0068359375
44778.552734375
44108.564453125
43385.1435546875
42609.5693359375
41783.2890625
40907.9130859375
39985.197265625
39017.0400390625
38005.4677734375
36952.6259765625
35860.7646484375
34732.228515625
33569.447265625
32374.9169921875
31151.19921875
29900.89453125
28626.6455078125
27331.1162109375
26016.9853515625
24686.9345703125
23343.6357421875
21989.74609375
20627.8994140625
19260.689453125
17890.6708984375
16520.3486328125
15152.1669921875
13788.51171875
12431.6962890625
11083.9609375
9747.466796875
8424.2919921875
7116.42578125
5825.7705078125
4554.1328125
3303.2236328125
2074.658203125
869.9501953125
-309.484375
-1462.3359375
-2587.3935546875
-3683.5537109375
-4749.8125
-5785.2724609375
-6789.140625
-7760.7255859375
-8699.4423828125
-9604.8076171875
-10476.439453125
-11314.0595703125
-12117.4873046875
-12886.640625
-13621.537109375
-14322.2861328125
-14989.0947265625
-15622.2568359375
-16222.15625
-16789.2626953125
-17324.1240234375
-17827.373046875
-18299.7099609375
-18741.908203125
-19154.806640625
-19539.302734375
-19896.3486328125
-20226.947265625
-20532.140625
-20813.0126953125
-21070.671875
-21306.2509765625
-21520.9013671875
-21715.77734375
-21892.0390625
-22050.83984375
-22193.314453125
-22320.58203125
-22433.73046875
-22533.810546875
-22621.8330078125
-22698.7587890625
-22765.4892578125
-22822.8701171875
-22871.6796875
-22912.619140625
-22946.322265625
-22973.337890625
-22994.1357421875
-23009.1025390625
-23018.537109375
-23022.6552734375
-23021.587890625
-23015.3828125
-23004.001953125
-22987.3359375
-22965.193359375
-22937.314453125
-22903.3779296875
-22862.9970703125
-22815.736328125
-22761.1142578125
-22698.6103515625
-22627.673828125
-22547.7373046875
-22458.212890625
-22358.5166015625
-22248.068359375
-22126.3017578125
-21992.6748046875
-21846.6806640625
-21687.8515625
-21515.771484375
-21330.0810546875
-21130.4892578125
-20916.7734375
-20688.7919921875
-20446.4853515625
-20189.8828125
-19919.1083984375
-19634.375
-19335.998046875
-19024.3876953125
-18700.0556640625
-18363.6064453125
-18015.744140625
-17657.26171875
-17289.044921875
-16912.0615234375
-16527.36328125
-16136.0673828125
-15739.3681640625
-15338.5107421875
-14934.7978515625
-14529.5732421875
-14124.2138671875
-13720.126953125
-13318.7333984375
-12921.4609375
-12529.736328125
-12144.9765625
-11768.57421875
-11401.8955078125
-11046.2685546875
-10702.9736328125
-10373.2392578125
-10058.228515625
-9759.0439453125
-9476.70703125
-9212.1630859375
-8966.2724609375
-8739.806640625
-8533.451171875
-8347.7900390625
-8183.3193359375
-8040.43359375
-7919.4326171875
-7820.5205078125
-7743.8076171875
-7689.306640625
-7656.9443359375
-7646.556640625
-7657.8984375
-7690.63671875
-7744.3701171875
-7818.6201171875
-7912.8427734375
-8026.4306640625
-8158.71875
-8308.9912109375
-8476.484375
-8660.3896484375
-8859.86328125
-9074.0283203125
-9301.978515625
-9542.78515625
-9795.49609375
-10059.1435546875
-10332.74609375
-10615.3115234375
-10905.8369140625
-11203.3134765625
-11506.7294921875
-11815.0654296875
-12127.3017578125
-12442.412109375
-12759.3740234375
-13077.1552734375
-13394.7255859375
-13711.0498046875
-14025.0869140625
-14335.7919921875
-14642.1123046875
-14942.9912109375
-15237.3603515625
-15524.1435546875
-15802.2568359375
-16070.6025390625
-16328.0751953125
-16573.55859375
-16805.9248046875
-17024.0361328125
-17226.7509765625
-17412.9150390625
-17581.37109375
-17730.9619140625
-17860.5283203125
-17968.9140625
-18054.974609375
-18117.57421875
-18155.595703125
-18167.943359375
-18153.5517578125
-18111.38671875
-18040.4580078125
-17939.8212890625
-17808.5888671875
-17645.931640625
-17451.091796875
-17223.3896484375
-16962.2265625
-16667.0986328125
-16337.5986328125
-15973.42578125
-15574.3916015625
-15140.4267578125
-14671.5859375
-14168.0546875
-13630.15234375
-13058.337890625
-12453.2119140625
-11815.5185546875
-11146.1494140625
-10446.146484375
-9716.6904296875
-8959.115234375
-8174.89453125
-7365.6435546875
-6533.11328125
-5679.1865234375
-4805.8701171875
-3915.28515625
-3009.6689453125
-2091.3486328125
-1162.748046875
-226.365234375
715.2353515625
1659.43359375
2603.5732421875
3544.9697265625
4480.9267578125
5408.7548828125
6325.779296875
7229.361328125
8116.9140625
8985.9130859375
9833.916015625
10658.5751953125
11457.65625
12229.0458984375
12970.771484375
13681.013671875
14358.111328125
15000.58203125
15607.1279296875
16176.64453125
16708.228515625
17201.1845703125
17655.03125
18069.5068359375
18444.5654296875
18780.3818359375
19077.35546875
19336.0986328125
19557.4384765625
19742.412109375
19892.2587890625
20008.4130859375
20092.490234375
20146.2841796875
20171.748046875
20170.984375
20146.2265625
20099.830078125
20034.25390625
19952.0361328125
19855.7919921875
19748.17578125
19631.880859375
19509.607421875
19384.0537109375
19257.8876953125
19133.7353515625
19014.158203125
18901.640625
18798.5654296875
18707.2021484375
18629.6923828125
18568.029296875
18524.0498046875
18499.419921875
18495.62109375
18513.947265625
18555.48828125
18621.126953125
18711.537109375
18827.1728515625
18968.2685546875
19134.8427734375
19326.6962890625
19543.41015625
19784.357421875
20048.7041015625
20335.4169921875
20643.2724609375
20970.8701171875
21316.6357421875
21678.8388671875
22055.6064453125
22444.9345703125
22844.7041015625
23252.6982421875
23666.6162109375
24084.0908203125
24502.70703125
24920.0166015625
25333.5576171875
25740.8671875
26139.5087890625
26527.07421875
26901.2138671875
27259.64453125
27600.1650390625
27920.6708984375
28219.171875
28493.7998046875
28742.8193359375
28964.64453125
29157.8408203125
29321.138671875
29453.4365234375
29553.8115234375
29621.5146484375
29655.986328125
29656.8466796875
29623.90625
29557.154296875
29456.767578125
29323.099609375
29156.681640625
28958.2119140625
28728.5556640625
28468.734375
28179.9150390625
27863.4072265625
27520.6484375
27153.1962890625
26762.7158203125
26350.96875
25919.802734375
25471.1376953125
25006.9560546875
24529.283203125
24040.1845703125
23541.7470703125
23036.0654296875
22525.2373046875
22011.3408203125
21496.4326171875
20982.53125
20471.6064453125
19965.5712890625
19466.2705078125
18975.470703125
18494.85546875
18026.0146484375
17570.4345703125
17129.498046875
16704.4736328125
16296.5146484375
15906.6494140625
15535.7822265625
15184.693359375
14854.0263671875
14544.298828125
14255.8974609375
13989.0732421875
13743.94921875
13520.51953125
13318.6494140625
13138.080078125
12978.4296875
12839.201171875
12719.779296875
12619.4404296875
12537.3544921875
12472.58984375
12424.1220703125
12390.8330078125
12371.5205078125
12364.90625
12369.6337890625
12384.2841796875
12407.373046875
12437.3623046875
12472.6650390625
12511.6484375
12552.646484375
12593.955078125
12633.8515625
12670.5859375
12702.400390625
12727.5234375
12744.18359375
12750.611328125
12745.046875
12725.7421875
12690.9697265625
12639.0283203125
12568.2470703125
12476.990234375
12363.6669921875
12226.7333984375
12064.7001953125
11876.1376953125
11659.685546875
11414.0517578125
11138.02734375
10830.4873046875
10490.3994140625
10116.8291015625
9708.94921875
9266.046875
8787.5244140625
8272.9140625
7721.8798828125
7134.2236328125
6509.8984375
5849.005859375
5151.8056640625
4418.7236328125
3650.357421875
2847.4716796875
2011.017578125
1142.1240234375
242.1044921875
-687.5380859375
-1645.1123046875
-2628.7431640625
-3636.3623046875
-4665.71875
-5714.376953125
-6779.724609375
-7858.9755859375
-8949.1767578125
-10047.21484375
-11149.8330078125
-12253.6318359375
-13355.0859375
-14450.556640625
-15536.3095703125
-16608.525390625
-17663.3212890625
-18696.7626953125
-19704.8955078125
-20683.748046875
-21629.3681640625
-22537.8349609375
-23405.283203125
-24227.9306640625
-25002.09375
-25724.2119140625
-26390.8759765625
-26998.84375
-27545.064453125
-28026.7021484375
-28441.1533203125
-28786.0654296875
-29059.36328125
-29259.2548828125
-29384.2548828125
-29433.193359375
-29405.234375
-29299.8779296875
-29116.9755859375
-28856.7314453125
-28519.70703125
-28106.822265625
-27619.357421875
-27058.9443359375
-26427.564453125
-25727.5390625
-24961.5205078125
-24132.4765625
-23243.6767578125
-22298.6728515625
-21301.2861328125
-20255.5732421875
-19165.8203125
-18036.5029296875
-16872.2685546875
-15677.9091796875
-14458.328125
-13218.515625
-11963.5185546875
-10698.41015625
-9428.26171875
-8158.1064453125
-6892.919921875
-5637.58203125
-4396.859375
-3175.3681640625
-1977.552734375
-807.6640625
330.267578125
1432.451171875
2495.3525390625
3515.7119140625
4490.564453125
5417.240234375
6293.3876953125
7116.974609375
7886.2939453125
8599.96875
9256.951171875
9856.5234375
10398.2939453125
10882.189453125
11308.44921875
11677.6123046875
11990.5126953125
12248.2587890625
12452.2236328125
12604.025390625
12705.513671875
12758.751953125
12765.9931640625
12729.6650390625
12652.3505859375
12536.7626953125
12385.7314453125
12202.177734375
11989.095703125
11749.5322265625
11486.5712890625
11203.3095703125
10902.8447265625
10588.2529296875
10262.5810546875
9928.8232421875
9589.9111328125
9248.7041015625
8907.9716796875
8570.3896484375
8238.5263671875
7914.8369140625
7601.658203125
7301.197265625
7015.533203125
6746.611328125
6496.2392578125
6266.0849609375
6057.6796875
5872.4130859375
5711.533203125
5576.1533203125
5467.2470703125
5385.65234375
5332.0751953125
5307.087890625
5311.134765625
5344.53515625
5407.482421875
5500.0498046875
5622.1953125
5773.755859375
5954.458984375
6163.919921875
6401.6455078125
6667.037109375
6959.392578125
7277.9052734375
7621.673828125
7989.6943359375
8380.87109375
8794.0126953125
9227.83984375
9680.9833984375
10151.98828125
10639.318359375
11141.3583984375
11656.4150390625
12182.7275390625
12718.462890625
13261.732421875
13810.5849609375
14363.01953125
14916.9931640625
15470.4208984375
16021.1884765625
16567.1611328125
17106.1865234375
17636.1083984375
18154.7705078125
18660.0341796875
19149.779296875
19621.9208984375
20074.4150390625
20505.271484375
20912.5634765625
21294.44140625
21649.1357421875
21974.974609375
22270.38671875
22533.921875
22764.2451171875
22960.158203125
23120.6015625
23244.662109375
23331.5791015625
23380.751953125
23391.7451171875
23364.2900390625
23298.2880859375
23193.8134765625
23051.1162109375
22870.6142578125
22652.904296875
22398.7451171875
22109.06640625
21784.9560546875
21427.6572265625
21038.5634765625
20619.2060546875
20171.25
19696.48046875
19196.7939453125
18674.189453125
18130.751953125
17568.642578125
16990.0849609375
16397.3515625
15792.7470703125
15178.6015625
14557.24609375
13931.0078125
13302.1904296875
12673.05859375
12045.830078125
11422.6572265625
10805.6123046875
10196.6845703125
9597.7529296875
9010.58984375
8436.841796875
7878.0234375
7335.505859375
6810.5126953125
6304.1083984375
5817.19921875
5350.521484375
4904.6435546875
4479.962890625
4076.7001953125
3694.9072265625
3334.4609375
2995.0703125
2676.27734375
2377.462890625
2097.85546875
1836.5283203125
1592.419921875
1364.3330078125
1150.9482421875
950.8330078125
762.453125
584.1826171875
414.3212890625
251.1015625
92.7001953125
-62.7392578125
-217.1025390625
-372.2880859375
-530.1904296875
-692.689453125
-861.6396484375
-1038.8505859375
-1226.080078125
-1425.01953125
-1637.2822265625
-1864.392578125
-2107.775390625
-2368.748046875
-2648.509765625
-2948.1318359375
-3268.556640625
-3610.5849609375
-3974.8740234375
-4361.9345703125
-4772.123046875
-5205.6474609375
-5662.556640625
-6142.748046875
-6645.9658203125
-7171.7998046875
-7719.6962890625
-8288.953125
-8878.728515625
-9488.0498046875
-10115.8125
-10760.7939453125
-11421.65625
-12096.9580078125
-12785.1591796875
-13484.634765625
-14193.6826171875
-14910.529296875
-15633.345703125
-16360.2548828125
-17089.33984375
-17818.6591796875
-18546.2509765625
-19270.14453125
-19988.375
-20698.9794921875
-21400.025390625
-22089.599609375
-22765.828125
-23426.880859375
-24070.9765625
-24696.392578125
-25301.4658203125
-25884.6064453125
-26444.2919921875
-26979.08203125
-27487.611328125
-27968.6025390625
-28420.86328125
-28843.287109375
-29234.859375
-29594.654296875
-29921.8388671875
-30215.66796875
-30475.490234375
-30700.7431640625
-30890.951171875
-31045.73046875
-31164.783203125
-31247.89453125
-31294.935546875
-31305.8583984375
-31280.693359375
-31219.5517578125
-31122.6201171875
-30990.1572265625
-30822.4990234375
-30620.0458984375
-30383.2724609375
-30112.7197265625
-29808.9921875
-29472.7626953125
-29104.763671875
-28705.791015625
-28276.69921875
-27818.4072265625
-27331.8857421875
-26818.16796875
-26278.3408203125
-25713.5458984375
-25124.982421875
-24513.8984375
-23881.595703125
-23229.4267578125
-22558.794921875
-21871.1494140625
-21167.984375
-20450.8427734375
-19721.30859375
-18981.00390625
-18231.591796875
-17474.7724609375
-16712.2763671875
-15945.8671875
-15177.3349609375
-14408.494140625
-13641.1826171875
-12877.2509765625
-12118.5673828125
-11367.009765625
-10624.462890625
-9892.80859375
-9173.931640625
-8469.7080078125
-7782.0029296875
-7112.66796875
-6463.5322265625
-5836.40234375
-5233.0576171875
-4655.244140625
-4104.669921875
-3583.00390625
-3091.8681640625
-2632.837890625
-2207.435546875
-1817.125
-1463.3154296875
-1147.34765625
-870.5
-633.9814453125
-438.9296875
-286.4072265625
-177.4033203125
-112.826171875
-93.505859375
-120.1884765625
-193.5390625
-314.1376953125
-482.478515625
-698.96875
-963.927734375
-1277.5888671875
-1640.0947265625
-2051.5009765625
-2511.771484375
-3020.7841796875
-3578.32421875
-4184.0927734375
-4837.697265625
-5538.658203125
-6286.41015625
-7080.2978515625
-7919.580078125
-8803.4287109375
-9730.9296875
-10701.087890625
-11712.822265625
-12764.966796875
-13856.2802734375
-14985.435546875
-16151.0283203125
-17351.5791015625
-18585.53125
-19851.25390625
-21147.041015625
-22471.1220703125
-23821.654296875
-25196.7275390625
-26594.3701171875
-28012.5478515625
-29449.16796875
-30902.080078125
-32369.0810546875
-33847.91796875
-35336.2880859375
-36831.8486328125
-38332.2138671875
-39834.962890625
-41337.638671875
-42837.7607421875
-44332.8203125
-45820.2880859375
-47297.6220703125
-48762.267578125
-50211.6640625
-51643.25
-53054.46875
-54442.7734375
-55805.6318359375
-57140.5322265625
-58444.990234375
-59716.5546875
-60952.8115234375
-62151.3916015625
-63309.978515625
-64426.3095703125
-65498.1884765625
-66523.486328125
-67500.15234375
-68426.2158203125
-69299.7958984375
-70119.10546875
-70882.4580078125
-71588.2763671875
-72235.09375
-72821.55859375
-73346.447265625
-73808.6630859375
-74207.2412109375
-74541.3583984375
-74810.3310546875
-75013.62109375
-75150.8408203125
-75221.7548828125
-75226.283203125
-75164.5
-75036.642578125
-74843.099609375
-74584.427734375
-74261.3369140625
-73874.6982421875
-73425.5361328125
-72915.033203125
-72344.521484375
-71715.48046875
-71029.5390625
-70288.45703125
-69494.1357421875
-68648.5986328125
-67753.99609375
-66812.5888671875
-65826.7470703125
-64798.9365234375
-63731.7177734375
-62627.728515625
-61489.6796875
-60320.34375
-59122.5458984375
-57899.1533203125
-56653.0654296875
-55387.2021484375
-54104.4931640625
-52807.87109375
-51500.2578125
-50184.552734375
-48863.6259765625
-47540.310546875
-46217.384765625
-44897.572265625
-43583.525390625
-42277.826171875
-40982.966796875
-39701.349609375
-38435.2841796875
-37186.96875
-35958.4970703125
-34751.8466796875
-33568.8759765625
-32411.3203125
-31280.79296875
-30178.7744140625
-29106.62109375
-28065.5546875
-27056.6708984375
-26080.9296875
-25139.166015625
-24232.0859375
-23360.267578125
-22524.1689453125
-21724.1259765625
-20960.357421875
-20232.9716796875
-19541.9677734375
-18887.2392578125
-18268.5849609375
-17685.7080078125
-17138.2255859375
-16625.6708984375
-16147.5029296875
-15703.1103515625
-15291.8193359375
-14912.8984375
-14565.564453125
-14248.990234375
-13962.3095703125
-13704.623046875
-13475.0048828125
-13272.51171875
-13096.1845703125
-12945.052734375
-12818.1435546875
-12714.48828125
-12633.123046875
-12573.0927734375
-12533.466796875
-12513.326171875
-12511.7802734375
-12527.9658203125
-12561.05078125
-12610.2373046875
-12674.763671875
-12753.9091796875
-12846.9931640625
-12953.376953125
-13072.46875
-13203.7177734375
-13346.62109375
-13500.7197265625
-13665.599609375
-13840.89453125
-14026.2763671875
-14221.4609375
-14426.2041015625
-14640.30078125
-14863.576171875
-15095.89453125
-15337.142578125
-15587.2353515625
-15846.111328125
-16113.72265625
-16390.037109375
-16675.029296875
-16968.6796875
-17270.9658203125
-17581.8623046875
-17901.328125
-18229.310546875
-18565.734375
-18910.498046875
-19263.46875
-19624.4814453125
-19993.326171875
-20369.7529296875
-20753.458984375
-21144.095703125
-21541.25390625
-21944.4697265625
-22353.2158203125
-22766.904296875
-23184.8828125
-23606.43359375
-24030.7734375
-24457.052734375
-24884.361328125
-25311.720703125
-25738.09375
-26162.3818359375
-26583.435546875
-27000.048828125
-27410.966796875
-27814.89453125
-28210.498046875
-28596.4072265625
-28971.23046875
-29333.552734375
-29681.9462890625
-30014.9755859375
-30331.2109375
-30629.2255859375
-30907.611328125
-31164.984375
-31399.9912109375
-31611.3173828125
-31797.6962890625
-31957.9130859375
-32090.8173828125
-32195.32421875
-32270.42578125
-32315.1923828125
-32328.783203125
-32310.4482421875
-32259.53515625
-32175.4931640625
-32057.875
-31906.34375
-31720.671875
-31500.7412109375
-31246.5546875
-30958.2236328125
-30635.974609375
-30280.1513671875
-29891.2060546875
-29469.7041015625
-29016.318359375
-28531.8271484375
-28017.109375
-27473.140625
-26900.990234375
-26301.8154296875
-25676.853515625
-25027.4189453125
-24354.8935546875
-23660.7275390625
-22946.4208984375
-22213.5263671875
-21463.6376953125
-20698.3837890625
-19919.41796875
-19128.4189453125
-18327.0703125
-17517.0654296875
-16700.0947265625
-15877.8369140625
-15051.9541015625
-14224.0888671875
-13395.8505859375
-12568.8115234375
-11744.5078125
-10924.4208984375
-10109.984375
-9302.576171875
-8503.5068359375
-7714.025390625
-6935.3115234375
-6168.474609375
-5414.5478515625
-4674.4892578125
-3949.1796875
-3239.419921875
-2545.9345703125
-1869.369140625
-1210.2880859375
-569.1796875
53.5400390625
657.5341796875
1242.5322265625
1808.3359375
2354.8134765625
2881.890625
3389.556640625
3877.8515625
4346.8681640625
4796.7431640625
5227.654296875
5639.814453125
6033.470703125
6408.892578125
6766.375
7106.2236328125
7428.759765625
7734.310546875
8023.2041015625
8295.7666015625
8552.3193359375
8793.1669921875
9018.609375
9228.919921875
9424.357421875
9605.1533203125
9771.517578125
9923.62890625
10061.6416015625
10185.67578125
10295.8232421875
10392.1474609375
10474.67578125
10543.4130859375
10598.328125
10639.369140625
10666.453125
10679.4755859375
10678.3095703125
10662.8125
10632.8193359375
10588.15625
10528.63671875
10454.068359375
10364.2529296875
10258.9931640625
10138.0908203125
10001.35546875
9848.6025390625
9679.66015625
9494.3681640625
9292.583984375
9074.1796875
8839.052734375
8587.1171875
8318.3125
8032.6015625
7729.9716796875
7410.435546875
7074.0302734375
6720.8212890625
6350.8935546875
5964.3603515625
5561.3564453125
5142.037109375
4706.5791015625
4255.1787109375
3788.048828125
3305.416015625
2807.5224609375
2294.62109375
1766.9755859375
1224.8544921875
668.5390625
98.30859375
-485.55078125
-1082.7509765625
-1693.0029296875
-2316.017578125
-2951.50390625
-3599.173828125
-4258.736328125
-4929.9013671875
-5612.376953125
-6305.869140625
-7010.080078125
-7724.705078125
-8449.4345703125
-9183.947265625
-9927.908203125
-10680.97265625
-11442.7744140625
-12212.9267578125
-12991.021484375
-13776.623046875
-14569.263671875
-15368.4453125
-16173.6357421875
-16984.259765625
-17799.7041015625
-18619.3115234375
-19442.37890625
-20268.15625
-21095.8408203125
-21924.5849609375
-22753.486328125
-23581.59375
-24407.9033203125
-25231.361328125
-26050.865234375
-26865.265625
-27673.3642578125
-28473.92578125
-29265.671875
-30047.2861328125
-30817.4248046875
-31574.71484375
-32317.759765625
-33045.1474609375
-33755.4541015625
-34447.2509765625
-35119.1083984375
-35769.6064453125
-36397.3369140625
-37000.9150390625
-37578.98046875
-38130.2119140625
-38653.326171875
-39147.0888671875
-39610.32421875
-40041.9150390625
-40440.8134765625
-40806.0478515625
-41136.7236328125
-41432.0380859375
-41691.2734375
-41913.814453125
-42099.142578125
-42246.845703125
-42356.62109375
-42428.2763671875
-42461.734375
-42457.033203125
-42414.3310546875
-42333.9033203125
-42216.14453125
-42061.5712890625
-41870.818359375
-41644.6376953125
-41383.8974609375
-41089.5830078125
-40762.7900390625
-40404.72265625
-40016.69140625
-39600.109375
