# File created = Friday, March 22, 2024 at 11:47:32 AM Eastern Daylight Time
# Data set = SW_Shiva  277  1  /home/shiva/WMU
# Spectral Region:
# LEFT = 100.06120300292969 ppm. RIGHT = -106.03338443170102 ppm.
#
# SIZE = 32768 ( = number of points)
#
# In the following ordering is from the 'left' to the 'right' limits!
# Lines beginning with '#' must be considered as comment lines.
#
45404.55078125
43409.8984375
41533.91015625
39799.091796875
38227.078125
36838.298828125
35651.65625
34684.22265625
33950.923828125
33464.265625
33234.072265625
33267.251953125
33567.6015625
34135.638671875
34968.5
36059.8359375
37399.810546875
38975.107421875
40769.013671875
42761.533203125
44929.576171875
47247.17578125
49685.779296875
52214.560546875
54800.791015625
57410.244140625
60007.64453125
62557.119140625
65022.70703125
67368.845703125
69560.900390625
71565.662109375
73351.861328125
74890.662109375
76156.1171875
77125.607421875
77780.234375
78105.17578125
78089.9765625
77728.791015625
77020.552734375
75969.091796875
74583.15625
72876.392578125
70867.22265625
68578.6640625
66038.06640625
63276.794921875
60329.822265625
57235.275390625
54033.927734375
50768.625
47483.685546875
44224.26171875
41035.671875
37962.728515625
35049.048828125
32336.388671875
29863.978515625
27667.888671875
25780.447265625
24229.68359375
23038.84375
22225.970703125
21803.544921875
21778.224609375
22150.65234375
22915.375
24060.8125
25569.38671875
27417.669921875
29576.693359375
32012.296875
34685.59375
37553.490234375
40569.310546875
43683.44921875
46844.103515625
49998.044921875
53091.416015625
56070.5546875
58882.82421875
61477.439453125
63806.27734375
65824.654296875
67492.0625
68772.849609375
69636.83984375
70059.859375
70024.208984375
69519.001953125
68540.44140625
67091.9609375
65184.271484375
62835.30078125
60070.0
56920.072265625
53423.556640625
49624.349609375
45571.59375
41319.017578125
36924.16015625
32447.548828125
27951.83203125
23500.84765625
19158.6796875
14988.6953125
11052.576171875
7409.388671875
4114.662109375
1219.5078125
-1230.173828125
-3194.4375
-4639.958984375
-5540.580078125
-5877.78515625
-5641.029296875
-4827.98828125
-3444.64453125
-1505.287109375
967.640625
3943.79296875
7385.328125
11247.380859375
15478.705078125
20022.3515625
24816.482421875
29795.244140625
34889.70703125
40028.8515625
45140.61328125
50152.908203125
54994.705078125
59597.05078125
63894.099609375
67824.083984375
71330.224609375
74361.576171875
76873.79296875
78829.787109375
80200.294921875
80964.314453125
81109.423828125
80631.998046875
79537.240234375
77839.146484375
75560.298828125
72731.5390625
69391.52734375
65586.185546875
61368.021484375
56795.375
51931.548828125
46843.904296875
41602.869140625
36280.91796875
30951.501953125
25688.013671875
20562.6875
15645.5859375
11003.576171875
6699.380859375
2790.67578125
-670.708984375
-3639.53515625
-6077.755859375
-7955.0546875
-9249.216796875
-9946.4375
-10041.44140625
-9537.529296875
-8446.453125
-6788.208984375
-4590.67578125
-1889.150390625
1274.21484375
4851.080078125
8787.67578125
13025.619140625
17502.81640625
22154.390625
26913.64453125
31713.052734375
36485.248046875
41163.9921875
45685.1328125
49987.494140625
54013.73046875
57711.125
61032.26953125
63935.693359375
66386.369140625
68356.13671875
69824.0
70776.31640625
71206.8671875
71116.828125
70514.615234375
69415.619140625
67841.8359375
65821.431640625
63388.169921875
60580.796875
57442.3515625
54019.408203125
50361.298828125
46519.283203125
42545.716796875
38493.216796875
34413.82421875
30358.203125
26374.8828125
22509.533203125
18804.294921875
15297.205078125
12021.673828125
9006.05859375
6273.33203125
3840.83203125
1720.11328125
-83.080078125
-1568.783203125
-2742.662109375
-3615.755859375
-4204.169921875
-4528.66015625
-4614.15625
-4489.21875
-4185.44140625
-3736.8125
-3179.0390625
-2548.8671875
-1883.359375
-1219.216796875
-592.087890625
-35.91015625
417.712890625
740.0703125
905.87890625
893.72265625
686.453125
271.462890625
-359.05078125
-1207.98046875
-2273.236328125
-3547.779296875
-5019.748046875
-6672.650390625
-8485.640625
-10433.880859375
-12488.94921875
-14619.32421875
-16790.908203125
-18967.603515625
-21111.923828125
-23185.6015625
-25150.25390625
-26967.99609375
-28602.09765625
-30017.580078125
-31181.8125
-32065.048828125
-32640.9375
-32886.962890625
-32784.830078125
-32320.791015625
-31485.87890625
-30276.08984375
-28692.478515625
-26741.162109375
-24433.279296875
-21784.833984375
-18816.490234375
-15553.29296875
-12024.314453125
-8262.25
-4302.95703125
-184.95703125
4051.119140625
8363.095703125
12707.83984375
17041.865234375
21321.9453125
25505.685546875
29552.123046875
33422.26953125
37079.630859375
40490.6875
43625.3203125
46457.203125
48964.099609375
51128.1328125
52935.9765625
54378.96875
55453.171875
56159.361328125
56502.9296875
56493.748046875
56145.953125
55477.677734375
54510.73046875
53270.216796875
51784.1328125
50082.91796875
48198.97265625
46166.171875
44019.34375
41793.765625
39524.650390625
37246.63671875
34993.314453125
32796.76171875
30687.12109375
28692.1953125
26837.11328125
25144.01171875
23631.791015625
22315.908203125
21208.236328125
20316.9765625
19646.615234375
19197.962890625
18968.21875
18951.11328125
19137.076171875
19513.48046875
20064.900390625
20773.423828125
21618.98828125
22579.75
23632.46875
24752.912109375
25916.26171875
27097.52734375
28271.951171875
29415.40625
30504.787109375
31518.353515625
32436.07421875
33239.92578125
33914.162109375
34445.546875
34823.521484375
35040.37109375
35091.306640625
34974.5234375
34691.197265625
34245.44921875
33644.2578125
32897.32421875
32016.900390625
31017.5859375
29916.080078125
28730.8984375
27482.08984375
26190.890625
24879.396484375
23570.21484375
22286.091796875
21049.55859375
19882.56640625
18806.154296875
17840.099609375
17002.60546875
16310.009765625
15776.515625
15413.958984375
15231.609375
15236.001953125
15430.81640625
15816.791015625
16391.6875
17150.279296875
18084.41796875
19183.099609375
20432.611328125
21816.68359375
23316.7109375
24911.984375
26579.96484375
28296.587890625
30036.587890625
31773.837890625
33481.71875
35133.474609375
36702.609375
38163.25
39490.51171875
40660.8828125
41652.552734375
42445.7421875
43023.017578125
43369.5546875
43473.39453125
43325.63671875
42920.623046875
42256.048828125
41333.05859375
40156.27734375
38733.802734375
37077.150390625
35201.1484375
33123.79296875
30866.052734375
28451.63671875
25906.708984375
23259.59765625
20540.41796875
17780.73046875
15013.123046875
12270.79296875
9587.123046875
6995.234375
4527.541015625
2215.314453125
88.23828125
-1825.99609375
-3502.099609375
-4917.54296875
-6052.921875
-6892.240234375
-7423.185546875
-7637.357421875
-7530.419921875
-7102.2421875
-6356.953125
-5302.966796875
-3952.93359375
-2323.634765625
-435.83984375
1685.908203125
4013.5546875
6515.83984375
9158.6640625
11905.470703125
14717.701171875
17555.25
20376.9609375
23141.142578125
25806.099609375
28330.65625
30674.69921875
32799.701171875
34669.234375
36249.458984375
37509.58203125
38422.294921875
38964.15234375
39115.919921875
38862.865234375
38194.984375
37107.193359375
35599.43359375
33676.7265625
31349.169921875
28631.845703125
25544.6875
22112.275390625
18363.572265625
14331.59375
10053.044921875
5567.888671875
918.875
-3848.95703125
-8688.8125
-13552.70703125
-18392.033203125
-23158.15625
-27802.982421875
-32279.54296875
-36542.564453125
-40548.99609375
-44258.537109375
-47634.087890625
-50642.212890625
-53253.50390625
-55442.921875
-57190.068359375
-58479.408203125
-59300.40625
-59647.62890625
-59520.755859375
-58924.541015625
-57868.701171875
-56367.744140625
-54440.7421875
-52111.03515625
-49405.912109375
-46356.203125
-42995.873046875
-39361.5546875
-35492.05859375
-31427.87109375
-27210.634765625
-22882.615234375
-18486.18359375
-14063.291015625
-9654.974609375
-5300.873046875
-1038.783203125
3095.76171875
7069.8671875
10853.61328125
14420.3359375
17746.857421875
20813.67578125
23605.0859375
26109.263671875
28318.26171875
30228.0
31838.16015625
33152.068359375
34176.490234375
34921.439453125
35399.8984375
35627.533203125
35622.3828125
35404.515625
34995.689453125
34418.970703125
33698.388671875
32858.56640625
31924.361328125
30920.541015625
29871.435546875
28800.6640625
27730.845703125
26683.349609375
25678.09765625
24733.37890625
23865.701171875
23089.6875
22418.009765625
21861.345703125
21428.380859375
21125.830078125
20958.513671875
20929.42578125
21039.859375
21289.5234375
21676.6953125
22198.37890625
22850.466796875
23627.9140625
24524.90234375
25535.009765625
26651.369140625
27866.810546875
29173.998046875
30565.544921875
32034.119140625
33572.509765625
35173.701171875
36830.8984375
38537.548828125
40287.353515625
42074.21484375
43892.23046875
45735.609375
47598.634765625
49475.564453125
51360.560546875
53247.595703125
55130.37890625
57002.248046875
58856.123046875
60684.421875
62479.0
64231.130859375
65931.474609375
67570.0703125
69136.373046875
70619.287109375
72007.23046875
73288.232421875
74450.03515625
75480.232421875
76366.419921875
77096.36328125
77658.18359375
78040.548828125
78232.8828125
78225.5625
78010.134765625
77579.5078125
76928.158203125
76052.294921875
74950.0390625
73621.55078125
72069.162109375
70297.455078125
68313.32421875
66125.998046875
63747.033203125
61190.259765625
58471.6953125
55609.43359375
52623.46484375
49535.498046875
46368.728515625
43147.5625
39897.36328125
36644.11328125
33414.099609375
30233.5703125
27128.390625
24123.6875
21243.498046875
18510.431640625
15945.357421875
13567.080078125
11392.080078125
9434.255859375
7704.72265625
6211.6328125
4960.056640625
3951.8984375
3185.86328125
2657.482421875
2359.1796875
2280.38671875
2407.712890625
2725.169921875
3214.421875
3855.080078125
4625.0546875
5500.9140625
6458.265625
7472.185546875
8517.6328125
9569.87109375
10604.908203125
11599.904296875
12533.580078125
13386.5859375
14141.8671875
14784.958984375
15304.271484375
15691.310546875
15940.849609375
16051.056640625
16023.54296875
15863.38671875
15579.056640625
15182.310546875
14688.017578125
14113.927734375
13480.38671875
12810.009765625
12127.302734375
11458.251953125
10829.869140625
10269.736328125
9805.505859375
9464.40234375
9272.734375
9255.39453125
9435.3828125
9833.353515625
10467.18359375
11351.603515625
12497.83203125
13913.30078125
15601.41015625
17561.357421875
19788.017578125
22271.904296875
24999.185546875
27951.76953125
31107.474609375
34440.23046875
37920.375
41515.00390625
45188.3515625
48902.25
52616.615234375
56289.96875
59879.98828125
63344.083984375
66639.982421875
69726.298828125
72563.12890625
75112.607421875
77339.451171875
79211.458984375
80699.998046875
81780.41796875
82432.419921875
82640.38671875
82393.615234375
81686.51953125
80518.736328125
78895.1796875
76826.017578125
74326.5625
71417.134765625
68122.794921875
64473.083984375
60501.64453125
56245.826171875
51746.21875
47046.171875
42191.240234375
37228.650390625
32206.693359375
27174.1640625
22179.748046875
17271.453125
12496.017578125
7898.375
3521.115234375
-595.994140625
-4416.46875
-7907.501953125
-11040.314453125
-13790.4609375
-16138.06640625
-18067.99609375
-19569.98828125
-20638.69140625
-21273.681640625
-21479.37109375
-21264.904296875
-20643.9609375
-19634.53515625
-18258.66015625
-16542.0625
-14513.826171875
-12205.990234375
-9653.119140625
-6891.869140625
-3960.54296875
-898.6015625
2253.78515625
5456.20703125
8668.474609375
11851.056640625
14965.501953125
17974.84765625
20843.9765625
23539.98046875
26032.447265625
28293.755859375
30299.291015625
32027.654296875
33460.8203125
34584.24609375
35386.947265625
35861.55859375
36004.30859375
35815.0
35296.947265625
34456.857421875
33304.72265625
31853.650390625
30119.68359375
28121.607421875
25880.720703125
23420.603515625
20766.869140625
17946.896484375
14989.576171875
11925.021484375
8784.3046875
5599.171875
2401.767578125
-775.638671875
-3900.919921875
-6942.365234375
-9868.9296875
-12650.48046875
-15258.046875
-17664.048828125
-19842.50390625
-21769.248046875
-23422.119140625
-24781.14453125
-25828.69140625
-26549.63671875
-26931.48046875
-26964.46875
-26641.689453125
-25959.15234375
-24915.84375
-23513.7578125
-21757.91796875
-19656.365234375
-17220.12890625
-14463.162109375
-11402.275390625
-8057.01171875
-4449.53515625
-604.458984375
3451.32421875
7688.8515625
12077.31640625
16584.326171875
21176.154296875
25818.052734375
30474.53125
35109.703125
39687.595703125
44172.5
48529.306640625
52723.8515625
56723.2578125
60496.275390625
64013.58984375
67248.14453125
70175.423828125
72773.72265625
75024.37890625
76911.990234375
78424.587890625
79553.76953125
80294.806640625
80646.6953125
80612.169921875
80197.681640625
79413.314453125
78272.666015625
76792.693359375
74993.494140625
72898.06640625
70532.0234375
67923.2734375
65101.666015625
62098.615234375
58946.70703125
55679.271484375
52329.96875
48932.3359375
45519.380859375
42123.134765625
38774.248046875
35501.59765625
32331.900390625
29289.3984375
26395.529296875
23668.669921875
21123.908203125
18772.873046875
16623.59375
14680.44140625
12944.0859375
11411.548828125
10076.271484375
8928.251953125
7954.2421875
7137.970703125
6460.427734375
5900.177734375
5433.7265625
5035.8828125
4680.193359375
4339.345703125
3985.626953125
3591.35546875
3129.328125
2573.259765625
1898.19921875
1080.9296875
100.341796875
-1062.220703125
-2422.658203125
-3993.861328125
-5785.484375
-7803.77734375
-10051.478515625
-12527.73828125
-15228.111328125
-18144.595703125
-21265.734375
-24576.7421875
-28059.70703125
-31693.82421875
-35455.654296875
-39319.4609375
-43257.52734375
-47240.537109375
-51237.947265625
-55218.39453125
-59150.103515625
-63001.2890625
-66740.552734375
-70337.291015625
-73762.048828125
-76986.892578125
-79985.71484375
-82734.546875
-85211.814453125
-87398.546875
-89278.583984375
-90838.68359375
-92068.654296875
-92961.376953125
-93512.830078125
-93722.060546875
-93591.10546875
-93124.888671875
-92331.0703125
-91219.873046875
-89803.888671875
-88097.84375
-86118.353515625
-83883.671875
-81413.412109375
-78728.29296875
-75849.837890625
-72800.134765625
-69601.5546875
-66276.51171875
-62847.23828125
-59335.5546875
-55762.685546875
-52149.09375
-48514.328125
-44876.904296875
-41254.21484375
-37662.4609375
-34116.6015625
-30630.33984375
-27216.12890625
-23885.1796875
-20647.515625
-17512.015625
-14486.490234375
-11577.751953125
-8791.685546875
-6133.35546875
-3607.072265625
-1216.482421875
1035.359375
3145.919921875
5113.1328125
6935.33984375
8611.26953125
10140.0
11520.962890625
12753.9375
13839.076171875
14776.921875
15568.458984375
16215.150390625
16719.0
17082.59765625
17309.1953125
17402.75
17367.98828125
17210.443359375
16936.509765625
16553.453125
16069.4375
15493.51171875
14835.595703125
14106.439453125
13317.55859375
12481.162109375
11610.0546875
10717.5
9817.10546875
8922.650390625
8047.9296875
7206.5546875
6411.783203125
5676.294921875
5012.01953125
4429.91015625
3939.765625
3550.0390625
3267.658203125
3097.880859375
3044.150390625
3107.9765625
3288.869140625
3584.263671875
3989.5078125
4497.869140625
5100.576171875
5786.904296875
6544.287109375
7358.46484375
8213.671875
9092.849609375
9977.880859375
10849.869140625
11689.41015625
12476.90625
13192.884765625
13818.30859375
14334.91015625
14725.5078125
14974.306640625
15067.208984375
14992.072265625
14738.96875
14300.390625
13671.44140625
12849.978515625
11836.701171875
10635.232421875
9252.107421875
7696.7421875
5981.359375
4120.84375
2132.578125
36.2109375
-2146.5859375
-4392.4375
-6676.5625
-8973.158203125
-11255.755859375
-13497.623046875
-15672.158203125
-17753.294921875
-19715.90234375
-21536.173828125
-23191.994140625
-24663.28125
-25932.32421875
-26984.04296875
-27806.23828125
-28389.802734375
-28728.84765625
-28820.830078125
-28666.587890625
-28270.330078125
-27639.595703125
-26785.13671875
-25720.751953125
-24463.087890625
-23031.388671875
-21447.19921875
-19734.03515625
-17917.033203125
-16022.56640625
-14077.849609375
-12110.525390625
-10148.2578125
-8218.322265625
-6347.205078125
-4560.224609375
-2881.16796875
-1331.962890625
67.61328125
1300.19921875
2351.0546875
3208.236328125
3862.71484375
4308.44140625
4542.37890625
4564.45703125
4377.5078125
3987.1328125
3401.53515625
2631.3203125
1689.25
589.96484375
-650.30859375
-2014.060546875
-3482.84765625
-5037.60546875
-6658.986328125
-8327.6875
-10024.7578125
-11731.88671875
-13431.67578125
-15107.876953125
-16745.591796875
-18331.447265625
-19853.71484375
-21302.40234375
-22669.302734375
-23947.984375
-25133.767578125
-26223.6328125
-27216.12109375
-28111.1640625
-28909.9296875
-29614.60546875
-30228.181640625
-30754.212890625
-31196.578125
-31559.236328125
-31845.98046875
-32060.21875
-32204.751953125
-32281.5859375
-32291.77734375
-32235.291015625
-32110.91015625
-31916.189453125
-31647.423828125
-31299.69140625
-30866.91796875
-30341.99609375
-29716.943359375
-28983.078125
-28131.283203125
-27152.23828125
-26036.720703125
-24775.9140625
-23361.724609375
-21787.125
-20046.470703125
-18135.8359375
-16053.310546875
-13799.298828125
-11376.78125
-8791.51953125
-6052.259765625
-3170.845703125
-162.322265625
2955.068359375
6159.896484375
9427.65625
12730.921875
16039.57421875
19321.078125
22540.822265625
25662.5234375
28648.66796875
31460.998046875
34061.0390625
36410.658203125
38472.6328125
40211.24609375
41592.87109375
42586.54296875
43164.5390625
43302.900390625
42981.9375
42186.66796875
40907.23046875
39139.203125
36883.8671875
34148.396484375
30945.955078125
27295.72265625
23222.8203125
18758.146484375
13938.15234375
8804.48828125
3403.595703125
-2213.7734375
-7993.138671875
-13876.9140625
-19805.0859375
-25715.953125
-31546.89453125
-37235.171875
-42718.71484375
-47936.962890625
-52831.640625
-57347.546875
-61433.310546875
-65042.064453125
-68132.109375
-70667.48828125
-72618.482421875
-73962.041015625
-74682.09765625
-74769.81640625
-74223.728515625
-73049.755859375
-71261.154296875
-68878.3359375
-65928.611328125
-62445.818359375
-58469.8671875
-54046.2109375
-49225.22265625
-44061.53125
-38613.2734375
-32941.322265625
-27108.462890625
-21178.576171875
-15215.775390625
-9283.576171875
-3444.0703125
2242.873046875
7720.369140625
12935.2109375
17838.533203125
22386.3828125
26540.21484375
30267.31640625
33541.13671875
36341.515625
38654.82421875
40474.017578125
41798.5703125
42634.345703125
42993.35546875
42893.43359375
42357.85546875
41414.865234375
40097.1328125
38441.181640625
36486.765625
34276.189453125
31853.646484375
29264.5078125
26554.634765625
23769.697265625
20954.50390625
18152.3671875
15404.521484375
12749.564453125
10222.98046875
7856.701171875
5678.763671875
3713.00390625
1978.85546875
491.2109375
-739.642578125
-1708.00390625
-2412.6796875
-2856.8203125
-3047.693359375
-2996.41796875
-2717.607421875
-2229.009765625
-1551.064453125
-706.466796875
280.3125
1383.517578125
2576.60546875
3832.73046875
5125.220703125
6428.060546875
7716.298828125
8966.478515625
10156.98046875
11268.361328125
12283.6171875
13188.41796875
13971.263671875
14623.619140625
15139.9609375
15517.796875
15757.625
15862.82421875
15839.53515625
15696.46484375
15444.677734375
15097.330078125
14669.3984375
14177.375
13638.943359375
13072.6640625
12497.625
11933.115234375
11398.30859375
10911.943359375
10492.02734375
10155.568359375
9918.326171875
9794.580078125
9796.962890625
9936.2734375
10221.380859375
10659.111328125
11254.2109375
12009.30859375
12924.94140625
13999.5703125
15229.67578125
16609.828125
18132.818359375
19789.7734375
21570.328125
23462.771484375
25454.23046875
27530.828125
29677.884765625
31880.08203125
34121.642578125
36386.5
38658.455078125
40921.33984375
43159.138671875
45356.1328125
47497.00390625
49566.947265625
51551.751953125
53437.876953125
55212.525390625
56863.6875
58380.189453125
59751.736328125
60968.92578125
62023.28515625
62907.2890625
63614.369140625
64138.94140625
64476.40625
64623.185546875
64576.716796875
64335.4921875
63899.0625
63268.076171875
62444.294921875
61430.611328125
60231.080078125
58850.947265625
57296.646484375
55575.83984375
53697.40234375
51671.43359375
49509.25
47223.34375
44827.373046875
42336.087890625
39765.28125
37131.697265625
34452.921875
31747.28515625
29033.708984375
26331.5546875
23660.458984375
21040.13671875
18490.201171875
16029.931640625
13678.072265625
11452.609375
9370.5234375
7447.591796875
5698.15234375
4134.8984375
2768.67578125
1608.3046875
660.4140625
-70.69140625
-583.14453125
-877.6015625
-957.28515625
-827.9921875
-498.08203125
21.591796875
717.779296875
1574.970703125
2575.568359375
3700.09765625
4927.443359375
6235.130859375
7599.611328125
8996.59765625
10401.392578125
11789.2421875
13135.69921875
14416.982421875
15610.33984375
16694.38671875
17649.453125
18457.888671875
19104.349609375
19576.056640625
19863.013671875
19958.189453125
19857.64453125
19560.6328125
19069.630859375
18390.337890625
17531.609375
16505.353515625
15326.3671875
14012.13671875
12582.583984375
11059.787109375
9467.640625
7831.515625
6177.873046875
4533.857421875
2926.8984375
1384.28125
-67.271484375
-1402.009765625
-2595.544921875
-3625.23828125
-4470.544921875
-5113.33203125
-5538.16015625
-5732.51953125
-5687.021484375
-5395.548828125
-4855.33984375
-4067.033203125
-3034.654296875
-1765.546875
-270.267578125
1437.587890625
3341.587890625
5422.71875
7659.66796875
10029.158203125
12506.263671875
15064.806640625
17677.716796875
20317.421875
22956.236328125
25566.740234375
28122.1484375
30596.654296875
32965.759765625
35206.578125
37298.080078125
39221.3359375
40959.6953125
42498.92578125
43827.31640625
44935.732421875
45817.626953125
46469.01171875
46888.384765625
47076.607421875
47036.78515625
46774.076171875
46295.5
45609.7109375
44726.765625
43657.884765625
42415.193359375
41011.48828125
39459.984375
37774.091796875
35967.205078125
34052.51953125
32042.857421875
29950.537109375
27787.259765625
25564.044921875
23291.17578125
20978.201171875
18633.9453125
16266.5625
13883.626953125
11492.216796875
9099.044921875
6710.607421875
4333.3203125
1973.68359375
-361.55859375
-2665.26953125
-4929.76953125
-7146.71484375
-9306.98046875
-11400.578125
-13416.599609375
-15343.19140625
-17167.5625
-18876.033203125
-20454.119140625
-21886.6484375
-23157.923828125
-24251.908203125
-25152.46484375
-25843.6015625
-26309.75
-26536.076171875
-26508.78515625
-26215.453125
-25645.34375
-24789.728515625
-23642.203125
-22198.9609375
-20459.05859375
-18424.642578125
-16101.134765625
-13497.37109375
-10625.693359375
-7501.982421875
-4145.6328125
-579.47265625
3170.388671875
7074.765625
11101.6640625
15216.6171875
19383.052734375
23562.7421875
27716.26171875
31803.517578125
35784.279296875
39618.7578125
43268.1640625
46695.296875
49865.119140625
52745.29296875
55306.7265625
57524.0390625
59376.01953125
60846.001953125
61922.181640625
62597.876953125
62871.6875
62747.60546875
62234.998046875
61348.548828125
60108.08203125
58538.310546875
56668.505859375
54532.07421875
52166.076171875
49610.67578125
46908.5234375
44104.09765625
41243.01171875
38371.28515625
35534.61328125
32777.6171875
30143.130859375
27671.484375
25399.833984375
23361.55078125
21585.662109375
20096.337890625
18912.505859375
18047.50390625
17508.86328125
17298.169921875
17411.02734375
17837.138671875
18560.474609375
19559.548828125
20807.798828125
22274.041015625
23923.02734375
25716.060546875
27611.6875
29566.439453125
31535.609375
33474.06640625
35337.060546875
37081.056640625
38664.5234375
40048.71484375
41198.37109375
42082.3984375
42674.4609375
42953.490234375
42904.091796875
42516.875
41788.65234375
40722.537109375
39327.9296875
37620.369140625
35621.29296875
33357.68359375
30861.587890625
28169.552734375
25321.998046875
22362.453125
19336.783203125
16292.333984375
13277.05859375
10338.609375
7523.42578125
4875.849609375
2437.255859375
245.2265625
-1667.19921875
-3272.224609375
-4547.8828125
-5478.54296875
-6055.28515625
-6276.189453125
-6146.462890625
-5678.46875
-4891.595703125
-3812.03515625
-2472.384765625
-911.171875
827.76953125
2696.001953125
4641.3046875
6608.560546875
8540.70703125
10379.751953125
12067.80859375
13548.15234375
14766.265625
15670.869140625
16214.916015625
16356.515625
16059.79296875
15295.654296875
14042.4453125
12286.49609375
10022.52734375
7253.947265625
3992.962890625
260.587890625
-3913.52734375
-8491.40625
-13427.19140625
-18667.7265625
-24153.283203125
-29818.38671875
-35592.75390625
-41402.330078125
-47170.3671875
-52818.607421875
-58268.455078125
-63442.1875
-68264.16796875
-72662.025390625
-76567.79296875
-79918.984375
-82659.595703125
-84741.00390625
-86122.755859375
-86773.23828125
-86670.19921875
-85801.134765625
-84163.51171875
-81764.8515625
-78622.65234375
-74764.12890625
-70225.849609375
-65053.17578125
-59299.611328125
-53025.986328125
-46299.5625
-39193.015625
-31783.359375
-24150.791015625
-16377.501953125
-8546.46875
-740.234375
6960.28515625
14476.974609375
21735.609375
28666.892578125
35207.40234375
41300.412109375
46896.634765625
51954.7734375
56441.998046875
60334.25
63616.390625
66282.21484375
68334.318359375
69783.81640625
70649.921875
70959.41796875
70745.9765625
70049.412109375
68914.828125
67391.693359375
65532.85546875
63393.537109375
61030.298828125
58500.001953125
55858.80078125
53161.158203125
50458.935546875
47800.5234375
45230.08203125
42786.869140625
40504.6796875
38411.3984375
36528.67578125
34871.73828125
33449.318359375
32263.728515625
31311.041015625
30581.41015625
30059.48828125
29724.951171875
29553.126953125
29515.681640625
29581.3828125
29716.9140625
29887.705078125
30058.796875
30195.6796875
30265.140625
30236.05078125
30080.111328125
29772.533203125
29292.634765625
28624.349609375
27756.640625
26683.787109375
25405.58203125
23927.388671875
22260.09765625
20419.955078125
18428.28125
16311.08203125
14098.560546875
11824.5390625
9525.791015625
7241.3359375
5011.646484375
2877.84765625
880.88671875
-939.30078125
-2544.6171875
-3899.58203125
-4972.087890625
-5734.080078125
-6162.1796875
-6238.19140625
-5949.55859375
-5289.662109375
-4258.05859375
-2860.55859375
-1109.220703125
977.80078125
3376.50390625
6057.419921875
8986.06640625
12123.544921875
15427.171875
18851.23828125
22347.767578125
25867.388671875
29360.1796875
32776.5546875
36068.142578125
39188.646484375
42094.669921875
44746.4765625
47108.701171875
49150.974609375
50848.4609375
52182.27734375
53139.833984375
53715.0234375
53908.3125
53726.70703125
53183.587890625
52298.447265625
51096.48046875
49608.10546875
47868.365234375
45916.244140625
43793.927734375
41545.978515625
39218.50390625
36858.25390625
34511.74609375
32224.376953125
30039.5625
27997.921875
26136.509765625
24488.123046875
23080.6875
21936.755859375
21073.08203125
20500.33203125
20222.912109375
20238.904296875
20540.142578125
21112.400390625
21935.705078125
22984.759765625
24229.46875
25635.568359375
27165.3359375
28778.34765625
30432.33984375
32084.05078125
33690.130859375
35208.033203125
36596.89453125
37818.390625
38837.537109375
39623.447265625
40149.978515625
40396.3203125
40347.458984375
39994.53125
39335.076171875
38373.142578125
37119.26953125
35590.333984375
33809.302734375
31804.8203125
29610.693359375
27265.29296875
24810.818359375
22292.513671875
19757.80078125
17255.359375
14834.17578125
12542.580078125
10427.267578125
8532.36328125
6898.501953125
5561.982421875
4553.98828125
3899.89453125
3618.6796875
3722.4453125
4216.0859375
5097.04296875
6355.2578125
7973.216796875
9926.16015625
12182.427734375
14703.9375
17446.791015625
20361.994140625
23396.29296875
26493.078125
29593.39453125
32636.974609375
35563.349609375
38312.939453125
40828.171875
43054.564453125
44941.779296875
46444.599609375
47523.841796875
48147.1640625
48289.771484375
47934.98828125
47074.689453125
45709.603515625
43849.44140625
41512.884765625
38727.41015625
35528.955078125
31961.4296875
28076.09765625
23930.8125
19589.125
15119.29296875
10593.201171875
6085.1875
1670.84375
-2574.236328125
-6575.71484375
-10261.76171875
-13564.265625
-16420.009765625
-18771.755859375
-20569.25
-21770.111328125
-22340.60546875
-22256.255859375
-21502.34375
-20074.21484375
-17977.423828125
-15227.7421875
-11850.958984375
-7882.5390625
-3367.119140625
1642.1640625
7084.455078125
12892.12890625
18991.810546875
25305.521484375
31751.884765625
38247.388671875
44707.685546875
51048.89453125
57188.912109375
63048.6640625
68553.326171875
73633.462890625
78226.0703125
82275.509765625
85734.32421875
88563.8984375
90734.99609375
92228.109375
93033.66796875
93152.07421875
92593.578125
91377.978515625
89534.189453125
87099.6328125
84119.525390625
80646.01953125
76737.251953125
72456.294921875
67870.044921875
63048.048828125
58061.31640625
52981.115234375
47877.767578125
42819.513671875
37871.375
33094.150390625
28543.451171875
24268.869140625
20313.24609375
16712.099609375
13493.150390625
10676.03125
8272.115234375
6284.51953125
4708.244140625
3530.458984375
2730.92578125
2282.548828125
2152.046875
2300.734375
2685.3671875
3259.08984375
3972.40625
4774.212890625
5612.828125
6437.01953125
7197.02734375
7845.515625
8338.48046875
8636.09375
8703.44140625
8511.1484375
8035.923828125
7260.94921875
6176.158203125
4778.361328125
3071.279296875
1065.37890625
-1222.35546875
-3768.814453125
-6545.263671875
-9517.939453125
-12648.7421875
-15896.0078125
-19215.34765625
-22560.521484375
-25884.345703125
-29139.62109375
-32280.037109375
-35261.0703125
-38040.826171875
-40580.83203125
-42846.75390625
-44809.02734375
-46443.3984375
-47731.34375
-48660.390625
-49224.298828125
-49423.13671875
-49263.2265625
-48756.955078125
-47922.48828125
-46783.357421875
-45367.9375
-43708.85546875
-41842.296875
-39807.240234375
-37644.669921875
-35396.71484375
-33105.80078125
-30813.7734375
-28561.056640625
-26385.830078125
-24323.265625
-22404.806640625
-20657.544921875
-19103.68359375
-17760.087890625
-16637.962890625
-15742.62109375
-15073.40625
-14623.705078125
-14381.103515625
-14327.654296875
-14440.2578125
-14691.15625
-15048.517578125
-15477.125
-15939.111328125
-16394.78125
-16803.466796875
-17124.400390625
-17317.626953125
-17344.873046875
-17170.423828125
-16761.9453125
-16091.234375
-15134.9375
-13875.1328125
-12299.8515625
-10403.4765625
-8187.0078125
-5658.234375
-2831.748046875
271.16015625
3622.734375
7189.1171875
10930.841796875
14803.41796875
18758.048828125
22742.421875
26701.57421875
30578.849609375
34316.87109375
37858.548828125
41148.119140625
44132.16015625
46760.57421875
48987.546875
50772.43359375
52080.560546875
52883.94921875
53161.9375
52901.646484375
52098.365234375
50755.767578125
48886.009765625
46509.662109375
43655.521484375
40360.25390625
36667.93359375
32629.42578125
28301.65234375
23746.767578125
19031.220703125
14224.7421875
9399.2734375
4627.84765625
-16.556640625
-4462.16796875
-8639.556640625
-12482.751953125
-15930.296875
-18926.23046875
-21421.005859375
-23372.283203125
-24745.62890625
-25515.07421875
-25663.55078125
-25183.173828125
-24075.38671875
-22350.94921875
-20029.775390625
-17140.638671875
-13720.716796875
-9815.001953125
-5475.62890625
-761.013671875
4265.0234375
9534.275390625
14975.2109375
20514.080078125
26076.064453125
31586.423828125
36971.646484375
42160.5625
47085.419921875
51682.89453125
55895.015625
59670.0078125
62963.025390625
65736.75390625
67961.912109375
69617.580078125
70691.431640625
71179.796875
71087.599609375
70428.140625
69222.76171875
67500.388671875
65296.93359375
62654.625
59621.208984375
56249.1015625
52594.46875
48716.244140625
44675.15234375
40532.68359375
36350.095703125
32187.42578125
28102.556640625
24150.3203125
20381.6796875
16842.994140625
13575.357421875
10614.07421875
7988.22265625
5720.330078125
3826.185546875
2314.75390625
1188.236328125
442.220703125
65.962890625
42.759765625
350.4375
961.91015625
1845.81640625
2967.228515625
4288.39453125
5769.52734375
7369.60546875
9047.1796875
10761.166015625
12471.625
14140.478515625
15732.20703125
17214.447265625
18558.5546875
19740.0390625
20738.95703125
21540.169921875
22133.53125
22513.951171875
22681.3828125
22640.69140625
22401.4375
21977.5859375
21387.099609375
20651.498046875
19795.330078125
18845.607421875
17831.19140625
16782.15625
15729.138671875
14702.6953125
13732.640625
12847.462890625
12073.720703125
11435.515625
10954.03125
10647.109375
10528.92578125
10609.728515625
10895.66796875
11388.708984375
12086.63671875
12983.140625
14067.98828125
15327.271484375
16743.73828125
18297.18359375
19964.892578125
21722.154296875
23542.783203125
25399.70703125
27265.53125
29113.134765625
30916.248046875
32650.013671875
34291.517578125
35820.275390625
37218.677734375
38472.3515625
39570.498046875
40506.103515625
41276.1171875
41881.513671875
42327.302734375
42622.427734375
42779.60546875
42815.05859375
42748.216796875
42601.298828125
42398.880859375
42167.380859375
41934.517578125
41728.732421875
41578.583984375
41512.154296875
41556.43359375
41736.734375
42076.123046875
42594.904296875
43310.125
44235.16796875
45379.390625
46747.828125
48341.01171875
50154.822265625
52180.474609375
54404.552734375
56809.1640625
59372.15234375
62067.40234375
64865.23828125
67732.861328125
70634.873046875
73533.84375
76390.9296875
79166.509765625
81820.865234375
84314.8515625
86610.57421875
88672.041015625
90465.8046875
91961.55859375
93132.671875
93956.68359375
94415.71875
94496.83203125
94192.267578125
93499.626953125
92421.958984375
90967.744140625
89150.791015625
86990.044921875
84509.296875
81736.83203125
78704.966796875
75449.546875
72009.373046875
68425.568359375
64740.9140625
60999.16015625
57244.30078125
53519.87109375
49868.232421875
46329.888671875
42942.826171875
39741.9140625
36758.337890625
34019.109375
31546.658203125
29358.48828125
27466.92578125
25878.96875
24596.205078125
23614.865234375
22925.919921875
22515.31640625
22364.2734375
22449.671875
22744.517578125
23218.4765625
23838.4609375
24569.27734375
25374.29296875
26216.142578125
27057.451171875
27861.53515625
28593.1171875
29218.9921875
29708.681640625
30035.017578125
30174.677734375
30108.65234375
29822.62890625
29307.30078125
28558.58203125
27577.728515625
26371.353515625
24951.376953125
23334.833984375
21543.6328125
19604.1953125
17547.021484375
15406.19140625
13218.76953125
11024.185546875
8863.546875
6778.912109375
4812.560546875
3006.232421875
1400.376953125
33.42578125
-1058.9296875
-1844.390625
-2294.685546875
-2386.103515625
-2099.9921875
-1423.162109375
-348.1875
1126.36328125
2995.806640625
5249.32421875
7870.03125
10835.173828125
14116.38671875
17680.080078125
21487.884765625
25497.20703125
29661.828125
33932.6015625
38258.158203125
42585.69140625
46861.755859375
51033.072265625
55047.349609375
58854.095703125
62405.390625
65656.640625
68567.271484375
71101.3671875
73228.2421875
74922.9296875
76166.58203125
76946.78125
77257.74609375
77100.451171875
76482.61328125
75418.60546875
73929.255859375
72041.529296875
69788.142578125
67207.08203125
64341.01953125
61236.693359375
57944.1875
54516.19140625
51007.203125
47472.705078125
43968.330078125
40549.029296875
37268.248046875
34177.109375
31323.6640625
28752.171875
26502.431640625
24609.20703125
23101.701171875
22003.134765625
21330.41015625
21093.869140625
21297.15625
21937.173828125
23004.154296875
24481.806640625
26347.587890625
28573.044921875
31124.255859375
33962.34375
37044.064453125
40322.455078125
43747.53515625
47267.04296875
50827.20703125
54373.52734375
57851.5703125
61207.751953125
64390.1015625
67348.990234375
70037.83203125
72413.720703125
74438.009765625
76076.828125
77301.51953125
78088.990234375
78421.982421875
78289.265625
77685.708984375
76612.287109375
75076.005859375
73089.69921875
70671.7890625
67845.94140625
64640.6484375
61088.765625
57226.974609375
53095.201171875
48736.013671875
44193.9609375
39514.921875
34745.443359375
29932.052734375
25120.640625
20355.8046875
15680.27734375
11134.36328125
6755.4296875
2577.484375
-1369.234375
-5058.560546875
-8468.646484375
-11582.13671875
-14386.263671875
-16872.87109375
-19038.37890625
-20883.62890625
-22413.72265625
-23637.763671875
-24568.5390625
-25222.173828125
-25617.708984375
-25776.67578125
-25722.62109375
-25480.611328125
-25076.75
-24537.658203125
-23889.994140625
-23159.96484375
-22372.865234375
-21552.66796875
-20721.611328125
-19899.875
-19105.265625
-18352.97265625
-17655.396484375
-17021.994140625
-16459.2265625
-15970.541015625
-15556.4140625
-15214.46484375
-14939.61328125
-14724.28515625
-14558.669921875
-14431.0234375
-14327.984375
-14234.943359375
-14136.421875
-14016.453125
-13858.99609375
-13648.318359375
-13369.384765625
-13008.236328125
-12552.33203125
-11990.86328125
-11315.0390625
-10518.333984375
-9596.669921875
-8548.58203125
-7375.30078125
-6080.8046875
-4671.80859375
-3157.69921875
-1550.423828125
135.6796875
1884.09375
3676.373046875
5492.443359375
7310.931640625
9109.515625
10865.298828125
12555.2109375
14156.39453125
15646.6171875
17004.658203125
18210.671875
19246.5703125
20096.341796875
20746.34765625
21185.58203125
21405.89453125
21402.1640625
21172.40234375
20717.8359375
20042.92578125
19155.314453125
18065.73828125
16787.900390625
15338.244140625
13735.7421875
12001.603515625
10158.953125
8232.48046875
6248.05859375
4232.35546875
2212.40625
215.21484375
-1732.681640625
-3605.61328125
-5379.166015625
-7030.5703125
-8539.037109375
-9886.072265625
-11055.751953125
-12034.953125
-12813.544921875
-13384.515625
-13744.064453125
-13891.62890625
-13829.865234375
-13564.57421875
-13104.57421875
-12461.533203125
-11649.751953125
-10685.89453125
-9588.70703125
-8378.68359375
-7077.71875
-5708.734375
-4295.296875
-2861.236328125
-1430.25390625
-25.5390625
1330.580078125
2616.99609375
3814.12890625
4904.216796875
5871.560546875
6702.732421875
7386.736328125
7915.13671875
8282.115234375
8484.5
8521.732421875
8395.794921875
8111.09375
7674.29296875
7094.115234375
6381.10546875
5547.361328125
4606.25
3572.09375
2459.853515625
1284.802734375
62.201171875
-1193.025390625
-2466.58203125
-3745.099609375
-5016.37890625
-6269.640625
-7495.697265625
-8687.1171875
-9838.34375
-10945.75390625
-12007.681640625
-13024.400390625
-13998.048828125
-14932.52734375
-15833.326171875
-16707.345703125
-17562.66015625
-18408.26171875
-19253.775390625
-20109.1484375
-20984.34375
-21889.009765625
-22832.162109375
-23821.859375
-24864.9140625
-25966.60546875
-27130.423828125
-28357.859375
-29648.212890625
-30998.451171875
-32403.134765625
-33854.35546875
-35341.7578125
-36852.59765625
-38371.859375
-39882.423828125
-41365.28515625
-42799.8203125
-44164.09765625
-45435.216796875
-46589.708984375
-47603.912109375
-48454.431640625
-49118.55859375
-49574.70703125
-49802.880859375
-49785.05859375
-49505.63671875
-48951.7734375
-48113.755859375
-46985.28125
-45563.697265625
-43850.2109375
-41850.0078125
-39572.314453125
-37030.40234375
-34241.5234375
-31226.75390625
-28010.798828125
-24621.724609375
-21090.599609375
-17451.1171875
-13739.13671875
-9992.1953125
-6248.9609375
-2548.66796875
1069.458984375
4566.818359375
7906.037109375
11051.55859375
13970.22265625
16631.82421875
19009.61328125
21080.775390625
22826.833984375
24234.0
25293.455078125
26001.54296875
26359.908203125
26375.517578125
26060.6328125
25432.65625
24513.93359375
23331.44140625
21916.4140625
20303.892578125
18532.201171875
16642.373046875
14677.521484375
12682.166015625
10701.537109375
8780.86328125
6964.619140625
5295.841796875
3815.384765625
2561.27734375
1568.052734375
866.181640625
481.53515625
434.93359375
741.75
1411.638671875
2448.302734375
3849.40234375
5606.53515625
7705.31640625
10125.568359375
12841.5859375
15822.515625
19032.798828125
22432.720703125
25978.99609375
29625.44921875
33323.71875
37024.02734375
40675.955078125
44229.24609375
47634.59375
50844.44921875
53813.76953125
56500.755859375
58867.525390625
60880.728515625
62512.1015625
63738.927734375
64544.41796875
64917.994140625
64855.47265625
64359.1484375
63437.76953125
62106.40625
60386.228515625
58304.169921875
55892.509765625
53188.349609375
50233.041015625
47071.513671875
43751.5703125
40323.10546875
36837.322265625
33345.908203125
29900.20703125
26550.400390625
23344.70703125
20328.61328125
17544.154296875
15029.248046875
12817.109375
10935.716796875
9407.3984375
8248.4921875
7469.11328125
7073.0234375
7057.609375
7413.94921875
8127.0234375
9175.986328125
10534.55078125
12171.462890625
14051.0703125
16133.9296875
18377.515625
20736.94921875
23165.771484375
25616.759765625
28042.7265625
30397.3359375
32635.884765625
34716.076171875
36598.736328125
38248.46484375
39634.25390625
40729.98828125
41514.89453125
41973.873046875
42097.767578125
41883.478515625
41334.025390625
40458.47265625
39271.771484375
37794.482421875
36052.419921875
34076.19921875
31900.703125
29564.484375
27109.087890625
24578.35546875
22017.650390625
19473.095703125
16990.791015625
14616.005859375
12392.423828125
10361.3984375
8561.251953125
7026.6171875
5787.8671875
4870.587890625
4295.16015625
4076.408203125
4223.357421875
4739.08203125
5620.658203125
6859.205078125
8440.048828125
10342.95703125
12542.482421875
15008.3828125
17706.126953125
20597.453125
23641.01953125
26793.0546875
30008.1015625
33239.732421875
36441.30859375
39566.734375
42571.193359375
45411.849609375
48048.53125
50444.353515625
52566.28125
54385.642578125
55878.53515625
57026.181640625
57815.181640625
58237.681640625
58291.447265625
57979.845703125
57311.73828125
56301.28515625
54967.662109375
53334.712890625
51430.498046875
49286.828125
46938.70703125
44423.736328125
41781.5
39052.919921875
36279.59375
33503.138671875
30764.548828125
28103.57421875
25558.12109375
23163.712890625
20952.978515625
18955.220703125
17196.033203125
15696.986328125
14475.416015625
13544.234375
12911.861328125
12582.224609375
12554.822265625
12824.859375
13383.47265625
14217.982421875
15312.236328125
16646.974609375
18200.25390625
19947.89453125
21863.947265625
23921.185546875
26091.591796875
28346.83984375
30658.7734375
32999.84375
35343.537109375
37664.751953125
39940.130859375
42148.369140625
44270.41796875
46289.701171875
48192.205078125
49966.56640625
51604.0625
53098.5703125
54446.46875
55646.466796875
56699.435546875
57608.1484375
58377.03125
59011.865234375
59519.478515625
59907.423828125
60183.6640625
60356.2578125
60433.046875
60421.3828125
60327.87109375
60158.150390625
59916.69921875
59606.708984375
59229.970703125
58786.841796875
58276.23046875
57695.658203125
57041.345703125
56308.361328125
55490.794921875
54581.994140625
53574.806640625
52461.86328125
51235.884765625
49889.9921875
48418.029296875
46814.875
45076.76171875
43201.5546875
41189.03125
39041.1015625
36762.013671875
34358.494140625
31839.861328125
29218.072265625
26507.708984375
23725.92578125
20892.31640625
18028.74609375
15159.1015625
12309.017578125
9505.53515625
6776.71875
4151.24609375
1657.953125
-674.623046875
-2818.73828125
-4747.9140625
-6437.439453125
-7864.818359375
-9010.232421875
-9856.94140625
-10391.666015625
-10604.90234375
-10491.201171875
-10049.357421875
-9282.572265625
-8198.4921875
-6809.2265625
-5131.244140625
-3185.228515625
-995.83203125
1408.62890625
3996.541015625
6733.44921875
9582.533203125
12505.16796875
15461.498046875
18411.056640625
21313.396484375
24128.734375
26818.607421875
29346.48046875
31678.376953125
33783.423828125
35634.412109375
37208.228515625
38486.29296875
39454.8828125
40105.38671875
40434.48046875
40444.20703125
40141.978515625
39540.470703125
38657.43359375
37515.421875
36141.41796875
34566.40234375
32824.833984375
30954.06640625
28993.71875
26984.99609375
24969.96875
22990.841796875
21089.212890625
19305.330078125
17677.369140625
16240.728515625
15027.400390625
14065.341796875
13377.962890625
12983.650390625
12895.388671875
13120.4765625
13660.328125
14510.37890625
15660.087890625
17093.05859375
18787.23828125
20715.2421875
22844.74609375
25138.98828125
27557.345703125
30055.98046875
32588.541015625
35106.9296875
37562.091796875
39904.83984375
42086.677734375
44060.6328125
45782.060546875
47209.421875
48305.0234375
49035.685546875
49373.35546875
49295.62890625
48786.19921875
47835.193359375
46439.40625
44602.45703125
42334.77734375
39653.556640625
36582.517578125
33151.623046875
29396.671875
25358.7734375
21083.779296875
16621.595703125
12025.435546875
7351.041015625
2655.822265625
-2002.001953125
-6564.2890625
-10973.873046875
-15175.431640625
-19116.33203125
-22747.44140625
-26023.875
-28905.68359375
-31358.466796875
-33353.884765625
-34870.0859375
-35892.03125
-36411.708984375
-36428.240234375
-35947.865234375
-34983.830078125
-33556.154296875
-31691.306640625
-29421.7578125
-26785.4609375
-23825.25390625
-20588.1640625
-17124.677734375
-13487.9453125
-9732.962890625
-5915.712890625
-2092.322265625
1681.79296875
5352.759765625
8869.03515625
12182.16015625
15247.455078125
18024.640625
20478.376953125
22578.73828125
24301.5625
25628.7265625
26548.318359375
27054.693359375
27148.447265625
26836.267578125
26130.70703125
25049.85546875
23616.927734375
21859.7734375
19810.333984375
17504.0234375
14979.07421875
12275.849609375
9436.123046875
6502.3828125
3517.095703125
522.01953125
-2442.466796875
-5337.98828125
-8128.763671875
-10782.109375
-13268.900390625
-15563.94140625
-17646.26171875
-19499.330078125
-21111.173828125
-22474.41796875
-23586.23828125
-24448.224609375
-25066.1640625
-25449.7578125
-25612.263671875
-25570.07421875
-25342.251953125
-24950.0234375
-24416.224609375
-23764.759765625
-23020.021484375
-22206.318359375
-21347.333984375
-20465.587890625
-19581.947265625
-18715.181640625
-17881.548828125
-17094.48046875
-16364.298828125
-15698.017578125
-15099.2265625
-14568.0390625
-14101.1328125
-13691.849609375
-13330.388671875
-13004.0546875
-12697.583984375
-12393.5234375
-12072.66015625
-11714.50390625
-11297.783203125
-10800.9921875
-10202.91796875
-9483.208984375
-8622.896484375
-7604.9140625
-6414.591796875
-5040.103515625
-3472.859375
-1707.84375
256.099609375
2416.076171875
4765.005859375
7291.58203125
9980.296875
12811.576171875
15761.95703125
18804.380859375
21908.5390625
25041.294921875
28167.16796875
31248.869140625
34247.896484375
37125.138671875
39841.537109375
42358.7421875
44639.76171875
46649.62890625
48356.0390625
49729.9375
50746.080078125
51383.54296875
51626.166015625
51462.919921875
50888.19921875
49902.037109375
48510.22265625
46724.330078125
44561.662109375
42045.078125
39202.767578125
36067.89453125
32678.1875
29075.44140625
25304.94921875
21414.880859375
17455.58984375
13478.908203125
9537.384765625
5683.51953125
1969.00390625
-1556.0625
-4843.912109375
-7849.810546875
-10532.755859375
-12856.07421875
-14787.98046875
-16302.064453125
-17377.689453125
-18000.3046875
-18161.671875
-17859.984375
-17099.90625
-15892.498046875
-14255.046875
-12210.810546875
-9788.666015625
-7022.671875
-3951.564453125
-618.16015625
2931.271484375
6647.705078125
10480.08984375
14376.099609375
18282.919921875
22148.0078125
25919.861328125
29548.76953125
32987.513671875
36192.05078125
39122.107421875
41741.75390625
44019.87109375
45930.5546875
47453.431640625
48573.90625
49283.28515625
49578.8359375
49463.73828125
48946.96484375
48043.044921875
46771.791015625
45157.888671875
43230.482421875
41022.65625
38570.861328125
35914.341796875
33094.4765625
30154.138671875
27137.021484375
24086.970703125
21047.333984375
18060.3203125
15166.396484375
12403.724609375
9807.640625
7410.205078125
5239.794921875
3320.77734375
1673.251953125
312.861328125
-749.3046875
-1506.759765625
-1957.5625
-2104.208984375
-1953.451171875
-1516.044921875
-806.451171875
157.533203125
1355.158203125
2763.1796875
4356.306640625
6107.693359375
7989.427734375
9973.033203125
12029.94921875
14132.0
16251.83984375
18363.37109375
20442.109375
22465.52734375
24413.3125
26267.619140625
28013.22265625
29637.6328125
31131.1640625
32486.91015625
33700.701171875
34770.986328125
35698.6640625
36486.88671875
37140.806640625
37667.29296875
38074.625
38372.1640625
38570.017578125
38678.681640625
38708.708984375
38670.373046875
38573.341796875
38426.3984375
38237.177734375
38011.9296875
37755.33203125
37470.36328125
37158.19140625
36818.130859375
36447.646484375
36042.412109375
35596.400390625
35102.04296875
34550.412109375
33931.46484375
33234.294921875
32447.4453125
31559.21484375
30557.998046875
29432.634765625
28172.75390625
26769.123046875
25213.958984375
23501.2734375
21627.1171875
19589.8671875
17390.416015625
15032.353515625
12522.078125
9868.875
7084.9296875
4185.28125
1187.73046875
-1887.314453125
-5017.0390625
-8176.48828125
-11338.861328125
-14475.873046875
-17558.123046875
-20555.52734375
-23437.751953125
-26174.671875
-28736.833984375
-31095.935546875
-33225.275390625
-35100.203125
-36698.541015625
-38000.96875
-38991.384765625
-39657.20703125
-39989.626953125
-39983.8125
-39639.048828125
-38958.806640625
-37950.748046875
-36626.681640625
-35002.427734375
-33097.6328125
-30935.515625
-28542.546875
-25948.095703125
-23184.001953125
-20284.12109375
-17283.833984375
-14219.509765625
-11127.98046875
-8045.982421875
-5009.603515625
-2053.740234375
788.431640625
3485.958984375
6010.572265625
8337.115234375
10443.912109375
12313.095703125
13930.849609375
15287.607421875
16378.166015625
17201.728515625
17761.892578125
18066.529296875
18127.626953125
17961.04296875
17586.203125
17025.724609375
16305.0078125
15451.765625
14495.509765625
13467.0234375
12397.794921875
11319.44921875
10263.173828125
9259.15625
8336.02734375
7520.353515625
6836.134765625
6304.376953125
5942.693359375
5764.990234375
5781.18359375
5997.01953125
6413.94921875
7029.08984375
7835.24609375
8821.041015625
9971.083984375
11266.244140625
12683.970703125
14198.685546875
15782.23828125
17404.3984375
19033.39453125
20636.4921875
22180.578125
23632.775390625
24961.044921875
26134.787109375
27125.4140625
27906.908203125
28456.330078125
28754.2734375
28785.275390625
28538.15234375
28006.2734375
27187.755859375
26085.55859375
24707.546875
23066.400390625
21179.50390625
19068.7109375
16760.05078125
14283.353515625
11671.80078125
8961.431640625
6190.572265625
3399.2265625
628.455078125
-2080.314453125
-4685.94921875
-7148.302734375
-9428.884765625
-11491.515625
-13302.94140625
-14833.421875
-16057.248046875
-16953.20703125
-17504.98828125
-17701.482421875
-17537.02734375
-17011.548828125
-16130.611328125
-14905.384765625
-13352.509765625
-11493.875
-9356.298828125
-6971.134765625
-4373.794921875
-1603.203125
1298.8203125
4288.2265625
7319.43359375
10346.080078125
13321.783203125
16200.896484375
18939.287109375
21495.0703125
23829.33203125
25906.796875
27696.458984375
29172.119140625
30312.8984375
31103.60546875
31535.08203125
31604.39453125
31314.970703125
30676.603515625
29705.37890625
28423.470703125
26858.861328125
25044.95703125
23020.109375
20827.05078125
18512.265625
16125.283203125
13717.919921875
11343.48046875
9055.919921875
6909.005859375
4955.443359375
3246.04296875
1828.8828125
748.537109375
45.306640625
-245.4375
-93.884765625
523.693359375
1624.4921875
3218.837890625
5309.943359375
7893.759765625
10958.96875
14487.046875
18452.474609375
22823.01953125
27560.150390625
32619.525390625
37951.583984375
43502.2109375
49213.474609375
55024.41796875
60871.900390625
66691.474609375
72418.279296875
77987.947265625
83337.484375
88406.16015625
93136.33203125
97474.24609375
101370.763671875
104782.03125
107670.044921875
110003.171875
111756.515625
112912.240234375
113459.740234375
113395.732421875
112724.23046875
111456.404296875
109610.349609375
107210.7421875
104288.404296875
100879.79296875
97026.396484375
92774.064453125
88172.29296875
83273.451171875
78131.98046875
72803.57421875
67344.359375
61810.05859375
56255.208984375
50732.3828125
45291.462890625
39978.978515625
34837.505859375
29905.126953125
25214.994140625
20794.96875
16667.359375
12848.744140625
9349.912109375
6175.884765625
3326.033203125
794.3125
-1430.447265625
-3364.154296875
-5026.98046875
-6442.857421875
-7638.869140625
-8644.642578125
-9491.673828125
-10212.654296875
-10840.7734375
-11409.021484375
-11949.52734375
-12492.890625
-13067.583984375
-13699.375
-14410.82421875
-15220.83984375
-16144.31640625
-17191.830078125
-18369.4453125
-19678.591796875
-21116.02734375
-22673.908203125
-24339.927734375
-26097.541015625
-27926.294921875
-29802.1875
-31698.138671875
-33584.486328125
-35429.5625
-37200.28515625
-38862.783203125
-40383.060546875
-41727.62890625
-42864.181640625
-43762.208984375
-44393.61328125
-44733.271484375
-44759.564453125
-44454.830078125
-43805.76953125
-42803.765625
-41445.140625
-39731.306640625
-37668.861328125
-35269.57421875
-32550.28515625
-29532.734375
-26243.298828125
-22712.634765625
-18975.287109375
-15069.185546875
-11035.1171875
-6916.126953125
-2756.8984375
1396.919921875
5499.3828125
9504.943359375
13369.130859375
17049.220703125
20504.888671875
23698.802734375
26597.1953125
29170.3671875
31393.13671875
33245.208984375
34711.47265625
35782.21875
36453.28125
36726.068359375
36607.5390625
36110.06640625
35251.228515625
34053.525390625
32544.005859375
30753.84375
28717.82421875
26473.814453125
24062.15234375
21525.0234375
18905.8046875
16248.3828125
13596.498046875
10993.064453125
8479.517578125
6095.193359375
3876.7421875
1857.58984375
67.447265625
-1468.115234375
-2728.029296875
-3695.998046875
-4360.720703125
-4716.01171875
-4760.85546875
-4499.361328125
-3940.66796875
-3098.740234375
-1992.103515625
-643.525390625
920.390625
2669.658203125
4571.39453125
6590.376953125
8689.599609375
10830.880859375
12975.455078125
15084.58984375
17120.1875
19045.373046875
20825.05078125
22426.43359375
23819.5390625
24977.6171875
25877.54296875
26500.140625
26830.443359375
26857.892578125
26576.453125
25984.689453125
25085.7265625
23887.18359375
22401.0234375
20643.330078125
18634.046875
16396.65234375
13957.77734375
11346.798828125
8595.390625
5737.041015625
2806.57421875
-160.380859375
-3127.87890625
-6060.171875
-8922.208984375
-11680.095703125
-14301.55859375
-16756.3515625
-19016.63671875
-21057.318359375
-22856.337890625
-24394.908203125
-25657.69921875
-26632.978515625
-27312.67578125
-27692.421875
-27771.5078125
-27552.8046875
-27042.642578125
-26250.623046875
-25189.40625
-23874.46484375
-22323.78515625
-20557.556640625
-18597.84765625
-16468.23828125
-14193.478515625
-11799.109375
-9311.111328125
-6755.541015625
-4158.197265625
-1544.2890625
1061.8671875
3637.12109375
6159.75
8609.662109375
10968.599609375
13220.275390625
15350.4921875
17347.22265625
19200.65625
20903.1953125
22449.4453125
23836.146484375
25062.09375
26128.021484375
27036.474609375
27791.646484375
28399.208984375
28866.1328125
29200.48828125
29411.25
29508.09375
29501.197265625
29401.048828125
29218.25390625
28963.37109375
28646.7265625
28278.294921875
27867.5390625
27423.314453125
26953.763671875
26466.25
25967.29296875
25462.52734375
24956.69921875
24453.6484375
23956.337890625
23466.876953125
22986.56640625
22515.958984375
22054.923828125
21602.720703125
21158.08203125
20719.302734375
20284.318359375
19850.802734375
19416.2421875
18978.0390625
18533.56640625
18080.26171875
17615.68359375
17137.5703125
16643.896484375
16132.908203125
15603.166015625
15053.5546875
14483.314453125
13892.037109375
13279.66796875
12646.501953125
11993.158203125
11320.576171875
10629.966796875
9922.8046875
9200.78515625
8465.78515625
7719.833984375
6965.07421875
6203.724609375
5438.037109375
4670.275390625
3902.66796875
3137.392578125
2376.533203125
1622.0703125
875.849609375
139.55859375
-585.271484375
-1297.296875
-1995.361328125
-2678.505859375
-3345.9765625
-3997.2265625
-4631.91796875
-5249.919921875
-5851.314453125
-6436.384765625
-7005.623046875
-7559.716796875
-8099.544921875
-8626.1796875
-9140.869140625
-9645.041015625
-10140.279296875
-10628.318359375
-11111.033203125
-11590.423828125
-12068.587890625
-12547.705078125
-13030.021484375
-13517.80859375
-14013.337890625
-14518.85546875
-15036.52734375
-15568.41796875
-16116.431640625
-16682.27734375
-17267.41015625
-17872.99609375
-18499.8359375
-19148.34765625
-19818.48828125
-20509.71875
-21220.955078125
-21950.52734375
-22696.142578125
-23454.85546875
-24223.048828125
-24996.404296875
-25769.923828125
-26537.916015625
-27294.01171875
-28031.208984375
-28741.908203125
-29417.955078125
-30050.728515625
-30631.2109375
-31150.080078125
-31597.814453125
-31964.81640625
-32241.53125
-32418.583984375
-32486.916015625
-32437.939453125
-32263.677734375
-31956.91796875
-31511.369140625
-30921.78125
-30184.11328125
-29295.634765625
-28255.060546875
-27062.642578125
-25720.263671875
-24231.5
-22601.671875
-20837.859375
-18948.916015625
-16945.439453125
-14839.72265625
-12645.671875
-10378.712890625
-8055.6640625
-5694.578125
-3314.572265625
-935.626953125
1421.62890625
3736.15625
5986.75390625
8152.3125
10212.095703125
12146.00390625
13934.85546875
15560.64453125
17006.82421875
18258.5390625
19302.87109375
20129.05859375
20728.6875
21095.857421875
21227.328125
21122.62109375
20784.09375
20216.9765625
19429.373046875
18432.220703125
17239.216796875
15866.6875
14333.4609375
12660.65234375
10871.453125
8990.87109375
7045.451171875
5062.96484375
3072.0703125
1101.982421875
-817.908203125
-2658.3828125
-4390.77734375
-5987.357421875
-7421.65625
-8668.84375
-9706.052734375
-10512.68359375
-11070.69140625
-11364.8359375
-11382.896484375
-11115.857421875
-10558.04296875
-9707.21484375
-8564.626953125
-7135.0234375
-5426.6171875
-3450.984375
-1222.955078125
1239.56640625
3915.818359375
6782.423828125
9813.681640625
12981.8828125
16257.646484375
19610.296875
23008.240234375
26419.361328125
29811.427734375
33152.4921875
36411.302734375
39557.67578125
42562.8984375
45400.068359375
48044.43359375
50473.703125
52668.314453125
54611.67578125
56290.36328125
57694.27734375
58816.7578125
59654.6484375
60208.3203125
60481.654296875
60481.966796875
60219.900390625
59709.25390625
58966.8125
58012.08984375
56867.0625
55555.87890625
54104.5234375
52540.46875
50892.302734375
49189.34765625
47461.275390625
45737.6953125
44047.78125
42419.8671875
40881.078125
39456.9609375
38171.162109375
37045.083984375
36097.6171875
35344.876953125
34799.970703125
34472.830078125
34370.046875
34494.78125
34846.689453125
35421.904296875
36213.064453125
37209.3671875
38396.685546875
39757.71484375
41272.154296875
42916.931640625
44666.46484375
46492.94140625
48366.6484375
50256.3046875
52129.423828125
53952.693359375
55692.37109375
57314.6796875
58786.21875
60074.35546875
61147.638671875
61976.181640625
62532.0390625
62789.5703125
62725.7734375
62320.603515625
61557.248046875
60422.396484375
58906.443359375
57003.671875
54712.404296875
52035.091796875
48978.373046875
45553.095703125
41774.2734375
37661.01953125
33236.412109375
28527.345703125
23564.314453125
18381.16015625
13014.796875
7504.87109375
1893.412109375
-3775.5625
-9456.458984375
-15102.548828125
-20666.4296875
-26100.5
-31357.439453125
-36390.6953125
-41154.97265625
-45606.724609375
-49704.61328125
-53409.97265625
-56687.244140625
-59504.388671875
-61833.2578125
-63649.958984375
-64935.134765625
-65674.2421875
-65857.765625
-65481.380859375
-64546.060546875
-63058.14453125
-61029.333984375
-58476.638671875
-55422.2578125
-51893.419921875
-47922.15625
-43545.005859375
-38802.703125
-33739.78515625
-28404.1640625
-22846.669921875
-17120.529296875
-11280.84375
-5384.01953125
512.802734375
6352.361328125
12077.849609375
17633.53515625
22965.34765625
28021.455078125
32752.826171875
37113.75
41062.345703125
44561.013671875
47576.841796875
50081.966796875
52053.880859375
53475.677734375
54336.22265625
54630.287109375
54358.583984375
53527.76171875
52150.3125
50244.421875
47833.7578125
44947.189453125
41618.4453125
37885.724609375
33791.2578125
29380.806640625
24703.158203125
19809.54296875
14753.064453125
9588.095703125
4369.66015625
-847.173828125
-6007.919921875
-11059.255859375
-15949.623046875
-20629.763671875
-25053.248046875
-29176.958984375
-32961.5234375
-36371.703125
-39376.73046875
-41950.572265625
-44072.15625
-45725.521484375
-46899.896484375
-47589.744140625
-47794.708984375
-47519.52734375
-46773.86328125
-45572.10546875
-43933.0859375
-41879.791015625
-39438.978515625
-36640.80859375
-33518.404296875
-30107.412109375
-26445.525390625
-22572.021484375
-18527.2578125
-14352.1953125
-10087.9375
-5775.240234375
-1454.091796875
2836.71484375
7059.97265625
11180.4140625
15165.025390625
18983.330078125
22607.62890625
26013.177734375
29178.341796875
32084.70703125
34717.1171875
37063.6953125
39115.82421875
40868.0625
42318.044921875
43466.345703125
44316.310546875
44873.859375
45147.259765625
45146.916015625
44885.09375
44375.689453125
43633.951171875
42676.224609375
41519.701171875
40182.154296875
38681.71875
37036.64453125
35265.103515625
33384.994140625
31413.763671875
29368.263671875
27264.62890625
25118.15234375
22943.22265625
20753.25
18560.623046875
16376.697265625
14211.78125
12075.146484375
9975.064453125
7918.83203125
5912.828125
3962.556640625
2072.720703125
247.27734375
-1510.4921875
-3197.93359375
-4812.935546875
-6353.884765625
-7819.61328125
-9209.34375
-10522.654296875
-11759.435546875
-12919.87109375
-14004.40234375
-15013.73046875
-15948.783203125
-16810.720703125
-17600.927734375
-18321.01171875
-18972.798828125
-19558.33984375
-20079.896484375
-20539.9453125
-20941.16015625
-21286.408203125
-21578.72265625
-21821.28125
-22017.376953125
-22170.3828125
-22283.697265625
-22360.71875
-22404.76953125
-22419.060546875
-22406.61328125
-22370.21484375
-22312.345703125
-22235.13671875
-22140.296875
-22029.080078125
-21902.234375
-21759.96875
-21601.9375
-21427.21875
-21234.330078125
-21021.2265625
-20785.3515625
-20523.66796875
-20232.7265625
-19908.7421875
-19547.677734375
-19145.353515625
-18697.5625
-18200.1875
-17649.349609375
-17041.521484375
-16373.69140625
-15643.486328125
-14849.318359375
-13990.505859375
-13067.404296875
-12081.501953125
-11035.51171875
-9933.451171875
-8780.681640625
-7583.9375
-6351.330078125
-5092.314453125
-3817.62890625
-2539.224609375
-1270.130859375
-24.326171875
1183.435546875
2337.82421875
3423.146484375
4423.59375
5323.4765625
6107.51953125
6761.111328125
7270.59765625
7623.54296875
7809.0234375
7817.853515625
7642.849609375
7279.0234375
6723.791015625
5977.11328125
5041.625
3922.697265625
2628.4921875
1169.94140625
-439.31640625
-2183.03125
-4042.50390625
-5996.783203125
-8022.919921875
-10096.25
-12190.71875
-14279.263671875
-16334.181640625
-18327.572265625
-20231.7421875
-22019.6796875
-23665.474609375
-25144.7734375
-26435.208984375
-27516.802734375
-28372.345703125
-28987.740234375
-29352.310546875
-29459.04296875
-29304.787109375
-28890.3984375
-28220.80078125
-27305.00390625
-26156.037109375
-24790.814453125
-23229.939453125
-21497.44140625
-19620.4296875
-17628.72265625
-15554.380859375
-13431.2265625
-11294.306640625
-9179.3203125
-7122.02734375
-5157.650390625
-3320.255859375
-1642.158203125
-153.33203125
1119.140625
2151.603515625
2924.27734375
3421.69140625
3633.025390625
3552.384765625
3179.00390625
2517.35546875
1577.171875
373.390625
-1074.009765625
-2740.25390625
-4596.099609375
-6608.2578125
-8739.888671875
-10951.162109375
-13199.900390625
-15442.24609375
-17633.3984375
-19728.359375
-21682.7265625
-23453.453125
-24999.638671875
-26283.27734375
-27269.970703125
-27929.61328125
-28236.9921875
-28172.33984375
-27721.787109375
-26877.744140625
-25639.162109375
-24011.708984375
-22007.828125
-19646.673828125
-16953.955078125
-13961.654296875
-10707.634765625
-7235.142578125
-3592.22265625
168.966796875
3992.921875
7821.619140625
11595.408203125
15253.931640625
18737.09375
21986.017578125
24944.013671875
27557.515625
29777.0078125
31557.845703125
32861.078125
33654.12890625
33911.4375
33614.93359375
32754.46875
31328.0703125
29342.091796875
26811.21875
23758.361328125
20214.39453125
16217.7734375
11814.02734375
7055.130859375
1998.767578125
-3292.501953125
-8752.1640625
-14310.740234375
-19896.8359375
-25438.21484375
-30862.921875
-36100.380859375
-41082.4921875
-45744.69140625
-50026.966796875
-53874.791015625
-57239.998046875
-60081.525390625
-62366.076171875
-64068.64453125
-65172.916015625
-65671.509765625
-65566.115234375
-64867.435546875
-63595.01953125
-61776.939453125
-59449.3125
-56655.728515625
-53446.50390625
-49877.87109375
-46011.041015625
-41911.1953125
-37646.396484375
-33286.478515625
-28901.876953125
-24562.462890625
-20336.384765625
-16288.939453125
-12481.48046875
-8970.40234375
-5806.208984375
-3032.654296875
-686.0390625
1205.40625
2621.984375
3552.85546875
3996.212890625
3959.310546875
3458.32421875
2518.08203125
1171.630859375
-540.3203125
-2570.10546875
-4863.91015625
-7362.685546875
-10003.16015625
-12718.916015625
-15441.53125
-18101.736328125
-20630.60546875
-22960.7421875
-25027.421875
-26769.724609375
-28131.560546875
-29062.66015625
-29519.435546875
-29465.74609375
-28873.541015625
-27723.353515625
-26004.66796875
-23716.123046875
-20865.58203125
-17470.0234375
-13555.298828125
-9155.744140625
-4313.6328125
921.478515625
6493.55078125
12340.951171875
18397.427734375
24593.1953125
30856.025390625
37112.4140625
43288.75390625
49312.513671875
55113.37109375
60624.337890625
65782.806640625
70531.5234375
74819.474609375
78602.65625
81844.7421875
84517.591796875
86601.650390625
88086.18359375
88969.380859375
89258.291015625
88968.630859375
88124.44140625
86757.59765625
84907.2109375
82618.908203125
79944.005859375
76938.58203125
73662.509765625
70178.4140625
66550.572265625
62843.8515625
59122.583984375
55449.51953125
51884.76171875
48484.80859375
45301.63671875
42381.876953125
39766.08984375
37488.171875
35574.849609375
34045.341796875
32911.126953125
32175.8515625
31835.3984375
31878.0703125
32284.904296875
33030.123046875
34081.689453125
35401.98046875
36948.533203125
38674.892578125
40531.505859375
42466.66015625
44427.47265625
46360.865234375
48214.54296875
49937.96484375
51483.25390625
52806.0546875
53866.328125
54629.068359375
55064.892578125
55150.56640625
54869.384765625
54211.43359375
53173.748046875
51760.326171875
49982.01953125
47856.3046875
45406.943359375
42663.513671875
39660.86328125
36438.455078125
33039.630859375
29510.8359375
25900.763671875
22259.482421875
18637.5390625
15085.05859375
11650.8671875
8381.62890625
5321.0234375
2509.021484375
-18.818359375
-2231.943359375
-4105.3046875
-5619.76953125
-6762.41015625
-7526.685546875
-7912.515625
-7926.228515625
-7580.404296875
-6893.599609375
-5889.97265625
-4598.83203125
-3054.05078125
-1293.4609375
641.86328125
2708.33984375
4860.67578125
7052.662109375
9238.0
11371.109375
13407.90625
15306.5703125
17028.236328125
18537.65625
19803.74609375
20800.09765625
21505.37890625
21903.626953125
21984.47265625
21743.236328125
21180.92578125
20304.142578125
19124.875
17660.208984375
15931.9453125
13966.12890625
11792.52734375
9444.03125
6956.013671875
4365.66015625
1711.259765625
-968.498046875
-3635.224609375
-6251.533203125
-8781.68359375
-11192.2109375
-13452.4765625
-15535.189453125
-17416.8203125
-19077.962890625
-20503.60546875
-21683.298828125
-22611.255859375
-23286.34765625
-23712.005859375
-23896.0546875
-23850.4296875
-23590.857421875
-23136.421875
-22509.119140625
-21733.314453125
-20835.181640625
-19842.126953125
-18782.150390625
-17683.25390625
-16572.822265625
-15477.02734375
-14420.28125
-13424.703125
-12509.662109375
-11691.359375
-10982.5
-10392.009765625
-9924.8671875
-9581.98828125
-9360.21484375
-9252.37109375
-9247.42578125
-9330.716796875
-9484.255859375
-9687.109375
-9915.841796875
-10145.005859375
-10347.681640625
-10496.056640625
-10562.0234375
-10517.78515625
-10336.474609375
-9992.75390625
-9463.390625
-8727.796875
-7768.55078125
-6571.81640625
-5127.755859375
-3430.8203125
-1480.009765625
720.978515625
3163.671875
5834.837890625
8716.576171875
11786.5078125
15018.033203125
18380.68359375
21840.525390625
25360.658203125
28901.732421875
32422.55078125
35880.685546875
39233.12890625
42436.96875
45450.05078125
48231.65234375
50743.123046875
52948.51171875
54815.140625
56314.1328125
57420.888671875
58115.490234375
58383.033203125
58213.8828125
57603.841796875
56554.2421875
55071.9453125
53169.255859375
50863.751953125
48178.03515625
45139.40625
41779.46484375
38133.646484375
34240.70703125
30142.154296875
25881.654296875
21504.384765625
17056.3984375
12583.966796875
8132.921875
3748.017578125
-527.669921875
-4653.341796875
-8591.00390625
-12305.958984375
-15767.228515625
-18947.9375
-21825.6015625
-24382.359375
-26605.130859375
-28485.6875
-30020.662109375
-31211.48828125
-32064.248046875
-32589.466796875
-32801.853515625
-32719.970703125
-32365.8515625
-31764.58984375
-30943.8828125
-29933.5546875
-28765.044921875
-27470.91015625
-26084.30859375
-24638.4921875
-23166.322265625
-21699.791015625
-20269.58984375
-18904.693359375
-17632.013671875
-16476.05078125
-15458.6484375
-14598.74609375
-13912.234375
-13411.822265625
-13106.984375
-13003.9375
-13105.701171875
-13412.158203125
-13920.208984375
-14623.923828125
-15514.7578125
-16581.77734375
-17811.92578125
-19190.296875
-20700.4296875
-22324.591796875
-24044.103515625
-25839.611328125
-27691.388671875
-29579.60546875
-31484.58984375
-33387.068359375
-35268.3671875
-37110.615234375
-38896.90625
-40611.42578125
-42239.5546875
-43767.958984375
-45184.626953125
-46478.908203125
-47641.501953125
-48664.443359375
-49541.06640625
-50265.947265625
-50834.837890625
-51244.591796875
-51493.076171875
-51579.099609375
-51502.3125
-51263.130859375
-50862.666015625
-50302.646484375
-49585.365234375
-48713.630859375
-47690.7265625
-46520.392578125
-45206.806640625
-43754.591796875
-42168.8203125
-40455.04296875
-38619.3046875
-36668.197265625
-34608.876953125
-32449.12109375
-30197.359375
-27862.716796875
-25455.02734375
-22984.875
-20463.5859375
-17903.234375
-15316.619140625
-12717.234375
-10119.212890625
-7537.255859375
-4986.546875
-2482.646484375
-41.353515625
2321.408203125
4589.7734375
6748.080078125
8781.0625
10674.02734375
12413.044921875
13985.1328125
15378.458984375
16582.5
17588.23046875
18388.26953125
18977.025390625
19350.818359375
19507.974609375
19448.8984375
19176.12890625
18694.3359375
18010.33203125
17133.005859375
16073.26171875
14843.908203125
13459.525390625
11936.298828125
10291.84375
8544.978515625
6715.5078125
4823.970703125
2891.380859375
938.966796875
-1012.10546875
-2941.00390625
-4827.4921875
-6652.185546875
-8396.798828125
-10044.375
-11579.482421875
-12988.40234375
-14259.28515625
-15382.271484375
-16349.59375
-17155.625
-17796.927734375
-18272.23046875
-18582.404296875
-18730.384765625
-18721.08203125
-18561.25
-18259.33984375
-17825.318359375
-17270.490234375
-16607.27734375
-15849.01171875
-15009.70703125
-14103.837890625
-13146.10546875
-12151.2265625
-11133.71484375
-10107.69140625
-9086.701171875
-8083.544921875
-7110.142578125
-6177.412109375
-5295.16796875
-4472.064453125
-3715.537109375
-3031.783203125
-2425.779296875
-1901.28125
-1460.892578125
-1106.12109375
-837.453125
-654.451171875
-555.85546875
-539.6875
-603.365234375
-743.814453125
-957.56640625
-1240.86328125
-1589.744140625
-2000.126953125
-2467.8671875
-2988.791015625
-3558.7578125
-4173.6328125
-4829.30078125
-5521.638671875
-6246.46875
-6999.501953125
-7776.2734375
-8572.05078125
-9381.751953125
-10199.84765625
-11020.26953125
-11836.310546875
-12640.546875
-13424.751953125
-14179.83984375
-14895.818359375
-15561.76171875
-16165.810546875
-16695.201171875
-17136.30859375
-17474.73828125
-17695.431640625
-17782.8203125
-17720.982421875
-17493.859375
-17085.48046875
-16480.203125
-15663.0078125
-14619.765625
-13337.54296875
-11804.919921875
-10012.283203125
-7952.134765625
-5619.384765625
-3011.625
-129.369140625
3023.70703125
6440.599609375
10110.810546875
14020.271484375
18151.27734375
22482.4921875
26989.013671875
31642.4921875
36411.29296875
41260.748046875
46153.439453125
51049.54296875
55907.23828125
60683.14453125
65332.81640625
69811.265625
74073.525390625
78075.20703125
81773.1171875
85125.826171875
88094.27734375
90642.3515625
92737.4296875
94350.900390625
95458.66015625
96041.5234375
96085.607421875
95582.638671875
94530.181640625
92931.810546875
90797.189453125
88142.0546875
84988.150390625
81363.037109375
77299.849609375
72836.939453125
68017.47265625
62888.943359375
57502.6015625
51912.845703125
46176.5546875
40352.373046875
34499.982421875
28679.3125
22949.8046875
17369.61328125
11994.861328125
6878.8984375
2071.615234375
-2381.21484375
-6438.529296875
-10064.50390625
-13229.001953125
-15907.9609375
-18083.666015625
-19744.955078125
-20887.3125
-21512.873046875
-21630.34375
-21254.794921875
-20407.404296875
-19115.07421875
-17409.994140625
-15329.111328125
-12913.548828125
-10207.947265625
-7259.78515625
-4118.634765625
-835.42578125
2538.3359375
5951.330078125
9353.1796875
12695.18359375
15931.009765625
19017.359375
21914.552734375
24587.068359375
27004.00390625
29139.455078125
30972.8203125
32488.998046875
33678.515625
34537.54296875
35067.84375
35276.60546875
35176.197265625
34783.865234375
34121.3125
33214.24609375
32091.849609375
30786.208984375
29331.69921875
27764.33203125
26121.111328125
24439.34765625
22756.001953125
21107.0390625
19526.80078125
18047.421875
16698.298828125
15505.58984375
14491.806640625
13675.455078125
13070.759765625
12687.45703125
12530.68359375
12600.927734375
12894.0859375
13401.572265625
14110.53125
15004.099609375
16061.763671875
17259.744140625
18571.4609375
19968.03125
21418.80859375
22891.9375
24354.943359375
25775.3125
27121.0703125
28361.361328125
29466.974609375
30410.87890625
31168.677734375
31719.041015625
32044.0625
32129.5859375
31965.421875
31545.533203125
30868.14453125
29935.748046875
28755.072265625
27336.96875
25696.224609375
23851.310546875
21824.0859375
19639.427734375
17324.8203125
14909.91796875
12426.056640625
9905.751953125
7382.181640625
4888.65625
2458.103515625
122.544921875
-2087.380859375
-4142.90234375
-6017.521484375
-7687.43359375
-9131.841796875
-10333.26953125
-11277.779296875
-11955.16015625
-12359.04296875
-12486.94140625
-12340.265625
-11924.228515625
-11247.7421875
-10323.212890625
-9166.32421875
-7795.748046875
-6232.81640625
-4501.171875
-2626.365234375
-635.466796875
1443.39453125
3581.439453125
5749.685546875
7919.388671875
10062.45703125
12151.8515625
14161.97265625
16069.005859375
17851.23828125
19489.3359375
20966.58203125
22269.064453125
23385.830078125
24308.962890625
25033.658203125
25558.21875
25884.0
26015.337890625
25959.412109375
25726.091796875
25327.71484375
24778.865234375
24096.12109375
23297.75390625
22403.443359375
21433.962890625
20410.859375
19356.1171875
18291.859375
17240.015625
16222.02734375
15258.546875
14369.169921875
13572.18359375
12884.3359375
12320.634765625
11894.162109375
11615.935546875
11494.794921875
11537.296875
11747.673828125
12127.80078125
12677.185546875
13393.017578125
14270.205078125
15301.46484375
16477.41796875
17786.732421875
19216.2421875
20751.134765625
22375.109375
24070.578125
25818.86328125
27600.41015625
29394.998046875
31181.978515625
32940.47265625
34649.623046875
36288.8125
37837.875
39277.33203125
40588.59375
41754.173828125
42757.884765625
43585.02734375
44222.56640625
44659.30078125
44886.013671875
44895.607421875
44683.22265625
44246.34375
43584.876953125
42701.224609375
41600.310546875
40289.60546875
38779.119140625
37081.380859375
35211.361328125
33186.40234375
31026.107421875
28752.1953125
26388.341796875
23959.9765625
21494.078125
19018.91796875
16563.794921875
14158.740234375
11834.20703125
9620.744140625
7548.646484375
5647.59375
3946.296875
2472.123046875
1250.724609375
305.68359375
-341.849609375
-673.486328125
-673.931640625
-331.263671875
362.794921875
1412.642578125
2818.619140625
4576.837890625
6679.111328125
9112.875
11861.201171875
14902.849609375
18212.388671875
21760.359375
25513.4921875
29435.005859375
33484.931640625
37620.505859375
41796.591796875
45966.1796875
50080.880859375
54091.486328125
57948.53515625
61602.91796875
65006.466796875
68112.564453125
70876.759765625
73257.341796875
75215.912109375
76717.919921875
77733.16796875
78236.2578125
78206.99609375
77630.728515625
76498.625
74807.8828125
72561.853515625
69770.099609375
66448.37890625
62618.521484375
58308.26171875
53550.974609375
48385.3203125
42854.857421875
37007.55859375
30895.2578125
24573.091796875
18098.833984375
11532.240234375
4934.333984375
-1633.30859375
-8109.283203125
-14433.091796875
-20545.859375
-26391.01953125
-31914.982421875
-37067.7578125
-41803.521484375
-46081.13671875
-49864.59375
-53123.400390625
-55832.8828125
-57974.3984375
-59535.49609375
-60509.96484375
-60897.810546875
-60705.146484375
-59944.01953125
-58632.1328125
-56792.5234375
-54453.162109375
-51646.494140625
-48408.9375
-44780.333984375
-40803.369140625
-36522.966796875
-31985.66796875
-27239.015625
-22330.9375
-17309.140625
-12220.537109375
-7110.701171875
-2023.369140625
3000.037109375
7920.791015625
12703.212890625
17314.966796875
21727.265625
25915.037109375
29857.001953125
33535.701171875
36937.458984375
40052.27734375
42873.69140625
45398.55078125
47626.77734375
49561.076171875
51206.62109375
52570.708984375
53662.408203125
54492.19921875
55071.60546875
55412.84765625
55528.513671875
55431.224609375
55133.37890625
54646.884765625
53982.953125
53151.9375
52163.19921875
51025.044921875
49744.693359375
48328.287109375
46780.96484375
45106.958984375
43309.74609375
41392.2109375
39356.857421875
37206.0390625
34942.189453125
32568.0859375
30087.083984375
27503.375
24822.224609375
22050.162109375
19195.185546875
16266.912109375
13276.68359375
10237.654296875
7164.802734375
4074.921875
986.541015625
-2080.19140625
-5103.689453125
-8061.134765625
-10928.751953125
-13682.115234375
-16296.48046875
-18747.16796875
-21009.951171875
-23061.46875
-24879.640625
-26444.087890625
-27736.541015625
-28741.232421875
-29445.259765625
-29838.90625
-29915.9453125
-29673.861328125
-29114.04296875
-28241.90625
-27066.927734375
-25602.66015625
-23866.63671875
-21880.208984375
-19668.333984375
-17259.26953125
-14684.2265625
-11976.943359375
-9173.216796875
-6310.37890625
-3426.751953125
-561.03515625
2248.267578125
4963.4921875
7548.421875
9968.87890625
12193.322265625
14193.375
15944.33984375
17425.63671875
18621.189453125
19519.740234375
20115.08203125
20406.2109375
20397.40234375
20098.16796875
19523.15234375
18691.92578125
17628.6953125
16361.916015625
14923.853515625
13350.037109375
11678.69140625
9950.072265625
8205.791015625
6488.095703125
4839.12890625
3300.185546875
1910.97265625
708.892578125
-271.646484375
-999.875
-1449.23828125
-1597.93359375
-1429.330078125
-932.341796875
-101.6875
1061.94921875
2551.84765625
4355.302734375
6453.7578125
8823.0625
11433.814453125
14251.806640625
17238.55078125
20351.888671875
23546.666015625
26775.474609375
29989.419921875
33138.94140625
36174.63671875
39048.08984375
41712.705078125
44124.48828125
46242.802734375
48031.083984375
49457.4609375
50495.32421875
51123.787109375
51328.0703125
51099.76171875
50436.984375
49344.4453125
47833.36328125
45921.298828125
43631.859375
40994.30859375
38043.06640625
34817.125
31359.384765625
27715.9140625
23935.15625
20067.091796875
16162.380859375
12271.466796875
8443.72265625
4726.58203125
1164.72265625
-2200.716796875
-5332.83984375
-8199.625
-10774.484375
-13036.703125
-14971.779296875
-16571.669921875
-17834.875
-18766.4609375
-19377.89453125
-19686.8203125
-19716.681640625
-19496.24609375
-19059.029296875
-18442.626953125
-17687.958984375
-16838.46875
-15939.228515625
-15036.05078125
-14174.560546875
-13399.248046875
-12752.5625
-12274.009765625
-11999.31640625
-11959.6328125
-12180.83984375
-12682.916015625
-13479.41796875
-14577.095703125
-15975.580078125
-17667.240234375
-19637.15234375
-21863.203125
-24316.326171875
-26960.87109375
-29755.095703125
-32651.7734375
-35598.9140625
-38540.5703125
-41417.748046875
-44169.369140625
-46733.291015625
-49047.369140625
-51050.529296875
-52683.8515625
-53891.626953125
-54622.384765625
-54829.857421875
-54473.892578125
-53521.263671875
-51946.37890625
-49731.892578125
-46869.177734375
-43358.6640625
-39210.052734375
-34442.37109375
-29083.87890625
-23171.833984375
-16752.1171875
-9878.71484375
-2613.056640625
4976.740234375
12816.7734375
20828.3203125
28928.9140625
37033.45703125
45055.41796875
52908.02734375
60505.490234375
67764.2109375
74603.970703125
80949.060546875
86729.361328125
91881.345703125
96348.96484375
100084.447265625
103048.96484375
105213.169921875
106557.603515625
107072.92578125
106760.041015625
105630.041015625
103704.005859375
101012.673828125
97595.953125
93502.30859375
88788.037109375
83516.419921875
77756.791015625
71583.515625
65074.916015625
58312.123046875
51377.94921875
44355.689453125
37327.98046875
30375.63671875
23576.587890625
17004.806640625
10729.357421875
4813.513671875
-686.02734375
-5719.810546875
-10246.177734375
-14231.689453125
-17651.443359375
-20489.2109375
-22737.4921875
-24397.40625
-25478.46875
-25998.234375
-25981.853515625
-25461.48828125
-24475.654296875
-23068.486328125
-21288.9140625
-19189.796875
-16827.025390625
-14258.57421875
-11543.5703125
-8741.33984375
-5910.509765625
-3108.099609375
-388.68359375
2196.37109375
4599.64453125
6778.28125
8694.544921875
10316.275390625
11617.240234375
12577.39453125
13183.041015625
13426.87109375
13307.9296875
12831.462890625
12008.6953125
10856.49609375
9396.998046875
7657.12109375
5668.052734375
3464.677734375
1084.95703125
-1430.697265625
-4040.09765625
-6699.923828125
-9366.39453125
-11995.904296875
-14545.646484375
-16974.1953125
-19242.046875
-21312.130859375
-23150.2421875
-24725.427734375
-26010.3203125
-26981.390625
-27619.14453125
-27908.263671875
-27837.65625
-27400.484375
-26594.091796875
-25419.91015625
-23883.30078125
-21993.3515625
-19762.642578125
-17206.970703125
-14345.05078125
-11198.208984375
-7790.03515625
-4146.05859375
-293.404296875
3739.548828125
7923.484375
12228.46875
16624.255859375
21080.544921875
25567.255859375
30054.75
34514.0390625
38916.96484375
43236.36328125
47446.193359375
51521.6484375
55439.24609375
59176.90625
62714.0078125
66031.4296875
69111.59375
71938.484375
74497.68359375
76776.38671875
78763.412109375
80449.251953125
81826.07421875
82887.767578125
83629.974609375
84050.1328125
84147.51953125
83923.291015625
83380.548828125
82524.380859375
81361.90234375
79902.302734375
78156.876953125
76139.048828125
73864.373046875
71350.52734375
68617.27734375
65686.427734375
62581.73046875
59328.7890625
55954.904296875
52488.91796875
48961.001953125
45402.431640625
41845.318359375
38322.330078125
34866.365234375
31510.203125
28286.17578125
25225.763671875
22359.236328125
19715.236328125
17320.42578125
15199.087890625
13372.767578125
11859.93359375
10675.662109375
9831.345703125
9334.466796875
9188.388671875
9392.224609375
9940.73046875
10824.28515625
12028.9140625
13536.38671875
15324.365234375
17366.63671875
19633.384765625
22091.533203125
24705.15625
27435.9140625
30243.560546875
33086.470703125
35922.220703125
38708.16796875
41402.0703125
43962.6875
46350.404296875
48527.814453125
50460.3046875
52116.58984375
53469.21484375
54495.001953125
55175.4453125
55497.021484375
55451.46484375
55035.91796875
54253.04296875
53111.021484375
51623.478515625
49809.32421875
47692.51171875
45301.6953125
42669.845703125
39833.755859375
36833.513671875
33711.890625
30513.7109375
27285.16015625
24073.072265625
20924.208984375
17884.515625
14998.40625
12308.0625
9852.740234375
7668.1484375
5785.865234375
4232.81640625
3030.822265625
2196.236328125
1739.658203125
1665.728515625
1973.04296875
2654.14453125
3695.609375
5078.24609375
6777.37890625
8763.212890625
11001.296875
13453.05859375
16076.404296875
18826.3828125
21655.8984375
24516.455078125
27358.931640625
30134.3671875
32794.75390625
35293.8125
37587.7265625
39635.87109375
41401.46875
42852.19921875
43960.716796875
44705.125
45069.330078125
45043.322265625
44623.3515625
43812.0234375
42618.248046875
41057.13671875
39149.775390625
36922.90234375
34408.494140625
31643.28515625
28668.1796875
25527.630859375
22268.93359375
18941.48828125
15596.0234375
12283.806640625
9055.8359375
5962.029296875
3050.4609375
366.591796875
-2047.44140625
-4153.484375
-5917.953125
-7312.37890625
-8313.83203125
-8905.291015625
-9075.89453125
-8821.125
-8142.857421875
-7049.3359375
-5555.044921875
-3680.470703125
-1451.796875
1099.51953125
3937.2265625
7020.83984375
10306.267578125
13746.478515625
17292.23046875
20892.8125
24496.814453125
28052.896484375
31510.56640625
34820.91796875
37937.361328125
40816.294921875
43417.76171875
45705.98046875
47649.88671875
49223.5390625
50406.466796875
51183.947265625
51547.162109375
51493.279296875
51025.458984375
50152.73046875
48889.828125
47256.904296875
45279.185546875
42986.5546875
40413.060546875
37596.37109375
34577.19140625
31398.625
28105.53125
24743.837890625
21359.857421875
17999.62890625
14708.224609375
11529.138671875
8503.65625
5670.296875
3064.30078125
717.150390625
-1343.802734375
-3095.689453125
-4520.37890625
-5604.66015625
-6340.357421875
-6724.369140625
-6758.623046875
-6449.970703125
-5810.005859375
-4854.81640625
-3604.68359375
-2083.720703125
-319.45703125
1657.595703125
3814.447265625
6116.111328125
8526.15625
11007.22265625
13521.56640625
16031.5859375
18500.337890625
20892.029296875
23172.482421875
25309.57421875
27273.61328125
29037.701171875
30578.021484375
31874.09375
32908.97265625
33669.37890625
34145.794921875
34332.490234375
34227.505859375
33832.5703125
33152.9921875
32197.486328125
30977.96484375
29509.291015625
27809.00390625
25897.013671875
23795.271484375
21527.423828125
19118.45703125
16594.333984375
13981.64453125
11307.224609375
8597.82421875
5879.771484375
3178.64453125
518.982421875
-2075.978515625
-4584.56640625
-6986.869140625
-9264.92578125
-11402.875
-13387.0703125
-15206.158203125
-16851.13671875
-18315.35546875
-19594.517578125
-20686.619140625
-21591.884765625
-22312.6640625
-22853.302734375
-23220.005859375
-23420.669921875
-23464.705078125
-23362.8359375
-23126.91015625
-22769.68359375
-22304.611328125
-21745.6328125
-21106.9609375
-20402.8671875
-19647.494140625
-18854.646484375
-18037.62109375
-17209.033203125
-16380.658203125
-15563.294921875
-14766.64453125
-13999.19921875
-13268.15234375
-12579.341796875
-11937.185546875
-11344.662109375
-10803.296875
-10313.16796875
-9872.93359375
-9479.880859375
-9129.98046875
-8817.978515625
-8537.474609375
-8281.044921875
-8040.359375
-7806.314453125
-7569.181640625
-7318.755859375
-7044.521484375
-6735.822265625
-6382.013671875
-5972.66015625
-5497.685546875
-4947.552734375
-4313.427734375
-3587.33984375
-2762.326171875
-1832.58203125
-793.580078125
357.8046875
1623.203125
3002.671875
4494.62109375
6095.77734375
7801.1640625
9604.09375
11496.19921875
13467.478515625
15506.353515625
17599.779296875
19733.345703125
21891.419921875
24057.302734375
26213.3984375
28341.423828125
30422.603515625
32437.896484375
34368.2265625
36194.732421875
37899.0
39463.3125
40870.90234375
42106.1875
43154.9921875
44004.779296875
44644.8515625
45066.529296875
45263.322265625
45231.0703125
44968.046875
44475.0546875
43755.470703125
42815.271484375
41663.0234375
40309.830078125
38769.259765625
37057.236328125
35191.875
33193.33984375
31083.607421875
28886.251953125
26626.189453125
24329.3984375
22022.625
19733.0859375
17488.138671875
15314.97265625
13240.283203125
11289.955078125
9488.744140625
7859.998046875
6425.353515625
5204.498046875
4214.912109375
3471.671875
2987.27734375
2771.48828125
2831.228515625
3170.5
3790.357421875
4688.890625
5861.275390625
7299.837890625
8994.162109375
10931.234375
13095.61328125
15469.625
18033.5859375
20766.05078125
23644.072265625
26643.4765625
29739.140625
32905.28515625
36115.76171875
39344.326171875
42564.939453125
45752.001953125
48880.6171875
51926.81640625
54867.767578125
57681.966796875
60349.38671875
62851.609375
65171.93359375
67295.447265625
69209.076171875
70901.609375
72363.677734375
73587.74609375
74568.0390625
75300.48046875
75782.611328125
76013.466796875
75993.48046875
75724.359375
75208.953125
74451.134765625
73455.671875
72228.12109375
70774.701171875
69102.208984375
67217.92578125
65129.55859375
62845.162109375
60373.123046875
57722.1328125
54901.166015625
51919.515625
48786.8046875
45513.025390625
42108.595703125
38584.408203125
34951.90625
31223.13671875
27410.830078125
23528.4609375
19590.298828125
15611.4609375
11607.94140625
7596.634765625
3595.32421875
-377.330078125
-4301.853515625
-8158.00390625
-11924.88671875
-15581.076171875
-19104.74609375
-22473.859375
-25666.3515625
-28660.361328125
-31434.443359375
-33967.83984375
-36240.73046875
-38234.505859375
-39932.037109375
-41317.953125
-42378.900390625
-43103.798828125
-43484.072265625
-43513.876953125
-43190.2734375
-42513.3984375
-41486.583984375
-40116.43359375
-38412.875
-36389.154296875
-34061.78515625
-31450.45703125
-28577.896484375
-25469.6640625
-22153.939453125
-18661.224609375
-15024.041015625
-11276.55859375
-7454.228515625
-3593.357421875
269.322265625
4097.1015625
7853.75
11503.9765625
15013.875
18351.365234375
21486.611328125
24392.416015625
27044.5625
29422.15234375
31507.857421875
33288.15625
34753.486328125
35898.369140625
36721.443359375
37225.46484375
37417.2265625
37307.421875
36910.455078125
36244.19140625
35329.642578125
34190.62890625
32853.369140625
31346.0703125
29698.439453125
27941.21875
26105.68359375
24223.138671875
22324.419921875
20439.396484375
18596.505859375
16822.306640625
15141.076171875
13574.431640625
12141.013671875
10856.228515625
9732.0234375
8776.75390625
7995.09375
7388.017578125
6952.849609375
6683.384765625
6570.05078125
6600.158203125
6758.181640625
7026.107421875
7383.826171875
7809.533203125
8280.212890625
8772.0859375
9261.107421875
9723.462890625
10136.0390625
10476.908203125
10725.76171875
10864.345703125
10876.81640625
10750.091796875
10474.1171875
10042.087890625
9450.615234375
8699.806640625
7793.306640625
6738.240234375
5545.11328125
4227.626953125
2802.443359375
1288.88671875
-291.416015625
-1914.921875
-3556.62890625
-5190.541015625
-6790.15625
-8328.998046875
-9781.11328125
-11121.591796875
-12327.064453125
-13376.1796875
-14250.03125
-14932.5703125
-15410.955078125
-15675.837890625
-15721.595703125
-15546.5078125
-15152.830078125
-14546.82421875
-13738.6953125
-12742.46875
-11575.775390625
-10259.587890625
-8817.865234375
-7277.1640625
-5666.171875
-4015.2109375
-2355.6953125
-719.56640625
861.310546875
2355.724609375
3733.7109375
4967.15234375
6030.302734375
6900.33984375
7557.81640625
7987.095703125
8176.7109375
8119.646484375
7813.5703125
7260.95703125
6469.14453125
5450.294921875
4221.28125
2803.474609375
1222.455078125
-492.35546875
-2308.14453125
-4189.208984375
-6097.537109375
-7993.421875
-9836.125
-11584.57421875
-13198.05859375
-14636.96484375
-15863.46875
-16842.236328125
-17541.08203125
-17931.595703125
-17989.701171875
-17696.1640625
-17037.03515625
-16003.982421875
-14594.580078125
-12812.458984375
-10667.40234375
-8175.30859375
-5358.078125
-2243.392578125
1135.611328125
4740.73828125
8529.240234375
12454.384765625
16466.10546875
20511.69921875
24536.599609375
28485.150390625
32301.44140625
35930.138671875
39317.314453125
42411.27734375
45163.353515625
47528.6484375
49466.7578125
50942.39453125
51925.966796875
52394.064453125
52329.849609375
51723.357421875
50571.701171875
48879.150390625
46657.13671875
43924.111328125
40705.333984375
37032.546875
32943.53125
28481.623046875
23695.08984375
18636.484375
13361.890625
7930.166015625
2402.095703125
-3160.435546875
-8695.306640625
-14141.03125
-19437.59375
-24527.26953125
-29355.408203125
-33871.166015625
-38028.169921875
-41785.1171875
-45106.2890625
-47961.984375
-50328.849609375
-52190.1171875
-53535.748046875
-54362.462890625
-54673.66796875
-54479.302734375
-53795.572265625
-52644.5859375
-51053.94140625
-49056.189453125
-46688.26953125
-43990.876953125
-41007.755859375
-37785.013671875
-34370.345703125
-30812.314453125
-27159.5703125
-23460.1328125
-19760.669921875
-16105.814453125
-12537.541015625
-9094.580078125
-5811.919921875
-2720.34375
153.912109375
2789.45703125
5169.931640625
7284.12109375
9125.982421875
10694.5703125
11993.892578125
13032.689453125
13824.111328125
14385.3671875
14737.279296875
14903.798828125
14911.474609375
14788.888671875
14566.068359375
14273.87890625
13943.423828125
13605.43359375
13289.693359375
13024.4765625
12836.037109375
12748.115234375
12781.52734375
12953.787109375
13278.810546875
13766.677734375
14423.45703125
15251.130859375
16247.56640625
17406.5703125
18718.01953125
20168.044921875
21739.310546875
23411.298828125
25160.71484375
26961.876953125
28787.1875
30607.607421875
32393.177734375
34113.53125
35738.416015625
37238.232421875
38584.52734375
39750.5
40711.447265625
41445.193359375
41932.474609375
42157.2734375
42107.09375
41773.1875
41150.720703125
40238.873046875
39040.87109375
37563.97265625
35819.365234375
33822.041015625
31590.5703125
29146.859375
26515.837890625
23725.107421875
20804.568359375
17785.98046875
14702.541015625
11588.4140625
8478.267578125
5406.787109375
2408.224609375
-484.0703125
-3238.091796875
-5823.591796875
-8212.466796875
-10379.1171875
-12300.76171875
-13957.701171875
-15333.556640625
-16415.447265625
-17194.111328125
-17663.9921875
-17823.267578125
-17673.830078125
-17221.21484375
-16474.486328125
-15446.0859375
-14151.62890625
-12609.669921875
-10841.4453125
-8870.57421875
-6722.744140625
-4425.3671875
-2007.2578125
501.7421875
3071.123046875
5670.05078125
8267.716796875
10833.69140625
13338.23046875
15752.59765625
18049.3359375
20202.541015625
22188.0859375
23983.83203125
25569.80859375
26928.361328125
28044.255859375
28904.78125
29499.796875
29821.763671875
29865.73046875
29629.326171875
29112.69140625
28318.41015625
27251.416015625
25918.876953125
24330.060546875
22496.203125
20430.34375
18147.173828125
15662.859375
12994.873046875
10161.82421875
7183.271484375
4079.5703125
871.68359375
-2418.970703125
-5770.681640625
-9161.6015625
-12569.884765625
-15973.83203125
-19352.017578125
-22683.41015625
-25947.478515625
-29124.3125
-32194.703125
-35140.234375
-37943.3671875
-40587.513671875
-43057.099609375
-45337.625
-47415.71484375
-49279.171875
-50917.01953125
-52319.52734375
-53478.263671875
-54386.095703125
-55037.23828125
-55427.255859375
-55553.0703125
-55412.990234375
-55006.6875
-54335.216796875
-53400.994140625
-52207.787109375
-50760.70703125
-49066.162109375
-47131.849609375
-44966.705078125
-42580.861328125
-39985.609375
-37193.330078125
-34217.44140625
-31072.3203125
-27773.24609375
-24336.306640625
-20778.32421875
-17116.75390625
-13369.6015625
-9555.33203125
-5692.75
-1800.908203125
2100.994140625
5993.724609375
9858.1171875
13675.189453125
17426.236328125
21092.9453125
24657.494140625
28102.64453125
31411.84765625
34569.333984375
37560.201171875
40370.486328125
42987.265625
45398.70703125
47594.142578125
49564.130859375
51300.505859375
52796.427734375
54046.41796875
55046.390625
55793.69140625
56287.08984375
56526.818359375
56514.5546875
56253.427734375
55748.00390625
55004.267578125
54029.591796875
52832.70703125
51423.654296875
49813.740234375
48015.478515625
46042.515625
43909.568359375
41632.3359375
39227.41015625
36712.185546875
34104.744140625
31423.755859375
28688.361328125
25918.0390625
23132.482421875
20351.4765625
17594.740234375
14881.80078125
12231.8515625
9663.59765625
7195.130859375
4843.76171875
2625.908203125
556.9453125
-1348.927734375
-3078.791015625
-4621.142578125
-5965.9765625
-7104.89453125
-8031.173828125
-8739.833984375
-9227.69140625
-9493.388671875
-9537.408203125
-9362.072265625
-8971.529296875
-8371.708984375
-7570.259765625
-6576.490234375
-5401.2578125
-4056.873046875
-2556.9609375
-916.33203125
849.181640625
2722.884765625
4687.396484375
6724.83984375
8817.015625
10945.60546875
13092.36328125
15239.291015625
17368.841796875
19464.08203125
21508.865234375
23487.9921875
25387.341796875
27194.015625
28896.427734375
30484.40625
31949.2578125
33283.818359375
34482.482421875
35541.197265625
36457.46484375
37230.287109375
37860.12109375
38348.796875
38699.42578125
38916.287109375
39004.716796875
38970.958984375
38822.03515625
38565.59375
38209.7578125
37762.97265625
37233.853515625
36631.0546875
35963.109375
35238.33203125
34464.6796875
33649.6640625
32800.26953125
31922.87109375
31023.203125
30106.322265625
29176.595703125
28237.712890625
27292.701171875
26343.982421875
25393.42578125
24442.419921875
23491.955078125
22542.728515625
21595.234375
20649.87890625
19707.080078125
18767.3828125
17831.55859375
16900.6875
15976.267578125
15060.26953125
14155.193359375
13264.119140625
12390.732421875
11539.3046875
10714.697265625
9922.318359375
9168.05078125
8458.18359375
7799.3046875
7198.19140625
6661.66015625
6196.4375
5808.98828125
5505.353515625
5290.986328125
5170.572265625
5147.8671875
5225.541015625
5405.015625
5686.34375
6068.09375
6547.24609375
7119.134765625
7777.40625
8514.0
9319.1875
10181.607421875
11088.3671875
12025.166015625
12976.4375
13925.548828125
14855.01171875
15746.71484375
16582.208984375
17342.970703125
18010.716796875
18567.70703125
18997.056640625
19283.052734375
19411.46484375
19369.83203125
19147.74609375
18737.09765625
18132.310546875
17330.5234375
16331.75
15138.970703125
13758.21875
12198.580078125
10472.15625
8593.982421875
6581.884765625
4456.2890625
2239.98046875
-42.1875
-2363.609375
-4696.318359375
-7011.37109375
-9279.291015625
-11470.509765625
-13555.841796875
-15506.94921875
-17296.8203125
-18900.224609375
-20294.162109375
-21458.275390625
-22375.23828125
-23031.103515625
-23415.587890625
-23522.328125
-23349.0546875
-22897.71875
-22174.537109375
-21189.978515625
-19958.681640625
-18499.27734375
-16834.181640625
-14989.28125
-12993.578125
-10878.771484375
-8678.77734375
-6429.20703125
-4166.8125
-1928.89453125
247.3203125
2325.28125
4269.755859375
6047.427734375
7627.50390625
8982.263671875
10087.5859375
10923.419921875
11474.1875
11729.134765625
11682.6015625
11334.19921875
10688.916015625
9757.130859375
8554.541015625
7101.98046875
5425.173828125
3554.373046875
1523.955078125
-628.1171875
-2860.849609375
-5130.869140625
-7393.109375
-9601.544921875
-11709.958984375
-13672.720703125
-15445.58203125
-16986.44140625
-18256.1171875
-19219.068359375
-19844.06640625
-20104.818359375
-19980.521484375
-19456.318359375
-18523.68359375
-17180.7109375
-15432.275390625
-13290.111328125
-10772.767578125
-7905.447265625
-4719.740234375
-1253.251953125
2450.892578125
6344.625
10375.609375
14488.001953125
18623.279296875
22721.115234375
26720.33203125
30559.837890625
34179.62890625
37521.751953125
40531.279296875
43157.228515625
45353.455078125
47079.47265625
48301.201171875
48991.625
49131.3515625
48709.05078125
47721.791015625
46175.228515625
44083.681640625
41470.072265625
38365.6953125
34809.91796875
30849.685546875
26538.939453125
21937.91796875
17112.32421875
12132.4140625
7072.017578125
2007.455078125
-2983.56640625
-7823.111328125
-12434.185546875
-16741.91015625
-20674.671875
-24165.2421875
-27151.849609375
-29579.16015625
-31399.201171875
-32572.16015625
-33067.083984375
-32862.443359375
-31946.564453125
-30317.919921875
-27985.275390625
-24967.658203125
-21294.21484375
-17003.87890625
-12144.9140625
-6774.3046875
-957.0078125
5234.89453125
11723.185546875
18424.57421875
25251.857421875
32115.130859375
38923.05078125
45584.130859375
52008.041015625
58106.88671875
63796.478515625
68997.53125
73636.810546875
77648.1875
80973.59375
83563.853515625
85379.423828125
86390.93359375
86579.638671875
85937.685546875
84468.228515625
82185.390625
79114.060546875
75289.546875
70757.0546875
65571.05859375
59794.5078125
53497.943359375
46758.478515625
39658.70703125
32285.5390625
24728.955078125
17080.755859375
9433.2734375
1878.072265625
-5495.30859375
-12600.595703125
-19355.947265625
-25685.06640625
-31518.216796875
-36793.126953125
-41455.80078125
-45461.18359375
-48773.6953125
-51367.625
-53227.384765625
-54347.595703125
-54733.048828125
-54398.5
-53368.31640625
-51676.01953125
-49363.669921875
-46481.134765625
-43085.271484375
-39239.001953125
-35010.314453125
-30471.2109375
-25696.599609375
-20763.16015625
-15748.220703125
-10728.607421875
-5779.544921875
-973.591796875
3620.376953125
7938.095703125
11920.783203125
15515.8828125
18677.73046875
21368.080078125
23556.52734375
25220.80078125
26346.919921875
26929.23828125
26970.337890625
26480.826171875
25478.984375
23990.333984375
22047.072265625
19687.447265625
16955.01171875
13897.84765625
10567.7109375
7019.134765625
3308.525390625
-506.76953125
-4369.390625
-8222.875
-12012.525390625
-15686.24609375
-19195.32421875
-22495.126953125
-25545.73828125
-28312.494140625
-30766.439453125
-32884.669921875
-34650.580078125
-36054.001953125
-37091.23828125
-37764.99609375
-38084.20703125
-38063.755859375
-37724.115234375
-37090.904296875
-36194.361328125
-35068.736328125
-33751.6640625
-32283.453125
-30706.361328125
-29063.84375
-27399.794921875
-25757.783203125
-24180.306640625
-22708.078125
-21379.33984375
-20229.224609375
-19289.177734375
-18586.4375
-18143.6015625
-17978.244140625
-18102.64453125
-18523.58984375
-19242.248046875
-20254.169921875
-21549.337890625
-23112.3203125
-24922.515625
-26954.458984375
-29178.2109375
-31559.806640625
-34061.76953125
-36643.67578125
-39262.759765625
-41874.54296875
-44433.50390625
-46893.748046875
-49209.677734375
-51336.681640625
-53231.763671875
-54854.193359375
-56166.09765625
-57133.005859375
-57724.365234375
-57913.990234375
-57680.447265625
-57007.37890625
-55883.7578125
-54304.068359375
-52268.4140625
-49782.54296875
-46857.818359375
-43511.0859375
-39764.51171875
-35645.296875
-31185.390625
-26421.095703125
-21392.642578125
-16143.712890625
-10720.923828125
-5173.275390625
448.4375
6092.19921875
11705.412109375
17235.484375
22630.455078125
27839.591796875
32813.95703125
37506.982421875
41874.982421875
45877.6484375
49478.4921875
52645.240234375
55350.185546875
57570.48828125
59288.396484375
60491.43359375
61172.509765625
61329.97265625
60967.607421875
60094.560546875
58725.220703125
56879.015625
54580.193359375
51857.51171875
48743.908203125
45276.107421875
41494.203125
37441.19140625
33162.490234375
28705.419921875
24118.671875
19451.78125
14754.546875
10076.515625
5466.412109375
971.619140625
-3362.337890625
-7492.291015625
-11377.888671875
-14982.025390625
-18271.240234375
-21216.072265625
-23791.349609375
-25976.462890625
-27755.564453125
-29117.716796875
-30056.986328125
-30572.478515625
-30668.328125
-30353.59765625
-29642.1640625
-28552.51171875
-27107.5
-25334.05078125
-23262.814453125
-20927.77734375
-18365.837890625
-15616.333984375
-12720.5546875
-9721.22265625
-6661.953125
-3586.70703125
-539.23828125
2437.453125
5301.6796875
8013.5859375
10535.66015625
12833.216796875
14874.837890625
16632.787109375
18083.37109375
19207.244140625
19989.66796875
20420.71484375
20495.400390625
20213.751953125
19580.8203125
18606.6171875
17305.99609375
15698.451171875
13807.873046875
11662.224609375
9293.177734375
6735.6796875
4027.48828125
1208.66015625
-1679.013671875
-4592.5703125
-7488.47265625
-10323.23828125
-13054.03125
-15639.287109375
-18039.318359375
-20216.875
-22137.716796875
-23771.103515625
-25090.2890625
-26072.916015625
-26701.392578125
-26963.193359375
-26851.072265625
-26363.240234375
-25503.4375
-24280.94140625
-22710.5078125
-20812.21484375
-18611.240234375
-16137.57421875
-13425.642578125
-10513.88671875
-7444.267578125
-4261.724609375
-1013.583984375
2251.0703125
5482.048828125
8628.748046875
11640.822265625
14468.88671875
17065.201171875
19384.333984375
21383.794921875
23024.64453125
24272.0546875
25095.796875
25470.70703125
25377.04296875
24800.802734375
23733.94140625
22174.52734375
20126.802734375
17601.162109375
14614.044921875
11187.759765625
7350.2109375
3134.55859375
-1421.1953125
-6274.681640625
-11379.7109375
-16686.85546875
-22144.083984375
-27697.421875
-33291.6484375
-38870.99609375
-44379.857421875
-49763.49609375
-54968.720703125
-59944.5625
-64642.884765625
-69018.984375
-73032.109375
-76645.947265625
-79829.01953125
-82555.03515625
-84803.142578125
-86558.125
-87810.50390625
-88556.5703125
-88798.322265625
-88543.345703125
-87804.60546875
-86600.15625
-84952.81640625
-82889.75
-80442.01171875
-77644.048828125
-74533.14453125
-71148.859375
-67532.431640625
-63726.166015625
-59772.8515625
-55715.126953125
-51594.931640625
-47452.919921875
-43327.95703125
-39256.615234375
-35272.7421875
-31407.078125
-27686.919921875
-24135.85546875
-20773.560546875
-17615.669921875
-14673.697265625
-11955.03515625
-9463.02734375
-7197.083984375
-5152.87109375
-3322.560546875
-1695.1171875
-256.625
1009.31640625
2121.19921875
3099.17578125
3964.60546875
4739.603515625
5446.59375
6107.841796875
6745.03125
7378.853515625
8028.6171875
8711.890625
9444.205078125
10238.771484375
11106.26953125
12054.66796875
13089.11328125
14211.861328125
15422.26171875
16716.80859375
18089.22265625
19530.591796875
21029.5625
22572.564453125
24144.0703125
25726.89453125
27302.5078125
28851.3828125
30353.349609375
31787.947265625
33134.802734375
34373.96484375
35486.26953125
36453.66015625
37259.49609375
37888.826171875
38328.640625
38568.08984375
38598.64453125
38414.234375
38011.34765625
37389.05859375
36549.0625
35495.603515625
34235.427734375
32777.6484375
31133.5859375
29316.609375
27341.88671875
25226.166015625
22987.505859375
20645.0
18218.4921875
15728.2734375
13194.796875
10638.3828125
8078.947265625
5535.7109375
3026.978515625
569.890625
-1819.775390625
-4127.775390625
-6341.55859375
-8450.36328125
-10445.31640625
-12319.47265625
-14067.841796875
-15687.353515625
-17176.82421875
-18536.8828125
-19769.853515625
-20879.63671875
-21871.55078125
-22752.169921875
-23529.1328125
-24210.951171875
-24806.80078125
-25326.318359375
-25779.388671875
-26175.939453125
-26525.748046875
-26838.2421875
-27122.337890625
-27386.267578125
-27637.44140625
-27882.326171875
-28126.34375
-28373.779296875
-28627.74609375
-28890.125
-29161.576171875
-29441.53515625
-29728.24609375
-30018.8203125
-30309.298828125
-30594.736328125
-30869.310546875
-31126.42578125
-31358.841796875
-31558.802734375
-31718.166015625
-31828.544921875
-31881.44921875
-31868.416015625
-31781.146484375
-31611.630859375
-31352.26953125
-30995.984375
-30536.322265625
-29967.541015625
-29284.697265625
-28483.712890625
-27561.42578125
-26515.642578125
-25345.171875
-24049.84375
-22630.52734375
-21089.1328125
-19428.599609375
-17652.896484375
-15766.99609375
-13776.845703125
-11689.337890625
-9512.287109375
-7254.373046875
-4925.111328125
-2534.818359375
-94.548828125
2383.94921875
4888.265625
7405.400390625
9921.794921875
12423.41015625
14895.76171875
17323.998046875
19692.953125
21987.2265625
24191.25
26289.37109375
28265.94140625
30105.40625
31792.416015625
33311.9140625
34649.2734375
35790.408203125
36721.8984375
37431.138671875
37906.455078125
38137.2734375
38114.2421875
37829.392578125
37276.267578125
36450.080078125
35347.828125
33968.439453125
32312.869140625
30384.2109375
28187.787109375
25731.20703125
23024.412109375
20079.720703125
16911.806640625
13537.677734375
9976.625
6250.13671875
2381.79296875
-1602.896484375
-5676.64453125
-9810.595703125
-13974.556640625
-18137.255859375
-22266.60546875
-26330.0234375
-30294.732421875
-34128.099609375
-37797.982421875
-41273.072265625
-44523.248046875
-47519.921875
-50236.384765625
-52648.125
-54733.14453125
-56472.251953125
-57849.306640625
-58851.470703125
-59469.38671875
-59697.337890625
-59533.3671875
-58979.349609375
-58040.99609375
-56727.85546875
-55053.228515625
-53034.041015625
-50690.6953125
-48046.837890625
-45129.109375
-41966.84765625
-38591.75390625
-35037.515625
-31339.41796875
-27533.921875
-23658.234375
-19749.845703125
-15846.08984375
-11983.69140625
-8198.3125
-4524.13671875
-993.447265625
2363.740234375
5520.04296875
8451.015625
11135.423828125
13555.47265625
15696.96875
17549.46875
19106.326171875
20364.7265625
21325.625
21993.6875
22377.10546875
22487.4375
22339.3359375
21950.28515625
21340.2578125
20531.37890625
19547.513671875
18413.888671875
17156.6484375
15802.439453125
14377.974609375
12909.609375
11422.923828125
9942.333984375
8490.71875
7089.08203125
5756.251953125
4508.615234375
3359.900390625
2321.015625
1399.9140625
601.53515625
-72.208984375
-622.40234375
-1053.037109375
-1370.8671875
-1585.24609375
-1707.876953125
-1752.560546875
-1734.896484375
-1671.953125
-1581.91796875
-1483.732421875
-1396.71484375
-1340.181640625
-1333.07421875
-1393.587890625
-1538.818359375
-1784.44921875
-2144.431640625
-2630.728515625
-3253.080078125
-4018.814453125
-4932.701171875
-5996.853515625
-7210.669921875
-8570.833984375
-10071.361328125
-11703.681640625
-13456.779296875
-15317.365234375
-17270.09765625
-19297.830078125
-21381.8828125
-23502.359375
-25638.458984375
-27768.818359375
-29871.845703125
-31926.06640625
-33910.470703125
-35804.8203125
-37589.96484375
-39248.13671875
-40763.193359375
-42120.84765625
-43308.859375
-44317.1875
-45138.08984375
-45766.201171875
-46198.548828125
-46434.529296875
-46475.85546875
-46326.431640625
-45992.23828125
-45481.126953125
-44802.625
-43967.697265625
-42988.4765625
-41878.00390625
-40649.927734375
-39318.216796875
-37896.86328125
-36399.609375
-34839.65234375
-33229.41015625
-31580.27734375
-29902.4140625
-28204.583984375
-26494.01171875
-24776.2734375
-23055.24609375
-21333.0859375
-19610.244140625
-17885.537109375
-16156.25
-14418.275390625
-12666.29296875
-10893.984375
-9094.25390625
-7259.513671875
-5381.9375
-3453.771484375
-1467.6171875
583.275390625
2704.69921875
4901.234375
7175.9765625
9530.310546875
11963.701171875
14473.525390625
17054.9453125
19700.818359375
22401.65625
25145.626953125
27918.61328125
30704.318359375
33484.41796875
36238.75
38945.5703125
41581.8359375
44123.513671875
46545.955078125
48824.25390625
50933.66796875
52850.01953125
54550.12109375
56012.1953125
57216.28515625
58144.654296875
58782.15625
59116.5859375
59138.974609375
58843.865234375
58229.525390625
57298.107421875
56055.7578125
54512.669921875
52683.052734375
50585.06640625
48240.666015625
45675.416015625
42918.19921875
40000.9140625
36958.087890625
33826.455078125
30644.48828125
27451.900390625
24289.103515625
21196.662109375
18214.728515625
15382.46875
12737.498046875
10315.333984375
8148.8671875
6267.857421875
4698.48046875
3462.90625
2578.94921875
2059.759765625
1913.580078125
2143.591796875
2747.8046875
3719.037109375
5044.96484375
6708.25
8686.73828125
10953.7265625
13478.302734375
16225.736328125
19157.94921875
22234.009765625
25410.6875
28643.04296875
31885.03515625
35090.146484375
38212.03515625
41205.169921875
44025.447265625
46630.81640625
48981.849609375
51042.298828125
52779.578125
54165.232421875
55175.318359375
55790.728515625
55997.455078125
55786.77734375
55155.373046875
54105.353515625
52644.224609375
50784.78515625
48544.923828125
45947.375
43019.39453125
39792.3828125
36301.44140625
32584.89453125
28683.76953125
24641.236328125
20502.033203125
16311.8671875
12116.8203125
7962.744140625
3894.673828125
-43.736328125
-3810.763671875
-7367.11328125
-10676.390625
-13705.517578125
-16425.1015625
-18809.740234375
-20838.275390625
-22493.966796875
-23764.623046875
-24642.654296875
-25125.068359375
-25213.3828125
-24913.513671875
-24235.56640625
-23193.6015625
-21805.341796875
-20091.83984375
-18077.09765625
-15787.673828125
-13252.248046875
-10501.181640625
-7566.068359375
-4479.27734375
-1273.486328125
2018.73046875
5365.345703125
8735.283203125
12098.767578125
15427.681640625
18695.859375
21879.34375
24956.61328125
27908.732421875
30719.49609375
33375.49609375
35866.154296875
38183.705078125
40323.142578125
42282.12109375
44060.810546875
45661.740234375
47089.58984375
48350.962890625
49454.150390625
50408.859375
51225.953125
51917.158203125
52494.806640625
52971.5390625
53360.07421875
53672.919921875
53922.16796875
54119.271484375
54274.849609375
54398.533203125
54498.826171875
54582.99609375
54657.00390625
54725.447265625
54791.5546875
54857.19140625
54922.89453125
54987.951171875
55050.470703125
55107.50390625
55155.166015625
55188.77734375
55203.015625
55192.072265625
55149.830078125
55070.009765625
54946.33984375
54772.7265625
54543.384765625
54252.984375
53896.77734375
53470.703125
52971.482421875
52396.685546875
51744.796875
51015.23828125
50208.396484375
49325.603515625
48369.126953125
47342.123046875
46248.57421875
45093.2265625
43881.494140625
42619.37890625
41313.341796875
39970.21875
38597.08203125
37201.142578125
35789.619140625
34369.63671875
32948.109375
31531.650390625
30126.46875
28738.28515625
27372.28515625
26033.01953125
24724.3984375
23449.630859375
22211.22265625
21010.955078125
19849.908203125
18728.46875
17646.36328125
16602.69921875
15596.009765625
14624.32421875
13685.212890625
12775.865234375
11893.162109375
11033.740234375
10194.072265625
9370.53125
8559.46484375
7757.25390625
6960.37890625
6165.462890625
5369.333984375
4569.05078125
3761.94921875
2945.662109375
2118.134765625
1277.6484375
422.81640625
-447.41015625
-1333.744140625
-2236.578125
-3155.99609375
-4091.779296875
-5043.4296875
-6010.1953125
-6991.0703125
-7984.814453125
-8989.984375
-10004.92578125
-11027.794921875
-12056.560546875
-13089.0078125
-14122.744140625
-15155.197265625
-16183.6015625
-17205.0
-18216.23828125
-19213.951171875
-20194.560546875
-21154.259765625
-22089.01953125
-22994.58203125
-23866.46484375
-24699.96875
-25490.19140625
-26232.04296875
-26920.29296875
-27549.583984375
-28114.490234375
-28609.568359375
-29029.41015625
-29368.724609375
-29622.404296875
-29785.619140625
-29853.88671875
-29823.18359375
-29690.03515625
-29451.607421875
-29105.8046875
-28651.37109375
-28087.970703125
-27416.275390625
-26638.037109375
-25756.150390625
-24774.705078125
-23699.021484375
-22535.67578125
-21292.490234375
-19978.529296875
-18604.0546875
-17180.478515625
-15720.275390625
-14236.88671875
-12744.61328125
-11258.4609375
-9793.994140625
-8367.166015625
-6994.12109375
-5691.00390625
-4473.74609375
-3357.85546875
-2358.1875
-1488.7265625
-762.380859375
-190.755859375
216.037109375
449.572265625
503.267578125
372.546875
54.95703125
-449.734375
-1139.458984375
-2009.82421875
-3054.1015625
-4263.23828125
-5625.9453125
-7128.76953125
-8756.236328125
-10491.009765625
-12314.072265625
-14204.966796875
-16142.029296875
-18102.666015625
-20063.642578125
-22001.390625
-23892.322265625
-25713.158203125
-27441.251953125
-29054.908203125
-30533.705078125
-31858.791015625
-33013.16796875
-33981.958984375
-34752.6328125
-35315.21875
-35662.46875
-35790.0
-35696.373046875
-35383.158203125
-34854.9296875
-34119.2421875
-33186.54296875
-32070.052734375
-30785.595703125
-29351.412109375
-27787.89453125
-26117.330078125
-24363.591796875
-22551.810546875
-20708.0234375
-18858.810546875
-17030.919921875
-15250.892578125
-13544.673828125
-11937.26171875
-10452.33203125
-9111.912109375
-7936.05859375
-6942.576171875
-6146.765625
-5561.19921875
-5195.5546875
-5056.470703125
-5147.482421875
-5468.947265625
-6018.078125
-6788.978515625
-7772.75390625
-8957.650390625
-10329.2265625
-11870.6015625
-13562.6953125
-15384.5234375
-17313.521484375
-19325.8671875
-21396.859375
-23501.255859375
-25613.6640625
-27708.88671875
-29762.30859375
-31750.220703125
-33650.166015625
-35441.23828125
-37104.349609375
-38622.50390625
-39980.978515625
-41167.50390625
-42172.40234375
-42988.666015625
-43611.98828125
-44040.794921875
-44276.158203125
-44321.740234375
-44183.650390625
-43870.287109375
-43392.134765625
-42761.52734375
-41992.40625
-41100.03125
-40100.685546875
-39011.376953125
-37849.51953125
-36632.626953125
-35377.998046875
-34102.427734375
-32821.923828125
-31551.4453125
-30304.654296875
-29093.734375
-27929.185546875
-26819.69921875
-25772.046875
-24791.01171875
-23879.36328125
-23037.857421875
-22265.296875
-21558.60546875
-20912.955078125
-20321.908203125
-19777.60546875
-19270.966796875
-18791.923828125
-18329.65625
-17872.85546875
-17409.98046875
-16929.533203125
-16420.310546875
-15871.666015625
-15273.755859375
-14617.755859375
-13896.072265625
-13102.52734375
-12232.498046875
-11283.05078125
-10253.02734375
-9143.095703125
-7955.767578125
-6695.396484375
-5368.107421875
-3981.724609375
-2545.65234375
-1070.72265625
430.97265625
1946.2890625
3461.240234375
4961.2421875
6431.345703125
7856.509765625
9221.837890625
10512.853515625
11715.728515625
12817.537109375
13806.46875
14672.02734375
15405.220703125
15998.701171875
16446.904296875
16746.13671875
16894.623046875
16892.5625
16742.103515625
16447.30859375
16014.0859375
15450.08984375
14764.5859375
13968.29296875
13073.212890625
12092.423828125
11039.859375
9930.09765625
8778.1171875
7599.05078125
6407.966796875
5219.625
4048.2578125
2907.3671875
1809.5234375
766.2109375
-212.333984375
-1117.234375
-1941.0703125
-2677.93359375
-3323.4765625
-3874.8984375
-4330.9296875
-4691.76953125
-4959.017578125
-5135.54296875
-5225.37109375
-5233.5234375
-5165.857421875
-5028.880859375
-4829.564453125
-4575.146484375
-4272.943359375
-3930.146484375
-3553.65234375
-3149.873046875
-2724.59375
-2282.826171875
-1828.68359375
-1365.29296875
-894.72265625
-417.9453125
65.189453125
555.923828125
1056.56640625
1570.40625
2101.625
2655.17578125
3236.640625
3852.0546875
4507.755859375
5210.16796875
5965.619140625
6780.134765625
7659.23046875
8607.73046875
9629.5546875
10727.5703125
11903.41015625
13157.34765625
14488.185546875
15893.158203125
17367.876953125
18906.310546875
20500.78125
22142.009765625
23819.19140625
25520.087890625
27231.177734375
28937.8125
30624.41796875
32274.69921875
33871.900390625
35399.0390625
36839.185546875
38175.734375
39392.689453125
40474.935546875
41408.51171875
42180.869140625
42781.119140625
43200.240234375
43431.29296875
43469.564453125
43312.7265625
42960.90625
42416.76171875
41685.494140625
40774.828125
39694.94140625
38458.3671875
37079.83984375
35576.115234375
33965.75390625
32268.861328125
30506.80859375
28701.931640625
26877.189453125
25055.8359375
23261.0625
21515.64453125
19841.578125
18259.751953125
16789.59375
15448.76953125
14252.888671875
13215.24609375
12346.5859375
11654.927734375
11145.400390625
10820.15625
10678.294921875
10715.8671875
10925.904296875
11298.501953125
11820.9609375
12477.947265625
13251.734375
14122.443359375
15068.34375
16066.18359375
17091.533203125
18119.16796875
19123.455078125
20078.7421875
20959.771484375
21742.060546875
22402.3203125
22918.791015625
23271.625
23443.193359375
23418.39453125
23184.89453125
22733.365234375
22057.638671875
21154.845703125
20025.4921875
18673.48828125
17106.12890625
15334.01953125
13370.962890625
11233.787109375
8942.1484375
6518.259765625
3986.62109375
1373.69140625
-1292.45703125
-3982.513671875
-6666.322265625
-9313.267578125
-11892.69140625
-14374.294921875
-16728.5390625
-18927.02734375
-20942.8828125
-22751.080078125
-24328.787109375
-25655.63671875
-26713.982421875
-27489.115234375
-27969.44140625
-28146.609375
-28015.591796875
-27574.7421875
-26825.779296875
-25773.748046875
-24426.94140625
-22796.7578125
-20897.54296875
-18746.400390625
-16362.953125
-13769.091796875
-10988.685546875
-8047.30859375
-4971.904296875
-1790.484375
1468.201171875
4774.990234375
8100.625
11416.060546875
14692.765625
17903.005859375
21020.09765625
24018.662109375
26874.830078125
29566.439453125
32073.1953125
34376.810546875
36461.109375
38312.09765625
39918.041015625
41269.458984375
42359.142578125
43182.130859375
43735.654296875
44019.08984375
44033.85546875
43783.33984375
43272.771484375
42509.1328125
41501.0
40258.44921875
38792.904296875
37117.025390625
35244.560546875
33190.244140625
30969.6640625
28599.158203125
26095.69140625
23476.775390625
20760.353515625
17964.736328125
15108.501953125
12210.42578125
9289.419921875
6364.447265625
3454.470703125
578.376953125
-2245.07421875
-4997.337890625
-7660.13671875
-10215.5390625
-12646.04296875
-14934.666015625
-17065.01953125
-19021.42578125
-20789.01171875
-22353.830078125
-23702.96484375
-24824.66796875
-25708.470703125
-26345.322265625
-26727.716796875
-26849.81640625
-26707.578125
-26298.865234375
-25623.5625
-24683.6640625
-23483.361328125
-22029.095703125
-20329.62890625
-18396.03515625
-16241.724609375
-13882.404296875
-11336.033203125
-8622.734375
-5764.68359375
-2785.974609375
287.556640625
3428.52734375
6608.236328125
9796.91796875
12964.009765625
16078.455078125
19109.017578125
22024.607421875
24794.62109375
27389.28515625
29779.998046875
31939.68359375
33843.11328125
35467.228515625
36791.453125
37797.96484375
38471.94140625
38801.80078125
38779.36328125
38400.01171875
37662.791015625
36570.45703125
35129.505859375
33350.126953125
31246.109375
28834.734375
26136.56640625
23175.26171875
19977.263671875
16571.521484375
12989.138671875
9262.990234375
5427.33984375
1517.390625
-2431.130859375
-6382.4375
-10301.125
-14152.619140625
-17903.62109375
-21522.517578125
-24979.78125
-28248.341796875
-31303.91796875
-34125.3125
-36694.65625
-38997.6171875
-41023.5390625
-42765.55078125
-44220.5859375
-45389.388671875
-46276.4140625
-46889.720703125
-47240.767578125
-47344.193359375
-47217.52734375
-46880.86328125
-46356.49609375
-45668.521484375
-44842.416015625
-43904.591796875
-42881.939453125
-41801.361328125
-40689.32421875
-39571.388671875
-38471.791015625
-37413.021484375
-36415.44921875
-35496.970703125
-34672.7109375
-33954.77734375
-33352.0390625
-32869.9921875
-32510.669921875
-32272.6015625
-32150.857421875
-32137.130859375
-32219.888671875
-32384.580078125
-32613.90625
-32888.107421875
-33185.34765625
-33482.08984375
-33753.53515625
-33974.072265625
-34117.759765625
-34158.798828125
-34072.037109375
-33833.44140625
-33420.580078125
-32813.05859375
-31992.958984375
-30945.21875
-29657.978515625
-28122.876953125
-26335.296875
-24294.544921875
-22003.98828125
-19471.09375
-16707.443359375
-13728.640625
-10554.193359375
-7207.283203125
-3714.521484375
-105.615234375
3587.0078125
7328.634765625
11082.724609375
14811.4140625
18476.060546875
22037.779296875
25458.017578125
28699.10546875
31724.83203125
34500.974609375
36995.82421875
39180.673828125
41030.26953125
42523.197265625
43642.25390625
44374.716796875
44712.578125
44652.69921875
44196.896484375
43351.962890625
42129.59765625
40546.28515625
38623.08203125
36385.36328125
33862.470703125
31087.328125
28095.998046875
24927.1796875
21621.67578125
18221.83203125
14770.951171875
11312.673828125
7890.390625
4546.62890625
1322.46875
-1743.044921875
-4613.404296875
-7255.16796875
-9638.392578125
-11737.0390625
-13529.3125
-14997.91796875
-16130.287109375
-16918.6953125
-17360.328125
-17457.25390625
-17216.349609375
-16649.134765625
-15771.52734375
-14603.564453125
-13169.029296875
-11495.0546875
-9611.64453125
-7551.18359375
-5347.90234375
-3037.310546875
-655.638671875
1760.7578125
4175.96484375
6555.07421875
8864.724609375
11073.61328125
13152.9765625
15076.994140625
16823.189453125
18372.732421875
19710.69140625
20826.220703125
21712.673828125
22367.640625
22792.935546875
22994.474609375
22982.125
22769.453125
22373.43359375
21814.09765625
21114.11328125
20298.345703125
19393.3671875
18426.9375
17427.478515625
16423.521484375
15443.169921875
14513.55078125
13660.31640625
12907.130859375
12275.2265625
11782.990234375
11445.58984375
11274.681640625
11278.162109375
11459.98046875
11820.044921875
12354.185546875
13054.18359375
13907.89453125
14899.41796875
16009.369140625
17215.171875
18491.458984375
19810.48828125
21142.630859375
22456.884765625
23721.423828125
24904.17578125
25973.408203125
26898.306640625
27649.56640625
28199.951171875
28524.83203125
28602.6875
28415.578125
27949.53125
27194.892578125
26146.6171875
24804.470703125
23173.16015625
21262.39453125
19086.845703125
16666.064453125
14024.267578125
11190.078125
8196.197265625
5078.974609375
1877.939453125
-1364.736328125
-4604.81640625
-7796.638671875
-10893.76953125
-13849.677734375
-16618.439453125
-19155.421875
-21417.978515625
-23366.107421875
-24963.080078125
-26176.046875
-26976.576171875
-27341.12890625
-27251.4921875
-26695.109375
-25665.3515625
-24161.69140625
-22189.806640625
-19761.5625
-16894.94921875
-13613.876953125
-9947.935546875
-5932.02734375
-1605.94921875
2986.123046875
7796.185546875
12773.052734375
17863.01953125
23010.587890625
28159.203125
33252.0234375
38232.693359375
43046.1015625
47639.13671875
51961.408203125
55965.9375
59609.794921875
62854.67578125
65667.4296875
68020.4921875
69892.263671875
71267.3671875
72136.8671875
72498.34375
72355.921875
71720.169921875
70607.93359375
69042.06640625
67051.095703125
64668.77734375
61933.609375
58888.275390625
55579.01953125
52054.98828125
48367.52734375
44569.46484375
40714.3671875
36855.80078125
33046.587890625
29338.10546875
25779.5859375
22417.474609375
19294.822265625
16450.7421875
13919.935546875
11732.271484375
9912.453125
8479.78125
7447.951171875
6824.990234375
6613.251953125
6809.484375
7405.001953125
8385.93359375
9733.515625
11424.494140625
13431.5546875
15723.814453125
18267.37109375
21025.869140625
23961.1015625
27033.625
30203.390625
33430.3515625
36675.07421875
39899.32421875
43066.62109375
46142.7421875
49096.197265625
51898.630859375
54525.1875
56954.791015625
59170.3671875
61158.998046875
62911.998046875
64424.92578125
65697.517578125
66733.560546875
67540.6953125
68130.162109375
68516.49609375
68717.15234375
68752.1171875
68643.46875
68414.90234375
68091.26171875
67698.03515625
67260.857421875
66805.025390625
66355.021484375
65934.0546875
65563.638671875
65263.203125
65049.748046875
64937.537109375
64937.86328125
65058.837890625
65305.267578125
65678.57421875
66176.77734375
66794.533203125
67523.234375
68351.162109375
69263.69140625
70243.548828125
71271.099609375
72324.67578125
73380.953125
74415.326171875
75402.322265625
76316.005859375
77130.416015625
77819.966796875
78359.87109375
78726.517578125
78897.85546875
78853.720703125
78576.166015625
78049.716796875
77261.60546875
76201.970703125
74863.9921875
73243.9921875
71341.474609375
69159.140625
66702.830078125
63981.455078125
61006.84375
57793.59765625
54358.869140625
50722.138671875
46904.966796875
42930.68359375
38824.126953125
34611.31640625
30319.146484375
25975.07421875
21606.810546875
17242.02734375
12908.056640625
8631.6484375
4438.69140625
354.013671875
-3598.828125
-7397.70703125
-11022.091796875
-14453.130859375
-17673.7578125
-20668.732421875
-23424.689453125
-25930.109375
-28175.33203125
-30152.4921875
-31855.470703125
-33279.81640625
-34422.66015625
-35282.62890625
-35859.73046875
-36155.271484375
-36171.7421875
-35912.73046875
-35382.826171875
-34587.546875
-33533.265625
-32227.15234375
-30677.140625
-28891.87890625
-26880.73046875
-24653.763671875
-22221.7578125
-19596.228515625
-16789.447265625
-13814.48828125
-10685.255859375
-7416.525390625
-4023.9921875
-524.296875
3064.947265625
6725.138671875
10436.673828125
14178.978515625
17930.53125
21668.908203125
25370.87109375
29012.455078125
32569.099609375
36015.783203125
39327.19921875
42477.958984375
45442.78515625
48196.7578125
50715.564453125
52975.755859375
54955.029296875
56632.4921875
57988.9609375
59007.21484375
59672.29296875
59971.724609375
59895.78515625
59437.708984375
58593.873046875
57363.96484375
55751.107421875
53761.94140625
51406.666015625
48699.052734375
45656.39453125
42299.4140625
38652.140625
34741.7109375
30598.158203125
26254.134765625
21744.615234375
17106.541015625
12378.44921875
7600.068359375
2811.892578125
-1945.248046875
-6630.666015625
-11204.2421875
-15626.90234375
-19861.044921875
-23870.98046875
-27623.33203125
-31087.421875
-34235.6015625
-37043.578125
-39490.662109375
-41559.990234375
-43238.693359375
-44518.0
-45393.310546875
-45864.185546875
-45934.30078125
-45611.337890625
-44906.8359375
-43835.974609375
-42417.3203125
-40672.537109375
-38626.046875
-36304.673828125
-33737.248046875
-30954.19921875
-27987.1328125
-24868.40625
-21630.697265625
-18306.587890625
-14928.154296875
-11526.578125
-8131.80078125
-4772.171875
-1474.17578125
1737.841796875
4841.8671875
7818.396484375
10650.556640625
13324.16796875
15827.7734375
18152.623046875
20292.599609375
22244.11328125
24005.951171875
25579.107421875
26966.556640625
28173.03125
29204.75
30069.16796875
30774.677734375
31330.357421875
31745.6640625
32030.1953125
32193.421875
32244.4765625
32191.931640625
32043.626953125
31806.546875
31486.6796875
31088.974609375
30617.2890625
30074.41015625
29462.068359375
28781.04296875
28031.26171875
27211.9296875
26321.712890625
25358.919921875
24321.701171875
23208.2890625
22017.19921875
20747.466796875
19398.87890625
17972.166015625
16469.2109375
14893.2109375
13248.8359375
11542.322265625
9781.578125
7976.205078125
6137.505859375
4278.435546875
2413.53125
558.767578125
-1268.60546875
-3050.26953125
-4767.09375
-6399.40234375
-7927.29296875
-9330.962890625
-10591.0625
-11689.048828125
-12607.5625
-13330.779296875
-13844.76953125
-14137.830078125
-14200.8046875
-14027.349609375
-13614.201171875
-12961.353515625
-12072.232421875
-10953.78125
-9616.509765625
-8074.48828125
-6345.259765625
-4449.705078125
-2411.861328125
-258.646484375
1980.4375
4273.685546875
6587.576171875
8887.2578125
11137.009765625
13300.78125
15342.7109375
17227.6953125
18921.919921875
20393.419921875
21612.60546875
22552.755859375
23190.505859375
23506.26171875
23484.58203125
23114.50390625
22389.796875
21309.14453125
19876.2734375
18099.978515625
15994.095703125
13577.37890625
10873.298828125
7909.78515625
4718.869140625
1336.27734375
-2199.041015625
-5845.44921875
-9559.197265625
-13295.04296875
-17006.890625
-20648.46875
-24173.99609375
-27538.849609375
-30700.24609375
-33617.857421875
-36254.43359375
-38576.35546875
-40554.146484375
-42162.923828125
-43382.76953125
-44199.0546875
-44602.6484375
-44590.06640625
-44163.529296875
-43330.9296875
-42105.712890625
-40506.66796875
-38557.64453125
-36287.19140625
-33728.111328125
-30916.958984375
-27893.482421875
-24700.015625
-21380.828125
-17981.4453125
-14547.9609375
-11126.3359375
-7761.701171875
-4497.68359375
-1375.75
1565.3984375
4290.40234375
6767.748046875
8970.203125
10875.20703125
12465.154296875
13727.611328125
14655.44921875
15246.880859375
15505.419921875
15439.751953125
15063.51953125
14395.029296875
13456.896484375
12275.60546875
10881.01953125
9305.845703125
7585.04296875
5755.224609375
3854.0078125
1919.3828125
-10.93359375
-1900.125
-3712.88671875
-5415.994140625
-6978.83203125
-8373.884765625
-9577.14453125
-10568.48046875
-11331.904296875
-11855.8046875
-12133.048828125
-12161.060546875
-11941.771484375
-11481.52734375
-10790.88671875
-9884.388671875
-8780.2109375
-7499.79296875
-6067.400390625
-4509.640625
-2854.951171875
-1133.046875
625.638671875
2390.51171875
4131.392578125
5819.056640625
7425.767578125
8925.763671875
10295.7109375
11515.10546875
12566.62109375
13436.3828125
14114.197265625
14593.69140625
14872.376953125
14951.673828125
14836.81640625
14536.720703125
14063.76953125
13433.54296875
12664.48046875
11777.498046875
10795.5625
9743.21875
8646.103515625
7530.44140625
6422.51171875
5348.134765625
4332.169921875
3398.01953125
2567.181640625
1858.80859375
1289.349609375
872.21484375
617.509765625
531.830078125
618.119140625
875.603515625
1299.791015625
1882.537109375
2612.181640625
3473.7578125
4449.25
5517.9296875
6656.712890625
7840.59375
9043.095703125
10236.7578125
11393.63671875
12485.826171875
13485.978515625
14367.806640625
15106.583984375
15679.615234375
16066.666015625
16250.3515625
16216.494140625
15954.400390625
15457.09375
14721.4921875
13748.482421875
12542.96875
11113.837890625
9473.83203125
7639.39453125
5630.41796875
3469.962890625
1183.890625
-1199.52734375
-3650.0390625
-6135.908203125
-8624.384765625
-11082.2421875
-13476.28515625
-15773.876953125
-17943.451171875
-19954.9921875
-21780.51171875
-23394.4765625
-24774.18359375
-25900.1171875
-26756.212890625
-27330.10546875
-27613.267578125
-27601.134765625
-27293.1171875
-26692.580078125
-25806.744140625
-24646.51953125
-23226.298828125
-21563.67578125
-19679.1171875
-17595.609375
-15338.234375
-12933.755859375
-10410.1484375
-7796.12890625
-5120.6875
-2412.609375
299.98828125
2990.09375
5632.228515625
8202.818359375
10680.548828125
13046.650390625
15285.158203125
17383.109375
19330.66796875
21121.2109375
22751.357421875
24220.912109375
25532.78515625
26692.837890625
27709.6640625
28594.36328125
29360.234375
30022.4453125
30597.673828125
31103.720703125
31559.11328125
31982.69140625
32393.197265625
32808.8671875
33247.03515625
33723.7734375
34253.5234375
34848.8046875
35519.921875
36274.73828125
37118.4921875
38053.654296875
39079.845703125
40193.814453125
41389.4296875
42657.791015625
43987.326171875
45363.978515625
46771.416015625
48191.296875
49603.56640625
50986.779296875
52318.451171875
53575.4296875
54734.283203125
55771.67578125
56664.77734375
57391.619140625
57931.474609375
58265.208984375
58375.58984375
58247.58203125
57868.607421875
57228.75390625
56320.947265625
55141.09765625
53688.15625
51964.16796875
49974.251953125
47726.548828125
45232.107421875
42504.75
39560.876953125
36419.25
33100.736328125
29628.029296875
26025.345703125
22318.09765625
18532.578125
14695.6015625
10834.17578125
6975.17578125
3145.0078125
-630.693359375
-4327.357421875
-7921.736328125
-11392.1484375
-14718.69140625
-17883.404296875
-20870.419921875
-23666.06640625
-26258.93359375
-28639.916015625
-30802.19921875
-32741.224609375
-34454.638671875
-35942.17578125
-37205.5390625
-38248.263671875
-39075.53515625
-39694.01953125
-40111.66015625
-40337.466796875
-40381.330078125
-40253.7890625
-39965.84375
-39528.755859375
-38953.857421875
-38252.37890625
-37435.298828125
-36513.203125
-35496.166015625
-34393.66015625
-33214.47265625
-31966.666015625
-30657.546875
-29293.646484375
-27880.7578125
-26423.94921875
-24927.6328125
-23395.61328125
-21831.18359375
-20237.205078125
-18616.21484375
-16970.517578125
-15302.30078125
-13613.73046875
-11907.0625
-10184.732421875
-8449.435546875
-6704.216796875
-4952.52734375
-3198.26953125
-1445.84375
299.841796875
2033.36328125
3748.802734375
5439.759765625
7099.423828125
8720.609375
10295.84765625
11817.462890625
13277.666015625
14668.673828125
15982.798828125
17212.578125
18350.8828125
19391.03515625
20326.916015625
21153.080078125
21864.845703125
22458.388671875
22930.826171875
23280.279296875
23505.921875
23608.025390625
23587.986328125
23448.318359375
23192.66015625
22825.7421875
22353.349609375
21782.267578125
21120.220703125
20375.78125
19558.2890625
18677.74609375
17744.712890625
16770.189453125
15765.50390625
14742.181640625
13711.8359375
12686.041015625
11676.216796875
10693.513671875
9748.705078125
8852.095703125
8013.41015625
7241.732421875
6545.412109375
5932.009765625
5408.2421875
4979.935546875
4652.001953125
4428.400390625
4312.134765625
4305.24609375
4408.818359375
4622.98828125
4946.962890625
5379.048828125
5916.671875
6556.42578125
7294.1015625
8124.732421875
9042.630859375
10041.439453125
11114.177734375
12253.28515625
13450.673828125
14697.771484375
15985.578125
17304.708984375
18645.44140625
19997.77734375
21351.484375
22696.158203125
24021.271484375
25316.232421875
26570.451171875
27773.38671875
28914.6328125
29983.96875
30971.439453125
31867.423828125
32662.716796875
33348.59765625
33916.9140625
34360.166015625
34671.57421875
34845.162109375
34875.841796875
34759.4609375
34492.892578125
34074.080078125
33502.099609375
32777.193359375
31900.806640625
30875.609375
29705.501953125
28395.611328125
26952.26171875
25382.951171875
23696.2890625
21901.9296875
20010.490234375
18033.451171875
15983.044921875
13872.119140625
11714.0
9522.3515625
7310.99609375
5093.763671875
2884.3203125
695.978515625
-1458.455078125
-3566.85546875
-5617.94921875
-7601.45703125
-9508.23046875
-11330.3984375
-13061.447265625
-14696.3359375
-16231.537109375
-17665.09765625
-18996.6484375
-20227.400390625
-21360.099609375
-22398.96875
-23349.619140625
-24218.93359375
-25014.921875
-25746.5625
-26423.611328125
-27056.408203125
-27655.64453125
-28232.14453125
-28796.625
-29359.443359375
-29930.369140625
-30518.333984375
-31131.20703125
-31775.572265625
-32456.537109375
-33177.5390625
-33940.208984375
-34744.22265625
-35587.224609375
-36464.755859375
-37370.224609375
-38294.9296875
-39228.099609375
-40156.984375
-41066.982421875
-41941.80078125
-42763.66015625
-43513.517578125
-44171.33984375
-44716.380859375
-45127.505859375
-45383.513671875
-45463.482421875
-45347.12109375
-45015.12109375
-44449.517578125
-43634.025390625
-42554.365234375
-41198.576171875
-39557.306640625
-37624.05859375
-35395.408203125
-32871.1953125
-30054.654296875
-26952.505859375
-23575.013671875
-19935.96875
-16052.64453125
-11945.693359375
-7638.9921875
-3159.447265625
1463.25390625
6196.92578125
11007.2109375
15857.93359375
20711.4921875
25529.271484375
30272.068359375
34900.529296875
39375.599609375
43658.9765625
47713.53125
51503.74609375
54996.103515625
58159.486328125
60965.513671875
63388.849609375
65407.4765625
67002.9375
68160.501953125
68869.302734375
69122.435546875
68916.9609375
68253.916015625
67138.232421875
65578.619140625
63587.412109375
61180.359375
58376.39453125
55197.33984375
51667.6328125
47813.96875
43664.97265625
39250.8359375
34602.951171875
29753.5390625
24735.298828125
19581.05078125
14323.400390625
8994.41796875
3625.353515625
-1753.630859375
-7113.69140625
-12427.50390625
-17669.431640625
-22815.640625
-27844.20703125
-32735.16015625
-37470.505859375
-42034.220703125
-46412.1953125
-50592.169921875
-54563.63671875
-58317.7265625
-61847.06640625
-65145.640625
-68208.638671875
-71032.29296875
-73613.7265625
-75950.806640625
-78042.009765625
-79886.279296875
-81482.939453125
-82831.587890625
-83932.044921875
-84784.298828125
-85388.494140625
-85744.939453125
-85854.13671875
-85716.83984375
-85334.130859375
-84707.51953125
-83839.056640625
-82731.46484375
-81388.279296875
-79813.982421875
-78014.1640625
-75995.6484375
-73766.63671875
-71336.83203125
-68717.529296875
-65921.70703125
-62964.078125
-59861.119140625
-56631.06640625
-53293.865234375
-49871.099609375
-46385.875
-42862.662109375
-39327.109375
-35805.80859375
-32326.037109375
-28915.470703125
-25601.84765625
-22412.640625
-19374.68359375
-16513.8046875
-13854.44140625
-11419.265625
-9228.8046875
-7301.078125
-5651.2734375
-4291.419921875
-3230.11328125
-2472.28515625
-2019.0
-1867.3203125
-2010.22265625
-2436.560546875
-3131.1015625
-4074.6328125
-5244.09765625
-6612.83984375
-8150.876953125
-9825.2421875
-11600.380859375
-13438.6015625
-15300.564453125
-17145.814453125
-18933.337890625
-20622.15234375
-22171.896484375
-23543.439453125
-24699.47265625
-25605.1015625
-26228.40625
-26540.962890625
-26518.33203125
-26140.51171875
-25392.29296875
-24263.59765625
-22749.705078125
-20851.427734375
-18575.203125
-15933.09375
-12942.705078125
-9627.03125
-6014.20703125
-2137.16796875
1966.732421875
6256.220703125
10686.626953125
15210.498046875
19778.23828125
24338.80859375
28840.43359375
33231.353515625
37460.5703125
41478.591796875
45238.162109375
48694.9765625
51808.33984375
54541.79296875
56863.677734375
58747.6484375
60173.07421875
61125.40234375
61596.39453125
61584.314453125
61093.96484375
60136.6875
58730.216796875
56898.466796875
54671.20703125
52083.666015625
49176.033203125
45992.890625
42582.59765625
38996.56640625
35288.544921875
31513.81640625
27728.40234375
23988.23828125
20348.34375
16862.0078125
13580.001953125
10549.81640625
7814.951171875
5414.26171875
3381.3671875
1744.14453125
524.2890625
-263.013671875
-609.3359375
-513.150390625
20.126953125
978.193359375
2342.03125
4086.15625
6178.974609375
8583.240234375
11256.572265625
14152.05859375
17218.943359375
20403.333984375
23648.986328125
26898.12109375
30092.23046875
33172.953125
36082.87890625
38766.40234375
41170.5078125
43245.533203125
44945.890625
46230.703125
47064.4140625
47417.27734375
47265.80078125
46593.072265625
45389.01171875
43650.51953125
41381.52734375
38592.94921875
35302.54296875
31534.669921875
27319.96484375
22694.935546875
17701.46875
12386.259765625
6800.212890625
997.74609375
-4963.9140625
-11025.4765625
-17126.369140625
-23205.513671875
-29202.095703125
-35056.357421875
-40710.3125
-46108.4921875
-51198.595703125
-55932.12890625
-60264.96484375
-64157.841796875
-67576.8046875
-70493.548828125
-72885.70703125
-74737.0390625
-76037.552734375
-76783.5234375
-76977.45703125
-76627.951171875
-75749.49609375
-74362.1953125
-72491.4296875
-70167.4453125
-67424.912109375
-64302.41015625
-60841.892578125
-57088.12109375
-53088.07421875
-48890.341796875
-44544.515625
-40100.580078125
-35608.322265625
-31116.7578125
-26673.576171875
-22324.625
-18113.4296875
-14080.7578125
-10264.23046875
-6697.982421875
-3412.3828125
-433.80078125
2215.5625
4517.791015625
6459.3125
8030.900390625
9227.626953125
10048.763671875
10497.63671875
10581.44140625
10311.00390625
9700.537109375
8767.33203125
7531.455078125
6015.41015625
4243.791015625
2242.927734375
40.513671875
-2334.734375
-4853.451171875
-7485.951171875
-10202.56640625
-12973.970703125
-15771.45703125
-18567.21875
-21334.6015625
-24048.318359375
-26684.640625
-29221.57421875
-31638.990234375
-33918.740234375
-36044.7265625
-38002.966796875
-39781.619140625
-41370.982421875
-42763.486328125
-43953.63671875
-44937.966796875
-45714.958984375
-46284.947265625
-46650.01171875
-46813.873046875
-46781.75
-46560.236328125
-46157.166015625
-45581.4609375
-44843.001953125
-43952.466796875
-42921.203125
-41761.080078125
-40484.357421875
-39103.544921875
-37631.265625
-36080.162109375
-34462.7421875
-32791.30078125
-31077.791015625
-29333.74609375
-27570.17578125
-25797.4921875
-24025.439453125
-22263.015625
-20518.427734375
-18799.029296875
-17111.296875
-15460.775390625
-13852.072265625
-12288.8359375
-10773.74609375
-9308.53515625
-7893.974609375
-6529.921875
-5215.3359375
-3948.337890625
-2726.24609375
-1545.65234375
-402.484375
707.916015625
1790.69140625
2851.384765625
3895.828125
4930.033203125
5960.080078125
6991.990234375
8031.611328125
9084.484375
10155.732421875
11249.923828125
12370.96484375
13521.98046875
14705.208984375
15921.90625
17172.25390625
18455.291015625
19768.84765625
21109.498046875
22472.537109375
23851.966796875
25240.49609375
26629.5859375
28009.4765625
29369.267578125
30696.998046875
31979.7578125
33203.810546875
34354.744140625
35417.62109375
36377.162109375
37217.931640625
37924.53515625
38481.8359375
38875.1640625
39090.53125
39114.85546875
38936.16796875
38543.830078125
37928.734375
37083.482421875
36002.5703125
34682.54296875
33122.125
31322.337890625
29286.578125
27020.697265625
24533.0078125
21834.3125
18937.8515625
15859.265625
12616.486328125
9229.6328125
5720.84375
2114.115234375
-1564.9140625
-5289.197265625
-9030.515625
-12759.763671875
-16447.234375
-20062.9140625
-23576.798828125
-26959.205078125
-30181.080078125
-33214.337890625
-36032.138671875
-38609.205078125
-40922.09765625
-42949.482421875
-44672.375
-46074.357421875
-47141.7734375
-47863.884765625
-48233.005859375
-48244.59765625
-47897.3203125
-47193.072265625
-46136.9609375
-44737.2578125
-43005.31640625
-40955.44921875
-38604.763671875
-35972.98828125
-33082.248046875
-29956.82421875
-26622.8828125
-23108.1953125
-19441.826171875
-15653.822265625
-11774.880859375
-7836.025390625
-3868.26953125
97.708984375
4031.890625
7905.21875
11689.900390625
15359.677734375
18890.078125
22258.646484375
25445.140625
28431.708984375
31203.01953125
33746.375
36051.7734375
38111.94921875
39922.376953125
41481.244140625
42789.365234375
43850.09765625
44669.21484375
45254.744140625
45616.783203125
45767.296875
45719.892578125
45489.56640625
45092.470703125
44545.62890625
43866.66796875
43073.560546875
42184.337890625
41216.837890625
40188.4375
39115.822265625
38014.763671875
36899.890625
35784.529296875
34680.533203125
33598.142578125
32545.890625
31530.517578125
30556.927734375
29628.169921875
28745.4609375
27908.21484375
27114.1328125
26359.29296875
25638.28515625
24944.35546875
24269.58203125
23605.07421875
22941.16796875
22267.654296875
21574.0078125
20849.619140625
20084.037109375
19267.1953125
18389.65234375
17442.806640625
16419.1015625
15312.224609375
14117.279296875
12830.927734375
11451.529296875
9979.236328125
8416.0546875
6765.904296875
5034.609375
3229.896484375
1361.326171875
-559.791015625
-2520.49609375
-4506.33984375
-6501.55078125
-8489.234375
-10451.58203125
-12370.126953125
-14225.990234375
-16000.16015625
-17673.75
-19228.310546875
-20646.091796875
-21910.3359375
-23005.548828125
-23917.759765625
-24634.779296875
-25146.41015625
-25444.662109375
-25523.92578125
-25381.119140625
-25015.802734375
-24430.2578125
-23629.52734375
-22621.419921875
-21416.48046875
-20027.904296875
-18471.435546875
-16765.208984375
-14929.56640625
-12986.8203125
-10961.01953125
-8877.646484375
-6763.3203125
-4645.4609375
-2551.9296875
-510.68359375
1450.6015625
3304.904296875
5026.23046875
6589.966796875
7973.2421875
9155.244140625
10117.548828125
10844.380859375
11322.873046875
11543.279296875
11499.146484375
11187.447265625
10608.662109375
9766.822265625
8669.501953125
7327.76171875
5756.04296875
3972.0078125
1996.35546875
-147.42578125
-2433.341796875
-4833.21875
-7317.037109375
-9853.328125
-12409.572265625
-14952.62109375
-17449.126953125
-19865.99609375
-22170.8125
-24332.28125
-26320.646484375
-28108.09765625
-29669.146484375
-30980.978515625
-32023.7578125
-32780.921875
-33239.392578125
-33389.775390625
-33226.484375
-32747.83203125
-31956.05859375
-30857.306640625
-29461.546875
-27782.4375
-25837.158203125
-23646.17578125
-21232.96484375
-18623.69921875
-15846.896484375
-12933.041015625
-9914.166015625
-6823.4296875
-3694.6796875
-561.98828125
2540.7890625
5580.451171875
8524.8984375
11343.537109375
14007.6640625
16490.83203125
18769.169921875
20821.662109375
22630.39453125
24180.734375
25461.478515625
26464.94921875
27187.01171875
27627.083984375
27788.041015625
27676.126953125
27300.759765625
26674.345703125
25812.001953125
24731.28515625
23451.859375
21995.154296875
20383.990234375
18642.1875
16794.19140625
14864.66015625
12878.078125
10858.384765625
8828.595703125
6810.478515625
4824.228515625
2888.185546875
1018.60546875
-770.55859375
-2467.806640625
-4064.205078125
-5553.45703125
-6931.91796875
-8198.564453125
-9354.9296875
-10404.962890625
-11354.8828125
-12212.974609375
-12989.341796875
-13695.65234375
-14344.83203125
-14950.765625
-15527.953125
-16091.185546875
-16655.205078125
-17234.359375
-17842.287109375
-18491.60546875
-19193.615234375
-19958.044921875
-20792.81640625
-21703.84375
-22694.880859375
-23767.404296875
-24920.533203125
-26151.005859375
-27453.193359375
-28819.1640625
-30238.783203125
-31699.875
-33188.388671875
-34688.640625
-36183.5625
-37654.994140625
-39083.982421875
-40451.11328125
-41736.84765625
-42921.873046875
-43987.44140625
-44915.708984375
-45690.080078125
-46295.4921875
-46718.732421875
-46948.6796875
-46976.54296875
-46796.048828125
-46403.599609375
-45798.380859375
-44982.423828125
-43960.638671875
-42740.767578125
-41333.3359375
-39751.51171875
-38010.962890625
-36129.650390625
-34127.5859375
-32026.556640625
-29849.833984375
-27621.83984375
-25367.794921875
-23113.373046875
-20884.3203125
-18706.08984375
-16603.4765625
-14600.263671875
-12718.87109375
-10980.044921875
-9402.564453125
-8002.96484375
-6795.3203125
-5791.046875
-4998.748046875
-4424.11328125
-4069.845703125
-3935.65234375
-4018.259765625
-4311.49609375
-4806.392578125
-5491.34765625
-6352.318359375
-7373.037109375
-8535.28125
-9819.15234375
-11203.3828125
-12665.662109375
-14182.962890625
-15731.888671875
-17289.017578125
-18831.228515625
-20336.03515625
-21781.900390625
-23148.521484375
-24417.107421875
-25570.611328125
-26593.955078125
-27474.19140625
-28200.65234375
-28765.056640625
-29161.572265625
-29386.837890625
-29439.970703125
-29322.494140625
-29038.27734375
-28593.39453125
-27996.00390625
-27256.14453125
-26385.55859375
-25397.45703125
-24306.283203125
-23127.46484375
-21877.16015625
-20571.982421875
-19228.751953125
-17864.228515625
-16494.8671875
-15136.583984375
-13804.52734375
-12512.88671875
-11274.703125
-10101.71484375
-9004.224609375
-7991.00390625
-7069.205078125
-6244.310546875
-5520.125
-4898.767578125
-4380.703125
-3964.80859375
-3648.4375
-3427.52734375
-3296.7109375
-3249.453125
-3278.18359375
-3374.46484375
-3529.13671875
-3732.49609375
-3974.4453125
-4244.662109375
-4532.755859375
-4828.416015625
-5121.55859375
-5402.4453125
-5661.81640625
-5890.974609375
-6081.884765625
-6227.255859375
-6320.578125
-6356.1796875
-6329.248046875
-6235.845703125
-6072.90234375
-5838.20703125
-5530.37890625
-5148.833984375
-4693.748046875
-4165.9921875
-3567.09375
-2899.16796875
-2164.87109375
-1367.322265625
-510.060546875
403.013671875
1367.697265625
2379.52734375
3433.818359375
4525.71484375
5650.216796875
6802.1953125
7976.4296875
9167.61328125
10370.369140625
11579.2578125
12788.78515625
13993.39453125
15187.48046875
16365.392578125
17521.423828125
18649.8359375
19744.849609375
20800.671875
21811.505859375
22771.568359375
23675.130859375
24516.537109375
25290.25390625
25990.90625
26613.330078125
27152.619140625
27604.19140625
27963.841796875
28227.791015625
28392.765625
28456.037109375
28415.484375
28269.646484375
28017.759765625
27659.794921875
27196.498046875
26629.388671875
25960.783203125
25193.78125
24332.255859375
23380.81640625
22344.771484375
21230.07421875
20043.25
18791.318359375
17481.705078125
16122.1484375
14720.58203125
13285.025390625
11823.478515625
10343.787109375
8853.5390625
7359.94140625
5869.71875
4389.005859375
2923.263671875
1477.193359375
54.677734375
-1341.267578125
-2708.5234375
-4045.869140625
-5352.99609375
-6630.451171875
-7879.599609375
-9102.544921875
-10302.046875
-11481.404296875
-12644.32421875
-13794.791015625
-14936.892578125
-16074.671875
-17211.943359375
-18352.1171875
-19498.02734375
-20651.7421875
-21814.41796875
-22986.125
-24165.7109375
-25350.681640625
-26537.08203125
-27719.435546875
-28890.67578125
-30042.138671875
-31163.55078125
-32243.091796875
-33267.455078125
-34221.955078125
-35090.677734375
-35856.6484375
-36502.037109375
-37008.3828125
-37356.876953125
-37528.61328125
-37504.91015625
-37267.619140625
-36799.443359375
-36084.2734375
-35107.509765625
-33856.384765625
-32320.279296875
-30491.001953125
-28363.068359375
-25933.9453125
-23204.24609375
-20177.91796875
-16862.361328125
-13268.517578125
-9410.91015625
-5307.623046875
-980.24609375
3546.248046875
8243.6640625
13080.8125
18023.77734375
23036.216796875
28079.74609375
33114.310546875
38098.62890625
42990.654296875
47748.0546875
52328.70703125
56691.21484375
60795.416015625
64602.87890625
68077.416015625
71185.533203125
73896.904296875
76184.759765625
78026.271484375
79402.892578125
80300.611328125
80710.193359375
80627.333984375
80052.76171875
78992.271484375
77456.708984375
75461.857421875
73028.28125
70181.123046875
66949.798828125
63367.6640625
59471.626953125
55301.7109375
50900.56640625
46312.96484375
41585.24609375
36764.77734375
31899.349609375
27036.630859375
22223.572265625
17505.853515625
12927.33984375
8529.572265625
4351.27734375
427.9375
-3208.6015625
-6530.482421875
-9514.1015625
-12140.33984375
-14394.728515625
-16267.53515625
-17753.802734375
-18853.296875
-19570.431640625
-19914.0859375
-19897.39453125
-19537.466796875
-18855.0703125
-17874.2421875
-16621.89453125
-15127.359375
-13421.93359375
-11538.373046875
-9510.404296875
-7372.22265625
-5157.98046875
-2901.318359375
-634.8671875
1610.17578125
3804.47265625
5920.92578125
7935.01171875
9825.08984375
11572.623046875
13162.390625
14582.619140625
15825.0703125
16885.0703125
17761.48046875
18456.634765625
18976.19140625
19328.982421875
19526.765625
19583.99609375
19517.5078125
19346.203125
19090.6953125
18772.951171875
18415.8984375
18043.044921875
17678.091796875
17344.541015625
17065.33203125
16862.46875
16756.703125
16767.197265625
16911.259765625
17204.0859375
17658.5390625
18284.974609375
19091.1015625
20081.884765625
21259.478515625
22623.220703125
24169.640625
25892.53125
27783.037109375
29829.7890625
32019.064453125
34334.970703125
36759.67578125
39273.623046875
41855.806640625
44484.017578125
47135.126953125
49785.375
52410.640625
54986.732421875
57489.662109375
59895.904296875
62182.6640625
64328.107421875
66311.583984375
68113.845703125
69717.2109375
71105.744140625
72265.388671875
73184.080078125
73851.845703125
74260.87109375
74405.544921875
74282.486328125
73890.537109375
73230.75390625
72306.36328125
71122.703125
69687.150390625
68009.033203125
66099.51953125
63971.509765625
61639.5
59119.45703125
56428.658203125
53585.546875
50609.578125
47521.046875
44340.9296875
41090.708984375
37792.224609375
34467.462890625
31138.431640625
27826.958984375
24554.546875
21342.193359375
18210.23828125
15178.205078125
12264.65234375
9487.017578125
6861.490234375
4402.869140625
2124.447265625
37.890625
-1846.8515625
-3521.658203125
-4980.294921875
-6218.494140625
-7233.990234375
-8026.556640625
-8598.029296875
-8952.287109375
-9095.24609375
-9034.80078125
-8780.775390625
-8344.830078125
-7740.359375
-6982.37109375
-6087.3359375
-5073.021484375
-3958.314453125
-2763.01953125
-1507.63671875
-213.142578125
1099.255859375
2408.369140625
3693.279296875
4933.58984375
6109.697265625
7203.02734375
8196.294921875
9073.72265625
9821.2734375
10426.84765625
10880.458984375
11174.404296875
11303.37890625
11264.5859375
11057.794921875
10685.384765625
10152.337890625
9466.20703125
8637.033203125
7677.23828125
6601.490234375
5426.509765625
4170.865234375
2854.73046875
1499.611328125
128.0625
-1236.62890625
-2570.771484375
-3850.60546875
-5052.638671875
-6154.001953125
-7132.7734375
-7968.31640625
-8641.59375
-9135.4453125
-9434.873046875
-9527.263671875
-9402.595703125
-9053.61328125
-8475.9375
-7668.146484375
-6631.828125
-5371.552734375
-3894.81640625
-2211.9453125
-335.94140625
1717.71875
3931.296875
6285.08984375
8757.71875
11326.462890625
13967.626953125
16656.91015625
19369.791015625
22081.927734375
24769.544921875
27409.82421875
29981.267578125
32464.0546875
34840.373046875
37094.693359375
39214.03515625
41188.1875
43009.859375
44674.810546875
46181.904296875
47533.1328125
48733.564453125
49791.248046875
50717.068359375
51524.5390625
52229.552734375
52850.09765625
53405.904296875
53918.095703125
54408.779296875
54900.638671875
55416.486328125
55978.83203125
56609.44140625
57328.89453125
58156.1796875
59108.287109375
60199.849609375
61442.802734375
62846.1171875
64415.544921875
66153.439453125
68058.62890625
70126.345703125
72348.220703125
74712.33984375
77203.361328125
79802.697265625
82488.75390625
85237.2265625
88021.4375
90812.73828125
93580.939453125
96294.76953125
98922.3671875
101431.794921875
103791.544921875
105971.060546875
107941.2421875
109674.939453125
111147.41015625
112336.74609375
113224.271484375
113794.8671875
114037.2578125
113944.232421875
113512.798828125
112744.2578125
111644.244140625
110222.630859375
108493.431640625
106474.580078125
104187.658203125
101657.57421875
98912.154296875
95981.70703125
92898.515625
89696.318359375
86409.7265625
83073.666015625
79722.755859375
76390.73828125
73109.869140625
69910.3671875
66819.873046875
63862.9453125
61060.6171875
58430.0078125
55983.970703125
53730.869140625
51674.359375
49813.31640625
48141.787109375
46649.080078125
45319.89453125
44134.568359375
43069.380859375
42096.947265625
41186.681640625
40305.322265625
39417.505859375
38486.41015625
37474.4140625
36343.79296875
35057.4375
33579.5625
31876.421875
29916.9921875
27673.640625
25122.736328125
22245.21484375
19027.087890625
15459.85546875
11540.875
7273.609375
2667.791015625
-2260.4921875
-7488.83984375
-12988.662109375
-18725.423828125
-24658.9609375
-30743.91796875
-36930.265625
-43163.888671875
-49387.28515625
-55540.28125
-61560.857421875
-67385.97265625
-72952.44921875
-78197.861328125
-83061.4375
-87484.958984375
-91413.626953125
-94796.89453125
-97589.2734375
-99751.0390625
-101248.916015625
-102056.62890625
-102155.408203125
-101534.365234375
-100190.771484375
-98130.2265625
-95366.71484375
-91922.541015625
-87828.142578125
-83121.8046875
-77849.244140625
-72063.103515625
-65822.333984375
-59191.4921875
-52239.95703125
-45041.064453125
-37671.20703125
-30208.8515625
-22733.5703125
-15325.00390625
-8061.86328125
-1020.919921875
5723.9765625
12102.841796875
18050.4296875
23507.080078125
28419.44140625
32741.14453125
36433.353515625
39465.236328125
41814.296875
43466.6171875
44416.962890625
44668.7890625
44234.09375
43133.19140625
41394.36328125
39053.373046875
36152.93359375
32742.03125
28875.216796875
24611.7734375
20014.89453125
15150.7421875
10087.537109375
4894.591796875
-358.64453125
-5603.529296875
-10773.1484375
-15803.216796875
-20632.89453125
-25205.578125
-29469.59375
-33378.82421875
-36893.24609375
-39979.361328125
-42610.537109375
-44767.232421875
-46437.126953125
-47615.146484375
-48303.35546875
-48510.78515625
-48253.14453125
-47552.42578125
-46436.451171875
-44938.328125
-43095.833984375
-40950.751953125
-38548.16796875
-35935.7109375
-33162.794921875
-30279.826171875
-27337.453125
-24385.78125
-21473.6484375
-18647.92578125
-15952.865234375
-13429.50390625
-11115.125
-9042.81640625
-7241.068359375
-5733.486328125
-4538.568359375
-3669.5703125
-3134.470703125
-2936.005859375
-3071.802734375
-3534.564453125
-4312.365234375
-5388.974609375
-6744.279296875
-8354.72265625
-10193.80859375
-12232.63671875
-14440.447265625
-16785.1953125
-19234.126953125
-21754.33203125
-24313.30859375
-26879.4765625
-29422.671875
-31914.59765625
-34329.21875
-36643.11328125
-38835.751953125
-40889.732421875
-42790.921875
-44528.560546875
-46095.275390625
-47487.044921875
-48703.087890625
-49745.701171875
-50620.03125
-51333.806640625
-51897.033203125
-52321.619140625
-52621.013671875
-52809.798828125
-52903.275390625
-52917.052734375
-52866.623046875
-52766.978515625
-52632.21875
-52475.21875
-52307.298828125
-52137.966796875
-51974.689453125
-51822.72265625
-51684.99609375
-51562.041015625
-51452.015625
-51350.732421875
-51251.79296875
-51146.74609375
-51025.314453125
-50875.65234375
-50684.6640625
-50438.337890625
-50122.11328125
-49721.287109375
-49221.3984375
-48608.642578125
-47870.28125
-46995.013671875
-45973.36328125
-44797.994140625
-43464.029296875
-41969.302734375
-40314.556640625
-38503.603515625
-36543.4140625
-34444.138671875
-32219.083984375
-29884.59765625
-27459.908203125
-24966.888671875
-22429.771484375
-19874.796875
-17329.806640625
-14823.806640625
-12386.486328125
-10047.689453125
-7836.90234375
-5782.693359375
-3912.166015625
-2250.427734375
-820.060546875
359.365234375
1271.75390625
1904.884765625
2250.77734375
2305.96484375
2071.7265625
1554.23046875
764.599609375
-281.115234375
-1562.03515625
-3052.6328125
-4723.02734375
-6539.310546875
-8464.01171875
-10456.576171875
-12473.95703125
-14471.23046875
-16402.28125
-18220.517578125
-19879.611328125
-21334.259765625
-22540.953125
-23458.72265625
-24049.880859375
-24280.712890625
-24122.14453125
-23550.328125
-22547.177734375
-21100.822265625
-19205.96484375
-16864.16015625
-14083.982421875
-10881.08984375
-7278.18359375
-3304.853515625
1002.681640625
5601.943359375
10444.66796875
15477.373046875
20642.029296875
25876.78125
31116.791015625
36295.08203125
41343.49609375
46193.626953125
50777.810546875
55030.099609375
58887.25390625
62289.68359375
65182.361328125
67515.677734375
69246.248046875
70337.607421875
70760.8515625
70495.13671875
69528.1015625
67856.154296875
65484.638671875
62427.87109375
58709.052734375
54360.052734375
49421.05078125
43940.087890625
37972.453125
31580.005859375
24830.380859375
17796.09375
10553.591796875
3182.224609375
-4236.8125
-11621.591796875
-18890.548828125
-25963.619140625
-32763.3046875
-39215.75
-45251.75
-50807.681640625
-55826.37890625
-60257.884765625
-64060.1328125
-67199.482421875
-69651.138671875
-71399.466796875
-72438.123046875
-72770.103515625
-72407.607421875
-71371.798828125
-69692.421875
-67407.283203125
-64561.640625
-61207.458984375
-57402.578125
-53209.8125
-48695.951171875
-43930.732421875
-38985.763671875
-33933.427734375
-28845.7890625
-23793.505859375
-18844.765625
-14064.30078125
-9512.416015625
-5244.14453125
-1308.455078125
2252.40625
5403.490234375
8117.580078125
10375.49609375
12166.27734375
13487.2265625
14343.8125
14749.44921875
14725.1328125
14298.9765625
13505.60546875
12385.462890625
10984.02734375
9350.927734375
7539.017578125
5603.388671875
3600.35546875
1586.408203125
-382.80859375
-2253.51953125
-3974.796875
-5499.4921875
-6785.109375
-7794.5703125
-8496.919921875
-8867.91015625
-8890.45703125
-8555.001953125
-7859.72265625
-6810.619140625
-5421.458984375
-3713.599609375
-1715.677734375
536.845703125
3002.232421875
5633.142578125
8377.416015625
11178.908203125
13978.44140625
16714.796875
19325.73046875
21749.052734375
23923.69140625
25790.744140625
27294.525390625
28383.560546875
29011.505859375
29138.029296875
28729.564453125
27760.001953125
26211.232421875
24073.595703125
21346.19140625
18037.048828125
14163.16796875
9750.42578125
4833.318359375
-545.390625
-6335.181640625
-12478.416015625
-18911.05859375
-25563.529296875
-32361.62890625
-39227.55078125
-46080.947265625
-52840.03515625
-59422.74609375
-65747.875
-71736.216796875
-77311.701171875
-82402.4609375
-86941.865234375
-90869.466796875
-94131.87109375
-96683.5
-98487.259765625
-99515.072265625
-99748.283203125
-99177.947265625
-97804.97265625
-95640.115234375
-92703.849609375
-89026.09765625
-84645.828125
-79610.53515625
-73975.58203125
-67803.46875
-61162.9765625
-54128.244140625
-46777.77734375
-39193.39453125
-31459.13671875
-23660.16015625
-15881.626953125
-8207.583984375
-719.890625
6502.830078125
13386.171875
19860.869140625
25863.634765625
31337.908203125
36234.501953125
40512.138671875
44137.880859375
47087.4296875
49345.302734375
50904.90625
51768.462890625
51946.83984375
51459.251953125
50332.8515625
48602.236328125
46308.841796875
43500.279296875
40229.57421875
36554.369140625
32536.056640625
28238.908203125
23729.1640625
19074.11328125
14341.185546875
9597.0625
4906.83203125
333.146484375
-4064.5234375
-8230.59765625
-12114.021484375
-15668.80859375
-18854.53515625
-21636.703125
-23987.0390625
-25883.701171875
-27311.38671875
-28261.337890625
-28731.27734375
-28725.25390625
-28253.38671875
-27331.572265625
-25981.078125
-24228.119140625
-22103.34375
-19641.3046875
-16879.87109375
-13859.630859375
-10623.275390625
-7214.96484375
-3679.703125
-62.72265625
3591.111328125
7237.87109375
10835.115234375
14342.375
17721.619140625
20937.654296875
23958.48046875
26755.58984375
29304.203125
31583.447265625
33576.48828125
35270.583984375
36657.099609375
37731.455078125
38493.033203125
38945.03125
39094.267578125
38950.955078125
38528.4453125
37842.921875
36913.08984375
35759.83984375
34405.90234375
32875.4765625
31193.873046875
29387.162109375
27481.806640625
25504.3125
23480.916015625
21437.255859375
19398.080078125
17386.982421875
15426.150390625
13536.15234375
11735.744140625
10041.71875
8468.763671875
7029.365234375
5733.74609375
4589.81640625
3603.162109375
2777.0625
2112.53125
1608.3828125
1261.3203125
1066.048828125
1015.3984375
1100.4765625
1310.83203125
1634.626953125
2058.8203125
2569.380859375
3151.46484375
3789.6484375
4468.12890625
5170.9375
5882.1484375
6586.1015625
7267.58203125
7912.044921875
8505.791015625
9036.138671875
9491.60546875
9862.044921875
10138.80078125
10314.810546875
10384.71484375
10344.94140625
10193.76171875
9931.322265625
9559.67578125
9082.755859375
8506.353515625
7838.05078125
7087.146484375
6264.544921875
5382.62109375
4455.07421875
3496.7421875
2523.41015625
1551.6015625
598.3359375
-319.109375
-1183.455078125
-1977.68359375
-2685.302734375
-3290.62109375
-3779.009765625
-4137.15625
-4353.31640625
-4417.55078125
-4321.92578125
-4060.720703125
-3630.578125
-3030.65234375
-2262.69921875
-1331.15234375
-243.15234375
991.462890625
2360.220703125
3848.087890625
5437.61328125
7109.10546875
8840.833984375
10609.298828125
12389.5
14155.26171875
15879.5859375
17535.009765625
19093.998046875
20529.34375
21814.583984375
22924.390625
23834.9921875
24524.560546875
24973.578125
25165.19140625
25085.53515625
24724.00390625
24073.505859375
23130.642578125
21895.859375
20373.529296875
18571.986328125
16503.5
14184.17578125
11633.8125
8875.697265625
5936.33203125
2845.11328125
-366.029296875
-3663.0703125
-7010.326171875
-10370.955078125
-13707.478515625
-16982.318359375
-20158.34375
-23199.41796875
-26070.951171875
-28740.431640625
-31177.9296875
-33356.5703125
-35252.970703125
-36847.626953125
-38125.248046875
-39075.0234375
-39690.833984375
-39971.384765625
-39920.259765625
-39545.921875
-38861.611328125
-37885.17578125
-36638.84375
-35148.904296875
-33445.32421875
-31561.30859375
-29532.806640625
-27397.96484375
-25196.537109375
-22969.26953125
-20757.271484375
-18601.353515625
-16541.38671875
-14615.66015625
-12860.255859375
-11308.470703125
-9990.255859375
-8931.732421875
-8154.728515625
-7676.435546875
-7509.07421875
-7659.6953125
-8130.025390625
-8916.416015625
-10009.875
-11396.181640625
-13056.095703125
-14965.630859375
-17096.439453125
-19416.240234375
-21889.318359375
-24477.09375
-27138.732421875
-29831.802734375
-32512.9453125
-35138.578125
-37665.595703125
-40052.076171875
-42257.951171875
-44245.669921875
-45980.802734375
-47432.609375
-48574.541015625
-49384.6875
-49846.11328125
-49947.166015625
-49681.65234375
-49048.931640625
-48053.958984375
-46707.169921875
-45024.33203125
-43026.2734375
-40738.548828125
-38191.0078125
-35417.318359375
-32454.3984375
-29341.822265625
-26121.16015625
-22835.3046875
-19527.771484375
-16241.982421875
-13020.578125
-9904.7109375
-6933.3984375
-4142.904296875
-1566.16015625
767.732421875
2833.955078125
4612.322265625
6087.58203125
7249.59375
8093.443359375
8619.451171875
8833.09765625
8744.853515625
8369.91796875
7727.888671875
6842.34375
5740.359375
4451.96484375
3009.5625
1447.28515625
-199.658203125
-1895.650390625
-3605.345703125
-5294.341796875
-6929.80859375
-8481.126953125
-9920.4296875
-11223.12890625
-12368.3671875
-13339.3828125
-14123.818359375
-14713.92578125
-15106.6875
-15303.853515625
-15311.880859375
-15141.771484375
-14808.841796875
-14332.388671875
-13735.29296875
-13043.53515625
-12285.658203125
-11492.177734375
-10694.94140625
-9926.462890625
-9219.240234375
-8605.052734375
-8114.291015625
-7775.267578125
-7613.6015625
-7651.6171875
-7907.794921875
-8396.318359375
-9126.66015625
-10103.265625
-11325.33203125
-12786.662109375
-14475.63671875
-16375.26171875
-18463.345703125
-20712.73828125
-23091.685546875
-25564.26953125
-28090.92578125
-30629.041015625
-33133.599609375
-35557.90625
-37854.326171875
-39975.08203125
-41873.033203125
-43502.490234375
-44820.009765625
-45785.140625
-46361.177734375
-46515.830078125
-46221.849609375
-45457.568359375
-44207.376953125
-42462.09765625
-40219.26953125
-37483.326171875
-34265.669921875
-30584.64453125
-26465.396484375
-21939.623046875
-17045.234375
-11825.91015625
-6330.556640625
-612.701171875
5270.201171875
11257.53125
17286.2890625
23291.953125
29209.341796875
34973.490234375
40520.546875
45788.623046875
50718.64453125
55255.140625
59347.005859375
62948.177734375
66018.25
68523.015625
70434.90234375
71733.318359375
72404.921875
72443.755859375
71851.296875
70636.4140625
68815.189453125
66410.693359375
63452.619140625
59976.857421875
56024.994140625
51643.728515625
46884.234375
41801.46875
36453.451171875
30900.498046875
25204.453125
19427.91796875
13633.462890625
7882.8828125
2236.470703125
-3247.697265625
-8514.3828125
-13511.794921875
-18192.12890625
-22512.0234375
-26432.97265625
-29921.64453125
-32950.142578125
-35496.171875
-37543.1484375
-39080.21875
-40102.21875
-40609.56640625
-40608.078125
-40108.744140625
-39127.44140625
-37684.6015625
-35804.84375
-33516.580078125
-30851.58984375
-27844.5703125
-24532.69921875
-20955.171875
-17152.75
-13167.326171875
-9041.482421875
-4818.08984375
-539.90625
3750.767578125
8012.44921875
12204.759765625
16288.720703125
20226.990234375
23984.08203125
27526.5625
30823.20703125
33845.138671875
36565.951171875
38961.783203125
41011.42578125
42696.361328125
44000.818359375
44911.81640625
45419.201171875
45515.658203125
45196.748046875
44460.92578125
43309.544921875
41746.890625
39780.171875
37419.546875
34678.10546875
31571.89453125
28119.87109375
24343.90234375
20268.716796875
15921.84375
11333.544921875
6536.712890625
1566.740234375
-3538.638671875
-8739.517578125
-13994.048828125
-19258.6953125
-24488.51171875
-29637.474609375
-34658.8203125
-39505.455078125
-44130.35546875
-48487.017578125
-52529.9296875
-56215.046875
-59500.302734375
-62346.099609375
-64715.826171875
-66576.34765625
-67898.4921875
-68657.509765625
-68833.509765625
-68411.837890625
-67383.4375
-65745.142578125
-63499.896484375
-60656.935546875
-57231.875
-53246.73828125
-48729.880859375
-43715.861328125
-38245.21484375
-32364.1328125
-26124.08203125
-19581.333984375
-12796.412109375
-5833.484375
1240.32421875
8355.654296875
15441.703125
22427.0390625
29240.44140625
35811.765625
42072.79296875
47958.095703125
53405.853515625
58358.66015625
62764.26171875
66576.255859375
69754.71875
72266.736328125
74086.873046875
75197.52734375
75589.20703125
75260.66015625
74218.94140625
72479.333984375
70065.17578125
67007.572265625
63345.0
59122.8125
54392.658203125
49211.791015625
43642.33203125
37750.443359375
31605.46484375
25278.98828125
18843.9296875
12373.58203125
5940.642578125
-383.712890625
-6530.73046875
-12434.962890625
-18035.060546875
-23274.53515625
-28102.408203125
-32473.794921875
-36350.392578125
-39700.849609375
-42501.044921875
-44734.244140625
-46391.158203125
-47469.876953125
-47975.6953125
-47920.84765625
-47324.1328125
-46210.439453125
-44610.208984375
-42558.80859375
-40095.857421875
-37264.478515625
-34110.552734375
-30681.912109375
-27027.55078125
-23196.82421875
-19238.673828125
-15200.880859375
-11129.361328125
-7067.521484375
-3055.666015625
869.50390625
4675.326171875
8333.517578125
11820.431640625
15117.19921875
18209.806640625
21089.0546875
23750.43359375
26193.916015625
28423.66015625
30447.640625
32277.220703125
33926.654296875
35412.560546875
36753.345703125
37968.62109375
39078.595703125
40103.490234375
41062.94140625
41975.44921875
42857.869140625
43724.931640625
44588.83984375
45458.91796875
46341.3359375
47238.92578125
48151.0546875
49073.609375
49999.0390625
50916.505859375
51812.0859375
52669.087890625
53468.39453125
54188.900390625
54807.98828125
55302.056640625
55647.072265625
55819.154296875
55795.16015625
55553.267578125
55073.564453125
54338.5703125
53333.77734375
52048.078125
50474.193359375
48608.998046875
46453.78515625
44014.443359375
41301.55078125
38330.384765625
35120.83984375
31697.232421875
28088.0703125
24325.677734375
20445.787109375
16487.029296875
12490.375
8498.517578125
4555.208984375
704.57421875
-3009.609375
-6544.63671875
-9859.583984375
-12916.001953125
-15678.58984375
-18115.8203125
-20200.494140625
-21910.25390625
-23228.005859375
-24142.2578125
-24647.380859375
-24743.759765625
-24437.8515625
-23742.142578125
-22675.00390625
-21260.443359375
-19527.77734375
-17511.18359375
-15249.201171875
-12784.1328125
-10161.396484375
-7428.80859375
-4635.837890625
-1832.818359375
929.845703125
3602.484375
6136.94921875
8487.38671875
10610.962890625
12468.546875
14025.322265625
15251.34765625
16122.00390625
16618.384765625
16727.572265625
16442.810546875
15763.59375
14695.630859375
13250.720703125
11446.5078125
9306.173828125
6858.001953125
4134.880859375
1173.73046875
-1985.14453125
-5298.73828125
-8722.08203125
-12209.001953125
-15712.89453125
-19187.5
-22587.658203125
-25870.046875
-28993.87890625
-31921.537109375
-34619.171875
-37057.189453125
-39210.701171875
-41059.85546875
-42590.0859375
-43792.26953125
-44662.77734375
-45203.4296875
-45421.35546875
-45328.75
-44942.56640625
-44284.0859375
-43378.453125
-42254.123046875
-40942.2578125
-39476.087890625
-37890.2265625
-36219.990234375
-34500.681640625
-32766.908203125
-31051.908203125
-29386.904296875
-27800.517578125
-26318.212890625
-24961.833984375
-23749.19140625
-22693.7421875
-21804.357421875
-21085.16015625
-20535.490234375
-20149.9296875
-19918.431640625
-19826.55859375
-19855.765625
-19983.8046875
-20185.171875
-20431.634765625
-20692.806640625
-20936.771484375
-21130.7265625
-21241.6640625
-21237.05078125
-21085.49609375
-20757.421875
-20225.6875
-19466.1796875
-18458.349609375
-17185.705078125
-15636.203125
-13802.59375
-11682.669921875
-9279.423828125
-6601.12890625
-3661.3125
-478.65234375
2923.224609375
6516.033203125
10267.185546875
14140.25
18095.447265625
22090.2265625
26079.876953125
30018.19140625
33858.1484375
37552.607421875
41055.01953125
44320.123046875
47304.619140625
49967.822265625
52272.26953125
54184.26953125
55674.419921875
56718.015625
57295.421875
57392.34375
57000.041015625
56115.41796875
54741.060546875
52885.181640625
50561.47265625
47788.8828125
44591.3203125
40997.279296875
37039.427734375
32754.1015625
28180.783203125
23361.54296875
18340.419921875
13162.8359375
7874.958984375
2523.095703125
-2846.90625
-8190.251953125
-13463.740234375
-18626.263671875
-23639.2890625
-28467.248046875
-33077.90625
-37442.634765625
-41536.646484375
-45339.14453125
-48833.421875
-52006.87109375
-54850.955078125
-57361.09765625
-59536.517578125
-61380.021484375
-62897.744140625
-64098.845703125
-64995.166015625
-65600.876953125
-65932.09765625
-66006.498046875
-65842.91015625
-65460.93359375
-64880.5625
-64121.8125
-63204.39453125
-62147.404296875
-60969.041015625
-59686.38671875
-58315.193359375
-56869.748046875
-55362.75390625
-53805.26953125
-52206.689453125
-50574.767578125
-48915.673828125
-47234.0859375
-45533.330078125
-43815.5234375
-42081.76171875
-40332.3125
-38566.818359375
-36784.5078125
-34984.421875
-33165.615234375
-31327.34765625
-29469.28515625
-27591.646484375
-25695.36328125
-23782.181640625
-21854.755859375
-19916.705078125
-17972.6328125
-16028.12890625
-14089.720703125
-12164.818359375
-10261.607421875
-8388.923828125
-6556.123046875
-4772.904296875
-3049.13671875
-1394.671875
180.85546875
1668.22265625
3058.8046875
4344.763671875
5519.224609375
6576.416015625
7511.81640625
8322.259765625
9006.013671875
9562.84375
9994.01953125
10302.33203125
10492.02734375
10568.759765625
10539.474609375
10412.291015625
10196.353515625
9901.646484375
9538.806640625
9118.91796875
8653.298828125
8153.267578125
7629.931640625
7093.96484375
6555.392578125
6023.404296875
5506.177734375
5010.701171875
4542.669921875
4106.359375
3704.568359375
3338.57421875
3008.12109375
2711.453125
2445.3671875
2205.318359375
1985.533203125
1779.16796875
1578.48046875
1375.033203125
1159.908203125
923.94140625
657.953125
353.001953125
0.607421875
-406.998046875
-876.66015625
-1414.09765625
-2023.7109375
-2708.435546875
-3469.599609375
-4306.845703125
-5218.056640625
-6199.330078125
-7244.998046875
-8347.677734375
-9498.35546875
-10686.5078125
-11900.2734375
-13126.634765625
-14351.630859375
-15560.623046875
-16738.52734375
-17870.123046875
-18940.322265625
-19934.466796875
-20838.625
-21639.8671875
-22326.544921875
-22888.533203125
-23317.4765625
-23606.9765625
-23752.765625
-23752.84375
-23607.5625
-23319.693359375
-22894.419921875
-22339.31640625
-21664.265625
-20881.33203125
-20004.61328125
-19050.01953125
-18035.056640625
-16978.548828125
-15900.337890625
-14820.974609375
-13761.3828125
-12742.509765625
-11784.982421875
-10908.748046875
-10132.748046875
-9474.576171875
-8950.177734375
-8573.56640625
-8356.5625
-8308.5859375
-8436.46484375
-8744.302734375
-9233.37890625
-9902.1015625
-10746.0078125
-11757.798828125
-12927.439453125
-14242.28515625
-15687.271484375
-17245.107421875
-18896.54296875
-20620.642578125
-22395.095703125
-24196.533203125
-26000.8828125
-27783.70703125
-29520.55859375
-31187.328125
-32760.5859375
-34217.90625
-35538.162109375
-36701.81640625
-37691.16015625
-38490.53515625
-39086.5078125
-39468.005859375
-39626.423828125
-39555.67578125
-39252.212890625
-38714.99609375
-37945.427734375
-36947.2578125
-35726.4375
-34290.9609375
-32650.662109375
-30817.00390625
-28802.837890625
-26622.158203125
-24289.849609375
-21821.435546875
-19232.806640625
-16540.0
-13758.9453125
-10905.263671875
-7994.068359375
-5039.802734375
-2056.0859375
944.376953125
3949.890625
6949.81640625
9934.57421875
12895.6328125
15825.46875
18717.484375
21565.900390625
24365.6484375
27112.22265625
29801.51953125
32429.673828125
34992.90234375
37487.30859375
39908.740234375
42252.625
44513.822265625
46686.513671875
48764.08203125
50739.0625
52603.076171875
54346.8203125
55960.09375
57431.83984375
58750.23046875
59902.79296875
60876.55078125
61658.20703125
62234.353515625
62591.6953125
62717.296875
62598.853515625
62224.9609375
61585.388671875
60671.357421875
59475.80859375
57993.666015625
56222.05859375
54160.54296875
51811.287109375
49179.21875
46272.140625
43100.796875
39678.8984375
36023.119140625
32152.994140625
28090.845703125
23861.591796875
19492.548828125
15013.173828125
10454.775390625
5850.169921875
1233.33203125
-3361.00390625
-7897.75
-12341.908203125
-16658.990234375
-20815.46484375
-24779.185546875
-28519.82421875
-32009.248046875
-35221.916015625
-38135.212890625
-40729.748046875
-42989.62890625
-44902.65234375
-46460.486328125
-47658.763671875
-48497.12109375
-48979.201171875
-49112.578125
-48908.626953125
-48382.341796875
-47552.095703125
-46439.361328125
-45068.36328125
-43465.728515625
-41660.056640625
-39681.494140625
-37561.2890625
-35331.306640625
-33023.5703125
-30669.775390625
-28300.837890625
-25946.439453125
-23634.6171875
-21391.3671875
-19240.283203125
-17202.26171875
-15295.23046875
-13533.939453125
-11929.80078125
-10490.796875
-9221.439453125
-8122.779296875
-7192.4921875
-6425.0078125
-5811.69921875
-5341.11328125
-4999.251953125
-4769.91015625
-4635.009765625
-4575.00390625
-4569.28125
-4596.580078125
-4635.416015625
-4664.529296875
-4663.283203125
-4612.076171875
-4492.728515625
-4288.841796875
-3986.099609375
-3572.5703125
-3038.927734375
-2378.638671875
-1588.11328125
-666.765625
382.951171875
1555.5625
2842.6796875
4233.111328125
5713.064453125
7266.376953125
8874.783203125
10518.251953125
12175.310546875
13823.427734375
15439.416015625
16999.833984375
18481.40234375
19861.416015625
21118.1640625
22231.314453125
23182.29296875
23954.6328125
24534.287109375
24909.912109375
25073.103515625
25018.587890625
24744.369140625
24251.814453125
23545.7109375
22634.232421875
21528.900390625
20244.447265625
18798.6640625
17212.1875
15508.24609375
13712.365234375
11852.033203125
9956.359375
8055.671875
6181.1328125
4364.3125
2636.775390625
1029.654296875
-426.755859375
-1703.416015625
-2772.91796875
-3609.85546875
-4191.166015625
-4496.427734375
-4508.142578125
-4211.955078125
-3596.865234375
-2655.35546875
-1383.5078125
218.94140625
2148.5859375
4398.384765625
6957.734375
9812.587890625
12945.61328125
16336.38671875
19961.623046875
23795.431640625
27809.607421875
31973.93359375
36256.521484375
40624.13671875
45042.56640625
49476.970703125
53892.234375
58253.337890625
62525.69921875
66675.509765625
70670.072265625
74478.09765625
78069.99609375
81418.15234375
84497.154296875
87284.013671875
89758.357421875
91902.583984375
93701.98046875
95144.837890625
96222.505859375
96929.4375
97263.197265625
97224.4296875
96816.8203125
96047.01953125
94924.529296875
93461.591796875
91673.03515625
89576.099609375
87190.25390625
84536.99609375
81639.626953125
78523.013671875
75213.361328125
71737.947265625
68124.873046875
64402.787109375
60600.642578125
56747.40625
52871.8203125
49002.125
45165.810546875
41389.37890625
37698.10546875
34115.80859375
30664.650390625
27364.951171875
24235.0
21290.908203125
18546.478515625
16013.083984375
13699.59375
11612.298828125
9754.884765625
8128.4140625
6731.3515625
5559.607421875
4606.599609375
3863.376953125
3318.716796875
2959.294921875
2769.861328125
2733.43359375
2831.51171875
3044.33203125
3351.10546875
3730.302734375
4159.919921875
4617.767578125
5081.76953125
5530.23828125
5942.1796875
6297.552734375
6577.55859375
6764.87890625
6843.923828125
6801.033203125
6624.677734375
6305.6171875
5837.0234375
5214.59375
4436.59765625
3503.916015625
2420.025390625
1190.95703125
-174.79296875
-1666.376953125
-3270.7578125
-4972.888671875
-6755.9375
-8601.529296875
-10490.015625
-12400.767578125
-14312.484375
-16203.501953125
-18052.1328125
-19836.978515625
-21537.265625
-23133.150390625
-24606.025390625
-25938.810546875
-27116.193359375
-28124.88671875
-28953.818359375
-29594.296875
-30040.142578125
-30287.78125
-30336.2890625
-30187.396484375
-29845.447265625
-29317.322265625
-28612.306640625
-27741.939453125
-26719.796875
-25561.26953125
-24283.28125
-22904.005859375
-21442.556640625
-19918.63671875
-18352.21484375
-16763.166015625
-15170.93359375
-13594.1875
-12050.4921875
-10556.0078125
-9125.19921875
-7770.58984375
-6502.537109375
-5329.044921875
-4255.640625
-3285.263671875
-2418.228515625
-1652.220703125
-982.33984375
-401.212890625
100.880859375
535.806640625
917.34765625
1260.9375
1583.349609375
1902.3671875
2236.42578125
2604.234375
3024.388671875
3514.98046875
4093.212890625
4775.001953125
5574.623046875
6504.37109375
7574.232421875
8791.603515625
10161.060546875
11684.150390625
13359.2421875
15181.427734375
17142.48046875
19230.861328125
21431.791015625
23727.359375
26096.716796875
28516.291015625
30960.0625
33399.900390625
35805.91796875
38146.8671875
40390.564453125
42504.35546875
44455.572265625
46211.998046875
47742.361328125
49016.80078125
50007.314453125
50688.201171875
51036.478515625
51032.234375
50658.990234375
49903.966796875
48758.34765625
47217.439453125
45280.830078125
42952.439453125
40240.544921875
37157.732421875
33720.78515625
29950.5234375
25871.58984375
21512.177734375
16903.716796875
12080.5078125
7079.3359375
1939.037109375
-3299.94921875
-8596.04296875
-13907.021484375
-19190.474609375
-24404.30859375
-29507.208984375
-34459.0859375
-39221.509765625
-43758.119140625
-48034.982421875
-52020.9296875
-55687.83984375
-59010.888671875
-61968.740234375
-64543.697265625
-66721.796875
-68492.859375
-69850.486328125
-70792.015625
-71318.4296875
-71434.21875
-71147.212890625
-70468.373046875
-69411.556640625
-67993.263671875
-66232.34375
-64149.716796875
-61768.06640625
-59111.517578125
-56205.349609375
-53075.6875
-49749.197265625
-46252.8359375
-42613.556640625
-38858.1015625
-35012.751953125
-31103.16796875
-27154.1953125
-23189.734375
-19232.630859375
-15304.587890625
-11426.091796875
-7616.390625
-3893.466796875
-274.048828125
3226.375
6593.5234375
9814.267578125
12876.5859375
15769.49609375
18483.005859375
21008.046875
23336.419921875
25460.744140625
27374.41796875
29071.58203125
30547.10546875
31796.578125
32816.298828125
33603.314453125
34155.427734375
34471.25390625
34550.244140625
34392.765625
34000.150390625
33374.7578125
32520.04296875
31440.6171875
30142.3046875
28632.193359375
26918.671875
25011.44921875
22921.583984375
20661.4453125
18244.716796875
15686.32421875
13002.380859375
10210.087890625
7327.623046875
4373.998046875
1368.9140625
-1667.419921875
-4714.486328125
-7751.646484375
-10758.376953125
-13714.486328125
-16600.33984375
-19397.099609375
-22086.94140625
-24653.27734375
-27080.962890625
-29356.48046875
-31468.123046875
-33406.123046875
-35162.7890625
-36732.587890625
-38112.201171875
-39300.55859375
-40298.822265625
-41110.34765625
-41740.587890625
-42196.998046875
-42488.87109375
-42627.162109375
-42624.287109375
-42493.873046875
-42250.513671875
-41909.4921875
-41486.5
-40997.33203125
-40457.603515625
-39882.45703125
-39286.26171875
-38682.365234375
-38082.830078125
-37498.2109375
-36937.353515625
-36407.228515625
-35912.806640625
-35456.962890625
-35040.439453125
-34661.818359375
-34317.578125
-34002.173828125
-33708.15234375
-33426.318359375
-33145.951171875
-32855.025390625
-32540.498046875
-32188.58984375
-31785.12109375
-31315.826171875
-30766.71484375
-30124.412109375
-29376.5
-28511.85546875
-27520.978515625
-26396.267578125
-25132.306640625
-23726.09765625
-22177.240234375
-20488.10546875
-18663.927734375
-16712.86328125
-14645.99609375
-12477.287109375
-10223.470703125
-7903.908203125
-5540.3671875
-3156.779296875
-778.94140625
1565.830078125
3849.068359375
6041.55859375
8113.771484375
10036.298828125
11780.3125
13318.015625
14623.08984375
15671.13671875
16440.0859375
16910.580078125
17066.34375
16894.46484375
16385.69140625
15534.626953125
14339.892578125
12804.234375
10934.560546875
8741.912109375
6241.3984375
3452.0390625
396.5703125
-2898.818359375
-6404.7890625
-10089.21875
-13917.591796875
-17853.4375
-21858.80078125
-25894.71875
-29921.732421875
-33900.380859375
-37791.71484375
-41557.8046875
-45162.193359375
-48570.375
-51750.212890625
-54672.322265625
-57310.419921875
-59641.6171875
-61646.662109375
-63310.12890625
-64620.55078125
-65570.484375
-66156.5234375
-66379.2578125
-66243.15625
-65756.419921875
-64930.76171875
-63781.158203125
-62325.5390625
-60584.46875
-58580.76171875
-56339.109375
-53885.669921875
-51247.650390625
-48452.88671875
-45529.451171875
-42505.220703125
-39407.51953125
-36262.748046875
-33096.052734375
-29931.03515625
-26789.490234375
-23691.19140625
-20653.720703125
-17692.34765625
-14819.935546875
-12046.935546875
-9381.3671875
-6828.90625
-4392.966796875
-2074.84765625
126.10546875
2212.2890625
4187.623046875
6057.296875
7827.517578125
9505.24609375
11097.91796875
12613.177734375
14058.634765625
15441.60546875
16768.904296875
18046.626953125
19279.99609375
20473.20703125
21629.3203125
22750.197265625
23836.447265625
24887.4296875
25901.298828125
26875.052734375
27804.646484375
28685.11328125
29510.72265625
30275.162109375
30971.7265625
31593.53125
32133.734375
32585.755859375
32943.49609375
33201.56640625
33355.47265625
33401.8125
33338.455078125
33164.66015625
32881.224609375
32490.53515625
31996.654296875
31405.314453125
30723.916015625
29961.466796875
29128.505859375
28236.97265625
27300.06640625
26332.0546875
25348.076171875
24363.90625
23395.7109375
22459.796875
21572.3203125
20749.04296875
20005.029296875
19354.412109375
18810.1171875
18383.630859375
18084.798828125
17921.607421875
17900.04296875
18023.9609375
18294.970703125
18712.39453125
19273.240234375
19972.212890625
20801.779296875
21752.25
22811.923828125
23967.234375
25202.9609375
26502.435546875
27847.810546875
29220.314453125
30600.54296875
31968.748046875
33305.154296875
34590.244140625
35805.076171875
36931.5625
37952.755859375
38853.10546875
39618.689453125
40237.4375
40699.298828125
40996.40234375
41123.169921875
41076.392578125
40855.275390625
40461.4453125
39898.90625
39173.9921875
38295.244140625
37273.294921875
36120.6796875
34851.662109375
33482.01171875
32028.76953125
30509.9921875
28944.490234375
27351.552734375
25750.677734375
24161.29296875
22602.490234375
21092.7578125
19649.7421875
18290.0078125
17028.830078125
15880.00390625
14855.671875
13966.189453125
13220.001953125
12623.56640625
12181.287109375
11895.494140625
11766.423828125
11792.26171875
11969.17578125
12291.396484375
12751.3125
13339.57421875
14045.23828125
14855.904296875
15757.873046875
16736.318359375
17775.455078125
18858.724609375
19968.974609375
21088.638671875
22199.916015625
23284.94921875
24325.994140625
25305.587890625
26206.6953125
27012.873046875
27708.39453125
28278.3828125
28708.931640625
28987.22265625
29101.611328125
29041.7265625
28798.552734375
28364.501953125
27733.474609375
26900.921875
25863.88671875
24621.052734375
23172.77734375
21521.10546875
19669.806640625
17624.37109375
15392.017578125
12981.681640625
10404.013671875
7671.32421875
4797.58203125
1798.328125
-1309.359375
-4506.95703125
-7774.58984375
-11091.126953125
-14434.318359375
-17780.923828125
-21106.8828125
-24387.4765625
-27597.52734375
-30711.59765625
-33704.21484375
-36550.107421875
-39224.443359375
-41703.09375
-43962.884765625
-45981.875
-47739.611328125
-49217.3984375
-50398.560546875
-51268.68359375
-51815.845703125
-52030.84765625
-51907.396484375
-51442.26953125
-50635.46484375
-49490.30859375
-48013.5078125
-46215.197265625
-44108.921875
-41711.5859375
-39043.357421875
-36127.517578125
-32990.28125
-29660.572265625
-26169.734375
-22551.234375
-18840.306640625
-15073.568359375
-11288.623046875
-7523.611328125
-3816.759765625
-205.927734375
3271.8671875
6580.919921875
9687.298828125
12559.28515625
15167.80859375
17486.830078125
19493.708984375
21169.521484375
22499.333984375
23472.423828125
24082.44140625
24327.525390625
24210.3359375
23738.046875
22922.251953125
21778.822265625
20327.69921875
18592.625
16600.806640625
14382.548828125
11970.826171875
9400.81640625
6709.39453125
3934.611328125
1115.15234375
-1710.228515625
-4503.265625
-7226.7109375
-9844.904296875
-12324.244140625
-14633.697265625
-16745.216796875
-18634.1328125
-20279.498046875
-21664.353515625
-22775.939453125
-23605.859375
-24150.126953125
-24409.193359375
-24387.865234375
-24095.18359375
-23544.205078125
-22751.73828125
-21738.025390625
-20526.34765625
-19142.61328125
-17614.873046875
-15972.8359375
-14247.33984375
-12469.818359375
-10671.759765625
-8884.171875
-7137.064453125
-5458.947265625
-3876.36328125
-2413.46875
-1091.6484375
70.806640625
1058.970703125
1861.478515625
2470.6640625
2882.630859375
3097.24609375
3118.072265625
2952.228515625
2610.177734375
2105.482421875
1454.47265625
675.8828125
-209.55078125
-1179.53515625
-2210.685546875
-3278.99609375
-4360.341796875
-5430.947265625
-6467.869140625
-7449.43359375
-8355.66015625
-9168.638671875
-9872.87109375
-10455.53515625
-10906.728515625
-11219.60546875
-11390.49609375
-11418.91796875
-11307.5390625
-11062.08203125
-10691.134765625
-10205.94140625
-9620.083984375
-8949.173828125
-8210.4453125
-7422.3515625
-6604.10546875
-5775.22265625
-4955.05078125
-4162.287109375
-3414.52734375
-2727.8203125
-2116.259765625
-1591.619140625
-1163.017578125
-836.666015625
-615.64453125
-499.779296875
-485.560546875
-566.154296875
-731.470703125
-968.322265625
-1260.640625
-1589.779296875
-1934.84765625
-2273.1484375
-2580.623046875
-2832.365234375
-3003.16015625
-3068.044921875
-3002.876953125
-2784.916015625
-2393.38671875
-1810.0078125
-1019.51953125
-10.125
1226.07421875
2692.7578125
4389.091796875
6309.546875
8443.779296875
10776.61328125
13288.09765625
15953.681640625
18744.4609375
21627.51171875
24566.326171875
27521.310546875
30450.359375
33309.498046875
36053.57421875
38636.982421875
41014.443359375
43141.7578125
44976.599609375
46479.2890625
47613.525390625
48347.095703125
48652.5390625
48507.716796875
47896.34765625
46808.4140625
45240.509765625
43196.0625
40685.45703125
37726.046875
34342.037109375
30564.275390625
26429.919921875
21981.984375
17268.798828125
12343.3671875
7262.638671875
2086.703125
-3122.078125
-8299.984375
-13382.89453125
-18307.25
-23011.037109375
-27434.74609375
-31522.306640625
-35221.974609375
-38487.166015625
-41277.216796875
-43558.041015625
-45302.716796875
-46491.939453125
-47114.365234375
-47166.841796875
-46654.484375
-45590.65625
-43996.779296875
-41902.044921875
-39342.986328125
-36362.927734375
-33011.345703125
-29343.087890625
-25417.55078125
-21297.74609375
-17049.322265625
-12739.544921875
-8436.23828125
-4206.7109375
-116.71875
3770.587890625
7395.65234375
10703.439453125
13644.310546875
16174.80078125
18258.27734375
19865.529296875
20975.193359375
21574.083984375
21657.3671875
21228.6171875
20299.71875
18890.65234375
17029.130859375
14750.125
12095.255859375
9112.1015625
5853.380859375
2376.0859375
-1259.474609375
-4990.689453125
-8753.654296875
-12484.25
-16119.185546875
-19597.029296875
-22859.21484375
-25850.990234375
-28522.30078125
-30828.578125
-32731.46484375
-34199.396484375
-35208.09375
-35740.9296875
-35789.14453125
-35351.9609375
-34436.55078125
-33057.86328125
-31238.330078125
-29007.46484375
-26401.30859375
-23461.81640625
-20236.109375
-16775.662109375
-13135.4296875
-9372.900390625
-5547.140625
-1717.78515625
2055.9453125
5716.228515625
9207.599609375
12477.84375
15478.865234375
18167.443359375
20505.923828125
22462.81640625
24013.263671875
25139.427734375
25830.73046875
26083.986328125
25903.408203125
25300.484375
24293.75390625
22908.443359375
21176.015625
19133.6015625
16823.36328125
14291.765625
11588.779296875
8767.052734375
5881.0234375
2986.01953125
137.365234375
-2610.529296875
-5205.04296875
-7596.1640625
-9737.29296875
-11585.95703125
-13104.462890625
-14260.451171875
-15027.384765625
-15384.896484375
-15319.091796875
-14822.677734375
-13895.037109375
-12542.171875
-10776.537109375
-8616.79296875
-6087.4453125
-3218.41015625
-44.484375
3395.236328125
7058.00390625
10898.115234375
14867.638671875
18917.162109375
22996.552734375
27055.71875
31045.337890625
34917.583984375
38626.779296875
42130.044921875
45387.853515625
48364.529296875
51028.68359375
53353.560546875
55317.31640625
56903.193359375
58099.62890625
58900.27734375
59303.935546875
59314.404296875
58940.283203125
58194.669921875
57094.833984375
55661.802734375
53919.93359375
51896.42578125
49620.822265625
47124.498046875
44440.107421875
41601.0859375
38641.12109375
35593.658203125
32491.435546875
29366.0546875
26247.576171875
23164.181640625
20141.880859375
17204.251953125
14372.26953125
11664.1640625
9095.33984375
6678.357421875
4422.958984375
2336.150390625
422.3125
-1316.623046875
-2880.990234375
-4273.16015625
-5497.29296875
-6559.072265625
-7465.4375
-8224.30859375
-8844.306640625
-9334.49609375
-9704.126953125
-9962.41015625
-10118.3046875
-10180.341796875
-10156.458984375
-10053.890625
-9879.078125
-9637.6015625
-9334.16796875
-8972.609375
-8555.923828125
-8086.330078125
-7565.35546875
-6993.94140625
-6372.560546875
-5701.349609375
-4980.244140625
-4209.123046875
-3387.94140625
-2516.86328125
-1596.390625
-627.458984375
388.46875
1449.328125
2552.40625
3694.3203125
4871.015625
6077.78125
7309.31640625
8559.779296875
9822.892578125
11092.04296875
12360.416015625
13621.125
14867.369140625
16092.556640625
17290.494140625
18455.505859375
19582.57421875
20667.484375
21706.921875
22698.568359375
23641.17578125
24534.603515625
25379.849609375
26179.03125
26935.3515625
27653.037109375
28337.232421875
28993.896484375
29629.634765625
30251.5546875
30867.0625
31483.677734375
32108.80859375
32749.54296875
33412.4375
34103.283203125
34826.931640625
35587.076171875
36386.099609375
37224.923828125
38102.8828125
39017.642578125
39965.1484375
40939.6015625
41933.48046875
42937.607421875
43941.244140625
44932.23046875
45897.162109375
46821.58984375
47690.26953125
48487.427734375
49197.046875
49803.169921875
50290.22265625
50643.33984375
50848.666015625
50893.6953125
50767.548828125
50461.265625
49968.041015625
49283.458984375
48405.658203125
47335.470703125
46076.51953125
44635.2578125
43020.94140625
41245.580078125
39323.81640625
37272.74609375
35111.703125
32861.98828125
30546.552734375
28189.65234375
25816.44921875
23452.611328125
21123.865234375
18855.564453125
16672.23046875
14597.11328125
12651.744140625
10855.544921875
9225.419921875
7775.427734375
6516.4609375
5456.009765625
4597.9453125
3942.392578125
3485.658203125
3220.212890625
3134.7734375
3214.408203125
3440.7578125
3792.283203125
4244.603515625
4770.86328125
5342.185546875
5928.1328125
6497.232421875
7017.515625
7457.0859375
7784.677734375
7970.248046875
7985.517578125
7804.5234375
7404.123046875
6764.46875
5869.419921875
4706.921875
3269.287109375
1553.439453125
-438.9296875
-2701.302734375
-5222.326171875
-7985.90234375
-10971.365234375
-14153.724609375
-17504.0
-20989.61328125
-24574.86328125
-28221.44140625
-31889.021484375
-35535.859375
-39119.4609375
-42597.244140625
-45927.216796875
-49068.66796875
-51982.814453125
-54633.466796875
-56987.619140625
-59016.01171875
-60693.646484375
-62000.21484375
-62920.486328125
-63444.572265625
-63568.158203125
-63292.59375
-62624.953125
-61577.9375
-60169.734375
-58423.77734375
-56368.400390625
-54036.439453125
-51464.740234375
-48693.60546875
-45766.19140625
-42727.84375
-39625.4140625
-36506.525390625
-33418.853515625
-30409.376953125
-27523.666015625
-24805.16796875
-22294.537109375
-20029.013671875
-18041.84375
-16361.783203125
-15012.642578125
-14012.947265625
-13375.658203125
-13107.978515625
-13211.28125
-13681.080078125
-14507.15234375
-15673.703125
-17159.63671875
-18938.919921875
-20981.001953125
-23251.314453125
-25711.833984375
-28321.689453125
-31037.8125
-33815.623046875
-36609.724609375
-39374.611328125
-42065.37890625
-44638.40625
-47052.01953125
-49267.115234375
-51247.73828125
-52961.611328125
-54380.583984375
-55481.029296875
-56244.154296875
-56656.236328125
-56708.765625
-56398.5234375
-55727.556640625
-54703.08203125
-53337.298828125
-51647.14453125
-49653.95703125
-47383.09375
-44863.46484375
-42127.064453125
-39208.41015625
-36143.982421875
-32971.64453125
-29730.03125
-26457.958984375
-23193.822265625
-19975.0390625
-16837.48828125
-13815.0078125
-10938.9296875
-8237.65234375
-5736.296875
-3456.39453125
-1415.650390625
372.228515625
1897.625
3155.056640625
4143.15234375
4864.5390625
5325.697265625
5536.75
5511.197265625
5265.595703125
4819.224609375
4193.69921875
3412.556640625
2500.841796875
1484.671875
390.791015625
-753.84375
-1922.498046875
-3089.052734375
-4228.37109375
-5316.6640625
-6331.775390625
-7253.46875
-8063.66015625
-8746.580078125
-9288.94140625
-9680.005859375
-9911.65625
-9978.3828125
-9877.251953125
-9607.828125
-9172.052734375
-8574.111328125
-7820.244140625
-6918.560546875
-5878.8125
-4712.17578125
-3431.00390625
-2048.5859375
-578.91796875
963.544921875
2564.103515625
4208.033203125
5880.763671875
7568.068359375
9256.208984375
10932.064453125
12583.244140625
14198.154296875
15766.080078125
17277.193359375
18722.591796875
20094.275390625
21385.134765625
22588.908203125
23700.138671875
24714.111328125
25626.791015625
26434.763671875
27135.166015625
27725.623046875
28204.201171875
28569.3515625
28819.87890625
28954.916015625
28973.912109375
28876.6328125
28663.1796875
28334.00390625
27889.970703125
27332.38671875
26663.068359375
25884.416015625
24999.470703125
24012.00390625
22926.5625
21748.572265625
20484.361328125
19141.23828125
17727.501953125
16252.48828125
14726.544921875
13161.029296875
11568.26171875
9961.46484375
8354.662109375
6762.580078125
5200.50390625
3684.1171875
2229.33203125
852.08203125
-431.892578125
-1607.263671875
-2659.35546875
-3574.3828125
-4339.693359375
-4944.001953125
-5377.62109375
-5632.669921875
-5703.275390625
-5585.744140625
-5278.708984375
-4783.2421875
-4102.94140625
-3243.974609375
-2215.08203125
-1027.544921875
304.890625
1766.134765625
3337.9140625
4999.970703125
6730.29296875
8505.392578125
10300.6171875
12090.4609375
13848.93359375
15549.919921875
17167.560546875
18676.646484375
20052.982421875
21273.779296875
22318.009765625
23166.740234375
23803.455078125
24214.330078125
24388.4765625
24318.140625
23998.861328125
23429.56640625
22612.6328125
21553.880859375
20262.51953125
18751.03515625
17035.029296875
15133.01171875
13066.123046875
10857.8515625
8533.669921875
6120.669921875
3647.150390625
1142.1953125
-1364.767578125
-3844.421875
-6267.998046875
-8607.720703125
-10837.234375
-12932.0
-14869.66796875
-16630.423828125
-18197.275390625
-19556.30859375
-20696.884765625
-21611.794921875
-22297.333984375
-22753.3515625
-22983.216796875
-22993.73828125
-22795.015625
-22400.265625
-21825.556640625
-21089.5390625
-20213.09765625
-19219.0
-18131.48828125
-16975.875
-15778.1015625
-14564.296875
-13360.3515625
-12191.466796875
-11081.75
-10053.810546875
-9128.396484375
-8324.06640625
-7656.87890625
-7140.162109375
-6784.30078125
-6596.599609375
-6581.169921875
-6738.908203125
-7067.5
-7561.48828125
-8212.400390625
-9008.912109375
-9937.06640625
-10980.533203125
-12120.91015625
-13338.04296875
-14610.37890625
-15915.337890625
-17229.703125
-18530.0078125
-19792.9140625
-20995.603515625
-22116.140625
-23133.810546875
-24029.443359375
-24785.69921875
-25387.318359375
-25821.328125
-26077.216796875
-26147.0546875
-26025.56640625
-25710.171875
-25200.962890625
-24500.638671875
-23614.42578125
-22549.904296875
-21316.853515625
-19927.0390625
-18393.962890625
-16732.61328125
-14959.189453125
-13090.80859375
-11145.2109375
-9140.478515625
-7094.73046875
-5025.86328125
-2951.27734375
-887.6328125
1149.33984375
3145.068359375
5086.259765625
6961.048828125
8759.0859375
10471.58203125
12091.34765625
13612.7734375
15031.7890625
16345.7890625
17553.537109375
18655.044921875
19651.423828125
20544.73046875
21337.794921875
22034.05078125
22637.33984375
23151.76171875
23581.474609375
23930.5625
24202.875
24401.908203125
24530.697265625
24591.73046875
24586.90625
24517.4921875
24384.125
24186.833984375
23925.099609375
23597.90625
23203.869140625
22741.326171875
22208.47265625
21603.529296875
20924.865234375
20171.1875
19341.677734375
18436.16015625
17455.25
16400.478515625
15274.423828125
14080.798828125
12824.529296875
11511.802734375
10150.08203125
8748.099609375
7315.8046875
5864.302734375
4405.732421875
2953.140625
1520.3125
121.587890625
-1228.369140625
-2514.779296875
-3723.013671875
-4838.83984375
-5848.69140625
-6739.91796875
-7501.05859375
-8122.068359375
-8594.55859375
-8911.998046875
-9069.90234375
-9065.96875
-8900.212890625
-8575.02734375
-8095.232421875
-7468.068359375
-6703.13671875
-5812.328125
-4809.6796875
-3711.1796875
-2534.58984375
-1299.154296875
-25.341796875
1265.48046875
2551.38671875
3810.23046875
5020.025390625
6159.314453125
7207.525390625
8145.349609375
8955.07421875
9620.919921875
10129.322265625
10469.208984375
10632.224609375
10612.912109375
10408.837890625
10020.703125
9452.3515625
8710.7734375
7806.015625
6751.064453125
5561.6640625
4256.09765625
2854.90625
1380.583984375
-142.775390625
-1689.861328125
-3234.5390625
-4750.28515625
-6210.60546875
-7589.470703125
-8861.7578125
-10003.650390625
-10993.04296875
-11809.91015625
-12436.64453125
-12858.353515625
-13063.1171875
-13042.18359375
-12790.134765625
-12304.97265625
-11588.169921875
-10644.634765625
-9482.666015625
-8113.787109375
-6552.591796875
-4816.490234375
-2925.4375
-901.60546875
1230.970703125
3446.78515625
5719.259765625
8021.185546875
10325.140625
12603.927734375
14830.99609375
16980.85546875
19029.453125
20954.546875
22736.009765625
24356.130859375
25799.837890625
27054.89453125
28112.037109375
28965.056640625
29610.826171875
30049.27734375
30283.322265625
30318.7265625
30163.9296875
29829.822265625
29329.49609375
28677.9375
27891.716796875
26988.640625
25987.404296875
24907.220703125
23767.466796875
22587.31640625
21385.416015625
20179.560546875
18986.38671875
17821.138671875
16697.427734375
15627.052734375
14619.875
13683.7109375
12824.3046875
12045.326171875
11348.423828125
10733.328125
10197.984375
9738.740234375
9350.5546875
9027.2421875
8761.7421875
8546.40625
8373.2890625
8234.4453125
8122.23828125
8029.607421875
7950.357421875
7879.3828125
7812.90625
7748.642578125
7685.951171875
7625.92578125
7571.462890625
7527.25
7499.736328125
7497.025390625
7528.74609375
7605.861328125
7740.4375
7945.380859375
8234.13671875
8620.357421875
9117.5546875
9738.744140625
10496.072265625
11400.44140625
12461.16015625
13685.611328125
15078.9140625
16643.658203125
18379.662109375
20283.765625
22349.6875
24567.935546875
26925.771484375
29407.255859375
31993.31640625
34661.931640625
37388.33203125
40145.29296875
42903.466796875
45631.767578125
48297.814453125
50868.400390625
53310.005859375
55589.326171875
57673.822265625
59532.263671875
61135.294921875
62455.94140625
63470.146484375
64157.224609375
64500.318359375
64486.759765625
64108.400390625
63361.875
62248.78125
60775.783203125
58954.654296875
56802.205078125
54340.158203125
51594.927734375
48597.318359375
45382.146484375
41987.791015625
38455.685546875
34829.744140625
31155.73046875
27480.607421875
23851.837890625
20316.67578125
16921.447265625
13710.830078125
10727.15625
8009.74609375
5594.263671875
3512.134765625
1790.03125
449.39453125
-493.931640625
-1029.998046875
-1154.970703125
-871.234375
-187.419921875
881.67578125
2315.263671875
4086.82421875
6164.474609375
8511.412109375
11086.421875
13844.49609375
16737.47265625
19714.751953125
22724.048828125
25712.166015625
28625.798828125
31412.3359375
34020.654296875
36401.896484375
38510.20703125
40303.44921875
41743.833984375
42798.498046875
43440.029296875
43646.875
43403.685546875
42701.556640625
41538.1796875
39917.88671875
37851.60546875
35356.697265625
32456.734375
29181.146484375
25564.8125
21647.5546875
17473.572265625
13090.814453125
8550.29296875
3905.36328125
-789.025390625
-5477.091796875
-10103.01171875
-14611.662109375
-18949.384765625
-23064.697265625
-26908.974609375
-30437.076171875
-33607.912109375
-36384.955078125
-38736.66015625
-40636.828125
-42064.861328125
-43005.958984375
-43451.212890625
-43397.615234375
-42847.986328125
-41810.822265625
-40300.06640625
-38334.796875
-35938.859375
-33140.4453125
-29971.603515625
-26467.7265625
-22666.994140625
-18609.796875
-14338.154296875
-9895.111328125
-5324.162109375
-668.669921875
4028.681640625
8726.39453125
13384.654296875
17965.74609375
22434.453125
26758.37890625
30908.2265625
34858.005859375
38585.197265625
42070.83203125
45299.544921875
48259.529296875
50942.484375
53343.4765625
55460.77734375
57295.646484375
58852.09765625
60136.630859375
61157.935546875
61926.58984375
62454.7578125
62755.861328125
62844.291015625
62735.109375
62443.76171875
61985.83203125
61376.80078125
60631.845703125
59765.677734375
58792.3828125
57725.328125
56577.08203125
55359.375
54083.08984375
52758.271484375
51394.173828125
49999.330078125
48581.62109375
47148.38671875
45706.51953125
44262.58203125
42822.916015625
41393.73828125
39981.248046875
38591.7109375
37231.517578125
35907.232421875
34625.62890625
33393.677734375
32218.5390625
31107.498046875
30067.900390625
29107.052734375
28232.103515625
27449.90234375
26766.84375
26188.697265625
25720.431640625
25366.033203125
25128.318359375
25008.759765625
25007.328125
25122.330078125
25350.287109375
25685.83203125
26121.625
26648.32421875
27254.572265625
27927.0390625
28650.48046875
29407.873046875
30180.55859375
30948.443359375
31690.2421875
32383.744140625
33006.123046875
33534.267578125
33945.150390625
34216.193359375
34325.66796875
34253.076171875
33979.556640625
33488.263671875
32764.732421875
31797.228515625
30577.056640625
29098.84765625
27360.78125
25364.779296875
23116.6328125
20626.083984375
17906.830078125
14976.48046875
11856.4375
8571.72265625
5150.728515625
1624.935546875
-1971.47265625
-5602.0
-9228.306640625
-12810.708984375
-16308.7109375
-19681.560546875
-22888.833984375
-25891.01171875
-28650.072265625
-31130.0546875
-33297.6171875
-35122.564453125
-36578.318359375
-37642.369140625
-38296.66015625
-38527.89453125
-38327.8125
-37693.345703125
-36626.7421875
-35135.59375
-33232.76171875
-30936.2578125
-28269.025390625
-25258.640625
-21936.958984375
-18339.677734375
-14505.837890625
-10477.28125
-6298.056640625
-2013.783203125
2328.994140625
6683.48828125
11003.341796875
15243.3046875
19359.890625
23312.005859375
27061.544921875
30573.93359375
33818.623046875
36769.517578125
39405.322265625
41709.84375
43672.158203125
45286.751953125
46553.53125
47477.767578125
48069.9453125
48345.541015625
48324.703125
48031.865234375
47495.30078125
46746.591796875
45820.076171875
44752.2265625
43581.005859375
42345.205078125
41083.76171875
39835.091796875
38636.4140625
37523.109375
36528.11328125
35681.357421875
35009.2578125
34534.251953125
34274.43359375
34243.240234375
34449.240234375
34895.98046875
35581.94140625
36500.578125
37640.431640625
38985.341796875
40514.74609375
42204.017578125
44024.927734375
45946.125
47933.6875
49951.72265625
51962.990234375
53929.556640625
55813.455078125
57577.3515625
59185.193359375
60602.84375
61798.677734375
62744.134765625
63414.224609375
63787.958984375
63848.73046875
63584.595703125
62988.5
62058.404296875
60797.322265625
59213.279296875
57319.181640625
55132.59765625
52675.4609375
49973.689453125
47056.76171875
43957.1796875
40709.9453125
37351.927734375
33921.2421875
30456.587890625
26996.58203125
23579.076171875
20240.513671875
17015.294921875
13935.15625
11028.64453125
8320.595703125
5831.70703125
3578.169921875
1571.380859375
-182.2578125
-1681.462890625
-2930.08984375
-3937.0703125
-4716.26171875
-5286.208984375
-5669.80859375
-5893.91796875
-5988.8671875
-5987.9296875
-5926.705078125
-5842.498046875
-5773.62109375
-5758.697265625
-5835.947265625
-6042.462890625
-6413.51171875
-6981.84375
-7777.05859375
-8824.9921875
-10147.17578125
-11760.3671875
-13676.138671875
-15900.556640625
-18433.958984375
-21270.806640625
-24399.63671875
-27803.12890625
-31458.251953125
-35336.50390625
-39404.263671875
-43623.208984375
-47950.83203125
-52341.029296875
-56744.73828125
-61110.654296875
-65385.982421875
-69517.216796875
-73450.94921875
-77134.6875
-80517.65625
-83551.607421875
-86191.572265625
-88396.59375
-90130.380859375
-91361.94140625
-92066.087890625
-92223.90234375
-91823.09375
-90858.25390625
-89331.03125
-87250.173828125
-84631.5
-81497.7265625
-77878.224609375
-73808.65234375
-69330.509765625
-64490.591796875
-59340.361328125
-53935.26171875
-48333.947265625
-42597.48046875
-36788.478515625
-30970.248046875
-25205.880859375
-19557.380859375
-14084.77734375
-8845.28125
-3892.478515625
724.43359375
4961.34375
8779.83984375
12147.755859375
15039.611328125
17436.978515625
19328.705078125
20711.08203125
21587.845703125
21970.123046875
21876.228515625
21331.375
20367.28515625
19021.6796875
17337.724609375
15363.349609375
13150.525390625
10754.47265625
8232.826171875
5644.7578125
3050.08203125
508.359375
-1922.017578125
-4184.6953125
-6226.220703125
-7996.83984375
-9451.25
-10549.3046875
-11256.6015625
-11545.013671875
-11393.134765625
-10786.58984375
-9718.28125
-8188.49609375
-6204.9296875
-3782.57421875
-943.525390625
2283.33203125
5862.734375
9753.544921875
13909.33203125
18279.046875
22807.75390625
27437.4140625
32107.7265625
36757.0
41323.015625
45743.958984375
49959.271484375
53910.537109375
57542.30859375
60802.91015625
63645.1640625
66027.064453125
67912.37109375
69271.126953125
70080.068359375
70322.9609375
69990.810546875
69081.990234375
67602.255859375
65564.650390625
62989.314453125
59903.1953125
56339.658203125
52338.013671875
47942.95703125
43203.94921875
38174.513671875
32911.498046875
27474.30078125
21924.0390625
16322.734375
10732.462890625
5214.533203125
-171.322265625
-5367.7265625
-10320.40234375
-14978.845703125
-19296.9609375
-23233.599609375
-26753.05078125
-29825.423828125
-32426.953125
-34540.201171875
-36154.19921875
-37264.4375
-37872.81640625
-37987.4765625
-37622.544921875
-36797.806640625
-35538.2890625
-33873.783203125
-31838.302734375
-29469.498046875
-26808.0
-23896.783203125
-20780.44921875
-17504.544921875
-14114.859375
-10656.740234375
-7174.427734375
-3710.427734375
-304.923828125
3004.767578125
6184.6640625
9204.548828125
12038.30078125
14664.15625
17064.923828125
19228.0703125
21145.751953125
22814.7734375
24236.453125
25416.416015625
26364.31640625
27093.513671875
27620.658203125
27965.259765625
28149.1875
28196.16015625
28131.197265625
27980.056640625
27768.6875
27522.662109375
27266.646484375
27023.884765625
26815.7265625
26661.17578125
26576.52734375
26575.025390625
26666.59765625
26857.662109375
27150.994140625
27545.6640625
28037.0703125
28617.00390625
29273.828125
29992.693359375
30755.830078125
31542.900390625
32331.396484375
33097.0859375
33814.5
34457.4375
34999.5
35414.6328125
35677.671875
35764.861328125
35654.37890625
35326.818359375
34765.634765625
33957.552734375
32892.90625
31565.9453125
29975.048828125
28122.888671875
26016.51953125
23667.376953125
21091.22265625
18308.00390625
15341.62890625
12219.697265625
8973.140625
5635.81640625
2244.037109375
-1163.947265625
-4548.486328125
-7869.130859375
-11085.224609375
-14156.53125
-17043.83984375
-19709.58203125
-22118.419921875
-24237.8046875
-26038.50390625
-27495.0703125
-28586.271484375
-29295.451171875
-29610.810546875
-29525.638671875
-29038.439453125
-28153.009765625
-26878.41015625
-25228.861328125
-23223.56640625
-20886.451171875
-18245.8359375
-15334.017578125
-12186.822265625
-8843.078125
-5344.04296875
-1732.802734375
1946.3671875
5648.65234375
9329.369140625
12944.623046875
16451.95703125
19810.986328125
22983.986328125
25936.443359375
28637.564453125
31060.71484375
33183.798828125
34989.56640625
36465.8359375
37605.65625
38407.353515625
38874.54296875
39016.00390625
38845.5078125
38381.564453125
37647.083984375
36668.96875
35477.66796875
34106.640625
32591.8046875
30970.9296875
29283.013671875
27567.63671875
25864.310546875
24211.837890625
22647.671875
21207.3125
19923.7421875
18826.88671875
17943.14453125
17294.9765625
16900.544921875
16773.4375
16922.48046875
17351.595703125
18059.77734375
19041.1171875
20284.939453125
21775.9921875
23494.720703125
25417.62109375
27517.63671875
29764.638671875
32125.931640625
34566.810546875
37051.1640625
39542.0703125
42002.427734375
44395.576171875
46685.919921875
48839.525390625
50824.677734375
52612.4375
54177.099609375
55496.640625
56553.08984375
57332.826171875
57826.8046875
58030.72265625
57945.08984375
57575.224609375
56931.166015625
56027.537109375
54883.2734375
53521.345703125
51968.369140625
50254.1796875
48411.333984375
46474.583984375
44480.3125
42465.919921875
40469.22265625
38527.8203125
36678.478515625
34956.50390625
33395.17578125
32025.173828125
30874.056640625
29965.7890625
29320.345703125
28953.3203125
28875.671875
29093.482421875
29607.833984375
30414.73828125
31505.146484375
32865.04296875
34475.625
36313.53125
38351.15625
40557.0390625
42896.28515625
45331.064453125
47821.150390625
50324.4765625
52797.751953125
55197.076171875
57478.5625
59598.974609375
61516.34375
63190.578125
64584.037109375
65662.06640625
66393.51171875
66751.158203125
66712.126953125
66258.203125
65376.119140625
64057.732421875
62300.158203125
60105.830078125
57482.47265625
54443.013671875
51005.416015625
47192.466796875
43031.458984375
38553.861328125
33794.90625
28793.134765625
23589.916015625
18228.919921875
12755.56640625
7216.45703125
1658.806640625
-3870.140625
-9323.671875
-14656.169921875
-19823.640625
-24784.216796875
-29498.638671875
-33930.669921875
-38047.4921875
-41820.03125
-45223.244140625
-48236.3359375
-50842.935546875
-53031.1953125
-54793.84375
-56128.173828125
-57035.978515625
-57523.42578125
-57600.896484375
-57282.75
-56587.0703125
-55535.361328125
-54152.201171875
-52464.89453125
-50503.0625
-48298.255859375
-45883.52734375
-43293.013671875
-40561.50390625
-37724.04296875
-34815.50390625
-31870.2109375
-28921.568359375
-26001.71484375
-23141.20703125
-20368.728515625
-17710.849609375
-15191.796875
-12833.28515625
-10654.37109375
-8671.341796875
-6897.6640625
-5343.943359375
-4017.935546875
-2924.578125
-2066.080078125
-1442.009765625
-1049.419921875
-883.017578125
-935.322265625
-1196.857421875
-1656.357421875
-2300.984375
-3116.544921875
-4087.720703125
-5198.291015625
-6431.35546875
-7769.5625
-9195.310546875
-10690.95703125
-12239.005859375
-13822.28125
-15424.08984375
-17028.373046875
-18619.82421875
-20184.0
-21707.419921875
-23177.6328125
-24583.2734375
-25914.103515625
-27161.037109375
-28316.1328125
-29372.607421875
-30324.794921875
-31168.119140625
-31899.052734375
-32515.056640625
-33014.5234375
-33396.701171875
-33661.634765625
-33810.068359375
-33843.380859375
-33763.501953125
-33572.833984375
-33274.171875
-32870.630859375
-32365.572265625
-31762.533203125
-31065.173828125
-30277.21484375
-29402.388671875
-28444.396484375
-27406.87109375
-26293.34765625
-25107.23828125
-23851.82421875
-22530.236328125
-21145.462890625
-19700.341796875
-18197.580078125
-16639.76171875
-15029.37109375
-13368.8125
-11660.435546875
-9906.578125
-8109.576171875
-6271.8203125
-4395.763671875
-2483.986328125
-539.205078125
1435.6875
3437.591796875
5463.169921875
7508.833984375
9570.712890625
11644.646484375
13726.177734375
15810.53125
17892.638671875
19967.125
22028.337890625
24070.353515625
26087.017578125
28071.96875
30018.681640625
31920.51171875
33770.7421875
35562.646484375
37289.54296875
38944.861328125
40522.212890625
42015.447265625
43418.7421875
44726.65234375
45934.1953125
47036.912109375
48030.92578125
48913.01953125
49680.666015625
50332.10546875
50866.349609375
51283.25390625
51583.5078125
51768.669921875
51841.154296875
51804.23828125
51662.021484375
51419.4140625
51082.087890625
50656.41015625
50149.39453125
49568.611328125
48922.115234375
48218.33984375
47466.001953125
46673.990234375
45851.259765625
45006.7109375
44149.07421875
43286.791015625
42427.916015625
41579.9765625
40749.90625
39943.916015625
39167.4296875
38425.001953125
37720.259765625
37055.83984375
36433.373046875
35853.46875
35315.693359375
34818.615234375
34359.814453125
33935.955078125
33542.841796875
33175.5
32828.2890625
32495.00390625
32169.0078125
31843.359375
31510.953125
31164.681640625
30797.572265625
30402.9453125
29974.564453125
29506.78125
28994.669921875
28434.158203125
27822.14453125
27156.58984375
26436.607421875
25662.53125
24835.947265625
23959.72265625
23038.0
22076.177734375
21080.853515625
20059.751953125
19021.62890625
17976.162109375
16933.79296875
15905.580078125
14903.025390625
13937.8828125
13021.94921875
12166.8671875
11383.904296875
10683.73828125
10076.251953125
9570.306640625
9173.5703125
8892.3125
8731.2421875
8693.3671875
8779.857421875
8989.958984375
9320.912109375
9767.916015625
10324.119140625
10980.642578125
11726.638671875
12549.375
13434.365234375
14365.521484375
15325.33203125
16295.087890625
17255.103515625
18184.98828125
19063.92578125
19870.95703125
20585.298828125
21186.640625
21655.466796875
21973.359375
22123.30078125
22089.958984375
21859.974609375
21422.181640625
20767.861328125
19890.9140625
18788.03515625
17458.830078125
15905.900390625
14134.900390625
12154.529296875
9976.5
7615.44921875
5088.828125
2416.720703125
-378.349609375
-3271.662109375
-6236.576171875
-9244.8359375
-12266.900390625
-15272.29296875
-18229.982421875
-21108.76171875
-23877.6328125
-26506.203125
-28965.078125
-31226.234375
-33263.388671875
-35052.3359375
-36571.28515625
-37801.130859375
-38725.73828125
-39332.138671875
-39610.744140625
-39555.458984375
-39163.802734375
-38436.94921875
-37379.73046875
-36000.61328125
-34311.60546875
-32328.125
-30068.833984375
-27555.43359375
-24812.404296875
-21866.744140625
-18747.642578125
-15486.162109375
-12114.865234375
-8667.46484375
-5178.423828125
-1682.580078125
1785.248046875
5190.642578125
8499.96484375
11680.71484375
14701.873046875
17534.232421875
20150.68359375
22526.49609375
24639.546875
26470.52734375
28003.111328125
29224.08984375
30123.4609375
30694.4921875
30933.740234375
30841.03125
30419.416015625
29675.078125
28617.2265625
27257.939453125
25612.001953125
23696.708984375
21531.642578125
19138.455078125
16540.6015625
13763.1015625
10832.255859375
7775.396484375
4620.59765625
1396.419921875
-1868.359375
-5145.00390625
-8405.064453125
-11620.619140625
-14764.494140625
-17810.4765625
-20733.5
-23509.84375
-26117.263671875
-28535.162109375
-30744.69921875
-32728.908203125
-34472.78125
-35963.3515625
-37189.744140625
-38143.224609375
-38817.224609375
-39207.357421875
-39311.41796875
-39129.365234375
-38663.3125
-37917.478515625
-36898.146484375
-35613.615234375
-34074.115234375
-32291.759765625
-30280.4453125
-28055.7578125
-25634.880859375
-23036.482421875
-20280.595703125
-17388.501953125
-14382.583984375
-11286.19140625
-8123.490234375
-4919.30859375
-1698.9609375
1511.9140625
4687.5390625
7802.17578125
10830.32421875
13746.908203125
16527.478515625
19148.400390625
21587.068359375
23822.0859375
25833.46484375
27602.814453125
29113.521484375
30350.912109375
31302.416015625
31957.7109375
32308.8515625
32350.369140625
32079.37890625
31495.626953125
30601.548828125
29402.283203125
27905.662109375
26122.1875
24064.947265625
21749.55078125
19193.994140625
16418.5234375
13445.455078125
10298.9921875
7005.0
3590.765625
84.732421875
-3483.759765625
-7084.775390625
-10688.078125
-14263.4296875
-17780.90625
-21211.1953125
-24525.900390625
-27697.8359375
-30701.30859375
-33512.37109375
-36109.083984375
-38471.72265625
-40582.98046875
-42428.142578125
-43995.21875
-45275.044921875
-46261.36328125
-46950.859375
-47343.162109375
-47440.8046875
-47249.17578125
-46776.40234375
-46033.22265625
-45032.8203125
-43790.6484375
-42324.18359375
-40652.72265625
-38797.103515625
-36779.443359375
-34622.845703125
-32351.130859375
-29988.513671875
-27559.33984375
-25087.775390625
-22597.541015625
-20111.634765625
-17652.0859375
-15239.720703125
-12893.9375
-10632.537109375
-8471.546875
-6425.08203125
-4505.25
-2722.056640625
-1083.369140625
405.103515625
1739.822265625
2919.353515625
3944.328125
4817.349609375
5542.880859375
6127.12109375
6577.865234375
6904.328125
7116.998046875
7227.435546875
7248.091796875
7192.130859375
7073.232421875
6905.404296875
6702.810546875
6479.58984375
6249.6953125
6026.74609375
5823.876953125
5653.619140625
5527.7890625
5457.390625
5452.52734375
5522.3515625
5674.98828125
5917.5234375
6255.958984375
6695.21484375
7239.1171875
7890.408203125
8650.767578125
9520.830078125
10500.21875
11587.568359375
12780.572265625
14076.01171875
15469.79296875
16956.986328125
18531.857421875
20187.9140625
21917.927734375
23713.96875
25567.439453125
27469.095703125
29409.087890625
31376.986328125
33361.8046875
35352.044921875
37335.73046875
39300.44921875
41233.400390625
43121.4453125
44951.17578125
46708.98828125
48381.150390625
49953.9140625
51413.591796875
52746.6796875
53939.978515625
54980.724609375
55856.7109375
56556.451171875
57069.32421875
57385.71484375
57497.181640625
57396.611328125
57078.357421875
56538.3984375
55774.45703125
54786.14453125
53575.04296875
52144.828125
50501.3125
48652.515625
46608.67578125
44382.251953125
41987.892578125
39442.37109375
36764.501953125
33975.005859375
31096.375
28152.66796875
25169.31640625
22172.876953125
19190.763671875
16250.97265625
13381.76953125
10611.3671875
7967.607421875
5477.607421875
3167.435546875
1061.76171875
-816.455078125
-2446.294921875
-3809.162109375
-4889.072265625
-5672.87890625
-6150.501953125
-6315.099609375
-6163.197265625
-5694.798828125
-4913.416015625
-3826.091796875
-2443.33203125
-779.037109375
1149.662109375
3322.57421875
5716.6953125
8306.470703125
11064.10546875
13959.927734375
16962.740234375
20040.24609375
23159.4453125
26287.08203125
29390.07421875
32435.947265625
35393.27734375
38232.0859375
40924.265625
43443.921875
45767.72265625
47875.193359375
49748.98828125
51375.080078125
52742.935546875
53845.619140625
54679.841796875
55245.96484375
55547.939453125
55593.189453125
55392.44921875
54959.546875
54311.13671875
53466.392578125
52446.669921875
51275.1171875
49976.28125
48575.68359375
47099.3828125
45573.533203125
44023.95703125
42475.703125
40952.646484375
39477.091796875
38069.421875
36747.767578125
35527.74609375
34422.20703125
33441.064453125
32591.162109375
31876.201171875
31296.720703125
30850.14453125
30530.869140625
30330.4375
30237.712890625
30239.158203125
30319.119140625
30460.166015625
30643.458984375
30849.154296875
31056.8046875
31245.798828125
31395.787109375
31487.119140625
31501.244140625
31421.13671875
31231.646484375
30919.85546875
30475.375
29890.6015625
29160.939453125
28284.9375
27264.400390625
26104.43359375
24813.41015625
23402.8984375
21887.533203125
20284.802734375
18614.810546875
16899.970703125
15164.666015625
13434.859375
11737.673828125
10100.943359375
8552.7578125
7120.9765625
5832.748046875
4714.041015625
3789.169921875
3080.36328125
2607.345703125
2386.95703125
2432.818359375
2755.037109375
3359.98828125
4250.111328125
5423.818359375
6875.421875
8595.16015625
10569.259765625
12780.08203125
15206.328125
17823.287109375
20603.169921875
23515.4609375
26527.337890625
29604.115234375
32709.736328125
35807.26171875
38859.408203125
41829.068359375
44679.8359375
47376.537109375
49885.716796875
52176.1328125
54219.19140625
55989.357421875
57464.51171875
58626.26953125
59460.224609375
59956.150390625
60108.130859375
59914.6328125
59378.505859375
58506.923828125
57311.267578125
55806.931640625
54013.087890625
51952.392578125
49650.638671875
47136.375
44440.482421875
41595.71875
38636.25
35597.1640625
32513.962890625
29422.080078125
26356.388671875
23350.734375
20437.47265625
17647.072265625
15007.7109375
12544.935546875
10281.37109375
8236.462890625
6426.28125
4863.369140625
3556.671875
2511.47265625
1729.44921875
1208.7109375
943.951171875
926.60546875
1145.0703125
1584.94921875
2229.365234375
3059.25
4053.708984375
5190.361328125
6445.72265625
7795.5703125
9215.314453125
10680.373046875
12166.509765625
13650.177734375
15108.826171875
16521.177734375
17867.4921875
19129.7734375
20291.955078125
21340.05078125
22262.2421875
23048.96484375
23692.923828125
24189.080078125
24534.625
24728.873046875
24773.185546875
24670.8046875
24426.71875
24047.4765625
23540.98828125
22916.33984375
22183.5703125
21353.46484375
20437.35546875
19446.91015625
18393.9453125
17290.25
16147.41796875
14976.716796875
13788.951171875
12594.375
11402.60546875
10222.56640625
9062.46875
7929.791015625
6831.29296875
5773.0390625
4760.462890625
3798.41015625
2891.224609375
2042.826171875
1256.794921875
536.4765625
-114.9453125
-694.345703125
-1198.591796875
-1624.466796875
-1968.59765625
-2227.439453125
-2397.208984375
-2473.90625
-2453.296875
-2330.9453125
-2102.251953125
-1762.52734375
-1307.04296875
-731.15234375
-30.375
799.47265625
1762.162109375
2860.908203125
4098.25
5475.8984375
6994.619140625
8654.10546875
10452.86328125
12388.109375
14455.689453125
16650.015625
18964.01953125
21389.134765625
23915.3046875
26531.0
29223.29296875
31977.935546875
34779.46875
37611.357421875
40456.146484375
43295.66015625
46111.181640625
48883.6796875
51594.037109375
54223.294921875
56752.892578125
59164.919921875
61442.359375
63569.326171875
65531.294921875
67315.30859375
68910.18359375
70306.66796875
71497.591796875
72477.9921875
73245.185546875
73798.830078125
74140.943359375
74275.88671875
74210.30859375
73953.060546875
73515.076171875
72909.216796875
72150.087890625
71253.830078125
70237.873046875
69120.697265625
67921.53125
66660.09375
65356.275390625
64029.85546875
62700.201171875
61385.966796875
60104.828125
58873.20703125
57706.03515625
56616.52734375
55615.98828125
54713.654296875
53916.5625
53229.458984375
52654.732421875
52192.4140625
51840.18359375
51593.431640625
51445.345703125
51387.0625
51407.80859375
51495.1015625
51634.978515625
51812.232421875
52010.673828125
52213.416015625
52403.15625
52562.48046875
52674.1484375
52721.384765625
52688.162109375
52559.47265625
52321.564453125
51962.181640625
51470.7578125
50838.580078125
50058.9453125
49127.248046875
48041.0625
46800.158203125
45406.515625
43864.275390625
42179.654296875
40360.845703125
38417.869140625
36362.400390625
34207.5625
31967.728515625
29658.25
27295.2265625
24895.224609375
22475.01953125
20051.318359375
17640.494140625
15258.330078125
12919.775390625
10638.716796875
8427.78125
6298.1484375
4259.396484375
2319.390625
484.19140625
-1242.01171875
-2856.8984375
-4360.0234375
-5752.755859375
-7038.1953125
-8221.05859375
-9307.541015625
-10305.134765625
-11222.4375
-12068.935546875
-12854.779296875
-13590.525390625
-14286.900390625
-14954.53515625
-15603.720703125
-16244.1640625
-16884.75
-17533.326171875
-18196.5078125
-18879.50390625
-19585.96875
-20317.884765625
-21075.494140625
-21857.224609375
-22659.705078125
-23477.771484375
-24304.541015625
-25131.49609375
-25948.63671875
-26744.625
-27507.0
-28222.39453125
-28876.787109375
-29455.763671875
-29944.814453125
-30329.623046875
-30596.36328125
-30732.0234375
-30724.677734375
-30563.798828125
-30240.515625
-29747.87890625
-29081.091796875
-28237.701171875
-27217.771484375
-26024.021484375
-24661.90234375
-23139.654296875
-21468.310546875
-19661.650390625
-17736.12109375
-15710.69140625
-13606.681640625
-11447.54296875
-9258.5859375
-7066.6875
-4899.955078125
-2787.35546875
-758.33203125
1157.607421875
2931.3203125
4534.453125
5939.87890625
7122.1328125
8057.822265625
8726.029296875
9108.6953125
9190.966796875
8961.50390625
8412.75
7541.16796875
6347.412109375
4836.44921875
3017.62109375
904.66796875
-1484.34375
-4127.115234375
-6997.296875
-10064.7265625
-13295.701171875
-16653.333984375
-20097.9453125
-23587.4921875
-27078.06640625
-30524.392578125
-33880.3828125
-37099.70703125
-40136.36328125
-42945.279296875
-45482.890625
-47707.72265625
-49580.962890625
-51066.994140625
-52133.89453125
-52753.923828125
-52903.931640625
-52565.73828125
-51726.439453125
-50378.669921875
-48520.76953125
-46156.916015625
-43297.15234375
-39957.359375
-36159.15234375
-31929.69140625
-27301.439453125
-22311.818359375
-17002.849609375
-11420.669921875
-5615.046875
361.189453125
6452.75390625
12602.5390625
18752.275390625
24843.23828125
30816.927734375
36615.76953125
42183.81640625
47467.4140625
52415.849609375
56981.974609375
61122.76171875
64799.83984375
67979.95703125
70635.37109375
72744.181640625
74290.595703125
75265.087890625
75664.51171875
75492.115234375
74757.462890625
73476.29296875
71670.291015625
69366.77734375
66598.341796875
63402.380859375
59820.607421875
55898.478515625
51684.587890625
47230.02734375
42587.697265625
37811.625
32956.240234375
28075.689453125
23223.119140625
18450.0078125
13805.51171875
9335.849609375
5083.740234375
1087.890625
-2617.4609375
-6002.919921875
-9044.259765625
-11722.64453125
-14024.791015625
-15943.0390625
-17475.34375
-18625.1875
-19401.40234375
-19817.93359375
-19893.5078125
-19651.25
-19118.240234375
-18324.998046875
-17304.935546875
-16093.77734375
-14728.9375
-13248.876953125
-11692.46875
-10098.349609375
-8504.28125
-6946.546875
-5459.35546875
-4074.306640625
-2819.888671875
-1721.03515625
-798.7421875
-69.759765625
453.65625
763.91015625
858.150390625
738.291015625
410.9296875
-112.7890625
-817.396484375
-1683.390625
-2687.6015625
-3803.599609375
-5002.173828125
-6251.845703125
-7519.42578125
-8770.59375
-9970.501953125
-11084.384765625
-12078.1640625
-12919.05859375
-13576.146484375
-14020.921875
-14227.80859375
-14174.60546875
-13842.9140625
-13218.478515625
-12291.45703125
-11056.642578125
-9513.599609375
-7666.716796875
-5525.18359375
-3102.91015625
-418.345703125
2505.759765625
5642.669921875
8962.0390625
12430.333984375
16011.333984375
19666.642578125
23356.255859375
27039.140625
30673.84765625
34219.10546875
37634.439453125
40880.748046875
43920.888671875
46720.205078125
49247.03125
51473.142578125
53374.16015625
54929.8828125
56124.56640625
56947.123046875
57391.26171875
57455.548828125
57143.39453125
56462.96484375
55427.029296875
54052.740234375
52361.33984375
50377.822265625
48130.53515625
45650.732421875
42972.1015625
40130.248046875
37162.171875
34105.71484375
30999.015625
27879.970703125
24785.70703125
21752.06640625
18813.126953125
16000.775390625
13344.287109375
10869.994140625
8600.97265625
6556.814453125
4753.439453125
3202.982421875
1913.72265625
890.099609375
132.771484375
-361.26171875
-598.490234375
-588.65234375
-344.490234375
118.578125
782.791015625
1628.41015625
2634.10546875
3777.35546875
5034.845703125
6382.865234375
7797.69921875
9256.001953125
10735.142578125
12213.53515625
13670.91796875
15088.615234375
16449.74609375
17739.396484375
18944.74609375
20055.140625
21062.142578125
21959.513671875
22743.1640625
23411.078125
23963.169921875
24401.1484375
24728.32421875
24949.40625
25070.28125
25097.783203125
25039.458984375
24903.318359375
24697.6171875
24430.62890625
24110.4296875
23744.732421875
23340.705078125
22904.841796875
22442.861328125
21959.623046875
21459.0859375
20944.30078125
20417.421875
19879.765625
19331.884765625
18773.6640625
18204.466796875
17623.25390625
17028.75390625
16419.630859375
15794.65234375
15152.8515625
14493.705078125
13817.279296875
13124.3671875
12416.603515625
11696.572265625
10967.85546875
10235.08203125
9503.9375
8781.123046875
8074.298828125
7391.9921875
6743.462890625
6138.5546875
5587.4921875
5100.681640625
4688.478515625
4360.93359375
4127.537109375
3996.947265625
3976.744140625
4073.15625
4290.822265625
4632.57421875
5099.2265625
5689.41015625
6399.4453125
7223.236328125
8152.232421875
9175.412109375
10279.33984375
11448.25390625
12664.205078125
13907.267578125
15155.765625
16386.568359375
17575.41015625
18697.255859375
19726.705078125
20638.390625
21407.427734375
22009.857421875
22423.09375
22626.35546875
22601.095703125
22331.4140625
21804.404296875
21010.51171875
19943.79296875
18602.169921875
16987.5859375
15106.123046875
12968.04296875
10587.759765625
7983.73828125
5178.322265625
2197.490234375
-929.447265625
-4170.23046875
-7490.0859375
-10852.205078125
-14218.294921875
-17549.13671875
-20805.1953125
-23947.240234375
-26936.98046875
-29737.6875
-32314.814453125
-34636.591796875
-36674.5859375
-38404.22265625
-39805.228515625
-40862.056640625
-41564.197265625
-41906.43359375
-41889.00390625
-41517.6953125
-40803.810546875
-39764.08203125
-38420.46875
-36799.873046875
-34933.76171875
-32857.71875
-30610.912109375
-28235.494140625
-25775.9453125
-23278.37109375
-20789.75390625
-18357.1875
-16027.1015625
-13844.4609375
-11852.021484375
-10089.5703125
-8593.2265625
-7394.787109375
-6521.1484375
-5993.771484375
-5828.255859375
-6034.00390625
-6613.96875
-7564.509765625
-8875.36328125
-10529.7109375
-12504.37109375
-14770.064453125
-17291.830078125
-20029.501953125
-22938.28125
-25969.41015625
-29070.892578125
-32188.29296875
-35265.572265625
-38245.96484375
-41072.8828125
-43690.791015625
-46046.13671875
-48088.1875
-49769.884765625
-51048.619140625
-51886.939453125
-52253.21484375
-52122.169921875
-51475.353515625
-50301.494140625
-48596.7421875
-46364.80078125
-43616.943359375
-40371.900390625
-36655.650390625
-32501.078125
-27947.5390625
-23040.31640625
-17829.984375
-12371.697265625
-6724.396484375
-949.96484375
4887.65234375
10723.37890625
16491.947265625
22128.81640625
27571.119140625
32758.53125
37634.140625
42145.234375
46244.021484375
49888.2890625
53041.943359375
55675.478515625
57766.322265625
59299.083984375
60265.685546875
60665.373046875
60504.62890625
59796.955078125
58562.568359375
56827.9921875
54625.54296875
51992.74609375
48971.689453125
45608.294921875
41951.5546875
38052.73046875
33964.54296875
29740.33203125
25433.25
21095.455078125
16777.349609375
12526.869140625
8388.810546875
4404.251953125
610.02734375
-2961.68359375
-6283.71875
-9334.1640625
-12096.49609375
-14559.646484375
-16717.939453125
-18570.955078125
-20123.29296875
-21384.2578125
-22367.46484375
-23090.373046875
-23573.767578125
-23841.185546875
-23918.314453125
-23832.359375
-23611.3984375
-23283.734375
-22877.271484375
-22418.900390625
-21933.923828125
-21445.53515625
-20974.33203125
-20537.919921875
-20150.5546875
-19822.890625
-19561.791015625
-19370.216796875
-19247.220703125
-19188.001953125
-19184.04296875
-19223.3515625
-19290.73828125
-19368.1796875
-19435.2421875
-19469.546875
-19447.283203125
-19343.736328125
-19133.869140625
-18792.873046875
-18296.7421875
-17622.82421875
-16750.359375
-15660.96875
-14339.111328125
-12772.49609375
-10952.40625
-8874.001953125
-6536.51171875
-3943.375
-1102.294921875
1974.77734375
5271.744140625
8768.53125
12441.328125
16262.9140625
20203.013671875
24228.7421875
28305.0703125
32395.34765625
36461.845703125
40466.3125
44370.56640625
48137.056640625
51729.42578125
55113.0625
58255.619140625
61127.482421875
63702.208984375
65956.90625
67872.55859375
69434.283203125
70631.517578125
71458.15234375
71912.56640625
71997.638671875
71720.625
71093.03125
70130.37890625
68851.947265625
67280.421875
65441.548828125
63363.697265625
61077.42578125
58615.013671875
56009.978515625
53296.5859375
50509.373046875
47682.6484375
44850.056640625
42044.13671875
39295.916015625
36634.55078125
34086.994140625
31677.73828125
29428.56640625
27358.40234375
25483.158203125
23815.701171875
22365.8046875
21140.1875
20142.607421875
19373.970703125
18832.490234375
18513.890625
18411.626953125
18517.125
18820.060546875
19308.6171875
19969.7734375
20789.580078125
21753.4296875
22846.318359375
24053.08203125
25358.623046875
26748.115234375
28207.15625
29721.923828125
31279.287109375
32866.880859375
34473.1640625
36087.44140625
37699.8515625
39301.3515625
40883.6640625
42439.19921875
43960.984375
45442.57421875
46877.939453125
48261.3828125
49587.439453125
50850.791015625
52046.1875
53168.3828125
54212.08984375
55171.962890625
56042.5859375
56818.48828125
57494.19140625
58064.2734375
58523.447265625
58866.66796875
59089.248046875
59187.00390625
59156.384765625
58994.634765625
58699.9375
58271.57421875
57710.052734375
57017.251953125
56196.521484375
55252.7734375
54192.55078125
53024.0625
51757.177734375
50403.40234375
48975.8046875
47488.90234375
45958.529296875
44401.6484375
42836.126953125
41280.501953125
39753.689453125
38274.689453125
36862.26171875
35534.580078125
34308.919921875
33201.275390625
32226.044921875
31395.71484375
30720.53125
30208.248046875
29863.8828125
29689.51171875
29684.12109375
29843.513671875
30160.263671875
30623.73046875
31220.134765625
31932.71484375
32741.9140625
33625.65625
34559.6640625
35517.8359375
36472.6875
37395.802734375
38258.34765625
39031.61328125
39687.5546875
40199.365234375
40542.017578125
40692.837890625
40632.00390625
40343.05859375
39813.34375
39034.412109375
38002.345703125
36718.025390625
35187.322265625
33421.19921875
31435.7265625
29252.0
26895.984375
24398.248046875
21793.619140625
19120.744140625
16421.572265625
13740.765625
11125.037109375
8622.4375
6281.591796875
4150.90625
2277.751953125
707.640625
-516.591796875
-1355.58203125
-1774.197265625
-1742.251953125
-1235.1484375
-234.458984375
1271.587890625
3287.720703125
5811.337890625
8832.330078125
12333.033203125
16288.2890625
20665.640625
25425.638671875
30522.27734375
35903.529296875
41512.013671875
47285.744140625
53158.95703125
59063.037109375
64927.4921875
70680.974609375
76252.337890625
81571.705078125
86571.52734375
91187.630859375
95360.220703125
99034.830078125
102163.193359375
104704.0390625
106623.783203125
107897.087890625
108507.337890625
108446.9375
107717.505859375
106329.90234375
104304.125
101669.0546875
98462.0546875
94728.447265625
90520.849609375
85898.39453125
80925.841796875
75672.6015625
70211.67578125
64618.546875
58970.015625
53343.01171875
47813.412109375
42454.869140625
37337.677734375
32527.677734375
28085.2578125
24064.419921875
20511.966796875
17466.80078125
14959.345703125
13011.115234375
11634.435546875
10832.298828125
10598.39453125
10917.27734375
11764.685546875
13108.021484375
14906.951171875
17114.134765625
19676.09375
22534.126953125
25625.376953125
28883.900390625
32241.833984375
35630.556640625
38981.873046875
42229.19140625
45308.642578125
48160.1796875
50728.5859375
52964.40625
54824.76171875
56274.056640625
57284.560546875
57836.83984375
57920.046875
57532.060546875
56679.474609375
55377.41796875
53649.2578125
51526.125
49046.318359375
46254.59375
43201.333984375
39941.603515625
36534.162109375
33040.37890625
29523.12890625
26045.646484375
22670.392578125
19457.921875
16465.80078125
13747.57421875
11351.802734375
9321.19140625
7691.8359375
6492.564453125
5744.4375
5460.353515625
5644.83984375
6293.947265625
7395.337890625
8928.4921875
10865.068359375
13169.41015625
15799.166015625
18706.044921875
21836.654296875
25133.455078125
28535.755859375
31980.791015625
35404.818359375
38744.23046875
41936.685546875
44922.171875
47644.076171875
50050.166015625
52093.48828125
53733.201171875
54935.267578125
55673.052734375
55927.7734375
55688.822265625
54953.951171875
53729.287109375
52029.236328125
49876.220703125
47300.27734375
44338.552734375
41034.634765625
37437.8125
33602.224609375
29585.9296875
25449.9140625
21257.05078125
17071.0390625
12955.326171875
8972.0546875
5181.0078125
1638.64453125
-1602.8359375
-4496.33203125
-7000.591796875
-9080.859375
-10709.388671875
-11865.85546875
-12537.62109375
-12719.86328125
-12415.580078125
-11635.443359375
-10397.537109375
-8726.94921875
-6655.271484375
-4219.970703125
-1463.67578125
1566.626953125
4820.44921875
8244.728515625
11784.76171875
15385.1875
18990.939453125
22548.201171875
26005.30859375
29313.619140625
32428.30078125
35309.046875
37920.693359375
40233.75
42224.8046875
43876.80859375
45179.26171875
46128.251953125
46726.390625
46982.6171875
46911.900390625
46534.822265625
45877.07421875
44968.8515625
43844.193359375
42540.24609375
41096.478515625
39553.884765625
37954.1484375
36338.81640625
34748.4921875
33222.060546875
31795.953125
30503.470703125
29374.19140625
28433.4453125
27701.890625
27195.1875
26923.77734375
26892.765625
27101.91796875
27545.763671875
28213.806640625
29090.828125
30157.294921875
31389.841796875
32761.8359375
34243.998046875
35805.07421875
37412.552734375
39033.3828125
40634.7265625
42184.673828125
43652.958984375
45011.62890625
46235.658203125
47303.513671875
48197.630859375
48904.822265625
49416.578125
49729.28125
49844.322265625
49768.09375
49511.908203125
49091.779296875
48528.140625
47845.4375
47071.6640625
46237.802734375
45377.208984375
44524.931640625
43717.015625
42989.751953125
42378.93359375
41919.10546875
41642.837890625
41580.025390625
41757.236328125
42197.119140625
42917.8828125
43932.845703125
45250.08984375
46872.2109375
48796.15234375
51013.17578125
53508.91796875
56263.5546875
59252.091796875
62444.7265625
65807.330078125
69301.99609375
72887.677734375
76520.888671875
80156.451171875
83748.2734375
87250.18359375
90616.73046875
93804.01953125
96770.484375
99477.669921875
101890.91796875
103980.037109375
105719.84765625
107090.681640625
108078.763671875
108676.5
108882.646484375
108702.37109375
108147.2109375
107234.900390625
105989.087890625
104438.95703125
102618.7421875
100567.146484375
98326.6796875
95942.93359375
93463.7890625
90938.58203125
88417.2421875
85949.421875
83583.611328125
81366.2890625
79341.099609375
77548.0625
76022.875
74796.2578125
73893.40625
73333.51953125
73129.4609375
73287.494140625
73807.171875
74681.30859375
75896.099609375
77431.33203125
79260.724609375
81352.375
83669.29296875
86170.04296875
88809.44140625
91539.353515625
94309.5
97068.353515625
99764.013671875
102345.11328125
104761.71875
106966.197265625
108914.05078125
110564.697265625
111882.189453125
112835.8515625
113400.82421875
113558.5234375
113296.982421875
112611.08984375
111502.697265625
109980.63671875
108060.603515625
105764.919921875
103122.208984375
100166.951171875
96938.935546875
93482.66015625
89846.61328125
86082.51953125
82244.537109375
78388.396484375
74570.54296875
70847.259765625
67273.806640625
63903.55859375
60787.2265625
57972.083984375
55501.271484375
53413.18359375
51740.9296875
50511.884765625
49747.34375
49462.275390625
49665.181640625
50358.064453125
51536.49609375
53189.802734375
55301.333984375
57848.822265625
60804.85546875
64137.388671875
67810.349609375
71784.28125
76017.05078125
80464.546875
85081.45703125
89821.9765625
94640.57421875
99492.689453125
104335.421875
109128.171875
113833.21875
118416.23828125
122846.7578125
127098.509765625
131149.73046875
134983.3515625
138587.109375
141953.56640625
145080.0390625
147968.45703125
150625.12890625
153060.423828125
155288.419921875
157326.46484375
159194.6953125
160915.517578125
162513.064453125
164012.62890625
165440.080078125
166821.3125
168181.669921875
169545.43359375
170935.314453125
172371.998046875
173873.755859375
175456.083984375
177131.431640625
178908.9765625
180794.494140625
182790.275390625
184895.125
187104.439453125
189410.33984375
191801.876953125
194265.29296875
196784.341796875
199340.64453125
201914.10546875
204483.326171875
207026.083984375
209519.775390625
211941.90625
214270.552734375
216484.80859375
218565.224609375
220494.19921875
222256.337890625
223838.78125
225231.458984375
226427.314453125
227422.44921875
228216.22265625
228811.2890625
229213.568359375
229432.16015625
229479.197265625
229369.65234375
229121.095703125
228753.392578125
228288.375
227749.490234375
227161.3984375
226549.580078125
225939.912109375
225358.26171875
224830.0546875
224379.8984375
224031.177734375
223805.716796875
223723.447265625
223802.123046875
224057.072265625
224500.990234375
225143.79296875
225992.50390625
227051.197265625
228320.982421875
229800.0546875
231483.763671875
233364.75390625
235433.123046875
237676.619140625
240080.884765625
242629.6953125
245305.255859375
248088.470703125
250959.25390625
253896.828125
256880.01953125
259887.55078125
262898.3203125
265891.654296875
268847.5546875
271746.900390625
274571.64453125
277304.96875
279931.412109375
282436.958984375
284809.115234375
287036.947265625
289111.07421875
291023.673828125
292768.41796875
294340.43359375
295736.21484375
296953.537109375
297991.359375
298849.71484375
299529.619140625
300032.94921875
300362.365234375
300521.216796875
300513.4609375
300343.615234375
300016.697265625
299538.205078125
298914.107421875
298150.849609375
297255.36328125
296235.12890625
295098.20703125
293853.3125
292509.880859375
291078.142578125
289569.2109375
287995.134765625
286368.990234375
284704.923828125
283018.19921875
281325.212890625
279643.51171875
277991.755859375
276389.673828125
274857.984375
273418.28125
272092.888671875
270904.685546875
269876.900390625
269032.876953125
268395.802734375
267988.423828125
267832.732421875
267949.638671875
268358.638671875
269077.4609375
270121.73046875
271504.619140625
273236.533203125
275324.796875
277773.373046875
280582.62109375
283749.07421875
287265.283203125
291119.69140625
295296.572265625
299776.025390625
304534.01171875
309542.48828125
314769.568359375
320179.7578125
325734.259765625
331391.32421875
337106.66015625
342833.900390625
348525.095703125
354131.27734375
359603.017578125
364891.029296875
369946.794921875
374723.169921875
379175.017578125
383259.798828125
386938.166015625
390174.515625
392937.4921875
395200.470703125
396941.947265625
398145.896484375
398802.0390625
398906.0546875
398459.69921875
397470.845703125
395953.439453125
393927.388671875
391418.341796875
388457.41015625
385080.806640625
381329.390625
377248.197265625
372885.85546875
368293.98046875
363526.529296875
358639.103515625
353688.25390625
348730.74609375
343822.8515625
339019.623046875
334374.20703125
329937.185546875
325755.94140625
321874.095703125
318330.97265625
315161.169921875
312394.158203125
310053.984375
308159.03515625
306721.912109375
305749.359375
305242.29296875
305195.91015625
305599.87890625
306438.609375
307691.578125
309333.75
311336.021484375
313665.744140625
316287.271484375
319162.546875
322251.712890625
325513.72265625
328906.97265625
332389.9140625
335921.646484375
339462.490234375
342974.525390625
346422.080078125
349772.169921875
352994.900390625
356063.7578125
358955.904296875
361652.3359375
364138.02734375
366401.95703125
368437.109375
370240.361328125
371812.349609375
373157.251953125
374282.51171875
375198.525390625
375918.28515625
376456.98046875
376831.580078125
377060.388671875
377162.59765625
377157.841796875
377065.74609375
376905.494140625
376695.4296875
376452.67578125
376192.7890625
375929.46484375
375674.283203125
375436.501953125
375222.91796875
375037.755859375
374882.646484375
374756.634765625
374656.25
374575.64453125
374506.740234375
374439.470703125
374362.02734375
374261.1484375
374122.44921875
373930.75390625
373670.453125
373325.87890625
372881.65234375
372323.0625
371636.390625
370809.25390625
369830.900390625
368692.466796875
367387.234375
365910.8046875
364261.25390625
362439.2421875
360448.0625
358293.66015625
355984.5859375
353531.916015625
350949.119140625
348251.88671875
345457.92578125
342586.708984375
339659.20703125
336697.58984375
333724.90625
330764.76171875
327840.9765625
324977.25390625
322196.84375
319522.232421875
316974.826171875
314574.677734375
312340.23046875
310288.0859375
308432.818359375
306786.814453125
305360.162109375
304160.560546875
303193.302734375
302461.251953125
301964.90625
301702.4609375
301669.93359375
301861.29296875
302268.6484375
302882.439453125
303691.65234375
304684.052734375
305846.435546875
307164.865234375
308624.9296875
310211.986328125
311911.39453125
313708.748046875
315590.06640625
317542.00390625
319551.982421875
321608.35546875
323700.5
325818.90234375
327955.19921875
330102.203125
332253.89453125
334405.3671875
336552.78125
338693.26171875
340824.787109375
342946.068359375
345056.390625
347155.462890625
349243.2578125
351319.845703125
353385.216796875
355439.13671875
357480.98046875
359509.599609375
361523.197265625
363519.2109375
365494.248046875
367444.001953125
369363.220703125
371245.708984375
373084.3125
374870.98828125
376596.845703125
378252.248046875
379826.91796875
381310.07421875
382690.580078125
383957.09765625
385098.28515625
386102.96484375
386960.3203125
387660.080078125
388192.724609375
388549.646484375
388723.337890625
388707.55078125
388497.43359375
388089.6640625
387482.5546875
386676.130859375
385672.189453125
384474.330078125
383087.970703125
381520.30859375
379780.294921875
377878.55078125
375827.275390625
373640.1328125
371332.111328125
368919.373046875
366419.08203125
363849.2265625
361228.42578125
358575.740234375
355910.46875
353251.94921875
350619.373046875
348031.591796875
345506.939453125
343063.06640625
340716.791015625
338483.95703125
336379.314453125
334416.41796875
332607.55078125
330963.6484375
329494.265625
328207.55078125
327110.22265625
326207.6015625
325503.6171875
325000.853515625
324700.595703125
324602.90234375
324706.654296875
325009.642578125
325508.642578125
326199.494140625
327077.181640625
328135.90625
329369.166015625
330769.81640625
332330.146484375
334041.916015625
335896.419921875
337884.51953125
339996.677734375
342222.984375
344553.177734375
346976.650390625
349482.470703125
352059.375
354695.787109375
357379.806640625
360099.23046875
362841.55078125
365593.974609375
368343.455078125
371076.703125
373780.232421875
376440.42578125
379043.57421875
381575.95703125
384023.93359375
386374.02734375
388613.0390625
390728.16796875
392707.130859375
394538.29296875
396210.814453125
397714.791015625
399041.388671875
400182.98828125
401133.328125
401887.61328125
402442.654296875
402796.95703125
402950.810546875
402906.369140625
402667.67578125
402240.71484375
401633.384765625
400855.486328125
399918.66015625
398836.306640625
397623.474609375
396296.716796875
394873.927734375
393374.154296875
391817.375
390224.27734375
388615.9921875
387013.837890625
385439.03515625
383912.439453125
382454.23828125
381083.6796875
379818.798828125
378676.15234375
377670.5703125
376814.93359375
376119.974609375
375594.09765625
375243.244140625
375070.794921875
375077.48046875
375261.37109375
375617.880859375
376139.8203125
376817.48828125
377638.80078125
378589.466796875
379653.197265625
380811.93359375
382046.12109375
383335.009765625
384656.95703125
385989.775390625
387311.056640625
388598.533203125
389830.4140625
390985.734375
392044.67578125
392988.880859375
393801.740234375
394468.64453125
394977.22265625
395317.52734375
395482.1796875
395466.482421875
395268.47265625
394888.951171875
394331.435546875
393602.09375
392709.61328125
391665.03515625
390481.548828125
389174.240234375
387759.8203125
386256.3125
384682.71875
383058.68359375
381404.11328125
379738.826171875
378082.193359375
376452.759765625
374867.919921875
373343.59375
371893.92578125
370531.025390625
369264.734375
368102.451171875
367048.97265625
366106.41796875
365274.171875
364548.89453125
363924.5859375
363392.673828125
362942.203125
362560.005859375
362230.97265625
361938.32421875
361663.94140625
361388.712890625
361092.912109375
360756.5703125
360359.908203125
359883.70703125
359309.732421875
358621.103515625
357802.681640625
356841.392578125
355726.55859375
354450.166015625
353007.095703125
351395.310546875
349616.0
347673.64453125
345576.048828125
343334.310546875
340962.7265625
338478.650390625
335902.283203125
333256.427734375
330566.1875
327858.607421875
325162.3125
322507.0703125
319923.359375
317441.90234375
315093.201171875
312907.048828125
310912.068359375
309135.240234375
307601.474609375
306333.1875
305349.921875
304668.013671875
304300.291015625
304255.83984375
304539.8046875
305153.283203125
306093.2421875
307352.515625
308919.87890625
310780.1640625
312914.443359375
315300.28125
317912.025390625
320721.166015625
323696.71875
326805.671875
330013.451171875
333284.40234375
336582.3203125
339870.951171875
343114.525390625
346278.275390625
349328.921875
352235.173828125
354968.16015625
357501.84375
359813.40625
361883.546875
363696.759765625
365241.537109375
366510.521484375
367500.5859375
368212.849609375
368652.634765625
368829.365234375
368756.375
368450.693359375
367932.7578125
367226.0703125
366356.8203125
365353.458984375
364246.24609375
363066.779296875
361847.478515625
360621.091796875
359420.18359375
358276.626953125
357221.10546875
356282.65625
355488.220703125
354862.22265625
354426.220703125
354198.57421875
354194.171875
354424.212890625
354896.046875
355613.0703125
356574.6875
357776.326171875
359209.521484375
360862.0390625
362718.0859375
364758.53125
366961.21875
369301.287109375
371751.556640625
374282.91015625
376864.751953125
379465.431640625
382052.712890625
384594.251953125
387058.0390625
389412.861328125
391628.755859375
393677.40625
395532.546875
397170.3203125
398569.583984375
399712.212890625
400583.30859375
401171.400390625
401468.572265625
401470.5546875
401176.75390625
400590.234375
399717.6484375
398569.126953125
397158.10546875
395501.130859375
393617.611328125
391529.5390625
389261.17578125
386838.728515625
384289.98046875
381643.931640625
378930.408203125
376179.693359375
373422.12109375
370687.7265625
368005.853515625
365404.822265625
362911.599609375
360551.474609375
358347.8125
356321.7734375
354492.126953125
352875.05859375
351484.02734375
350329.66796875
349419.72265625
348759.001953125
348349.404296875
348189.953125
348276.869140625
348603.685546875
349161.37890625
349938.5390625
350921.5546875
352094.8203125
353440.962890625
354941.091796875
356575.025390625
358321.580078125
360158.802734375
362064.25390625
364015.2578125
365989.154296875
367963.5546875
369916.564453125
371827.021484375
373674.6875
375440.447265625
377106.484375
378656.4296875
380075.49609375
381350.59765625
382470.439453125
383425.583984375
384208.517578125
384813.666015625
385237.4140625
385478.1015625
385535.986328125
385413.216796875
385113.75390625
384643.314453125
384009.2734375
383220.57421875
382287.59765625
381222.05859375
380036.86328125
378745.98046875
377364.28515625
375907.421875
374391.6328125
372833.619140625
371250.365234375
369658.998046875
368076.599609375
366520.083984375
365006.0078125
363550.443359375
362168.81640625
360875.767578125
359685.01953125
358609.248046875
357659.95703125
356847.376953125
356180.35546875
355666.283203125
355310.998046875
355118.7421875
355092.1015625
355231.9765625
355537.564453125
356006.3515625
356634.13671875
357415.0546875
358341.62890625
359404.833984375
360594.1796875
361897.806640625
363302.6015625
364794.330078125
366357.779296875
367976.912109375
369635.037109375
371314.990234375
372999.318359375
374670.4765625
376311.02734375
377903.826171875
379432.251953125
380880.373046875
382233.158203125
383476.66015625
384598.181640625
385586.451171875
386431.76171875
387126.095703125
387663.2578125
388038.9375
388250.8046875
388298.529296875
388183.818359375
387910.396484375
387483.98046875
386912.208984375
386204.568359375
385372.275390625
384428.13671875
383386.39453125
382262.546875
381073.142578125
379835.568359375
378567.814453125
377288.232421875
376015.29296875
374767.318359375
373562.232421875
372417.310546875
371348.916015625
370372.291015625
369501.298828125
368748.232421875
368123.623046875
367636.07421875
367292.11328125
367096.083984375
367050.05859375
367153.787109375
367404.669921875
367797.775390625
368325.884765625
368979.564453125
369747.279296875
370615.5390625
371569.056640625
372590.951171875
373662.978515625
374765.765625
375879.072265625
376982.076171875
378053.654296875
379072.685546875
380018.34765625
380870.408203125
381609.529296875
382217.541015625
382677.7109375
382974.99609375
383096.279296875
383030.56640625
382769.166015625
382305.833984375
381636.890625
380761.30859375
379680.728515625
378399.501953125
376924.634765625
375265.734375
373434.8984375
371446.58203125
369317.43359375
367066.08203125
364712.921875
362279.853515625
359790.01171875
357267.4765625
354736.966796875
352223.53515625
349752.240234375
347347.841796875
345034.48046875
342835.37109375
340772.53125
338866.484375
337136.015625
335597.95703125
334266.970703125
333155.37890625
332273.0390625
331627.228515625
331222.58203125
331061.05859375
331141.943359375
331461.896484375
332015.01171875
332792.951171875
333785.068359375
334978.58203125
336358.78515625
337909.255859375
339612.109375
341448.25
343397.642578125
345439.609375
347553.091796875
349716.955078125
351910.259765625
354112.537109375
356304.048828125
358466.037109375
360580.951171875
362632.638671875
364606.537109375
366489.822265625
368271.525390625
369942.626953125
371496.11328125
372927.0078125
374232.36328125
375411.22265625
376464.556640625
377395.158203125
378207.537109375
378907.751953125
379503.26171875
380002.716796875
380415.775390625
380752.8828125
381025.037109375
381243.5859375
381419.982421875
381565.568359375
381691.357421875
381807.83984375
381924.779296875
382051.04296875
382194.46875
382361.70703125
382558.140625
382787.791015625
383053.28515625
383355.810546875
383695.1484375
384069.6875
384476.498046875
384911.416015625
385369.15625
385843.44921875
386327.19140625
386812.623046875
387291.509765625
387755.33203125
388195.498046875
388603.54296875
388971.330078125
389291.25390625
389556.427734375
389760.861328125
389899.625
389968.9921875
389966.560546875
389891.34765625
389743.865234375
389526.1640625
389241.83203125
388896.0
388495.275390625
388047.67578125
387562.515625
387050.28125
386522.455078125
385991.349609375
385469.88671875
384971.388671875
384509.330078125
384097.09765625
383747.73828125
383473.697265625
383286.572265625
383196.8671875
383213.75390625
383344.8515625
383596.041015625
383971.275390625
384472.439453125
385099.228515625
385849.0625
386717.046875
387695.943359375
388776.212890625
389946.072265625
391191.59765625
392496.869140625
393844.154296875
395214.111328125
396586.048828125
397938.189453125
399247.986328125
400492.43359375
401648.4140625
402693.0546875
403604.083984375
404360.1953125
404941.408203125
405329.41796875
405507.931640625
405462.98046875
405183.2109375
404660.140625
403888.396484375
402865.876953125
401593.9140625
400077.357421875
398324.626953125
396347.712890625
394162.11328125
391786.7421875
389243.751953125
386558.35546875
383758.544921875
380874.810546875
377939.787109375
374987.8828125
372054.8671875
369177.4140625
366392.662109375
363737.7265625
361249.1953125
358962.66796875
356912.240234375
355130.041015625
353645.771484375
352486.26171875
351675.080078125
351232.150390625
351173.43359375
351510.64453125
352251.03125
353397.1953125
354946.974609375
356893.400390625
359224.69921875
361924.3671875
364971.29296875
368339.966796875
372000.712890625
375920.025390625
380060.8984375
384383.255859375
388844.39453125
393399.470703125
398002.017578125
402604.494140625
407158.833984375
411617.01953125
415931.650390625
420056.50390625
423947.087890625
427561.17578125
430859.298828125
433805.216796875
436366.353515625
438514.16796875
440224.494140625
441477.806640625
442259.44921875
442559.775390625
442374.2578125
441703.5
440553.20703125
438934.099609375
436861.7265625
434356.271484375
431442.259765625
428148.25
424506.44140625
420552.27734375
416323.990234375
411862.126953125
407209.041015625
402408.396484375
397504.625
392542.416015625
387566.203125
382619.64453125
377745.15234375
372983.43359375
368373.052734375
363950.052734375
359747.59765625
355795.673828125
352120.82421875
348745.953125
345690.169921875
342968.671875
340592.7265625
338569.646484375
336902.861328125
335592.0078125
334633.09375
334018.67578125
333738.09375
333777.734375
334121.30859375
334750.189453125
335643.71875
336779.5703125
338134.091796875
339682.65625
341400.017578125
343260.646484375
345239.05859375
347310.1171875
349449.322265625
351633.076171875
353838.90625
356045.66796875
358233.724609375
360385.0625
362483.4140625
364514.306640625
366465.109375
368325.033203125
370085.10546875
371738.103515625
373278.498046875
374702.3359375
376007.12109375
377191.69140625
378256.064453125
379201.29296875
380029.294921875
380742.716796875
381344.7734375
381839.1015625
382229.62109375
382520.42578125
382715.66015625
382819.4375
382835.767578125
382768.4921875
382621.2578125
382397.49609375
382100.4296875
381733.080078125
381298.314453125
380798.888671875
380237.505859375
379616.888671875
378939.859375
378209.408203125
377428.787109375
376601.576171875
375731.76953125
374823.8203125
373882.712890625
372913.9921875
371923.79296875
370918.84375
369906.455078125
368894.484375
367891.30078125
366905.685546875
365946.765625
365023.888671875
364146.49609375
363323.986328125
362565.548828125
361880.001953125
361275.6171875
360759.939453125
360339.611328125
360020.1953125
359806.0
359699.93359375
359703.353515625
359815.94140625
360035.609375
360358.408203125
360778.49609375
361288.107421875
361877.55859375
362535.310546875
363248.0390625
364000.74609375
364776.91015625
365558.66015625
366326.998046875
367062.017578125
367743.185546875
368349.619140625
368860.384765625
369254.822265625
369512.865234375
369615.37109375
369544.4453125
369283.765625
368818.8828125
368137.513671875
367229.802734375
366088.5625
364709.478515625
363091.2734375
361235.826171875
359148.26953125
356837.017578125
354313.7421875
351593.33203125
348693.76171875
345635.94140625
342443.498046875
339142.533203125
335761.318359375
332329.95703125
328880.0078125
325444.099609375
322055.48828125
318747.623046875
315553.681640625
312506.115234375
309636.181640625
306973.498046875
304545.607421875
302377.552734375
300491.5
298906.388671875
297637.6171875
296696.7890625
296091.48046875
295825.1015625
295896.791015625
296301.365234375
297029.34765625
298067.05078125
299396.705078125
300996.685546875
302841.7421875
304903.33984375
307150.001953125
309547.728515625
312060.4375
314650.455078125
317279.009765625
319906.76953125
322494.369140625
325002.96484375
327394.76171875
329633.537109375
331685.154296875
333518.03515625
335103.603515625
336416.6953125
337435.90625
338143.896484375
338527.638671875
338578.603515625
338292.88671875
337671.251953125
336719.138671875
335446.5625
333868.001953125
332002.162109375
329871.734375
327503.056640625
324925.744140625
322172.259765625
319277.47265625
316278.12890625
313212.361328125
310119.125
307037.650390625
304006.888671875
301064.9609375
298248.6171875
295592.708984375
293129.71875
290889.291015625
288897.814453125
287178.0703125
285748.908203125
284624.98046875
283816.56640625
283329.419921875
283164.69921875
283318.970703125
283784.265625
284548.1953125
285594.142578125
286901.501953125
288445.9765625
290199.92578125
292132.751953125
294211.33984375
296400.51171875
298663.515625
300962.537109375
303259.20703125
305515.12890625
307692.400390625
309754.10546875
311664.8125
313391.033203125
314901.65234375
316168.326171875
317165.826171875
317872.35546875
318269.79296875
318343.90234375
318084.4765625
317485.427734375
316544.814453125
315264.82421875
313651.689453125
311715.548828125
309470.2734375
306933.21484375
304124.953125
301068.955078125
297791.244140625
294320.01171875
290685.21875
286918.185546875
283051.150390625
279116.849609375
275148.083984375
271177.298828125
267236.173828125
263355.2421875
259563.515625
255888.16796875
252354.21484375
248984.263671875
245798.2890625
242813.4453125
240043.927734375
237500.890625
235192.384765625
233123.365234375
231295.71484375
229708.345703125
228357.306640625
227235.94140625
226335.0859375
225643.2734375
225146.99609375
224830.970703125
224678.404296875
224671.306640625
224790.7890625
225017.365234375
225331.25
225712.658203125
226142.095703125
226600.607421875
227070.05078125
227533.30078125
227974.46484375
228379.0546875
228734.12109375
229028.380859375
229252.291015625
229398.095703125
229459.8515625
229433.400390625
229316.33984375
229107.935546875
228809.041015625
228421.94921875
227950.271484375
227398.76171875
226773.138671875
226079.900390625
225326.12890625
224519.28125
223666.99609375
222776.888671875
221856.359375
220912.419921875
219951.509765625
218979.34765625
218000.798828125
217019.755859375
216039.046875
215060.361328125
214084.212890625
213109.91015625
212135.560546875
211158.109375
210173.380859375
209176.166015625
208160.30859375
207118.833984375
206044.072265625
204927.81640625
203761.48046875
202536.2734375
201243.37109375
199874.10546875
198420.138671875
196873.6484375
195227.48828125
193475.359375
191611.9609375
189633.12109375
187535.919921875
185318.787109375
182981.576171875
180525.623046875
177953.783203125
175270.4296875
172481.44140625
169594.15234375
166617.291015625
163560.89453125
160436.17578125
157255.4140625
154031.771484375
150779.150390625
147511.9921875
144245.0859375
140993.36328125
137771.6796875
134594.611328125
131476.240234375
128429.9375
125468.173828125
122602.32421875
119842.494140625
117197.353515625
114674.001953125
112277.8515625
110012.52734375
107879.80078125
105879.548828125
104009.734375
102266.427734375
100643.84765625
99134.427734375
97728.92578125
96416.54296875
95185.08203125
94021.11328125
92910.18359375
91837.0234375
90785.779296875
89740.26171875
88684.193359375
87601.46875
86476.412109375
85294.044921875
84040.32421875
82702.40234375
81268.83984375
79729.833984375
78077.400390625
76305.55078125
74410.4375
72390.462890625
70246.37109375
67981.298828125
65600.796875
63112.8125
60527.64453125
57857.861328125
55118.17578125
52325.30859375
49497.798828125
46655.798828125
43820.841796875
41015.576171875
38263.498046875
35588.6484375
33015.306640625
30567.681640625
28269.5859375
26144.119140625
24213.34765625
22498.009765625
21017.20703125
19788.1484375
18825.87890625
18143.060546875
17749.765625
17653.310546875
17858.12109375
18365.6328125
19174.2265625
20279.208984375
21672.822265625
23344.3125
25280.009765625
27463.474609375
29875.654296875
32495.09375
35298.169921875
38259.3515625
41351.498046875
44546.146484375
47813.8671875
51124.580078125
54447.921875
57753.583984375
61011.673828125
64193.0546875
67269.67578125
70214.91015625
73003.833984375
75613.521484375
78023.2890625
80214.9140625
82172.828125
83884.267578125
85339.390625
86531.349609375
87456.3359375
88113.57421875
88505.279296875
88636.576171875
88515.390625
88152.287109375
87560.29296875
86754.67578125
85752.70703125
84573.40234375
83237.23046875
81765.814453125
80181.63671875
78507.708984375
76767.263671875
74983.44140625
73178.978515625
71375.92578125
69595.357421875
67857.109375
66179.560546875
64579.392578125
63071.4375
61668.498046875
60381.25
59218.130859375
58185.30859375
57286.642578125
56523.71875
55895.87109375
55400.283203125
55032.0859375
54784.484375
54648.939453125
54615.33203125
54672.16796875
54806.806640625
55005.671875
55254.498046875
55538.5703125
55842.962890625
56152.78125
56453.39453125
56730.642578125
56971.068359375
57162.08984375
57292.1796875
57351.021484375
57329.63671875
57220.494140625
57017.578125
56716.46484375
56314.330078125
55809.96875
55203.763671875
54497.6484375
53695.03515625
52800.724609375
51820.806640625
50762.525390625
49634.16015625
48444.853515625
47204.478515625
45923.453125
44612.591796875
43282.93359375
41945.576171875
40611.5234375
39291.53125
37995.96875
36734.681640625
35516.896484375
34351.09765625
33244.95703125
32205.259765625
31237.859375
30347.63671875
29538.48828125
28813.33203125
28174.1171875
27621.861328125
27156.69140625
26777.904296875
26484.03515625
26272.9375
26141.869140625
26087.5703125
26106.37890625
26194.30078125
26347.126953125
26560.50390625
26830.041015625
27151.376953125
27520.263671875
27932.634765625
28384.650390625
28872.763671875
29393.748046875
29944.72265625
30523.173828125
31126.96484375
31754.3125
32403.798828125
33074.328125
33765.111328125
34475.609375
35205.51171875
35954.666015625
36723.048828125
37510.6953125
38317.64453125
39143.91015625
39989.3984375
40853.875
41736.919921875
42637.8828125
43555.861328125
44489.658203125
45437.76953125
46398.369140625
47369.306640625
48348.09765625
49331.94921875
50317.751953125
51302.123046875
52281.416015625
53251.76171875
54209.103515625
55149.228515625
56067.818359375
56960.490234375
57822.830078125
58650.453125
59439.02734375
60184.33203125
60882.283203125
61528.96875
62120.69140625
62653.9765625
63125.61328125
63532.66796875
63872.48828125
64142.732421875
64341.357421875
64466.638671875
64517.154296875
64491.79296875
64389.748046875
64210.5078125
63953.849609375
63619.841796875
63208.818359375
62721.396484375
62158.45703125
61521.146484375
60810.87890625
60029.34375
59178.50390625
58260.607421875
57278.203125
56234.14453125
55131.619140625
53974.146484375
52765.6171875
51510.29296875
50212.833984375
48878.30859375
47512.203125
46120.443359375
44709.3828125
43285.810546875
41856.943359375
40430.408203125
39014.216796875
37616.74609375
36246.681640625
34912.9765625
33624.8046875
32391.470703125
31222.349609375
30126.796875
29114.056640625
28193.169921875
27372.857421875
26661.421875
26066.638671875
25595.63671875
25254.794921875
25049.62890625
24984.69921875
25063.4921875
25288.36328125
25660.42578125
26179.51953125
26844.12890625
27651.369140625
28596.947265625
29675.1796875
30878.99609375
32199.982421875
33628.423828125
35153.3984375
36762.85546875
38443.73046875
40182.078125
41963.2109375
43771.86328125
45592.357421875
47408.78125
49205.185546875
50965.76953125
52675.076171875
54318.181640625
55880.890625
57349.916015625
58713.0546875
59959.333984375
61079.1640625
62064.474609375
62908.796875
63607.357421875
64157.138671875
64556.9140625
64807.234375
64910.435546875
64870.568359375
64693.33203125
64385.97265625
63957.16015625
63416.833984375
62776.033203125
62046.71875
61241.55078125
60373.685546875
59456.546875
58503.5859375
57528.05078125
56542.763671875
55559.865234375
54590.6328125
53645.240234375
52732.595703125
51860.1484375
51033.765625
50257.595703125
49533.97265625
48863.375
48244.3671875
47673.61328125
47145.908203125
46654.24609375
46189.912109375
45742.619140625
45300.65625
44851.0859375
44379.9453125
43872.478515625
43313.3984375
42687.12890625
41978.111328125
41171.05859375
40251.251953125
39204.826171875
38019.041015625
36682.537109375
35185.603515625
33520.38671875
31681.115234375
29664.263671875
27468.712890625
25095.865234375
22549.7265625
19836.951171875
16966.8515625
13951.376953125
10805.033203125
7544.787109375
4189.92578125
761.873046875
-2716.01171875
-6218.677734375
-9719.646484375
-13191.306640625
-16605.212890625
-19932.423828125
-23143.837890625
-26210.52734375
-29104.095703125
-31797.01953125
-34262.978515625
-36477.193359375
-38416.732421875
-40060.7890625
-41390.974609375
-42391.53515625
-43049.576171875
-43355.22265625
-43301.787109375
-42885.849609375
-42107.3359375
-40969.546875
-39479.142578125
-37646.09375
-35483.59765625
-33007.94921875
-30238.380859375
-27196.87109375
-23907.92578125
-20398.318359375
-16696.8203125
-12833.90625
-8841.43359375
-4752.32421875
-600.216796875
3580.86328125
7756.859375
11894.025390625
15959.255859375
19920.419921875
23746.673828125
27408.763671875
30879.294921875
34133.005859375
37146.990234375
39900.908203125
42377.173828125
44561.087890625
46440.974609375
48008.267578125
49257.556640625
50186.62890625
50796.447265625
51091.126953125
51077.859375
50766.822265625
50171.048828125
49306.28125
48190.798828125
46845.212890625
45292.259765625
43556.552734375
41664.33984375
39643.2265625
37521.912109375
35329.888671875
33097.16015625
30853.943359375
28630.3671875
26456.18359375
24360.46484375
22371.33203125
20515.669921875
18818.859375
17304.5390625
15994.3515625
14907.744140625
14061.755859375
13470.8515625
13146.76171875
13098.3671875
13331.58203125
13849.296875
14651.328125
15734.400390625
17092.173828125
18715.279296875
20591.41015625
22705.41796875
25039.458984375
27573.1640625
30283.83203125
33146.654296875
36134.966796875
39220.51171875
42373.75390625
45564.16796875
48760.5703125
51931.47265625
55045.408203125
58071.294921875
60978.791015625
63738.63671875
66323.0
68705.80859375
70863.0703125
72773.158203125
74417.09765625
75778.802734375
76845.29296875
77606.87109375
78057.27734375
78193.779296875
78017.2421875
77532.140625
76746.537109375
75672.009765625
74323.53125
72719.302734375
70880.55859375
68831.3125
66598.0703125
64209.513671875
61696.13671875
59089.87109375
56423.673828125
53731.111328125
51045.912109375
48401.53125
45830.705078125
43365.005859375
41034.419921875
38866.943359375
36888.18359375
35121.013671875
33585.244140625
32297.3515625
31270.240234375
30513.056640625
30031.052734375
29825.509765625
29893.716796875
30229.00390625
30820.849609375
31655.01171875
32713.75390625
33976.091796875
35418.123046875
37013.357421875
38733.14453125
40547.09375
42423.529296875
44329.9921875
46233.73046875
48102.21484375
49903.646484375
51607.453125
53184.787109375
54608.9765625
55855.96875
56904.712890625
57737.521484375
58340.369140625
58703.1328125
58819.78515625
58688.51953125
58311.7890625
57696.326171875
56853.0390625
55796.88671875
54546.662109375
53124.716796875
51556.640625
49870.865234375
48098.244140625
46271.5625
44425.041015625
42593.791015625
40813.2578125
39118.65625
37544.408203125
36123.55859375
34887.26953125
33864.26171875
33080.35546875
32558.015625
32315.94921875
32368.787109375
32726.767578125
33395.560546875
34376.08984375
35664.48046875
37252.046875
39125.375
41266.458984375
43652.923828125
46258.30859375
49052.419921875
52001.732421875
55069.84765625
58218.0
61405.609375
64590.822265625
67731.138671875
70783.984375
73707.32421875
76460.263671875
79003.619140625
81300.474609375
83316.693359375
85021.40234375
86387.416015625
87391.599609375
88015.1953125
88244.046875
88068.787109375
87484.9296875
86492.916015625
85098.052734375
83310.41796875
81144.671875
78619.80078125
75758.833984375
72588.451171875
69138.60546875
65442.044921875
61533.837890625
57450.865234375
53231.283203125
48914.00390625
44538.134765625
40142.484375
35765.025390625
31442.423828125
27209.591796875
23099.267578125
19141.666015625
15364.14453125
11790.955078125
8443.041015625
5337.892578125
2489.46484375
-91.845703125
-2399.162109375
-4429.03515625
-6181.291015625
-7658.841796875
-8867.447265625
-9815.427734375
-10513.359375
-10973.74609375
-11210.65625
-11239.369140625
-11076.009765625
-10737.18359375
-10239.634765625
-9599.9140625
-8834.078125
-7957.412109375
-6984.203125
-5927.521484375
-4799.091796875
-3609.173828125
-2366.490234375
-1078.228515625
249.94140625
1613.78125
3010.376953125
4437.9765625
5895.80859375
7383.859375
8902.63671875
10452.91796875
12035.474609375
13650.818359375
15298.927734375
16979.001953125
18689.228515625
20426.572265625
22186.595703125
23963.318359375
25749.119140625
27534.671875
29308.94140625
31059.212890625
32771.1953125
34429.140625
36016.046875
37513.869140625
38903.822265625
40166.6640625
41283.056640625
42233.923828125
43000.849609375
43566.478515625
43914.923828125
44032.150390625
43906.38671875
43528.478515625
42892.22265625
41994.677734375
40836.4140625
39421.72265625
37758.75
35859.599609375
33740.341796875
31420.962890625
28925.25
26280.603515625
23517.759765625
20670.4765625
17775.142578125
14870.3125
11996.2109375
9194.177734375
6506.078125
3973.69140625
1638.056640625
-461.15625
-2286.306640625
-3802.412109375
-4977.751953125
-5784.455078125
-6199.021484375
-6202.8125
-5782.44140625
-4930.1484375
-3644.033203125
-1928.251953125
206.900390625
2744.994140625
5663.560546875
8934.294921875
12523.33203125
16391.634765625
20495.455078125
24786.884765625
29214.462890625
33723.8828125
38258.703125
42761.166015625
47172.98046875
51436.173828125
55493.947265625
59291.4921875
62776.837890625
65901.609375
68621.80859375
70898.466796875
72698.296875
73994.220703125
74765.83203125
74999.755859375
74689.919921875
73837.69921875
72451.97265625
70549.056640625
68152.53125
65292.970703125
62007.53515625
58339.515625
54337.734375
50055.900390625
45551.86328125
40886.830078125
36124.51171875
31330.220703125
26569.9921875
21909.640625
17413.84765625
13145.248046875
9163.57421875
5524.8125
2280.4453125
-523.2734375
-2845.927734375
-4653.5
-5918.794921875
-6621.8046875
-6749.93359375
-6298.140625
-5268.951171875
-3672.37109375
-1525.685546875
1146.830078125
4314.31640625
7939.828125
11980.884765625
16390.13671875
21116.05859375
26103.720703125
31295.578125
36632.3046875
42053.61328125
47499.12109375
52909.150390625
58225.53515625
63392.390625
68356.814453125
73069.55859375
77485.603515625
81564.67578125
85271.673828125
88577.0078125
91456.859375
93893.33203125
95874.505859375
97394.421875
98452.951171875
99055.58984375
99213.1796875
98941.529296875
98261.0
97196.009765625
95774.5
94027.3671875
91987.849609375
89690.921875
87172.662109375
84469.6328125
81618.287109375
78654.376953125
75612.4296875
72525.21484375
69423.337890625
66334.81640625
63284.765625
60295.142578125
57384.54296875
54568.091796875
51857.3984375
49260.564453125
46782.298828125
44424.046875
42184.232421875
40058.513671875
38040.099609375
36120.11328125
34287.97265625
32531.81640625
30838.919921875
29196.130859375
27590.30078125
26008.697265625
24439.40625
22871.69921875
21296.365234375
19705.998046875
18095.25390625
16461.029296875
14802.60546875
13121.7265625
11422.625
9711.97265625
7998.794921875
6294.3203125
4611.767578125
2966.1015625
1373.732421875
-147.8046875
-1580.22265625
-2904.857421875
-4103.08203125
-5156.697265625
-6048.353515625
-6761.93359375
-7282.955078125
-7598.9140625
-7699.619140625
-7577.47265625
-7227.73828125
-6648.720703125
-5841.92578125
-4812.150390625
-3567.509765625
-2119.427734375
-482.546875
1325.40625
3283.82421875
5369.44921875
7556.677734375
9817.900390625
12123.873046875
14444.12890625
16747.40234375
19002.095703125
21176.724609375
23240.39453125
25163.25
26916.927734375
28474.982421875
29813.2890625
30910.40234375
31747.900390625
32310.65234375
32587.0703125
32569.279296875
32253.25390625
31638.890625
30730.017578125
29534.359375
28063.431640625
26332.38671875
24359.810546875
22167.470703125
19780.01171875
17224.62890625
14530.681640625
11729.3125
8853.01171875
5935.197265625
3009.7578125
110.615234375
-2728.70703125
-5475.53515625
-8098.4296875
-10567.59375
-12855.22265625
-14935.83984375
-16786.576171875
-18387.431640625
-19721.48046875
-20775.033203125
-21537.7578125
-22002.74609375
-22166.552734375
-22029.16015625
-21593.927734375
-20867.490234375
-19859.60546875
-18582.99609375
-17053.119140625
-15287.958984375
-13307.740234375
-11134.671875
-8792.6484375
-6306.9453125
-3703.921875
-1010.69921875
1745.13671875
4535.83203125
7333.755859375
10111.6875
12843.05859375
15502.208984375
18064.60546875
20507.033203125
22807.791015625
24946.837890625
26905.92578125
28668.712890625
30220.841796875
31550.021484375
32646.056640625
33500.880859375
34108.5625
34465.298828125
34569.388671875
34421.197265625
34023.109375
33379.466796875
32496.505859375
31382.26953125
30046.548828125
28500.759765625
26757.88671875
24832.35546875
22739.947265625
20497.68359375
18123.72265625
15637.236328125
13058.294921875
10407.736328125
7707.046875
4978.220703125
2243.611328125
-474.203125
-3152.58203125
-5768.9765625
-8301.099609375
-10727.087890625
-13025.6875
-15176.419921875
-17159.7734375
-18957.37109375
-20552.169921875
-21928.625
-23072.861328125
-23972.84375
-24618.5390625
-25002.046875
-25117.732421875
-24962.337890625
-24535.080078125
-23837.703125
-22874.525390625
-21652.46875
-20181.017578125
-18472.19921875
-16540.4921875
-14402.7265625
-12077.9296875
-9587.171875
-6953.34375
-4200.927734375
-1355.74609375
1555.34765625
4504.76171875
7464.5
10406.51171875
13303.033203125
16126.958984375
18852.19921875
21454.029296875
23909.44140625
26197.47265625
28299.51171875
30199.58203125
31884.59765625
33344.568359375
34572.78515625
35565.94921875
36324.244140625
36851.392578125
37154.619140625
37244.587890625
37135.287109375
36843.84375
36390.30078125
35797.34765625
35089.998046875
34295.232421875
33441.59375
32558.765625
31677.115234375
30827.2109375
30039.357421875
29343.076171875
28766.640625
28336.5859375
28077.251953125
28010.345703125
28154.537109375
28525.1015625
29133.59375
29987.58203125
31090.44140625
32441.19921875
34034.451171875
35860.34375
37904.611328125
40148.69921875
42569.9609375
45141.876953125
47834.38671875
50614.26171875
53445.517578125
56289.90234375
59107.40625
61856.810546875
64496.279296875
66983.9453125
69278.515625
71339.90625
73129.810546875
74612.310546875
75754.4296875
76526.6484375
76903.40234375
76863.505859375
76390.533203125
75473.126953125
74105.255859375
72286.37109375
70021.51953125
67321.359375
64202.1015625
60685.373046875
56798.015625
52571.796875
48043.041015625
43252.232421875
38243.51953125
33064.189453125
27764.072265625
22394.9609375
17009.9296875
11662.685546875
6406.896484375
1295.509765625
-3619.919921875
-8289.8671875
-12667.4765625
-16709.1328125
-20375.013671875
-23629.58203125
-26442.01171875
-28786.5703125
-30642.91796875
-31996.330078125
-32837.85546875
-33164.400390625
-32978.72265625
-32289.353515625
-31110.453125
-29461.58203125
-27367.40234375
-24857.337890625
-21965.13671875
-18728.427734375
-15188.18359375
-11388.189453125
-7374.455078125
-3194.607421875
1102.703125
5468.4453125
9853.8046875
14210.787109375
18492.80859375
22655.228515625
26655.88671875
30455.56640625
34018.41796875
37312.353515625
40309.330078125
42985.65234375
45322.130859375
47304.224609375
48922.123046875
50170.736328125
51049.634765625
51562.943359375
51719.166015625
51530.94140625
51014.779296875
50190.740234375
49082.0703125
47714.8046875
46117.36328125
44320.09765625
42354.84765625
40254.482421875
38052.443359375
35782.275390625
33477.21484375
31169.744140625
28891.203125
26671.4140625
24538.345703125
22517.802734375
20633.16796875
18905.1796875
17351.75
15987.83203125
14825.318359375
13873.015625
13136.626953125
12618.798828125
12319.197265625
12234.6328125
12359.21484375
12684.529296875
13199.861328125
13892.43359375
14747.662109375
15749.43359375
16880.388671875
18122.224609375
19455.9765625
20862.3359375
22321.92578125
23815.58203125
25324.6328125
26831.146484375
28318.169921875
29769.9375
31172.064453125
32511.708984375
33777.716796875
34960.72265625
36053.23046875
37049.67578125
37946.43359375
38741.81640625
39436.05859375
40031.228515625
40531.16015625
40941.333984375
41268.759765625
41521.810546875
41710.068359375
41844.134765625
41935.4375
41996.03125
42038.37890625
42075.150390625
42118.998046875
42182.34375
42277.173828125
42414.8359375
42605.84765625
42859.70703125
43184.74609375
43587.955078125
44074.869140625
44649.451171875
45313.998046875
46069.06640625
46913.435546875
47844.08984375
48856.205078125
49943.189453125
51096.73046875
52306.873046875
53562.119140625
54849.548828125
56154.96484375
57463.05859375
58757.587890625
60021.58203125
61237.541015625
62387.685546875
63454.158203125
64419.28515625
65265.810546875
65977.146484375
66537.603515625
66932.6328125
67149.048828125
67175.240234375
67001.37890625
66619.58203125
66024.09375
65211.3984375
64180.345703125
62932.2265625
61470.828125
59802.44921875
57935.896484375
55882.435546875
53655.720703125
51271.673828125
48748.353515625
46105.783203125
43365.732421875
40551.51171875
37687.703125
34799.87890625
31914.32421875
29057.712890625
26256.791015625
23538.048828125
20927.384765625
18449.78125
16128.978515625
13987.162109375
12044.66796875
10319.6953125
8828.0703125
7583.00390625
6594.912109375
5871.244140625
5416.3671875
5231.486328125
5314.599609375
5660.505859375
6260.849609375
7104.203125
8176.2109375
9459.751953125
10935.16015625
12580.462890625
14371.681640625
16283.115234375
18287.7109375
20357.390625
22463.447265625
24576.919921875
26668.9765625
28711.31640625
30676.537109375
32538.5078125
34272.728515625
35856.642578125
37269.9453125
38494.84765625
39516.3203125
40322.255859375
40903.6328125
41254.615234375
41372.603515625
41258.232421875
40915.34375
40350.87890625
39574.75390625
38599.67578125
37440.927734375
36116.08984375
34644.775390625
33048.298828125
31349.33203125
29571.548828125
27739.25
25876.994140625
24009.21484375
22159.8515625
20352.005859375
18607.58984375
16947.017578125
15388.931640625
13949.94140625
12644.4140625
11484.3125
10479.060546875
9635.458984375
8957.666015625
8447.18359375
8102.9453125
7921.392578125
7896.630859375
8020.619140625
8283.373046875
8673.224609375
9177.09765625
9780.806640625
10469.361328125
11227.28515625
12038.953125
12888.900390625
13762.12890625
14644.4140625
15522.56640625
16384.68359375
17220.365234375
18020.89453125
18779.373046875
19490.826171875
20152.26171875
20762.66796875
21322.998046875
21836.078125
22306.501953125
22740.451171875
23145.517578125
23530.46484375
23904.9765625
24279.365234375
24664.28515625
25070.41796875
25508.166015625
25987.32421875
26516.802734375
27104.3203125
27756.14453125
28476.853515625
29269.130859375
30133.591796875
31068.673828125
32070.53515625
33133.037109375
34247.765625
35404.083984375
36589.267578125
37788.6640625
38985.908203125
40163.197265625
41301.56640625
42381.236328125
43381.978515625
44283.4921875
45065.81640625
45709.73046875
46197.181640625
46511.6640625
46638.6328125
46565.857421875
46283.759765625
45785.7109375
45068.294921875
44131.50390625
42978.890625
41617.6640625
40058.708984375
38316.55859375
36409.29296875
34358.35546875
32188.34765625
29926.71484375
27603.41796875
25250.501953125
22901.673828125
20591.79296875
18356.35546875
16230.94921875
14250.677734375
12449.603515625
10860.181640625
9512.69921875
8434.744140625
7650.720703125
7181.376953125
7043.412109375
7249.119140625
7806.103515625
8717.072265625
9979.689453125
11586.521484375
13525.056640625
15777.814453125
18322.51953125
21132.375
24176.40625
27419.8671875
30824.720703125
34350.181640625
37953.3046875
41589.615234375
45213.771484375
48780.25390625
52244.048828125
55561.361328125
58690.2734375
61591.423828125
64228.625
66569.427734375
68585.6640625
70253.890625
71555.78125
72478.435546875
73014.591796875
73162.76953125
72927.3046875
72318.287109375
71351.43359375
70047.83203125
68433.62109375
66539.5859375
64400.662109375
62055.3828125
59545.267578125
56914.150390625
54207.46875
51471.53515625
48752.783203125
46097.0078125
43548.62109375
41149.927734375
38940.4296875
36956.177734375
35229.16796875
33786.84375
32651.615234375
31840.501953125
31364.853515625
31230.158203125
31435.95703125
31975.853515625
32837.62109375
34003.412109375
35450.060546875
37149.466796875
39069.076171875
41172.439453125
43419.80078125
45768.798828125
48175.173828125
50593.509765625
52978.02734375
55283.33984375
57465.244140625
59481.46875
61292.400390625
62861.76953125
64157.271484375
65151.130859375
65820.583984375
66148.2890625
66122.638671875
65737.97265625
64994.697265625
63899.310546875
62464.306640625
60707.998046875
58654.228515625
56332.005859375
53775.02734375
51021.1484375
48111.767578125
45091.158203125
42005.7421875
38903.33203125
35832.373046875
32841.109375
29976.830078125
27285.083984375
24808.92578125
22588.2109375
20658.953125
19052.712890625
17796.099609375
16910.322265625
16410.8359375
16307.10546875
16602.427734375
17293.888671875
18372.408203125
19822.876953125
21624.4140625
23750.689453125
26170.359375
28847.568359375
31742.529296875
34812.158203125
38010.7734375
41290.822265625
44603.642578125
47900.232421875
51132.033203125
54251.693359375
57213.8125
59975.650390625
62497.7890625
64744.73828125
66685.470703125
68293.890625
69549.208984375
70436.23828125
70945.595703125
71073.802734375
70823.298828125
70202.35546875
69224.890625
67910.203125
66282.626953125
64371.083984375
62208.591796875
59831.697265625
57279.865234375
54594.818359375
51819.857421875
48999.150390625
46177.029296875
43397.287109375
40702.48828125
38133.314453125
35727.93359375
33521.44921875
31545.375
29827.197265625
28389.986328125
27252.12109375
26427.05859375
25923.203125
25743.873046875
25887.33203125
26346.91015625
27111.220703125
28164.416015625
29486.552734375
31053.998046875
32839.890625
34814.65625
36946.55859375
39202.255859375
41547.427734375
43947.3359375
46367.4375
48773.955078125
51134.443359375
53418.29296875
55597.2265625
57645.716796875
59541.369140625
61265.22265625
62802.0078125
64140.318359375
65272.708984375
66195.73828125
66909.92578125
67419.63671875
67732.923828125
67861.26953125
67819.302734375
67624.458984375
67296.5703125
66857.46484375
66330.4921875
65740.0546875
65111.13671875
64468.794921875
63837.69921875
63241.66015625
62703.18359375
62243.068359375
61880.04296875
61630.412109375
61507.810546875
61522.94921875
61683.474609375
61993.837890625
62455.263671875
63065.751953125
63820.14453125
64710.263671875
65725.091796875
66850.98828125
68071.98046875
69370.06640625
70725.564453125
72117.490234375
73523.93359375
74922.482421875
76290.59765625
77606.05078125
78847.287109375
79993.80859375
81026.5234375
81928.07421875
82683.1015625
83278.5
83703.619140625
83950.40625
84013.52734375
83890.396484375
83581.205078125
83088.86328125
82418.91015625
81579.3828125
80580.625
79435.08984375
78157.076171875
76762.45703125
75268.384765625
73692.974609375
72054.978515625
70373.46484375
68667.482421875
66955.751953125
65256.361328125
63586.4765625
61962.09375
60397.79296875
58906.560546875
57499.6015625
56186.23828125
54973.806640625
53867.611328125
52870.93359375
51985.0390625
51209.271484375
50541.13671875
49976.44921875
49509.494140625
49133.21875
48839.439453125
48619.06640625
48462.345703125
48359.087890625
48298.927734375
48271.544921875
48266.90625
48275.474609375
48288.40234375
48297.720703125
48296.474609375
48278.859375
48240.314453125
48177.580078125
48088.736328125
47973.2109375
47831.736328125
47666.302734375
47480.07421875
47277.26171875
47063.013671875
46843.240234375
46624.4609375
46413.62109375
46217.90625
46044.546875
45900.638671875
45792.96484375
45727.802734375
45710.78515625
45746.744140625
45839.59765625
45992.236328125
46206.45703125
46482.90625
46821.056640625
47219.21484375
47674.54296875
48183.12109375
48740.01953125
49339.416015625
49974.708984375
50638.65234375
51323.529296875
52021.306640625
52723.806640625
53422.8828125
54110.603515625
54779.41015625
55422.287109375
56032.908203125
56605.765625
57136.2890625
57620.94140625
58057.275390625
58443.990234375
58780.947265625
59069.15234375
59310.728515625
59508.85546875
59667.669921875
59792.169921875
59888.078125
59961.685546875
60019.70703125
60069.087890625
60116.826171875
60169.798828125
60234.55859375
60317.171875
60423.037109375
60556.732421875
60721.87109375
60920.98828125
61155.4375
61425.3203125
61729.453125
62065.33984375
62429.193359375
62815.9921875
63219.548828125
63632.61328125
64047.01953125
64453.8359375
64843.552734375
65206.279296875
65531.962890625
65810.607421875
66032.529296875
66188.5625
66270.3203125
66270.390625
66182.576171875
66002.060546875
65725.6015625
65351.66015625
64880.525390625
64314.396484375
63657.419921875
62915.7109375
62097.31640625
61212.15234375
60271.888671875
59289.8125
58280.646484375
57260.333984375
56245.783203125
55254.62109375
54304.87890625
53414.693359375
52601.982421875
51884.12109375
51277.615234375
50797.7734375
50458.408203125
50271.546875
50247.1484375
50392.88671875
50713.935546875
51212.80859375
51889.236328125
52740.083984375
53759.326171875
54938.078125
56264.640625
57724.638671875
59301.19140625
60975.109375
62725.1640625
64528.38671875
66360.39453125
68195.755859375
70008.376953125
71771.908203125
73460.154296875
75047.50390625
76509.33203125
77822.419921875
78965.341796875
79918.81640625
80666.060546875
81193.068359375
81488.8671875
81545.740234375
81359.35546875
80928.880859375
80257.01953125
79349.998046875
78217.486328125
76872.458984375
75331.009765625
73612.111328125
71737.302734375
69730.365234375
67616.9296875
65424.064453125
63179.83203125
60912.822265625
58651.68359375
56424.6328125
54258.984375
52180.693359375
50213.892578125
48380.498046875
46699.814453125
45188.1953125
43858.767578125
42721.173828125
41781.41015625
41041.6953125
40500.427734375
40152.189453125
39987.82421875
39994.578125
40156.3046875
40453.724609375
40864.748046875
41364.837890625
41927.4296875
42524.375
43126.416015625
43703.705078125
44226.3046875
44664.703125
44990.353515625
45176.146484375
45196.916015625
45029.87109375
44655.029296875
44055.56640625
43218.140625
42133.16015625
40794.970703125
39201.998046875
37356.8125
35266.109375
32940.66796875
30395.18359375
27648.080078125
24721.228515625
21639.626953125
18431.01953125
15125.4765625
11754.92578125
8352.654296875
4952.79296875
1589.791015625
-1702.126953125
-4889.4921875
-7940.111328125
-10823.552734375
-13511.62890625
-15978.80078125
-18202.580078125
-20163.837890625
-21847.083984375
-23240.662109375
-24336.908203125
-25132.19921875
-25626.970703125
-25825.638671875
-25736.466796875
-25371.3671875
-24745.630859375
-23877.607421875
-22788.33984375
-21501.138671875
-20041.13671875
-18434.802734375
-16709.443359375
-14892.6875
-13011.984375
-11094.080078125
-9164.55078125
-7247.322265625
-5364.26953125
-3534.802734375
-1775.5625
-100.12890625
1481.197265625
2961.52734375
4337.48828125
5609.212890625
6780.287109375
7857.62890625
8851.275390625
9774.12890625
10641.634765625
11471.400390625
12282.77734375
13096.392578125
13933.65234375
14816.236328125
15765.5546875
16802.216796875
17945.51953125
19212.92578125
20619.587890625
22177.904296875
23897.12109375
25782.990234375
27837.48046875
30058.5625
32440.068359375
34971.6171875
37638.630859375
40422.427734375
43300.384765625
46246.19921875
49230.19921875
52219.7578125
55179.73828125
58073.025390625
60861.099609375
63504.6328125
65964.16015625
68200.72265625
70176.556640625
71855.765625
73204.98828125
74194.033203125
74796.486328125
74990.265625
74758.126953125
74088.095703125
72973.837890625
71414.927734375
69417.052734375
66992.103515625
64158.189453125
60939.537109375
57366.30078125
53474.2890625
49304.564453125
44902.984375
40319.650390625
35608.28515625
30825.517578125
26030.15234375
21282.365234375
16642.861328125
12172.033203125
7929.087890625
3971.181640625
352.587890625
-2876.125
-5668.873046875
-7984.75390625
-9788.7109375
-11052.109375
-11753.21484375
-11877.58984375
-11418.390625
-10376.541015625
-8760.8203125
-6587.8125
-3881.7734375
-674.353515625
2995.765625
7083.34375
11537.14453125
16300.615234375
21312.603515625
26508.1796875
31819.509765625
37176.75390625
42509.025390625
47745.35546875
52815.658203125
57651.69921875
62188.03125
66362.8984375
70119.08984375
73404.728515625
76173.9921875
78387.744140625
80014.072265625
81028.734375
81415.48046875
81166.28515625
80281.44140625
78769.560546875
76647.431640625
73939.79296875
70678.98046875
66904.462890625
62662.294921875
58004.4765625
52988.224609375
47675.177734375
42130.552734375
36422.248046875
30619.900390625
24793.962890625
19014.73046875
13351.3984375
7871.15625
2638.271484375
-2286.734375
-6847.873046875
-10994.408203125
-14681.48828125
-17870.69921875
-20530.517578125
-22636.669921875
-24172.3828125
-25128.529296875
-25503.67578125
-25304.009765625
-24543.173828125
-23241.986328125
-21428.08984375
-19135.48828125
-16404.0078125
-13278.6953125
-9809.138671875
-6048.744140625
-2053.970703125
2116.46484375
6402.41796875
10743.12109375
15078.021484375
19347.560546875
23493.98046875
27462.029296875
31199.677734375
34658.73828125
37795.439453125
40570.931640625
42951.701171875
44909.912109375
46423.66796875
47477.18359375
48060.8671875
48171.31640625
47811.23828125
46989.2734375
45719.763671875
44022.423828125
41921.96484375
39447.650390625
36632.818359375
33514.310546875
30131.943359375
26527.890625
22746.072265625
18831.537109375
14829.845703125
10786.455078125
6746.138671875
2752.41015625
-1152.994140625
-4930.6171875
-8543.7265625
-11958.701171875
-15145.3828125
-18077.345703125
-20732.138671875
-23091.423828125
-25141.095703125
-26871.310546875
-28276.474609375
-29355.15234375
-30109.94921875
-30547.3203125
-30677.34375
-30513.447265625
-30072.107421875
-29372.505859375
-28436.16796875
-27286.578125
-25948.791015625
-24449.029296875
-22814.271484375
-21071.861328125
-19249.119140625
-17372.966796875
-15469.57421875
-13564.029296875
-11680.033203125
-9839.630859375
-8062.966796875
-6368.095703125
-4770.791015625
-3284.439453125
-1919.931640625
-685.609375
412.74609375
1371.900390625
2191.12109375
2872.083984375
3418.771484375
3837.328125
4135.90234375
4324.45703125
4414.57421875
4419.236328125
4352.595703125
4229.751953125
4066.494140625
3879.078125
3683.96875
3497.6171875
3336.23046875
3215.533203125
3150.591796875
3155.580078125
3243.626953125
3426.642578125
3715.166015625
4118.2421875
4643.3125
5296.126953125
6080.669921875
6999.119140625
8051.818359375
9237.259765625
10552.109375
11991.236328125
13547.763671875
15213.13671875
16977.21875
18828.38671875
20753.658203125
22738.82421875
24768.599609375
26826.78515625
28896.4296875
30960.03125
32999.70703125
34997.39453125
36935.064453125
38794.8984375
40559.52734375
42212.1953125
43736.99609375
45119.046875
46344.681640625
47401.638671875
48279.220703125
48968.447265625
49462.2109375
49755.3828125
49844.91796875
49729.955078125
49411.853515625
48894.248046875
48183.0390625
47286.40234375
46214.720703125
44980.52734375
43598.40625
42084.853515625
40458.1484375
38738.142578125
36946.080078125
35104.357421875
33236.279296875
31365.7890625
29517.19140625
27714.845703125
25982.87109375
24344.833984375
22823.4296875
21440.189453125
20215.15625
19166.619140625
18310.81640625
17661.69140625
17230.66796875
17026.4296875
17054.765625
17318.42578125
17817.021484375
18546.978515625
19501.505859375
20670.640625
22041.3125
23597.458984375
25320.1953125
27188.021484375
29177.0625
31261.359375
33413.193359375
35603.4296875
37801.921875
39977.884765625
42100.353515625
44138.583984375
46062.515625
47843.193359375
49453.21875
50867.1484375
52061.90625
53017.1484375
53715.603515625
54143.380859375
54290.2109375
54149.67578125
53719.353515625
53000.92578125
52000.220703125
50727.197265625
49195.875
47424.189453125
45433.798828125
43249.837890625
40900.6015625
38417.189453125
35833.103515625
33183.783203125
30506.158203125
27838.1015625
25217.919921875
22683.8046875
20273.271484375
18022.625
15966.408203125
14136.890625
12563.576171875
11272.73828125
10287.015625
9625.033203125
9301.091796875
9324.923828125
9701.48828125
10430.861328125
11508.177734375
12923.65625
14662.681640625
16705.98046875
19029.837890625
21606.40625
24404.05859375
27387.806640625
30519.76953125
33759.685546875
37065.4609375
40393.755859375
43700.57421875
46941.876953125
50074.201171875
53055.255859375
55844.53125
58403.84375
60697.892578125
62694.728515625
64366.220703125
65688.4296875
66641.9375
67212.1171875
67389.318359375
67168.982421875
66551.697265625
65543.16796875
64154.103515625
62400.04296875
60301.125
57881.7578125
55170.263671875
52198.455078125
49001.1484375
45615.669921875
42081.30859375
38438.74609375
34729.48046875
30995.232421875
27277.384765625
23616.39453125
20051.26171875
16618.9921875
13354.1484375
10288.384765625
7450.0859375
4864.02734375
2551.123046875
528.201171875
-1192.10546875
-2601.451171875
-3695.755859375
-4475.162109375
-4943.888671875
-5110.03515625
-4985.3515625
-4584.92578125
-3926.833984375
-3031.763671875
-1922.58984375
-623.9296875
838.30859375
2437.396484375
4146.259765625
5937.931640625
7786.0
9665.02734375
11550.947265625
13421.419921875
15256.138671875
17037.103515625
18748.8359375
20378.544921875
21916.234375
23354.755859375
24689.802734375
25919.861328125
27046.0859375
28072.154296875
29004.05859375
29849.8515625
30619.376953125
31323.95703125
31976.05859375
32588.943359375
33176.32421875
33751.990234375
34329.46484375
34921.671875
35540.603515625
36197.029296875
36900.244140625
37657.8203125
38475.439453125
39356.736328125
40303.205078125
41314.158203125
42386.703125
43515.8125
44694.404296875
45913.484375
47162.3203125
48428.673828125
49699.03125
50958.90234375
52193.107421875
53386.111328125
54522.328125
55586.474609375
56563.884765625
57440.83203125
58204.828125
58844.90234375
59351.84375
59718.431640625
59939.595703125
60012.576171875
59936.98828125
59714.888671875
59350.759765625
58851.47265625
58226.173828125
57486.15625
56644.666015625
55716.67578125
54718.62890625
53668.138671875
52583.681640625
51484.248046875
50389.0078125
49316.93359375
48286.46875
47315.16015625
46419.330078125
45613.765625
44911.421875
44323.171875
43857.58984375
43520.76171875
43316.16796875
43244.580078125
43304.046875
43489.884765625
43794.76171875
44208.802734375
44719.751953125
45313.1796875
45972.734375
46680.421875
47416.919921875
48161.927734375
48894.5234375
49593.529296875
50237.912109375
50807.1484375
51281.595703125
51642.86328125
51874.130859375
51960.470703125
51889.111328125
51649.69140625
51234.4375
50638.314453125
49859.130859375
48897.583984375
47757.25
46444.53515625
44968.56640625
43341.03125
41575.978515625
39689.576171875
37699.833984375
35626.26953125
33489.58984375
31311.318359375
29113.427734375
26917.951171875
24746.603515625
22620.412109375
20559.357421875
18582.02734375
16705.328125
14944.18359375
13311.3203125
11817.046875
10469.140625
9272.70703125
8230.171875
7341.251953125
6603.0234375
6010.03515625
5554.443359375
5226.216796875
5013.388671875
4902.30859375
4877.96875
4924.32421875
5024.654296875
5161.904296875
5319.080078125
5479.580078125
5627.576171875
5748.330078125
5828.5234375
5856.53125
5822.6640625
5719.396484375
5541.51171875
5286.224609375
4953.240234375
4544.78125
4065.53125
3522.5546875
2925.150390625
2284.666015625
1614.265625
928.646484375
243.751953125
-423.595703125
-1056.021484375
-1635.9921875
-2146.197265625
-2569.921875
-2891.4296875
-3096.326171875
-3171.892578125
-3107.400390625
-2894.380859375
-2526.873046875
-2001.599609375
-1318.111328125
-478.869140625
510.716796875
1642.33203125
2904.822265625
4284.349609375
5764.58203125
7326.9375
8950.880859375
10614.26171875
12293.68359375
13964.90625
15603.271484375
17184.142578125
18683.357421875
20077.666015625
21345.169921875
22465.744140625
23421.4296875
24196.787109375
24779.22265625
25159.26171875
25330.767578125
25291.099609375
25041.2265625
24585.759765625
23932.935546875
23094.517578125
22085.646484375
20924.62890625
19632.662109375
18233.494140625
16753.06640625
15219.076171875
13660.525390625
12107.232421875
10589.330078125
9136.748046875
7778.697265625
6543.1484375
5456.341796875
4542.31640625
3822.46875
3315.15234375
3035.3359375
2994.30078125
3199.408203125
3653.923828125
4356.92578125
5303.26171875
6483.587890625
7884.48828125
9488.62890625
11275.03125
13219.35546875
15294.275390625
17469.892578125
19714.1875
21993.537109375
24273.21484375
26517.951171875
28692.478515625
30762.099609375
32693.21875
34453.888671875
36014.291015625
37347.228515625
38428.52734375
39237.419921875
39756.873046875
39973.814453125
39879.357421875
39468.89453125
38742.16796875
37703.234375
36360.376953125
34725.95703125
32816.18359375
30650.8203125
28252.859375
25648.1171875
22864.8203125
19933.125
16884.626953125
13751.85546875
10567.76171875
7365.189453125
4176.37890625
1032.4765625
-2036.927734375
-5004.2265625
-7844.169921875
-10534.212890625
-13054.791015625
-15389.541015625
-17525.474609375
-19453.060546875
-21166.28125
-22662.587890625
-23942.814453125
-25011.03125
-25874.3359375
-26542.603515625
-27028.166015625
-27345.494140625
-27510.802734375
-27541.671875
-27456.62109375
-27274.681640625
-27014.998046875
-26696.388671875
-26336.97265625
-25953.779296875
-25562.416015625
-25176.771484375
-24808.744140625
-24468.037109375
-24161.99609375
-23895.509765625
-23670.951171875
-23488.18359375
-23344.63671875
-23235.400390625
-23153.41015625
-23089.650390625
-23033.408203125
-22972.56640625
-22893.931640625
-22783.55859375
-22627.1328125
-22410.3203125
-22119.138671875
-21740.31640625
-21261.6328125
-20672.2421875
-19962.953125
-19126.494140625
-18157.712890625
-17053.74609375
-15814.130859375
-14440.873046875
-12938.439453125
-11313.73046875
-9575.953125
-7736.4921875
-5808.677734375
-3807.5625
-1749.6171875
347.599609375
2465.78125
4586.2578125
6690.37890625
8759.904296875
10777.40234375
12726.615234375
14592.830078125
16363.197265625
18027.03515625
19576.083984375
21004.705078125
22310.044921875
23492.123046875
24553.87109375
25501.119140625
26342.486328125
27089.251953125
27755.140625
28356.05859375
28909.767578125
29435.52734375
29953.6875
30485.2578125
31051.431640625
31673.109375
32370.41796875
33162.224609375
34065.654296875
35095.6640625
36264.59765625
37581.82421875
39053.40625
40681.830078125
42465.791015625
44400.0546875
46475.396484375
48678.6015625
50992.560546875
53396.43359375
55865.896484375
58373.455078125
60888.833984375
63379.4375
65810.85546875
68147.4375
70352.884765625
72390.8984375
74225.8359375
75823.365234375
77151.15234375
78179.48828125
78881.9296875
79235.880859375
79223.125
78830.314453125
78049.365234375
76877.791015625
75318.951171875
73382.203125
71082.953125
68442.607421875
65488.44921875
62253.359375
58775.50390625
55097.876953125
51267.76953125
47336.171875
43357.0703125
39386.712890625
35482.796875
31703.626953125
28107.25
24750.5546875
21688.400390625
18972.748046875
16651.798828125
14769.224609375
13363.390625
12466.708984375
12105.029296875
12297.140625
13054.37109375
14380.296875
16270.548828125
18712.759765625
21686.625
25164.080078125
29109.591796875
33480.58203125
38227.94921875
43296.703125
48626.66796875
54153.310546875
59808.607421875
65521.9921875
71221.326171875
76833.916015625
82287.55078125
87511.50390625
92437.572265625
97001.025390625
101141.5546875
104804.12109375
107939.765625
110506.291015625
112468.884765625
113800.599609375
114482.7421875
114505.125
113866.203125
112573.0703125
110641.33984375
108094.896484375
104965.517578125
101292.396484375
97121.53515625
92505.060546875
87500.435546875
82169.611328125
76578.099609375
70794.009765625
64887.06640625
58927.56640625
52985.39453125
47129.00390625
41424.45703125
35934.494140625
30717.67578125
25827.580078125
21312.10546875
17212.849609375
13564.59375
10394.91015625
7723.8671875
5563.861328125
3919.58203125
2788.060546875
2158.8828125
2014.470703125
2330.5078125
3076.43359375
4216.046875
5708.177734375
7507.443359375
9565.03125
11829.546875
14247.880859375
16766.087890625
19330.265625
21887.416015625
24386.28125
26778.125
29017.486328125
31062.833984375
32877.162109375
34428.505859375
35690.353515625
36641.970703125
37268.619140625
37561.666015625
37518.607421875
37142.978515625
36444.15234375
35437.076171875
34141.890625
32583.48046875
30790.9609375
28797.08203125
26637.609375
24350.63671875
21975.908203125
19554.07421875
17126.009765625
14732.080078125
12411.474609375
10201.5546875
8137.23828125
6250.46875
4569.69921875
3119.50390625
1920.21875
987.681640625
333.0703125
-37.19921875
-121.46875
77.2421875
551.412109375
1289.24609375
2275.015625
3489.41796875
4910.0390625
6511.84375
8267.693359375
10148.927734375
12125.935546875
14168.7578125
16247.6640625
18333.734375
20399.419921875
22419.0546875
24369.3359375
26229.759765625
27982.974609375
29615.10546875
31115.9765625
32479.279296875
33702.662109375
34787.734375
35740.005859375
36568.732421875
37286.71484375
37910.015625
38457.59375
38950.9296875
39413.552734375
39870.548828125
40348.05078125
40872.66796875
41470.94140625
42168.779296875
42990.884765625
43960.2265625
45097.529296875
46420.78515625
47944.81640625
49680.90625
51636.46875
53814.78125
56214.80859375
58831.0703125
61653.61328125
64668.037109375
67855.607421875
71193.4453125
74654.77734375
78209.279296875
81823.443359375
85461.052734375
89083.6640625
92651.15625
96122.30859375
99455.412109375
102608.87890625
105541.876953125
108214.958984375
110590.669921875
112634.140625
114313.6484375
115601.140625
116472.708984375
116908.998046875
116895.57421875
116423.212890625
115488.103515625
114092.017578125
112242.349609375
109952.115234375
107239.857421875
104129.474609375
100649.984375
96835.1875
92723.302734375
88356.505859375
83780.423828125
79043.59765625
74196.869140625
69292.7578125
64384.814453125
59526.94140625
54772.724609375
50174.759765625
45783.982421875
41649.03125
37815.650390625
34326.080078125
31218.5625
28526.849609375
26279.7734375
24500.90625
23208.259765625
22414.072265625
22124.662109375
22340.3671875
23055.54296875
24258.650390625
25932.419921875
28054.07421875
30595.626953125
33524.24609375
36802.6875
40389.748046875
44240.8203125
48308.427734375
52542.833984375
56892.66796875
61305.564453125
65728.806640625
70109.98046875
74397.62109375
78541.8359375
82494.912109375
86211.892578125
89651.1171875
92774.70703125
95549.0234375
97945.04296875
99938.703125
101511.16015625
102648.998046875
103344.357421875
103595.005859375
103404.326171875
102781.24609375
101740.103515625
100300.4296875
98486.673828125
96327.89453125
93857.349609375
91112.072265625
88132.39453125
84961.42578125
81644.498046875
78228.595703125
74761.7578125
71292.48046875
67869.09765625
64539.1875
61348.9765625
58342.765625
55562.37890625
53046.6484375
50830.939453125
48946.720703125
47421.166015625
46276.8359375
45531.400390625
45197.431640625
45282.25390625
45787.85546875
46710.888671875
48042.703125
49769.474609375
51872.384765625
54327.859375
57107.876953125
60180.322265625
63509.404296875
67056.09765625
70778.654296875
74633.123046875
78573.9140625
82554.37109375
86527.37890625
90445.939453125
94263.80078125
97936.015625
101419.54296875
104673.78125
107661.10546875
110347.341796875
112702.21484375
114699.751953125
116318.6171875
117542.396484375
118359.841796875
118765.0078125
118757.375
118341.865234375
117528.810546875
116333.85546875
114777.791015625
112886.314453125
110689.75390625
108222.71484375
105523.689453125
102634.60546875
99600.3515625
96468.255859375
93287.525390625
90108.701171875
86983.052734375
83962.0078125
81096.54296875
78436.623046875
76030.619140625
73924.767578125
72162.658203125
70784.7421875
69827.89453125
69325.021484375
69304.703125
69790.900390625
70802.71875
72354.2265625
74454.326171875
77106.701171875
80309.810546875
84056.9453125
88336.3515625
93131.3828125
98420.734375
104178.712890625
110375.5390625
116977.70703125
123948.3671875
131247.732421875
138833.529296875
146661.4375
154685.5546875
162858.857421875
171133.6875
179462.19140625
187796.78125
196090.560546875
204297.724609375
212373.974609375
220276.845703125
227966.0390625
235403.7265625
242554.787109375
249387.03515625
255871.408203125
261982.08984375
267696.638671875
272996.04296875
277864.771484375
282290.759765625
286265.400390625
289783.478515625
292843.099609375
295445.583984375
297595.345703125
299299.765625
300569.037109375
301416.001953125
301855.994140625
301906.669921875
301587.822265625
300921.216796875
299930.41796875
298640.6171875
297078.458984375
295271.888671875
293249.98046875
291042.787109375
288681.177734375
286196.703125
283621.427734375
280987.78515625
278328.439453125
275676.119140625
273063.46875
270522.890625
268086.37109375
265785.322265625
263650.388671875
261711.283203125
259996.568359375
258533.470703125
257347.6796875
256463.123046875
255901.759765625
255683.36328125
255825.30859375
256342.3515625
257246.43359375
258546.484375
260248.23828125
262354.076171875
264862.876953125
267769.90625
271066.732421875
274741.1640625
278777.240234375
283155.251953125
287851.80078125
292839.916015625
298089.205078125
303566.0546875
309233.88671875
315053.44921875
320983.158203125
326979.484375
332997.3828125
338990.75
344912.916015625
350717.173828125
356357.3203125
361788.205078125
366966.30078125
371850.263671875
376401.490234375
380584.646484375
384368.193359375
387724.849609375
390632.041015625
393072.287109375
395033.525390625
396509.384765625
397499.39453125
398009.083984375
398050.0625
397639.9609375
396802.322265625
395566.40625
393966.892578125
392043.533203125
389840.689453125
387406.830078125
384793.935546875
382056.861328125
379252.6328125
376439.69921875
373677.16796875
371023.998046875
368538.17578125
366275.9296875
364290.90234375
362633.392578125
361349.59765625
360480.93359375
360063.392578125
360126.96875
360695.18359375
361784.671875
363404.875
365557.83203125
368238.083984375
371432.6640625
375121.212890625
379276.205078125
383863.271484375
388841.619140625
394164.580078125
399780.203125
405631.970703125
411659.564453125
417799.69140625
423986.982421875
430154.892578125
436236.658203125
442166.23828125
447879.259765625
453313.947265625
458412.001953125
463119.45703125
467387.45703125
471172.951171875
474439.3359375
477156.970703125
479303.609375
480864.716796875
481833.669921875
482211.8359375
482008.541015625
481240.91796875
479933.625
478118.46875
475833.904296875
473124.44921875
470040.0
466635.07421875
462967.98046875
459099.939453125
455094.169921875
451014.931640625
446926.5859375
442892.62890625
438974.775390625
435232.068359375
431720.02734375
428489.869140625
425587.810546875
423054.44921875
420924.232421875
419225.056640625
417977.9453125
417196.869140625
416888.66015625
417053.0703125
417682.91796875
418764.36328125
420277.296875
422195.80859375
424488.767578125
427120.466796875
430051.349609375
433238.7890625
436637.90234375
440202.39453125
443885.431640625
447640.484375
451422.169921875
455187.064453125
458894.453125
462507.041015625
465991.572265625
469319.369140625
472466.802734375
475415.6171875
478153.205078125
480672.712890625
482973.078125
485058.939453125
486940.427734375
488632.865234375
490156.349609375
491535.259765625
492797.666015625
493974.6796875
495099.71875
496207.763671875
497334.544921875
498515.73828125
499786.134765625
501178.845703125
502724.51953125
504450.6171875
506380.7265625
508533.953125
510924.404296875
513560.748046875
516445.88671875
519576.728515625
522944.076171875
526532.638671875
530321.150390625
534282.607421875
538384.626953125
542589.90234375
546856.771484375
551139.85546875
555390.8125
559559.12890625
563592.982421875
567440.1328125
571048.853515625
574368.869140625
577352.267578125
579954.4140625
582134.798828125
583857.865234375
585093.720703125
585818.806640625
586016.44921875
585677.30859375
584799.7109375
583389.8671875
581461.94921875
579038.044921875
576147.98046875
572829.013671875
569125.404296875
565087.84765625
560772.83203125
556241.845703125
551560.541015625
546797.796875
542024.716796875
537313.591796875
532736.8359375
528365.89453125
524270.171875
520515.9765625
517165.513671875
514275.912109375
511898.36328125
510077.30859375
508849.74609375
508244.65234375
508282.5234375
508975.037109375
510324.861328125
512325.59765625
514961.873046875
518209.55078125
522036.10546875
526401.103515625
531256.828125
536548.98828125
542217.572265625
548197.7421875
554420.8359375
560815.412109375
567308.341796875
573825.916015625
580294.96484375
586643.966796875
592804.123046875
598710.384765625
604302.4140625
609525.486328125
614331.265625
618678.505859375
622533.625
625871.1484375
628674.04296875
630933.8828125
632650.916015625
633833.955078125
634500.169921875
634674.728515625
634390.3046875
633686.5078125
632609.154296875
631209.50390625
629543.365234375
627670.16796875
625651.984375
623552.49609375
621435.96875
619366.212890625
617405.576171875
615613.947265625
614047.837890625
612759.501953125
611796.15234375
611199.251953125
611003.91796875
611238.43359375
611923.857421875
613073.77734375
614694.185546875
616783.4453125
619332.435546875
622324.76171875
625737.1171875
629539.7265625
633696.916015625
638167.73828125
642906.703125
647864.544921875
652989.064453125
658225.99609375
663519.875
668814.95703125
674056.080078125
679189.529296875
684163.859375
688930.662109375
693445.27734375
697667.416015625
701561.7265625
705098.240234375
708252.740234375
711007.025390625
713349.056640625
715273.015625
716779.25390625
717874.12890625
718569.76171875
718883.693359375
718838.453125
718461.0625
717782.466796875
716836.919921875
715661.30859375
714294.478515625
712776.509765625
711148.00390625
709449.3828125
707720.193359375
705998.4453125
704320.005859375
702718.033203125
701222.46875
699859.603515625
698651.71875
697616.814453125
696768.392578125
696115.36328125
695662.009765625
695408.0390625
695348.73828125
695475.16796875
695774.470703125
696230.20703125
696822.787109375
697529.91015625
698327.087890625
699188.16015625
700085.86328125
700992.380859375
701879.921875
702721.265625
703490.294921875
704162.505859375
704715.484375
705129.310546875
705386.94921875
705474.548828125
705381.69921875
705101.6171875
704631.271484375
703971.416015625
703126.58984375
702105.015625
700918.46484375
699582.044921875
698113.92578125
696535.044921875
694868.734375
693140.33203125
691376.765625
689606.111328125
687857.138671875
686158.84765625
684540.0234375
683028.79296875
681652.193359375
680435.791015625
679403.296875
678576.2578125
677973.7578125
677612.1796875
677505.025390625
677662.76171875
678092.732421875
678799.1328125
679783.0078125
681042.318359375
682572.04296875
684364.33203125
686408.681640625
688692.15625
691199.640625
693914.09375
696816.833984375
699887.837890625
703106.033203125
706449.591796875
709896.22265625
713423.4453125
717008.84765625
720630.33203125
724266.318359375
727895.943359375
731499.20703125
735057.111328125
738551.751953125
741966.380859375
745285.447265625
748494.599609375
751580.677734375
754531.6484375
757336.56640625
759985.484375
762469.34765625
764779.923828125
766909.66796875
768851.634765625
770599.375
772146.83984375
773488.30859375
774618.3125
775531.599609375
776223.103515625
776687.943359375
776921.4375
776919.15625
776676.984375
776191.203125
775458.619140625
774476.681640625
773243.625
771758.638671875
770022.02734375
768035.380859375
765801.751953125
763325.818359375
760614.041015625
757674.814453125
754518.576171875
751157.9296875
747607.6953125
743884.966796875
740009.125
736001.791015625
731886.76953125
727689.951171875
723439.140625
719163.888671875
714895.25
710665.53125
706507.98046875
702456.455078125
698545.072265625
694807.822265625
691278.166015625
687988.634765625
684970.408203125
682252.908203125
679863.375
677826.5078125
676164.0625
674894.53125
674032.814453125
673589.974609375
673572.986328125
673984.576171875
674823.087890625
676082.421875
677752.017578125
679816.900390625
682257.796875
685051.29296875
688170.0546875
691583.115234375
695256.1953125
699152.07421875
703231.021484375
707451.2421875
711769.35546875
716140.9140625
720520.916015625
724864.337890625
729126.6796875
733264.46875
737235.791015625
741000.767578125
744522.021484375
747765.10546875
750698.869140625
753295.82421875
755532.40234375
757389.205078125
758851.16796875
759907.671875
760552.6015625
760784.328125
760605.640625
760023.62109375
759049.451171875
757698.18359375
755988.453125
753942.142578125
751584.0234375
748941.3515625
746043.451171875
742921.267578125
739606.9140625
736133.22265625
732533.279296875
728839.99609375
725085.6640625
721301.56640625
717517.58203125
713761.861328125
710060.5078125
706437.318359375
702913.55078125
699507.771484375
696235.708984375
693110.185546875
690141.087890625
687335.3828125
684697.177734375
682227.830078125
679926.09375
677788.291015625
675808.5390625
673978.974609375
672290.0234375
670730.677734375
669288.779296875
667951.322265625
666704.73828125
665535.19140625
664428.859375
663372.1953125
662352.181640625
661356.548828125
660373.974609375
659394.267578125
658408.48828125
657409.08203125
656389.94140625
655346.4609375
654275.55078125
653175.611328125
652046.501953125
650889.462890625
649707.01953125
648502.859375
647281.712890625
646049.1875
644811.6171875
643575.890625
642349.28515625
641139.296875
639953.47265625
638799.25
637683.822265625
636613.98828125
635596.046875
634635.6875
633737.91796875
632906.990234375
632146.376953125
631458.724609375
630845.88671875
630308.9140625
629848.111328125
629463.07421875
629152.76953125
628915.607421875
628749.5390625
628652.1328125
628620.6953125
628652.357421875
628744.1796875
628893.234375
629096.703125
629351.951171875
629656.580078125
630008.4921875
630405.91796875
630847.43359375
631331.96875
631858.783203125
632427.44140625
633037.75390625
633689.7265625
634383.462890625
635119.087890625
635896.638671875
636715.953125
637576.5625
638477.556640625
639417.490234375
640394.244140625
641404.9296875
642445.7890625
643512.099609375
644598.111328125
645696.9765625
646800.728515625
647900.248046875
648985.279296875
650044.453125
651065.3359375
652034.509765625
652937.666015625
653759.71875
654484.96484375
655097.220703125
655580.01953125
655916.794921875
656091.076171875
656086.7265625
655888.138671875
655480.470703125
654849.86328125
653983.65234375
652870.587890625
651501.01953125
649867.083984375
647962.869140625
645784.556640625
643330.537109375
640601.513671875
637600.556640625
634333.1484375
630807.189453125
627032.970703125
623023.130859375
618792.55859375
614358.2890625
609739.353515625
604956.62890625
600032.626953125
594991.287109375
589857.748046875
584658.095703125
579419.103515625
574167.95703125
568931.98046875
563738.359375
558613.859375
553584.5546875
548675.560546875
543910.787109375
539312.689453125
534902.05859375
530697.8046875
526716.79296875
522973.67578125
519480.765625
516247.93359375
513282.53125
510589.33984375
508170.55859375
506025.79296875
504152.109375
502544.0859375
501193.89453125
500091.416015625
499224.359375
498578.43359375
498137.484375
497883.69921875
497797.798828125
497859.240234375
498046.431640625
498336.96484375
498707.8203125
499135.611328125
499596.80859375
500067.94921875
500525.873046875
500947.92578125
501312.166015625
501597.5546875
501784.146484375
501853.26171875
501787.6328125
501571.56640625
501191.060546875
500633.921875
499889.859375
498950.583984375
497809.849609375
496463.517578125
494909.57421875
493148.16015625
491181.560546875
489014.17578125
486652.490234375
484105.025390625
481382.251953125
478496.515625
475461.9296875
472294.248046875
469010.73828125
465630.037109375
462171.98046875
458657.423828125
455108.07421875
451546.26953125
447994.791015625
444476.638671875
441014.814453125
437632.095703125
434350.8125
431192.61328125
428178.2421875
425327.314453125
422658.1015625
420187.33203125
417929.98046875
415899.095703125
414105.63671875
412558.314453125
411263.482421875
410225.015625
409444.25
408919.919921875
408648.142578125
408622.419921875
408833.685546875
409270.369140625
409918.494140625
410761.814453125
411781.978515625
412958.708984375
414270.037109375
415692.53125
417201.572265625
418771.63671875
420376.595703125
421990.03515625
423585.576171875
425137.201171875
426619.58203125
428008.41015625
429280.693359375
430415.072265625
431392.087890625
432194.447265625
432807.2421875
433218.15625
433417.623046875
433398.947265625
433158.3984375
432695.23828125
432011.728515625
431113.0703125
430007.322265625
428705.255859375
427220.173828125
425567.69140625
423765.466796875
421832.921875
419790.904296875
417661.333984375
415466.841796875
413230.37109375
410974.79296875
408722.4921875
406494.98828125
404312.54296875
402193.787109375
400155.38671875
398211.720703125
396374.603515625
394653.046875
393053.05859375
391577.509765625
390226.03125
388994.9765625
387877.453125
386863.380859375
385939.642578125
385090.263671875
384296.6640625
383537.947265625
382791.244140625
382032.09765625
381234.87890625
380373.248046875
379420.619140625
378350.646484375
377137.734375
375757.515625
374187.357421875
372406.810546875
370398.0703125
368146.37890625
365640.3984375
362872.5234375
359839.162109375
356540.92578125
352982.791015625
349174.14453125
345128.81640625
340864.98828125
336405.052734375
331775.408203125
327006.158203125
322130.767578125
317185.646484375
312209.671875
307243.671875
302329.849609375
297511.19140625
292830.83203125
288331.419921875
284054.451171875
280039.638671875
276324.26953125
272942.591796875
269925.2578125
267298.775390625
265085.03125
263300.884765625
261957.806640625
261061.61328125
260612.26953125
260603.779296875
261024.166015625
261855.54296875
263074.259765625
264651.15234375
266551.880859375
268737.32421875
271164.083984375
273785.01953125
276549.888671875
279406.001953125
282298.9375
285173.294921875
287973.45703125
290644.37109375
293132.32421875
295385.705078125
297355.744140625
298997.224609375
300269.115234375
301135.201171875
301564.5859375
301532.171875
301019.015625
300012.6328125
298507.1796875
296503.560546875
294009.421875
291039.05859375
287613.21875
283758.8125
279508.544921875
274900.4375
269977.306640625
264786.138671875
259377.435546875
253804.48046875
248122.599609375
242388.359375
236658.77734375
230990.51171875
225439.0703125
220058.03125
214898.30078125
210007.41015625
205428.888671875
201201.650390625
197359.50390625
193930.71484375
190937.6640625
188396.578125
186317.37109375
184703.5859375
183552.3984375
182854.755859375
182595.580078125
182754.068359375
183304.07421875
184214.5546875
185450.109375
186971.548828125
188736.529296875
190700.21875
192816.009765625
195036.212890625
197312.78515625
199598.048828125
201845.37890625
204009.875
206048.99609375
207923.13671875
209596.162109375
211035.87109375
212214.3828125
213108.47265625
213699.798828125
213975.0703125
213926.1171875
213549.89453125
212848.392578125
211828.462890625
210501.595703125
208883.603515625
206994.251953125
204856.833984375
202497.69921875
199945.7421875
197231.857421875
194388.38671875
191448.5390625
188445.828125
185413.5
182384.0
179388.4453125
176456.15625
173614.20703125
170887.04296875
168296.140625
165859.748046875
163592.654296875
161506.05859375
159607.48828125
157900.78125
156386.14453125
155060.26953125
153916.501953125
152945.076171875
152133.400390625
151466.37109375
150926.73828125
150495.498046875
150152.296875
149875.865234375
149644.453125
149436.24609375
149229.796875
149004.42578125
148740.591796875
148420.248046875
148027.14453125
147547.103515625
146968.23046875
146281.09765625
145478.8515625
144557.296875
143514.900390625
142352.75390625
141074.494140625
139686.158203125
138196.005859375
136614.3046875
134953.072265625
133225.78515625
131447.087890625
129632.447265625
127797.841796875
125959.40625
124133.111328125
122334.427734375
120578.03515625
118877.5234375
117245.142578125
115691.583984375
114225.7890625
112854.80078125
111583.662109375
110415.359375
109350.8046875
108388.859375
107526.421875
106758.53515625
106078.5390625
105478.26171875
104948.2421875
104477.9765625
104056.185546875
103671.09375
103310.7265625
102963.20703125
102617.03515625
102261.380859375
101886.345703125
101483.20703125
101044.6328125
100564.876953125
100039.9140625
99467.568359375
98847.57421875
98181.607421875
97473.265625
96728.00390625
95953.041015625
95157.20703125
94350.751953125
93545.1328125
92752.767578125
91986.740234375
91260.51171875
90587.6015625
89981.26953125
89454.17578125
89018.064453125
88683.458984375
88459.341796875
88352.916015625
88369.333984375
88511.49609375
88779.892578125
89172.46484375
89684.53125
90308.76171875
91035.193359375
91851.310546875
92742.17578125
93690.58984375
94677.337890625
95681.44140625
96680.494140625
97650.984375
98568.6953125
99409.10546875
100147.818359375
100760.978515625
101225.744140625
101520.6953125
101626.2734375
101525.181640625
101202.7734375
100647.3828125
99850.64453125
98807.75
97517.65625
95983.23828125
94211.37890625
92213.00390625
90003.05078125
87600.359375
85027.5234375
82310.65625
79479.099609375
76565.099609375
73603.384765625
70630.7421875
67685.52734375
64807.142578125
62035.49609375
59410.439453125
56971.189453125
54755.751953125
52800.3671875
51138.935546875
49802.513671875
48818.798828125
48211.693359375
48000.88671875
48201.50390625
48823.8203125
49873.025390625
51349.07421875
53246.591796875
55554.86328125
58257.8984375
61334.556640625
64758.763671875
68499.78125
72522.544921875
76788.08203125
81253.94921875
85874.755859375
90602.708984375
95388.19140625
100180.3828125
104927.87109375
109579.306640625
114084.01953125
118392.662109375
122457.802734375
126234.517578125
129680.9296875
132758.720703125
135433.580078125
137675.615234375
139459.681640625
140765.669921875
141578.7109375
141889.3125
141693.4375
140992.484375
139793.232421875
138107.6796875
135952.8515625
133350.5234375
130326.888671875
126912.18359375
123140.259765625
119048.1171875
114675.400390625
110063.890625
105256.94921875
100298.970703125
95234.837890625
90109.37109375
84966.794921875
79850.23046875
74801.21484375
69859.232421875
65061.330078125
60441.736328125
56031.53515625
51858.412109375
47946.427734375
44315.869140625
40983.138671875
37960.70703125
35257.125
32877.076171875
30821.50390625
29087.740234375
27669.74609375
26558.3125
25741.365234375
25204.25390625
24930.08203125
24900.0546875
25093.828125
25489.8828125
26065.876953125
26799.01171875
27666.376953125
28645.283203125
29713.5703125
30849.90234375
32034.033203125
33247.01953125
34471.4453125
35691.564453125
36893.435546875
38065.03125
39196.26171875
40279.041015625
41307.232421875
42276.63671875
43184.908203125
44031.44921875
44817.298828125
45544.978515625
46218.337890625
46842.376953125
47423.05859375
47967.12890625
48481.91015625
48975.12109375
49454.681640625
49928.544921875
50404.513671875
50890.103515625
51392.3828125
51917.865234375
52472.3984375
53061.080078125
53688.1875
54357.1328125
55070.443359375
55829.74609375
56635.7734375
57488.396484375
58386.66015625
59328.83984375
60312.50390625
61334.578125
62391.439453125
63478.9765625
64592.701171875
65727.8046875
66879.259765625
68041.880859375
69210.4140625
70379.580078125
71544.140625
72698.947265625
73838.958984375
74959.291015625
76055.208984375
77122.14453125
78155.689453125
79151.576171875
80105.66015625
81013.8984375
81872.3125
82676.951171875
83423.869140625
84109.07421875
84728.51171875
85278.025390625
85753.349609375
86150.078125
86463.677734375
86689.478515625
86822.708984375
86858.505859375
86791.96875
86618.208984375
86332.416015625
85929.9375
85406.359375
84757.619140625
83980.09765625
83070.734375
82027.14453125
80847.736328125
79531.8359375
78079.7890625
76493.07421875
74774.408203125
72927.8359375
70958.79296875
68874.1796875
66682.3984375
64393.380859375
62018.576171875
59570.939453125
57064.873046875
54516.169921875
51941.900390625
49360.30078125
46790.62109375
44252.958984375
41768.064453125
39357.130859375
37041.572265625
34842.767578125
32781.826171875
30879.306640625
29154.96484375
27627.48046875
26314.1953125
25230.8671875
24391.412109375
23807.69140625
23489.294921875
23443.361328125
23674.427734375
24184.2890625
24971.916015625
26033.3984375
27361.912109375
28947.748046875
30778.361328125
32838.470703125
35110.185546875
37573.1953125
40204.94921875
42980.93359375
45874.91015625
48859.2421875
51905.208984375
54983.349609375
58063.833984375
61116.8125
64112.810546875
67023.1015625
69820.064453125
72477.552734375
74971.22265625
77278.87890625
79380.736328125
81259.705078125
82901.60546875
84295.357421875
85433.12890625
86310.427734375
86926.1640625
87282.6484375
87385.541015625
87243.77734375
86869.40234375
86277.40625
85485.47265625
84513.728515625
83384.408203125
82121.54296875
80750.560546875
79297.916015625
77790.669921875
76256.07421875
74721.138671875
73212.224609375
71754.609375
70372.107421875
69086.673828125
67918.0546875
66883.478515625
65997.37109375
65271.099609375
64712.796875
64327.20703125
64115.60546875
64075.74609375
64201.884765625
64484.86328125
64912.216796875
65468.373046875
66134.876953125
66890.673828125
67712.427734375
68574.89453125
69451.314453125
70313.83984375
71133.984375
71883.0859375
72532.783203125
73055.482421875
73424.833984375
73616.1796875
73606.9921875
73377.275390625
72909.9453125
72191.15625
71210.58984375
69961.701171875
68441.876953125
66652.587890625
64599.4375
62292.1640625
59744.58984375
56974.482421875
54003.3828125
50856.349609375
47561.671875
44150.505859375
40656.47265625
37115.2265625
33563.9609375
30040.91015625
26584.818359375
23234.392578125
20027.74609375
17001.85546875
14192.017578125
11631.318359375
9350.15234375
7375.740234375
5731.708984375
4437.71875
3509.130859375
2956.736328125
2786.5546875
2999.685546875
3592.240234375
4555.328125
5875.126953125
7533.017578125
9505.779296875
11765.853515625
14281.685546875
17018.1015625
19936.736328125
22996.54296875
26154.2890625
29365.1328125
32583.19140625
35762.146484375
38855.845703125
41818.912109375
44607.33203125
47179.046875
49494.5
51517.16015625
53214.00390625
54555.955078125
55518.255859375
56080.806640625
56228.41796875
55951.013671875
55243.744140625
54107.076171875
52546.74609375
50573.703125
48203.94921875
45458.326171875
42362.240234375
38945.3203125
35241.03125
31286.240234375
27120.724609375
22786.685546875
18328.18359375
13790.587890625
9220.015625
4662.74609375
164.65625
-4229.3359375
-8475.810546875
-12533.349609375
-16363.02734375
-19928.8359375
-23198.091796875
-26141.763671875
-28734.78125
-30956.2578125
-32789.673828125
-34222.990234375
-35248.705078125
-35863.857421875
-36069.958984375
-35872.87890625
-35282.673828125
-34313.373046875
-32982.701171875
-31311.7890625
-29324.814453125
-27048.646484375
-24512.4453125
-21747.25
-18785.556640625
-15660.888671875
-12407.376953125
-9059.33203125
-5650.84765625
-2215.3984375
1214.513671875
4607.705078125
7934.61328125
11167.576171875
14281.068359375
17251.896484375
20059.3671875
22685.3984375
25114.609375
27334.357421875
29334.74609375
31108.583984375
32651.341796875
33961.037109375
35038.123046875
35885.3515625
36507.595703125
36911.6796875
37106.18359375
37101.248046875
36908.3671875
36540.1796875
36010.28515625
35333.029296875
34523.330078125
33596.4921875
32568.05859375
31453.658203125
30268.861328125
29029.0859375
27749.490234375
26444.88671875
25129.681640625
23817.828125
22522.78125
21257.4765625
20034.31640625
18865.16015625
17761.3203125
16733.576171875
15792.166015625
14946.791015625
14206.625
13580.296875
13075.896484375
12700.939453125
12462.353515625
12366.4453125
12418.83984375
12624.44921875
12987.39453125
13510.943359375
14197.431640625
15048.181640625
16063.42578125
17242.216796875
18582.341796875
20080.259765625
21731.0078125
23528.16796875
25463.794921875
27528.40234375
29710.935546875
31998.791015625
34377.826171875
36832.421875
39345.56640625
41898.9453125
44473.0703125
47047.443359375
49600.7265625
52110.94921875
54555.736328125
56912.54296875
59158.9296875
61272.826171875
63232.826171875
65018.458984375
66610.505859375
67991.265625
69144.845703125
70057.423828125
70717.49609375
71116.09765625
71247.00390625
71106.900390625
70695.49609375
70015.634765625
69073.3203125
67877.744140625
66441.22265625
64779.119140625
62909.708984375
60853.994140625
58635.474609375
56279.8828125
53814.873046875
51269.67578125
48674.71484375
46061.22265625
43460.787109375
40904.94140625
38424.697265625
36050.1015625
33809.79296875
31730.578125
29837.00390625
28150.98828125
26691.4609375
25474.05078125
24510.8203125
23810.0390625
23376.03515625
23209.068359375
23305.30859375
23656.830078125
24251.703125
25074.130859375
26104.66015625
27320.435546875
28695.5234375
30201.2890625
31806.802734375
33479.306640625
35184.705078125
36888.095703125
38554.291015625
40148.38671875
41636.310546875
42985.361328125
44164.751953125
45146.115234375
45903.982421875
46416.22265625
46664.43359375
46634.275390625
46315.759765625
45703.455078125
44796.640625
43599.37109375
42120.48828125
40373.552734375
38376.6796875
36152.349609375
33727.091796875
31131.16015625
28398.10546875
25564.31640625
22668.509765625
19751.16796875
16853.9609375
14019.146484375
11288.935546875
8704.876953125
6307.240234375
4134.412109375
2222.3046875
603.833984375
-691.607421875
-1638.580078125
-2216.017578125
-2407.54296875
-2201.73828125
-1592.341796875
-578.35546875
835.90234375
2640.849609375
4821.744140625
7358.8828125
10227.853515625
13399.884765625
16842.216796875
20518.576171875
24389.65625
28413.673828125
32546.9375
36744.44921875
40960.5234375
45149.404296875
49265.888671875
53265.91796875
57107.173828125
60749.625
64156.029296875
67292.412109375
70128.466796875
72637.919921875
74798.80859375
76593.705078125
78009.869140625
79039.3359375
79678.9140625
79930.12890625
79799.095703125
79296.322265625
78436.447265625
77237.9453125
75722.74609375
73915.841796875
71844.83984375
69539.505859375
67031.251953125
64352.66796875
61536.98828125
58617.611328125
55627.611328125
52599.267578125
49563.63671875
46550.1484375
43586.23828125
40697.03515625
37905.10546875
35230.21484375
32689.1953125
30295.830078125
28060.802734375
25991.72265625
24093.1640625
22366.8046875
20811.5625
19423.81640625
18197.6328125
17125.052734375
16196.376953125
15400.486328125
14725.1796875
14157.5
13684.06640625
13291.412109375
12966.291015625
12695.96484375
12468.478515625
12272.896484375
12099.501953125
11939.96484375
11787.470703125
11636.802734375
11484.375
11328.255859375
11168.10546875
11005.099609375
10841.828125
10682.126953125
10530.90625
10393.953125
10277.701171875
10188.994140625
10134.845703125
10122.19140625
10157.634765625
10247.220703125
10396.21484375
10608.8984375
10888.384765625
11236.478515625
11653.55078125
12138.46484375
12688.509765625
13299.412109375
13965.353515625
14679.037109375
15431.791015625
16213.70703125
17013.810546875
17820.25390625
18620.544921875
19401.779296875
20150.90625
20854.98046875
21501.453125
22078.412109375
22574.859375
22980.94921875
23288.21484375
23489.76953125
23580.48046875
23557.119140625
23418.443359375
23165.29296875
22800.58984375
22329.341796875
21758.57421875
21097.23046875
20356.044921875
19547.357421875
18684.90625
17783.58984375
16859.19921875
15928.13671875
15007.103515625
14112.802734375
13261.619140625
12469.302734375
11750.681640625
11119.369140625
10587.49609375
10165.494140625
9861.865234375
9683.044921875
9633.251953125
9714.421875
9926.171875
10265.80078125
10728.361328125
11306.755859375
11991.89453125
12772.884765625
13637.267578125
14571.28125
15560.1640625
16588.466796875
17640.40234375
18700.193359375
19752.423828125
20782.38671875
21776.43359375
22722.2890625
23609.349609375
24428.953125
25174.6015625
25842.142578125
26429.92578125
26938.861328125
27372.4765625
27736.869140625
28040.650390625
28294.78125
28512.40625
28708.5859375
28900.02734375
29104.724609375
29341.609375
29630.1328125
29989.833984375
30439.916015625
30998.775390625
31683.56640625
32509.763671875
33490.73828125
34637.373046875
35957.7109375
37456.658203125
39135.70703125
40992.771484375
43022.03125
45213.876953125
47554.92578125
50028.099609375
52612.779296875
55285.0390625
58017.94921875
60781.9375
63545.22265625
66274.302734375
68934.490234375
71490.478515625
73906.958984375
76149.23828125
78183.873046875
79979.302734375
81506.47265625
82739.41796875
83655.830078125
84237.556640625
84471.064453125
84347.8046875
83864.53515625
83023.541015625
81832.76171875
80305.83984375
78462.044921875
76326.142578125
73928.107421875
71302.802734375
68489.5
65531.376953125
62474.876953125
59369.041015625
56264.751953125
53213.93359375
50268.728515625
47480.6171875
44899.5625
42573.1328125
40545.662109375
38857.427734375
37543.880859375
36634.953125
36154.412109375
36119.330078125
36539.625
37417.73046875
38748.376953125
40518.47265625
42707.146484375
45285.87890625
48218.7890625
51463.0390625
54969.341796875
58682.611328125
62542.708984375
66485.265625
70442.609375
74344.767578125
78120.505859375
81698.421875
85008.046875
87980.966796875
90551.927734375
92659.90234375
94249.11328125
95270.0
95680.0859375
95444.765625
94537.96875
92942.720703125
90651.544921875
87666.7421875
84000.515625
79674.95703125
74721.85546875
69182.392578125
63106.638671875
56552.97265625
49587.30078125
42282.203125
34715.953125
26971.416015625
19134.9140625
11294.994140625
3541.162109375
-4037.41015625
-11353.17578125
-18321.494140625
-24861.884765625
-30899.201171875
-36364.765625
-41197.375
-45344.232421875
-48761.7265625
-51416.107421875
-53283.9765625
-54352.654296875
-54620.37109375
-54096.296875
-52800.40625
-50763.169921875
-48025.099609375
-44636.138671875
-40654.888671875
-36147.736328125
-31187.833984375
-25853.994140625
-20229.48828125
-14400.787109375
-8456.24609375
-2484.7734375
3425.51953125
9188.630859375
14721.978515625
19947.619140625
24793.40625
29194.064453125
33092.130859375
36438.78515625
39194.541015625
41329.7890625
42825.16796875
43671.80078125
43871.3359375
43435.84765625
42387.5546875
40758.396484375
38589.44140625
35930.166015625
32837.599609375
29375.36328125
25612.60546875
21622.845703125
17482.77734375
13271.0078125
9066.796875
4948.765625
993.669921875
-2724.84765625
-6137.3828125
-9179.873046875
-11794.572265625
-13930.919921875
-15546.30859375
-16606.6875
-17087.052734375
-16971.76171875
-16254.70703125
-14939.326171875
-13038.4765625
-10574.130859375
-7576.947265625
-4085.6875
-146.529296875
4187.751953125
8858.705078125
13803.181640625
18954.419921875
24243.134765625
29598.677734375
34950.171875
40227.65625
45363.2109375
50292.001953125
54953.30078125
59291.40625
63256.458984375
66805.181640625
69901.462890625
72516.849609375
74630.875
76231.263671875
77314.00390625
77883.25390625
77951.140625
77537.412109375
76668.955078125
75379.2265625
73707.55078125
71698.349609375
69400.27734375
66865.3203125
64147.8125
61303.4765625
58388.41015625
55458.099609375
52566.47265625
49764.9609375
47101.658203125
44620.509765625
42360.626953125
40355.673828125
38633.37109375
37215.109375
36115.6796875
35343.15234375
34898.841796875
34777.43359375
34967.19921875
35450.353515625
36203.505859375
37198.220703125
38401.64453125
39777.25
41285.59375
42885.158203125
44533.205078125
46186.658203125
47802.98046875
49341.02734375
50761.8828125
52029.638671875
53112.115234375
53981.5078125
54614.94921875
54994.966796875
55109.857421875
54953.93359375
54527.646484375
53837.626953125
52896.5703125
51723.03515625
50341.11328125
48780.001953125
47073.478515625
45259.28125
43378.43359375
41474.46875
39592.638671875
37779.076171875
36079.9140625
34540.435546875
33204.212890625
32112.271484375
31302.298828125
30807.9140625
30657.986328125
30876.05859375
31479.833984375
32480.787109375
33883.861328125
35687.291015625
37882.529296875
40454.30078125
43380.76171875
46633.78515625
50179.33203125
53977.958984375
57985.375
62153.130859375
66429.33984375
70759.484375
75087.244140625
79355.392578125
83506.66796875
87484.685546875
91234.80078125
94704.974609375
97846.57421875
100615.13671875
102971.037109375
104880.111328125
106314.16015625
107251.369140625
107676.619140625
107581.6875
106965.3359375
105833.287109375
104198.087890625
102078.857421875
99500.939453125
96495.443359375
93098.71484375
89351.701171875
85299.26171875
80989.42578125
76472.59375
71800.712890625
67026.435546875
62202.28125
57379.810546875
52608.814453125
47936.552734375
43407.05859375
39060.474609375
34932.501953125
31053.90234375
27450.119140625
24140.97265625
21140.470703125
18456.736328125
16092.0078125
14042.7734375
12299.998046875
10849.4375
9672.052734375
8744.505859375
8039.71484375
7527.498046875
7175.2265625
6948.560546875
6812.169921875
6730.494140625
6668.478515625
6592.302734375
6470.08984375
6272.546875
5973.580078125
5550.822265625
4986.09765625
4265.80078125
3381.189453125
2328.56640625
1109.38671875
-269.74609375
-1797.1953125
-3456.490234375
-5226.61328125
-7082.404296875
-8995.025390625
-10932.490234375
-12860.294921875
-14742.078125
-16540.302734375
-18217.0234375
-19734.62109375
-21056.55859375
-22148.134765625
-22977.19921875
-23514.837890625
-23736.0234375
-23620.17578125
-23151.681640625
-22320.318359375
-21121.58984375
-19556.9765625
-17634.078125
-15366.654296875
-12774.56640625
-9883.607421875
-6725.234375
-3336.19921875
241.9140625
3963.2421875
7778.251953125
11634.466796875
15477.19921875
19250.361328125
22897.30078125
26361.66015625
29588.244140625
32523.87109375
35118.21875
37324.638671875
39100.90234375
40409.927734375
41220.388671875
41507.29296875
41252.4375
40444.791015625
39080.76171875
37164.361328125
34707.255859375
31728.72265625
28255.48046875
24321.41796875
19967.208984375
15239.8515625
10192.09375
4881.77734375
-628.8828125
-6274.08984375
-11985.306640625
-17692.142578125
-23323.265625
-28807.326171875
-34073.890625
-39054.3515625
-43682.83203125
-47897.03515625
-51639.056640625
-54856.126953125
-57501.3046875
-59534.06640625
-60920.826171875
-61635.357421875
-61659.1171875
-60981.466796875
-59599.79296875
-57519.515625
-54754.00390625
-51324.3828125
-47259.232421875
-42594.22265625
-37371.623046875
-31639.763671875
-25452.404296875
-18868.0625
-11949.259765625
-4761.755859375
2626.2734375
10145.0546875
17724.0703125
25292.875
32781.9453125
40123.458984375
47252.07421875
54105.640625
60625.888671875
66759.009765625
72456.24609375
77674.32421875
82375.875
86529.75
90111.2421875
93102.25390625
95491.357421875
97273.775390625
98451.302734375
99032.111328125
99030.525390625
98466.689453125
97366.21484375
95759.724609375
93682.37890625
91173.361328125
88275.310546875
85033.734375
81496.419921875
77712.8046875
73733.37109375
69609.0390625
65390.556640625
61127.94140625
56869.904296875
52663.353515625
48552.90625
44580.435546875
40784.701171875
37200.984375
33860.806640625
30791.693359375
28016.984375
25555.71875
23422.544921875
21627.71875
20177.130859375
19072.390625
18310.96484375
17886.33984375
17788.259765625
18002.96484375
18513.48046875
19299.939453125
20339.9140625
21608.7734375
23080.056640625
24725.8515625
26517.177734375
28424.369140625
30417.46484375
32466.5625
34542.19140625
36615.646484375
38659.306640625
40646.951171875
42554.005859375
44357.8125
46037.8359375
47575.841796875
48956.0625
50165.3046875
51193.037109375
52031.4453125
52675.4453125
53122.673828125
53373.431640625
53430.619140625
53299.6171875
52988.1640625
52506.193359375
51865.6484375
51080.2890625
50165.46484375
49137.884765625
48015.375
46816.619140625
45560.900390625
44267.8359375
42957.119140625
41648.2578125
40360.318359375
39111.6875
37919.837890625
36801.107421875
35770.51171875
34841.552734375
34026.060546875
33334.0625
32773.673828125
32351.001953125
32070.09765625
31932.923828125
31939.349609375
32087.177734375
32372.1875
32788.228515625
33327.306640625
33979.728515625
34734.240234375
35578.197265625
36497.76171875
37478.09375
38503.57421875
39558.033203125
40624.978515625
41687.82421875
42730.138671875
43735.87109375
44689.572265625
45576.623046875
46383.42578125
47097.6015625
47708.150390625
48205.603515625
48582.15234375
48831.73828125
48950.140625
48935.01171875
48785.892578125
48504.21484375
48093.244140625
47558.02734375
46905.29296875
46143.32421875
45281.828125
44331.7578125
43305.13671875
42214.86328125
41074.484375
39897.98046875
38699.544921875
37493.341796875
36293.283203125
35112.8125
33964.67578125
32860.732421875
31811.771484375
30827.330078125
29915.5703125
29083.140625
28335.09375
27674.81640625
27103.99609375
26622.61328125
26228.970703125
25919.740234375
25690.05078125
25533.60546875
25442.80859375
25408.927734375
25422.28515625
25472.447265625
25548.447265625
25638.99609375
25732.73046875
25818.42578125
25885.24609375
25922.9609375
25922.154296875
25874.435546875
25772.615234375
25610.861328125
25384.853515625
25091.86328125
24730.853515625
24302.513671875
23809.271484375
23255.2734375
22646.333984375
21989.837890625
21294.619140625
20570.806640625
19829.654296875
19083.314453125
18344.62109375
17626.8359375
16943.3828125
16307.58203125
15732.361328125
15229.982421875
14811.76171875
14487.806640625
14266.767578125
14155.60546875
14159.37109375
14281.046875
14521.384765625
14878.7890625
15349.2578125
15926.33203125
16601.11328125
17362.3046875
18196.30859375
19087.35546875
20017.68359375
20967.751953125
21916.482421875
22841.55859375
23719.716796875
24527.09375
25239.591796875
25833.224609375
26284.51953125
26570.87890625
26670.98046875
26565.119140625
26235.583984375
25666.9765625
24846.525390625
23764.345703125
22413.693359375
20791.14453125
18896.755859375
16734.16015625
14310.630859375
11637.06640625
8727.94921875
5601.236328125
2278.205078125
-1216.751953125
-4856.384765625
-8610.884765625
-12448.21875
-16334.513671875
-20234.451171875
-24111.712890625
-27929.421875
-31650.615234375
-35238.703125
-38657.94921875
-41873.93359375
-44853.998046875
-47567.6796875
-49987.103515625
-52087.369140625
-53846.86328125
-55247.572265625
-56275.30078125
-56919.8828125
-57175.310546875
-57039.82421875
-56515.9296875
-55610.38671875
-54334.107421875
-52702.017578125
-50732.87890625
-48449.021484375
-45876.0703125
-43042.615234375
-39979.826171875
-36721.072265625
-33301.470703125
-29757.4609375
-26126.328125
-22445.7421875
-18753.283203125
-15085.982421875
-11479.87109375
-7969.537109375
-4587.732421875
-1364.98046875
1670.765625
4494.419921875
7084.05078125
9421.068359375
11490.42578125
13280.716796875
14784.2578125
15997.111328125
16919.048828125
17553.478515625
17907.322265625
17990.841796875
17817.43359375
17403.384765625
16767.59375
15931.26171875
14917.56640625
13751.31640625
12458.58203125
11066.333984375
9602.0703125
8093.45703125
6567.955078125
5052.482421875
3573.0859375
2154.626953125
820.5078125
-407.59375
-1509.94140625
-2468.9375
-3269.267578125
-3898.037109375
-4344.84375
-4601.83984375
-4663.7265625
-4527.751953125
-4193.65234375
-3663.564453125
-2941.91796875
-2035.294921875
-952.2734375
296.75390625
1699.771484375
3243.35546875
4912.88671875
6692.765625
8566.6484375
10517.66796875
12528.646484375
14582.310546875
16661.494140625
18749.328125
20829.419921875
22886.005859375
24904.095703125
26869.607421875
28769.4609375
30591.6640625
32325.392578125
33961.02734375
35490.1796875
36905.716796875
38201.748046875
39373.609375
40417.8203125
41332.048828125
42115.04296875
42766.578125
43287.365234375
43678.986328125
43943.8046875
44084.87109375
44105.845703125
44010.9140625
43804.68359375
43492.119140625
43078.447265625
42569.095703125
41969.609375
41285.58984375
40522.642578125
39686.314453125
38782.044921875
37815.134765625
36790.697265625
35713.638671875
34588.625
33420.07421875
32212.1171875
30968.61328125
29693.12109375
28388.912109375
27058.947265625
25705.90234375
24332.150390625
22939.783203125
21530.61328125
20106.181640625
18667.7734375
17216.431640625
15752.97265625
14278.00390625
12791.94921875
11295.060546875
9787.447265625
8269.111328125
6739.96875
5199.880859375
3648.6875
2086.25390625
512.4921875
-1072.58203125
-2668.828125
-4275.916015625
-5893.3046875
-7520.19140625
-9155.46875
-10797.6953125
-12445.05078125
-14095.306640625
-15745.806640625
-17393.427734375
-19034.580078125
-20665.181640625
-22280.673828125
-23876.0078125
-25445.67578125
-26983.720703125
-28483.78125
-29939.123046875
-31342.705078125
-32687.216796875
-33965.177734375
-35168.986328125
-36291.025390625
-37323.740234375
-38259.7421875
-39091.8984375
-39813.451171875
-40418.09765625
-40900.107421875
-41254.416015625
-41476.71875
-41563.552734375
-41512.384765625
-41321.67578125
-40990.935546875
-40520.775390625
-39912.9296875
-39170.2734375
-38296.828125
-37297.73046875
-36179.20703125
-34948.5234375
-33613.90234375
-32184.451171875
-30670.05859375
-29081.265625
-27429.158203125
-25725.2109375
-23981.1484375
-22208.787109375
-20419.87109375
-18625.921875
-16838.06640625
-15066.884765625
-13322.26171875
-11613.25
-9947.923828125
-8333.279296875
-6775.134765625
-5278.04296875
-3845.240234375
-2478.60546875
-1178.640625
55.5078125
1226.025390625
2336.365234375
3391.169921875
4396.158203125
5358.017578125
6284.236328125
7182.955078125
8062.783203125
8932.61328125
9801.412109375
10678.03125
11570.98828125
12488.271484375
13437.12890625
14423.89453125
15453.798828125
16530.8125
17657.505859375
18834.935546875
20062.54296875
21338.091796875
22657.64453125
24015.537109375
25404.4296875
26815.34765625
28237.787109375
29659.828125
31068.298828125
32448.9453125
33786.65234375
35065.658203125
36269.8125
37382.83984375
38388.62109375
39271.46484375
40016.3984375
40609.4609375
41037.958984375
41290.75
41358.4765625
41233.80078125
40911.59765625
40389.12890625
39666.1796875
38745.16796875
37631.197265625
36332.078125
34858.322265625
33223.076171875
31442.01171875
29533.189453125
27516.869140625
25415.298828125
23252.443359375
21053.70703125
18845.615234375
16655.474609375
14511.013671875
12440.029296875
10469.98046875
8627.64453125
6938.71484375
5427.453125
4116.33984375
3025.734375
2173.6015625
1575.208984375
1242.9296875
1186.01953125
1410.490234375
1918.990234375
2710.7578125
3781.611328125
5123.986328125
6727.03125
8576.744140625
10656.15625
12945.564453125
15422.78125
18063.45703125
20841.39453125
23728.92578125
26697.271484375
29716.943359375
32758.15234375
35791.201171875
38786.876953125
41716.8671875
44554.09375
47273.08984375
49850.30859375
52264.41015625
54496.521484375
56530.43359375
58352.77734375
59953.126953125
61324.08984375
62461.314453125
63363.458984375
64032.12890625
64471.74609375
64689.375
64694.529296875
64498.9140625
64116.15625
63561.494140625
62851.455078125
62003.50390625
61035.697265625
59966.322265625
58813.53515625
57595.0234375
56327.669921875
55027.23828125
53708.09375
52382.943359375
51062.619140625
49755.890625
48469.3515625
47207.294921875
45971.69140625
44762.185546875
43576.140625
42408.736328125
41253.11328125
40100.548828125
38940.68359375
37761.77734375
36550.9921875
35294.71875
33978.890625
32589.345703125
31112.173828125
29534.072265625
27842.701171875
26027.01953125
24077.609375
21986.962890625
19749.771484375
17363.146484375
14826.80859375
12143.259765625
9317.876953125
6358.96875
3277.798828125
88.521484375
-3191.888671875
-6543.798828125
-9945.091796875
-13371.421875
-16796.4765625
-20192.30078125
-23529.65234375
-26778.369140625
-29907.783203125
-32887.12890625
-35685.978515625
-38274.658203125
-40624.6953125
-42709.216796875
-44503.361328125
-45984.64453125
-47133.318359375
-47932.673828125
-48369.3125
-48433.384765625
-48118.763671875
-47423.166015625
-46348.25
-44899.611328125
-43086.76953125
-40923.07421875
-38425.5625
-35614.767578125
-32514.478515625
-29151.45703125
-25555.1015625
-21757.1015625
-17791.03125
-13691.935546875
-9495.90234375
-5239.607421875
-959.861328125
3306.837890625
7524.744140625
11659.298828125
15677.5390625
19548.474609375
23243.4375
26736.404296875
30004.255859375
33027.01953125
35788.0390625
38274.115234375
40475.58203125
42386.341796875
44003.83984375
45329.0
46366.10546875
47122.6328125
47609.05078125
47838.578125
47826.8984375
47591.865234375
47153.158203125
46531.94140625
45750.505859375
44831.890625
43799.525390625
42676.84375
41486.953125
40252.283203125
38994.263671875
37733.041015625
36487.201171875
35273.55078125
34106.912109375
32999.97265625
31963.166015625
31004.59765625
30130.001953125
29342.7578125
28643.935546875
28032.375
27504.818359375
27056.048828125
26679.099609375
26365.443359375
26105.2421875
25887.59765625
25700.81640625
25532.685546875
25370.7578125
25202.626953125
25016.203125
24799.978515625
24543.279296875
24236.490234375
23871.275390625
23440.75390625
22939.662109375
22364.48046875
21713.525390625
20987.009765625
20187.072265625
19317.7734375
18385.046875
17396.634765625
16361.9765625
15292.07421875
14199.3359375
13097.384765625
12000.857421875
10925.169921875
9886.291015625
8900.482421875
7984.04296875
7153.05859375
6423.13671875
5809.158203125
5325.033203125
4983.470703125
4795.763671875
4771.59765625
4918.875
5243.55859375
5749.5625
6438.6484375
7310.3515625
8361.962890625
9588.50390625
10982.76171875
12535.333984375
14234.716796875
16067.412109375
18018.0546875
20069.578125
22203.39453125
24399.5859375
26637.126953125
28894.111328125
31147.990234375
33375.81640625
35554.50390625
37661.076171875
39672.91015625
41568.005859375
43325.19921875
44924.408203125
46346.8515625
47575.23828125
48593.97265625
49389.306640625
49949.4921875
50264.908203125
50328.16015625
50134.16796875
49680.2109375
48965.96875
47993.52734375
46767.353515625
45294.2734375
43583.39453125
41646.029296875
39495.591796875
37147.46875
34618.8828125
31928.734375
29097.431640625
26146.693359375
23099.373046875
19979.236328125
16810.7578125
13618.89453125
10428.880859375
7265.990234375
4155.322265625
1121.583984375
-1811.126953125
-4619.529296875
-7281.361328125
-9775.564453125
-12082.47265625
-14183.970703125
-16063.65234375
-17706.95703125
-19101.294921875
-20236.1484375
-21103.154296875
-21696.185546875
-22011.388671875
-22047.216796875
-21804.439453125
-21286.1328125
-20497.6484375
-19446.55859375
-18142.595703125
-16597.556640625
-14825.201171875
-12841.123046875
-10662.619140625
-8308.52734375
-5799.056640625
-3155.615234375
-400.615234375
2442.724609375
5350.58984375
8298.775390625
11262.908203125
14218.654296875
17141.9375
20009.1484375
22797.357421875
25484.50390625
28049.595703125
30472.876953125
32736.001953125
34822.1875
36716.33984375
38405.181640625
39877.349609375
41123.46875
42136.212890625
42910.34765625
43442.751953125
43732.3984375
43780.349609375
43589.69921875
43165.509765625
42514.732421875
41646.109375
40570.044921875
39298.490234375
37844.78125
36223.498046875
34450.291015625
32541.70703125
30515.029296875
28388.0703125
26179.0234375
23906.26171875
21588.17578125
19242.99609375
16888.654296875
14542.59765625
12221.69140625
9942.0546875
7718.970703125
5566.78515625
3498.8125
1527.28125
-336.716796875
-2083.271484375
-3703.662109375
-5190.37109375
-6537.05859375
-7738.552734375
-8790.806640625
-9690.849609375
-10436.7265625
-11027.44140625
-11462.8828125
-11743.740234375
-11871.4296875
-11848.021484375
-11676.146484375
-11358.93359375
-10899.919921875
-10302.998046875
-9572.33984375
-8712.35546875
-7727.6328125
-6622.91015625
-5403.037109375
-4072.96484375
-2637.732421875
-1102.455078125
527.654296875
2247.28125
4050.984375
5933.17578125
7888.078125
9909.705078125
11991.8203125
14127.8984375
16311.1015625
18534.2421875
20789.763671875
23069.71484375
25365.744140625
27669.095703125
29970.609375
32260.755859375
34529.638671875
36767.0625
38962.55859375
41105.47265625
43185.017578125
45190.369140625
47110.759765625
48935.576171875
50654.474609375
52257.494140625
53735.16796875
55078.65625
56279.859375
57331.533203125
58227.408203125
58962.296875
59532.1796875
59934.30859375
60167.2734375
60231.052734375
60127.08203125
59858.24609375
59428.91796875
58844.923828125
58113.525390625
57243.36328125
56244.37890625
55127.7265625
53905.66796875
52591.439453125
51199.103515625
49743.3984375
48239.55859375
46703.142578125
45149.833984375
43595.255859375
42054.7734375
40543.298828125
39075.099609375
37663.619140625
36321.29296875
35059.400390625
33887.912109375
32815.36328125
31848.736328125
30993.388671875
30252.982421875
29629.443359375
29122.951171875
28731.951171875
28453.193359375
28281.798828125
28211.34375
28233.978515625
28340.55859375
28520.8046875
28763.46484375
29056.517578125
29387.36328125
29743.029296875
30110.40234375
30476.421875
30828.31640625
31153.81640625
31441.333984375
31680.1875
31860.7578125
31974.650390625
32014.845703125
31975.802734375
31853.5546875
31645.7890625
31351.85546875
30972.80078125
30511.330078125
29971.771484375
29359.984375
28683.271484375
27950.228515625
27170.60546875
26355.125
25515.28515625
24663.16015625
23811.169921875
22971.849609375
22157.623046875
21380.5625
20652.16015625
19983.1015625
19383.048828125
18860.451171875
18422.359375
18074.259765625
17819.962890625
17661.46484375
17598.89453125
17630.458984375
17752.419921875
17959.12890625
18243.05859375
18594.900390625
19003.669921875
19456.865234375
19940.62109375
20439.92578125
20938.8359375
21420.72265625
21868.51953125
22265.013671875
22593.11328125
22836.126953125
22978.060546875
23003.88671875
22899.8203125
22653.568359375
22254.57421875
21694.236328125
20966.095703125
20066.00390625
18992.248046875
17745.669921875
16329.701171875
14750.416015625
13016.505859375
11139.232421875
9132.349609375
7011.966796875
4796.41015625
2506.00390625
162.873046875
-2209.32421875
-4585.662109375
-6940.25
-9246.541015625
-11477.662109375
-13606.7421875
-15607.251953125
-17453.337890625
-19120.154296875
-20584.1796875
-21823.513671875
-22818.173828125
-23550.337890625
-24004.59375
-24168.1328125
-24030.919921875
-23585.82421875
-22828.724609375
-21758.5625
-20377.359375
-18690.1953125
-16705.162109375
-14433.25
-11888.220703125
-9086.44921875
-6046.716796875
-2789.982421875
660.86328125
4281.279296875
8045.3515625
11926.1171875
15895.859375
19926.43359375
23989.587890625
28057.26953125
32101.935546875
36096.8359375
40016.294921875
43835.974609375
47533.083984375
51086.607421875
54477.462890625
57688.65625
60705.3984375
63515.177734375
66107.822265625
68475.494140625
70612.6875
72516.1796875
74184.943359375
75620.044921875
76824.51171875
77803.18359375
78562.52734375
79110.45703125
79456.12890625
79609.720703125
79582.228515625
79385.240234375
79030.716796875
78530.78515625
77897.537109375
77142.833984375
76278.134765625
75314.34375
74261.658203125
73129.46875
71926.255859375
70659.52734375
69335.765625
67960.41796875
66537.8984375
65071.603515625
63563.986328125
62016.60546875
60430.220703125
58804.912109375
57140.185546875
55435.11328125
53688.46875
51898.876953125
50064.955078125
48185.474609375
46259.484375
44286.462890625
42266.435546875
40200.09375
38088.892578125
35935.12890625
33742.009765625
31513.701171875
29255.341796875
26973.044921875
24673.8828125
22365.845703125
20057.76953125
17759.259765625
15480.59375
13232.583984375
11026.466796875
8873.736328125
6786.0
4774.814453125
2851.505859375
1027.01171875
-688.2890625
-2284.748046875
-3753.587890625
-5087.0625
-6278.578125
-7322.818359375
-8215.8359375
-8955.134765625
-9539.7265625
-9970.162109375
-10248.552734375
-10378.55078125
-10365.314453125
-10215.4453125
-9936.91796875
-9538.966796875
-9031.970703125
-8427.298828125
-7737.181640625
-6974.51171875
-6152.689453125
-5285.419921875
-4386.533203125
-3469.787109375
-2548.677734375
-1636.265625
-744.98046875
113.521484375
928.529296875
1690.392578125
2390.65234375
3022.12890625
3578.99609375
4056.828125
4452.63671875
4764.86328125
4993.361328125
5139.35546875
5205.36328125
5195.12109375
5113.462890625
4966.212890625
4760.0234375
4502.244140625
4200.755859375
3863.794921875
3499.796875
3117.220703125
2724.388671875
2329.3203125
1939.599609375
1562.212890625
1203.462890625
868.83984375
562.94921875
289.45703125
51.0390625
-150.626953125
-314.84765625
-441.890625
-532.91796875
-589.916015625
-615.59765625
-613.271484375
-586.7265625
-540.0703125
-477.578125
-403.5234375
-322.013671875
-236.818359375
-151.197265625
-67.755859375
11.71875
86.376953125
156.43359375
223.26171875
289.453125
358.873046875
436.681640625
529.314453125
644.44140625
790.89453125
978.57421875
1218.30078125
1521.669921875
1900.84765625
2368.37890625
2936.943359375
3619.1015625
4427.0390625
5372.3046875
6465.5
7716.041015625
9131.85546875
10719.13671875
12482.08984375
14422.70703125
16540.560546875
18832.63671875
21293.185546875
23913.630859375
26682.494140625
29585.384765625
32605.0234375
35721.3125
38911.451171875
42150.111328125
45409.64453125
48660.33203125
51870.69140625
55007.81640625
58037.734375
60925.82421875
63637.240234375
66137.349609375
68392.212890625
70369.037109375
72036.654296875
73365.974609375
74330.447265625
74906.48046875
75073.853515625
74816.068359375
74120.69921875
72979.650390625
71389.416015625
69351.23046875
66871.205078125
63960.37109375
60634.67578125
56914.90625
52826.5546875
48399.60546875
43668.2734375
38670.673828125
33448.43359375
28046.25
22511.416015625
16893.279296875
11242.701171875
5611.435546875
51.552734375
-5385.197265625
-10648.0078125
-15687.615234375
-20456.923828125
-24911.5703125
-29010.466796875
-32716.32421875
-35996.1015625
-38821.421875
-41168.9140625
-43020.5078125
-44363.63671875
-45191.3984375
-45502.607421875
-45301.802734375
-44599.158203125
-43410.328125
-41756.216796875
-39662.68359375
-37160.171875
-34283.294921875
-31070.33984375
-27562.759765625
-23804.595703125
-19841.884765625
-15722.03125
-11493.185546875
-7203.591796875
-2900.955078125
1368.17578125
5559.01171875
9629.083984375
13538.787109375
17251.845703125
20735.748046875
23962.111328125
26906.990234375
29551.1015625
31879.99609375
33884.134765625
35558.908203125
36904.576171875
37926.12890625
38633.07421875
39039.19140625
39162.16796875
39023.220703125
38646.6640625
38059.41796875
37290.48828125
36370.43359375
35330.796875
34203.541015625
33020.4765625
31812.705078125
30610.080078125
29440.689453125
28330.390625
27302.359375
26376.71484375
25570.1875
24895.857421875
24362.939453125
23976.654296875
23738.158203125
23644.55078125
23688.94921875
23860.625
24145.224609375
24525.02734375
24979.291015625
25484.619140625
26015.3984375
26544.263671875
27042.599609375
27481.0625
27830.11328125
28060.560546875
28144.107421875
28053.876953125
27764.91796875
27254.689453125
26503.501953125
25494.919921875
24216.115234375
22658.162109375
20816.2734375
18689.970703125
16283.19921875
13604.359375
10666.267578125
7486.078125
4085.099609375
488.56640625
-3274.646484375
-7172.373046875
-11169.556640625
-15228.697265625
-19310.328125
-23373.525390625
-27376.45703125
-31276.916015625
-35032.890625
-38603.1171875
-41947.619140625
-45028.248046875
-47809.173828125
-50257.365234375
-52343.01171875
-54039.912109375
-55325.8125
-56182.681640625
-56596.939453125
-56559.603515625
-56066.40234375
-55117.798828125
-53718.96484375
-51879.69140625
-49614.236328125
-46941.1171875
-43882.84765625
-40465.634765625
-36719.02734375
-32675.5234375
-28370.15234375
-23840.03125
-19123.90625
-14261.67578125
-9293.91796875
-4261.421875
795.283203125
5836.357421875
10823.09765625
15718.306640625
20486.677734375
25095.103515625
29512.978515625
33712.4296875
37668.521484375
41359.404296875
44766.42578125
47874.17578125
50670.521484375
53146.564453125
55296.564453125
57117.8515625
58610.666015625
59777.986328125
60625.3515625
61160.60546875
61393.697265625
61336.40234375
61002.087890625
60405.44140625
59562.2265625
58489.029296875
57203.021484375
55721.732421875
54062.85546875
52244.052734375
50282.7890625
48196.20703125
46000.986328125
43713.283203125
41348.634765625
38921.93359375
36447.40234375
33938.587890625
31408.390625
28869.08984375
26332.392578125
23809.484375
21311.1015625
18847.58984375
16428.97265625
14065.009765625
11765.259765625
9539.12109375
7395.865234375
5344.669921875
3394.6015625
1554.63671875
-166.400390625
-1759.861328125
-3217.34765625
-4530.79296875
-5692.560546875
-6695.541015625
-7533.30078125
-8200.1875
-8691.494140625
-9003.572265625
-9134.0
-9081.703125
-8847.087890625
-8432.15625
-7840.615234375
-7077.953125
-6151.5078125
-5070.498046875
-3846.037109375
-2491.111328125
-1020.52734375
549.16015625
2199.7734375
3911.6640625
5663.875
7434.365234375
9200.23828125
10938.005859375
12623.880859375
14234.064453125
15745.080078125
17134.087890625
18379.228515625
19459.9375
20357.287109375
21054.294921875
21536.205078125
21790.794921875
21808.587890625
21583.09375
21110.974609375
20392.185546875
19430.0703125
18231.412109375
16806.421875
15168.701171875
13335.130859375
11325.7265625
9163.43359375
6873.876953125
4485.076171875
2027.103515625
-468.279296875
-2968.029296875
-5438.251953125
-7844.650390625
-10152.984375
-12329.5625
-14341.685546875
-16158.140625
-17749.64453125
-19089.26953125
-20152.865234375
-20919.41796875
-21371.392578125
-21495.005859375
-21280.486328125
-20722.234375
-19818.958984375
-18573.748046875
-16994.052734375
-15091.646484375
-12882.49609375
-10386.576171875
-7627.62109375
-4632.841796875
-1432.560546875
1940.1875
5450.0859375
9060.0234375
12731.595703125
16425.634765625
20102.748046875
23723.873046875
27250.8203125
30646.80859375
33876.982421875
36908.912109375
39713.046875
42263.142578125
44536.62109375
46514.90625
48183.6796875
49533.080078125
50557.8515625
51257.40625
51635.8203125
51701.78515625
51468.458984375
50953.265625
50177.646484375
49166.71875
47948.91015625
46555.529296875
45020.287109375
43378.806640625
41668.07421875
39925.876953125
38190.2578125
36498.921875
34888.666015625
33394.837890625
32050.79296875
30887.37890625
29932.484375
29210.595703125
28742.435546875
28544.634765625
28629.47265625
29004.689453125
29673.353515625
30633.806640625
31879.673828125
33399.958984375
35179.1796875
37197.60546875
39431.533203125
41853.638671875
44433.36328125
47137.384765625
49930.080078125
52774.083984375
55630.8203125
58461.083984375
61225.625
63885.7421875
66403.8515625
68744.06640625
70872.73046875
72758.935546875
74374.98828125
75696.84375
76704.474609375
77382.189453125
77718.88671875
77708.23828125
77348.806640625
76644.095703125
75602.515625
74237.2890625
72566.28125
70611.751953125
68400.060546875
65961.29296875
63328.84375
60538.939453125
57630.12109375
54642.703125
51618.171875
48598.603515625
45626.037109375
42741.87109375
39986.244140625
37397.447265625
35011.345703125
32860.849609375
30975.40625
29380.55078125
28097.51171875
27142.86328125
26528.267578125
26260.244140625
26340.064453125
26763.671875
27521.716796875
28599.638671875
29977.833984375
31631.908203125
33532.978515625
35648.044921875
37940.4453125
40370.326171875
42895.2109375
45470.548828125
48050.365234375
50587.865234375
53036.123046875
55348.71484375
57480.404296875
59387.763671875
61029.818359375
62368.642578125
63369.90234375
64003.38671875
64243.443359375
64069.40234375
63465.8828125
62423.0625
60936.861328125
59009.046875
56647.26171875
53864.958984375
50681.2734375
47120.806640625
43213.326171875
38993.40234375
34499.984375
29775.880859375
24867.23046875
19822.888671875
14693.78125
9532.236328125
4391.283203125
-676.0546875
-5617.46875
-10382.091796875
-14921.158203125
-19188.6953125
-23142.12890625
-26742.884765625
-29956.896484375
-32755.09765625
-35113.802734375
-37015.04296875
-38446.80859375
-39403.21875
-39884.59375
-39897.45703125
-39454.419921875
-38574.025390625
-37280.455078125
-35603.201171875
-33576.62890625
-31239.48828125
-28634.353515625
-25807.0
-22805.75
-19680.767578125
-16483.322265625
-13265.048828125
-10077.181640625
-6969.806640625
-3991.12109375
-1186.724609375
1401.060546875
3733.828125
5777.646484375
7503.58203125
8888.130859375
9913.5859375
10568.296875
10846.865234375
10750.23046875
10285.66015625
9466.65625
8312.75390625
6849.23046875
5106.73828125
3120.818359375
931.3828125
-1417.9140625
-3880.345703125
-6406.833984375
-8946.732421875
-11448.62109375
-13861.119140625
-16133.724609375
-18217.62890625
-20066.517578125
-21637.357421875
-22891.119140625
-23793.451171875
-24315.302734375
-24433.458984375
-24131.00390625
-23397.67578125
-22230.138671875
-20632.146484375
-18614.607421875
-16195.5234375
-13399.841796875
-10259.173828125
-6811.4375
-3100.376953125
825.015625
4911.130859375
9100.50390625
13332.603515625
17544.689453125
21672.732421875
25652.3359375
29419.7109375
32912.623046875
36071.353515625
38839.615234375
41165.46484375
43002.12109375
44308.74609375
45051.13671875
45202.349609375
44743.189453125
43662.634765625
41958.109375
39635.666015625
36710.03125
33204.517578125
29150.841796875
24588.779296875
19565.7265625
14136.138671875
8360.859375
2306.359375
-3956.13671875
-10351.556640625
-16802.001953125
-23227.78125
-29548.4921875
-35684.13671875
-41556.20703125
-47088.791015625
-52209.634765625
-56851.162109375
-60951.435546875
-64455.05078125
-67313.9375
-69488.048828125
-70945.98046875
-71665.419921875
-71633.51953125
-70847.087890625
-69312.69921875
-67046.615234375
-64074.599609375
-60431.59765625
-56161.263671875
-51315.3984375
-45953.234375
-40140.640625
-33949.21875
-27455.328125
-20739.033203125
-13883.013671875
-6971.408203125
-88.6796875
6681.55859375
13257.68359375
19561.17578125
25517.689453125
31058.052734375
36119.201171875
40645.0078125
44587.02734375
47905.10546875
50567.869140625
52553.123046875
53848.048828125
54449.3203125
54363.060546875
53604.6484375
52198.412109375
50177.181640625
47581.728515625
44460.072265625
40866.708984375
36861.744140625
32509.92578125
27879.65234375
23041.908203125
18069.177734375
13034.34375
8009.599609375
3065.35546875
-1730.77734375
-6314.99609375
-10628.212890625
-14616.896484375
-18233.828125
-21438.736328125
-24198.822265625
-26489.17578125
-28293.060546875
-29602.05078125
-30416.07421875
-30743.279296875
-30599.810546875
-30009.443359375
-29003.10546875
-27618.283203125
-25898.33984375
-23891.728515625
-21651.154296875
-19232.66015625
-16694.654296875
-14096.94140625
-11499.69921875
-8962.48046875
-6543.228515625
-4297.318359375
-2276.638671875
-528.759765625
903.859375
1984.55078125
2683.02734375
2975.88671875
2846.970703125
2287.640625
1296.904296875
-118.55859375
-1944.50390625
-4159.341796875
-6734.484375
-9634.779296875
-12819.072265625
-16240.83203125
-19848.890625
-23588.21875
-27400.78125
-31226.4296875
-35003.82421875
-38671.361328125
-42168.125
-45434.79296875
-48414.544921875
-51053.892578125
-53303.50390625
-55118.91015625
-56461.171875
-57297.44140625
-57601.4296875
-57353.79296875
-56542.3828125
-55162.4140625
-53216.509765625
-50714.64453125
-47673.974609375
-44118.564453125
-40079.02734375
-35592.060546875
-30699.90625
-25449.734375
-19892.96875
-14084.552734375
-8082.185546875
-1945.513671875
4264.669921875
10487.255859375
16661.609375
22728.373046875
28630.208984375
34312.51171875
39724.0703125
44817.654296875
49550.55078125
53885.001953125
57788.5859375
61234.4921875
64201.72265625
66675.205078125
68645.818359375
70110.322265625
71071.22265625
71536.552734375
71519.580078125
71038.447265625
70115.767578125
68778.15625
67055.728515625
64981.58203125
62591.2109375
59921.978515625
57012.515625
53902.169921875
50630.470703125
47236.578125
43758.80859375
40234.177734375
36697.978515625
33183.416015625
29721.3046875
26339.798828125
23064.1953125
19916.791015625
16916.783203125
14080.24609375
11420.142578125
8946.404296875
6666.025390625
4583.23828125
2699.68359375
1014.64453125
-474.720703125
-1773.115234375
-2886.83203125
-3823.4765625
-4591.7109375
-5200.9609375
-5661.181640625
-5982.615234375
-6175.57421875
-6250.25390625
-6216.578125
-6084.0546875
-5861.685546875
-5557.892578125
-5180.486328125
-4736.650390625
-4232.974609375
-3675.486328125
-3069.740234375
-2420.890625
-1733.802734375
-1013.1640625
-263.6171875
510.138671875
1303.20703125
2110.396484375
2926.111328125
3744.2734375
4558.2578125
5360.83984375
6144.197265625
6899.896484375
7618.947265625
8291.857421875
8908.728515625
9459.376953125
9933.4765625
10320.720703125
10611.01953125
10794.6875
10862.6640625
10806.740234375
10619.7578125
10295.85546875
9830.6484375
9221.451171875
8467.43359375
7569.7890625
6531.837890625
5359.138671875
4059.53125
2643.15234375
1122.419921875
-488.0546875
-2171.56640625
-3909.470703125
-5681.39453125
-7465.46484375
-9238.587890625
-10976.76953125
-12655.435546875
-14249.81640625
-15735.328125
-17087.953125
-18284.66796875
-19303.8203125
-20125.541015625
-20732.11328125
-21108.330078125
-21241.8203125
-21123.349609375
-20747.048828125
-20110.634765625
-19215.552734375
-18067.064453125
-16674.29296875
-15050.181640625
-13211.423828125
-11178.28125
-8974.404296875
-6626.53125
-4164.169921875
-1619.216796875
974.482421875
3581.587890625
6165.779296875
8690.28125
11118.4296875
13414.197265625
15542.791015625
17471.18359375
19168.646484375
20607.275390625
21762.451171875
22613.28125
23142.978515625
23339.18359375
23194.236328125
22705.357421875
21874.78515625
20709.810546875
19222.755859375
17430.861328125
15356.10546875
13024.955078125
10468.013671875
7719.654296875
4817.544921875
1802.142578125
-1283.873046875
-4396.1875
-7489.484375
-10518.099609375
-13436.671875
-16200.8125
-18767.75390625
-21096.97265625
-23150.80859375
-24895.021484375
-26299.296875
-27337.724609375
-27989.185546875
-28237.685546875
-28072.603515625
-27488.880859375
-26487.099609375
-25073.513671875
-23259.958984375
-21063.720703125
-18507.287109375
-15618.048828125
-12427.916015625
-8972.87890625
-5292.50390625
-1429.373046875
2571.501953125
6663.3125
10798.10546875
14927.453125
19003.119140625
22977.7109375
26805.341796875
30442.248046875
33847.357421875
36982.849609375
39814.625
42312.7578125
44451.833984375
46211.267578125
47575.515625
48534.216796875
49082.279296875
49219.8515625
48952.255859375
48289.82421875
47247.66015625
45845.361328125
44106.654296875
42058.98828125
39733.08203125
37162.419921875
34382.73046875
31431.44921875
28347.134765625
25168.916015625
21935.9296875
18686.763671875
15458.927734375
12288.369140625
9208.982421875
6252.212890625
3446.6640625
817.7890625
-1612.380859375
-3825.435546875
-5806.732421875
-7545.48046875
-9034.7578125
-10271.4765625
-11256.271484375
-11993.369140625
-12490.365234375
-12757.982421875
-12809.7890625
-12661.86328125
-12332.435546875
-11841.537109375
-11210.58984375
-10462.017578125
-9618.84765625
-8704.318359375
-7741.501953125
-6752.943359375
-5760.30859375
-4784.099609375
-3843.353515625
-2955.4140625
-2135.728515625
-1397.681640625
-752.484375
-209.087890625
225.83984375
547.91796875
755.00390625
847.109375
826.283203125
696.474609375
463.35546875
134.1328125
-282.6640625
-777.400390625
-1339.55859375
-1957.98046875
-2621.080078125
-3317.076171875
-4034.185546875
-4760.83984375
-5485.84765625
-6198.556640625
-6888.986328125
-7547.943359375
-8167.107421875
-8739.08984375
-9257.470703125
-9716.822265625
-10112.677734375
-10441.525390625
-10700.744140625
-10888.552734375
-11003.91796875
-11046.486328125
-11016.48046875
-10914.611328125
-10741.990234375
-10500.03125
-10190.373046875
-9814.8203125
-9375.267578125
-8873.66796875
-8312.005859375
-7692.28515625
-7016.5390625
-6286.857421875
-5505.43359375
-4674.62109375
-3797.013671875
-2875.53515625
-1913.541015625
-914.91015625
115.8203125
1173.361328125
2251.564453125
3343.302734375
4440.404296875
5533.56640625
6612.296875
7664.8828125
8678.384765625
9638.654296875
10530.373046875
11337.146484375
12041.60546875
12625.55859375
13070.15625
13356.109375
13463.931640625
13374.1796875
13067.767578125
12526.25390625
11732.16796875
10669.35546875
9323.287109375
7681.423828125
5733.52734375
3471.9765625
892.07421875
-2007.697265625
-5225.42578125
-8755.572265625
-12588.8125
-16711.92578125
-21107.732421875
-25755.087890625
-30628.931640625
-35700.408203125
-40937.025390625
-46302.892578125
-51758.998046875
-57263.564453125
-62772.439453125
-68239.544921875
-73617.36328125
-78857.470703125
-83911.087890625
-88729.669921875
-93265.501953125
-97472.306640625
-101305.849609375
-104724.52734375
-107689.953125
-110167.5
-112126.802734375
-113542.2421875
-114393.33203125
-114665.103515625
-114348.35546875
-113439.900390625
-111942.6796875
-109865.8359375
-107224.681640625
-104040.599609375
-100340.845703125
-96158.283203125
-91531.041015625
-86502.080078125
-81118.708984375
-75432.025390625
-69496.306640625
-63368.359375
-57106.8125
-50771.400390625
-44422.212890625
-38118.955078125
-31920.1875
-25882.60546875
-20060.310546875
-14504.15625
-9261.09765625
-4373.630859375
120.728515625
4189.888671875
7807.546875
10953.4765625
13613.71484375
15780.697265625
17453.2421875
18636.501953125
19341.79296875
19586.33984375
19392.951171875
18789.60546875
17808.958984375
16487.810546875
14866.4921875
12988.224609375
10898.423828125
8644.00390625
6272.63671875
3832.041015625
1369.248046875
-1070.095703125
-3442.38671875
-5706.7109375
-7825.41796875
-9764.638671875
-11494.74609375
-12990.732421875
-14232.515625
-15205.15625
-15898.99609375
-16309.69921875
-16438.2109375
-16290.634765625
-15878.021484375
-15216.0703125
-14324.771484375
-13227.970703125
-11952.876953125
-10529.51953125
-8990.158203125
-7368.666015625
-5699.900390625
-4019.02734375
-2360.90234375
-759.404296875
753.162109375
2146.658203125
3393.65234375
4469.91015625
5354.82421875
6031.78125
6488.443359375
6716.98046875
6714.17578125
6481.50390625
6025.076171875
5355.525390625
4487.81640625
3440.955078125
2237.6484375
903.876953125
-531.564453125
-2037.619140625
-3581.529296875
-5129.4296875
-6646.998046875
-8100.078125
-9455.322265625
-10680.826171875
-11746.736328125
-12625.826171875
-13294.03515625
-13730.951171875
-13920.2421875
-13850.001953125
-13513.05078125
-12907.134765625
-12035.048828125
-10904.671875
-9528.921875
-7925.62109375
-6117.265625
-4130.736328125
-1996.904296875
249.81640625
2571.98828125
4929.716796875
7281.29296875
9583.84375
11794.015625
13868.701171875
15765.732421875
17444.6015625
18867.146484375
19998.208984375
20806.263671875
21263.990234375
21348.77734375
21043.185546875
20335.306640625
19219.052734375
17694.37109375
15767.341796875
13450.201171875
10761.2734375
7724.794921875
4370.650390625
734.03515625
-3144.994140625
-7222.009765625
-11448.80859375
-15774.052734375
-20143.95703125
-24503.03515625
-28794.8515625
-32962.83984375
-36951.06640625
-40705.046875
-44172.513671875
-47304.166015625
-50054.388671875
-52381.908203125
-54250.400390625
-55629.02734375
-56492.892578125
-56823.42578125
-56608.662109375
-55843.44921875
-54529.52734375
-52675.55859375
-50297.0
-47415.939453125
-44060.79296875
-40265.935546875
-36071.25
-31521.576171875
-26666.125
-21557.8046875
-16252.509765625
-10808.365234375
-5284.947265625
257.521484375
5758.982421875
11160.32421875
16404.193359375
21435.724609375
26203.28125
30659.1015625
34759.921875
38467.521484375
41749.189453125
44578.11328125
46933.677734375
48801.697265625
50174.53125
51051.11328125
51436.90625
51343.7421875
50789.595703125
49798.259765625
48398.958984375
46625.873046875
44517.61328125
42116.646484375
39468.650390625
36621.8515625
33626.330078125
30533.31640625
27394.47265625
24261.169921875
21183.802734375
18211.111328125
15389.544921875
12762.6484375
10370.54296875
8249.40234375
6431.046875
4942.576171875
3806.080078125
3038.42578125
2651.1328125
2650.291015625
3036.607421875
3805.4765625
4947.158203125
6447.009765625
8285.78515625
10439.986328125
12882.283203125
15581.947265625
18505.365234375
21616.552734375
24877.6796875
28249.65234375
31692.65234375
35166.708984375
38632.220703125
42050.51953125
45384.328125
48598.263671875
51659.2421875
54536.8671875
57203.779296875
59635.92578125
61812.79296875
63717.583984375
65337.333984375
66662.9609375
67689.271484375
68414.90625
68842.240234375
68977.208984375
68829.130859375
68410.443359375
67736.4453125
66824.966796875
65696.046875
64371.58203125
62874.9453125
61230.6328125
59463.859375
57600.21484375
55665.28125
53684.29296875
51681.80859375
49681.3984375
47705.375
45774.5390625
43907.970703125
42122.833984375
40434.251953125
38855.18359375
37396.359375
36066.234375
34871.005859375
33814.625
32898.873046875
32123.443359375
31486.064453125
30982.6328125
30607.373046875
30353.013671875
30210.958984375
30171.490234375
30223.97265625
30357.0234375
30558.732421875
30816.841796875
31118.921875
31452.55078125
31805.458984375
32165.68359375
32521.689453125
32862.47265625
33177.6640625
33457.5859375
33693.328125
33876.76953125
34000.615234375
34058.390625
34044.455078125
33953.958984375
33782.841796875
33527.783203125
33186.16796875
32756.03125
32236.01953125
31625.3359375
30923.701171875
30131.296875
29248.734375
28277.017578125
27217.51171875
26071.921875
24842.279296875
23530.931640625
22140.533203125
20674.068359375
19134.849609375
17526.5234375
15853.119140625
14119.033203125
12329.076171875
10488.486328125
8602.943359375
6678.58984375
4722.03515625
2740.369140625
741.134765625
-1267.66796875
-3277.615234375
-5279.8984375
-7265.36328125
-9224.5859375
-11147.92578125
-13025.626953125
-14847.8984375
-16605.025390625
-18287.48046875
-19886.03515625
-21391.8984375
-22796.826171875
-24093.265625
-25274.466796875
-26334.623046875
-27268.966796875
-28073.89453125
-28747.056640625
-29287.439453125
-29695.435546875
-29972.892578125
-30123.1484375
-30151.03125
-30062.8671875
-29866.416015625
-29570.849609375
-29186.64453125
-28725.48828125
-28200.16015625
-27624.376953125
-27012.63671875
-26380.02734375
-25742.048828125
-25114.37890625
-24512.6796875
-23952.359375
-23448.353515625
-23014.90234375
-22665.314453125
-22411.771484375
-22265.11328125
-22234.666015625
-22328.046875
-22551.041015625
-22907.46484375
-23399.0625
-24025.443359375
-24784.0390625
-25670.0859375
-26676.64453125
-27794.662109375
-29013.044921875
-30318.76953125
-31697.03515625
-33131.41796875
-34604.08203125
-36095.9765625
-37587.083984375
-39056.66796875
-40483.533203125
-41846.3046875
-43123.6953125
-44294.791015625
-45339.314453125
-46237.900390625
-46972.345703125
-47525.837890625
-47883.1953125
-48031.0390625
-47957.990234375
-47654.796875
-47114.453125
-46332.287109375
-45306.009765625
-44035.73828125
-42523.9765625
-40775.578125
-38797.66015625
-36599.50390625
-34192.423828125
-31589.599609375
-28805.90234375
-25857.693359375
-22762.603515625
-19539.3125
-16207.3046875
-12786.626953125
-9297.6484375
-5760.82421875
-2196.4609375
1375.515625
4935.7578125
8465.689453125
11947.69140625
15365.240234375
18703.046875
21947.1484375
25085.01171875
28105.556640625
30999.19921875
33757.865234375
36374.939453125
38845.24609375
41164.970703125
43331.576171875
45343.71484375
47201.0859375
48904.34375
50454.943359375
51855.015625
53107.220703125
54214.626953125
55180.572265625
56008.541015625
56702.0625
57264.611328125
57699.5234375
58009.9296875
58198.7109375
58268.482421875
58221.560546875
58060.001953125
57785.603515625
57399.9765625
56904.5859375
56300.84375
55590.189453125
54774.181640625
53854.62109375
52833.638671875
51713.814453125
50498.28125
49190.8203125
47795.95703125
46319.03515625
44766.28125
43144.84765625
41462.83984375
39729.322265625
37954.294921875
36148.6484375
34324.107421875
32493.123046875
30668.76953125
28864.595703125
27094.466796875
25372.39453125
23712.326171875
22127.951171875
20632.466796875
19238.3671875
17957.212890625
16799.396484375
15773.94140625
14888.279296875
14148.0703125
13557.0234375
13116.75
12826.646484375
12683.794921875
12682.916015625
12816.341796875
13074.037109375
13443.65234375
13910.623046875
14458.298828125
15068.125
15719.85546875
16391.794921875
17061.078125
17703.984375
18296.26953125
18813.513671875
19231.501953125
19526.587890625
19676.09765625
19658.6875
19454.732421875
19046.68359375
18419.3984375
17560.45703125
16460.447265625
15113.193359375
13515.978515625
11669.681640625
9578.884765625
7251.94140625
4700.955078125
1941.740234375
-1006.3046875
-4120.357421875
-7374.396484375
-10739.470703125
-14184.03515625
-17674.3046875
-21174.66796875
-24648.1328125
-28056.7890625
-31362.314453125
-34526.474609375
-37511.642578125
-40281.310546875
-42800.607421875
-45036.79296875
-46959.7265625
-48542.3046875
-49760.88671875
-50595.630859375
-51030.83203125
-51055.169921875
-50661.9140625
-49849.068359375
-48619.443359375
-46980.66796875
-44945.13671875
-42529.876953125
-39756.380859375
-36650.333984375
-33241.322265625
-29562.458984375
-25649.970703125
-21542.75
-17281.841796875
-12909.92578125
-8470.76953125
-4008.654296875
432.189453125
4808.16796875
9076.859375
13197.5859375
17131.91796875
20844.16015625
24301.802734375
27475.919921875
30341.5078125
32877.794921875
35068.453125
36901.771484375
38370.76171875
39473.1875
40211.5234375
40592.87109375
40628.783203125
40335.0390625
39731.37109375
38841.1171875
37690.8515625
36309.9453125
34730.125
32984.96875
31109.416015625
29139.236328125
27110.513671875
25059.125
23020.224609375
21027.76953125
19114.03515625
17309.193359375
15640.912109375
14134.005859375
12810.13671875
11687.541015625
10780.85546875
10100.9609375
9654.90234375
9445.8515625
9473.158203125
9732.416015625
10215.609375
10911.3046875
11804.880859375
12878.798828125
14112.931640625
15484.884765625
16970.37890625
18543.630859375
20177.748046875
21845.1328125
23517.884765625
25168.197265625
26768.736328125
28293.00390625
29715.681640625
31012.935546875
32162.70703125
33144.939453125
33941.796875
34537.830078125
34920.091796875
35078.21875
35004.4921875
34693.810546875
34143.671875
33354.087890625
32327.48828125
31068.55859375
29584.107421875
27882.8515625
25975.224609375
23873.15625
21589.83984375
19139.509765625
16537.197265625
13798.517578125
10939.443359375
7976.099609375
4924.57421875
1800.75390625
-1379.841796875
-4602.173828125
-7851.796875
-11114.927734375
-14378.517578125
-17630.26171875
-20858.626953125
-24052.82421875
-27202.779296875
-30299.0859375
-33332.93359375
-36296.041015625
-39180.560546875
-41979.0078125
-44684.150390625
-47288.943359375
-49786.42578125
-52169.673828125
-54431.720703125
-56565.517578125
-58563.91015625
-60419.619140625
-62125.2578125
-63673.35546875
-65056.4140625
-66266.97265625
-67297.705078125
-68141.521484375
-68791.697265625
-69242.017578125
-69486.912109375
-69521.630859375
-69342.396484375
-68946.564453125
-68332.794921875
-67501.193359375
-66453.458984375
-65193.009765625
-63725.083984375
-62056.833984375
-60197.380859375
-58157.841796875
-55951.333984375
-53592.935546875
-51099.630859375
-48490.1953125
-45785.0625
-43006.16015625
-40176.701171875
-37320.947265625
-34463.96484375
-31631.31640625
-28848.76953125
-26141.966796875
-23536.09375
-21055.537109375
-18723.5390625
-16561.857421875
-14590.447265625
-12827.1328125
-11287.322265625
-9983.740234375
-8926.203125
-8121.40234375
-7572.7578125
-7280.30859375
-7240.630859375
-7446.83203125
-7888.578125
-8552.173828125
-9420.70703125
-10474.22265625
-11689.962890625
-13042.638671875
-14504.76171875
-16046.994140625
-17638.541015625
-19247.58203125
-20841.705078125
-22388.365234375
-23855.359375
-25211.287109375
-26426.0234375
-27471.1640625
-28320.46484375
-28950.251953125
-29339.78515625
-29471.609375
-29331.8359375
-28910.392578125
-28201.21875
-27202.38671875
-25916.1953125
-24349.1796875
-22512.05859375
-20419.642578125
-18090.658203125
-15547.529296875
-12816.09765625
-9925.30078125
-6906.791015625
-3794.521484375
-624.30078125
2566.69140625
5740.3984375
8858.40234375
11882.439453125
14774.92578125
17499.462890625
20021.330078125
22307.955078125
24329.357421875
26058.54296875
27471.873046875
28549.373046875
29274.994140625
29636.8203125
29627.21484375
29242.90625
28485.017578125
27359.03515625
25874.705078125
24045.896484375
21890.388671875
19429.599609375
16688.3125
13694.298828125
10477.953125
7071.875
3510.427734375
-170.70703125
-3935.0
-7745.541015625
-11565.498046875
-15358.57421875
-19089.439453125
-22724.146484375
-26230.509765625
-29578.4609375
-32740.345703125
-35691.212890625
-38409.015625
-40874.80859375
-43072.85546875
-44990.716796875
-46619.279296875
-47952.7265625
-48988.4921875
-49727.12109375
-50172.150390625
-50329.896484375
-50209.251953125
-49821.431640625
-49179.703125
-48299.099609375
-47196.125
-45888.44140625
-44394.5703125
-42733.587890625
-40924.83203125
-38987.630859375
-36941.037109375
-34803.599609375
-32593.14453125
-30326.60546875
-28019.859375
-25687.625
-23343.357421875
-20999.2109375
-18666.013671875
-16353.2734375
-14069.224609375
-11820.888671875
-9614.16796875
-7453.95703125
-5344.265625
-3288.361328125
-1288.9140625
651.83984375
2531.9609375
4349.638671875
6103.076171875
7790.333984375
9409.244140625
10957.29296875
12431.5703125
13828.703125
15144.84375
16375.6640625
17516.390625
18561.85546875
19506.576171875
20344.86328125
21070.9453125
21679.111328125
22163.8671875
22520.123046875
22743.365234375
22829.845703125
22776.763671875
22582.4609375
22246.583984375
21770.25390625
21156.205078125
20408.90625
19534.662109375
18541.68359375
17440.115234375
16242.052734375
14961.498046875
13614.3046875
12218.06640625
10791.974609375
9356.646484375
7933.91796875
6546.591796875
5218.17578125
3972.58984375
2833.841796875
1825.703125
971.359375
293.068359375
-188.193359375
-453.078125
-484.193359375
-266.419921875
212.78515625
963.13671875
1991.279296875
3300.580078125
4890.998046875
6758.943359375
8897.23828125
11295.083984375
13938.1015625
16808.41796875
19884.80859375
23142.8671875
26555.267578125
30092.013671875
33720.779296875
37407.271484375
41115.599609375
44808.720703125
48448.869140625
51998.017578125
55418.34375
58672.701171875
61725.09375
64541.119140625
67088.42578125
69337.115234375
71260.134765625
72833.63671875
74037.279296875
74854.5078125
75272.765625
75283.6640625
74883.099609375
74071.3125
72852.888671875
71236.708984375
69235.83203125
66867.345703125
64152.14453125
61114.669921875
57782.59765625
54186.513671875
50359.51171875
46336.798828125
42155.259765625
37853.01171875
33468.93359375
29042.2265625
24611.93359375
20216.498046875
15893.326171875
11678.3671875
7605.732421875
3707.328125
12.54296875
-3452.05078125
-6662.916015625
-9599.771484375
-12245.716796875
-14587.353515625
-16614.828125
-18321.837890625
-19705.59765625
-20766.748046875
-21509.228515625
-21940.1171875
-22069.419921875
-21909.845703125
-21476.544921875
-20786.828125
-19859.859375
-18716.345703125
-17378.232421875
-15868.359375
-14210.15625
-12427.328125
-10543.548828125
-8582.1875
-6566.041015625
-4517.080078125
-2456.248046875
-403.26953125
1623.513671875
3607.271484375
5532.77734375
7386.48046875
9156.5390625
10832.830078125
12406.927734375
13872.0546875
15223.017578125
16456.111328125
17569.013671875
18560.6640625
19431.130859375
20181.462890625
20813.552734375
21329.986328125
21733.896484375
22028.830078125
22218.607421875
22307.20703125
22298.658203125
22196.94140625
22005.91796875
21729.259765625
21370.404296875
20932.544921875
20418.59765625
19831.21875
19172.826171875
18445.638671875
17651.720703125
16793.0390625
15871.533203125
14889.189453125
13848.115234375
12750.619140625
11599.28515625
10397.044921875
9147.244140625
7853.70703125
6520.76953125
5153.328125
3756.85546875
2337.40625
901.619140625
-543.330078125
-1989.734375
-3429.4453125
-4853.921875
-6254.318359375
-7621.591796875
-8946.59765625
-10220.212890625
-11433.4609375
-12577.634765625
-13644.435546875
-14626.099609375
-15515.525390625
-16306.3984375
-16993.298828125
-17571.822265625
-18038.650390625
-18391.640625
-18629.884765625
-18753.75390625
-18764.91796875
-18666.3515625
-18462.322265625
-18158.34765625
-17761.14453125
-17278.548828125
-16719.431640625
-16093.5703125
-15411.544921875
-14684.572265625
-13924.38671875
-13143.048828125
-12352.798828125
-11565.87890625
-10794.373046875
-10050.0234375
-9344.083984375
-8687.14453125
-8089.009765625
-7558.541015625
-7103.5546875
-6730.71484375
-6445.4453125
-6251.86328125
-6152.748046875
-6149.501953125
-6242.150390625
-6429.37109375
-6708.517578125
-7075.685546875
-7525.79296875
-8052.666015625
-8649.150390625
-9307.232421875
-10018.181640625
-10772.671875
-11560.94921875
-12372.966796875
-13198.55078125
-14027.537109375
-14849.927734375
-15656.021484375
-16436.546875
-17182.787109375
-17886.681640625
-18540.919921875
-19139.021484375
-19675.392578125
-20145.380859375
-20545.291015625
-20872.40625
-21124.9765625
-21302.197265625
-21404.1796875
-21431.892578125
-21387.103515625
-21272.310546875
-21090.650390625
-20845.822265625
-20541.986328125
-20183.673828125
-19775.685546875
-19323.001953125
-18830.693359375
-18303.826171875
-17747.390625
-17166.22265625
-16564.953125
-15947.943359375
-15319.25
-14682.6015625
-14041.365234375
-13398.556640625
-12756.83203125
-12118.513671875
-11485.59765625
-10859.80859375
-10242.6171875
-9635.291015625
-9038.953125
-8454.61328125
-7883.240234375
-7325.78515625
-6783.251953125
-6256.724609375
-5747.408203125
-5256.65625
-4785.990234375
-4337.109375
-3911.890625
-3512.38671875
-3140.794921875
-2799.431640625
-2490.69921875
-2217.02734375
-1980.81640625
-1784.384765625
-1629.8828125
-1519.236328125
-1454.064453125
-1435.603515625
-1464.6328125
-1541.421875
-1665.646484375
-1836.34375
-2051.876953125
-2309.88671875
-2607.283203125
-2940.23046875
-3304.169921875
-3693.83203125
-4103.287109375
-4526.005859375
-4954.921875
-5382.53515625
-5801.005859375
-6202.283203125
-6578.22265625
-6920.724609375
-7221.888671875
-7474.146484375
-7670.427734375
-7804.298828125
-7870.10546875
-7863.126953125
-7779.677734375
-7617.248046875
-7374.583984375
-7051.77734375
-6650.3203125
-6173.150390625
-5624.662109375
-5010.69140625
-4338.48046875
-3616.6171875
-2854.953125
-2064.47265625
-1257.171875
-445.8828125
355.890625
1134.1796875
1874.771484375
2563.416015625
3186.07421875
3729.142578125
4179.69921875
4525.728515625
4756.34765625
4862.013671875
4834.728515625
4668.197265625
4357.998046875
3901.681640625
3298.880859375
2551.365234375
1663.064453125
640.0625
-509.453125
-1775.267578125
-3145.271484375
-4605.59765625
-6140.8203125
-7734.1640625
-9367.755859375
-11022.884765625
-12680.3046875
-14320.517578125
-15924.10546875
-17472.04296875
-18946.01953125
-20328.740234375
-21604.25390625
-22758.212890625
-23778.154296875
-24653.7421875
-25376.958984375
-25942.291015625
-26346.85546875
-26590.498046875
-26675.830078125
-26608.24609375
-26395.859375
-26049.427734375
-25582.201171875
-25009.75
-24349.732421875
-23621.626953125
-22846.4453125
-22046.38671875
-21244.48046875
-20464.220703125
-19729.15625
-19062.5
-18486.720703125
-18023.140625
-17691.55078125
-17509.8515625
-17493.68359375
-17656.138671875
-18007.46875
-18554.849609375
-19302.1953125
-20250.01171875
-21395.31640625
-22731.599609375
-24248.84765625
-25933.626953125
-27769.224609375
-29735.82421875
-31810.771484375
-33968.849609375
-36182.62890625
-38422.8359375
-40658.771484375
-42858.7578125
-44990.580078125
-47021.986328125
-48921.158203125
-50657.189453125
-52200.568359375
-53523.626953125
-54600.984375
-55409.931640625
-55930.806640625
-56147.31640625
-56046.794921875
-55620.4375
-54863.4453125
-53775.12109375
-52358.927734375
-50622.42578125
-48577.21484375
-46238.751953125
-43626.1640625
-40761.955078125
-37671.6953125
-34383.646484375
-30928.3515625
-27338.18359375
-23646.873046875
-19889.01171875
-16099.54296875
-12313.244140625
-8564.228515625
-4885.44140625
-1308.185546875
2138.32421875
5427.373046875
8535.12109375
11440.91015625
14127.552734375
16581.5234375
18793.11328125
20756.515625
22469.84765625
23935.103515625
25158.044921875
26148.02734375
26917.771484375
27483.087890625
27862.521484375
28076.98828125
28149.353515625
28103.986328125
27966.283203125
27762.193359375
27517.73046875
27258.462890625
27009.07421875
26792.873046875
26631.380859375
26543.93359375
26547.333984375
26655.52734375
26879.375
27226.4375
27700.853515625
28303.265625
29030.818359375
29877.201171875
30832.787109375
31884.8125
33017.615234375
34212.931640625
35450.23828125
36707.138671875
37959.80078125
39183.380859375
40352.525390625
41441.83203125
42426.345703125
43282.037109375
43986.27734375
44518.27734375
44859.50390625
44994.060546875
44909.0078125
44594.66796875
44044.822265625
43256.8984375
42232.056640625
40975.234375
39495.109375
37804.00390625
35917.71875
33855.302734375
31638.78125
29292.798828125
26844.240234375
24321.794921875
21755.494140625
19176.20703125
16615.1484375
14103.3359375
11671.076171875
9347.447265625
7159.8125
5133.330078125
3290.5390625
1650.943359375
230.681640625
-957.765625
-1905.802734375
-2608.888671875
-3066.62109375
-3282.76953125
-3265.21484375
-3025.845703125
-2580.353515625
-1947.98828125
-1151.2421875
-215.45703125
831.58203125
1960.134765625
3139.0078125
4336.095703125
5518.927734375
6655.248046875
7713.58203125
8663.779296875
9477.568359375
10129.060546875
10595.2265625
10856.3203125
10896.263671875
10702.951171875
10268.51171875
9589.484375
8666.923828125
7506.4375
6118.140625
4516.52734375
2720.2890625
752.03125
-1362.056640625
-3592.6015625
-5907.494140625
-8272.4140625
-10651.35546875
-13007.220703125
-15302.416015625
-17499.474609375
-19561.666015625
-21453.61328125
-23141.890625
-24595.595703125
-25786.865234375
-26691.3828125
-27288.796875
-27563.103515625
-27502.9453125
-27101.8515625
-26358.3828125
-25276.224609375
-23864.169921875
-22136.037109375
-20110.509765625
-17810.87890625
-15264.736328125
-12503.587890625
-9562.38671875
-6479.033203125
-3293.818359375
-48.8125
3212.744140625
6447.119140625
9610.724609375
12660.80078125
15556.056640625
18257.30859375
20728.080078125
22935.169921875
24849.1640625
26444.896484375
27701.845703125
28604.453125
29142.38671875
29310.701171875
29109.935546875
28546.11328125
27630.681640625
26380.3359375
24816.798828125
22966.494140625
20860.18359375
18532.498046875
16021.443359375
13367.849609375
10614.759765625
7806.80859375
4989.56640625
2208.880859375
-489.802734375
-3062.099609375
-5465.32421875
-7659.123046875
-9606.044921875
-11272.08203125
-12627.171875
-13645.607421875
-14306.408203125
-14593.626953125
-14496.55859375
-14009.88671875
-13133.7578125
-11873.767578125
-10240.880859375
-8251.2578125
-5926.03125
-3290.99609375
-376.25390625
2784.21875
6153.03515625
9689.919921875
13352.248046875
17095.638671875
20874.529296875
24642.796875
28354.3515625
31963.740234375
35426.72265625
38700.826171875
41745.873046875
44524.46484375
47002.419921875
49149.16796875
50938.091796875
52346.787109375
53357.298828125
53956.263671875
54135.00390625
53889.556640625
53220.634765625
52133.5390625
50637.99609375
48747.958984375
46481.349609375
43859.76171875
40908.11328125
37654.283203125
34128.6953125
30363.91796875
26394.216796875
22255.103515625
17982.908203125
13614.322265625
9185.9765625
4734.021484375
293.736328125
-4100.833984375
-8417.2265625
-12624.86328125
-16695.3125
-20602.53125
-24323.048828125
-27836.125
-31123.853515625
-34171.232421875
-36966.2109375
-39499.658203125
-41765.341796875
-43759.84765625
-45482.462890625
-46935.068359375
-48121.95703125
-49049.669921875
-49726.810546875
-50163.82421875
-50372.794921875
-50367.22265625
-50161.798828125
-49772.189453125
-49214.814453125
-48506.642578125
-47664.986328125
-46707.314453125
-45651.0703125
-44513.51953125
-43311.59765625
-42061.771484375
-40779.931640625
-39481.2890625
-38180.296875
-36890.5703125
-35624.841796875
-34394.91015625
-33211.623046875
-32084.841796875
-31023.4453125
-30035.322265625
-29127.373046875
-28305.52734375
-27574.751953125
-26939.076171875
-26401.6015625
-25964.525390625
-25629.177734375
-25396.017578125
-25264.67578125
-25233.970703125
-25301.923828125
-25465.7890625
-25722.078125
-26066.57421875
-26494.3671875
-26999.875
-27576.880859375
-28218.5625
-28917.525390625
-29665.8671875
-30455.208984375
-31276.75390625
-32121.357421875
-32979.58984375
-33841.80859375
-34698.255859375
-35539.125
-36354.6640625
-37135.279296875
-37871.626953125
-38554.720703125
-39176.041015625
-39727.626953125
-40202.19921875
-40593.2421875
-40895.107421875
-41103.1015625
-41213.552734375
-41223.90234375
-41132.73828125
-40939.853515625
-40646.26953125
-40254.251953125
-39767.30078125
-39190.134765625
-38528.66015625
-37789.896484375
-36981.921875
-36113.771484375
-35195.337890625
-34237.23828125
-33250.703125
-32247.400390625
-31239.294921875
-30238.48828125
-29257.03515625
-28306.787109375
-27399.197265625
-26545.171875
-25754.892578125
-25037.6640625
-24401.751953125
-23854.26953125
-23401.044921875
-23046.515625
-22793.654296875
-22643.900390625
-22597.1171875
-22651.57421875
-22803.9609375
-23049.40625
-23381.533203125
-23792.533203125
-24273.26953125
-24813.390625
-25401.466796875
-26025.15234375
-26671.33984375
-27326.36328125
-27976.169921875
-28606.53515625
-29203.25
-29752.337890625
-30240.244140625
-30654.044921875
-30981.615234375
-31211.82421875
-31334.681640625
-31341.494140625
-31224.98046875
-30979.38671875
-30600.5625
-30086.037109375
-29435.021484375
-28648.455078125
-27728.974609375
-26680.876953125
-25510.0546875
-24223.916015625
-22831.283203125
-21342.24609375
-19768.052734375
-18120.91796875
-16413.875
-14660.583984375
-12875.15234375
-11071.939453125
-9265.3671875
-7469.732421875
-5699.015625
-3966.7109375
-2285.662109375
-667.8984375
875.490234375
2334.48046875
3700.21875
4965.10546875
6122.845703125
7168.501953125
8098.509765625
8910.662109375
9604.10546875
10179.2734375
10637.845703125
10982.642578125
11217.548828125
11347.388671875
11377.806640625
11315.138671875
11166.26171875
10938.458984375
10639.27734375
10276.36328125
9857.3359375
9389.6484375
8880.4453125
8336.45703125
7763.884765625
7168.30078125
6554.5703125
5926.80078125
5288.263671875
4641.392578125
3987.75
3328.041015625
2662.134765625
1989.091796875
1307.2265625
614.16796875
-93.048828125
-817.904296875
-1564.2890625
-2336.384765625
-3138.5625
-3975.24609375
-4850.810546875
-5769.443359375
-6735.02734375
-7751.033203125
-8820.404296875
-9945.451171875
-11127.76171875
-12368.126953125
-13666.455078125
-15021.7265625
-16431.9453125
-17894.11328125
-19404.216796875
-20957.220703125
-22547.09765625
-24166.8515625
-25808.55859375
-27463.447265625
-29121.939453125
-30773.767578125
-32408.052734375
-34013.412109375
-35578.078125
-37090.01953125
-38537.0546875
-39907.005859375
-41187.814453125
-42367.681640625
-43435.197265625
-44379.48046875
-45190.296875
-45858.189453125
-46374.595703125
-46731.94140625
-46923.759765625
-46944.779296875
-46790.98828125
-46459.716796875
-45949.6953125
-45261.080078125
-44395.50390625
-43356.0703125
-42147.37890625
-40775.494140625
-39247.919921875
-37573.564453125
-35762.69140625
-33826.830078125
-31778.71484375
-29632.1796875
-27402.05078125
-25104.029296875
-22754.56640625
-20370.720703125
-17970.005859375
-15570.25
-13189.423828125
-10845.478515625
-8556.1796875
-6338.9296875
-4210.6015625
-2187.373046875
-284.556640625
1483.568359375
3103.90234375
4564.671875
5855.576171875
6967.8984375
7894.630859375
8630.5625
9172.3671875
9518.65234375
9670.017578125
9629.068359375
9400.423828125
8990.6875
8408.4140625
7664.04296875
6769.8046875
5739.625
4588.974609375
3334.7421875
1995.0390625
589.03515625
-863.267578125
-2341.234375
-3823.841796875
-5289.90234375
-6718.328125
-8088.359375
-9379.822265625
-10573.376953125
-11650.751953125
-12594.97265625
-13390.580078125
-14023.830078125
-14482.880859375
-14757.939453125
-14841.408203125
-14727.986328125
-14414.74609375
-13901.193359375
-13189.263671875
-12283.326171875
-11190.115234375
-9918.658203125
-8480.15625
-6887.837890625
-5156.775390625
-3303.689453125
-1346.716796875
694.845703125
2800.810546875
4950.3828125
7122.458984375
9295.931640625
11449.986328125
13564.41796875
15619.908203125
17598.3203125
19482.96875
21258.84375
22912.8515625
24433.998046875
25813.53515625
27045.095703125
28124.775390625
29051.1640625
29825.36328125
30450.93359375
30933.818359375
31282.216796875
31506.423828125
31618.62890625
31632.67578125
31563.798828125
31428.322265625
31243.359375
31026.4453125
30795.228515625
30567.080078125
30358.76171875
30186.060546875
30063.462890625
30003.82421875
30018.078125
30114.95703125
30300.77734375
30579.220703125
30951.19921875
31414.751953125
31964.9765625
32594.03515625
33291.20703125
34042.98046875
34833.23046875
35643.40234375
36452.783203125
37238.802734375
37977.3828125
38643.30859375
39210.662109375
39653.23828125
39945.01953125
40060.646484375
39975.87890625
39668.0859375
39116.685546875
38303.59765625
37213.646484375
35834.943359375
34159.224609375
32182.12890625
29903.4453125
27327.275390625
24462.154296875
21321.087890625
17921.53515625
14285.306640625
10438.41015625
6410.810546875
2236.130859375
-2048.705078125
-6403.908203125
-10787.291015625
-15154.802734375
-19461.080078125
-23660.06640625
-27705.619140625
-31552.162109375
-35155.314453125
-38472.55078125
-41463.810546875
-44092.11328125
-46324.134765625
-48130.71875
-49487.37890625
-50374.69921875
-50778.708984375
-50691.15625
-50109.7109375
-49038.10546875
-47486.166015625
-45469.775390625
-43010.744140625
-40136.599609375
-36880.28125
-33279.77734375
-29377.669921875
-25220.619140625
-20858.78515625
-16345.19921875
-11735.076171875
-7085.1171875
-2452.76171875
2104.5546875
6530.1640625
10768.904296875
14767.849609375
18477.01953125
21850.029296875
24844.69921875
27423.626953125
29554.66015625
31211.314453125
32373.12109375
33025.8671875
33161.7734375
32779.568359375
31884.474609375
30488.103515625
28608.26953125
26268.72265625
23498.76953125
20332.875
16810.142578125
12973.759765625
8870.396484375
4549.5546875
62.873046875
-4536.5625
-9194.951171875
-13858.478515625
-18474.037109375
-22989.90234375
-27356.3984375
-31526.505859375
-35456.431640625
-39106.134765625
-42439.75
-45425.994140625
-48038.455078125
-50255.833984375
-52062.087890625
-53446.509765625
-54403.712890625
-54933.5546875
-55040.96875
-54735.7421875
-54032.21484375
-52948.923828125
-51508.19921875
-49735.7109375
-47659.9765625
-45311.857421875
-42724.001953125
-39930.328125
-36965.462890625
-33864.20703125
-30661.029296875
-27389.568359375
-24082.17578125
-20769.498046875
-17480.111328125
-14240.19140625
-11073.267578125
-8000.00390625
-5038.0625
-2202.01953125
496.658203125
3049.568359375
5451.283203125
7699.19921875
9793.3359375
11736.091796875
13531.974609375
15187.271484375
16709.734375
18108.208984375
19392.2890625
20571.939453125
21657.1484375
22657.587890625
23582.279296875
24439.31640625
25235.5859375
25976.564453125
26666.115234375
27306.376953125
27897.669921875
28438.453125
28925.361328125
29353.24609375
29715.314453125
30003.279296875
30207.560546875
30317.5390625
30321.82421875
30208.560546875
29965.751953125
29581.603515625
29044.865234375
28345.173828125
27473.40234375
26421.974609375
25185.173828125
23759.416015625
22143.4765625
20338.71484375
18349.19921875
16181.8359375
13846.404296875
11355.572265625
8724.822265625
5972.357421875
3118.916015625
187.568359375
-2796.560546875
-5806.603515625
-8814.306640625
-11790.4140625
-14705.099609375
-17528.392578125
-20230.646484375
-22782.9921875
-25157.80078125
-27329.134765625
-29273.18359375
-30968.6640625
-32397.20703125
-33543.6796875
-34396.48046875
-34947.779296875
-35193.6953125
-35134.41015625
-34774.232421875
-34121.583984375
-33188.9296875
-31992.6328125
-30552.75
-28892.76171875
-27039.265625
-25021.576171875
-22871.31640625
-20621.94140625
-18308.251953125
-15965.861328125
-13630.650390625
-11338.224609375
-9123.35546875
-7019.4453125
-5057.994140625
-3268.10546875
-1676.02734375
-304.73046875
826.46875
1702.21484375
2311.373046875
2647.212890625
2707.521484375
2494.662109375
2015.541015625
1281.5
308.1640625
-884.81640625
-2274.0625
-3832.830078125
-5531.443359375
-7337.75390625
-9217.66015625
-11135.658203125
-13055.400390625
-14940.296875
-16754.095703125
-18461.48828125
-20028.685546875
-21423.962890625
-22618.2109375
-23585.40625
-24303.068359375
-24752.6328125
-24919.796875
-24794.771484375
-24372.484375
-23652.697265625
-22640.044921875
-21344.021484375
-19778.86328125
-17963.375
-15920.669921875
-13677.869140625
-11265.697265625
-8718.05859375
-6071.544921875
-3364.8984375
-638.443359375
2066.5
4708.236328125
7245.314453125
9637.14453125
11844.6015625
13830.619140625
15560.75
17003.685546875
18131.734375
18921.248046875
19352.990234375
19412.4375
19090.015625
18381.267578125
17286.939453125
15812.998046875
13970.572265625
11775.8203125
9249.72265625
6417.810546875
3309.833984375
-40.6484375
-3596.693359375
-7318.4921875
-11163.89453125
-15088.96484375
-19048.583984375
-22997.03125
-26888.6015625
-30678.208984375
-34321.962890625
-37777.751953125
-41005.765625
-43969.015625
-46633.783203125
-48970.04296875
-50951.8046875
-52557.427734375
-53769.845703125
-54576.736328125
-54970.634765625
-54948.962890625
-54513.994140625
-53672.767578125
-52436.916015625
-50822.44921875
-48849.486328125
-46541.90625
-43926.98828125
-41034.994140625
-37898.71484375
-34552.994140625
-31034.244140625
-27379.919921875
-23628.02734375
-19816.599609375
-15983.203125
-12164.4609375
-8395.5859375
-4709.958984375
-1138.734375
2289.513671875
5549.09765625
8617.47265625
11475.44921875
14107.353515625
16501.107421875
18648.296875
20544.1484375
22187.48046875
23580.57421875
24729.03125
25641.55078125
26329.701171875
26807.6171875
27091.69921875
27200.275390625
27153.22265625
26971.61328125
26677.3203125
26292.630859375
25839.8671875
25341.005859375
24817.32421875
24289.0625
23775.1015625
23292.681640625
22857.14453125
22481.724609375
22177.35546875
21952.548828125
21813.279296875
21762.947265625
21802.361328125
21929.76953125
22140.93359375
22429.244140625
22785.857421875
23199.90234375
23658.673828125
24147.880859375
24651.908203125
25154.115234375
25637.10546875
26083.05078125
26474.00390625
26792.19140625
27020.3359375
27141.9375
27141.560546875
27005.08984375
26719.984375
26275.466796875
25662.728515625
24875.076171875
23908.048828125
22759.5078125
21429.6875
19921.197265625
18239.015625
16390.416015625
14384.884765625
12233.98828125
9951.21875
7551.80859375
5052.529296875
2471.443359375
-172.330078125
-2858.884765625
-5567.802734375
-8278.427734375
-10970.154296875
-13622.70703125
-16216.40625
-18732.43359375
-21153.080078125
-23461.982421875
-25644.318359375
-27686.99609375
-29578.818359375
-31310.595703125
-32875.25390625
-34267.8984375
-35485.83984375
-36528.595703125
-37397.853515625
-38097.412109375
-38633.0703125
-39012.509765625
-39245.1328125
-39341.892578125
-39315.080078125
-39178.111328125
-38945.2890625
-38631.5546875
-38252.236328125
-37822.7890625
-37358.537109375
-36874.421875
-36384.74609375
-35902.962890625
-35441.43359375
-35011.24609375
-34622.0390625
-34281.837890625
-33996.9453125
-33771.841796875
-33609.12109375
-33509.46484375
-33471.634765625
-33492.513671875
-33567.16796875
-33688.9375
-33849.57421875
-34039.373046875
-34247.376953125
-34461.548828125
-34669.005859375
-34856.248046875
-35009.400390625
-35114.46875
-35157.599609375
-35125.3203125
-35004.80859375
-34784.123046875
-34452.43359375
-34000.240234375
-33419.548828125
-32704.064453125
-31849.306640625
-30852.744140625
-29713.86328125
-28434.224609375
-27017.478515625
-25469.34375
-23797.564453125
-22011.8125
-20123.578125
-18146.0234375
-16093.80859375
-13982.876953125
-11830.248046875
-9653.7578125
-7471.8125
-5303.115234375
-3166.38671875
-1080.087890625
937.857421875
2870.33203125
4701.287109375
6415.98046875
8001.212890625
9445.515625
10739.3359375
11875.17578125
12847.712890625
13653.875
14292.876953125
14766.24609375
15077.775390625
15233.46484375
15241.419921875
15111.71484375
14856.23046875
14488.44921875
14023.240234375
13476.609375
12865.44140625
12207.2109375
11519.712890625
10820.755859375
10127.875
9458.05078125
8827.419921875
8251.02734375
7742.57421875
7314.19921875
6976.287109375
6737.306640625
6603.685546875
6579.708984375
6667.470703125
6866.857421875
7175.5625
7589.154296875
8101.173828125
8703.2578125
9385.33203125
10135.783203125
10941.70703125
11789.14453125
12663.369140625
13549.1640625
14431.11328125
15293.9140625
16122.669921875
16903.1875
17622.255859375
18267.923828125
18829.732421875
19298.94921875
19668.748046875
19934.369140625
20093.2421875
20145.064453125
20091.84765625
19937.908203125
19689.8359375
19356.396484375
18948.419921875
18478.625
17961.421875
17412.689453125
16849.5
16289.83203125
15752.279296875
15255.70703125
14818.935546875
14460.404296875
14197.83203125
14047.900390625
14025.9453125
14145.65625
14418.8203125
14855.08203125
15461.7421875
16243.595703125
17202.8046875
18338.822265625
19648.357421875
21125.38671875
22761.21484375
24544.57421875
26461.783203125
28496.923828125
30632.08203125
32847.607421875
35122.41015625
37434.279296875
39760.240234375
42076.896484375
44360.791015625
46588.791015625
48738.439453125
50788.306640625
52718.34375
54510.169921875
56147.37890625
57615.77734375
58903.59765625
60001.6875
60903.607421875
61605.728515625
62107.2578125
62410.212890625
62519.3515625
62442.052734375
62188.16015625
61769.755859375
61200.919921875
60497.44921875
59676.5234375
58756.388671875
57755.9765625
56694.54296875
55591.28515625
54464.966796875
53333.560546875
52213.876953125
51121.25
50069.23046875
49069.328125
48130.76953125
47260.330078125
46462.19140625
45737.8671875
45086.166015625
44503.220703125
43982.568359375
43515.287109375
43090.169921875
42693.9765625
42311.705078125
41926.904296875
41522.044921875
41078.8984375
40578.935546875
40003.76171875
39335.53125
38557.392578125
37653.88671875
36611.365234375
35418.357421875
34065.919921875
32547.939453125
30861.39453125
29006.55859375
26987.16015625
24810.458984375
22487.287109375
20032.009765625
17462.404296875
14799.515625
12067.3984375
9292.8359375
6504.982421875
3734.951171875
1015.37109375
-1620.115234375
-4137.376953125
-6502.33984375
-8681.556640625
-10642.76953125
-12355.49609375
-13791.564453125
-14925.650390625
-15735.78125
-16203.787109375
-16315.708984375
-16062.154296875
-15438.572265625
-14445.478515625
-13088.583984375
-11378.86328125
-9332.52734375
-6970.921875
-4320.3359375
-1411.73828125
1719.576171875
5034.3984375
8490.107421875
12041.2109375
15639.958984375
19236.990234375
22782.025390625
26224.578125
29514.681640625
32603.619140625
35444.662109375
37993.7578125
40210.212890625
42057.333984375
43503.0
44520.189453125
45087.435546875
45189.1953125
44816.14453125
43965.380859375
42640.529296875
40851.759765625
38615.6953125
35955.2421875
32899.30859375
29482.435546875
25744.36328125
21729.474609375
17486.21875
13066.423828125
8524.587890625
3917.111328125
-698.494140625
-5264.419921875
-9723.380859375
-14019.439453125
-18098.80078125
-21910.5703125
-25407.5
-28546.65234375
-31290.015625
-33605.046875
-35465.12890625
-36849.94140625
-37745.740234375
-38145.54296875
-38049.19921875
-37463.3828125
-36401.4609375
-34883.275390625
-32934.8203125
-30587.845703125
-27879.35546875
-24851.041015625
-21548.64453125
-18021.267578125
-14320.623046875
-10500.259765625
-6614.767578125
-2718.95703125
1132.94140625
4888.0859375
8495.787109375
11908.232421875
15081.181640625
17974.583984375
20553.130859375
22786.73828125
24650.935546875
26127.171875
27203.0234375
27872.298828125
28135.060546875
27997.548828125
27471.982421875
26576.302734375
25333.802734375
23772.701171875
21925.61328125
19828.98046875
17522.4296875
15048.099609375
12449.91796875
9772.876953125
7062.279296875
4362.994140625
1718.732421875
-828.66796875
-3239.900390625
-5478.82421875
-7513.009765625
-9314.2578125
-10859.01171875
-12128.70703125
-13110.029296875
-13795.083984375
-14181.484375
-14272.33203125
-14076.1171875
-13606.513671875
-12882.125
-11926.09375
-10765.6953125
-9431.81640625
-7958.40234375
-6381.849609375
-4740.34765625
-3073.212890625
-1420.1796875
179.2890625
1686.703125
3065.228515625
4280.328125
5300.38671875
6097.265625
6646.81640625
6929.31640625
6929.84375
6638.55859375
6050.912109375
5167.775390625
3995.458984375
2545.6484375
835.275390625
-1113.728515625
-3274.748046875
-5616.869140625
-8105.3515625
-10702.15234375
-13366.513671875
-16055.587890625
-18725.11328125
-21330.099609375
-23825.53515625
-26167.111328125
-28311.916015625
-30219.126953125
-31850.666015625
-33171.83203125
-34151.85546875
-34764.416015625
-34988.099609375
-34806.767578125
-34209.845703125
-33192.5546875
-31756.017578125
-29907.31640625
-27659.421875
-25031.078125
-22046.548828125
-18735.330078125
-15131.748046875
-11274.5078125
-7206.158203125
-2972.5078125
1378.001953125
5794.984375
10226.794921875
14621.2734375
18926.46484375
23091.349609375
27066.5703125
30805.109375
34262.966796875
37399.759765625
40179.29296875
42570.068359375
44545.70703125
46085.310546875
47173.7578125
47801.875
47966.572265625
47670.849609375
46923.74609375
45740.171875
44140.693359375
42151.201171875
39802.52734375
37129.986328125
34172.83984375
30973.734375
27578.07421875
24033.349609375
20388.4609375
16693.0078125
12996.580078125
9348.046875
5794.873046875
2382.435546875
-846.6015625
-3852.876953125
-6600.88671875
-9059.443359375
-11202.11328125
-13007.55078125
-14459.7578125
-15548.287109375
-16268.330078125
-16620.759765625
-16612.0390625
-16254.109375
-15564.142578125
-14564.251953125
-13281.126953125
-11745.5859375
-9992.0859375
-8058.185546875
-5983.953125
-3811.3359375
-1583.533203125
655.67578125
2862.6015625
4994.28515625
7009.1640625
8867.677734375
10532.861328125
11970.890625
13151.57421875
14048.798828125
14640.890625
14910.9375
14847.01171875
14442.328125
13695.330078125
12609.68359375
11194.201171875
9462.693359375
7433.73046875
5130.3515625
2579.6875
-187.443359375
-3137.03125
-6232.392578125
-9434.72265625
-12703.6953125
-15998.076171875
-19276.328125
-22497.240234375
-25620.541015625
-28607.49609375
-31421.46875
-34028.45703125
-36397.583984375
-38501.533203125
-40316.939453125
-41824.6953125
-43010.21484375
-43863.6015625
-44379.77734375
-44558.490234375
-44404.2890625
-43926.40625
-43138.55859375
-42058.708984375
-40708.7265625
-39114.021484375
-37303.109375
-35307.123046875
-33159.3125
-30894.484375
-28548.443359375
-26157.41015625
-23757.439453125
-21383.845703125
-19070.638671875
-16850.00390625
-14751.77734375
-12803.005859375
-11027.5234375
-9445.603515625
-8073.6484375
-6923.97265625
-6004.6328125
-5319.3359375
-4867.42578125
-4643.9375
-4639.716796875
-4841.626953125
-5232.794921875
-5792.9609375
-6498.833984375
-7324.5390625
-8242.080078125
-9221.861328125
-10233.2109375
-11244.94921875
-12225.927734375
-13145.611328125
-13974.619140625
-14685.248046875
-15251.9921875
-15651.986328125
-15865.44140625
-15875.994140625
-15671.029296875
-15241.919921875
-14584.1875
-13697.623046875
-12586.30859375
-11258.564453125
-9726.833984375
-8007.4921875
-6120.578125
-4089.46484375
-1940.47265625
297.5703125
2593.826171875
4915.9765625
7230.783203125
9504.66015625
11704.26953125
13797.12890625
15752.166015625
17540.3125
19135.021484375
20512.771484375
21653.513671875
22541.0703125
23163.474609375
23513.2109375
23587.435546875
23388.064453125
22921.814453125
22200.16015625
21239.18359375
20059.37890625
18685.3515625
17145.455078125
15471.359375
13697.5546875
11860.798828125
9999.525390625
8153.205078125
6361.693359375
4664.552734375
3100.365234375
1706.072265625
516.310546875
-437.2109375
-1126.302734375
-1526.8359375
-1619.208984375
-1388.779296875
-826.18359375
72.396484375
1305.0625
2864.125
4736.11328125
6901.873046875
9336.76953125
12010.978515625
14889.849609375
17934.365234375
21101.671875
24345.673828125
27617.68359375
30867.1328125
34042.3046875
37091.103515625
39961.833984375
42603.984375
44968.99609375
47011.01171875
48687.59765625
49960.39453125
50795.751953125
51165.255859375
51046.201171875
50421.982421875
49282.38671875
47623.791015625
45449.267578125
42768.583984375
39598.109375
35960.607421875
31884.943359375
27405.69921875
22562.697265625
17400.4453125
11967.51171875
6315.837890625
500.0078125
-5423.537109375
-11397.28515625
-17363.4921875
-23264.98046875
-29045.955078125
-34652.7890625
-40034.765625
-45144.775390625
-49939.970703125
-54382.3203125
-58439.12109375
-62083.396484375
-65294.2265625
-68056.96484375
-70363.376953125
-72211.646484375
-73606.322265625
-74558.1328125
-75083.73046875
-75205.32421875
-74950.25
-74350.44921875
-73441.8828125
-72263.900390625
-70858.54296875
-69269.828125
-67543.001953125
-65723.779296875
-63857.599609375
-61988.875
-60160.283203125
-58412.080078125
-56781.482421875
-55302.083984375
-54003.357421875
-52910.21875
-52042.673828125
-51415.56640625
-51038.38671875
-50915.193359375
-51044.6171875
-51419.96484375
-52029.40625
-52856.220703125
-53879.181640625
-55072.9375
-56408.53125
-57853.91015625
-59374.525390625
-60933.94921875
-62494.515625
-64017.978515625
-65466.17578125
-66801.671875
-67988.392578125
-68992.228515625
-69781.583984375
-70327.908203125
-70606.123046875
-70595.041015625
-70277.669921875
-69641.46484375
-68678.509765625
-67385.58984375
-65764.2265625
-63820.59765625
-61565.408203125
-59013.6796875
-56184.462890625
-53100.509765625
-49787.884765625
-46275.509765625
-42594.70703125
-38778.68359375
-34862.015625
-30880.103515625
-26868.662109375
-22863.166015625
-18898.375
-15007.826171875
-11223.416015625
-7574.98046875
-4089.94140625
-793.013671875
2294.05078125
5152.640625
7767.416015625
10126.37109375
12220.826171875
14045.388671875
15597.81640625
16878.875
17892.10546875
18643.58984375
19141.642578125
19396.5078125
19420.021484375
19225.251953125
18826.166015625
18237.259765625
17473.23046875
16548.646484375
15477.6640625
14273.75
12949.447265625
11516.19921875
9984.19921875
8362.27734375
6657.86328125
4876.9765625
3024.26171875
1103.083984375
-884.353515625
-2936.828125
-5053.916015625
-7235.748046875
-9482.77734375
-11795.494140625
-14174.1796875
-16618.609375
-19127.798828125
-21699.75
-24331.21875
-27017.501953125
-29752.287109375
-32527.48828125
-35333.18359375
-38157.55859375
-40986.9140625
-43805.71484375
-46596.712890625
-49341.087890625
-52018.666015625
-54608.166015625
-57087.490234375
-59434.060546875
-61625.169921875
-63638.376953125
-65451.90234375
-67045.03125
-68398.5390625
-69495.078125
-70319.5703125
-70859.56640625
-71105.572265625
-71051.337890625
-70694.0859375
-70034.71484375
-69077.90234375
-67832.18359375
-66309.939453125
-64527.32421875
-62504.1171875
-60263.525390625
-57831.888671875
-55238.357421875
-52514.4765625
-49693.751953125
-46811.140625
-43902.521484375
-41004.13671875
-38152.01171875
-35381.357421875
-32725.986328125
-30217.74609375
-27885.955078125
-25756.890625
-23853.3125
-22194.044921875
-20793.61328125
-19661.951171875
-18804.193359375
-18220.541015625
-17906.20703125
-17851.455078125
-18041.740234375
-18457.904296875
-19076.494140625
-19870.12109375
-20807.939453125
-21856.154296875
-22978.61328125
-24137.44140625
-25293.716796875
-26408.173828125
-27441.9296875
-28357.201171875
-29118.02734375
-29690.962890625
-30045.732421875
-30155.849609375
-29999.171875
-29558.375
-28821.365234375
-27781.6015625
-26438.3125
-24796.619140625
-22867.5546875
-20667.984375
-18220.408203125
-15552.669921875
-12697.5546875
-9692.306640625
-6578.04296875
-3399.109375
-202.34375
2963.705078125
6049.587890625
9005.826171875
11783.775390625
14336.494140625
16619.603515625
18592.107421875
20217.185546875
21462.90625
22302.87890625
22716.82421875
22691.0390625
22218.7734375
21300.474609375
19943.92578125
18164.26171875
15983.85546875
13432.0859375
10544.982421875
7364.7421875
3939.16015625
320.93359375
-3433.111328125
-7262.884765625
-11105.9453125
-14898.490234375
-18576.359375
-22076.06640625
-25335.84375
-28296.650390625
-30903.169921875
-33104.740234375
-34856.25
-36118.912109375
-36860.982421875
-37058.34765625
-36695.01953125
-35763.4765625
-34264.89453125
-32209.236328125
-29615.189453125
-26509.974609375
-22929.029296875
-18915.515625
-14519.751953125
-9798.498046875
-4814.1328125
366.255859375
5671.857421875
11029.205078125
16363.2734375
21598.623046875
26660.53515625
31476.18359375
35975.720703125
40093.376953125
43768.478515625
46946.375
49579.30859375
51627.15234375
53058.033203125
53848.853515625
53985.6328125
53463.765625
52288.06640625
50472.736328125
48041.134765625
45025.43359375
41466.130859375
37411.435546875
32916.533203125
28042.744140625
22856.6015625
17428.833984375
11833.3046875
6145.884765625
443.333984375
-5197.865234375
-10702.626953125
-15998.384765625
-21016.126953125
-25691.431640625
-29965.341796875
-33785.234375
-37105.505859375
-39888.19921875
-42103.4765625
-43729.974609375
-44755.005859375
-45174.642578125
-44993.650390625
-44225.29296875
-42890.98828125
-41019.875
-38648.220703125
-35818.755859375
-32579.8984375
-28984.912109375
-25090.98046875
-20958.25
-16648.83203125
-12225.783203125
-7752.103515625
-3289.732421875
1101.412109375
5364.33984375
9445.84375
13297.275390625
16875.216796875
20142.083984375
23066.587890625
25624.109375
27796.951171875
29574.447265625
30952.99609375
31935.921875
32533.259765625
32761.42578125
32642.759765625
32205.01171875
31480.7109375
30506.494140625
29322.36328125
27970.87890625
26496.3671875
24944.080078125
23359.3515625
21786.798828125
20269.509765625
18848.31640625
17561.07421875
16442.046875
15521.34375
14824.44921875
14371.828125
14178.64453125
14254.57421875
14603.7109375
15224.57421875
16110.224609375
17248.458984375
18622.111328125
20209.42578125
21984.509765625
23917.84375
25976.86328125
28126.5625
30330.15625
32549.736328125
34746.953125
36883.6875
38922.712890625
40828.30859375
42566.873046875
44107.4453125
45422.20703125
46486.888671875
47281.134765625
47788.7734375
47998.009765625
47901.544921875
47496.603515625
46784.896484375
45772.494140625
44469.62109375
42890.3984375
41052.5078125
38976.814453125
36686.9296875
34208.74609375
31569.951171875
28799.49609375
25927.095703125
22982.69140625
19995.951171875
16995.78515625
14009.8828125
11064.302734375
8183.091796875
5387.966796875
2698.044921875
129.634765625
-2303.896484375
-4592.220703125
-6728.0546875
-8707.115234375
-10528.017578125
-12192.115234375
-13703.28125
-15067.650390625
-16293.33203125
-17390.05859375
-18368.845703125
-19241.6171875
-20020.822265625
-20719.048828125
-21348.669921875
-21921.466796875
-22448.310546875
-22938.849609375
-23401.255859375
-23841.9921875
-24265.638671875
-24674.76953125
-25069.8671875
-25449.30859375
-25809.404296875
-26144.458984375
-26446.927734375
-26707.587890625
-26915.763671875
-27059.58203125
-27126.27734375
-27102.5
-26974.666015625
-26729.291015625
-26353.359375
-25834.658203125
-25162.130859375
-24326.1875
-23319.0
-22134.7734375
-20769.95703125
-19223.44140625
-17496.689453125
-15593.830078125
-13521.6796875
-11289.740234375
-8910.125
-6397.4375
-3768.595703125
-1042.6171875
1759.6328125
4615.7578125
7502.146484375
10394.333984375
13267.380859375
16096.265625
18856.26953125
21523.373046875
24074.63671875
26488.572265625
28745.474609375
30827.736328125
32720.123046875
34410.005859375
35887.54296875
37145.833984375
38180.986328125
38992.162109375
39581.55859375
39954.33203125
40118.470703125
40084.630859375
39865.9140625
39477.607421875
38936.892578125
38262.529296875
37474.484375
36593.591796875
35641.16796875
34638.6328125
33607.1484375
32567.2421875
31538.484375
30539.15234375
29585.9609375
28693.8046875
27875.55078125
27141.869140625
26501.123046875
25959.296875
25519.97265625
25184.361328125
24951.37890625
24817.76953125
24778.279296875
24825.84765625
24951.849609375
25146.3671875
25398.474609375
25696.541015625
26028.552734375
26382.416015625
26746.283203125
27108.845703125
27459.611328125
27789.169921875
28089.4140625
28353.740234375
28577.18359375
28756.546875
28890.4453125
28979.341796875
29025.490234375
29032.8828125
29007.10546875
28955.16796875
28885.3046875
28806.7265625
28729.33203125
28663.419921875
28619.35546875
28607.2578125
28636.6328125
28716.068359375
28852.89453125
29052.88671875
29319.974609375
29656.01171875
30060.55078125
30530.6796875
31060.91796875
31643.13671875
32266.5625
32917.814453125
33581.021484375
34237.984375
34868.396484375
35450.1171875
35959.501953125
36371.765625
36661.392578125
36802.583984375
36769.712890625
36537.81640625
36083.08203125
35383.33984375
34418.537109375
33171.20703125
31626.888671875
29774.5390625
27606.8671875
25120.63671875
22316.908203125
19201.20703125
15783.625
12078.853515625
8106.126953125
3889.109375
-544.31640625
-5162.322265625
-9929.484375
-14807.197265625
-19754.16015625
-24726.908203125
-29680.396484375
-34568.623046875
-39345.28125
-43964.427734375
-48381.171875
-52552.337890625
-56437.142578125
-59997.826171875
-63200.259765625
-66014.501953125
-68415.294921875
-70382.5
-71901.474609375
-72963.333984375
-73565.1640625
-73710.125
-73407.455078125
-72672.40625
-71526.05859375
-69995.048828125
-68111.2265625
-65911.19921875
-63435.8125
-60729.55859375
-57839.919921875
-54816.666015625
-51711.083984375
-48575.208984375
-45461.025390625
-42419.640625
-39500.5
-36750.59765625
-34213.712890625
-31929.716796875
-29933.904296875
-28256.412109375
-26921.703125
-25948.126953125
-25347.59765625
-25125.32421875
-25279.6953125
-25802.220703125
-26677.607421875
-27883.93359375
-29392.916015625
-31170.287109375
-33176.26953125
-35366.12109375
-37690.77734375
-40097.5546875
-42530.91796875
-44933.2890625
-47245.90625
-49409.685546875
-51366.125
-53058.1640625
-54431.078125
-55433.294921875
-56017.203125
-56139.90625
-55763.888671875
-54857.638671875
-53396.166015625
-51361.447265625
-48742.748046875
-45536.876953125
-41748.306640625
-37389.20703125
-32479.35546875
-27045.955078125
-21123.33984375
-14752.587890625
-7981.03515625
-861.71484375
6547.2890625
14183.5703125
21981.138671875
29871.267578125
37783.330078125
45645.673828125
53386.515625
60934.806640625
68221.123046875
75178.490234375
81743.203125
87855.57421875
93460.642578125
98508.796875
102956.34765625
106765.994140625
109907.21875
112356.59765625
114097.984375
115122.642578125
115429.25390625
115023.830078125
113919.560546875
112136.53515625
109701.421875
106647.033203125
103011.84375
98839.439453125
94177.912109375
89079.21484375
83598.470703125
77793.267578125
71722.9296875
65447.79296875
59028.46484375
52525.13671875
45996.869140625
39500.9453125
33092.25390625
26822.703125
20740.7265625
14890.794921875
9313.03515625
4042.888671875
-889.14453125
-5457.703125
-9642.681640625
-13429.2890625
-16808.0234375
-19774.58984375
-22329.75390625
-24479.130859375
-26232.91796875
-27605.591796875
-28615.54296875
-29284.6796875
-29637.998046875
-29703.14453125
-29509.91796875
-29089.8125
-28475.51171875
-27700.416015625
-26798.150390625
-25802.115234375
-24745.02734375
-23658.509765625
-22572.701171875
-21515.884765625
-20514.19140625
-19591.302734375
-18768.205078125
-18063.021484375
-17490.83984375
-17063.61328125
-16790.109375
-16675.88671875
-16723.326171875
-16931.705078125
-17297.30078125
-17813.544921875
-18471.19921875
-19258.568359375
-20161.734375
-21164.826171875
-22250.294921875
-23399.216796875
-24591.599609375
-25806.689453125
-27023.306640625
-28220.158203125
-29376.14453125
-30470.681640625
-31483.984375
-32397.357421875
-33193.44921875
-33856.5
-34372.564453125
-34729.703125
-34918.14453125
-34930.439453125
-34761.5546875
-34408.9609375
-33872.671875
-33155.275390625
-32261.896484375
-31200.16015625
-29980.123046875
-28614.140625
-27116.76171875
-25504.5390625
-23795.85546875
-22010.7109375
-20170.4921875
-18297.720703125
-16415.787109375
-14548.677734375
-12720.689453125
-10956.126953125
-9279.01953125
-7712.81640625
-6280.09765625
-5002.294921875
-3899.400390625
-2989.724609375
-2289.638671875
-1813.35546875
-1572.72265625
-1577.046875
-1832.943359375
-2344.220703125
-3111.779296875
-4133.560546875
-5404.53515625
-6916.6953125
-8659.11328125
-10618.025390625
-12776.943359375
-15116.802734375
-17616.150390625
-20251.353515625
-22996.841796875
-25825.37109375
-28708.318359375
-31615.982421875
-34517.916015625
-37383.259765625
-40181.0859375
-42880.75
-45452.23828125
-47866.513671875
-50095.84375
-52114.134765625
-53897.220703125
-55423.162109375
-56672.48828125
-57628.43359375
-58277.138671875
-58607.796875
-58612.798828125
-58287.80078125
-57631.78125
-56647.046875
-55339.19140625
-53717.0234375
-51792.447265625
-49580.30859375
-47098.212890625
-44366.28515625
-41406.931640625
-38244.54296875
-34905.203125
-31416.353515625
-27806.45703125
-24104.65234375
-20340.392578125
-16543.1015625
-12741.818359375
-8964.849609375
-5239.462890625
-1591.55859375
1954.58984375
5376.615234375
8654.26171875
11769.59765625
14707.146484375
17454.033203125
20000.0390625
22337.658203125
24462.0859375
26371.185546875
28065.408203125
29547.673828125
30823.2265625
31899.44921875
32785.66015625
33492.880859375
34033.56640625
34421.359375
34670.787109375
34796.9921875
34815.427734375
34741.58203125
34590.6953125
34377.494140625
34115.943359375
33819.017578125
33498.5
33164.802734375
32826.818359375
32491.818359375
32165.365234375
31851.265625
31551.57421875
31266.609375
30995.021484375
30733.8828125
30478.818359375
30224.15234375
29963.09765625
29687.947265625
29390.291015625
29061.265625
28691.77734375
28272.7578125
27795.41015625
27251.451171875
26633.345703125
25934.52734375
25149.591796875
24274.498046875
23306.701171875
22245.298828125
21091.119140625
19846.783203125
18516.751953125
17107.30859375
15626.525390625
14084.1875
12491.6953125
10861.919921875
9209.037109375
7548.330078125
5895.984375
4268.828125
2684.095703125
1159.15625
-288.765625
-1642.861328125
-2887.009765625
-4006.044921875
-4986.025390625
-5814.455078125
-6480.51171875
-6975.248046875
-7291.75
-7425.28515625
-7373.40234375
-7135.998046875
-6715.359375
-6116.154296875
-5345.384765625
-4412.32421875
-3328.390625
-2106.994140625
-763.37109375
685.638671875
2221.828125
3825.876953125
5477.630859375
7156.396484375
8841.240234375
10511.30078125
12146.087890625
13725.787109375
15231.556640625
16645.791015625
17952.40234375
19137.033203125
20187.28125
21092.880859375
21845.83984375
22440.560546875
22873.912109375
23145.271484375
23256.521484375
23212.013671875
23018.494140625
22684.984375
22222.6484375
21644.599609375
20965.69921875
20202.326171875
19372.111328125
18493.677734375
17586.3359375
16669.798828125
15763.880859375
14888.18359375
14061.8125
13303.08203125
12629.244140625
12056.228515625
11598.412109375
11268.416015625
11076.90234375
11032.451171875
11141.42578125
11407.8984375
11833.59765625
12417.900390625
13157.859375
14048.255859375
15081.701171875
16248.763671875
17538.115234375
18936.7265625
20430.0703125
22002.3515625
23636.751953125
25315.689453125
27021.091796875
28734.662109375
30438.16015625
32113.662109375
33743.83203125
35312.166015625
36803.23046875
38202.87109375
39498.416015625
40678.830078125
41734.857421875
42659.14453125
43446.302734375
44092.9609375
44597.787109375
44961.4609375
45186.634765625
45277.84375
45241.40625
45085.27734375
44818.900390625
44453.013671875
43999.44921875
43470.919921875
42880.791015625
42242.828125
41570.974609375
40879.0859375
40180.703125
39488.818359375
38815.646484375
38172.416015625
37569.173828125
37014.62890625
36515.984375
36078.826171875
35707.017578125
35402.640625
35165.94921875
34995.361328125
34887.490234375
34837.18359375
34837.61328125
34880.380859375
34955.654296875
35052.326171875
35158.193359375
35260.16796875
35344.48046875
35396.91796875
35403.068359375
35348.55078125
35219.279296875
35001.701171875
34683.044921875
34251.546875
33696.681640625
33009.34765625
32182.083984375
31209.216796875
30086.99609375
28813.732421875
27389.865234375
25818.02734375
24103.078125
22252.087890625
20274.3125
18181.119140625
15985.89453125
13703.919921875
11352.19921875
8949.302734375
6515.142578125
4070.75390625
1638.046875
-760.447265625
-3101.861328125
-5363.255859375
-7521.91796875
-9555.650390625
-11443.037109375
-13163.740234375
-14698.751953125
-16030.662109375
-17143.875
-18024.84375
-18662.25
-19047.171875
-19173.22265625
-19036.65625
-18636.439453125
-17974.306640625
-17054.744140625
-15884.990234375
-14474.95703125
-12837.1484375
-10986.521484375
-8940.34765625
-6718.01171875
-4340.822265625
-1831.7421875
784.83203125
3483.36328125
6237.462890625
9020.1796875
11804.314453125
14562.724609375
17268.6328125
19895.92578125
22419.458984375
24815.32421875
27061.126953125
29136.224609375
31021.955078125
32701.828125
34161.70703125
35389.935546875
36377.45703125
37117.884765625
37607.552734375
37845.515625
37833.5234375
37575.974609375
37079.81640625
36354.419921875
35411.4453125
34264.654296875
32929.708984375
31423.955078125
29766.181640625
27976.369140625
26075.416015625
24084.875
22026.677734375
19922.85546875
17795.267578125
15665.34375
13553.826171875
11480.52734375
9464.12890625
7521.958984375
5669.826171875
3921.865234375
2290.4140625
785.908203125
-583.177734375
-1810.390625
-2891.279296875
-3823.416015625
-4606.31640625
-5241.396484375
-5731.859375
-6082.587890625
-6299.998046875
-6391.896484375
-6367.291015625
-6236.224609375
-6009.576171875
-5698.865234375
-5316.05078125
-4873.330078125
-4382.9609375
-3857.048828125
-3307.384765625
-2745.279296875
-2181.408203125
-1625.669921875
-1087.095703125
-573.720703125
-92.529296875
350.603515625
750.951171875
1104.935546875
1410.12890625
1665.21875
1869.96484375
2025.123046875
2132.380859375
2194.251953125
2213.974609375
2195.40234375
2142.87109375
2061.08984375
1955.01171875
1829.703125
1690.232421875
1541.546875
1388.369140625
1235.10546875
1085.748046875
943.818359375
812.287109375
693.548828125
589.3828125
500.93359375
428.724609375
372.658203125
332.048828125
305.669921875
291.791015625
288.251953125
292.51953125
301.7734375
312.978515625
322.962890625
328.505859375
326.41015625
313.583984375
287.09765625
244.263671875
182.6796875
100.267578125
-4.67578125
-133.470703125
-287.0390625
-465.90234375
-670.1953125
-899.69140625
-1153.830078125
-1431.759765625
-1732.390625
-2054.443359375
-2396.517578125
-2757.138671875
-3134.84375
-3528.21875
-3935.96875
-4356.974609375
-4790.333984375
-5235.396484375
-5691.796875
-6159.466796875
-6638.6484375
-7129.87109375
-7633.943359375
-8151.9140625
-8685.015625
-9234.6171875
-9802.142578125
-10388.99609375
-10996.462890625
-11625.625
-12277.244140625
-12951.677734375
-13648.76171875
-14367.70703125
-15107.029296875
-15864.4375
-16636.775390625
-17419.953125
-18208.912109375
-18997.58203125
-19778.89453125
-20544.779296875
-21286.2109375
-21993.265625
-22655.203125
-23260.576171875
-23797.349609375
-24253.060546875
-24614.974609375
-24870.279296875
-25006.2734375
-25010.591796875
-24871.4140625
-24577.68359375
-24119.3359375
-23487.529296875
-22674.830078125
-21675.439453125
-20485.361328125
-19102.5703125
-17527.150390625
-15761.41015625
-13809.955078125
-11679.75
-9380.119140625
-6922.73046875
-4321.529296875
-1592.634765625
1245.787109375
4173.71484375
7169.46875
10209.962890625
13270.97265625
16327.443359375
19353.8046875
22324.314453125
25213.404296875
27996.048828125
30648.115234375
33146.72265625
35470.580078125
37600.322265625
39518.794921875
41211.36328125
42666.111328125
43874.076171875
44829.396484375
45529.427734375
45974.80859375
46169.478515625
46120.63671875
45838.64453125
45336.90234375
44631.63671875
43741.671875
42688.14453125
41494.158203125
40184.45703125
38784.990234375
37322.52734375
35824.203125
34317.0859375
32827.72265625
31381.693359375
30003.1875
28714.578125
27536.056640625
26485.263671875
25577.001953125
24822.947265625
24231.45703125
23807.412109375
23552.111328125
23463.248046875
23534.94140625
23757.8203125
24119.189453125
24603.248046875
25191.34765625
25862.345703125
26592.97265625
27358.248046875
28131.947265625
28887.080078125
29596.40234375
30232.9296875
30770.458984375
31184.076171875
31450.66015625
31549.361328125
31462.02734375
31173.609375
30672.51171875
29950.876953125
29004.828125
27834.6171875
26444.73046875
24843.90234375
23045.05078125
21065.158203125
18925.056640625
16649.15625
14265.091796875
11803.330078125
9296.68359375
6779.8125
4288.666015625
1859.892578125
-469.76953125
-2664.109375
-4688.078125
-6508.38671875
-8094.12109375
-9417.2890625
-10453.349609375
-11181.693359375
-11586.0546875
-11654.849609375
-11381.47265625
-10764.474609375
-9807.681640625
-8520.21875
-6916.462890625
-5015.86328125
-2842.73828125
-425.93359375
2201.57421875
5003.13671875
7938.9921875
10966.841796875
14042.513671875
17120.62890625
20155.326171875
23100.97265625
25912.908203125
28548.150390625
30966.1015625
33129.216796875
35003.61328125
36559.65625
37772.4375
38622.21875
39094.779296875
39181.654296875
38880.3203125
38194.251953125
37132.90234375
35711.548828125
33951.109375
31877.7890625
29522.681640625
26921.294921875
24112.96484375
21140.240234375
18048.189453125
14883.6796875
11694.607421875
8529.125
5434.845703125
2458.08203125
-356.9375
-2968.775390625
-5339.46875
-7435.166015625
-9226.658203125
-10689.880859375
-11806.28515625
-12563.15625
-12953.796875
-12977.63671875
-12640.2265625
-11953.125
-10933.69921875
-9604.80078125
-7994.3671875
-6134.947265625
-4063.103515625
-1818.798828125
555.3125
3014.623046875
5513.3515625
8005.34375
10444.869140625
12787.419921875
14990.48828125
17014.3125
18822.5625
20382.982421875
21667.947265625
22654.95703125
23327.021484375
23672.96484375
23687.626953125
23371.94140625
22732.9375
21783.60546875
20542.6796875
19034.3046875
17287.607421875
15336.197265625
13217.556640625
10972.392578125
8643.8984375
6277.00390625
3917.55859375
1611.521484375
-595.87109375
-2660.9140625
-4542.240234375
-6201.552734375
-7604.353515625
-8720.5625
-9525.107421875
-9998.37890625
-10126.642578125
-9902.3125
-9324.13671875
-8397.27734375
-7133.255859375
-5549.8203125
-3670.677734375
-1525.12890625
852.390625
3422.861328125
6143.328125
8967.60546875
11847.0390625
14731.3359375
17569.41015625
20310.2578125
22903.830078125
25301.90234375
27458.9140625
29332.779296875
30885.630859375
32084.515625
32901.9921875
33316.6640625
33313.603515625
32884.671875
32028.73046875
30751.75
29066.783203125
26993.833984375
24559.625
21797.2265625
18745.6015625
15449.056640625
11956.583984375
8321.138671875
4598.853515625
848.189453125
-2870.951171875
-6498.13671875
-9973.326171875
-13237.8046875
-16235.068359375
-18911.72265625
-21218.28125
-23109.958984375
-24547.35546875
-25497.080078125
-25932.2734375
-25833.0390625
-25186.7578125
-23988.30859375
-22240.166015625
-19952.375
-17142.443359375
-13835.080078125
-10061.873046875
-5860.826171875
-1275.83203125
3643.951171875
8844.80078125
14269.181640625
19856.552734375
25544.22265625
31268.216796875
36964.1484375
42568.115234375
48017.556640625
53252.078125
58214.2578125
62850.390625
67111.1484375
70952.212890625
74334.779296875
77226.015625
79599.39453125
81434.9609375
82719.470703125
83446.462890625
83616.208984375
83235.58984375
82317.853515625
80882.326171875
78954.001953125
76563.103515625
73744.5390625
70537.34765625
66984.072265625
63130.11328125
59023.041015625
54711.9453125
50246.7265625
45677.431640625
41053.60546875
36423.669921875
31834.322265625
27330.015625
22952.470703125
18740.232421875
14728.318359375
10947.90625
7426.111328125
4185.82421875
1245.595703125
-1380.3671875
-3682.181640625
-5654.18359375
-7294.78125
-8606.234375
-9594.42578125
-10268.546875
-10640.796875
-10726.0078125
-10541.306640625
-10105.712890625
-9439.767578125
-8565.154296875
-7504.318359375
-6280.12890625
-4915.5234375
-3433.21875
-1855.404296875
-203.51953125
1501.9765625
3241.78125
4997.880859375
6753.669921875
8494.0
10205.232421875
11875.2265625
13493.31640625
15050.25
16538.1171875
17950.251953125
19281.11328125
20526.166015625
21681.763671875
22744.990234375
23713.5546875
24585.658203125
25359.875
26035.05078125
26610.21484375
27084.505859375
27457.115234375
27727.248046875
27894.107421875
27956.89453125
27914.828125
27767.166015625
27513.27734375
27152.6796875
26685.1328125
26110.70703125
25429.865234375
24643.556640625
23753.30078125
22761.26171875
21670.328125
20484.166015625
19207.28125
17845.05078125
16403.73046875
14890.4765625
13313.31640625
11681.1015625
10003.484375
8290.810546875
6554.046875
4804.671875
3054.546875
1315.796875
-399.34375
-2078.66796875
-3710.1640625
-5282.142578125
-6783.412109375
-8203.400390625
-9532.30078125
-10761.1796875
-11882.09765625
-12888.193359375
-13773.74609375
-14534.236328125
-15166.37109375
-15668.0859375
-16038.529296875
-16278.037109375
-16388.05078125
-16371.0625
-16230.5078125
-15970.65625
-15596.484375
-15113.548828125
-14527.84765625
-13845.669921875
-13073.4609375
-12217.6796875
-11284.669921875
-10280.541015625
-9211.060546875
-8081.56640625
-6896.89453125
-5661.326171875
-4378.56640625
-3051.7421875
-1683.408203125
-275.611328125
1170.0625
2652.38671875
4170.40234375
5723.26953125
7310.158203125
8930.078125
10581.724609375
12263.330078125
13972.498046875
15706.046875
17459.8828125
19228.853515625
21006.65234375
22785.71875
24557.19140625
26310.861328125
28035.17578125
29717.27734375
31343.05859375
32897.26953125
34363.65625
35725.12890625
36963.96875
38062.05078125
39001.1171875
39763.064453125
40330.216796875
40685.67578125
40813.623046875
40699.65625
40331.103515625
39697.3359375
38790.07421875
37603.64453125
36135.234375
34385.09765625
32356.7265625
30056.974609375
27496.1328125
24687.962890625
21649.658203125
18401.765625
14968.04296875
11375.267578125
7652.974609375
3833.169921875
-50.0390625
-3960.8203125
-7862.0625
-11715.841796875
-15483.91015625
-19128.212890625
-22611.40234375
-25897.37109375
-28951.765625
-31742.498046875
-34240.21875
-36418.771484375
-38255.60546875
-39732.1328125
-40834.048828125
-41551.580078125
-41879.66796875
-41818.09375
-41371.52734375
-40549.494140625
-39366.283203125
-37840.775390625
-35996.193359375
-33859.80078125
-31462.521484375
-28838.5
-26024.625
-23059.99609375
-19985.349609375
-16842.47265625
-13673.58203125
-10520.69921875
-7425.041015625
-4426.39453125
-1562.537109375
1131.326171875
3623.078125
5884.162109375
7889.994140625
9620.314453125
11059.462890625
12196.59765625
13025.8125
13546.19921875
13761.802734375
13681.52734375
13318.939453125
12692.0
11822.740234375
10736.857421875
9463.255859375
8033.53515625
6481.44921875
4842.314453125
3152.404296875
1448.328125
-233.587890625
-1857.92578125
-3390.755859375
-4800.224609375
-6057.068359375
-7135.109375
-8011.689453125
-8668.025390625
-9089.5234375
-9266.001953125
-9191.849609375
-8866.087890625
-8292.39453125
-7478.990234375
-6438.5
-5187.71484375
-3747.28515625
-2141.365234375
-397.17578125
1455.455078125
3384.6171875
5356.86328125
7337.77734375
9292.552734375
11186.595703125
12986.087890625
14658.55859375
16173.427734375
17502.490234375
18620.3984375
19505.056640625
20137.974609375
20504.568359375
20594.37109375
20401.193359375
19923.201171875
19162.9375
18127.240234375
16827.130859375
15277.60546875
13497.375
11508.556640625
9336.2890625
7008.33984375
4554.63671875
2006.8125
-602.318359375
-3239.244140625
-5870.275390625
-8462.05078125
-10982.0234375
-13398.923828125
-15683.203125
-17807.421875
-19746.61328125
-21478.58203125
-22984.169921875
-24247.451171875
-25255.8671875
-26000.326171875
-26475.216796875
-26678.38671875
-26611.052734375
-26277.666015625
-25685.732421875
-24845.5859375
-23770.126953125
-22474.533203125
-20975.94140625
-19293.1171875
-17446.11328125
-15455.91796875
-13344.123046875
-11132.5859375
-8843.119140625
-6497.18359375
-4115.64453125
-1718.521484375
675.21875
3047.80078125
5382.79296875
7665.17578125
9881.392578125
12019.359375
14068.43359375
16019.3515625
17864.138671875
19595.9921875
21209.142578125
22698.69140625
24060.4609375
25290.810546875
26386.47265625
27344.392578125
28161.576171875
28834.953125
29361.271484375
29737.00390625
29958.298828125
30020.9453125
29920.392578125
29651.78515625
29210.03515625
28589.951171875
27786.359375
26794.2890625
25609.169921875
24227.044921875
22644.81640625
20860.482421875
18873.3984375
16684.521484375
14296.66015625
11714.701171875
8945.81640625
5999.6484375
2888.451171875
-372.7890625
-3766.3046875
-7271.515625
-10865.068359375
-14520.927734375
-18210.51171875
-21902.896484375
-25565.068359375
-29162.228515625
-32658.1484375
-36015.5703125
-39196.65625
-42163.4609375
-44878.431640625
-47304.9453125
-49407.837890625
-51153.951171875
-52512.66015625
-53456.392578125
-53961.138671875
-54006.896484375
-53578.099609375
-52663.9921875
-51258.92578125
-49362.62109375
-46980.337890625
-44122.974609375
-40807.091796875
-37054.8515625
-32893.880859375
-28357.0390625
-23482.123046875
-18311.478515625
-12891.546875
-7272.349609375
-1506.90234375
4349.41796875
10239.552734375
16105.466796875
21888.8828125
27532.03125
32978.388671875
38173.419921875
43065.283203125
47605.525390625
51749.701171875
55457.9609375
58695.57421875
61433.376953125
63648.1328125
65322.828125
66446.861328125
67016.150390625
67033.138671875
66506.7109375
65452.017578125
63890.212890625
61848.080078125
59357.63671875
56455.58984375
53182.783203125
49583.57421875
45705.16015625
41596.865234375
37309.416015625
32894.19921875
28402.51953125
23884.87109375
19390.234375
14965.3984375
10654.337890625
6497.640625
2531.99609375
-1210.23828125
-4701.400390625
-7918.814453125
-10844.962890625
-13467.6171875
-15779.837890625
-17779.91796875
-19471.2265625
-20861.9765625
-21964.908203125
-22796.921875
-23378.623046875
-23733.837890625
-23889.068359375
-23872.923828125
-23715.515625
-23447.8515625
-23101.22265625
-22706.59375
-22294.021484375
-21892.08984375
-21527.396484375
-21224.068359375
-21003.357421875
-20883.259765625
-20878.240234375
-20999.0
-21252.322265625
-21640.998046875
-22163.833984375
-22815.703125
-23587.69921875
-24467.349609375
-25438.87890625
-26483.537109375
-27579.9765625
-28704.681640625
-29832.40234375
-30936.654296875
-31990.197265625
-32965.54296875
-33835.451171875
-34573.421875
-35154.154296875
-35553.99609375
-35751.341796875
-35726.994140625
-35464.486328125
-34950.33203125
-34174.240234375
-33129.263671875
-31811.875
-30222.0078125
-28363.0078125
-26241.560546875
-23867.52734375
-21253.763671875
-18415.875
-15371.93359375
-12142.16015625
-8748.58984375
-5214.716796875
-1565.099609375
2174.990234375
5979.96484375
9824.271484375
13682.7421875
17530.93359375
21345.396484375
25103.96875
28785.978515625
32372.4375
35846.18359375
39191.96875
42396.52734375
45448.560546875
48338.71875
51059.51953125
53605.23828125
55971.7578125
58156.400390625
60157.732421875
61975.353515625
63609.671875
65061.68359375
66332.740234375
67424.34375
68337.93359375
69074.712890625
69635.4921875
70020.5546875
70229.56640625
70261.513671875
70114.689453125
69786.6953125
69274.517578125
68574.607421875
67683.015625
66595.55859375
65308.017578125
63816.34765625
62116.935546875
60206.84765625
58084.08984375
55747.890625
53198.958984375
50439.732421875
47474.623046875
44310.212890625
40955.451171875
37421.7890625
33723.2734375
29876.62109375
25901.20703125
21819.029296875
17654.59375
13434.78515625
9188.625
4947.033203125
742.50390625
-3391.244140625
-7419.677734375
-11307.876953125
-15020.994140625
-18524.7578125
-21785.953125
-24772.9375
-27456.13671875
-29808.544921875
-31806.177734375
-33428.51953125
-34658.921875
-35484.955078125
-35898.708984375
-35897.029296875
-35481.693359375
-34659.509765625
-33442.34375
-31847.083984375
-29895.4921875
-27614.017578125
-25033.521484375
-22188.908203125
-19118.724609375
-15864.671875
-12471.05859375
-8984.23046875
-5451.931640625
-1922.654296875
1555.044921875
4933.23046875
8165.26953125
11206.509765625
14014.943359375
16551.81640625
18782.19921875
20675.53125
22206.06640625
23353.26953125
24102.14453125
24443.462890625
24373.908203125
23896.1484375
23018.806640625
21756.328125
20128.79296875
18161.60546875
15885.125
13334.212890625
10547.71484375
7567.87109375
4439.68359375
1210.2421875
-2071.98828125
-5357.90234375
-8598.484375
-11745.55859375
-14752.5078125
-17574.966796875
-20171.5
-22504.212890625
-24539.3125
-26247.60546875
-27604.935546875
-28592.515625
-29197.203125
-29411.681640625
-29234.53515625
-28670.2578125
-27729.162109375
-26427.189453125
-24785.658203125
-22830.908203125
-20593.88671875
-18109.658203125
-15416.8671875
-12557.1328125
-9574.4140625
-6514.349609375
-3423.55859375
-348.955078125
2662.958984375
5566.765625
8318.802734375
10877.787109375
13205.400390625
15266.833984375
17031.267578125
18472.28125
19568.208984375
20302.41015625
20663.478515625
20645.337890625
20247.3125
19474.06640625
18335.505859375
16846.5859375
15027.068359375
12901.181640625
10497.26953125
7847.353515625
4986.66015625
1953.130859375
-1213.126953125
-4470.373046875
-7775.80859375
-11086.125
-14358.0703125
-17548.9765625
-20617.283203125
-23523.03125
-26228.30859375
-28697.66796875
-30898.486328125
-32801.306640625
-34380.07421875
-35612.37890625
-36479.607421875
-36967.044921875
-37063.9375
-36763.486328125
-36062.810546875
-34962.85546875
-33468.248046875
-31587.14453125
-29331.009765625
-26714.3984375
-23754.689453125
-20471.830078125
-16888.0390625
-13027.52734375
-8916.193359375
-4581.34765625
-51.419921875
4644.310546875
9475.974609375
14413.353515625
19426.103515625
24483.96875
29556.951171875
34615.482421875
39630.560546875
44573.8828125
49417.9296875
54136.05859375
58702.587890625
63092.826171875
67283.146484375
71251.005859375
74974.990234375
78434.83203125
81611.451171875
84486.990234375
87044.8359375
89269.671875
91147.5234375
92665.818359375
93813.443359375
94580.826171875
94960.005859375
94944.734375
94530.560546875
93714.927734375
92497.2734375
90879.134765625
88864.224609375
86458.54296875
83670.427734375
80510.646484375
76992.423828125
73131.48046875
68946.03515625
64456.791015625
59686.890625
54661.8359375
49409.3984375
43959.458984375
38343.8671875
32596.224609375
26751.66015625
20846.572265625
14918.34375
9005.03125
3145.025390625
-2623.287109375
-8261.892578125
-13733.52734375
-19002.037109375
-24032.775390625
-28792.951171875
-33252.0
-37381.90625
-41157.537109375
-44556.921875
-47561.5078125
-50156.3828125
-52330.45703125
-54076.583984375
-55391.671875
-56276.703125
-56736.73046875
-56780.83203125
-56421.974609375
-55676.876953125
-54565.791015625
-53112.255859375
-51342.8046875
-49286.634765625
-46975.2421875
-44442.041015625
-41721.94140625
-38850.916015625
-35865.57421875
-32802.7109375
-29698.861328125
-26589.876953125
-23510.5
-20493.97265625
-17571.66015625
-14772.71484375
-12123.775390625
-9648.69140625
-7368.3125
-5300.314453125
-3459.064453125
-1855.546875
-497.328125
611.4140625
1469.837890625
2080.3125
2448.28515625
2582.06640625
2492.6171875
2193.29296875
1699.5390625
1028.6171875
199.26171875
-768.638671875
-1854.375
-3036.75390625
-4294.416015625
-5606.16015625
-6951.21875
-8309.5625
-9662.12109375
-10991.02734375
-12279.794921875
-13513.484375
-14678.82421875
-15764.29296875
-16760.189453125
-17658.634765625
-18453.568359375
-19140.69140625
-19717.40625
-20182.701171875
-20537.03515625
-20782.1875
-20921.1015625
-20957.71875
-20896.791015625
-20743.705078125
-20504.306640625
-20184.716796875
-19791.171875
-19329.87109375
-18806.8359375
-18227.787109375
-17598.052734375
-16922.484375
-16205.400390625
-15450.55859375
-14661.140625
-13839.775390625
-12988.564453125
-12109.15234375
-11202.77734375
-10270.3828125
-9312.708984375
-8330.40234375
-7324.13671875
-6294.734375
-5243.27734375
-4171.236328125
-3080.556640625
-1973.7734375
-854.087890625
274.580078125
1407.529296875
2539.259765625
3663.4765625
4773.103515625
5860.330078125
6916.681640625
7933.11328125
8900.1171875
9807.865234375
10646.353515625
11405.572265625
12075.68359375
12647.208984375
13111.2265625
13459.5546875
13684.95703125
13781.30859375
13743.787109375
13569.021484375
13255.23828125
12802.373046875
12212.16796875
11488.24609375
10636.1328125
9663.2734375
8579.005859375
7394.49609375
6122.64453125
4777.97265625
3376.453125
1935.341796875
472.947265625
-991.591796875
-2438.5546875
-3847.931640625
-5199.685546875
-6474.052734375
-7651.84375
-8714.724609375
-9645.509765625
-10428.4296875
-11049.404296875
-11496.263671875
-11758.978515625
-11829.828125
-11703.572265625
-11377.5546875
-10851.794921875
-10129.029296875
-9214.70703125
-8116.970703125
-6846.552734375
-5416.689453125
-3842.94140625
-2143.017578125
-336.55078125
1555.158203125
3509.427734375
5502.474609375
7509.751953125
9506.27734375
11466.970703125
13366.98828125
15182.078125
16888.90625
18465.3671875
19890.908203125
21146.7890625
22216.353515625
23085.24609375
23741.619140625
24176.26953125
24382.783203125
24357.607421875
24100.087890625
23612.474609375
22899.890625
21970.244140625
20834.115234375
19504.60546875
17997.15625
16329.3359375
14520.583984375
12591.966796875
10565.876953125
8465.73828125
6315.70703125
4140.341796875
1964.30078125
-187.986328125
-2292.609375
-4326.48046875
-6267.611328125
-8095.375
-9790.7421875
-11336.48828125
-12717.388671875
-13920.3671875
-14934.623046875
-15751.7265625
-16365.669921875
-16772.908203125
-16972.337890625
-16965.27734375
-16755.392578125
-16348.599609375
-15752.94921875
-14978.48046875
-14037.05078125
-12942.154296875
-11708.7109375
-10352.87109375
-8891.767578125
-7343.30078125
-5725.900390625
-4058.291015625
-2359.2578125
-647.423828125
1058.978515625
2742.294921875
4385.666015625
5973.193359375
7490.115234375
8922.939453125
10259.583984375
11489.47265625
12603.6328125
13594.75
14457.224609375
15187.185546875
15782.5
16242.7578125
16569.23046875
16764.826171875
16834.009765625
16782.72265625
16618.279296875
16349.2578125
15985.361328125
15537.294921875
15016.6171875
14435.58984375
13807.01171875
13144.0703125
12460.173828125
11768.787109375
11083.26953125
10416.716796875
9781.806640625
9190.646484375
8654.630859375
8184.306640625
7789.2578125
7477.970703125
7257.755859375
7134.646484375
7113.3203125
7197.052734375
7387.669921875
7685.509765625
8089.431640625
8596.8125
9203.5703125
9904.21875
10691.912109375
11558.541015625
12494.8203125
13490.39453125
14533.974609375
15613.474609375
16716.166015625
17828.849609375
18938.015625
20030.04296875
21091.380859375
22108.736328125
23069.2734375
23960.8046875
24771.97265625
25492.431640625
26113.01953125
26625.91796875
27024.791015625
27304.9140625
27463.283203125
27498.689453125
27411.798828125
27205.16796875
26883.275390625
26452.478515625
25920.990234375
25298.794921875
24597.548828125
23830.4453125
23012.0625
22158.193359375
21285.623046875
20411.916015625
19555.17578125
18733.78515625
17966.14453125
17270.390625
16664.126953125
16164.13671875
15786.12890625
15544.455078125
15451.875
15519.322265625
15755.697265625
16167.677734375
16759.5703125
17533.185546875
18487.748046875
19619.85546875
20923.44921875
22389.853515625
24007.84375
25763.73828125
27641.5625
29623.220703125
31688.7109375
33816.380859375
35983.203125
38165.087890625
40337.193359375
42474.283203125
44551.060546875
46542.54296875
48424.41015625
50173.353515625
51767.431640625
53186.376953125
54411.90625
55427.994140625
56221.115234375
56780.44921875
57098.05078125
57168.96484375
56991.3125
56566.326171875
55898.3125
54994.619140625
53865.48828125
52523.927734375
50985.4921875
49268.05078125
47391.5078125
45377.490234375
43249.009765625
41030.111328125
38745.494140625
36420.1328125
34078.87890625
31746.099609375
29445.291015625
27198.734375
25027.146484375
22949.41015625
20982.265625
19140.115234375
17434.82421875
15875.57421875
14468.7890625
13218.083984375
12124.287109375
11185.48828125
10397.169921875
9752.365234375
9241.859375
8854.4453125
8577.208984375
8395.8515625
8295.025390625
8258.712890625
8270.583984375
8314.39453125
8374.359375
8435.521484375
8484.10546875
8507.853515625
8496.31640625
8441.125
8336.205078125
8177.943359375
7965.326171875
7699.998046875
7386.265625
7031.060546875
6643.8359375
6236.396484375
5822.6875
5418.53515625
5041.318359375
4709.62109375
4442.837890625
4260.75390625
4183.099609375
4229.09375
4416.986328125
4763.583984375
5283.826171875
5990.33984375
6893.046875
7998.810546875
9311.1171875
10829.80859375
12550.88671875
14466.365234375
16564.1953125
18828.267578125
21238.478515625
23770.87109375
26397.8515625
29088.470703125
31808.787109375
34522.265625
37190.259765625
39772.537109375
42227.83984375
44514.482421875
46590.98828125
48416.716796875
49952.513671875
51161.353515625
52008.953125
52464.376953125
52500.59375
52094.982421875
51229.787109375
49892.517578125
48076.25
45779.890625
43008.3046875
39772.408203125
36089.134765625
31981.328125
27477.53515625
22611.724609375
17422.90625
11954.67578125
6254.68359375
374.04296875
-5633.322265625
-11711.388671875
-17802.767578125
-23849.46484375
-29793.6796875
-35578.57421875
-41149.056640625
-46452.53515625
-51439.638671875
-56064.90234375
-60287.375
-64071.19921875
-67386.076171875
-70207.6796875
-72517.98046875
-74305.447265625
-75565.203125
-76299.029296875
-76515.3125
-76228.87109375
-75460.69921875
-74237.603515625
-72591.779296875
-70560.283203125
-68184.45703125
-65509.275390625
-62582.654296875
-59454.716796875
-56177.02734375
-52801.81640625
-49381.203125
-45966.423828125
-42607.078125
-39350.421875
-36240.6953125
-33318.498046875
-30620.25390625
-28177.712890625
-26017.572265625
-24161.146484375
-22624.154296875
-21416.58203125
-20542.650390625
-20000.8671875
-19784.18359375
-19880.21875
-20271.595703125
-20936.3203125
-21848.267578125
-22977.708984375
-24291.884765625
-25755.634765625
-27332.060546875
-28983.185546875
-30670.658203125
-32356.416015625
-34003.36328125
-35576.001953125
-37041.046875
-38367.974609375
-39529.525390625
-40502.15234375
-41266.37890625
-41807.10546875
-42113.80859375
-42180.685546875
-42006.6953125
-41595.5234375
-40955.455078125
-40099.1875
-39043.541015625
-37809.126953125
-36419.927734375
-34902.833984375
-33287.1328125
-31603.95703125
-29885.69921875
-28165.419921875
-26476.240234375
-24850.734375
-23320.341796875
-21914.8046875
-20661.6171875
-19585.5546875
-18708.20703125
-18047.611328125
-17617.916015625
-17429.125
-17486.923828125
-17792.556640625
-18342.8046875
-19130.01953125
-20142.248046875
-21363.41796875
-22773.5859375
-24349.2734375
-26063.833984375
-27887.888671875
-29789.79296875
-31736.140625
-33692.314453125
-35623.013671875
-37492.828125
-39266.787109375
-40910.91796875
-42392.7578125
-43681.869140625
-44750.291015625
-45572.97265625
-46128.134765625
-46397.607421875
-46367.060546875
-46026.2265625
-45369.021484375
-44393.6171875
-43102.431640625
-41502.072265625
-39603.2109375
-37420.388671875
-34971.76953125
-32278.861328125
-29366.15234375
-26260.75
-22991.958984375
-19590.84375
-16089.765625
-12521.939453125
-8920.92578125
-5320.201171875
-1752.6875
1749.6796875
5156.361328125
8438.58984375
11569.712890625
14525.49609375
17284.37109375
19827.658203125
22139.712890625
24208.0546875
26023.40234375
27579.697265625
28874.068359375
29906.740234375
30680.8984375
31202.5390625
31480.25
31524.974609375
31349.771484375
30969.5078125
30400.580078125
29660.60546875
28768.1015625
27742.1875
26602.283203125
25367.806640625
24057.90625
22691.208984375
21285.57421875
19857.896484375
18423.931640625
16998.134765625
15593.564453125
14221.77734375
12892.7890625
11615.0546875
10395.474609375
9239.42578125
8150.833984375
7132.255859375
6184.998046875
5309.22265625
4504.09765625
3767.951171875
3098.41015625
2492.580078125
1947.181640625
1458.7265625
1023.654296875
638.466796875
299.869140625
4.8671875
-249.126953125
-464.220703125
-641.974609375
-783.375
-888.79296875
-957.994140625
-990.15234375
-983.87109375
-937.25
-847.927734375
-713.171875
-529.953125
-295.044921875
-5.119140625
343.142578125
752.958984375
1227.328125
1768.9453125
2380.091796875
3062.546875
3817.517578125
4645.5625
5546.529296875
6519.50390625
7562.7890625
8673.865234375
9849.392578125
11085.203125
12376.333984375
13717.037109375
15100.83203125
16520.54296875
17968.375
19435.958984375
20914.453125
22394.59375
23866.806640625
25321.271484375
26748.029296875
28137.07421875
29478.42578125
30762.240234375
31978.88671875
33119.04296875
34173.76953125
35134.591796875
35993.580078125
36743.416015625
37377.466796875
37889.845703125
38275.462890625
38530.09375
38650.419921875
38634.076171875
38479.697265625
38186.9453125
37756.5546875
37190.34375
36491.255859375
35663.3671875
34711.89453125
33643.2109375
32464.833984375
31185.4296875
29814.77734375
28363.765625
26844.337890625
25269.44921875
23653.017578125
22009.849609375
20355.544921875
18706.421875
17079.390625
15491.841796875
13961.501953125
12506.29296875
11144.162109375
9892.9140625
8770.03125
7792.470703125
6976.4765625
6337.3671875
5889.33984375
5645.248046875
5616.4140625
5812.416015625
6240.916015625
6907.4609375
7815.341796875
8965.4375
10356.091796875
11983.025390625
13839.259765625
15915.078125
18198.017578125
20672.90234375
23321.88671875
26124.58203125
29058.158203125
32097.548828125
35215.625
38383.470703125
41570.62109375
44745.400390625
47875.224609375
50926.97265625
53867.349609375
56663.28125
59282.3046875
61692.966796875
63865.236328125
65770.8671875
67383.814453125
68680.560546875
69640.458984375
70246.05078125
70483.318359375
70341.912109375
69815.34765625
68901.130859375
67600.845703125
65920.1796875
63868.91015625
61460.8125
58713.533203125
55648.400390625
52290.169921875
48666.744140625
44808.83203125
40749.568359375
36524.087890625
32169.08203125
27722.341796875
23222.240234375
18707.25
14215.435546875
9783.95703125
5448.57421875
1243.193359375
-2800.583984375
-6653.85546875
-10290.794921875
-13688.94921875
-16829.529296875
-19697.59765625
-22282.228515625
-24576.599609375
-26578.001953125
-28287.810546875
-29711.376953125
-30857.857421875
-31739.994140625
-32373.83203125
-32778.380859375
-32975.236328125
-32988.16796875
-32842.66015625
-32565.443359375
-32183.998046875
-31726.052734375
-31219.0859375
-30689.83203125
-30163.810546875
-29664.869140625
-29214.76953125
-28832.822265625
-28535.5390625
-28336.375
-28245.5
-28269.64453125
-28412.01171875
-28672.244140625
-29046.478515625
-29527.44140625
-30104.623046875
-30764.5234375
-31490.92578125
-32265.265625
-33066.99609375
-33874.033203125
-34663.22265625
-35410.822265625
-36092.9921875
-36686.326171875
-37168.345703125
-37517.986328125
-37716.087890625
-37745.814453125
-37593.080078125
-37246.892578125
-36699.666015625
-35947.455078125
-34990.162109375
-33831.623046875
-32479.669921875
-30946.099609375
-29246.57421875
-27400.4375
-25430.49609375
-23362.693359375
-21225.74609375
-19050.732421875
-16870.599609375
-14719.66796875
-12633.078125
-10646.2109375
-8794.125
-7110.94921875
-5629.30859375
-4379.744140625
-3390.189453125
-2685.447265625
-2286.720703125
-2211.220703125
-2471.78515625
-3076.603515625
-4029.001953125
-5327.283203125
-6964.67578125
-8929.3359375
-11204.447265625
-13768.392578125
-16594.99609375
-19653.849609375
-22910.705078125
-26327.927734375
-29864.990234375
-33479.05078125
-37125.53125
-40758.75
-44332.5703125
-47801.0390625
-51119.064453125
-54243.04296875
-57131.486328125
-59745.615234375
-62049.919921875
-64012.650390625
-65606.26953125
-66807.849609375
-67599.37109375
-67967.978515625
-67906.134765625
-67411.7265625
-66488.04296875
-65143.732421875
-63392.619140625
-61253.5
-58749.837890625
-55909.388671875
-52763.78515625
-49348.05078125
-45700.08203125
-41860.083984375
-37869.982421875
-33772.81640625
-29612.125
-25431.3359375
-21273.1484375
-17178.962890625
-13188.31640625
-9338.369140625
-5663.4140625
-2194.470703125
1041.099609375
4019.890625
6722.7109375
9134.736328125
11245.642578125
13049.619140625
14545.359375
15735.951171875
16628.716796875
17235.0
17569.884765625
17651.869140625
17502.505859375
17145.984375
16608.708984375
15918.8359375
15105.818359375
14199.908203125
13231.701171875
12231.66796875
11229.701171875
10254.6953125
9334.1484375
8493.787109375
7757.26953125
7145.875
6678.28515625
6370.390625
6235.158203125
6282.53515625
6519.412109375
6949.634765625
7574.056640625
8390.6328125
9394.56640625
10578.48046875
11932.61328125
13445.0625
15102.0390625
16888.123046875
18786.5703125
20779.572265625
22848.5625
24974.498046875
27138.126953125
29320.2578125
31502.00390625
33665.005859375
35791.638671875
37865.1796875
39869.974609375
41791.544921875
43616.697265625
45333.58203125
46931.734375
48402.091796875
49736.98828125
50930.12109375
51976.49609375
52872.365234375
53615.14453125
54203.322265625
54636.359375
54914.583984375
55039.0859375
55011.611328125
54834.458984375
54510.380859375
54042.505859375
53434.248046875
52689.232421875
51811.263671875
50804.24609375
49672.177734375
48419.11328125
47049.158203125
45566.4609375
43975.236328125
42279.7578125
40484.396484375
38593.638671875
36612.109375
34544.6015625
32396.099609375
30171.802734375
27877.140625
25517.775390625
23099.61328125
20628.794921875
18111.66796875
15554.787109375
12964.8515625
10348.68359375
7713.162109375
5065.171875
2411.54296875
-241.025390625
-2886.037109375
-5517.25
-8128.76953125
-10715.09765625
-13271.193359375
-15792.52734375
-18275.1171875
-20715.5546875
-23111.025390625
-25459.298828125
-27758.72265625
-30008.1796875
-32207.05078125
-34355.1328125
-36452.576171875
-38499.775390625
-40497.2734375
-42445.6328125
-44345.322265625
-46196.568359375
-47999.234375
-49752.685546875
-51455.65234375
-53106.115234375
-54701.193359375
-56237.046875
-57708.80078125
-59110.482421875
-60435.005859375
-61674.134765625
-62818.5390625
-63857.81640625
-64780.59375
-65574.62890625
-66226.95703125
-66724.0625
-67052.0859375
-67197.0390625
-67145.052734375
-66882.65625
-66397.052734375
-65676.40625
-64710.142578125
-63489.25
-62006.560546875
-60257.04296875
-58238.05078125
-55949.560546875
-53394.392578125
-50578.373046875
-47510.48046875
-44202.91796875
-40671.185546875
-36934.052734375
-33013.50390625
-28934.62890625
-24725.46484375
-20416.75
-16041.671875
-11635.53515625
-7235.38671875
-2879.603515625
1392.556640625
5541.4453125
9527.52734375
13311.91015625
16856.880859375
20126.443359375
23086.8515625
25707.12109375
27959.529296875
29820.06640625
31268.86328125
32290.546875
32874.57421875
33015.470703125
32713.021484375
31972.390625
30804.154296875
29224.26171875
27253.92578125
24919.4140625
22251.802734375
19286.60546875
16063.37109375
12625.189453125
9018.181640625
5290.873046875
1493.583984375
-2322.251953125
-6104.771484375
-9802.396484375
-13364.53125
-16742.287109375
-19889.1484375
-22761.6328125
-25319.92578125
-27528.41796875
-29356.25390625
-30777.74609375
-31772.76953125
-32327.04296875
-32432.341796875
-32086.623046875
-31294.044921875
-30064.927734375
-28415.58203125
-26368.0859375
-23949.95703125
-21193.74609375
-18136.57421875
-14819.57421875
-11287.298828125
-7587.072265625
-3768.302734375
118.244140625
4021.166015625
7889.16015625
11671.763671875
15320.068359375
18787.3984375
22029.953125
25007.423828125
27683.509765625
30026.40625
32009.19921875
33610.1796875
34813.091796875
35607.28125
35987.74609375
35955.125
35515.58203125
34680.60546875
33466.734375
31895.205078125
29991.537109375
27785.05078125
25308.33203125
22596.666015625
19687.4296875
16619.455078125
13432.408203125
10166.138671875
6860.046875
3552.48828125
280.189453125
-2922.283203125
-6023.015625
-8993.1796875
-11807.3984375
-14444.048828125
-16885.486328125
-19118.208984375
-21132.9296875
-22924.576171875
-24492.224609375
-25838.951171875
-26971.6171875
-27900.591796875
-28639.423828125
-29204.451171875
-29614.37890625
-29889.814453125
-30052.78515625
-30126.240234375
-30133.5390625
-30097.95703125
-30042.185546875
-29987.8828125
-29955.212890625
-29962.470703125
-30025.71875
-30158.486328125
-30371.52734375
-30672.640625
-31066.53515625
-31554.794921875
-32135.869140625
-32805.154296875
-33555.125
-34375.537109375
-35253.662109375
-36174.591796875
-37121.57421875
-38076.390625
-39019.75390625
-39931.73046875
-40792.181640625
-41581.18359375
-42279.474609375
-42868.85546875
-43332.58984375
-43655.765625
-43825.6171875
-43831.810546875
-43666.67578125
-43325.3828125
-42806.0703125
-42109.90625
-41241.087890625
-40206.796875
-39017.072265625
-37684.646484375
-36224.720703125
-34654.685546875
-32993.806640625
-31262.875
-29483.818359375
-27679.2890625
-25872.24609375
-24085.52734375
-22341.412109375
-20661.208984375
-19064.84765625
-17570.505859375
-16194.265625
-14949.8046875
-13848.1328125
-12897.392578125
-12102.6953125
-11466.01953125
-10986.1796875
-10658.845703125
-10476.615234375
-10429.166015625
-10503.451171875
-10683.9375
-10952.91796875
-11290.84765625
-11676.71875
-12088.48046875
-12503.458984375
-12898.8125
-13251.984375
-13541.154296875
-13745.6796875
-13846.529296875
-13826.66796875
-13671.44140625
-13368.890625
-12910.033203125
-12289.09765625
-11503.701171875
-10554.94921875
-9447.505859375
-8189.57421875
-6792.830078125
-5272.28125
-3646.076171875
-1935.25
-163.423828125
1643.560546875
3458.0234375
5250.884765625
6992.134765625
8651.30078125
10197.95703125
11602.220703125
12835.244140625
13869.71875
14680.328125
15244.193359375
15541.283203125
15554.779296875
15271.390625
14681.625
13779.998046875
12565.185546875
11040.115234375
9211.982421875
7092.22265625
4696.40234375
2044.060546875
-841.521484375
-3933.59375
-7202.2578125
-10614.8671875
-14136.408203125
-17729.984375
-21357.26953125
-24979.005859375
-28555.525390625
-32047.24609375
-35415.1953125
-38621.501953125
-41629.876953125
-44406.080078125
-46918.341796875
-49137.75390625
-51038.619140625
-52598.763671875
-53799.77734375
-54627.23046875
-55070.810546875
-55124.41796875
-54786.205078125
-54058.552734375
-52947.998046875
-51465.1015625
-49624.28125
-47443.587890625
-44944.427734375
-42151.279296875
-39091.34375
-35794.18359375
-32291.341796875
-28615.93359375
-24802.236328125
-20885.26953125
-16900.376953125
-12882.806640625
-8867.326171875
-4887.8125
-976.904296875
2834.349609375
6516.802734375
10043.49609375
13389.90625
16534.1640625
19457.23046875
22143.03515625
24578.58984375
26754.033203125
28662.67578125
30300.978515625
31668.515625
32767.87890625
33604.587890625
34186.9296875
34525.80859375
34634.53515625
34528.6328125
34225.59375
33744.630859375
33106.435546875
32332.88671875
31446.79296875
30471.607421875
29431.15234375
28349.34375
27249.908203125
26156.134765625
25090.61328125
24074.986328125
23129.720703125
22273.904296875
21525.033203125
20898.833984375
20409.1171875
20067.630859375
19883.939453125
19865.341796875
20016.802734375
20340.89453125
20837.80078125
21505.306640625
22338.8359375
23331.50390625
24474.21484375
25755.751953125
27162.921875
28680.70703125
30292.4296875
31979.970703125
33723.9765625
35504.087890625
37299.1953125
39087.69921875
40847.791015625
42557.71484375
44196.060546875
45742.056640625
47175.83203125
48478.71484375
49633.482421875
50624.619140625
51438.556640625
52063.88671875
52491.548828125
52715.0078125
52730.369140625
52536.4921875
52135.056640625
51530.58203125
50730.419921875
49744.6953125
48586.224609375
47270.3671875
45814.861328125
44239.59765625
42566.380859375
40818.6328125
39021.072265625
37199.380859375
35379.814453125
33588.837890625
31852.6953125
30197.0234375
28646.42578125
27224.072265625
25951.29296875
24847.2109375
23928.37890625
23208.453125
22697.90625
22403.77734375
22329.46875
22474.595703125
22834.892578125
23402.16015625
24164.306640625
25105.41796875
26205.8984375
27442.68359375
28789.5
30217.1875
31694.07421875
33186.396484375
34658.76171875
36074.658203125
37396.986328125
38588.609375
39612.927734375
40434.439453125
41019.333984375
41336.0234375
41355.703125
41052.837890625
40405.640625
39396.484375
38012.2734375
36244.736328125
34090.671875
31552.103515625
28636.369140625
25356.1328125
21729.302734375
17778.888671875
13532.76171875
9023.34375
4287.23828125
-635.23828125
-5700.560546875
-10862.55859375
-16073.037109375
-21282.421875
-26440.451171875
-31496.849609375
-36402.046875
-41107.873046875
-45568.236328125
-49739.779296875
-53582.498046875
-57060.3046875
-60141.546875
-62799.458984375
-65012.533203125
-66764.8046875
-68046.08203125
-68852.052734375
-69184.328125
-69050.380859375
-68463.38671875
-67442.0
-66010.02734375
-64196.015625
-62032.796875
-59556.927734375
-56808.11328125
-53828.5390625
-50662.22265625
-47354.283203125
-43950.248046875
-40495.3203125
-37033.68359375
-33607.822265625
-30257.8671875
-27020.998046875
-23930.904296875
-21017.3046875
-18305.52734375
-15816.201171875
-13565.0078125
-11562.51953125
-9814.158203125
-8320.201171875
-7075.927734375
-6071.8125
-5293.826171875
-4723.80859375
-4339.9140625
-4117.115234375
-4027.765625
-4042.2109375
-4129.4140625
-4257.6171875
-4395.0078125
-4510.373046875
-4573.74609375
-4557.015625
-4434.501953125
-4183.478515625
-3784.62890625
-3222.44921875
-2485.552734375
-1566.900390625
-463.96484375
821.2421875
2282.18359375
3907.931640625
5683.380859375
7589.55078125
9603.951171875
11701.03515625
13852.720703125
16028.931640625
18198.22265625
20328.40234375
22387.197265625
24342.9140625
26165.078125
27825.078125
29296.76953125
30557.025390625
31586.236328125
32368.755859375
32893.25
33152.9921875
33146.037109375
32875.330078125
32348.7109375
31578.818359375
30582.900390625
29382.5390625
28003.283203125
26474.189453125
24827.306640625
23097.087890625
21319.740234375
19532.55078125
17773.16796875
16078.87109375
14485.849609375
13028.466796875
11738.576171875
10644.8671875
9772.267578125
9141.388671875
8768.080078125
8663.052734375
8831.580078125
9273.328125
9982.271484375
10946.7265625
12149.474609375
13568.025390625
15174.9453125
16938.3203125
18822.287109375
20787.650390625
22792.587890625
24793.392578125
26745.283203125
28603.234375
30322.826171875
31861.103515625
33177.421875
34234.240234375
34997.90625
35439.359375
35534.759765625
35266.044921875
34621.3671875
33595.453125
32189.828125
30412.923828125
28280.0625
25813.318359375
23041.255859375
19998.537109375
16725.423828125
13267.1640625
9673.279296875
5996.759765625
2293.20703125
-1380.123046875
-4965.279296875
-8404.634765625
-11641.904296875
-14623.140625
-17297.734375
-19619.3359375
-21546.75
-23044.728515625
-24084.681640625
-24645.28515625
-24712.9609375
-24282.2421875
-23355.9921875
-21945.486328125
-20070.357421875
-17758.375
-15045.115234375
-11973.45703125
-8592.962890625
-4959.1484375
-1132.6171875
2821.880859375
6836.494140625
10841.35546875
14765.73828125
18539.23046875
22092.916015625
25360.54296875
28279.6796875
30792.783203125
32848.244140625
34401.3046875
35414.880859375
35860.2890625
35717.818359375
34977.16015625
33637.689453125
31708.6015625
29208.87109375
26167.05859375
22620.953125
18617.072265625
14209.998046875
9461.587890625
4440.0625
-781.029296875
-6123.91796875
-11507.826171875
-16850.208984375
-22068.044921875
-27079.146484375
-31803.455078125
-36164.306640625
-40089.66015625
-43513.25390625
-46375.66796875
-48625.28515625
-50219.140625
-51123.6171875
-51315.013671875
-50779.9453125
-49515.5859375
-47529.748046875
-44840.78125
-41477.322265625
-37477.873046875
-32890.22265625
-27770.728515625
-22183.466796875
-16199.248046875
-9894.548828125
-3350.345703125
3349.111328125
10117.5859375
16868.146484375
23514.48046875
29972.181640625
36160.013671875
42001.095703125
47424.04296875
52363.97265625
56763.4375
60573.220703125
63752.99609375
66271.837890625
68108.58984375
69252.07421875
69701.123046875
69464.49609375
68560.591796875
67017.041015625
64870.16015625
62164.259765625
58950.8515625
55287.734375
51238.01171875
46869.025390625
42251.255859375
37457.16796875
32560.05859375
27632.90625
22747.25
17972.09375
13372.90625
9010.65625
4940.970703125
1213.380859375
-2129.310546875
-5051.55078125
-7525.40625
-9530.8203125
-11055.72265625
-12096.005859375
-12655.375
-12745.06640625
-12383.435546875
-11595.462890625
-10412.12890625
-8869.71875
-7009.056640625
-4874.666015625
-2513.90625
23.939453125
2688.556640625
5429.515625
8197.150390625
10943.400390625
13622.60546875
16192.240234375
18613.55859375
20852.16796875
22878.50390625
24668.1953125
26202.33984375
27467.6640625
28456.568359375
29167.080078125
29602.69140625
29772.10546875
29688.88671875
29371.03515625
28840.486328125
28122.537109375
27245.2421875
26238.76953125
25134.705078125
23965.392578125
22763.23046875
21560.0234375
20386.3359375
19270.888671875
18240.025390625
17317.2109375
16522.611328125
15872.76171875
15380.291015625
15053.736328125
14897.458984375
14911.625
15092.275390625
15431.490234375
15917.611328125
16535.548828125
17267.13671875
18091.560546875
18985.82421875
19925.234375
20883.943359375
21835.48046875
22753.2890625
23611.279296875
24384.3203125
25048.75390625
25582.837890625
25967.142578125
26184.927734375
26222.419921875
26069.05859375
25717.654296875
25164.498046875
24409.37109375
23455.533203125
22309.587890625
20981.333984375
19483.533203125
17831.625
16043.41015625
14138.689453125
12138.859375
10066.505859375
7944.984375
5797.9765625
3649.080078125
1521.388671875
-562.888671875
-2582.787109375
-4518.90234375
-6353.67578125
-8071.61328125
-9659.478515625
-11106.40234375
-12403.96484375
-13546.19921875
-14529.5625
-15352.837890625
-16016.99609375
-16525.009765625
-16881.640625
-17093.171875
-17167.134765625
-17112.013671875
-16936.9375
-16651.361328125
-16264.765625
-15786.369140625
-15224.849609375
-14588.1015625
-13883.02734375
-13115.357421875
-12289.52734375
-11408.59375
-10474.193359375
-9486.560546875
-8444.59765625
-7345.9765625
-6187.302734375
-4964.314453125
-3672.126953125
-2305.48828125
-859.087890625
672.134765625
2292.66796875
4006.08984375
5814.767578125
7719.521484375
9719.37109375
11811.248046875
13989.80859375
16247.232421875
18573.12109375
20954.416015625
23375.390625
25817.70703125
28260.5234375
30680.67578125
33052.912109375
35350.19140625
37544.041015625
39604.947265625
41502.81640625
43207.443359375
44689.0234375
45918.689453125
46869.0390625
47514.673828125
47832.72265625
47803.34765625
47410.2109375
46640.896484375
45487.291015625
43945.904296875
42018.109375
39710.314453125
37034.068359375
34006.05078125
30648.013671875
26986.6171875
23053.169921875
18883.306640625
14516.572265625
9995.939453125
5367.244140625
678.5859375
-4020.345703125
-8678.962890625
-13246.52734375
-17672.876953125
-21909.1875
-25908.705078125
-29627.474609375
-33025.00390625
-36064.91796875
-38715.525390625
-40950.328125
-42748.451171875
-44094.978515625
-44981.208984375
-45404.798828125
-45369.814453125
-44886.669921875
-43971.962890625
-42648.21484375
-40943.50390625
-38891.01171875
-36528.474609375
-33897.57421875
-31043.234375
-28012.890625
-24855.69140625
-21621.69921875
-18361.03125
-15123.04296875
-11955.494140625
-8903.76171875
-6010.064453125
-3312.78515625
-845.80859375
1362.01953125
3287.37890625
4912.8359375
6227.1328125
7225.34765625
7908.9453125
8285.7265625
8369.65234375
8180.578125
7743.859375
7089.875
6253.46484375
5273.267578125
4191.01171875
3050.740234375
1897.978515625
778.912109375
-260.5
-1175.365234375
-1922.712890625
-2462.3046875
-2757.390625
-2775.43359375
-2488.73828125
-1875.0
-917.775390625
393.171875
2061.59765625
4084.66015625
6452.8828125
9150.24609375
12154.396484375
15436.962890625
18963.978515625
22696.404296875
26590.73828125
30599.708984375
34673.033203125
38758.23828125
42801.513671875
46748.58984375
50545.63671875
54140.15625
57481.8515625
60523.470703125
63221.583984375
65537.326171875
67437.046875
68892.875
69883.212890625
70393.078125
70414.400390625
69946.162109375
68994.419921875
67572.25390625
65699.55078125
63402.716796875
60714.2578125
57672.275390625
54319.8828125
50704.505859375
46877.166015625
42891.6640625
38803.7578125
34670.283203125
30548.27734375
26494.11328125
22562.62890625
18806.298828125
15274.453125
12012.54296875
9061.48828125
6457.080078125
4229.49609375
2402.90625
995.15234375
17.5703125
-525.111328125
-634.751953125
-319.671875
405.55859375
1520.44921875
2998.98828125
4810.14453125
6918.419921875
9284.48046875
11865.833984375
14617.5390625
17492.9453125
20444.458984375
23424.271484375
26385.130859375
29281.0390625
32067.93359375
34704.333984375
37151.900390625
39375.9609375
41345.947265625
43035.74609375
44423.98828125
45494.224609375
46235.052734375
46640.119140625
46708.048828125
46442.306640625
45850.97265625
44946.431640625
43745.021484375
42266.62109375
40534.173828125
38573.197265625
36411.25390625
34077.400390625
31601.6484375
29014.404296875
26345.94921875
23625.921875
20882.841796875
18143.68359375
15433.46875
12774.9453125
10188.3046875
7690.96875
5297.427734375
3019.16796875
864.6328125
-1160.71875
-3054.330078125
-4816.375
-6449.55859375
-7958.857421875
-9351.23046875
-10635.296875
-11820.978515625
-12919.142578125
-13941.240234375
-14898.91796875
-15803.666015625
-16666.474609375
-17497.51171875
-18305.83203125
-19099.12109375
-19883.4921875
-20663.310546875
-21441.068359375
-22217.337890625
-22990.728515625
-23757.94140625
-24513.837890625
-25251.580078125
-25962.796875
-26637.796875
-27265.83203125
-27835.353515625
-28334.318359375
-28750.51171875
-29071.859375
-29286.7578125
-29384.388671875
-29355.03125
-29190.341796875
-28883.615234375
-28430.01953125
-27826.77734375
-27073.328125
-26171.423828125
-25125.197265625
-23941.171875
-22628.212890625
-21197.462890625
-19662.189453125
-18037.611328125
-16340.689453125
-14589.861328125
-12804.748046875
-11005.85546875
-9214.2265625
-7451.091796875
-5737.513671875
-4094.037109375
-2540.322265625
-1094.82421875
225.537109375
1405.66796875
2432.556640625
3295.505859375
3986.3046875
4499.37890625
4831.88671875
4983.751953125
4957.669921875
4759.05078125
4395.923828125
3878.78125
3220.40625
2435.62890625
1541.076171875
554.880859375
-503.646484375
-1614.330078125
-2756.482421875
-3909.255859375
-5051.982421875
-6164.5078125
-7227.53125
-8222.888671875
-9133.84765625
-9945.341796875
-10644.189453125
-11219.263671875
-11661.62890625
-11964.626953125
-12123.923828125
-12137.513671875
-12005.671875
-11730.876953125
-11317.689453125
-10772.58203125
-10103.759765625
-9320.94140625
-8435.109375
-7458.25390625
-6403.10546875
-5282.853515625
-4110.873046875
-2900.4453125
-1664.50390625
-415.390625
835.375
2077.283203125
3301.013671875
4498.560546875
5663.33984375
6790.251953125
7875.705078125
8917.611328125
9915.3359375
10869.623046875
11782.46484375
12656.98046875
13497.234375
14308.04296875
15094.77734375
15863.13671875
16618.927734375
17367.83203125
18115.189453125
18865.779296875
19623.619140625
20391.798828125
21172.302734375
21965.904296875
22772.04296875
23588.783203125
24412.767578125
25239.224609375
26062.015625
26873.712890625
27665.69921875
28428.326171875
29151.080078125
29822.78515625
30431.822265625
30966.369140625
31414.6484375
31765.197265625
32007.1171875
32130.328125
32125.833984375
31985.935546875
31704.45703125
31276.927734375
30700.740234375
29975.291015625
29102.048828125
28084.630859375
26928.802734375
25642.453125
24235.525390625
22719.916015625
21109.322265625
19419.060546875
17665.859375
15867.59765625
14043.060546875
12211.6328125
10393.005859375
8606.86328125
6872.572265625
5208.875
3633.576171875
2163.275390625
813.0859375
-403.58984375
-1475.279296875
-2392.611328125
-3148.44921875
-3737.986328125
-4158.806640625
-4410.884765625
-4496.560546875
-4420.4609375
-4189.376953125
-3812.115234375
-3299.298828125
-2663.146484375
-1917.21875
-1076.150390625
-155.34375
829.310546875
1861.763671875
2926.09765625
4006.830078125
5089.197265625
6159.423828125
7204.958984375
8214.693359375
9179.1328125
10090.541015625
10943.046875
11732.69921875
12457.482421875
13117.30078125
13713.896484375
14250.751953125
14732.9453125
15166.953125
15560.45703125
15922.1015625
16261.21875
16587.58203125
16911.095703125
17241.533203125
17588.23828125
17959.857421875
18364.09375
18807.46484375
19295.099609375
19830.5703125
20415.75
21050.728515625
21733.744140625
22461.19921875
23227.677734375
24026.041015625
24847.55859375
25682.0703125
26518.203125
27343.625
28145.296875
28909.802734375
29623.65234375
30273.62109375
30847.08203125
31332.3515625
31719.005859375
31998.197265625
32162.94140625
32208.3671875
32131.943359375
31933.6484375
31616.103515625
31184.65234375
30647.375
30015.072265625
29301.158203125
28521.51953125
27694.314453125
26839.712890625
25979.587890625
25137.17578125
24336.66796875
23602.798828125
22960.392578125
22433.90234375
22046.91796875
21821.71484375
21778.767578125
21936.306640625
22309.896484375
22912.05859375
23751.90625
24834.876953125
26162.486328125
27732.154296875
29537.1171875
31566.384765625
33804.783203125
36233.07421875
38828.15234375
41563.306640625
44408.541015625
47330.98828125
50295.357421875
53264.431640625
56199.640625
59061.626953125
61810.865234375
64408.2890625
66815.90625
68997.44140625
70918.92578125
72549.279296875
73860.841796875
74829.86328125
75436.93359375
75667.349609375
75511.392578125
74964.546875
74027.630859375
72706.81640625
71013.60546875
68964.673828125
66581.646484375
63890.794921875
60922.65234375
57711.53125
54295.015625
50713.3671875
47008.896484375
43225.28515625
39406.89453125
35598.06640625
31842.390625
28182.029296875
24657.029296875
21304.6875
18158.947265625
15249.87890625
12603.19921875
10239.880859375
8175.845703125
6421.734375
4982.79296875
3858.826171875
3044.26171875
2528.3203125
2295.2578125
2324.708984375
2592.111328125
3069.201171875
3724.5859375
4524.3671875
5432.802734375
6413.013671875
7427.7109375
8439.91796875
9413.7109375
10314.916015625
11111.783203125
11775.62890625
12281.404296875
12608.21484375
12739.736328125
12664.580078125
12376.54296875
11874.767578125
11163.798828125
10253.552734375
9159.1640625
7900.744140625
6503.0390625
4995.001953125
3409.287109375
1781.642578125
150.28125
-1444.849609375
-2962.78515625
-4362.345703125
-5602.8984375
-6645.15625
-7451.9453125
-7988.947265625
-8225.3984375
-8134.732421875
-7695.154296875
-6890.138671875
-5708.845703125
-4146.427734375
-2204.2421875
110.048828125
2782.466796875
5792.86328125
9115.111328125
12717.466796875
16562.986328125
20610.05078125
24813.0
29122.798828125
33487.810546875
37854.58984375
42168.736328125
46375.767578125
50421.982421875
54255.34375
57826.333984375
61088.759765625
64000.53125
66524.3515625
68628.359375
70286.662109375
71479.78125
72195.001953125
72426.595703125
72175.94921875
71451.556640625
70268.916015625
68650.279296875
66624.33203125
64225.734375
61494.576171875
58475.751953125
55218.22265625
51774.259765625
48198.6015625
44547.576171875
40878.208984375
37247.310546875
33710.5703125
30321.685546875
27131.50390625
24187.228515625
21531.69140625
19202.6796875
17232.369140625
15646.8515625
14465.73828125
13701.9140625
13361.36328125
13443.140625
13939.42578125
14835.724609375
16111.158203125
17738.83984375
19686.392578125
21916.5
24387.576171875
27054.47265625
29869.240234375
32781.94921875
35741.494140625
38696.44921875
41595.896484375
44390.228515625
47031.9375
49476.34375
51682.271484375
53612.650390625
55235.048828125
56522.107421875
57451.892578125
58008.134765625
58180.38671875
57964.060546875
57360.376953125
56376.20703125
55023.826171875
53320.57421875
51288.43359375
48953.546875
46345.654296875
43497.490234375
40444.154296875
37222.421875
33870.07421875
30425.212890625
26925.58203125
23407.92578125
19907.376953125
16456.896484375
13086.75
9824.08984375
6692.5703125
3712.060546875
898.44921875
-1736.48828125
-4185.115234375
-6443.8828125
-8513.193359375
-10397.181640625
-12103.427734375
-13642.59375
-15028.01171875
-16275.216796875
-17401.439453125
-18425.072265625
-19365.119140625
-20240.640625
-21070.203125
-21871.34765625
-22660.087890625
-23450.4453125
-24254.048828125
-25079.76171875
-25933.40625
-26817.546875
-27731.33984375
-28670.486328125
-29627.24609375
-30590.537109375
-31546.115234375
-32476.84765625
-33363.017578125
-34182.740234375
-34912.3984375
-35527.1484375
-36001.45703125
-36309.669921875
-36426.595703125
-36328.08203125
-35991.62109375
-35396.88671875
-34526.29296875
-33365.46484375
-31903.6953125
-30134.318359375
-28055.02734375
-25668.103515625
-22980.580078125
-20004.30859375
-16755.93359375
-13256.80078125
-9532.740234375
-5613.806640625
-1533.904296875
2669.65234375
6956.638671875
11284.490234375
15608.92578125
19884.6015625
24065.79296875
28107.111328125
31964.19921875
35594.43359375
38957.6015625
42016.546875
44737.7734375
47091.974609375
49054.521484375
50605.869140625
51731.8671875
52423.986328125
52679.478515625
52501.3984375
51898.55859375
50885.3828125
49481.650390625
47712.173828125
45606.380859375
43197.8046875
40523.537109375
37623.595703125
34540.259765625
31317.36328125
27999.564453125
24631.60546875
21257.583984375
17920.21875
14660.171875
11515.38671875
8520.494140625
5706.271484375
3099.189453125
721.015625
-1411.474609375
-3286.6875
-4898.345703125
-6245.47265625
-7332.30859375
-8168.14453125
-8767.015625
-9147.36328125
-9331.572265625
-9345.470703125
-9217.744140625
-8979.3046875
-8662.62890625
-8301.05859375
-7928.08984375
-7576.666015625
-7278.474609375
-7063.28125
-6958.287109375
-6987.548828125
-7171.453125
-7526.263671875
-8063.748046875
-8790.88671875
-9709.685546875
-10817.068359375
-12104.888671875
-13560.015625
-15164.537109375
-16896.044921875
-18728.015625
-20630.279296875
-22569.54296875
-24509.9921875
-26413.958984375
-28242.599609375
-29956.6328125
-31517.0859375
-32886.02734375
-34027.3125
-34907.298828125
-35495.5
-35765.240234375
-35694.1953125
-35264.890625
-34465.115234375
-33288.244140625
-31733.45703125
-29805.873046875
-27516.576171875
-24882.5234375
-21926.373046875
-18676.193359375
-15165.09375
-11430.736328125
-7514.806640625
-3462.361328125
678.826171875
4859.0390625
9027.3671875
13132.5234375
17123.65234375
20951.13671875
24567.40234375
27927.669921875
30990.681640625
33719.357421875
36081.3984375
38049.8046875
39603.29296875
40726.662109375
41410.998046875
41653.826171875
41459.125
40837.255859375
39804.765625
38384.107421875
36603.244140625
34495.16796875
32097.35546875
29451.123046875
26600.931640625
23593.64453125
20477.74609375
17302.537109375
14117.3125
10970.5625
7909.171875
4977.654296875
2217.451171875
-333.7421875
-2642.560546875
-4680.484375
-6424.271484375
-7856.279296875
-8964.7109375
-9743.74609375
-10193.564453125
-10320.271484375
-10135.720703125
-9657.23828125
-8907.244140625
-7912.8046875
-6705.091796875
-5318.775390625
-3791.361328125
-2162.490234375
-473.19140625
1234.888671875
2920.232421875
4542.228515625
6061.912109375
7442.66015625
8650.873046875
9656.5546875
10433.8671875
10961.587890625
11223.484375
11208.599609375
10911.43359375
10332.048828125
9476.05078125
8354.484375
6983.626953125
5384.689453125
3583.435546875
1609.705078125
-503.111328125
-2718.68359375
-4998.388671875
-7302.00390625
-9588.4296875
-11816.4140625
-13945.3046875
-15935.76171875
-17750.458984375
-19354.763671875
-20717.33984375
-21810.7109375
-22611.759765625
-23102.1328125
-23268.580078125
-23103.193359375
-22603.560546875
-21772.8125
-20619.5859375
-19157.884765625
-17406.849609375
-15390.43359375
-13137.0078125
-10678.8828125
-8051.751953125
-5294.103515625
-2446.560546875
448.802734375
3349.169921875
6211.703125
8994.275390625
11656.1640625
14158.744140625
16466.138671875
18545.802734375
20369.08203125
21911.677734375
23154.05078125
24081.740234375
24685.59375
24961.9140625
24912.50390625
24544.62890625
23870.8828125
22908.95703125
21681.341796875
20214.931640625
18540.5703125
16692.51953125
14707.880859375
12625.970703125
10487.650390625
8334.654296875
6208.880859375
4151.69921875
2203.25390625
401.814453125
-1216.87109375
-2620.15625
-3779.03125
-4668.6015625
-5268.4921875
-5563.166015625
-5542.1875
-5200.376953125
-4537.896484375
-3560.236328125
-2278.123046875
-707.341796875
1131.5234375
3213.41796875
5509.232421875
7986.25390625
10608.703125
13338.287109375
16134.8125
18956.8046875
21762.16015625
24508.79296875
27155.283203125
29661.49609375
31989.201171875
34102.62890625
35969.0
37559.001953125
38847.203125
39812.41015625
40437.939453125
40711.83984375
40627.021484375
40181.31640625
39377.46875
38223.03125
36730.21875
34915.662109375
32800.123046875
30408.140625
27767.626953125
24909.416015625
21866.78515625
18674.93359375
15370.462890625
11990.826171875
8573.783203125
5156.865234375
1776.84765625
-1530.73828125
-4732.09375
-7795.5703125
-10692.072265625
-13395.380859375
-15882.47265625
-18133.720703125
-20133.095703125
-21868.271484375
-23330.68359375
-24515.525390625
-25421.6953125
-26051.671875
-26411.35546875
-26509.85546875
-26359.2265625
-25974.185546875
-25371.7734375
-24571.017578125
-23592.552734375
-22458.251953125
-21190.818359375
-19813.423828125
-18349.3125
-16821.443359375
-15252.13671875
-13662.759765625
-12073.41796875
-10502.708984375
-8967.486328125
-7482.6640625
-6061.087890625
-4713.408203125
-3448.0234375
-2271.0546875
-1186.357421875
-195.576171875
701.76171875
1508.134765625
2227.859375
2866.923828125
3432.787109375
3934.1484375
4380.734375
4783.048828125
5152.119140625
5499.27734375
5835.89453125
6173.169921875
6521.896484375
6892.2734375
7293.70703125
7734.658203125
8222.501953125
8763.40625
9362.255859375
10022.5703125
10746.48828125
11534.744140625
12386.69140625
13300.341796875
14272.423828125
15298.4609375
16372.892578125
17489.162109375
18639.869140625
19816.892578125
21011.55078125
22214.7421875
23417.10546875
24609.15625
25781.458984375
26924.744140625
28030.052734375
29088.86328125
30093.1875
31035.681640625
31909.724609375
32709.486328125
33429.974609375
34067.083984375
34617.603515625
35079.2265625
35450.55859375
35731.0625
35921.064453125
36021.67578125
36034.75390625
35962.837890625
35809.080078125
35577.1640625
35271.236328125
34895.8203125
34455.736328125
33956.021484375
33401.859375
32798.494140625
32151.169921875
31465.05859375
30745.20703125
29996.482421875
29223.52734375
28430.716796875
27622.130859375
26801.5234375
25972.3125
25137.56640625
24299.990234375
23461.93359375
22625.396484375
21792.0390625
20963.1953125
20139.884765625
19322.853515625
18512.57421875
17709.29296875
16913.046875
16123.6953125
15340.966796875
14564.462890625
13793.716796875
13028.220703125
12267.451171875
11510.919921875
10758.189453125
10008.927734375
9262.92578125
8520.146484375
7780.75390625
7045.134765625
6313.951171875
5588.15234375
4869.0234375
4158.19140625
3457.6640625
2769.84375
2097.55078125
1444.02734375
812.943359375
208.408203125
-365.046875
-902.474609375
-1398.541015625
-1847.55078125
-2243.482421875
-2580.052734375
-2850.75390625
-3048.939453125
-3167.89453125
-3200.916015625
-3141.41796875
-2983.03515625
-2719.720703125
-2345.873046875
-1856.4453125
-1247.076171875
-514.2109375
344.7890625
1331.509765625
2446.392578125
3688.615234375
5056.001953125
6544.95703125
8150.373046875
9865.60546875
11682.44140625
13591.076171875
15580.146484375
17636.7578125
19746.560546875
21893.83203125
24061.595703125
26231.7578125
28385.287109375
30502.3984375
32562.765625
34545.7578125
36430.69140625
38197.099609375
39825.0078125
41295.21484375
