# File created = Tuesday, March 19, 2024 at 12:19:29 PM Eastern Daylight Time
# Data set = SW_Shiva  314  1  /home/shiva/WMU
# Spectral Region:
# LEFT = 100.06120300292969 ppm. RIGHT = -106.03338443170102 ppm.
#
# SIZE = 32768 ( = number of points)
#
# In the following ordering is from the 'left' to the 'right' limits!
# Lines beginning with '#' must be considered as comment lines.
#
-21396.501953125
-21454.224609375
-21512.2890625
-21570.0390625
-21626.705078125
-21681.41796875
-21733.232421875
-21781.115234375
-21823.974609375
-21860.66796875
-21890.009765625
-21910.79296875
-21921.7890625
-21921.775390625
-21909.544921875
-21883.916015625
-21843.73828125
-21787.92578125
-21715.44921875
-21625.357421875
-21516.779296875
-21388.947265625
-21241.19140625
-21072.955078125
-20883.802734375
-20673.4140625
-20441.607421875
-20188.32421875
-19913.638671875
-19617.763671875
-19301.03515625
-18963.92578125
-18607.037109375
-18231.0859375
-17836.912109375
-17425.462890625
-16997.79296875
-16555.046875
-16098.458984375
-15629.3359375
-15149.048828125
-14659.029296875
-14160.748046875
-13655.701171875
-13145.412109375
-12631.408203125
-12115.212890625
-11598.330078125
-11082.240234375
-10568.37890625
-10058.13671875
-9552.845703125
-9053.7578125
-8562.0625
-8078.853515625
-7605.134765625
-7141.810546875
-6689.68359375
-6249.4453125
-5821.681640625
-5406.859375
-5005.345703125
-4617.375
-4243.08984375
-3882.509765625
-3535.55859375
-3202.05078125
-2881.70703125
-2574.1640625
-2278.96875
-1995.591796875
-1723.4453125
-1461.8671875
-1210.16015625
-967.578125
-733.345703125
-506.666015625
-286.734375
-72.73828125
136.123046875
340.638671875
541.564453125
739.62890625
935.51953125
1129.869140625
1323.255859375
1516.20703125
1709.171875
1902.533203125
2096.603515625
2291.623046875
2487.74609375
2685.056640625
2883.560546875
3083.19140625
3283.80859375
3485.201171875
3687.095703125
3889.158203125
4091.005859375
4292.19921875
4492.267578125
4690.69921875
4886.962890625
5080.50390625
5270.76953125
5457.197265625
5639.234375
5816.3515625
5988.041015625
6153.822265625
6313.267578125
6465.986328125
6611.65234375
6749.994140625
6880.810546875
7003.96875
7119.412109375
7227.162109375
7327.318359375
7420.064453125
7505.658203125
7584.447265625
7656.84765625
7723.359375
7784.546875
7841.046875
7893.55078125
7942.814453125
7989.634765625
8034.8515625
8079.3359375
8123.984375
8169.705078125
8217.412109375
8268.009765625
8322.396484375
8381.439453125
8445.97265625
8516.78515625
8594.611328125
8680.12890625
8773.9375
8876.5625
8988.4453125
9109.931640625
9241.26953125
9382.611328125
9533.994140625
9695.35546875
9866.517578125
10047.193359375
10236.982421875
10435.380859375
10641.7734375
10855.44140625
11075.57421875
11301.25390625
11531.48828125
11765.201171875
12001.23828125
12238.38671875
12475.37890625
12710.89453125
12943.5859375
13172.07421875
13394.974609375
13610.8828125
13818.4140625
14016.193359375
14202.876953125
14377.15625
14537.7734375
14683.521484375
14813.26171875
14925.9296875
15020.541015625
15096.197265625
15152.09765625
15187.5390625
15201.91796875
15194.744140625
15165.62890625
15114.3046875
15040.60546875
14944.484375
14826.001953125
14685.326171875
14522.734375
14338.603515625
14133.412109375
13907.728515625
13662.2109375
13397.603515625
13114.720703125
12814.447265625
12497.732421875
12165.57421875
11819.01953125
11459.16015625
11087.107421875
10704.00390625
10311.00390625
9909.27734375
9499.984375
9084.283203125
8663.322265625
8238.228515625
7810.103515625
7380.021484375
6949.015625
6518.0859375
6088.193359375
5660.240234375
5235.091796875
4813.55859375
4396.392578125
3984.310546875
3577.955078125
3177.927734375
2784.77734375
2398.99609375
2021.029296875
1651.2734375
1290.08203125
937.76171875
594.580078125
260.76953125
-63.4765625
-377.9921875
-682.63671875
-977.294921875
-1261.875
-1536.296875
-1800.494140625
-2054.41796875
-2298.017578125
-2531.25390625
-2754.083984375
-2966.470703125
-3168.369140625
-3359.734375
-3540.513671875
-3710.65234375
-3870.083984375
-4018.73828125
-4156.5390625
-4283.40234375
-4399.23828125
-4503.95703125
-4597.4609375
-4679.658203125
-4750.458984375
-4809.775390625
-4857.52734375
-4893.646484375
-4918.08203125
-4930.80078125
-4931.78515625
-4921.052734375
-4898.64453125
-4864.63671875
-4819.14453125
-4762.3203125
-4694.365234375
-4615.533203125
-4526.12109375
-4426.48828125
-4317.05078125
-4198.28125
-4070.724609375
-3934.982421875
-3791.7265625
-3641.6953125
-3485.693359375
-3324.59765625
-3159.34375
-2990.94140625
-2820.45703125
-2649.0234375
-2477.830078125
-2308.12109375
-2141.1875
-1978.373046875
-1821.0546875
-1670.646484375
-1528.591796875
-1396.3515625
-1275.40234375
-1167.22265625
-1073.2890625
-995.0703125
-934.01171875
-891.53125
-869.00390625
-867.763671875
-889.08203125
-934.166015625
-1004.150390625
-1100.083984375
-1222.921875
-1373.5234375
-1552.638671875
-1760.8984375
-1998.818359375
-2266.779296875
-2565.041015625
-2893.71484375
-3252.77734375
-3642.064453125
-4061.26171875
-4509.912109375
-4987.408203125
-5493.009765625
-6025.822265625
-6584.81640625
-7168.828125
-7776.5625
-8406.6015625
-9057.40625
-9727.330078125
-10414.626953125
-11117.455078125
-11833.892578125
-12561.943359375
-13299.556640625
-14044.623046875
-14795.00390625
-15548.53125
-16303.0234375
-17056.302734375
-17806.197265625
-18550.55859375
-19287.275390625
-20014.28515625
-20729.578125
-21431.220703125
-22117.34765625
-22786.189453125
-23436.06640625
-24065.416015625
-24672.76953125
-25256.787109375
-25816.24609375
-26350.0546875
-26857.2421875
-27336.9765625
-27788.55859375
-28211.416015625
-28605.111328125
-28969.33984375
-29303.921875
-29608.80078125
-29884.041015625
-30129.818359375
-30346.423828125
-30534.251953125
-30693.78515625
-30825.603515625
-30930.365234375
-31008.80859375
-31061.73046875
-31089.998046875
-31094.521484375
-31076.259765625
-31036.2109375
-30975.404296875
-30894.890625
-30795.73828125
-30679.037109375
-30545.873046875
-30397.34375
-30234.548828125
-30058.576171875
-29870.515625
-29671.443359375
-29462.431640625
-29244.5390625
-29018.818359375
-28786.3046875
-28548.033203125
-28305.0234375
-28058.294921875
-27808.8515625
-27557.705078125
-27305.857421875
-27054.3125
-26804.076171875
-26556.16015625
-26311.5703125
-26071.333984375
-25836.46484375
-25608.0
-25386.966796875
-25174.408203125
-24971.357421875
-24778.857421875
-24597.939453125
-24429.6328125
-24274.953125
-24134.89453125
-24010.4296875
-23902.50390625
-23812.01953125
-23739.83984375
-23686.767578125
-23653.55078125
-23640.857421875
-23649.283203125
-23679.3359375
-23731.4140625
-23805.82421875
-23902.744140625
-24022.234375
-24164.2265625
-24328.5078125
-24514.720703125
-24722.36328125
-24950.77734375
-25199.140625
-25466.484375
-25751.669921875
-26053.400390625
-26370.22265625
-26700.529296875
-27042.5625
-27394.42578125
-27754.08203125
-28119.3671875
-28488.009765625
-28857.626953125
-29225.74609375
-29589.822265625
-29947.244140625
-30295.36328125
-30631.4921875
-30952.94140625
-31257.02734375
-31541.087890625
-31802.513671875
-32038.751953125
-32247.330078125
-32425.880859375
-32572.1484375
-32684.0078125
-32759.490234375
-32796.78515625
-32794.259765625
-32750.47265625
-32664.173828125
-32534.333984375
-32360.1328125
-32140.970703125
-31876.4765625
-31566.5078125
-31211.146484375
-30810.705078125
-30365.71484375
-29876.927734375
-29345.3046875
-28772.0078125
-28158.392578125
-27505.98828125
-26816.5
-26091.77734375
-25333.8046875
-24544.693359375
-23726.65625
-22881.984375
-22013.044921875
-21122.24609375
-20212.03125
-19284.859375
-18343.171875
-17389.396484375
-16425.921875
-15455.07421875
-14479.115234375
-13500.220703125
-12520.458984375
-11541.8046875
-10566.103515625
-9595.076171875
-8630.3125
-7673.25390625
-6725.205078125
-5787.318359375
-4860.6015625
-3945.916015625
-3043.97265625
-2155.34765625
-1280.474609375
-419.65625
426.923828125
1259.205078125
2077.23046875
2881.138671875
3671.16015625
4447.59375
5210.81640625
5961.24609375
6699.3515625
7425.62890625
8140.587890625
8844.759765625
9538.66015625
10222.80078125
10897.666015625
11563.71484375
12221.36328125
12870.978515625
13512.880859375
14147.326171875
14774.51171875
15394.564453125
16007.54296875
16613.431640625
17212.146484375
17803.5234375
18387.3359375
18963.27734375
19530.974609375
20089.994140625
20639.8359375
21179.94140625
21709.703125
22228.4609375
22735.513671875
23230.123046875
23711.521484375
24178.9140625
24631.48828125
25068.416015625
25488.8671875
25892.0078125
26277.009765625
26643.05859375
26989.353515625
27315.12109375
27619.607421875
27902.09765625
28161.91015625
28398.404296875
28610.98828125
28799.1171875
28962.294921875
29100.083984375
29212.10546875
29298.04296875
29357.63671875
29390.69921875
29397.109375
29376.8125
29329.822265625
29256.232421875
29156.203125
29029.96875
28877.83984375
28700.203125
28497.521484375
28270.330078125
28019.240234375
27744.94140625
27448.1953125
27129.84375
26790.791015625
26432.0234375
26054.59375
25659.619140625
25248.29296875
24821.861328125
24381.634765625
23928.986328125
23465.33203125
22992.142578125
22510.93359375
22023.259765625
21530.70703125
21034.88671875
20537.44140625
20040.017578125
19544.2734375
19051.869140625
18564.455078125
18083.666015625
17611.115234375
17148.384765625
16697.01171875
16258.4921875
15834.255859375
15425.67578125
15034.048828125
14660.587890625
14306.419921875
13972.57421875
13659.9765625
13369.4453125
13101.681640625
12857.263671875
12636.646484375
12440.154296875
12267.98046875
12120.1796875
11996.673828125
11897.2421875
11821.529296875
11769.04296875
11739.154296875
11731.1015625
11743.9921875
11776.814453125
11828.4296875
11897.58984375
11982.935546875
12083.009765625
12196.259765625
12321.052734375
12455.677734375
12598.35546875
12747.2578125
12900.50390625
13056.1796875
13212.345703125
13367.046875
13518.328125
13664.236328125
13802.8359375
13932.22265625
14050.53125
14155.93359375
14246.671875
14321.046875
14377.4375
14414.30078125
14430.19140625
14423.759765625
14393.755859375
14339.046875
14258.609375
14151.548828125
14017.083984375
13854.5703125
13663.490234375
13443.45703125
13194.22265625
12915.671875
12607.822265625
12270.828125
11904.978515625
11510.693359375
11088.525390625
10639.15234375
10163.37890625
9662.130859375
9136.44921875
8587.494140625
8016.525390625
7424.91796875
6814.1328125
6185.736328125
5541.37109375
4882.759765625
4211.7109375
3530.08984375
2839.8203125
2142.888671875
1441.3203125
737.1796875
32.568359375
-670.396484375
-1369.578125
-2062.830078125
-2748.01171875
-3422.98046875
-4085.619140625
-4733.828125
-5365.537109375
-5978.71484375
-6571.380859375
-7141.603515625
-7687.51171875
-8207.30078125
-8699.240234375
-9161.6875
-9593.076171875
-9991.94140625
-10356.91015625
-10686.720703125
-10980.212890625
-11236.341796875
-11454.185546875
-11632.939453125
-11771.919921875
-11870.57421875
-11928.48046875
-11945.33984375
-11920.99609375
-11855.41796875
-11748.7109375
-11601.107421875
-11412.978515625
-11184.8203125
-10917.255859375
-10611.03515625
-10267.033203125
-9886.236328125
-9469.751953125
-9018.794921875
-8534.681640625
-8018.833984375
-7472.767578125
-6898.0859375
-6296.46875
-5669.6796875
-5019.55078125
-4347.96875
-3656.880859375
-2948.28515625
-2224.212890625
-1486.732421875
-737.9375
20.0546875
785.125
1555.14453125
2327.986328125
3101.537109375
3873.69921875
4642.3984375
5405.5859375
6161.259765625
6907.453125
7642.24609375
8363.775390625
9070.23828125
9759.89453125
10431.076171875
11082.1796875
11711.693359375
12318.17578125
12900.27734375
13456.736328125
13986.38671875
14488.150390625
14961.052734375
15404.220703125
15816.880859375
16198.361328125
16548.10546875
16865.650390625
17150.65234375
17402.87109375
17622.173828125
17808.54296875
17962.05859375
18082.91796875
18171.419921875
18227.97265625
18253.08203125
18247.357421875
18211.5078125
18146.341796875
18052.75
17931.72265625
17784.330078125
17611.71875
17415.119140625
17195.822265625
16955.1875
16694.6328125
16415.625
16119.677734375
15808.3359375
15483.1796875
15145.806640625
14797.828125
14440.861328125
14076.515625
13706.388671875
13332.056640625
12955.0625
12576.912109375
12199.05859375
11822.892578125
11449.75
11080.876953125
10717.443359375
10360.5234375
10011.095703125
9670.0234375
9338.064453125
9015.857421875
8703.912109375
8402.609375
8112.201171875
7832.802734375
7564.390625
7306.802734375
7059.73828125
6822.759765625
6595.29296875
6376.62890625
6165.93359375
5962.244140625
5764.48046875
5571.451171875
5381.857421875
5194.3125
5007.3359375
4819.37890625
4628.822265625
4433.998046875
4233.19921875
4024.685546875
3806.70703125
3577.517578125
3335.376953125
3078.580078125
2805.455078125
2514.39453125
2203.853515625
1872.373046875
1518.58984375
1141.25
739.21875
311.48828125
-142.798828125
-624.35546875
-1133.732421875
-1671.314453125
-2237.31640625
-2831.771484375
-3454.53125
-4105.267578125
-4783.462890625
-5488.4140625
-6219.2421875
-6974.876953125
-7754.083984375
-8555.44921875
-9377.3984375
-10218.19921875
-11075.978515625
-11948.720703125
-12834.2890625
-13730.4296875
-14634.791015625
-15544.94140625
-16458.3671875
-17372.501953125
-18284.7421875
-19192.44921875
-20092.982421875
-20983.703125
-21861.98828125
-22725.26171875
-23570.9921875
-24396.71875
-25200.05859375
-25978.720703125
-26730.525390625
-27453.412109375
-28145.4453125
-28804.837890625
-29429.947265625
-30019.29296875
-30571.552734375
-31085.578125
-31560.3984375
-31995.21875
-32389.4296875
-32742.59375
-33054.466796875
-33324.978515625
-33554.23828125
-33742.533203125
-33890.318359375
-33998.21484375
-34067.001953125
-34097.609375
-34091.115234375
-34048.728515625
-33971.787109375
-33861.74609375
-33720.1640625
-33548.69921875
-33349.09375
-33123.166015625
-32872.796875
-32599.923828125
-32306.521484375
-31994.6015625
-31666.1953125
-31323.341796875
-30968.08203125
-30602.45703125
-30228.48046875
-29848.14453125
-29463.40234375
-29076.17578125
-28688.326171875
-28301.666015625
-27917.9453125
-27538.849609375
-27165.986328125
-26800.892578125
-26445.025390625
-26099.7578125
-25766.376953125
-25446.08203125
-25139.986328125
-24849.10546875
-24574.376953125
-24316.62890625
-24076.609375
-23854.970703125
-23652.279296875
-23469.0
-23305.517578125
-23162.125
-23039.02734375
-22936.349609375
-22854.123046875
-22792.30859375
-22750.78125
-22729.337890625
-22727.69921875
-22745.513671875
-22782.361328125
-22837.744140625
-22911.103515625
-23001.814453125
-23109.1875
-23232.474609375
-23370.869140625
-23523.505859375
-23689.46875
-23867.787109375
-24057.447265625
-24257.384765625
-24466.48828125
-24683.611328125
-24907.56640625
-25137.12890625
-25371.037109375
-25608.005859375
-25846.720703125
-26085.8359375
-26323.994140625
-26559.8125
-26791.89453125
-27018.83203125
-27239.2109375
-27451.609375
-27654.603515625
-27846.775390625
-28026.712890625
-28193.01171875
-28344.28515625
-28479.1640625
-28596.296875
-28694.37109375
-28772.08984375
-28828.201171875
-28861.490234375
-28870.78515625
-28854.966796875
-28812.9609375
-28743.755859375
-28646.396484375
-28519.998046875
-28363.7421875
-28176.884765625
-27958.7578125
-27708.7734375
-27426.431640625
-27111.32421875
-26763.126953125
-26381.615234375
-25966.666015625
-25518.25390625
-25036.455078125
-24521.458984375
-23973.556640625
-23393.154296875
-22780.76953125
-22137.029296875
-21462.67578125
-20758.572265625
-20025.68359375
-19265.099609375
-18478.01953125
-17665.755859375
-16829.728515625
-15971.47265625
-15092.625
-14194.923828125
-13280.216796875
-12350.435546875
-11407.611328125
-10453.865234375
-9491.390625
-8522.470703125
-7549.447265625
-6574.732421875
-5600.79296875
-4630.15234375
-3665.369140625
-2709.037109375
-1763.78125
-832.2421875
82.9296875
979.080078125
1853.568359375
2703.767578125
3527.076171875
4320.931640625
5082.8125
5810.255859375
6500.861328125
7152.29296875
7762.30859375
8328.744140625
8849.54296875
9322.75
9746.525390625
10119.150390625
10439.037109375
10704.732421875
10914.923828125
11068.451171875
11164.3046875
11201.6328125
11179.748046875
11098.1328125
10956.431640625
10754.470703125
10492.248046875
10169.94140625
9787.904296875
9346.673828125
8846.9609375
8289.662109375
7675.84765625
7006.76953125
6283.849609375
5508.685546875
4683.048828125
3808.8671875
2888.240234375
1923.419921875
916.81640625
-129.01953125
-1211.384765625
-2327.451171875
-3474.25
-4648.69921875
-5847.599609375
-7067.638671875
-8305.41015625
-9557.416015625
-10820.076171875
-12089.736328125
-13362.681640625
-14635.140625
-15903.298828125
-17163.318359375
-18411.32421875
-19643.44140625
-20855.791015625
-22044.50390625
-23205.736328125
-24335.681640625
-25430.578125
-26486.720703125
-27500.48046875
-28468.30859375
-29386.75
-30252.46484375
-31062.22265625
-31812.93359375
-32501.64453125
-33125.5625
-33682.05859375
-34168.6796875
-34583.1640625
-34923.44140625
-35187.658203125
-35374.169921875
-35481.5546875
-35508.6328125
-35454.455078125
-35318.32421875
-35099.78515625
-34798.6484375
-34414.978515625
-33949.099609375
-33401.603515625
-32773.33984375
-32065.427734375
-31279.23828125
-30416.40625
-29478.82421875
-28468.62109375
-27388.1796875
-26240.115234375
-25027.26171875
-23752.677734375
-22419.623046875
-21031.552734375
-19592.10546875
-18105.080078125
-16574.431640625
-15004.25390625
-13398.76171875
-11762.267578125
-10099.171875
-8413.951171875
-6711.123046875
-4995.244140625
-3270.876953125
-1542.583984375
185.10546875
1907.69140625
3620.751953125
5319.9375
7000.994140625
8659.787109375
10292.3125
11894.7109375
13463.287109375
14994.51953125
16485.078125
17931.83203125
19331.861328125
20682.462890625
21981.166015625
23225.73828125
24414.181640625
25544.7421875
26615.923828125
27626.466796875
28575.3671875
29461.8671875
30285.453125
31045.849609375
31743.021484375
32377.158203125
32948.671875
33458.185546875
33906.525390625
34294.708984375
34623.9375
34895.576171875
35111.150390625
35272.322265625
35380.88671875
35438.751953125
35447.931640625
35410.517578125
35328.681640625
35204.6484375
35040.69140625
34839.115234375
34602.240234375
34332.396484375
34031.90625
33703.07421875
33348.1796875
32969.46875
32569.134765625
32149.318359375
31712.11328125
31259.529296875
30793.513671875
30315.943359375
29828.607421875
29333.2265625
28831.423828125
28324.751953125
27814.681640625
27302.595703125
26789.8046875
26277.53125
25766.939453125
25259.10546875
24755.0546875
24255.732421875
23762.03515625
23274.80078125
22794.8125
22322.80859375
21859.486328125
21405.5
20961.466796875
20527.97265625
20105.576171875
19694.80078125
19296.142578125
18910.08203125
18537.06640625
18177.51953125
17831.83984375
17500.3984375
17183.5390625
16881.578125
16594.791015625
16323.42578125
16067.6796875
15827.7109375
15603.6328125
15395.5
15203.30859375
15026.998046875
14866.435546875
14721.41796875
14591.66796875
14476.8203125
14376.435546875
14289.982421875
14216.83984375
14156.29296875
14107.537109375
14069.673828125
14041.70703125
14022.546875
14011.021484375
14005.86328125
14005.72265625
14009.173828125
14014.71484375
14020.77734375
14025.73828125
14027.921875
14025.609375
14017.056640625
14000.49609375
13974.15625
13936.265625
13885.072265625
13818.857421875
13735.9375
13634.689453125
13513.5625
13371.08203125
13205.875
13016.671875
12802.32421875
12561.8203125
12294.28515625
11998.994140625
11675.390625
11323.08203125
10941.853515625
10531.669921875
10092.68359375
9625.236328125
9129.859375
8607.271484375
8058.384765625
7484.30078125
6886.296875
6265.830078125
5624.529296875
4964.18359375
4286.736328125
3594.271484375
2889.001953125
2173.2578125
1449.47265625
720.16796875
-12.060546875
-744.568359375
-1474.662109375
-2199.634765625
-2916.765625
-3623.353515625
-4316.724609375
-4994.25
-5653.373046875
-6291.609375
-6906.578125
-7496.005859375
-8057.751953125
-8589.80859375
-9090.3359375
-9557.642578125
-9990.2265625
-10386.76953125
-10746.140625
-11067.41796875
-11349.87890625
-11593.017578125
-11796.5390625
-11960.359375
-12084.61328125
-12169.6484375
-12216.013671875
-12224.4765625
-12195.994140625
-12131.72265625
-12032.998046875
-11901.33984375
-11738.42578125
-11546.09375
-11326.3203125
-11081.21875
-10813.013671875
-10524.03515625
-10216.703125
-9893.50390625
-9556.99609375
-9209.7734375
-8854.455078125
-8493.68359375
-8130.08984375
-7766.296875
-7404.890625
-7048.416015625
-6699.35546875
-6360.125
-6033.0546875
-5720.37890625
-5424.2265625
-5146.611328125
-4889.419921875
-4654.41015625
-4443.1953125
-4257.244140625
-4097.875
-3966.25
-3863.3671875
-3790.07421875
-3747.048828125
-3734.8046875
-3753.701171875
-3803.93359375
-3885.541015625
-3998.408203125
-4142.275390625
-4316.734375
-4521.236328125
-4755.109375
-5017.552734375
-5307.6484375
-5624.373046875
-5966.6015625
-6333.119140625
-6722.62890625
-7133.765625
-7565.09765625
-8015.14453125
-8482.3828125
-8965.255859375
-9462.18359375
-9971.572265625
-10491.828125
-11021.353515625
-11558.572265625
-12101.92578125
-12649.8828125
-13200.95703125
-13753.697265625
-14306.705078125
-14858.6328125
-15408.203125
-15954.197265625
-16495.466796875
-17030.93359375
-17559.591796875
-18080.52734375
-18592.88671875
-19095.90234375
-19588.88671875
-20071.232421875
-20542.40625
-21001.953125
-21449.494140625
-21884.720703125
-22307.39453125
-22717.33984375
-23114.453125
-23498.6796875
-23870.021484375
-24228.537109375
-24574.32421875
-24907.525390625
-25228.31640625
-25536.912109375
-25833.544921875
-26118.4765625
-26391.986328125
-26654.3671875
-26905.91796875
-27146.9453125
-27377.7578125
-27598.658203125
-27809.951171875
-28011.923828125
-28204.857421875
-28389.017578125
-28564.65234375
-28731.994140625
-28891.2578125
-29042.6328125
-29186.294921875
-29322.390625
-29451.046875
-29572.373046875
-29686.451171875
-29793.353515625
-29893.12109375
-29985.78125
-30071.3515625
-30149.826171875
-30221.1875
-30285.41015625
-30342.458984375
-30392.287109375
-30434.845703125
-30470.083984375
-30497.947265625
-30518.3828125
-30531.341796875
-30536.775390625
-30534.646484375
-30524.919921875
-30507.5703125
-30482.5859375
-30449.95703125
-30409.689453125
-30361.8046875
-30306.322265625
-30243.28125
-30172.728515625
-30094.716796875
-30009.3125
-29916.580078125
-29816.587890625
-29709.416015625
-29595.134765625
-29473.8125
-29345.51171875
-29210.29296875
-29068.1953125
-28919.24609375
-28763.458984375
-28600.8203125
-28431.29296875
-28254.8125
-28071.28515625
-27880.576171875
-27682.521484375
-27476.9140625
-27263.5
-27041.9921875
-26812.05078125
-26573.28515625
-26325.267578125
-26067.513671875
-25799.498046875
-25520.642578125
-25230.32421875
-24927.8828125
-24612.61328125
-24283.76953125
-23940.576171875
-23582.23046875
-23207.896484375
-22816.732421875
-22407.873046875
-21980.458984375
-21533.623046875
-21066.513671875
-20578.294921875
-20068.1640625
-19535.345703125
-18979.1171875
-18398.80859375
-17793.8125
-17163.59765625
-16507.71484375
-15825.810546875
-15117.62890625
-14383.02734375
-13621.978515625
-12834.58984375
-12021.087890625
-11181.8515625
-10317.3984375
-9428.400390625
-8515.6796875
-7580.21484375
-6623.140625
-5645.755859375
-4649.505859375
-3636.00390625
-2607.0078125
-1564.423828125
-510.296875
553.185546875
1623.71484375
2698.865234375
3776.10546875
4852.810546875
5926.267578125
6993.69921875
8052.27734375
9099.1328125
10131.373046875
11146.103515625
12140.431640625
13111.505859375
14056.505859375
14972.68359375
15857.3671875
16707.9765625
17522.052734375
18297.2578125
19031.39453125
19722.4296875
20368.49609375
20967.908203125
21519.177734375
22021.009765625
22472.326171875
22872.265625
23220.185546875
23515.669921875
23758.52734375
23948.794921875
24086.73828125
24172.837890625
24207.796875
24192.52734375
24128.142578125
24015.947265625
23857.435546875
23654.263671875
23408.248046875
23121.3515625
22795.65234375
22433.3515625
22036.736328125
21608.177734375
21150.099609375
20664.96875
20155.28125
19623.53125
19072.208984375
18503.76953125
17920.6328125
17325.1484375
16719.6015625
16106.185546875
15486.98828125
14863.9921875
14239.056640625
13613.90625
12990.13671875
12369.189453125
11752.36328125
11140.8125
10535.52734375
9937.353515625
9346.990234375
8764.982421875
8191.740234375
7627.533203125
7072.50390625
6526.671875
5989.9453125
5462.13671875
4942.958984375
4432.048828125
3928.98046875
3433.263671875
2944.375
2461.751953125
1984.822265625
1513.005859375
1045.728515625
582.4375
122.609375
-334.240234375
-788.54296875
-1240.67578125
-1690.94140625
-2139.576171875
-2586.73046875
-3032.4765625
-3476.791015625
-3919.568359375
-4360.6015625
-4799.599609375
-5236.17578125
-5669.857421875
-6100.0859375
-6526.21484375
-6947.533203125
-7363.248046875
-7772.509765625
-8174.41015625
-8567.99609375
-8952.271484375
-9326.212890625
-9688.775390625
-10038.90234375
-10375.53515625
-10697.626953125
-11004.146484375
-11294.08984375
-11566.48828125
-11820.41796875
-12055.009765625
-12269.453125
-12463.005859375
-12634.99609375
-12784.83203125
-12912.00390625
-13016.087890625
-13096.751953125
-13153.751953125
-13186.93359375
-13196.234375
-13181.6875
-13143.40625
-13081.587890625
-12996.5234375
-12888.5625
-12758.146484375
-12605.763671875
-12431.974609375
-12237.3828125
-12022.64453125
-11788.443359375
-11535.50390625
-11264.560546875
-10976.361328125
-10671.65625
-10351.19921875
-10015.720703125
-9665.935546875
-9302.52734375
-8926.14453125
-8537.39453125
-8136.833984375
-7724.966796875
-7302.240234375
-6869.03515625
-6425.669921875
-5972.392578125
-5509.3828125
-5036.75
-4554.53515625
-4062.712890625
-3561.1875
-3049.802734375
-2528.34765625
-1996.544921875
-1454.0859375
-900.609375
-335.724609375
240.9921875
829.974609375
1431.66796875
2046.525390625
2674.974609375
3317.435546875
3974.291015625
4645.88671875
5332.517578125
6034.41015625
6751.7265625
7484.54296875
8232.849609375
8996.529296875
9775.36328125
10569.013671875
11377.01953125
12198.791015625
13033.60546875
13880.59765625
14738.76171875
15606.951171875
16483.8671875
17368.072265625
18257.978515625
19151.86328125
20047.857421875
20943.96484375
21838.0625
22727.90234375
23611.130859375
24485.29296875
25347.8359375
26196.134765625
27027.49609375
27839.169921875
28628.37109375
29392.291015625
30128.111328125
30833.021484375
31504.23828125
32139.017578125
32734.671875
33288.595703125
33798.265625
34261.279296875
34675.34765625
35038.333984375
35348.248046875
35603.275390625
35801.78515625
35942.34375
36023.7265625
36044.927734375
36005.169921875
35903.9140625
35740.857421875
35515.955078125
35229.404296875
34881.658203125
34473.427734375
34005.66796875
33479.5859375
32896.6328125
32258.501953125
31567.10546875
30824.587890625
30033.294921875
29195.7734375
28314.751953125
27393.12890625
26433.955078125
25440.416015625
24415.81640625
23363.560546875
22287.12890625
21190.0625
20075.94921875
18948.390625
17810.98046875
16667.3046875
15520.90234375
14375.244140625
13233.734375
12099.66796875
10976.2265625
9866.462890625
8773.27734375
7699.40625
6647.416015625
5619.6796875
4618.375
3645.47265625
2702.732421875
1791.685546875
913.650390625
69.7109375
-739.26953125
-1512.66015625
-2250.048828125
-2951.244140625
-3616.26953125
-4245.357421875
-4838.939453125
-5397.634765625
-5922.24609375
-6413.73828125
-6873.240234375
-7302.01953125
-7701.470703125
-8073.10546875
-8418.537109375
-8739.455078125
-9037.6328125
-9314.884765625
-9573.0703125
-9814.080078125
-10039.802734375
-10252.134765625
-10452.953125
-10644.099609375
-10827.384765625
-11004.5625
-11177.322265625
-11347.29296875
-11516.01171875
-11684.9375
-11855.44140625
-12028.787109375
-12206.1484375
-12388.58984375
-12577.076171875
-12772.462890625
-12975.5
-13186.83984375
-13407.025390625
-13636.501953125
-13875.625
-14124.65234375
-14383.755859375
-14653.025390625
-14932.47265625
-15222.044921875
-15521.615234375
-15831.00390625
-16149.97265625
-16478.236328125
-16815.470703125
-17161.31640625
-17515.380859375
-17877.2421875
-18246.45703125
-18622.572265625
-19005.11328125
-19393.59765625
-19787.53515625
-20186.43359375
-20589.7890625
-20997.103515625
-21407.875
-21821.59765625
-22237.767578125
-22655.8828125
-23075.43359375
-23495.912109375
-23916.802734375
-24337.5859375
-24757.73828125
-25176.724609375
-25593.998046875
-26009.001953125
-26421.169921875
-26829.916015625
-27234.640625
-27634.724609375
-28029.53125
-28418.408203125
-28800.68359375
-29175.662109375
-29542.63671875
-29900.87890625
-30249.646484375
-30588.177734375
-30915.701171875
-31231.4375
-31534.58984375
-31824.36328125
-32099.958984375
-32360.576171875
-32605.421875
-32833.70703125
-33044.654296875
-33237.509765625
-33411.529296875
-33565.990234375
-33700.212890625
-33813.53125
-33905.322265625
-33975.001953125
-34022.029296875
-34045.8984375
-34046.1640625
-34022.42578125
-33974.3359375
-33901.603515625
-33803.994140625
-33681.330078125
-33533.498046875
-33360.443359375
-33162.16796875
-32938.740234375
-32690.2890625
-32417.00390625
-32119.13671875
-31796.9921875
-31450.9453125
-31081.416015625
-30688.88671875
-30273.8984375
-29837.03515625
-29378.939453125
-28900.30078125
-28401.8515625
-27884.375
-27348.697265625
-26795.6796875
-26226.2265625
-25641.279296875
-25041.810546875
-24428.826171875
-23803.365234375
-23166.490234375
-22519.2890625
-21862.876953125
-21198.38671875
-20526.96875
-19849.794921875
-19168.04296875
-18482.904296875
-17795.583984375
-17107.28515625
-16419.21484375
-15732.583984375
-15048.595703125
-14368.44921875
-13693.328125
-13024.40625
-12362.841796875
-11709.767578125
-11066.294921875
-10433.50390625
-9812.443359375
-9204.125
-8609.5234375
-8029.56640625
-7465.138671875
-6917.068359375
-6386.1328125
-5873.05078125
-5378.48046875
-4903.025390625
-4447.212890625
-4011.509765625
-3596.31640625
-3201.958984375
-2828.701171875
-2476.732421875
-2146.173828125
-1837.08203125
-1549.439453125
-1283.17578125
-1038.1484375
-814.162109375
-610.962890625
-428.244140625
-265.66015625
-122.814453125
0.7265625
105.42578125
191.76953125
260.27734375
311.470703125
345.888671875
364.072265625
366.5625
353.89453125
326.591796875
285.15625
230.080078125
161.826171875
80.828125
-12.505859375
-117.8046875
-234.720703125
-362.951171875
-502.21875
-652.279296875
-812.923828125
-983.96875
-1165.26171875
-1356.662109375
-1558.05859375
-1769.349609375
-1990.4375
-2221.234375
-2461.642578125
-2711.55859375
-2970.861328125
-3239.404296875
-3517.013671875
-3803.48046875
-4098.55078125
-4401.923828125
-4713.2421875
-5032.08984375
-5357.986328125
-5690.384765625
-6028.6640625
-6372.12890625
-6720.01171875
-7071.462890625
-7425.5625
-7781.314453125
-8137.64453125
-8493.41796875
-8847.427734375
-9198.41015625
-9545.046875
-9885.974609375
-10219.787109375
-10545.052734375
-10860.31640625
-11164.11328125
-11454.978515625
-11731.458984375
-11992.125
-12235.572265625
-12460.451171875
-12665.466796875
-12849.388671875
-13011.06640625
-13149.439453125
-13263.55078125
-13352.541015625
-13415.681640625
-13452.361328125
-13462.103515625
-13444.56640625
-13399.5546875
-13327.015625
-13227.046875
-13099.896484375
-12945.962890625
-12765.787109375
-12560.060546875
-12329.6171875
-12075.419921875
-11798.576171875
-11500.30078125
-11181.939453125
-10844.927734375
-10490.814453125
-10121.216796875
-9737.833984375
-9342.4296875
-8936.8125
-8522.828125
-8102.34765625
-7677.251953125
-7249.423828125
-6820.7265625
-6393.001953125
-5968.05078125
-5547.625
-5133.416015625
-4727.044921875
-4330.0546875
-3943.8984375
-3569.9375
-3209.4296875
-2863.525390625
-2533.26953125
-2219.583984375
-1923.28125
-1645.052734375
-1385.48046875
-1145.017578125
-924.017578125
-722.712890625
-541.2265625
-379.59375
-237.73828125
-115.5
-12.634765625
71.1796875
136.330078125
183.2734375
212.509765625
224.587890625
220.087890625
199.62109375
163.818359375
113.3203125
48.767578125
-29.19921875
-119.953125
-222.880859375
-337.392578125
-462.931640625
-598.96875
-745.01171875
-900.607421875
-1065.34375
-1238.85546875
-1420.814453125
-1610.939453125
-1808.9921875
-2014.7734375
-2228.12109375
-2448.912109375
-2677.052734375
-2912.48046875
-3155.150390625
-3405.041015625
-3662.142578125
-3926.4453125
-4197.94921875
-4476.64453125
-4762.509765625
-5055.501953125
-5355.556640625
-5662.576171875
-5976.427734375
-6296.9296875
-6623.857421875
-6956.927734375
-7295.80078125
-7640.07421875
-7989.2734375
-8342.861328125
-8700.2265625
-9060.67578125
-9423.453125
-9787.71484375
-10152.5546875
-10516.978515625
-10879.935546875
-11240.29296875
-11596.86328125
-11948.388671875
-12293.560546875
-12631.01953125
-12959.361328125
-13277.142578125
-13582.890625
-13875.11328125
-14152.30859375
-14412.958984375
-14655.55859375
-14878.619140625
-15080.666015625
-15260.26171875
-15416.009765625
-15546.568359375
-15650.654296875
-15727.05078125
-15774.626953125
-15792.328125
-15779.203125
-15734.40234375
-15657.173828125
-15546.892578125
-15403.044921875
-15225.24609375
-15013.236328125
-14766.888671875
-14486.205078125
-14171.322265625
-13822.513671875
-13440.18359375
-13024.87109375
-12577.23828125
-12098.080078125
-11588.310546875
-11048.9609375
-10481.17578125
-9886.203125
-9265.39453125
-8620.185546875
-7952.09765625
-7262.734375
-6553.759765625
-5826.89453125
-5083.912109375
-4326.623046875
-3556.869140625
-2776.515625
-1987.439453125
-1191.51953125
-390.630859375
413.36328125
1218.619140625
2023.326171875
2825.701171875
3624.0078125
4416.552734375
5201.693359375
5977.849609375
6743.494140625
7497.16796875
8237.4765625
8963.091796875
9672.755859375
10365.287109375
11039.568359375
11694.556640625
12329.275390625
12942.828125
13534.373046875
14103.146484375
14648.447265625
15169.63671875
15666.13671875
16137.435546875
16583.072265625
17002.642578125
17395.796875
17762.23828125
18101.72265625
18414.046875
18699.0625
18956.6640625
19186.791015625
19389.427734375
19564.607421875
19712.396484375
19832.9140625
19926.322265625
19992.82421875
20032.669921875
20046.154296875
20033.6171875
19995.4453125
19932.0703125
19843.970703125
19731.67578125
19595.7578125
19436.833984375
19255.576171875
19052.6953125
18828.9453125
18585.12890625
18322.083984375
18040.689453125
17741.861328125
17426.546875
17095.72265625
16750.38671875
16391.5625
16020.28515625
15637.603515625
15244.564453125
14842.22265625
14431.6171875
14013.77734375
13589.71484375
13160.41015625
12726.8125
12289.8359375
11850.3515625
11409.16796875
10967.0546875
10524.70703125
10082.759765625
9641.78125
9202.263671875
8764.619140625
8329.193359375
7896.244140625
7465.951171875
7038.416015625
6613.662109375
6191.630859375
5772.197265625
5355.16015625
4940.251953125
4527.146484375
4115.455078125
3704.744140625
3294.533203125
2884.306640625
2473.5234375
2061.61328125
1648.0
1232.107421875
813.3515625
391.17578125
-34.962890625
-465.578125
-901.138671875
-1342.072265625
-1788.748046875
-2241.482421875
-2700.515625
-3166.0234375
-3638.09765625
-4116.755859375
-4601.92578125
-5093.447265625
-5591.07421875
-6094.466796875
-6603.19921875
-7116.75390625
-7634.52734375
-8155.83203125
-8679.8984375
-9205.876953125
-9732.8515625
-10259.837890625
-10785.791015625
-11309.61328125
-11830.15625
-12346.236328125
-12856.642578125
-13360.134765625
-13855.462890625
-14341.37109375
-14816.603515625
-15279.916015625
-15730.091796875
-16165.931640625
-16586.271484375
-16989.99609375
-17376.0390625
-17743.384765625
-18091.087890625
-18418.26953125
-18724.119140625
-19007.90625
-19268.990234375
-19506.802734375
-19720.876953125
-19910.8203125
-20076.34765625
-20217.2578125
-20333.439453125
-20424.8828125
-20491.6640625
-20533.94921875
-20551.9921875
-20546.142578125
-20516.8203125
-20464.537109375
-20389.876953125
-20293.498046875
-20176.130859375
-20038.5703125
-19881.67578125
-19706.36328125
-19513.595703125
-19304.39453125
-19079.81640625
-18840.96484375
-18588.97265625
-18325.0
-18050.240234375
-17765.896484375
-17473.197265625
-17173.376953125
-16867.6796875
-16557.34765625
-16243.625
-15927.751953125
-15610.951171875
-15294.4375
-14979.408203125
-14667.029296875
-14358.455078125
-14054.80078125
-13757.1484375
-13466.55078125
-13184.01171875
-12910.5
-12646.93359375
-12394.1875
-12153.07421875
-11924.361328125
-11708.751953125
-11506.896484375
-11319.376953125
-11146.7109375
-10989.357421875
-10847.69921875
-10722.052734375
-10612.66796875
-10519.716796875
-10443.3046875
-10383.458984375
-10340.142578125
-10313.240234375
-10302.56640625
-10307.869140625
-10328.818359375
-10365.02734375
-10416.037109375
-10481.330078125
-10560.32421875
-10652.3828125
-10756.818359375
-10872.88671875
-10999.810546875
-11136.7578125
-11282.869140625
-11437.25
-11598.984375
-11767.1328125
-11940.7421875
-12118.845703125
-12300.484375
-12484.689453125
-12670.509765625
-12857.00390625
-13043.259765625
-13228.375
-13411.4921875
-13591.787109375
-13768.478515625
-13940.830078125
-14108.154296875
-14269.822265625
-14425.267578125
-14573.974609375
-14715.501953125
-14849.46875
-14975.564453125
-15093.54296875
-15203.228515625
-15304.517578125
-15397.369140625
-15481.80859375
-15557.923828125
-15625.865234375
-15685.841796875
-15738.103515625
-15782.96484375
-15820.76953125
-15851.90234375
-15876.779296875
-15895.8359375
-15909.53125
-15918.328125
-15922.693359375
-15923.083984375
-15919.94921875
-15913.708984375
-15904.76171875
-15893.462890625
-15880.123046875
-15865.001953125
-15848.298828125
-15830.154296875
-15810.626953125
-15789.70703125
-15767.30078125
-15743.232421875
-15717.234375
-15688.951171875
-15657.935546875
-15623.6484375
-15585.466796875
-15542.671875
-15494.455078125
-15439.939453125
-15378.158203125
-15308.08203125
-15228.611328125
-15138.591796875
-15036.828125
-14922.078125
-14793.078125
-14648.5546875
-14487.21875
-14307.80078125
-14109.048828125
-13889.748046875
-13648.734375
-13384.90234375
-13097.234375
-12784.791015625
-12446.74609375
-12082.388671875
-11691.13671875
-11272.55078125
-10826.345703125
-10352.396484375
-9850.755859375
-9321.650390625
-8765.5
-8182.9140625
-7574.701171875
-6941.86328125
-6285.615234375
-5607.359375
-4908.705078125
-4191.453125
-3457.59375
-2709.294921875
-1948.90625
-1178.93359375
-402.0390625
378.978515625
1161.19921875
1941.58984375
2717.02734375
3484.318359375
4240.208984375
4981.419921875
5704.64453125
6406.59375
7084.0
7733.64453125
8352.380859375
8937.1484375
9485.001953125
9993.126953125
10458.859375
10879.705078125
11253.359375
11577.71875
11850.900390625
12071.26171875
12237.3984375
12348.169921875
12402.69921875
12400.390625
12340.927734375
12224.28125
12050.708984375
11820.7578125
11535.267578125
11195.365234375
10802.453125
10358.2109375
9864.58984375
9323.791015625
8738.26953125
8110.70703125
7444.013671875
6741.294921875
6005.84765625
5241.138671875
4450.791015625
3638.5546875
2808.294921875
1963.970703125
1109.609375
249.294921875
-612.869140625
-1472.763671875
-2326.287109375
-3169.375
-3998.01171875
-4808.26171875
-5596.29296875
-6358.375
-7090.92578125
-7790.505859375
-8453.853515625
-9077.88671875
-9659.724609375
-10196.70703125
-10686.3984375
-11126.603515625
-11515.37890625
-11851.041015625
-12132.17578125
-12357.640625
-12526.58203125
-12638.427734375
-12692.892578125
-12689.984375
-12629.998046875
-12513.525390625
-12341.4375
-12114.892578125
-11835.328125
-11504.44921875
-11124.23046875
-10696.8984375
-10224.92578125
-9711.025390625
-9158.119140625
-8569.349609375
-7948.04296875
-7297.712890625
-6622.02734375
-5924.798828125
-5209.966796875
-4481.580078125
-3743.765625
-3000.724609375
-2256.701171875
-1515.96484375
-782.783203125
-61.41015625
643.94140625
1329.130859375
1990.08984375
2622.861328125
3223.619140625
3788.681640625
4314.53515625
4797.857421875
5235.53125
5624.662109375
5962.6015625
6246.955078125
6475.59765625
6646.6953125
6758.708984375
6810.396484375
6800.84765625
6729.4609375
6595.96875
6400.431640625
6143.25
5825.1484375
5447.1875
5010.755859375
4517.5625
3969.6328125
3369.296875
2719.181640625
2022.1953125
1281.515625
500.57421875
-316.9609375
-1167.203125
-2046.0703125
-2949.296875
-3872.462890625
-4811.017578125
-5760.29296875
-6715.541015625
-7671.94921875
-8624.6640625
-9568.8203125
-10499.5703125
-11412.095703125
-12301.64453125
-13163.544921875
-13993.24609375
-14786.3125
-15538.486328125
-16245.669921875
-16903.962890625
-17509.69140625
-18059.408203125
-18549.921875
-18978.310546875
-19341.92578125
-19638.42578125
-19865.765625
-20022.220703125
-20106.388671875
-20117.193359375
-20053.900390625
-19916.10546875
-19703.751953125
-19417.11328125
-19056.802734375
-18623.767578125
-18119.283203125
-17544.9453125
-16902.662109375
-16194.642578125
-15423.39453125
-14591.70703125
-13702.62109375
-12759.447265625
-11765.71875
-10725.197265625
-9641.841796875
-8519.794921875
-7363.36328125
-6177.0
-4965.27734375
-3732.875
-2484.552734375
-1225.134765625
40.51953125
1307.53515625
2571.02734375
3826.1484375
5068.087890625
6292.103515625
7493.53515625
8667.830078125
9810.5546875
10917.416015625
11984.279296875
13007.1875
13982.361328125
14906.236328125
15775.453125
16586.888671875
17337.654296875
18025.111328125
18646.869140625
19200.8125
19685.083984375
20098.107421875
20438.578125
20705.46875
20898.029296875
21015.794921875
21058.568359375
21026.42578125
20919.716796875
20739.046875
20485.279296875
20159.529296875
19763.14453125
19297.712890625
18765.03515625
18167.12109375
17506.185546875
16784.6171875
16004.986328125
15170.021484375
14282.59375
13345.70703125
12362.48828125
11336.162109375
10270.044921875
9167.529296875
8032.0703125
6867.169921875
5676.359375
4463.19140625
3231.234375
1984.0390625
725.140625
-541.951171875
-1813.77734375
-3086.927734375
-4358.0546875
-5623.892578125
-6881.25
-8127.0390625
-9358.267578125
-10572.0546875
-11765.638671875
-12936.380859375
-14081.76953125
-15199.4375
-16287.158203125
-17342.84375
-18364.56640625
-19350.55078125
-20299.17578125
-21208.982421875
-22078.677734375
-22907.130859375
-23693.375
-24436.61328125
-25136.21484375
-25791.712890625
-26402.806640625
-26969.36328125
-27491.40625
-27969.126953125
-28402.865234375
-28793.125
-29140.552734375
-29445.943359375
-29710.236328125
-29934.501953125
-30119.943359375
-30267.88671875
-30379.77734375
-30457.166015625
-30501.712890625
-30515.16796875
-30499.361328125
-30456.212890625
-30387.701171875
-30295.86328125
-30182.78515625
-30050.59765625
-29901.453125
-29737.5234375
-29560.9921875
-29374.037109375
-29178.826171875
-28977.5
-28772.177734375
-28564.92578125
-28357.765625
-28152.654296875
-27951.486328125
-27756.072265625
-27568.14453125
-27389.341796875
-27221.203125
-27065.173828125
-26922.578125
-26794.634765625
-26682.44921875
-26587.001953125
-26509.158203125
-26449.66015625
-26409.12890625
-26388.060546875
-26386.837890625
-26405.716796875
-26444.84375
-26504.248046875
-26583.857421875
-26683.48828125
-26802.861328125
-26941.603515625
-27099.251953125
-27275.267578125
-27469.029296875
-27679.853515625
-27906.994140625
-28149.64453125
-28406.962890625
-28678.0546875
-28962.0
-29257.84765625
-29564.630859375
-29881.361328125
-30207.05078125
-30540.70703125
-30881.330078125
-31227.939453125
-31579.5625
-31935.2421875
-32294.03515625
-32655.03125
-33017.328125
-33380.068359375
-33742.408203125
-34103.533203125
-34462.666015625
-34819.052734375
-35171.970703125
-35520.7265625
-35864.650390625
-36203.103515625
-36535.470703125
-36861.1640625
-37179.609375
-37490.26171875
-37792.5859375
-38086.07421875
-38370.224609375
-38644.544921875
-38908.56640625
-39161.81640625
-39403.833984375
-39634.1640625
-39852.35546875
-40057.958984375
-40250.525390625
-40429.611328125
-40594.767578125
-40745.544921875
-40881.498046875
-41002.173828125
-41107.125
-41195.896484375
-41268.03515625
-41323.087890625
-41360.599609375
-41380.12109375
-41381.197265625
-41363.380859375
-41326.2265625
-41269.291015625
-41192.138671875
-41094.341796875
-40975.4765625
-40835.126953125
-40672.892578125
-40488.37890625
-40281.201171875
-40050.994140625
-39797.40234375
-39520.08203125
-39218.71484375
-38892.990234375
-38542.623046875
-38167.34375
-37766.90625
-37341.083984375
-36889.671875
-36412.5
-35909.4140625
-35380.287109375
-34825.033203125
-34243.58203125
-33635.908203125
-33002.01953125
-32341.953125
-31655.794921875
-30943.6640625
-30205.73046875
-29442.205078125
-28653.3515625
-27839.48046875
-27000.9609375
-26138.21484375
-25251.728515625
-24342.041015625
-23409.767578125
-22455.578125
-21480.22265625
-20484.515625
-19469.34765625
-18435.685546875
-17384.576171875
-16317.130859375
-15234.55859375
-14138.138671875
-13029.23046875
-11909.275390625
-10779.796875
-9642.390625
-8498.736328125
-7350.5859375
-6199.759765625
-5048.154296875
-3897.7265625
-2750.5
-1608.544921875
-473.99609375
650.978515625
1764.162109375
2863.314453125
3946.16796875
5010.4375
6053.828125
7074.05078125
8068.82421875
9035.88671875
9973.0078125
10877.990234375
11748.6953125
12583.041015625
13379.013671875
14134.68359375
14848.20703125
15517.849609375
16141.984375
16719.103515625
17247.833984375
17726.939453125
18155.33203125
18532.08203125
18856.419921875
19127.748046875
19345.64453125
19509.87109375
19620.37109375
19677.279296875
19680.919921875
19631.814453125
19530.673828125
19378.40625
19176.111328125
18925.07421875
18626.7734375
18282.859375
17895.169921875
17465.701171875
16996.62109375
16490.2421875
15949.025390625
15375.5625
14772.5703125
14142.87109375
13489.390625
12815.1328125
12123.173828125
11416.646484375
10698.720703125
9972.599609375
9241.494140625
8508.6015625
7777.111328125
7050.171875
6330.8828125
5622.27734375
4927.306640625
4248.8359375
3589.611328125
2952.271484375
2339.3125
1753.095703125
1195.82421875
669.5390625
176.109375
-282.771484375
-705.6015625
-1091.060546875
-1438.029296875
-1745.5859375
-2012.998046875
-2239.74609375
-2425.50390625
-2570.138671875
-2673.716796875
-2736.49609375
-2758.919921875
-2741.609375
-2685.3671875
-2591.15625
-2460.1015625
-2293.4765625
-2092.697265625
-1859.31640625
-1595.0
-1301.529296875
-980.7890625
-634.748046875
-265.4609375
124.953125
534.31640625
960.40234375
1400.943359375
1853.650390625
2316.212890625
2786.30859375
3261.62109375
3739.83203125
4218.646484375
4695.78515625
5169.005859375
5636.09375
6094.876953125
6543.23046875
6979.078125
7400.396484375
7805.22265625
8191.65625
8557.85546875
8902.046875
9222.53125
9517.673828125
9785.919921875
10025.78125
10235.849609375
10414.8046875
10561.388671875
10674.435546875
10752.865234375
10795.67578125
10801.955078125
10770.884765625
10701.73046875
10593.853515625
10446.716796875
10259.873046875
10032.986328125
9765.81640625
9458.236328125
9110.22265625
8721.87109375
8293.388671875
7825.1015625
7317.455078125
6771.017578125
6186.486328125
5564.671875
4906.529296875
4213.12890625
3485.671875
2725.48828125
1934.0390625
1112.900390625
263.775390625
-611.5078125
-1511.009765625
-2432.68359375
-3374.365234375
-4333.80859375
-5308.65625
-6296.478515625
-7294.759765625
-8300.927734375
-9312.34375
-10326.32421875
-11340.150390625
-12351.078125
-13356.3515625
-14353.21484375
-15338.921875
-16310.7578125
-17266.037109375
-18202.1328125
-19116.478515625
-20006.58203125
-20870.046875
-21704.5703125
-22507.96484375
-23278.169921875
-24013.251953125
-24711.42578125
-25371.056640625
-25990.669921875
-26568.95703125
-27104.78515625
-27597.19921875
-28045.421875
-28448.865234375
-28807.123046875
-29119.982421875
-29387.404296875
-29609.55078125
-29786.748046875
-29919.51171875
-30008.5234375
-30054.630859375
-30058.83984375
-30022.30859375
-29946.3359375
-29832.353515625
-29681.9140625
-29496.681640625
-29278.419921875
-29028.974609375
-28750.279296875
-28444.314453125
-28113.125
-27758.787109375
-27383.3984375
-26989.080078125
-26577.9453125
-26152.099609375
-25713.623046875
-25264.568359375
-24806.94140625
-24342.697265625
-23873.72265625
-23401.84375
-22928.80078125
-22456.259765625
-21985.78515625
-21518.85546875
-21056.849609375
-20601.044921875
-20152.619140625
-19712.63671875
-19282.06640625
-18861.7734375
-18452.517578125
-18054.962890625
-17669.669921875
-17297.11328125
-16937.677734375
-16591.666015625
-16259.296875
-15940.72265625
-15636.029296875
-15345.240234375
-15068.33203125
-14805.23046875
-14555.82421875
-14319.974609375
-14097.5078125
-13888.240234375
-13691.970703125
-13508.49609375
-13337.607421875
-13179.1015625
-13032.783203125
-12898.474609375
-12776.005859375
-12665.234375
-12566.03125
-12478.29296875
-12401.935546875
-12336.904296875
-12283.162109375
-12240.693359375
-12209.5
-12189.599609375
-12181.029296875
-12183.82421875
-12198.033203125
-12223.701171875
-12260.869140625
-12309.56640625
-12369.80859375
-12441.583984375
-12524.861328125
-12619.568359375
-12725.595703125
-12842.79296875
-12970.955078125
-13109.8203125
-13259.072265625
-13418.326171875
-13587.134765625
-13764.97265625
-13951.251953125
-14145.302734375
-14346.38671875
-14553.6796875
-14766.30078125
-14983.287109375
-15203.603515625
-15426.158203125
-15649.791015625
-15873.287109375
-16095.388671875
-16314.78515625
-16530.134765625
-16740.068359375
-16943.201171875
-17138.12890625
-17323.458984375
-17497.80078125
-17659.7890625
-17808.0859375
-17941.39453125
-18058.47265625
-18158.140625
-18239.283203125
-18300.875
-18341.978515625
-18361.755859375
-18359.474609375
-18334.521484375
-18286.400390625
-18214.74609375
-18119.318359375
-18000.0234375
-17856.896484375
-17690.1171875
-17500.0078125
-17287.025390625
-17051.7734375
-16794.984375
-16517.53125
-16220.41015625
-15904.7421875
-15571.763671875
-15222.826171875
-14859.373046875
-14482.947265625
-14095.17578125
-13697.74609375
-13292.42578125
-12881.0234375
-12465.392578125
-12047.41796875
-11628.99609375
-11212.041015625
-10798.455078125
-10390.12890625
-9988.93359375
-9596.6953125
-9215.205078125
-8846.19140625
-8491.330078125
-8152.21875
-7830.384765625
-7527.267578125
-7244.216796875
-6982.486328125
-6743.240234375
-6527.533203125
-6336.314453125
-6170.431640625
-6030.625
-5917.521484375
-5831.646484375
-5773.416015625
-5743.140625
-5741.02734375
-5767.181640625
-5821.61328125
-5904.232421875
-6014.861328125
-6153.23046875
-6318.98828125
-6511.697265625
-6730.849609375
-6975.859375
-7246.0703125
-7540.763671875
-7859.15625
-8200.40234375
-8563.60546875
-8947.80859375
-9352.013671875
-9775.1640625
-10216.16796875
-10673.876953125
-11147.107421875
-11634.63671875
-12135.197265625
-12647.486328125
-13170.166015625
-13701.859375
-14241.15234375
-14786.6015625
-15336.73046875
-15890.025390625
-16444.953125
-16999.94140625
-17553.39453125
-18103.689453125
-18649.18359375
-19188.212890625
-19719.09765625
-20240.13671875
-20749.625
-21245.84765625
-21727.09375
-22191.64453125
-22637.798828125
-23063.859375
-23468.16015625
-23849.05078125
-24204.921875
-24534.1953125
-24835.341796875
-25106.892578125
-25347.43359375
-25555.623046875
-25730.193359375
-25869.96875
-25973.85546875
-26040.873046875
-26070.13671875
-26060.880859375
-26012.46484375
-25924.37109375
-25796.22265625
-25627.7734375
-25418.931640625
-25169.74609375
-24880.431640625
-24551.345703125
-24183.013671875
-23776.125
-23331.521484375
-22850.21484375
-22333.376953125
-21782.345703125
-21198.607421875
-20583.8125
-19939.76171875
-19268.40234375
-18571.822265625
-17852.25
-17112.03515625
-16353.65625
-15579.703125
-14792.865234375
-13995.931640625
-13191.771484375
-12383.330078125
-11573.609375
-10765.66796875
-9962.599609375
-9167.52734375
-8383.580078125
-7613.896484375
-6861.595703125
-6129.775390625
-5421.494140625
-4739.759765625
-4087.515625
-3467.630859375
-2882.880859375
-2335.947265625
-1829.39453125
-1365.666015625
-947.0703125
-575.76953125
-253.779296875
17.05859375
235.060546875
398.734375
506.7578125
558.015625
551.57421875
486.7109375
362.900390625
179.826171875
-62.623046875
-364.349609375
-725.046875
-1144.203125
-1621.09765625
-2154.81640625
-2744.2421875
-3388.06640625
-4084.794921875
-4832.748046875
-5630.076171875
-6474.765625
-7364.64453125
-8297.390625
-9270.548828125
-10281.533203125
-11327.642578125
-12406.0703125
-13513.9140625
-14648.193359375
-15805.859375
-16983.806640625
-18178.8828125
-19387.90234375
-20607.66796875
-21834.96484375
-23066.59375
-24299.37109375
-25530.140625
-26755.78515625
-27973.24609375
-29179.521484375
-30371.685546875
-31546.896484375
-32702.400390625
-33835.54296875
-34943.78125
-36024.685546875
-37075.943359375
-38095.375
-39080.927734375
-40030.68359375
-40942.869140625
-41815.841796875
-42648.111328125
-43438.330078125
-44185.291015625
-44887.927734375
-45545.326171875
-46156.703125
-46721.419921875
-47238.97265625
-47708.984375
-48131.208984375
-48505.521484375
-48831.9140625
-49110.48828125
-49341.458984375
-49525.134765625
-49661.916015625
-49752.296875
-49796.84375
-49796.205078125
-49751.0859375
-49662.2578125
-49530.544921875
-49356.814453125
-49141.9765625
-48886.9765625
-48592.783203125
-48260.388671875
-47890.806640625
-47485.0625
-47044.1796875
-46569.197265625
-46061.150390625
-45521.068359375
-44949.978515625
-44348.896484375
-43718.830078125
-43060.77734375
-42375.72265625
-41664.638671875
-40928.48828125
-40168.21484375
-39384.763671875
-38579.060546875
-37752.025390625
-36904.578125
-36037.626953125
-35152.083984375
-34248.861328125
-33328.873046875
-32393.0390625
-31442.294921875
-30477.578125
-29499.84765625
-28510.072265625
-27509.25
-26498.38671875
-25478.525390625
-24450.71484375
-23416.044921875
-22375.623046875
-21330.58203125
-20282.08203125
-19231.310546875
-18179.47265625
-17127.798828125
-16077.537109375
-15029.955078125
-13986.333984375
-12947.9609375
-11916.134765625
-10892.154296875
-9877.314453125
-8872.904296875
-7880.197265625
-6900.44921875
-5934.892578125
-4984.73046875
-4051.123046875
-3135.193359375
-2238.01953125
-1360.619140625
-503.951171875
331.08203125
1143.66015625
1933.025390625
2698.501953125
3439.5
4155.51171875
4846.11328125
5510.974609375
6149.8515625
6762.59765625
7349.154296875
7909.546875
8443.900390625
8952.423828125
9435.400390625
9893.20703125
10326.29296875
10735.17578125
11120.439453125
11482.7421875
11822.77734375
12141.30859375
12439.125
12717.0625
12975.978515625
13216.7578125
13440.298828125
13647.50390625
13839.27734375
14016.521484375
14180.119140625
14330.939453125
14469.82421875
14597.58203125
14714.994140625
14822.79296875
14921.673828125
15012.279296875
15095.201171875
15170.982421875
15240.107421875
15303.005859375
15360.046875
15411.546875
15457.76171875
15498.890625
15535.076171875
15566.408203125
15592.927734375
15614.6171875
15631.41796875
15643.22265625
15649.87890625
15651.201171875
15646.962890625
15636.90625
15620.740234375
15598.146484375
15568.78515625
15532.29296875
15488.2890625
15436.375
15376.140625
15307.1640625
15229.0234375
15141.279296875
15043.49609375
14935.23828125
14816.07421875
14685.572265625
14543.306640625
14388.869140625
14221.853515625
14041.876953125
13848.5703125
13641.583984375
13420.59765625
13185.3125
12935.466796875
12670.83203125
12391.22265625
12096.4921875
11786.546875
11461.349609375
11120.919921875
10765.33984375
10394.767578125
10009.43359375
9609.650390625
9195.81640625
8768.423828125
8328.056640625
7875.408203125
7411.26953125
6936.544921875
6452.251953125
5959.517578125
5459.591796875
4953.8359375
4443.73046875
3930.87109375
3416.970703125
2903.845703125
2393.419921875
1887.71875
1388.861328125
899.04296875
420.54296875
-44.296875
-493.087890625
-923.400390625
-1332.7734375
-1718.740234375
-2078.841796875
-2410.63671875
-2711.72265625
-2979.755859375
-3212.46484375
-3407.671875
-3563.3046875
-3677.421875
-3748.232421875
-3774.09375
-3753.552734375
-3685.33984375
-3568.40234375
-3401.890625
-3185.205078125
-2917.970703125
-2600.06640625
-2231.625
-1813.037109375
-1344.955078125
-828.291015625
-264.216796875
345.837890625
1000.197265625
1696.9453125
2433.927734375
3208.779296875
4018.921875
4861.59375
5733.85546875
6632.615234375
7554.646484375
8496.60546875
9455.0625
10426.517578125
11407.421875
12394.203125
13383.29296875
14371.142578125
15354.251953125
16329.189453125
17292.611328125
18241.28515625
19172.109375
20082.125
20968.54296875
21828.74609375
22660.306640625
23461.0078125
24228.8359375
24962.001953125
25658.9296875
26318.28125
26938.935546875
27520.0078125
28060.83203125
28560.9609375
29020.1640625
29438.416015625
29815.8828125
30152.921875
30450.064453125
30707.998046875
30927.5625
31109.728515625
31255.58984375
31366.34375
31443.2734375
31487.73828125
31501.162109375
31485.009765625
31440.78125
31369.99609375
31274.1796875
31154.86328125
31013.55078125
30851.736328125
30670.87890625
30472.404296875
30257.693359375
30028.0859375
29784.869140625
29529.283203125
29262.515625
28985.701171875
28699.931640625
28406.244140625
28105.63671875
27799.0625
27487.443359375
27171.66015625
26852.5703125
26531.009765625
26207.7890625
25883.712890625
25559.5703125
25236.14453125
24914.22265625
24594.58203125
24278.013671875
23965.3046875
23657.251953125
23354.658203125
23058.330078125
22769.07421875
22487.70703125
22215.03125
21951.8515625
21698.95703125
21457.12109375
21227.099609375
21009.609375
20805.34375
20614.9375
20438.98828125
20278.03125
20132.52734375
20002.876953125
19889.38671875
19792.28515625
19711.69921875
19647.662109375
19600.095703125
19568.81640625
19553.51953125
19553.791015625
19569.095703125
19598.779296875
19642.06640625
19698.068359375
19765.779296875
19844.078125
19931.7421875
20027.44921875
20129.775390625
20237.216796875
20348.18359375
20461.029296875
20574.037109375
20685.451171875
20793.47265625
20896.28125
20992.05078125
21078.943359375
21155.14453125
21218.859375
21268.33203125
21301.86328125
21317.8125
21314.607421875
21290.76953125
21244.912109375
21175.759765625
21082.146484375
20963.029296875
20817.498046875
20644.78515625
20444.25390625
20215.423828125
19957.96484375
19671.693359375
19356.587890625
19012.77734375
18640.548828125
18240.337890625
17812.732421875
17358.466796875
16878.416015625
16373.591796875
15845.138671875
15294.32421875
14722.529296875
14131.24609375
13522.06640625
12896.671875
12256.822265625
11604.35546875
10941.16015625
10269.181640625
9590.40625
8906.845703125
8220.53125
7533.5078125
6847.806640625
6165.455078125
5488.45703125
4818.779296875
4158.34765625
3509.0390625
2872.66796875
2250.978515625
1645.640625
1058.236328125
490.2578125
-56.900390625
-581.947265625
-1083.703125
-1561.09765625
-2013.185546875
-2439.13671875
-2838.25
-3209.9453125
-3553.775390625
-3869.41796875
-4156.68359375
-4415.505859375
-4645.94921875
-4848.201171875
-5022.572265625
-5169.4921875
-5289.5078125
-5383.2734375
-5451.55078125
-5495.203125
-5515.189453125
-5512.548828125
-5488.412109375
-5443.970703125
-5380.4921875
-5299.29296875
-5201.744140625
-5089.25
-4963.248046875
-4825.197265625
-4676.568359375
-4518.8359375
-4353.46484375
-4181.908203125
-4005.58984375
-3825.90625
-3644.205078125
-3461.787109375
-3279.8984375
-3099.7109375
-2922.333984375
-2748.7890625
-2580.021484375
-2416.875
-2260.11328125
-2110.384765625
-1968.25
-1834.154296875
-1708.443359375
-1591.345703125
-1482.990234375
-1383.392578125
-1292.4609375
-1210.0
-1135.70703125
-1069.177734375
-1009.9140625
-957.318359375
-910.7109375
-869.322265625
-832.306640625
-798.748046875
-767.66015625
-737.998046875
-708.666015625
-678.525390625
-646.392578125
-611.05859375
-571.291015625
-525.8359375
-473.44140625
-412.84765625
-342.8046875
-262.07421875
-169.44140625
-63.71875
56.24609375
191.568359375
343.30859375
512.48046875
700.037109375
906.87109375
1133.806640625
1381.587890625
1650.892578125
1942.3125
2256.35546875
2593.447265625
2953.919921875
3338.01171875
3745.876953125
4177.56640625
4633.0390625
5112.15625
5614.677734375
6140.2734375
6688.509765625
7258.85546875
7850.6875
8463.28515625
9095.83203125
9747.423828125
10417.0625
11103.662109375
11806.056640625
12522.9921875
13253.13671875
13995.0859375
14747.36328125
15508.423828125
16276.66015625
17050.404296875
17827.943359375
18607.505859375
19387.287109375
20165.443359375
20940.1015625
21709.365234375
22471.3203125
23224.04296875
23965.607421875
24694.087890625
25407.580078125
26104.1875
26782.04296875
27439.314453125
28074.2109375
28684.98828125
29269.955078125
29827.48828125
30356.029296875
30854.09375
31320.287109375
31753.294921875
32151.900390625
32514.984375
32841.53125
33130.63671875
33381.505859375
33593.45703125
33765.931640625
33898.486328125
33990.802734375
34042.68359375
34054.052734375
34024.9609375
33955.57421875
33846.181640625
33697.19140625
33509.12109375
33282.603515625
33018.375
32717.27734375
32380.24609375
32008.310546875
31602.5859375
31164.26171875
30694.60546875
30194.9453125
29666.671875
29111.2265625
28530.083984375
27924.76953125
27296.8203125
26647.806640625
25979.3046875
25292.8984375
24590.16796875
23872.681640625
23141.998046875
22399.650390625
21647.14453125
20885.94921875
20117.501953125
19343.18359375
18564.33984375
17782.251953125
16998.158203125
16213.228515625
15428.572265625
14645.23828125
13864.208984375
13086.40234375
12312.666015625
11543.783203125
10780.46875
10023.369140625
9273.0703125
8530.091796875
7794.880859375
7067.8359375
6349.28515625
5639.509765625
4938.724609375
4247.1015625
3564.75
2891.744140625
2228.10546875
1573.814453125
928.8125
293.009765625
-333.728515625
-951.55859375
-1560.666015625
-2161.265625
-2753.587890625
-3337.888671875
-3914.4375
-4483.513671875
-5045.412109375
-5600.431640625
-6148.87890625
-6691.060546875
-7227.275390625
-7757.828125
-8283.0078125
-8803.09375
-9318.3515625
-9829.02734375
-10335.34765625
-10837.513671875
-11335.693359375
-11830.025390625
-12320.6171875
-12807.52734375
-13290.771484375
-13770.328125
-14246.11328125
-14717.9921875
-15185.7734375
-15649.205078125
-16107.962890625
-16561.6640625
-17009.84765625
-17451.990234375
-17887.484375
-18315.650390625
-18735.732421875
-19146.892578125
-19548.224609375
-19938.732421875
-20317.353515625
-20682.94921875
-21034.306640625
-21370.146484375
-21689.123046875
-21989.83203125
-22270.814453125
-22530.5625
-22767.525390625
-22980.1171875
-23166.73046875
-23325.732421875
-23455.48828125
-23554.359375
-23620.724609375
-23652.982421875
-23649.5625
-23608.94140625
-23529.654296875
-23410.298828125
-23249.55859375
-23046.205078125
-22799.107421875
-22507.2578125
-22169.767578125
-21785.876953125
-21354.9765625
-20876.609375
-20350.474609375
-19776.447265625
-19154.568359375
-18485.06640625
-17768.34765625
-17005.009765625
-16195.83984375
-15341.8125
-14444.1015625
-13504.056640625
-12523.220703125
-11503.318359375
-10446.25390625
-9354.095703125
-8229.076171875
-7073.587890625
-5890.166015625
-4681.470703125
-3450.294921875
-2199.5390625
-932.201171875
348.642578125
1639.84375
2938.197265625
4240.4609375
5543.3671875
6843.642578125
8138.013671875
9423.23828125
10696.09765625
11953.4296875
13192.140625
14409.205078125
15601.697265625
16766.791015625
17901.767578125
19004.044921875
20071.166015625
21100.814453125
22090.833984375
23039.216796875
23944.1171875
24803.861328125
25616.939453125
26382.01953125
27097.9375
27763.7109375
28378.525390625
28941.740234375
29452.88671875
29911.662109375
30317.923828125
30671.693359375
30973.14453125
31222.591796875
31420.50390625
31567.4765625
31664.23828125
31711.6328125
31710.626953125
31662.291015625
31567.787109375
31428.3828125
31245.416015625
31020.3125
30754.560546875
30449.71875
30107.388671875
29729.234375
29316.951171875
28872.279296875
28396.978515625
27892.845703125
27361.685546875
26805.328125
26225.595703125
25624.333984375
25003.373046875
24364.548828125
23709.6875
23040.6015625
22359.087890625
21666.931640625
20965.888671875
20257.697265625
19544.06640625
18826.67578125
18107.17578125
17387.1796875
16668.267578125
15951.98046875
15239.8203125
14533.2421875
13833.669921875
13142.466796875
12460.9609375
11790.427734375
11132.09375
10487.138671875
9856.685546875
9241.8125
8643.537109375
8062.830078125
7500.603515625
6957.72265625
6434.994140625
5933.16796875
5452.94921875
4994.984375
4559.8671875
4148.142578125
3760.298828125
3396.78125
3057.9765625
2744.23046875
2455.8359375
2193.04296875
1956.05078125
1745.017578125
1560.05078125
1401.224609375
1268.556640625
1162.033203125
1081.58984375
1027.126953125
998.494140625
995.505859375
1017.9296875
1065.490234375
1137.873046875
1234.70703125
1355.587890625
1500.056640625
1667.61328125
1857.69921875
2069.712890625
2303.001953125
2556.857421875
2830.51953125
3123.171875
3433.947265625
3761.919921875
4106.11328125
4465.490234375
4838.96875
5225.400390625
5623.6015625
6032.330078125
6450.296875
6876.177734375
7308.60546875
7746.17578125
8187.46484375
8631.01171875
9075.353515625
9519.009765625
9960.4921875
10398.33203125
10831.0625
11257.244140625
11675.46484375
12084.359375
12482.607421875
12868.951171875
13242.1953125
13601.23046875
13945.0234375
14272.646484375
14583.267578125
14876.1640625
15150.732421875
15406.4921875
15643.08203125
15860.283203125
16058.0
16236.27734375
16395.294921875
16535.36328125
16656.92578125
16760.5625
16846.962890625
16916.94140625
16971.42578125
17011.435546875
17038.0859375
17052.568359375
17056.142578125
17050.119140625
17035.8515625
17014.7109375
16988.08203125
16957.33984375
16923.83203125
16888.8671875
16853.701171875
16819.51171875
16787.384765625
16758.306640625
16733.142578125
16712.626953125
16697.34375
16687.73046875
16684.05078125
16686.3984375
16694.68359375
16708.638671875
16727.80078125
16751.5234375
16778.97265625
16809.12890625
16840.798828125
16872.61328125
16903.041015625
16930.408203125
16952.900390625
16968.580078125
16975.41015625
16971.2578125
16953.9375
16921.20703125
16870.806640625
16800.478515625
16707.978515625
16591.1171875
16447.7734375
16275.921875
16073.650390625
15839.197265625
15570.953125
15267.501953125
14927.625
14550.33203125
14134.8671875
13680.734375
13187.697265625
12655.802734375
12085.3828125
11477.0546875
10831.7421875
10150.654296875
9435.296875
8687.46875
7909.24609375
7102.978515625
6271.275390625
5416.990234375
4543.20703125
3653.216796875
2750.49609375
1838.6875
921.572265625
3.0390625
-912.9296875
-1822.3046875
-2721.025390625
-3605.03125
-4470.306640625
-5312.888671875
-6128.912109375
-6914.638671875
-7666.474609375
-8381.013671875
-9055.046875
-9685.6015625
-10269.955078125
-10805.662109375
-11290.5625
-11722.81640625
-12100.904296875
-12423.63671875
-12690.17578125
-12900.029296875
-13053.06640625
-13149.505859375
-13189.91796875
-13175.23046875
-13106.705078125
-12985.939453125
-12814.845703125
-12595.646484375
-12330.849609375
-12023.224609375
-11675.798828125
-11291.810546875
-10874.7109375
-10428.115234375
-9955.787109375
-9461.6171875
-8949.576171875
-8423.703125
-7888.0703125
-7346.75390625
-6803.806640625
-6263.228515625
-5728.943359375
-5204.765625
-4694.38671875
-4201.3359375
-3728.974609375
-3280.466796875
-2858.759765625
-2466.5703125
-2106.373046875
-1780.380859375
-1490.54296875
-1238.5234375
-1025.71875
-853.2265625
-721.87109375
-632.177734375
-584.40234375
-578.51953125
-614.23046875
-690.978515625
-807.96484375
-964.146484375
-1158.255859375
-1388.826171875
-1654.197265625
-1952.537109375
-2281.853515625
-2640.029296875
-3024.828125
-3433.919921875
-3864.896484375
-4315.296875
-4782.630859375
-5264.388671875
-5758.06640625
-6261.1875
-6771.30859375
-7286.05078125
-7803.109375
-8320.259765625
-8835.390625
-9346.501953125
-9851.712890625
-10349.28125
-10837.611328125
-11315.24609375
-11780.89453125
-12233.4140625
-12671.828125
-13095.314453125
-13503.21484375
-13895.029296875
-14270.408203125
-14629.150390625
-14971.205078125
-15296.65234375
-15605.703125
-15898.689453125
-16176.0546875
-16438.345703125
-16686.1953125
-16920.314453125
-17141.494140625
-17350.568359375
-17548.42578125
-17735.98046875
-17914.177734375
-18083.96484375
-18246.294921875
-18402.103515625
-18552.30859375
-18697.79296875
-18839.40234375
-18977.92578125
-19114.10546875
-19248.60546875
-19382.03125
-19514.900390625
-19647.650390625
-19780.640625
-19914.1328125
-20048.296875
-20183.216796875
-20318.873046875
-20455.162109375
-20591.880859375
-20728.740234375
-20865.359375
-21001.2734375
-21135.939453125
-21268.732421875
-21398.962890625
-21525.869140625
-21648.63671875
-21766.392578125
-21878.220703125
-21983.171875
-22080.259765625
-22168.48046875
-22246.814453125
-22314.236328125
-22369.7265625
-22412.2734375
-22440.890625
-22454.615234375
-22452.5234375
-22433.73828125
-22397.431640625
-22342.837890625
-22269.259765625
-22176.078125
-22062.74609375
-21928.8125
-21773.916015625
-21597.7890625
-21400.2734375
-21181.30859375
-20940.951171875
-20679.359375
-20396.81640625
-20093.703125
-19770.525390625
-19427.896484375
-19066.541015625
-18687.29296875
-18291.091796875
-17878.974609375
-17452.078125
-17011.625
-16558.923828125
-16095.357421875
-15622.376953125
-15141.494140625
-14654.26171875
-14162.283203125
-13667.1796875
-13170.595703125
-12674.17578125
-12179.560546875
-11688.369140625
-11202.19140625
-10722.572265625
-10250.9921875
-9788.875
-9337.548828125
-8898.25390625
-8472.123046875
-8060.17578125
-7663.298828125
-7282.244140625
-6917.6171875
-6569.865234375
-6239.28125
-5925.982421875
-5629.923828125
-5350.876953125
-5088.435546875
-4842.021484375
-4610.869140625
-4394.046875
-4190.44140625
-3998.779296875
-3817.623046875
-3645.376953125
-3480.3125
-3320.55859375
-3164.126953125
-3008.921875
-2852.748046875
-2693.34375
-2528.375
-2355.470703125
-2172.23046875
-1976.24609375
-1765.12109375
-1536.49609375
-1288.052734375
-1017.552734375
-722.837890625
-401.865234375
-52.720703125
326.369140625
737.01953125
1180.65234375
1658.513671875
2171.626953125
2720.80859375
3306.63671875
3929.451171875
4589.34375
5286.158203125
6019.47265625
6788.61328125
7592.640625
8430.359375
9300.32421875
10200.833984375
11129.953125
12085.509765625
13065.11328125
14066.162109375
15085.869140625
16121.263671875
17169.216796875
18226.4609375
19289.607421875
20355.162109375
21419.5546875
22479.1640625
23530.330078125
24569.38671875
25592.67578125
26596.580078125
27577.537109375
28532.078125
29456.82421875
30348.533203125
31204.10546875
32020.611328125
32795.302734375
33525.6328125
34209.283203125
34844.15625
35428.408203125
35960.453125
36438.962890625
36862.892578125
37231.4765625
37544.2265625
37800.94921875
38001.732421875
38146.951171875
38237.26171875
38273.59765625
38257.158203125
38189.408203125
38072.05859375
37907.0625
37696.59375
37443.041015625
37148.982421875
36817.1796875
36450.55078125
36052.150390625
35625.162109375
35172.86328125
34698.609375
34205.8203125
33697.947265625
33178.458984375
32650.814453125
32118.4453125
31584.732421875
31052.990234375
30526.431640625
30008.16796875
29501.181640625
29008.296875
28532.177734375
28075.30859375
27639.9765625
27228.248046875
26841.978515625
26482.783203125
26152.02734375
25850.833984375
25580.052734375
25340.279296875
25131.830078125
24954.7578125
24808.83984375
24693.576171875
24608.212890625
24551.720703125
24522.8125
24519.95703125
24541.375
24585.060546875
24648.7890625
24730.130859375
24826.45703125
24934.98046875
25052.73828125
25176.640625
25303.47265625
25429.921875
25552.59375
25668.037109375
25772.759765625
25863.263671875
25936.048828125
25987.65625
26014.673828125
26013.76171875
25981.685546875
25915.32421875
25811.6953125
25667.978515625
25481.529296875
25249.900390625
24970.857421875
24642.39453125
24262.748046875
23830.4140625
23344.146484375
22802.982421875
22206.240234375
21553.5234375
20844.734375
20080.068359375
19260.01171875
18385.34765625
17457.1484375
16476.765625
15445.833984375
14366.2421875
13240.146484375
12069.935546875
10858.236328125
9607.87109375
8321.869140625
7003.43359375
5655.91796875
4282.814453125
2887.73046875
1474.36328125
46.482421875
-1392.103515625
-2837.5546875
-4286.029296875
-5733.7109375
-7176.826171875
-8611.6640625
-10034.6015625
-11442.1171875
-12830.818359375
-14197.453125
-15538.923828125
-16852.30859375
-18134.875
-19384.080078125
-20597.59375
-21773.3046875
-22909.3125
-24003.958984375
-25055.8046875
-26063.642578125
-27026.5
-27943.626953125
-28814.498046875
-29638.80859375
-30416.455078125
-31147.541015625
-31832.36328125
-32471.388671875
-33065.2578125
-33614.765625
-34120.83984375
-34584.533203125
-35007.01171875
-35389.53125
-35733.42578125
-36040.0859375
-36310.947265625
-36547.484375
-36751.171875
-36923.48828125
-37065.904296875
-37179.849609375
-37266.720703125
-37327.861328125
-37364.55078125
-37377.998046875
-37369.330078125
-37339.587890625
-37289.716796875
-37220.57421875
-37132.91015625
-37027.375
-36904.517578125
-36764.787109375
-36608.537109375
-36436.017578125
-36247.39453125
-36042.7421875
-35822.0625
-35585.27734375
-35332.24609375
-35062.7734375
-34776.609375
-34473.47265625
-34153.046875
-33814.99609375
-33458.9765625
-33084.642578125
-32691.654296875
-32279.693359375
-31848.46484375
-31397.712890625
-30927.220703125
-30436.826171875
-29926.4140625
-29395.943359375
-28845.4375
-28274.986328125
-27684.763671875
-27075.017578125
-26446.080078125
-25798.361328125
-25132.353515625
-24448.6328125
-23747.857421875
-23030.7578125
-22298.146484375
-21550.90234375
-20789.98046875
-20016.392578125
-19231.21484375
-18435.572265625
-17630.64453125
-16817.6484375
-15997.83984375
-15172.5078125
-14342.962890625
-13510.52734375
-12676.548828125
-11842.369140625
-11009.33984375
-10178.798828125
-9352.078125
-8530.4921875
-7715.3359375
-6907.876953125
-6109.357421875
-5320.982421875
-4543.92578125
-3779.3203125
-3028.259765625
-2291.787109375
-1570.91015625
-866.578125
-179.70703125
488.8515625
1138.2890625
1767.84375
2376.8125
2964.541015625
3530.423828125
4073.91015625
4594.498046875
5091.740234375
5565.240234375
6014.65234375
6439.689453125
6840.103515625
7215.716796875
7566.392578125
7892.052734375
8192.673828125
8468.283203125
8718.9765625
8944.896484375
9146.244140625
9323.28515625
9476.33984375
9605.794921875
9712.091796875
9795.73828125
9857.3046875
9897.423828125
9916.787109375
9916.154296875
9896.34375
9858.232421875
9802.759765625
9730.921875
9643.76953125
9542.40625
9427.982421875
9301.69140625
9164.77734375
9018.515625
8864.208984375
8703.189453125
8536.80859375
8366.431640625
8193.4296875
8019.171875
7845.021484375
7672.322265625
7502.3984375
7336.5390625
7175.998046875
7021.9765625
6875.623046875
6738.0234375
6610.193359375
6493.06640625
6387.5
6294.251953125
6213.9921875
6147.283203125
6094.58203125
6056.236328125
6032.48046875
6023.435546875
6029.1015625
6049.361328125
6083.98046875
6132.607421875
6194.77734375
6269.90625
6357.306640625
6456.18359375
6565.642578125
6684.69140625
6812.2578125
6947.1796875
7088.228515625
7234.1015625
7383.453125
7534.873046875
7686.927734375
7838.146484375
7987.044921875
8132.125
8271.890625
8404.857421875
8529.55859375
8644.5625
8748.470703125
8839.93359375
8917.658203125
8980.416015625
9027.048828125
9056.482421875
9067.716796875
9059.85546875
9032.087890625
8983.7109375
8914.125
8822.8359375
8709.462890625
8573.734375
8415.5
8234.716796875
8031.4609375
7805.921875
7558.404296875
7289.3203125
6999.19921875
6688.669921875
6358.47265625
6009.443359375
5642.51953125
5258.728515625
4859.18359375
4445.09375
4017.732421875
3578.453125
3128.677734375
2669.888671875
2203.625
1731.4765625
1255.07421875
776.0859375
296.216796875
-182.81640625
-659.267578125
-1131.38671875
-1597.423828125
-2055.625
-2504.255859375
-2941.595703125
-3365.94921875
-3775.66015625
-4169.107421875
-4544.720703125
-4900.98828125
-5236.44921875
-5549.73046875
-5839.521484375
-6104.6015625
-6343.83984375
-6556.205078125
-6740.767578125
-6896.705078125
-7023.314453125
-7120.009765625
-7186.33203125
-7221.951171875
-7226.66796875
-7200.419921875
-7143.287109375
-7055.482421875
-6937.36328125
-6789.431640625
-6612.326171875
-6406.822265625
-6173.84375
-5914.435546875
-5629.78515625
-5321.197265625
-4990.099609375
-4638.037109375
-4266.662109375
-3877.720703125
-3473.056640625
-3054.591796875
-2624.3203125
-2184.298828125
-1736.634765625
-1283.48046875
-827.005859375
-369.40625
87.12109375
540.3828125
988.2109375
1428.4609375
1859.037109375
2277.892578125
2683.044921875
3072.587890625
3444.697265625
3797.646484375
4129.8046875
4439.658203125
4725.80078125
4986.955078125
5221.96484375
5429.810546875
5609.607421875
5760.603515625
5882.181640625
5973.875
6035.33984375
6066.37890625
6066.919921875
6037.03125
5976.892578125
5886.822265625
5767.23828125
5618.6796875
5441.783203125
5237.2890625
5006.017578125
4748.87890625
4466.8515625
4160.986328125
3832.390625
3482.220703125
3111.681640625
2722.0078125
2314.46875
1890.353515625
1450.970703125
997.630859375
531.658203125
54.373046875
-432.912109375
-928.89453125
-1432.27734375
-1941.791015625
-2456.17578125
-2974.1953125
-3494.63671875
-4016.310546875
-4538.056640625
-5058.73046875
-5577.220703125
-6092.44140625
-6603.328125
-7108.84765625
-7607.98828125
-8099.76171875
-8583.205078125
-9057.37890625
-9521.3671875
-9974.27734375
-10415.236328125
-10843.40234375
-11257.94921875
-11658.076171875
-12043.009765625
-12412.001953125
-12764.333984375
-13099.30859375
-13416.2734375
-13714.59765625
-13993.685546875
-14252.990234375
-14491.994140625
-14710.23046875
-14907.279296875
-15082.765625
-15236.3671875
-15367.822265625
-15476.927734375
-15563.533203125
-15627.5625
-15668.99609375
-15687.890625
-15684.369140625
-15658.626953125
-15610.931640625
-15541.62109375
-15451.115234375
-15339.89453125
-15208.52734375
-15057.638671875
-14887.935546875
-14700.185546875
-14495.228515625
-14273.958984375
-14037.337890625
-13786.375
-13522.138671875
-13245.740234375
-12958.33203125
-12661.107421875
-12355.291015625
-12042.126953125
-11722.88671875
-11398.857421875
-11071.328125
-10741.59765625
-10410.962890625
-10080.70703125
-9752.099609375
-9426.3984375
-9104.830078125
-8788.595703125
-8478.859375
-8176.75
-7883.353515625
-7599.70703125
-7326.806640625
-7065.583984375
-6816.931640625
-6581.671875
-6360.58203125
-6154.3671875
-5963.681640625
-5789.111328125
-5631.19140625
-5490.384765625
-5367.1015625
-5261.69140625
-5174.44140625
-5105.583984375
-5055.294921875
-5023.6953125
-5010.8515625
-5016.78125
-5041.451171875
-5084.78125
-5146.642578125
-5226.865234375
-5325.236328125
-5441.5
-5575.361328125
-5726.48828125
-5894.51171875
-6079.02734375
-6279.591796875
-6495.73046875
-6726.93359375
-6972.66015625
-7232.33203125
-7505.3359375
-7791.03125
-8088.73828125
-8397.7421875
-8717.296875
-9046.615234375
-9384.87890625
-9731.228515625
-10084.76953125
-10444.56640625
-10809.650390625
-11179.0078125
-11551.587890625
-11926.30078125
-12302.021484375
-12677.580078125
-13051.77734375
-13423.37109375
-13791.08984375
-14153.62890625
-14509.650390625
-14857.79296875
-15196.67578125
-15524.88671875
-15841.009765625
-16143.609375
-16431.25390625
-16702.498046875
-16955.916015625
-17190.0859375
-17403.603515625
-17595.095703125
-17763.220703125
-17906.673828125
-18024.197265625
-18114.595703125
-18176.73046875
-18209.53515625
-18212.0234375
-18183.291015625
-18122.533203125
-18029.03515625
-17902.197265625
-17741.52734375
-17546.650390625
-17317.318359375
-17053.40234375
-16754.912109375
-16421.982421875
-16054.888671875
-15654.033203125
-15219.966796875
-14753.361328125
-14255.033203125
-13725.919921875
-13167.08984375
-12579.73046875
-11965.1484375
-11324.7578125
-10660.080078125
-9972.716796875
-9264.37109375
-8536.80859375
-7791.865234375
-7031.43359375
-6257.44140625
-5471.853515625
-4676.65234375
-3873.82421875
-3065.353515625
-2253.20703125
-1439.3203125
-625.5859375
186.1484375
994.109375
1796.583984375
2591.95703125
3378.693359375
4155.3671875
4920.65234375
5673.341796875
6412.34375
7136.693359375
7845.544921875
8538.185546875
9214.03125
9872.623046875
10513.630859375
11136.84375
11742.1796875
12329.666015625
12899.4453125
13451.76171875
13986.955078125
14505.458984375
15007.783203125
15494.515625
15966.302734375
16423.84375
16867.8828125
17299.203125
17718.6015625
18126.8984375
18524.9140625
18913.466796875
19293.35546875
19665.3671875
20030.251953125
20388.7265625
20741.46484375
21089.08984375
21432.173828125
21771.23046875
22106.7109375
22439.001953125
22768.4296875
23095.24609375
23419.640625
23741.734375
24061.5859375
24379.1875
24694.466796875
25007.298828125
25317.501953125
25624.8359375
25929.021484375
26229.734375
26526.603515625
26819.2265625
27107.17578125
27389.98828125
27667.1875
27938.275390625
28202.734375
28460.048828125
28709.68359375
28951.109375
29183.79296875
29407.197265625
29620.794921875
29824.0625
30016.482421875
30197.548828125
30366.75390625
30523.61328125
30667.640625
30798.365234375
30915.328125
31018.0703125
31106.154296875
31179.146484375
31236.623046875
31278.169921875
31303.384765625
31311.873046875
31303.2578125
31277.162109375
31233.23046875
31171.123046875
31090.509765625
30991.083984375
30872.55859375
30734.666015625
30577.169921875
30399.859375
30202.560546875
29985.12890625
29747.470703125
29489.525390625
29211.2890625
28912.80078125
28594.166015625
28255.54296875
27897.154296875
27519.291015625
27122.314453125
26706.654296875
26272.82421875
25821.40234375
25353.056640625
24868.52734375
24368.63671875
23854.287109375
23326.45703125
22786.203125
22234.65625
21673.017578125
21102.560546875
20524.61328125
19940.576171875
19351.892578125
18760.056640625
18166.607421875
17573.1171875
16981.185546875
16392.427734375
15808.48046875
15230.978515625
14661.556640625
14101.830078125
13553.40625
13017.853515625
12496.712890625
11991.47265625
11503.57421875
11034.400390625
10585.267578125
10157.421875
9752.025390625
9370.1640625
9012.828125
8680.9140625
8375.2265625
8096.462890625
7845.224609375
7621.994140625
7427.15625
7260.98046875
7123.626953125
7015.1484375
6935.482421875
6884.458984375
6861.80078125
6867.12109375
6899.9296875
6959.6328125
7045.541015625
7156.859375
7292.7109375
7452.11328125
7634.017578125
7837.2734375
8060.662109375
8302.892578125
8562.595703125
8838.3515625
9128.662109375
9431.9921875
9746.748046875
10071.28515625
10403.935546875
10742.986328125
11086.6953125
11433.3046875
11781.033203125
12128.08984375
12472.685546875
12813.01953125
13147.310546875
13473.78125
13790.6796875
14096.279296875
14388.8828125
14666.8359375
14928.521484375
15172.38671875
15396.923828125
15600.6953125
15782.33203125
15940.541015625
16074.107421875
16181.90625
16262.900390625
16316.150390625
16340.818359375
16336.16796875
16301.5703125
16236.509765625
16140.580078125
16013.490234375
15855.06640625
15665.248046875
15444.095703125
15191.783203125
14908.595703125
14594.939453125
14251.3203125
13878.361328125
13476.783203125
13047.412109375
12591.1640625
12109.044921875
11602.1484375
11071.642578125
10518.7734375
9944.84765625
9351.228515625
8739.337890625
8110.63671875
7466.62109375
6808.818359375
6138.783203125
5458.080078125
4768.28515625
4070.96875
3367.703125
2660.046875
1949.54296875
1237.705078125
526.021484375
-184.046875
-891.08984375
-1593.73046875
-2290.638671875
-2980.533203125
-3662.189453125
-4334.427734375
-4996.134765625
-5646.251953125
-6283.7734375
-6907.755859375
-7517.326171875
-8111.66015625
-8690.0
-9251.646484375
-9795.96484375
-10322.376953125
-10830.361328125
-11319.4609375
-11789.2734375
-12239.451171875
-12669.708984375
-13079.810546875
-13469.57421875
-13838.87109375
-14187.626953125
-14515.8125
-14823.458984375
-15110.634765625
-15377.458984375
-15624.099609375
-15850.771484375
-16057.73046875
-16245.27734375
-16413.75390625
-16563.546875
-16695.07421875
-16808.80078125
-16905.228515625
-16984.8828125
-17048.3359375
-17096.185546875
-17129.056640625
-17147.609375
-17152.5234375
-17144.501953125
-17124.271484375
-17092.578125
-17050.185546875
-16997.865234375
-16936.404296875
-16866.603515625
-16789.26171875
-16705.193359375
-16615.20703125
-16520.119140625
-16420.740234375
-16317.8828125
-16212.353515625
-16104.955078125
-15996.484375
-15887.734375
-15779.48828125
-15672.52734375
-15567.62109375
-15465.541015625
-15367.04296875
-15272.888671875
-15183.83203125
-15100.626953125
-15024.0234375
-14954.77734375
-14893.642578125
-14841.384765625
-14798.763671875
-14766.556640625
-14745.544921875
-14736.517578125
-14740.2734375
-14757.625
-14789.392578125
-14836.40625
-14899.501953125
-14979.52734375
-15077.33203125
-15193.771484375
-15329.69921875
-15485.958984375
-15663.392578125
-15862.82421875
-16085.05859375
-16330.87890625
-16601.025390625
-16896.208984375
-17217.08984375
-17564.267578125
-17938.287109375
-18339.611328125
-18768.626953125
-19225.630859375
-19710.822265625
-20224.2890625
-20766.005859375
-21335.82421875
-21933.466796875
-22558.515625
-23210.40625
-23888.435546875
-24591.732421875
-25319.27734375
-26069.88671875
-26842.21875
-27634.763671875
-28445.857421875
-29273.66796875
-30116.216796875
-30971.365234375
-31836.833984375
-32710.203125
-33588.923828125
-34470.326171875
-35351.62890625
-36229.953125
-37102.337890625
-37965.74609375
-38817.0859375
-39653.22265625
-40470.998046875
-41267.236328125
-42038.783203125
-42782.498046875
-43495.283203125
-44174.099609375
-44815.98828125
-45418.078125
-45977.60546875
-46491.939453125
-46958.578125
-47375.181640625
-47739.5703125
-48049.75390625
-48303.927734375
-48500.490234375
-48638.05078125
-48715.44140625
-48731.716796875
-48686.16796875
-48578.314453125
-48407.921875
-48174.994140625
-47879.767578125
-47522.732421875
-47104.599609375
-46626.3203125
-46089.07421875
-45494.2578125
-44843.482421875
-44138.568359375
-43381.52734375
-42574.560546875
-41720.04296875
-40820.51171875
-39878.65625
-38897.302734375
-37879.404296875
-36828.01953125
-35746.30859375
-34637.5078125
-33504.927734375
-32351.92578125
-31181.8984375
-29998.263671875
-28804.451171875
-27603.875
-26399.939453125
-25196.005859375
-23995.390625
-22801.34375
-21617.044921875
-20445.578125
-19289.935546875
-18152.9921875
-17037.501953125
-15946.087890625
-14881.22265625
-13845.23828125
-12840.2890625
-11868.380859375
-10931.330078125
-10030.78125
-9168.18359375
-8344.80078125
-7561.69921875
-6819.75
-6119.626953125
-5461.794921875
-4846.529296875
-4273.8984375
-3743.78125
-3255.857421875
-2809.615234375
-2404.3671875
-2039.234375
-1713.173828125
-1424.978515625
-1173.27734375
-956.56640625
-773.1953125
-621.39453125
-499.283203125
-404.873046875
-336.099609375
-290.8203125
-266.833984375
-261.900390625
-273.744140625
-300.08203125
-338.626953125
-387.11328125
-443.306640625
-505.01953125
-570.123046875
-636.5703125
-702.392578125
-765.732421875
-824.845703125
-878.11328125
-924.044921875
-961.306640625
-988.712890625
-1005.236328125
-1010.017578125
-1002.37109375
-981.787109375
-947.92578125
-900.626953125
-839.908203125
-765.9609375
-679.142578125
-579.984375
-469.166015625
-347.5234375
-216.041015625
-75.828125
71.87890625
225.73828125
384.30078125
546.041015625
709.359375
872.599609375
1034.064453125
1192.03125
1344.763671875
1490.53125
1627.623046875
1754.36328125
1869.123046875
1970.330078125
2056.501953125
2126.236328125
2178.228515625
2211.291015625
2224.357421875
2216.48828125
2186.88671875
2134.900390625
2060.0234375
1961.90625
1840.357421875
1695.34765625
1526.99609375
1335.587890625
1121.564453125
885.515625
628.17578125
350.4296875
53.28515625
-262.115234375
-594.51953125
-942.55859375
-1304.78125
-1679.634765625
-2065.5
-2460.703125
-2863.51171875
-3272.16015625
-3684.8671875
-4099.8359375
-4515.26953125
-4929.400390625
-5340.474609375
-5746.794921875
-6146.70703125
-6538.626953125
-6921.044921875
-7292.53515625
-7651.76953125
-7997.521484375
-8328.673828125
-8644.23046875
-8943.314453125
-9225.17578125
-9489.203125
-9734.90625
-9961.939453125
-10170.087890625
-10359.2734375
-10529.544921875
-10681.09375
-10814.220703125
-10929.359375
-11027.05859375
-11107.96875
-11172.853515625
-11222.560546875
-11258.02734375
-11280.267578125
-11290.357421875
-11289.43359375
-11278.671875
-11259.287109375
-11232.517578125
-11199.60546875
-11161.802734375
-11120.33984375
-11076.4375
-11031.26953125
-10985.974609375
-10941.630859375
-10899.2578125
-10859.798828125
-10824.111328125
-10792.970703125
-10767.0390625
-10746.89453125
-10732.986328125
-10725.658203125
-10725.130859375
-10731.50390625
-10744.75390625
-10764.7265625
-10791.146484375
-10823.609375
-10861.587890625
-10904.4375
-10951.392578125
-11001.576171875
-11054.005859375
-11107.59765625
-11161.171875
-11213.470703125
-11263.15234375
-11308.80859375
-11348.982421875
-11382.162109375
-11406.802734375
-11421.3359375
-11424.1796875
-11413.751953125
-11388.482421875
-11346.826171875
-11287.26953125
-11208.349609375
-11108.66015625
-10986.869140625
-10841.720703125
-10672.056640625
-10476.818359375
-10255.05859375
-10005.94921875
-9728.791015625
-9423.0234375
-9088.220703125
-8724.111328125
-8330.572265625
-7907.634765625
-7455.486328125
-6974.4765625
-6465.111328125
-5928.056640625
-5364.1328125
-4774.31640625
-4159.728515625
-3521.640625
-2861.455078125
-2180.71875
-1481.08984375
-764.345703125
-32.3671875
712.86328125
1469.28515625
2234.76171875
3007.1015625
3784.0546875
4563.34375
5342.666015625
6119.708984375
6892.1640625
7657.7421875
8414.181640625
9159.2578125
9890.814453125
10606.755859375
11305.056640625
11983.796875
12641.140625
13275.376953125
13884.89453125
14468.224609375
15024.0234375
15551.078125
16048.330078125
16514.859375
16949.90234375
17352.83203125
17723.1875
18060.642578125
18365.03125
18636.322265625
18874.6328125
19080.20703125
19253.423828125
19394.78515625
19504.8984375
19584.490234375
19634.373046875
19655.44921875
19648.701171875
19615.173828125
19555.96484375
19472.224609375
19365.125
19235.8671875
19085.6640625
18915.71875
18727.23046875
18521.384765625
18299.322265625
18062.158203125
17810.955078125
17546.720703125
17270.408203125
16982.8984375
16685.009765625
16377.478515625
16060.974609375
15736.0859375
15403.32421875
15063.123046875
14715.845703125
14361.78515625
14001.158203125
13634.1328125
13260.8046875
12881.236328125
12495.4296875
12103.365234375
11704.9921875
11300.2421875
10889.037109375
10471.3046875
10046.98046875
9616.015625
9178.396484375
8734.1484375
8283.34375
7826.10546875
7362.626953125
6893.16796875
6418.06640625
5937.740234375
5452.6953125
4963.52734375
4470.919921875
3975.654296875
3478.603515625
2980.724609375
2483.072265625
1986.779296875
1493.0625
1003.20703125
518.568359375
40.556640625
-429.37109375
-889.716796875
-1338.962890625
-1775.57421875
-2198.013671875
-2604.759765625
-2994.318359375
-3365.228515625
-3716.09375
-4045.580078125
-4352.439453125
-4635.521484375
-4893.78515625
-5126.3125
-5332.318359375
-5511.17578125
-5662.40234375
-5785.69140625
-5880.91015625
-5948.10546875
-5987.517578125
-5999.578125
-5984.912109375
-5944.341796875
-5878.888671875
-5789.767578125
-5678.384765625
-5546.33203125
-5395.376953125
-5227.46484375
-5044.69921875
-4849.328125
-4643.744140625
-4430.45703125
-4212.087890625
-3991.345703125
-3771.017578125
-3553.943359375
-3342.994140625
-3141.068359375
-2951.0546875
-2775.8203125
-2618.19140625
-2480.921875
-2366.6953125
-2278.076171875
-2217.517578125
-2187.32421875
-2189.64453125
-2226.447265625
-2299.5078125
-2410.404296875
-2560.48046875
-2750.85546875
-2982.40625
-3255.7578125
-3571.275390625
-3929.056640625
-4328.943359375
-4770.49609375
-5253.01171875
-5775.5234375
-6336.794921875
-6935.337890625
-7569.40625
-8237.021484375
-8935.96875
-9663.810546875
-10417.9140625
-11195.453125
-11993.42578125
-12808.67578125
-13637.908203125
-14477.7109375
-15324.57421875
-16174.9140625
-17025.08203125
-17871.40625
-18710.19140625
-19537.763671875
-20350.466796875
-21144.705078125
-21916.958984375
-22663.794921875
-23381.892578125
-24068.072265625
-24719.294921875
-25332.69140625
-25905.58203125
-26435.474609375
-26920.09375
-27357.3828125
-27745.517578125
-28082.919921875
-28368.2578125
-28600.44921875
-28778.67578125
-28902.380859375
-28971.263671875
-28985.291015625
-28944.681640625
-28849.91796875
-28701.72265625
-28501.06640625
-28249.158203125
-27947.423828125
-27597.509765625
-27201.271484375
-26760.744140625
-26278.142578125
-25755.8515625
-25196.400390625
-24602.443359375
-23976.76171875
-23322.2265625
-22641.794921875
-21938.48828125
-21215.375
-20475.552734375
-19722.1328125
-18958.2265625
-18186.91796875
-17411.2578125
-16634.244140625
-15858.80859375
-15087.798828125
-14323.97265625
-13569.96875
-12828.314453125
-12101.400390625
-11391.48046875
-10700.65234375
-10030.861328125
-9383.875
-8761.302734375
-8164.5703125
-7594.919921875
-7053.416015625
-6540.94140625
-6058.1875
-5605.666015625
-5183.70703125
-4792.462890625
-4431.912109375
-4101.861328125
-3801.95703125
-3531.693359375
-3290.41015625
-3077.3125
-2891.48046875
-2731.869140625
-2597.330078125
-2486.6171875
-2398.404296875
-2331.291015625
-2283.822265625
-2254.4921875
-2241.7734375
-2244.111328125
-2259.953125
-2287.748046875
-2325.978515625
-2373.1484375
-2427.818359375
-2488.603515625
-2554.193359375
-2623.357421875
-2694.951171875
-2767.9375
-2841.384765625
-2914.474609375
-2986.515625
-3056.9375
-3125.30859375
-3191.3203125
-3254.806640625
-3315.732421875
-3374.19921875
-3430.439453125
-3484.80859375
-3537.7890625
-3589.982421875
-3642.091796875
-3694.92578125
-3749.37890625
-3806.43359375
-3867.13671875
-3932.5859375
-4003.931640625
-4082.345703125
-4169.017578125
-4265.134765625
-4371.876953125
-4490.38671875
-4621.767578125
-4767.05859375
-4927.228515625
-5103.15625
-5295.62890625
-5505.306640625
-5732.73828125
-5978.326171875
-6242.3359375
-6524.876953125
-6825.900390625
-7145.189453125
-7482.361328125
-7836.865234375
-8207.974609375
-8594.791015625
-8996.251953125
-9411.1328125
-9838.04296875
-10275.458984375
-10721.6953125
-11174.955078125
-11633.314453125
-12094.748046875
-12557.14453125
-13018.310546875
-13476.00390625
-13927.939453125
-14371.8125
-14805.310546875
-15226.14453125
-15632.0546875
-16020.837890625
-16390.357421875
-16738.576171875
-17063.556640625
-17363.48828125
-17636.703125
-17881.685546875
-18097.0859375
-18281.73828125
-18434.6640625
-18555.087890625
-18642.435546875
-18696.34765625
-18716.67578125
-18703.494140625
-18657.0859375
-18577.951171875
-18466.796875
-18324.537109375
-18152.27734375
-17951.310546875
-17723.103515625
-17469.279296875
-17191.6171875
-16892.021484375
-16572.51171875
-16235.205078125
-15882.30078125
-15516.048828125
-15138.75
-14752.712890625
-14360.263671875
-13963.68359375
-13565.23828125
-13167.119140625
-12771.447265625
-12380.25
-11995.439453125
-11618.8046875
-11251.98828125
-10896.484375
-10553.615234375
-10224.533203125
-9910.205078125
-9611.404296875
-9328.71484375
-9062.51953125
-8813.00390625
-8580.154296875
-8363.759765625
-8163.42578125
-7978.564453125
-7808.41796875
-7652.052734375
-7508.384765625
-7376.1796875
-7254.076171875
-7140.591796875
-7034.142578125
-6933.060546875
-6835.60546875
-6739.990234375
-6644.390625
-6546.962890625
-6445.873046875
-6339.30078125
-6225.466796875
-6102.64453125
-5969.173828125
-5823.490234375
-5664.12890625
-5489.732421875
-5299.08203125
-5091.09375
-4864.837890625
-4619.54296875
-4354.603515625
-4069.58984375
-3764.248046875
-3438.513671875
-3092.498046875
-2726.49609375
-2340.982421875
-1936.619140625
-1514.236328125
-1074.828125
-619.556640625
-149.73046875
333.1953125
827.642578125
1331.904296875
1844.17578125
2362.55859375
2885.07421875
3409.6875
3934.314453125
4456.837890625
4975.134765625
5487.072265625
5990.546875
6483.482421875
6963.853515625
7429.69921875
7879.140625
8310.38671875
8721.75390625
9111.6796875
9478.7265625
9821.595703125
10139.134765625
10430.3515625
10694.404296875
10930.630859375
11138.525390625
11317.759765625
11468.177734375
11589.7890625
11682.779296875
11747.48828125
11784.4296875
11794.2578125
11777.783203125
11735.947265625
11669.82421875
11580.6015625
11469.576171875
11338.13671875
11187.751953125
11019.955078125
10836.33984375
10638.529296875
10428.171875
10206.93359375
9976.462890625
9738.396484375
9494.33203125
9245.82421875
8994.3671875
8741.376953125
8488.189453125
8236.04296875
7986.07421875
7739.296875
7496.611328125
7258.78515625
7026.451171875
6800.10546875
6580.103515625
6366.65234375
6159.8203125
5959.525390625
5765.5546875
5577.54296875
5395.001953125
5217.3046875
5043.705078125
4873.341796875
4705.23828125
4538.32421875
4371.435546875
4203.326171875
4032.67578125
3858.107421875
3678.197265625
3491.470703125
3296.4375
3091.583984375
2875.38671875
2646.333984375
2402.927734375
2143.689453125
1867.171875
1571.984375
1256.7734375
920.25
561.1953125
178.45703125
-229.03515625
-662.265625
-1122.134765625
-1609.447265625
-2124.91015625
-2669.134765625
-3242.630859375
-3845.806640625
-4478.962890625
-5142.3046875
-5835.92578125
-6559.8203125
-7313.87890625
-8097.890625
-8911.5390625
-9754.41796875
-10626.009765625
-11525.7109375
-12452.822265625
-13406.544921875
-14385.994140625
-15390.189453125
-16418.07421875
-17468.494140625
-18540.2109375
-19631.91015625
-20742.1875
-21869.568359375
-23012.484375
-24169.30859375
-25338.32421875
-26517.75
-27705.728515625
-28900.33203125
-30099.57421875
-31301.390625
-32503.666015625
-33704.22265625
-34900.826171875
-36091.189453125
-37272.98046875
-38443.826171875
-39601.310546875
-40742.9921875
-41866.396484375
-42969.033203125
-44048.396484375
-45101.9765625
-46127.263671875
-47121.759765625
-48082.984375
-49008.48046875
-49895.830078125
-50742.66015625
-51546.6484375
-52305.5390625
-53017.14453125
-53679.361328125
-54290.17578125
-54847.671875
-55350.0390625
-55795.58984375
-56182.751953125
-56510.087890625
-56776.29296875
-56980.208984375
-57120.826171875
-57197.283203125
-57208.876953125
-57155.06640625
-57035.46484375
-56849.85546875
-56598.177734375
-56280.544921875
-55897.212890625
-55448.615234375
-54935.328125
-54358.087890625
-53717.775390625
-53015.412109375
-52252.158203125
-51429.306640625
-50548.267578125
-49610.57421875
-48617.859375
-47571.861328125
-46474.408203125
-45327.41015625
-44132.85546875
-42892.791015625
-41609.32421875
-40284.611328125
-38920.845703125
-37520.25390625
-36085.08984375
-34617.615234375
-33120.109375
-31594.8515625
-30044.109375
-28470.154296875
-26875.232421875
-25261.572265625
-23631.380859375
-21986.8359375
-20330.08203125
-18663.232421875
-16988.359375
-15307.501953125
-13622.66015625
-11935.78515625
-10248.791015625
-8563.5546875
-6881.900390625
-5205.619140625
-3536.45703125
-1876.115234375
-226.26171875
1411.478515625
3035.51953125
4644.314453125
6236.353515625
7810.154296875
9364.28515625
10897.33203125
12407.923828125
13894.716796875
15356.40625
16791.708984375
18199.376953125
19578.19140625
20926.962890625
22244.53125
23529.767578125
24781.56640625
25998.859375
27180.60546875
28325.78515625
29433.41796875
30502.548828125
31532.25390625
32521.642578125
33469.849609375
34376.046875
35239.4375
36059.2578125
36834.77734375
37565.302734375
38250.169921875
38888.759765625
39480.486328125
40024.8046875
40521.212890625
40969.24609375
41368.484375
41718.55859375
42019.140625
42269.95703125
42470.787109375
42621.4609375
42721.87109375
42771.96484375
42771.759765625
42721.333984375
42620.837890625
42470.49609375
42270.609375
42021.55859375
41723.8046875
41377.90234375
40984.484375
40544.29296875
40058.15625
39527.0
38951.85546875
38333.857421875
37674.248046875
36974.369140625
36235.67578125
35459.7265625
34648.1953125
33802.8515625
32925.576171875
32018.3515625
31083.2578125
30122.47265625
29138.2578125
28132.97265625
27109.044921875
26068.978515625
25015.345703125
23950.765625
22877.91796875
21799.505859375
20718.271484375
19636.96484375
18558.34765625
17485.16796875
16420.162109375
15366.02734375
14325.427734375
13300.962890625
12295.16796875
11310.49609375
10349.30859375
9413.861328125
8506.294921875
7628.623046875
6782.72265625
5970.32421875
5193.001953125
4452.171875
3749.072265625
3084.771484375
2460.154296875
1875.919921875
1332.58203125
830.462890625
369.689453125
-49.787109375
-428.220703125
-766.041015625
-1063.859375
-1322.470703125
-1542.830078125
-1726.072265625
-1873.47265625
-1986.46875
-2066.625
-2115.6484375
-2135.3515625
-2127.666015625
-2094.611328125
-2038.296875
-1960.904296875
-1864.673828125
-1751.892578125
-1624.890625
-1486.01171875
-1337.62109375
-1182.07421875
-1021.724609375
-858.892578125
-695.869140625
-534.904296875
-378.1875
-227.83984375
-85.919921875
45.60546875
164.853515625
270.046875
359.50390625
431.6640625
485.076171875
518.4140625
530.478515625
520.20703125
486.66796875
429.0703125
346.759765625
239.236328125
106.1328125
-52.755859375
-237.498046875
-448.005859375
-684.04296875
-945.220703125
-1231.009765625
-1540.724609375
-1873.53515625
-2228.46484375
-2604.39453125
-3000.0625
-3414.076171875
-3844.8984375
-4290.87109375
-4750.201171875
-5220.984375
-5701.193359375
-6188.693359375
-6681.24609375
-7176.521484375
-7672.08984375
-8165.45703125
-8654.046875
-9135.220703125
-9606.291015625
-10064.52734375
-10507.16796875
-10931.431640625
-11334.525390625
-11713.666015625
-12066.080078125
-12389.02734375
-12679.80859375
-12935.77734375
-13154.35546875
-13333.046875
-13469.451171875
-13561.26953125
-13606.328125
-13602.58203125
-13548.1328125
-13441.234375
-13280.306640625
-13063.953125
-12790.953125
-12460.29296875
-12071.15234375
-11622.921875
-11115.21875
-10547.865234375
-9920.927734375
-9234.68359375
-8489.650390625
-7686.58203125
-6826.447265625
-5910.45703125
-4940.046875
-3916.87109375
-2842.8046875
-1719.935546875
-550.55859375
662.837890625
1917.57421875
3210.79296875
4539.46484375
5900.40625
7290.283203125
8705.634765625
10142.87109375
11598.3046875
13068.142578125
14548.5234375
16035.515625
17525.134765625
19013.359375
20496.154296875
21969.466796875
23429.255859375
24871.5
26292.21484375
27687.462890625
29053.37109375
30386.138671875
31682.0546875
32937.51171875
34149.01171875
35313.181640625
36426.7890625
37486.740234375
38490.10546875
39434.11328125
40316.177734375
41133.888671875
41885.03125
42567.595703125
43179.767578125
43719.958984375
44186.796875
44579.12890625
44896.037109375
45136.837890625
45301.078125
45388.556640625
45399.296875
45333.58203125
45191.92578125
44975.095703125
44684.09375
44320.1640625
43884.79296875
43379.6953125
42806.81640625
42168.32421875
41466.607421875
40704.267578125
39884.09765625
39009.09375
38082.43359375
37107.462890625
36087.69140625
35026.771484375
33928.498046875
32796.77734375
31635.626953125
30449.1484375
29241.5234375
28016.984375
26779.80859375
25534.291015625
24284.734375
23035.427734375
21790.630859375
20554.5546875
19331.34375
18125.05859375
16939.666015625
15779.01171875
14646.80859375
13546.62890625
12481.880859375
11455.8046875
10471.4453125
9531.662109375
8639.1015625
7796.197265625
7005.162109375
6267.974609375
5586.392578125
4961.923828125
4395.845703125
3889.19921875
3442.78125
3057.15234375
2732.646484375
2469.365234375
2267.185546875
2125.775390625
2044.58984375
2022.884765625
2059.728515625
2154.009765625
2304.443359375
2509.595703125
2767.880859375
3077.580078125
3436.85546875
3843.759765625
4296.248046875
4792.19140625
5329.38671875
5905.5703125
6518.427734375
7165.609375
7844.732421875
8553.39453125
9289.185546875
10049.689453125
10832.5
11635.21875
12455.474609375
13290.908203125
14139.19921875
14998.060546875
15865.236328125
16738.515625
17615.7265625
18494.748046875
19373.5
20249.951171875
21122.123046875
21988.080078125
22845.9453125
23693.87890625
24530.10546875
25352.89453125
26160.568359375
26951.498046875
27724.1171875
28476.900390625
29208.384765625
29917.166015625
30601.892578125
31261.271484375
31894.076171875
32499.142578125
33075.373046875
33621.736328125
34137.27734375
34621.1171875
35072.447265625
35490.552734375
35874.791015625
36224.6171875
36539.572265625
36819.29296875
37063.509765625
37272.052734375
37444.853515625
37581.9453125
37683.45703125
37749.634765625
37780.8125
37777.439453125
37740.056640625
37669.30859375
37565.935546875
37430.771484375
37264.740234375
37068.849609375
36844.18359375
36591.91015625
36313.24609375
36009.490234375
35681.974609375
35332.087890625
34961.251953125
34570.9140625
34162.537109375
33737.59765625
33297.57421875
32843.9296875
32378.111328125
31901.537109375
31415.587890625
30921.59765625
30420.849609375
29914.55859375
29403.873046875
28889.861328125
28373.51171875
27855.72265625
27337.29296875
26818.92578125
26301.220703125
25784.673828125
25269.669921875
24756.482421875
24245.28125
23736.125
23228.958984375
22723.625
22219.861328125
21717.306640625
21215.5
20713.890625
20211.8359375
19708.619140625
19203.4453125
18695.451171875
18183.71484375
17667.26171875
17145.068359375
16616.078125
16079.203125
15533.33984375
14977.3671875
14410.16796875
13830.623046875
13237.63671875
12630.130859375
12007.056640625
11367.41015625
10710.2265625
10034.60546875
9339.705078125
8624.748046875
7889.037109375
7131.95703125
6352.98046875
5551.66796875
4727.6875
3880.802734375
3010.8828125
2117.9140625
1201.990234375
263.318359375
-697.7734375
-1680.837890625
-2685.3125
-3710.515625
-4755.640625
-5819.771484375
-6901.87109375
-8000.787109375
-9115.26171875
-10243.921875
-11385.29296875
-12537.802734375
-13699.783203125
-14869.47265625
-16045.037109375
-17224.546875
-18406.021484375
-19587.40625
-20766.59375
-21941.4296875
-23109.720703125
-24269.24609375
-25417.759765625
-26553.0078125
-27672.736328125
-28774.6875
-29856.6328125
-30916.361328125
-31951.701171875
-32960.525390625
-33940.755859375
-34890.384765625
-35807.46875
-36690.150390625
-37536.650390625
-38345.2890625
-39114.494140625
-39842.79296875
-40528.82421875
-41171.35546875
-41769.263671875
-42321.560546875
-42827.388671875
-43286.015625
-43696.84375
-44059.412109375
-44373.388671875
-44638.576171875
-44854.908203125
-45022.4453125
-45141.376953125
-45212.009765625
-45234.771484375
-45210.201171875
-45138.9453125
-45021.751953125
-44859.46484375
-44653.01953125
-44403.431640625
-44111.787109375
-43779.25
-43407.037109375
-42996.421875
-42548.728515625
-42065.314453125
-41547.576171875
-40996.935546875
-40414.830078125
-39802.72265625
-39162.08203125
-38494.376953125
-37801.080078125
-37083.666015625
-36343.595703125
-35582.330078125
-34801.306640625
-34001.962890625
-33185.71484375
-32353.96875
-31508.109375
-30649.51953125
-29779.560546875
-28899.58203125
-28010.927734375
-27114.927734375
-26212.912109375
-25306.19921875
-24396.115234375
-23483.974609375
-22571.10546875
-21658.83203125
-20748.48828125
-19841.41796875
-18938.970703125
-18042.513671875
-17153.412109375
-16273.056640625
-15402.837890625
-14544.166015625
-13698.44921875
-12867.109375
-12051.56640625
-11253.244140625
-10473.56640625
-9713.94140625
-8975.765625
-8260.423828125
-7569.271484375
-6903.630859375
-6264.7890625
-5653.990234375
-5072.423828125
-4521.21484375
-4001.427734375
-3514.048828125
-3059.978515625
-2640.03125
-2254.9140625
-1905.236328125
-1591.490234375
-1314.052734375
-1073.171875
-868.96875
-701.427734375
-570.39453125
-475.576171875
-416.53125
-392.681640625
-403.296875
-447.50390625
-524.2890625
-632.5
-770.841796875
-937.89453125
-1132.109375
-1351.818359375
-1595.2421875
-1860.5
-2145.6171875
-2448.525390625
-2767.09765625
-3099.13671875
-3442.392578125
-3794.583984375
-4153.396484375
-4516.51171875
-4881.6015625
-5246.36328125
-5608.509765625
-5965.796875
-6316.037109375
-6657.1015625
-6986.9375
-7303.5859375
-7605.177734375
-7889.958984375
-8156.2890625
-8402.66015625
-8627.6875
-8830.138671875
-9008.921875
-9163.091796875
-9291.8671875
-9394.61328125
-9470.8671875
-9520.310546875
-9542.79296875
-9538.314453125
-9507.03515625
-9449.255859375
-9365.43359375
-9256.154296875
-9122.14453125
-8964.25390625
-8783.44921875
-8580.8046875
-8357.498046875
-8114.794921875
-7854.041015625
-7576.650390625
-7284.09765625
-6977.904296875
-6659.62890625
-6330.853515625
-5993.1796875
-5648.20703125
-5297.533203125
-4942.740234375
-4585.37890625
-4226.970703125
-3868.986328125
-3512.845703125
-3159.9140625
-2811.484375
-2468.779296875
-2132.939453125
-1805.01953125
-1485.99609375
-1176.75
-878.06640625
-590.642578125
-315.076171875
-51.869140625
198.56640625
435.9140625
659.9453125
870.52734375
1067.59765625
1251.1875
1421.392578125
1578.37890625
1722.388671875
1853.708984375
1972.685546875
2079.70703125
2175.19921875
2259.625
2333.466796875
2397.224609375
2451.412109375
2496.541015625
2533.125
2561.666015625
2582.646484375
2596.533203125
2603.75390625
2604.71484375
2599.77734375
2589.259765625
2573.439453125
2552.537109375
2526.728515625
2496.125
2460.7890625
2420.724609375
2375.875
2326.130859375
2271.318359375
2211.21484375
2145.541015625
2073.96875
1996.115234375
1911.564453125
1819.845703125
1720.45703125
1612.869140625
1496.515625
1370.8203125
1235.17578125
1088.974609375
931.59765625
762.4296875
580.859375
386.283203125
178.123046875
-44.18359375
-281.16796875
-533.33203125
-801.138671875
-1085.005859375
-1385.310546875
-1702.37890625
-2036.484375
-2387.845703125
-2756.623046875
-3142.919921875
-3546.77734375
-3968.181640625
-4407.046875
-4863.23828125
-5336.548828125
-5826.724609375
-6333.447265625
-6856.345703125
-7394.994140625
-7948.921875
-8517.6015625
-9100.474609375
-9696.931640625
-10306.33203125
-10928.001953125
-11561.23828125
-12205.310546875
-12859.470703125
-13522.951171875
-14194.970703125
-14874.734375
-15561.44140625
-16254.291015625
-16952.478515625
-17655.189453125
-18361.623046875
-19070.978515625
-19782.45703125
-20495.275390625
-21208.638671875
-21921.77734375
-22633.91796875
-23344.291015625
-24052.134765625
-24756.69140625
-25457.203125
-26152.9140625
-26843.064453125
-27526.892578125
-28203.626953125
-28872.490234375
-29532.69921875
-30183.453125
-30823.935546875
-31453.3203125
-32070.759765625
-32675.388671875
-33266.32421875
-33842.66015625
-34403.470703125
-34947.80859375
-35474.716796875
-35983.20703125
-36472.283203125
-36940.931640625
-37388.1328125
-37812.85546875
-38214.05859375
-38590.7109375
-38941.78125
-39266.248046875
-39563.109375
-39831.375
-40070.091796875
-40278.337890625
-40455.228515625
-40599.927734375
-40711.654296875
-40789.6875
-40833.369140625
-40842.119140625
-40815.4375
-40752.908203125
-40654.205078125
-40519.1015625
-40347.46875
-40139.287109375
-39894.64453125
-39613.7421875
-39296.890625
-38944.51953125
-38557.177734375
-38135.52734375
-37680.345703125
-37192.53125
-36673.083984375
-36123.123046875
-35543.8671875
-34936.638671875
-34302.8515625
-33644.013671875
-32961.71484375
-32257.6171875
-31533.45703125
-30791.0234375
-30032.16015625
-29258.751953125
-28472.71875
-27675.998046875
-26870.546875
-26058.3203125
-25241.271484375
-24421.333984375
-23600.41796875
-22780.392578125
-21963.091796875
-21150.287109375
-20343.693359375
-19544.953125
-18755.630859375
-17977.203125
-17211.064453125
-16458.498046875
-15720.69921875
-14998.7421875
-14293.603515625
-13606.130859375
-12937.0703125
-12287.0390625
-11656.54296875
-11045.96484375
-10455.5703125
-9885.5078125
-9335.81640625
-8806.419921875
-8297.134765625
-7807.67578125
-7337.66015625
-6886.61328125
-6453.97265625
-6039.1015625
-5641.28515625
-5259.751953125
-4893.669921875
-4542.162109375
-4204.314453125
-3879.181640625
-3565.798828125
-3263.1953125
-2970.39453125
-2686.431640625
-2410.357421875
-2141.25390625
-1878.234375
-1620.46484375
-1367.15625
-1117.58984375
-871.103515625
-627.130859375
-385.171875
-144.818359375
94.234375
332.201171875
569.193359375
805.216796875
1040.169921875
1273.83984375
1505.91015625
1735.953125
1963.43359375
2187.71875
2408.068359375
2623.64453125
2833.52734375
3036.701171875
3232.078125
3418.498046875
3594.732421875
3759.509765625
3911.50390625
4049.357421875
4171.689453125
4277.103515625
4364.19921875
4431.58984375
4477.8984375
4501.787109375
4501.953125
4477.1484375
4426.185546875
4347.9453125
4241.396484375
4105.591796875
3939.681640625
3742.923828125
3514.6875
3254.45703125
2961.83203125
2636.546875
2278.455078125
1887.544921875
1463.921875
1007.8359375
519.646484375
-0.15234375
-550.953125
-1132.029296875
-1742.546875
-2381.568359375
-3048.0625
-3740.90625
-4458.90234375
-5200.771484375
-5965.18359375
-6750.751953125
-7556.044921875
-8379.595703125
-9219.919921875
-10075.509765625
-10944.85546875
-11826.447265625
-12718.787109375
-13620.39453125
-14529.80859375
-15445.6015625
-16366.384765625
-17290.80078125
-18217.541015625
-19145.33984375
-20072.9765625
-20999.275390625
-21923.119140625
-22843.423828125
-23759.154296875
-24669.314453125
-25572.9453125
-26469.12109375
-27356.94140625
-28235.529296875
-29104.0234375
-29961.57421875
-30807.328125
-31640.44140625
-32460.04296875
-33265.26171875
-34055.193359375
-34828.91015625
-35585.453125
-36323.818359375
-37042.966796875
-37741.810546875
-38419.2109375
-39073.982421875
-39704.892578125
-40310.65234375
-40889.9296875
-41441.34765625
-41963.48046875
-42454.87109375
-42914.029296875
-43339.435546875
-43729.560546875
-44082.859375
-44397.791015625
-44672.826171875
-44906.455078125
-45097.205078125
-45243.642578125
-45344.396484375
-45398.16015625
-45403.720703125
-45359.947265625
-45265.82421875
-45120.453125
-44923.0703125
-44673.048828125
-44369.923828125
-44013.38671875
-43603.3046875
-43139.7265625
-42622.88671875
-42053.21484375
-41431.33984375
-40758.091796875
-40034.505859375
-39261.82421875
-38441.490234375
-37575.158203125
-36664.681640625
-35712.1015625
-34719.6640625
-33689.7890625
-32625.07421875
-31528.291015625
-30402.359375
-29250.349609375
-28075.458984375
-26881.009765625
-25670.4296875
-24447.23046875
-23215.01171875
-21977.419921875
-20738.150390625
-19500.931640625
-18269.490234375
-17047.556640625
-15838.833984375
-14646.982421875
-13475.6171875
-12328.26171875
-11208.369140625
-10119.28125
-9064.216796875
-8046.26953125
-7068.380859375
-6133.33203125
-5243.736328125
-4402.021484375
-3610.419921875
-2870.955078125
-2185.455078125
-1555.5078125
-982.484375
-467.5234375
-11.5234375
384.859375
721.2109375
997.361328125
1213.390625
1369.62109375
1466.626953125
1505.21484375
1486.435546875
1411.572265625
1282.13671875
1099.86328125
866.705078125
584.814453125
256.544921875
-115.5625
-528.79296875
-980.259765625
-1466.927734375
-1985.626953125
-2533.0546875
-3105.796875
-3700.345703125
-4313.11328125
-4940.439453125
-5578.623046875
-6223.92578125
-6872.5859375
-7520.853515625
-8164.990234375
-8801.291015625
-9426.10546875
-10035.84765625
-10627.013671875
-11196.205078125
-11740.13671875
-12255.654296875
-12739.751953125
-13189.580078125
-13602.462890625
-13975.9140625
-14307.640625
-14595.560546875
-14837.810546875
-15032.751953125
-15178.984375
-15275.34375
-15320.916015625
-15315.03515625
-15257.29296875
-15147.529296875
-14985.845703125
-14772.591796875
-14508.375
-14194.046875
-13830.701171875
-13419.671875
-12962.515625
-12461.021484375
-11917.177734375
-11333.177734375
-10711.404296875
-10054.412109375
-9364.921875
-8645.79296875
-7900.025390625
-7130.728515625
-6341.109375
-5534.466796875
-4714.14453125
-3883.552734375
-3046.1171875
-2205.275390625
-1364.4609375
-527.07421875
303.5234375
1124.033203125
1931.23828125
2722.015625
3493.35546875
4242.375
4966.3359375
5662.658203125
6328.923828125
6962.90625
7562.56640625
8126.072265625
8651.80078125
9138.353515625
9584.5546875
9989.458984375
10352.365234375
10672.802734375
10950.537109375
11185.587890625
11378.201171875
11528.861328125
11638.28125
11707.40234375
11737.3828125
11729.58984375
11685.595703125
11607.15625
11496.212890625
11354.865234375
11185.37109375
10990.1171875
10771.619140625
10532.48828125
10275.431640625
10003.220703125
9718.67578125
9424.654296875
9124.02734375
8819.65234375
8514.373046875
8210.982421875
7912.212890625
7620.716796875
7339.046875
7069.63671875
6814.796875
6576.67578125
6357.271484375
6158.3984375
5981.681640625
5828.546875
5700.2109375
5597.6640625
5521.677734375
5472.79296875
5451.306640625
5457.2890625
5490.5625
5550.71875
5637.119140625
5748.892578125
5884.947265625
6043.978515625
6224.48046875
6424.75390625
6642.919921875
6876.9375
7124.62109375
7383.650390625
7651.58984375
7925.919921875
8204.0390625
8483.30078125
8761.01953125
9034.5078125
9301.08984375
9558.123046875
9803.021484375
10033.28125
10246.498046875
10440.3828125
10612.79296875
10761.7421875
10885.42578125
10982.2265625
11050.7421875
11089.78515625
11098.41015625
11075.9140625
11021.845703125
10936.015625
10818.5
10669.634765625
10490.02734375
10280.552734375
10042.345703125
9776.79296875
9485.533203125
9170.443359375
8833.62109375
8477.3828125
8104.232421875
7716.86328125
7318.12109375
6911.0
6498.6015625
6084.13671875
5670.880859375
5262.15625
4861.32421875
4471.72265625
4096.681640625
3739.466796875
3403.275390625
3091.1953125
2806.19140625
2551.076171875
2328.490234375
2140.8828125
1990.48046875
1879.28515625
1809.0390625
1781.220703125
1797.025390625
1857.36328125
1962.83203125
2113.724609375
2310.013671875
2551.353515625
2837.078125
3166.201171875
3537.4140625
3949.1015625
4399.345703125
4885.927734375
5406.34765625
5957.84375
6537.38671875
7141.7265625
7767.384765625
8410.689453125
9067.791015625
9734.693359375
10407.26953125
11081.28515625
11752.435546875
12416.359375
13068.669921875
13704.982421875
14320.943359375
14912.244140625
15474.6640625
16004.0859375
16496.517578125
16948.12109375
17355.234375
17714.39453125
18022.353515625
18276.091796875
18472.853515625
18610.140625
18685.740234375
18697.73046875
18644.4921875
18524.71875
18337.4140625
18081.91015625
17757.857421875
17365.2265625
16904.3203125
16375.75
15780.44140625
15119.62890625
14394.84765625
13607.916015625
12760.92578125
11856.240234375
10896.466796875
9884.44921875
8823.25
7716.130859375
6566.53515625
5378.078125
4154.51953125
2899.7421875
1617.740234375
312.59765625
-1011.53515625
-2350.45703125
-3699.935546875
-5055.728515625
-6413.595703125
-7769.326171875
-9118.75
-10457.75390625
-11782.30078125
-13088.439453125
-14372.328125
-15630.234375
-16858.56640625
-18053.87109375
-19212.83984375
-20332.333984375
-21409.388671875
-22441.21484375
-23425.2109375
-24358.96484375
-25240.2734375
-26067.125
-26837.72265625
-27550.4765625
-28204.0078125
-28797.15234375
-29328.955078125
-29798.68359375
-30205.806640625
-30550.013671875
-30831.19921875
-31049.4609375
-31205.10546875
-31298.63671875
-31330.748046875
-31302.328125
-31214.4453125
-31068.349609375
-30865.4609375
-30607.359375
-30295.787109375
-29932.630859375
-29519.921875
-29059.818359375
-28554.6015625
-28006.666015625
-27418.509765625
-26792.716796875
-26131.958984375
-25438.974609375
-24716.556640625
-23967.5546875
-23194.84375
-22401.326171875
-21589.916015625
-20763.521484375
-19925.041015625
-19077.345703125
-18223.26953125
-17365.599609375
-16507.052734375
-15650.28515625
-14797.857421875
-13952.24609375
-13115.814453125
-12290.814453125
-11479.380859375
-10683.509765625
-9905.0625
-9145.75390625
-8407.1484375
-7690.654296875
-6997.5234375
-6328.83984375
-5685.52734375
-5068.341796875
-4477.875
-3914.556640625
-3378.654296875
-2870.27734375
-2389.3828125
-1935.77734375
-1509.12890625
-1108.966796875
-734.701171875
-385.61328125
-60.890625
240.38671875
519.2265625
776.703125
1013.96484375
1232.20703125
1432.666015625
1616.611328125
1785.3203125
1940.080078125
2082.17578125
2212.861328125
2333.37109375
2444.900390625
2548.5859375
2645.521484375
2736.720703125
2823.126953125
2905.607421875
2984.939453125
3061.8046875
3136.80078125
3210.419921875
3283.052734375
3354.998046875
3426.44921875
3497.5
3568.146484375
3638.296875
3707.767578125
3776.28125
3843.4921875
3908.974609375
3972.234375
4032.724609375
4089.833984375
4142.916015625
4191.287109375
4234.234375
4271.025390625
4300.919921875
4323.171875
4337.044921875
4341.822265625
4336.798828125
4321.31640625
4294.74609375
4256.50390625
4206.064453125
4142.95703125
4066.77734375
3977.1875
3873.9296875
3756.814453125
3625.7421875
3480.69140625
3321.72265625
3148.99609375
2962.74609375
2763.30078125
2551.07421875
2326.568359375
2090.36328125
1843.1328125
1585.625
1318.662109375
1043.146484375
760.044921875
470.3984375
175.30078125
-124.08984375
-426.5703125
-730.88671875
-1035.744140625
-1339.8125
-1641.736328125
-1940.130859375
-2233.603515625
-2520.744140625
-2800.142578125
-3070.392578125
-3330.09765625
-3577.87890625
-3812.380859375
-4032.28515625
-4236.306640625
-4423.208984375
-4591.8125
-4740.9921875
-4869.701171875
-4976.95703125
-5061.87109375
-5123.634765625
-5161.54296875
-5174.9921875
-5163.486328125
-5126.64453125
-5064.212890625
-4976.0546875
-4862.17578125
-4722.705078125
-4557.921875
-4368.240234375
-4154.220703125
-3916.572265625
-3656.142578125
-3373.935546875
-3071.095703125
-2748.90625
-2408.796875
-2052.326171875
-1681.193359375
-1297.20703125
-902.302734375
-498.521484375
-88.0
327.033203125
744.287109375
1161.390625
1575.9375
1985.482421875
2387.55859375
2779.703125
3159.46484375
3524.423828125
3872.208984375
4200.521484375
4507.138671875
4789.947265625
5046.95703125
5276.306640625
5476.302734375
5645.408203125
5782.283203125
5885.78515625
5954.982421875
5989.171875
5987.88671875
5950.90234375
5878.244140625
5770.203125
5627.314453125
5450.38671875
5240.48828125
4998.9375
4727.310546875
4427.42578125
4101.3359375
3751.318359375
3379.859375
2989.640625
2583.517578125
2164.501953125
1735.740234375
1300.4921875
862.10546875
423.98828125
-10.41796875
-437.65234375
-854.287109375
-1256.931640625
-1642.28125
-2007.123046875
-2348.38671875
-2663.15625
-2948.69921875
-3202.5
-3422.267578125
-3605.974609375
-3751.87109375
-3858.494140625
-3924.69921875
-3949.666015625
-3932.90234375
-3874.2734375
-3773.982421875
-3632.58984375
-3451.015625
-3230.5234375
-2972.72265625
-2679.5546875
-2353.294921875
-1996.51953125
-1612.103515625
-1203.189453125
-773.173828125
-325.6796875
135.474609375
606.287109375
1082.625
1560.244140625
2034.8125
2501.96484375
2957.31640625
3396.50390625
3815.23046875
4209.27734375
4574.556640625
4907.1328125
5203.255859375
5459.400390625
5672.2734375
5838.86328125
5956.4453125
6022.619140625
6035.314453125
5992.818359375
5893.78515625
5737.244140625
5522.615234375
5249.708984375
4918.73046875
4530.28125
4085.34765625
3585.306640625
3031.904296875
2427.25390625
1773.810546875
1074.365234375
332.01953125
-449.837890625
-1267.556640625
-2117.234375
-2994.767578125
-3895.857421875
-4816.056640625
-5750.779296875
-6695.35546875
-7645.041015625
-8595.060546875
-9540.6328125
-10476.99609375
-11399.447265625
-12303.3671875
-13184.24609375
-14037.703125
-14859.525390625
-15645.677734375
-16392.33203125
-17095.880859375
-17752.958984375
-18360.45703125
-18915.53515625
-19415.626953125
-19858.466796875
-20242.07421875
-20564.775390625
-20825.193359375
-21022.2578125
-21155.19921875
-21223.544921875
-21227.119140625
-21166.0234375
-21040.640625
-20851.62890625
-20599.890625
-20286.58203125
-19913.080078125
-19480.98828125
-18992.103515625
-18448.41796875
-17852.087890625
-17205.427734375
-16510.890625
-15771.048828125
-14988.58984375
-14166.287109375
-13306.986328125
-12413.599609375
-11489.08984375
-10536.447265625
-9558.68359375
-8558.822265625
-7539.880859375
-6504.865234375
-5456.755859375
-4398.5
-3333.0078125
-2263.138671875
-1191.6953125
-121.42578125
944.99609375
2004.9609375
3055.935546875
4095.466796875
5121.181640625
6130.7890625
7122.0859375
8092.953125
9041.3671875
9965.388671875
10863.177734375
11732.974609375
12573.130859375
13382.078125
14158.3515625
14900.580078125
15607.49609375
16277.927734375
16910.8046875
17505.1640625
18060.13671875
18574.970703125
19049.009765625
19481.720703125
19872.66796875
20221.5390625
20528.123046875
20792.33984375
21014.212890625
21193.890625
21331.638671875
21427.84375
21483.009765625
21497.76171875
21472.841796875
21409.115234375
21307.560546875
21169.2734375
20995.455078125
20787.4296875
20546.615234375
20274.533203125
19972.8046875
19643.142578125
19287.337890625
18907.267578125
18504.875
18082.166015625
17641.205078125
17184.1015625
16712.998046875
16230.0703125
15737.505859375
15237.505859375
14732.263671875
14223.958984375
13714.755859375
13206.7734375
12702.095703125
12202.748046875
11710.69140625
11227.814453125
10755.921875
10296.728515625
9851.845703125
9422.779296875
9010.921875
8617.541015625
8243.78125
7890.65625
7559.0390625
7249.666015625
6963.134765625
6699.892578125
6460.251953125
6244.373046875
6052.279296875
5883.845703125
5738.814453125
5616.7890625
5517.240234375
5439.517578125
5382.841796875
5346.322265625
5328.95703125
5329.646484375
5347.19140625
5380.3125
5427.64453125
5487.759765625
5559.16796875
5640.328125
5729.65234375
5825.52734375
5926.310546875
6030.34375
6135.966796875
6241.51953125
6345.349609375
6445.833984375
6541.361328125
6630.375
6711.33984375
6782.78515625
6843.28515625
6891.482421875
6926.078125
6945.84765625
6949.642578125
6936.39453125
6905.109375
6854.88671875
6784.908203125
6694.44140625
6582.849609375
6449.583984375
6294.1875
6116.28515625
5915.6015625
5691.94921875
5445.216796875
5175.390625
4882.53515625
4566.79296875
4228.390625
3867.623046875
3484.86328125
3080.55078125
2655.19140625
2209.3515625
1743.662109375
1258.8046875
755.51171875
234.5703125
-303.19140625
-856.8984375
-1425.642578125
-2008.474609375
-2604.412109375
-3212.443359375
-3831.5234375
-4460.583984375
-5098.53125
-5744.248046875
-6396.59765625
-7054.416015625
-7716.52734375
-8381.732421875
-9048.814453125
-9716.5390625
-10383.66015625
-11048.900390625
-11710.98046875
-12368.591796875
-13020.416015625
-13665.11328125
-14301.322265625
-14927.671875
-15542.76953125
-16145.201171875
-16733.5390625
-17306.337890625
-17862.130859375
-18399.4453125
-18916.791015625
-19412.66015625
-19885.544921875
-20333.921875
-20756.267578125
-21151.0625
-21516.783203125
-21851.919921875
-22154.97265625
-22424.4609375
-22658.935546875
-22856.970703125
-23017.185546875
-23138.23828125
-23218.849609375
-23257.796875
-23253.923828125
-23206.166015625
-23113.53515625
-22975.142578125
-22790.205078125
-22558.056640625
-22278.150390625
-21950.0703125
-21573.541015625
-21148.43359375
-20674.76953125
-20152.734375
-19582.67578125
-18965.11328125
-18300.7421875
-17590.423828125
-16835.21484375
-16036.34375
-15195.21484375
-14313.41796875
-13392.712890625
-12435.033203125
-11442.4765625
-10417.30859375
-9361.935546875
-8278.916015625
-7170.9375
-6040.8125
-4891.462890625
-3725.908203125
-2547.25
-1358.6640625
-163.373046875
1035.361328125
2234.255859375
3430.01953125
4619.376953125
5799.078125
6965.921875
8116.765625
9248.546875
10358.291015625
11443.1328125
12500.330078125
13527.267578125
14521.48046875
15480.65234375
16402.640625
17285.46875
18127.3359375
18926.6328125
19681.92578125
20391.98046875
21055.748046875
21672.361328125
22241.150390625
22761.615234375
23233.443359375
23656.4765625
24030.736328125
24356.38671875
24633.734375
24863.228515625
25045.427734375
25181.013671875
25270.751953125
25315.509765625
25316.216796875
25273.8671875
25189.509765625
25064.220703125
24899.1171875
24695.318359375
24453.9609375
24176.17578125
23863.0859375
23515.798828125
23135.3984375
22722.947265625
22279.4765625
21805.990234375
21303.458984375
20772.830078125
20215.015625
19630.90625
19021.376953125
18387.28515625
17729.48046875
17048.80859375
16346.126953125
15622.302734375
14878.228515625
14114.828125
13333.0625
12533.947265625
11718.552734375
10888.013671875
10043.5390625
9186.416015625
8318.015625
7439.802734375
6553.330078125
5660.251953125
4762.314453125
3861.359375
2959.32421875
2058.23828125
1160.21484375
267.451171875
-617.794921875
-1493.1953125
-2356.373046875
-3204.916015625
-4036.388671875
-4848.3359375
-5638.3203125
-6403.923828125
-7142.765625
-7852.525390625
-8530.95703125
-9175.916015625
-9785.361328125
-10357.392578125
-10890.251953125
-11382.3515625
-11832.2890625
-12238.85546875
-12601.056640625
-12918.125
-13189.53125
-13414.98828125
-13594.46484375
-13728.1953125
-13816.671875
-13860.65625
-13861.177734375
-13819.52734375
-13737.25
-13616.150390625
-13458.26953125
-13265.888671875
-13041.4921875
-12787.783203125
-12507.640625
-12204.111328125
-11880.390625
-11539.796875
-11185.748046875
-10821.740234375
-10451.3203125
-10078.060546875
-9705.53515625
-9337.291015625
-8976.81640625
-8627.525390625
-8292.724609375
-7975.595703125
-7679.16015625
-7406.26171875
-7159.5546875
-6941.462890625
-6754.1796875
-6599.6484375
-6479.53515625
-6395.23046875
-6347.833984375
-6338.1484375
-6366.66796875
-6433.580078125
-6538.771484375
-6681.8125
-6861.98046875
-7078.251953125
-7329.322265625
-7613.607421875
-7929.267578125
-8274.212890625
-8646.130859375
-9042.494140625
-9460.595703125
-9897.5546875
-10350.35546875
-10815.859375
-11290.841796875
-11772.0078125
-12256.03125
-12739.55859375
-13219.26953125
-13691.869140625
-14154.134765625
-14602.93359375
-15035.25390625
-15448.216796875
-15839.10546875
-16205.3828125
-16544.71484375
-16854.984375
-17134.302734375
-17381.02734375
-17593.771484375
-17771.41796875
-17913.107421875
-18018.271484375
-18086.60546875
-18118.08984375
-18112.974609375
-18071.775390625
-17995.271484375
-17884.5
-17740.7265625
-17565.451171875
-17360.3828125
-17127.42578125
-16868.662109375
-16586.328125
-16282.796875
-15960.560546875
-15622.193359375
-15270.34765625
-14907.716796875
-14537.015625
-14160.962890625
-13782.244140625
-13403.501953125
-13027.3125
-12656.15625
-12292.408203125
-11938.30859375
-11595.953125
-11267.275390625
-10954.03125
-10657.783203125
-10379.8984375
-10121.533203125
-9883.625
-9666.890625
-9471.828125
-9298.70703125
-9147.576171875
-9018.26953125
-8910.400390625
-8823.380859375
-8756.431640625
-8708.578125
-8678.68359375
-8665.451171875
-8667.44140625
-8683.08984375
-8710.7265625
-8748.59765625
-8794.875
-8847.685546875
-8905.1328125
-8965.30859375
-9026.32421875
-9086.326171875
-9143.505859375
-9196.1484375
-9242.61328125
-9281.380859375
-9311.064453125
-9330.412109375
-9338.33203125
-9333.90234375
-9316.392578125
-9285.251953125
-9240.134765625
-9180.900390625
-9107.619140625
-9020.5625
-8920.232421875
-8807.32421875
-8682.748046875
-8547.615234375
-8403.23046875
-8251.0859375
-8092.84375
-7930.3359375
-7765.53515625
-7600.55859375
-7437.638671875
-7279.099609375
-7127.36328125
-6984.90625
-6854.25
-6737.94140625
-6638.53515625
-6558.5625
-6500.521484375
-6466.845703125
-6459.900390625
-6481.9453125
-6535.12109375
-6621.4375
-6742.75
-6900.7421875
-7096.912109375
-7332.55859375
-7608.76953125
-7926.408203125
-8286.1015625
-8688.240234375
-9132.95703125
-9620.140625
-10149.41796875
-10720.16015625
-11331.474609375
-11982.216796875
-12670.990234375
-13396.146484375
-14155.806640625
-14947.845703125
-15769.927734375
-16619.50390625
-17493.828125
-18389.96875
-19304.828125
-20235.15625
-21177.57421875
-22128.58203125
-23084.578125
-24041.896484375
-24996.80078125
-25945.521484375
-26884.275390625
-27809.27734375
-28716.767578125
-29603.03125
-30464.41015625
-31297.333984375
-32098.3359375
-32864.060546875
-33591.291015625
-34276.9609375
-34918.173828125
-35512.2109375
-36056.546875
-36548.861328125
-36987.05078125
-37369.234375
-37693.759765625
-37959.21875
-38164.4375
-38308.490234375
-38390.701171875
-38410.640625
-38368.119140625
-38263.19921875
-38096.181640625
-37867.595703125
-37578.212890625
-37229.015625
-36821.205078125
-36356.185546875
-35835.556640625
-35261.10546875
-34634.78515625
-33958.712890625
-33235.15234375
-32466.50390625
-31655.291015625
-30804.1328125
-29915.76171875
-28992.9765625
-28038.6484375
-27055.69921875
-26047.091796875
-25015.8203125
-23964.884765625
-22897.294921875
-21816.044921875
-20724.107421875
-19624.4296875
-18519.90625
-17413.384765625
-16307.6484375
-15205.412109375
-14109.310546875
-13021.88671875
-11945.599609375
-10882.798828125
-9835.73828125
-8806.552734375
-7797.265625
-6809.78125
-5845.876953125
-4907.20703125
-3995.29296875
-3111.525390625
-2257.166015625
-1433.330078125
-641.009765625
118.951171875
845.841796875
1539.087890625
2198.259765625
2823.060546875
3413.33203125
3969.044921875
4490.31640625
4977.384765625
5430.62109375
5850.529296875
6237.732421875
6592.978515625
6917.130859375
7211.1640625
7476.16796875
7713.3359375
7923.94921875
8109.39453125
8271.142578125
8410.744140625
8529.814453125
8630.048828125
8713.189453125
8781.03125
8835.412109375
8878.19921875
8911.283203125
8936.572265625
8955.97265625
8971.392578125
8984.71484375
8997.80859375
9012.50390625
9030.5859375
9053.7890625
9083.783203125
9122.171875
9170.474609375
9230.12890625
9302.4765625
9388.7578125
9490.109375
9607.548828125
9741.98828125
9894.208984375
10064.876953125
10254.525390625
10463.564453125
10692.279296875
10940.822265625
11209.2265625
11497.39453125
11805.11328125
12132.05078125
12477.76171875
12841.693359375
13223.1953125
13621.513671875
14035.810546875
14465.169921875
14908.595703125
15365.03125
15833.361328125
16312.419921875
16801.001953125
17297.873046875
17801.76953125
18311.41796875
18825.537109375
19342.841796875
19862.060546875
20381.93359375
20901.22265625
21418.716796875
21933.2421875
22443.65625
22948.865234375
23447.818359375
23939.513671875
24423.00390625
24897.392578125
25361.841796875
25815.5703125
26257.849609375
26688.01171875
27105.443359375
27509.583984375
27899.927734375
28276.025390625
28637.47265625
28983.908203125
29315.02734375
29630.55859375
29930.275390625
30213.982421875
30481.529296875
30732.78125
30967.65234375
31186.068359375
31387.982421875
31573.376953125
31742.24609375
31894.609375
32030.498046875
32149.962890625
32253.0703125
32339.896484375
32410.533203125
32465.087890625
32503.677734375
32526.435546875
32533.501953125
32525.0390625
32501.21875
32462.228515625
32408.275390625
32339.5703125
32256.357421875
32158.888671875
32047.4375
31922.30078125
31783.787109375
31632.234375
31467.99609375
31291.453125
31103.005859375
30903.07421875
30692.10546875
30470.56640625
30238.947265625
29997.75390625
29747.521484375
29488.798828125
29222.154296875
28948.17578125
28667.462890625
28380.634765625
28088.318359375
27791.150390625
27489.779296875
27184.857421875
26877.041015625
26566.98828125
26255.353515625
25942.787109375
25629.9296875
25317.4140625
25005.859375
24695.865234375
24388.009765625
24082.849609375
23780.912109375
23482.697265625
23188.666015625
22899.244140625
22614.8125
22335.712890625
22062.232421875
21794.611328125
21533.03125
21277.6171875
21028.431640625
20785.478515625
20548.685546875
20317.919921875
20092.97265625
19873.564453125
19659.33984375
19449.8671875
19244.638671875
19043.0703125
18844.498046875
18648.1875
18453.322265625
18259.01171875
18064.294921875
17868.146484375
17669.46484375
17467.091796875
17259.806640625
17046.3359375
16825.35546875
16595.501953125
16355.369140625
16103.5234375
15838.505859375
15558.845703125
15263.060546875
14949.666015625
14617.193359375
14264.185546875
13889.212890625
13490.87890625
13067.837890625
12618.791015625
12142.5
11637.802734375
11103.615234375
10538.935546875
9942.861328125
9314.591796875
8653.431640625
7958.810546875
7230.267578125
6467.4765625
5670.2421875
4838.5
3972.328125
3071.939453125
2137.69921875
1170.10546875
169.802734375
-862.41796875
-1925.62890625
-3018.759765625
-4140.609375
-5289.837890625
-6464.9765625
-7664.435546875
-8886.509765625
-10129.369140625
-11391.08984375
-12669.640625
-13962.900390625
-15268.654296875
-16584.626953125
-17908.45703125
-19237.73046875
-20569.970703125
-21902.6640625
-23233.255859375
-24559.16796875
-25877.794921875
-27186.5234375
-28482.7421875
-29763.8359375
-31027.2109375
-32270.2890625
-33490.525390625
-34685.408203125
-35852.4765625
-36989.322265625
-38093.58984375
-39162.998046875
-40195.33984375
-41188.48828125
-42140.404296875
-43049.150390625
-43912.87890625
-44729.86328125
-45498.484375
-46217.248046875
-46884.78125
-47499.84765625
-48061.345703125
-48568.314453125
-49019.9453125
-49415.58203125
-49754.7109375
-50036.994140625
-50262.244140625
-50430.443359375
-50541.736328125
-50596.439453125
-50595.033203125
-50538.169921875
-50426.66796875
-50261.5078125
-50043.841796875
-49774.96875
-49456.357421875
-49089.6171875
-48676.501953125
-48218.908203125
-47718.859375
-47178.498046875
-46600.078125
-45985.955078125
-45338.572265625
-44660.44921875
-43954.16796875
-43222.3671875
-42467.712890625
-41692.900390625
-40900.626953125
-40093.5859375
-39274.44921875
-38445.84375
-37610.349609375
-36770.4765625
-35928.65234375
-35087.2109375
-34248.37109375
-33414.236328125
-32586.771484375
-31767.802734375
-30959.0
-30161.8671875
-29377.744140625
-28607.791015625
-27853.0
-27114.166015625
-26391.9140625
-25686.6796875
-24998.71875
-24328.109375
-23674.7578125
-23038.412109375
-22418.6484375
-21814.90625
-21226.484375
-20652.556640625
-20092.18359375
-19544.330078125
-19007.87890625
-18481.646484375
-17964.392578125
-17454.857421875
-16951.755859375
-16453.802734375
-15959.744140625
-15468.34765625
-14978.44921875
-14488.9453125
-13998.826171875
-13507.177734375
-13013.201171875
-12516.232421875
-12015.744140625
-11511.36328125
-11002.87109375
-10490.2265625
-9973.55859375
-9453.171875
-8929.5625
-8403.40234375
-7875.548828125
-7347.041015625
-6819.09765625
-6293.107421875
-5770.62109375
-5253.345703125
-4743.142578125
-4242.001953125
-3752.03125
-3275.453125
-2814.583984375
-2371.8125
-1949.59375
-1550.416015625
-1176.806640625
-831.287109375
-516.375
-234.552734375
11.7421875
220.140625
388.36328125
514.23046875
595.68359375
630.80078125
617.8125
555.119140625
441.29296875
275.111328125
55.544921875
-218.21484375
-546.7578125
-930.443359375
-1369.3984375
-1863.501953125
-2412.40234375
-3015.49609375
-3671.94140625
-4380.654296875
-5140.3125
-5949.36328125
-6806.021484375
-7708.287109375
-8653.947265625
-9640.58984375
-10665.61328125
-11726.234375
-12819.505859375
-13942.33203125
-15091.47265625
-16263.58203125
-17455.19140625
-18662.751953125
-19882.638671875
-21111.16796875
-22344.62109375
-23579.25
-24811.3046875
-26037.044921875
-27252.75
-28454.75
-29639.421875
-30803.21875
-31942.67578125
-33054.4296875
-34135.21875
-35181.91015625
-36191.498046875
-37161.115234375
-38088.048828125
-38969.732421875
-39803.775390625
-40587.9453125
-41320.181640625
-41998.6015625
-42621.5
-43187.349609375
-43694.798828125
-44142.67578125
-44529.982421875
-44855.904296875
-45119.787109375
-45321.150390625
-45459.673828125
-45535.197265625
-45547.716796875
-45497.373046875
-45384.451171875
-45209.375
-44972.69140625
-44675.0859375
-44317.349609375
-43900.392578125
-43425.23046875
-42892.986328125
-42304.8671875
-41662.185546875
-40966.333984375
-40218.78515625
-39421.095703125
-38574.890625
-37681.876953125
-36743.822265625
-35762.560546875
-34739.990234375
-33678.076171875
-32578.83984375
-31444.361328125
-30276.779296875
-29078.283203125
-27851.126953125
-26597.611328125
-25320.083984375
-24020.951171875
-22702.6640625
-21367.71484375
-20018.6484375
-18658.0390625
-17288.505859375
-15912.6953125
-14533.287109375
-13152.978515625
-11774.486328125
-10400.5390625
-9033.87109375
-7677.208984375
-6333.271484375
-5004.755859375
-3694.330078125
-2404.626953125
-1138.22265625
102.36328125
1314.673828125
2496.34375
3645.095703125
4758.75390625
5835.255859375
6872.669921875
7869.19921875
8823.18359375
9733.12890625
10597.69921875
11415.73828125
12186.259765625
12908.478515625
13581.787109375
14205.7890625
14780.28515625
15305.27734375
15780.9765625
16207.798828125
16586.36328125
16917.48828125
17202.197265625
17441.693359375
17637.380859375
17790.83203125
17903.791015625
17978.162109375
18015.998046875
18019.484375
17990.93359375
17932.763671875
17847.4921875
17737.7109375
17606.076171875
17455.294921875
17288.1015625
17107.248046875
16915.482421875
16715.533203125
16510.10546875
16301.8359375
16093.310546875
15887.029296875
15685.404296875
15490.732421875
15305.1953125
15130.841796875
14969.583984375
14823.1796875
14693.224609375
14581.15625
14488.236328125
14415.548828125
14363.998046875
14334.3125
14327.033203125
14342.515625
14380.943359375
14442.314453125
14526.455078125
14633.021484375
14761.505859375
14911.248046875
15081.4296875
15271.099609375
15479.169921875
15704.43359375
15945.568359375
16201.15625
16469.68359375
16749.568359375
17039.150390625
17336.7265625
17640.541015625
17948.81640625
18259.755859375
18571.5546875
18882.4140625
19190.5546875
19494.220703125
19791.703125
20081.330078125
20361.501953125
20630.681640625
20887.40234375
21130.294921875
21358.0703125
21569.546875
21763.642578125
21939.38671875
22095.923828125
22232.51171875
22348.537109375
22443.498046875
22517.0234375
22568.869140625
22598.908203125
22607.138671875
22593.6796875
22558.767578125
22502.751953125
22426.09375
22329.359375
22213.212890625
22078.412109375
21925.8046875
21756.310546875
21570.927734375
21370.716796875
21156.791015625
20930.306640625
20692.4609375
20444.478515625
20187.6015625
19923.080078125
19652.158203125
19376.08203125
19096.064453125
18813.296875
18528.93359375
18244.080078125
17959.791015625
17677.056640625
17396.806640625
17119.88671875
16847.072265625
16579.05078125
16316.416015625
16059.6796875
15809.251953125
15565.44921875
15328.4921875
15098.498046875
14875.501953125
14659.427734375
14450.1171875
14247.3203125
14050.69921875
13859.841796875
13674.251953125
13493.373046875
13316.578125
13143.185546875
12972.466796875
12803.646484375
12635.919921875
12468.455078125
12300.3984375
12130.88671875
11959.05859375
11784.052734375
11605.017578125
11421.12890625
11231.580078125
11035.60546875
10832.466796875
10621.474609375
10401.986328125
10173.412109375
9935.20703125
9686.896484375
9428.052734375
9158.314453125
8877.375
8584.986328125
8280.962890625
7965.173828125
7637.53515625
7298.0234375
6946.65625
6583.498046875
6208.650390625
5822.248046875
5424.458984375
5015.474609375
4595.505859375
4164.779296875
3723.529296875
3272.0
2810.43359375
2339.068359375
1858.13671875
1367.859375
868.447265625
360.08984375
-157.033203125
-682.767578125
-1216.970703125
-1759.525390625
-2310.328125
-2869.28515625
-3436.32421875
-4011.384765625
-4594.400390625
-5185.3203125
-5784.083984375
-6390.62109375
-7004.85546875
-7626.68359375
-8255.978515625
-8892.580078125
-9536.29296875
-10186.869140625
-10844.01171875
-11507.36328125
-12176.50390625
-12850.935546875
-13530.09375
-14213.318359375
-14899.876953125
-15588.939453125
-16279.58203125
-16970.791015625
-17661.45703125
-18350.365234375
-19036.216796875
-19717.609375
-20393.052734375
-21060.96875
-21719.697265625
-22367.5
-23002.568359375
-23623.029296875
-24226.95703125
-24812.384765625
-25377.306640625
-25919.69921875
-26437.521484375
-26928.740234375
-27391.33984375
-27823.322265625
-28222.7421875
-28587.70703125
-28916.392578125
-29207.064453125
-29458.08203125
-29667.91796875
-29835.17578125
-29958.58984375
-30037.0546875
-30069.619140625
-30055.51171875
-29994.1484375
-29885.12890625
-29728.26171875
-29523.5625
-29271.259765625
-28971.80078125
-28625.853515625
-28234.3125
-27798.298828125
-27319.146484375
-26798.419921875
-26237.900390625
-25639.578125
-25005.6484375
-24338.505859375
-23640.736328125
-22915.099609375
-22164.529296875
-21392.103515625
-20601.046875
-19794.7109375
-18976.552734375
-18150.12890625
-17319.06640625
-16487.05859375
-15657.833984375
-14835.146484375
-14022.755859375
-13224.400390625
-12443.7890625
-11684.580078125
-10950.353515625
-10244.609375
-9570.73046875
-8931.9765625
-8331.470703125
-7772.16796875
-7256.859375
-6788.14453125
-6368.4140625
-5999.849609375
-5684.408203125
-5423.8046875
-5219.513671875
-5072.75
-4984.46484375
-4955.3515625
-4985.826171875
-5076.029296875
-5225.826171875
-5434.810546875
-5702.29296875
-6027.31640625
-6408.6484375
-6844.798828125
-7334.01171875
-7874.283203125
-8463.365234375
-9098.76953125
-9777.79296875
-10497.515625
-11254.818359375
-12046.396484375
-12868.7734375
-13718.310546875
-14591.236328125
-15483.650390625
-16391.541015625
-17310.8125
-18237.291015625
-19166.748046875
-20094.923828125
-21017.537109375
-21930.3125
-22828.98828125
-23709.349609375
-24567.234375
-25398.556640625
-26199.33203125
-26965.677734375
-27693.8515625
-28380.25
-29021.4375
-29614.15625
-30155.337890625
-30642.1328125
-31071.900390625
-31442.236328125
-31750.986328125
-31996.2421875
-32176.365234375
-32289.984375
-32336.0078125
-32313.626953125
-32222.314453125
-32061.841796875
-31832.2578125
-31533.91796875
-31167.447265625
-30733.76953125
-30234.08203125
-29669.859375
-29042.83984375
-28355.025390625
-27608.654296875
-26806.21484375
-25950.412109375
-25044.154296875
-24090.556640625
-23092.90234375
-22054.640625
-20979.359375
-19870.775390625
-18732.708984375
-17569.0625
-16383.802734375
-15180.94140625
-13964.51171875
-12738.544921875
-11507.0546875
-10274.009765625
-9043.3203125
-7818.81640625
-6604.216796875
-5403.12890625
-4219.013671875
-3055.17578125
-1914.75390625
-800.689453125
284.26953125
1337.599609375
2356.99609375
3340.392578125
4285.962890625
5192.134765625
6057.58984375
6881.265625
7662.36328125
8400.337890625
9094.90625
9746.037109375
10353.94921875
10919.099609375
11442.181640625
11924.11328125
12366.017578125
12769.224609375
13135.244140625
13465.76171875
13762.609375
14027.763671875
14263.3203125
14471.470703125
14654.494140625
14814.732421875
14954.5625
15076.400390625
15182.654296875
15275.72265625
15357.96875
15431.701171875
15499.162109375
15562.50390625
15623.7734375
15684.8984375
15747.671875
15813.7421875
15884.587890625
15961.52734375
16045.693359375
16138.03125
16239.287109375
16350.013671875
16470.552734375
16601.044921875
16741.416015625
16891.396484375
17050.50390625
17218.0625
17393.197265625
17574.845703125
17761.767578125
17952.552734375
18145.626953125
18339.26953125
18531.623046875
18720.705078125
18904.427734375
19080.609375
19246.986328125
19401.23828125
19540.990234375
19663.849609375
19767.40234375
19849.244140625
19906.9921875
19938.296875
19940.873046875
19912.498046875
19851.037109375
19754.46484375
19620.865234375
19448.455078125
19235.595703125
18980.80859375
18682.771484375
18340.349609375
17952.595703125
17518.755859375
17038.279296875
16510.828125
15936.275390625
15314.71875
14646.474609375
13932.0859375
13172.3203125
12368.169921875
11520.849609375
10631.796875
9702.666015625
8735.328125
7731.853515625
6694.521484375
5625.8046875
4528.359375
3405.01953125
2258.78515625
1092.818359375
-89.58203125
-1284.974609375
-2489.80078125
-3700.390625
-4912.986328125
-6123.736328125
-7328.73046875
-8524.00390625
-9705.552734375
-10869.34765625
-12011.35546875
-13127.55078125
-14213.92578125
-15266.515625
-16281.412109375
-17254.771484375
-18182.837890625
-19061.953125
-19888.578125
-20659.30078125
-21370.859375
-22020.146484375
-22604.23046875
-23120.3671875
-23566.01171875
-23938.83203125
-24236.724609375
-24457.81640625
-24600.484375
-24663.361328125
-24645.345703125
-24545.61328125
-24363.6171875
-24099.09765625
-23752.091796875
-23322.935546875
-22812.2578125
-22220.994140625
-21550.384765625
-20801.96875
-19977.587890625
-19079.37890625
-18109.775390625
-17071.48828125
-15967.517578125
-14801.12109375
-13575.83203125
-12295.416015625
-10963.87890625
-9585.44921875
-8164.5546875
-6705.814453125
-5214.013671875
-3694.083984375
-2151.09375
-590.2109375
983.3125
2564.15625
4146.970703125
5726.384765625
7297.046875
8853.634765625
10390.8984375
11903.662109375
13386.87109375
14835.60546875
16245.10546875
17610.794921875
18928.3046875
20193.494140625
21402.47265625
22551.62109375
23637.595703125
24657.3671875
25608.21875
26487.759765625
27293.951171875
28025.095703125
28679.85546875
29257.2578125
29756.69140625
30177.916015625
30521.052734375
30786.587890625
30975.35546875
31088.544921875
31127.685546875
31094.62109375
30991.51953125
30820.841796875
30585.330078125
30287.98046875
29932.0390625
29520.96875
29058.427734375
28548.25
27994.41796875
27401.037109375
26772.314453125
26112.53125
25426.015625
24717.123046875
23990.201171875
23249.57421875
22499.517578125
21744.2265625
20987.814453125
20234.259765625
19487.419921875
18750.98828125
18028.4921875
17323.263671875
16638.439453125
15976.939453125
15341.45703125
14734.455078125
14158.154296875
13614.52734375
13105.30078125
12631.939453125
12195.6640625
11797.44140625
11437.984375
11117.767578125
10837.017578125
10595.734375
10393.689453125
10230.439453125
10105.326171875
10017.5078125
9965.94921875
9949.439453125
9966.6171875
10015.962890625
10095.828125
10204.443359375
10339.927734375
10500.3046875
10683.5234375
10887.458984375
11109.9296875
11348.712890625
11601.560546875
11866.201171875
12140.3515625
12421.7421875
12708.107421875
12997.216796875
13286.86328125
13574.890625
13859.1875
14137.705078125
14408.462890625
14669.55078125
14919.142578125
15155.4921875
15376.953125
15581.974609375
15769.10546875
15937.00390625
16084.443359375
16210.302734375
16313.591796875
16393.431640625
16449.07421875
16479.896484375
16485.404296875
16465.236328125
16419.162109375
16347.083984375
16249.037109375
16125.1953125
15975.859375
15801.462890625
15602.568359375
15379.876953125
15134.19921875
14866.48046875
14577.775390625
14269.25390625
13942.197265625
13597.98046875
13238.080078125
12864.052734375
12477.537109375
12080.23828125
11673.923828125
11260.404296875
10841.53515625
10419.1953125
9995.27734375
9571.6796875
9150.287109375
8732.9609375
8321.529296875
7917.76953125
7523.39453125
7140.048828125
6769.28515625
6412.552734375
6071.19921875
5746.4453125
5439.375
5150.94140625
4881.935546875
4633.001953125
4404.615234375
4197.087890625
4010.552734375
3844.970703125
3700.13671875
3575.66015625
3470.986328125
3385.388671875
3317.978515625
3267.708984375
3233.392578125
3213.697265625
3207.1640625
3212.21875
3227.189453125
3250.3125
3279.751953125
3313.619140625
3349.98046875
3386.88671875
3422.37890625
3454.517578125
3481.390625
3501.130859375
3511.9453125
3512.119140625
3500.0390625
3474.205078125
3433.244140625
3375.9296875
3301.1875
3208.107421875
3095.953125
2964.16796875
2812.388671875
2640.4296875
2448.318359375
2236.25390625
2004.646484375
1754.087890625
1485.349609375
1199.388671875
897.330078125
580.455078125
250.193359375
-91.888671875
-444.09765625
-804.64453125
-1171.638671875
-1543.126953125
-1917.08984375
-2291.47265625
-2664.201171875
-3033.1953125
-3396.39453125
-3751.767578125
-4097.333984375
-4431.177734375
-4751.46875
-5056.47265625
-5344.560546875
-5614.232421875
-5864.12109375
-6092.998046875
-6299.794921875
-6483.595703125
-6643.6484375
-6779.373046875
-6890.349609375
-6976.3359375
-7037.25390625
-7073.19140625
-7084.392578125
-7071.26171875
-7034.349609375
-6974.34765625
-6892.072265625
-6788.46484375
-6664.576171875
-6521.55078125
-6360.625
-6183.103515625
-5990.34765625
-5783.775390625
-5564.833984375
-5334.99609375
-5095.740234375
-4848.546875
-4594.88671875
-4336.20703125
-4073.921875
-3809.408203125
-3543.9921875
-3278.951171875
-3015.5
-2754.79296875
-2497.9140625
-2245.8828125
-1999.64453125
-1760.08203125
-1528.001953125
-1304.146484375
-1089.1953125
-883.765625
-688.419921875
-503.66796875
-329.966796875
-167.744140625
-17.37890625
120.7734375
246.380859375
359.1328125
458.73046875
544.88671875
617.314453125
675.724609375
719.826171875
749.326171875
763.91015625
763.259765625
747.046875
714.92578125
666.544921875
601.541015625
519.5390625
420.169921875
303.0546875
167.82421875
14.115234375
-158.419921875
-350.103515625
-561.2421875
-792.09765625
-1042.90234375
-1313.83203125
-1605.01953125
-1916.529296875
-2248.365234375
-2600.4609375
-2972.66796875
-3364.76171875
-3776.4296875
-4207.267578125
-4656.78125
-5124.380859375
-5609.37890625
-6110.998046875
-6628.35546875
-7160.482421875
-7706.310546875
-8264.69140625
-8834.37890625
-9414.052734375
-10002.3203125
-10597.712890625
-11198.701171875
-11803.703125
-12411.0859375
-13019.17578125
-13626.271484375
-14230.6484375
-14830.5625
-15424.275390625
-16010.046875
-16586.150390625
-17150.875
-17702.548828125
-18239.53515625
-18760.23046875
-19263.1015625
-19746.65625
-20209.48046875
-20650.21484375
-21067.5859375
-21460.38671875
-21827.498046875
-22167.87890625
-22480.576171875
-22764.716796875
-23019.515625
-23244.2734375
-23438.376953125
-23601.291015625
-23732.568359375
-23831.83203125
-23898.7890625
-23933.216796875
-23934.96484375
-23903.943359375
-23840.1328125
-23743.572265625
-23614.3515625
-23452.619140625
-23258.5703125
-23032.447265625
-22774.53125
-22485.150390625
-22164.66796875
-21813.482421875
-21432.025390625
-21020.759765625
-20580.185546875
-20110.82421875
-19613.240234375
-19088.013671875
-18535.76171875
-17957.134765625
-17352.8125
-16723.505859375
-16069.95703125
-15392.951171875
-14693.302734375
-13971.873046875
-13229.552734375
-12467.279296875
-11686.033203125
-10886.83984375
-10070.76953125
-9238.943359375
-8392.521484375
-7532.71875
-6660.80078125
-5778.07421875
-4885.8984375
-3985.68359375
-3078.880859375
-2166.9921875
-1251.556640625
-334.16015625
583.576171875
1499.990234375
2413.3984375
3322.072265625
4224.26953125
5118.22265625
6002.146484375
6874.244140625
7732.7109375
8575.736328125
9401.515625
10208.24609375
10994.13671875
11757.41796875
12496.333984375
13209.158203125
13894.19140625
14549.775390625
15174.28125
15766.130859375
16323.7890625
16845.76953125
17330.640625
17777.029296875
18183.619140625
18549.154296875
18872.4453125
19152.37109375
19387.87109375
19577.9609375
19721.72265625
19818.310546875
19866.955078125
19866.95703125
19817.69140625
19718.607421875
19569.234375
19369.16796875
19118.08984375
18815.75
18461.982421875
18056.6875
17599.853515625
17091.544921875
16531.900390625
15921.138671875
15259.5625
14547.548828125
13785.56640625
12974.15234375
12113.943359375
11205.646484375
10250.064453125
9248.0859375
8200.68359375
7108.919921875
5973.958984375
4797.04296875
3579.515625
2322.814453125
1028.462890625
-301.90625
-1666.576171875
-3063.728515625
-4491.453125
-5947.740234375
-7430.494140625
-8937.521484375
-10466.537109375
-12015.17578125
-13580.982421875
-15161.41796875
-16753.873046875
-18355.65625
-19964.01953125
-21576.138671875
-23189.1484375
-24800.119140625
-26406.087890625
-28004.05859375
-29590.998046875
-31163.869140625
-32719.61328125
-34255.181640625
-35767.53125
-37253.640625
-38710.51953125
-40135.216796875
-41524.833984375
-42876.53515625
-44187.560546875
-45455.22265625
-46676.935546875
-47850.21875
-48972.693359375
-50042.109375
-51056.3515625
-52013.431640625
-52911.515625
-53748.923828125
-54524.126953125
-55235.767578125
-55882.65625
-56463.779296875
-56978.291015625
-57425.529296875
-57805.009765625
-58116.427734375
-58359.65234375
-58534.740234375
-58641.90625
-58681.55078125
-58654.23046875
-58560.6640625
-58401.728515625
-58178.4453125
-57891.982421875
-57543.630859375
-57134.814453125
-56667.0703125
-56142.041015625
-55561.466796875
-54927.171875
-54241.064453125
-53505.115234375
-52721.3515625
-51891.85546875
-51018.740234375
-50104.15234375
-49150.26171875
-48159.244140625
-47133.2890625
-46074.576171875
-44985.279296875
-43867.560546875
-42723.55859375
-41555.38671875
-40365.13671875
-39154.859375
-37926.578125
-36682.28515625
-35423.92578125
-34153.416015625
-32872.6328125
-31583.419921875
-30287.583984375
-28986.904296875
-27683.119140625
-26377.953125
-25073.095703125
-23770.21484375
-22470.962890625
-21176.97265625
-19889.865234375
-18611.24609375
-17342.720703125
-16085.873046875
-14842.298828125
-13613.578125
-12401.291015625
-11207.013671875
-10032.322265625
-8878.783203125
-7747.96484375
-6641.41796875
-5560.685546875
-4507.298828125
-3482.763671875
-2488.56640625
-1526.162109375
-596.96875
297.6328125
1156.31640625
1977.80859375
2760.900390625
3504.453125
4207.4140625
4868.802734375
5487.748046875
6063.47265625
6595.314453125
7082.71875
7525.265625
7922.658203125
8274.734375
8581.470703125
8842.9921875
9059.564453125
9231.609375
9359.689453125
9444.529296875
9487.001953125
9488.123046875
9449.06640625
9371.140625
9255.80078125
9104.6328125
8919.34765625
8701.7890625
8453.8984375
8177.736328125
7875.447265625
7549.26953125
7201.51171875
6834.544921875
6450.798828125
6052.73828125
5642.857421875
5223.671875
4797.693359375
4367.4375
3935.39453125
3504.0234375
3075.744140625
2652.92578125
2237.875
1832.822265625
1439.921875
1061.234375
698.724609375
354.255859375
29.580078125
-273.669921875
-553.98046875
-809.95703125
-1040.337890625
-1243.98828125
-1419.90234375
-1567.205078125
-1685.158203125
-1773.142578125
-1830.6796875
-1857.41015625
-1853.09765625
-1817.62890625
-1751.0078125
-1653.3515625
-1524.87890625
-1365.92578125
-1176.916015625
-958.369140625
-710.896484375
-435.189453125
-132.021484375
197.767578125
553.263671875
933.498046875
1337.439453125
1764.005859375
2212.072265625
2680.46875
3167.986328125
3673.3828125
4195.392578125
4732.720703125
5284.048828125
5848.046875
6423.3671875
7008.650390625
7602.537109375
8203.65234375
8810.62890625
9422.095703125
10036.689453125
10653.052734375
11269.833984375
11885.701171875
12499.328125
13109.4140625
13714.673828125
14313.84375
14905.6875
15488.994140625
16062.583984375
16625.310546875
17176.060546875
17713.759765625
18237.373046875
18745.908203125
19238.419921875
19714.005859375
20171.81640625
20611.056640625
21030.98046875
21430.8984375
21810.18359375
22168.263671875
22504.625
22818.830078125
23110.484375
23379.2734375
23624.94140625
23847.298828125
24046.216796875
24221.638671875
24373.5703125
24502.076171875
24607.291015625
24689.404296875
24748.669921875
24785.400390625
24799.9609375
24792.77734375
24764.314453125
24715.09765625
24645.693359375
24556.7109375
24448.8046875
24322.654296875
24178.982421875
24018.537109375
23842.095703125
23650.451171875
23444.421875
23224.84375
22992.5546875
22748.4140625
22493.275390625
22228.001953125
21953.453125
21670.486328125
21379.94921875
21082.685546875
20779.51953125
20471.271484375
20158.73828125
19842.703125
19523.92578125
19203.146484375
18881.087890625
18558.439453125
18235.87109375
17914.03125
17593.53125
17274.96875
16958.8984375
16645.86328125
16336.36328125
16030.87890625
15729.859375
15433.724609375
15142.865234375
14857.64453125
14578.39453125
14305.419921875
14038.99609375
13779.36328125
13526.7421875
13281.318359375
13043.244140625
12812.6484375
12589.626953125
12374.2421875
12166.53125
11966.4921875
11774.09765625
11589.287109375
11411.96484375
11242.005859375
11079.25
10923.50390625
10774.537109375
10632.091796875
10495.875
10365.5546875
10240.771484375
10121.126953125
10006.197265625
9895.521484375
9788.60546875
9684.931640625
9583.947265625
9485.076171875
9387.71484375
9291.23828125
9194.994140625
9098.318359375
9000.525390625
8900.91796875
8798.7890625
8693.419921875
8584.09375
8470.087890625
8350.6875
8225.1875
8092.880859375
7953.091796875
7805.15625
7648.43359375
7482.3125
7306.212890625
7119.587890625
6921.93359375
6712.787109375
6491.734375
6258.40625
6012.48828125
5753.72265625
5481.912109375
5196.912109375
4898.642578125
4587.0859375
4262.291015625
3924.365234375
3573.484375
3209.87890625
2833.85546875
2445.771484375
2046.044921875
1635.150390625
1213.623046875
782.041015625
341.03125
-108.73046875
-566.53125
-1031.62890625
-1503.23828125
-1980.560546875
-2462.767578125
-2949.025390625
-3438.478515625
-3930.275390625
-4423.5625
-4917.490234375
-5411.22265625
-5903.939453125
-6394.83984375
-6883.150390625
-7368.125
-7849.056640625
-8325.265625
-8796.123046875
-9261.037109375
-9719.466796875
-10170.912109375
-10614.9296875
-11051.1171875
-11479.134765625
-11898.681640625
-12309.509765625
-12711.427734375
-13104.279296875
-13487.962890625
-13862.419921875
-14227.625
-14583.595703125
-14930.3828125
-15268.068359375
-15596.76171875
-15916.591796875
-16227.705078125
-16530.263671875
-16824.4375
-17110.404296875
-17388.341796875
-17658.423828125
-17920.8125
-18175.6640625
-18423.119140625
-18663.296875
-18896.296875
-19122.1953125
-19341.037109375
-19552.849609375
-19757.6171875
-19955.302734375
-20145.83203125
-20329.107421875
-20504.98828125
-20673.314453125
-20833.890625
-20986.5
-21130.89453125
-21266.80859375
-21393.953125
-21512.0234375
-21620.70703125
-21719.677734375
-21808.6015625
-21887.15625
-21955.009765625
-22011.845703125
-22057.35546875
-22091.255859375
-22113.27734375
-22123.177734375
-22120.751953125
-22105.81640625
-22078.240234375
-22037.91796875
-21984.80078125
-21918.884765625
-21840.208984375
-21748.869140625
-21645.017578125
-21528.853515625
-21400.630859375
-21260.66796875
-21109.328125
-20947.03515625
-20774.259765625
-20591.52734375
-20399.4140625
-20198.5390625
-19989.568359375
-19773.20703125
-19550.19921875
-19321.3203125
-19087.376953125
-18849.19921875
-18607.63671875
-18363.564453125
-18117.857421875
-17871.40234375
-17625.09375
-17379.814453125
-17136.44921875
-16895.8671875
-16658.92578125
-16426.46484375
-16199.29296875
-15978.20703125
-15763.96484375
-15557.294921875
-15358.896484375
-15169.427734375
-14989.51171875
-14819.732421875
-14660.630859375
-14512.712890625
-14376.443359375
-14252.23828125
-14140.482421875
-14041.517578125
-13955.646484375
-13883.13671875
-13824.21484375
-13779.078125
-13747.88671875
-13730.76953125
-13727.830078125
-13739.138671875
-13764.74609375
-13804.66796875
-13858.912109375
-13927.455078125
-14010.248046875
-14107.240234375
-14218.349609375
-14343.482421875
-14482.521484375
-14635.341796875
-14801.794921875
-14981.71875
-15174.927734375
-15381.21875
-15600.376953125
-15832.154296875
-16076.283203125
-16332.474609375
-16600.40234375
-16879.71875
-17170.044921875
-17470.962890625
-17782.021484375
-18102.734375
-18432.5703125
-18770.955078125
-19117.27734375
-19470.876953125
-19831.048828125
-20197.044921875
-20568.06640625
-20943.26953125
-21321.771484375
-21702.640625
-22084.90625
-22467.55859375
-22849.552734375
-23229.814453125
-23607.23828125
-23980.6953125
-24349.05078125
-24711.146484375
-25065.830078125
-25411.943359375
-25748.349609375
-26073.921875
-26387.5625
-26688.2109375
-26974.84765625
-27246.505859375
-27502.27734375
-27741.32421875
-27962.888671875
-28166.287109375
-28350.9375
-28516.353515625
-28662.150390625
-28788.05859375
-28893.921875
-28979.701171875
-29045.482421875
-29091.47265625
-29118.0078125
-29125.544921875
-29114.669921875
-29086.0859375
-29040.6171875
-28979.19921875
-28902.87890625
-28812.80078125
-28710.205078125
-28596.419921875
-28472.8359375
-28340.92578125
-28202.19921875
-28058.212890625
-27910.5546875
-27760.822265625
-27610.61328125
-27461.515625
-27315.091796875
-27172.859375
-27036.287109375
-26906.7734375
-26785.63671875
-26674.103515625
-26573.294921875
-26484.21875
-26407.76171875
-26344.671875
-26295.560546875
-26260.88671875
-26240.96875
-26235.95703125
-26245.85546875
-26270.50390625
-26309.5859375
-26362.6328125
-26429.025390625
-26507.99609375
-26598.640625
-26699.923828125
-26810.689453125
-26929.673828125
-27055.50390625
-27186.732421875
-27321.83203125
-27459.2109375
-27597.244140625
-27734.26953125
-27868.609375
-27998.58984375
-28122.55078125
-28238.86328125
-28345.9453125
-28442.271484375
-28526.390625
-28596.939453125
-28652.642578125
-28692.34765625
-28715.0
-28719.685546875
-28705.61328125
-28672.134765625
-28618.736328125
-28545.0546875
-28450.86328125
-28336.08203125
-28200.77734375
-28045.14453125
-27869.5234375
-27674.369140625
-27460.265625
-27227.90234375
-26978.07421875
-26711.66796875
-26429.642578125
-26133.0390625
-25822.943359375
-25500.486328125
-25166.837890625
-24823.177734375
-24470.693359375
-24110.5703125
-23743.96875
-23372.0234375
-22995.828125
-22616.4296875
-22234.80859375
-21851.884765625
-21468.5078125
-21085.44140625
-20703.376953125
-20322.91015625
-19944.556640625
-19568.7421875
-19195.806640625
-18826.01171875
-18459.529296875
-18096.4609375
-17736.837890625
-17380.630859375
-17027.748046875
-16678.05859375
-16331.3828125
-15987.521484375
-15646.248046875
-15307.33203125
-14970.5390625
-14635.64453125
-14302.447265625
-13970.771484375
-13640.474609375
-13311.466796875
-12983.703125
-12657.203125
-12332.041015625
-12008.369140625
-11686.3984375
-11366.423828125
-11048.796875
-10733.951171875
-10422.38671875
-10114.6640625
-9811.404296875
-9513.28515625
-9221.029296875
-8935.392578125
-8657.16015625
-8387.140625
-8126.134765625
-7874.955078125
-7634.37890625
-7405.1640625
-7188.017578125
-6983.595703125
-6792.474609375
-6615.166015625
-6452.06640625
-6303.482421875
-6169.59765625
-6050.474609375
-5946.041015625
-5856.076171875
-5780.228515625
-5717.978515625
-5668.6640625
-5631.46484375
-5605.41015625
-5589.37109375
-5582.076171875
-5582.111328125
-5587.927734375
-5597.8515625
-5610.099609375
-5622.77734375
-5633.91015625
-5641.453125
-5643.296875
-5637.30078125
-5621.30078125
-5593.126953125
-5550.634765625
-5491.71484375
-5414.3125
-5316.45703125
-5196.265625
-5051.98046875
-4881.974609375
-4684.775390625
-4459.07421875
-4203.755859375
-3917.896484375
-3600.783203125
-3251.9296875
-2871.078125
-2458.20703125
-2013.5390625
-1537.546875
-1030.943359375
-494.693359375
69.998046875
661.68359375
1278.6875
1919.115234375
2580.859375
3261.615234375
3958.896484375
4670.052734375
5392.27734375
6122.642578125
6858.109375
7595.544921875
8331.7578125
9063.5078125
9787.53515625
10500.578125
11199.40234375
11880.822265625
12541.712890625
13179.046875
13789.90234375
14371.494140625
14921.181640625
15436.48828125
15915.126953125
16355.0
16754.22265625
17111.126953125
17424.275390625
17692.466796875
17914.7421875
18090.390625
18218.943359375
18300.181640625
18334.130859375
18321.056640625
18261.462890625
18156.08203125
18005.861328125
17811.966796875
17575.755859375
17298.78125
16982.755859375
16629.56640625
16241.228515625
15819.900390625
15367.841796875
14887.412109375
14381.046875
13851.248046875
13300.564453125
12731.5703125
12146.859375
11549.017578125
10940.626953125
10324.2265625
9702.32421875
9077.369140625
8451.7421875
7827.75390625
7207.626953125
6593.490234375
5987.37890625
5391.212890625
4806.806640625
4235.865234375
3679.966796875
3140.58203125
2619.05078125
2116.607421875
1634.359375
1173.298828125
734.3125
318.166015625
-74.46875
-443.029296875
-787.052734375
-1106.158203125
-1400.056640625
-1668.544921875
-1911.490234375
-2128.830078125
-2320.5703125
-2486.779296875
-2627.5703125
-2743.119140625
-2833.638671875
-2899.392578125
-2940.67578125
-2957.82421875
-2951.201171875
-2921.20703125
-2868.267578125
-2792.8359375
-2695.396484375
-2576.45703125
-2436.548828125
-2276.23828125
-2096.1171875
-1896.8046875
-1678.955078125
-1443.25390625
-1190.419921875
-921.212890625
-636.4296875
-336.9140625
-23.548828125
302.73046875
640.947265625
990.068359375
1349.005859375
1716.623046875
2091.724609375
2473.05859375
2859.3203125
3249.140625
3641.10546875
4033.740234375
4425.51953125
4814.861328125
5200.15234375
5579.720703125
5951.861328125
6314.8359375
6666.875
7006.189453125
7330.974609375
7639.416015625
7929.6953125
8200.0078125
8448.564453125
8673.59765625
8873.376953125
9046.21875
9190.494140625
9304.6328125
9387.146484375
9436.6328125
9451.779296875
9431.37890625
9374.34375
9279.70703125
9146.63671875
8974.435546875
8762.5703125
8510.6484375
8218.44921875
7885.91796875
7513.177734375
7100.51953125
6648.427734375
6157.560546875
5628.759765625
5063.0546875
4461.650390625
3825.9375
3157.4765625
2458.0
1729.40625
973.75
193.232421875
-609.806640625
-1432.8984375
-2273.455078125
-3128.791015625
-3996.126953125
-4872.609375
-5755.32421875
-6641.310546875
-7527.5859375
-8411.15234375
-9289.021484375
-10158.2265625
-11015.845703125
-11859.013671875
-12684.947265625
-13490.953125
-14274.453125
-15032.9921875
-15764.271484375
-16466.14453125
-17136.6328125
-17773.95703125
-18376.533203125
-18942.984375
-19472.158203125
-19963.1328125
-20415.21875
-20827.974609375
-21201.201171875
-21534.943359375
-21829.505859375
-22085.4296875
-22303.509765625
-22484.775390625
-22630.49609375
-22742.162109375
-22821.484375
-22870.3828125
-22890.96484375
-22885.51953125
-22856.498046875
-22806.5
-22738.2578125
-22654.60546875
-22558.474609375
-22452.857421875
-22340.802734375
-22225.376953125
-22109.65625
-21996.693359375
-21889.49609375
-21791.009765625
-21704.099609375
-21631.5078125
-21575.859375
-21539.619140625
-21525.087890625
-21534.375
-21569.3828125
-21631.791015625
-21723.046875
-21844.34375
-21996.615234375
-22180.525390625
-22396.462890625
-22644.52734375
-22924.537109375
-23236.01953125
-23578.212890625
-23950.0703125
-24350.267578125
-24777.203125
-25229.005859375
-25703.556640625
-26198.49609375
-26711.224609375
-27238.939453125
-27778.64453125
-28327.1640625
-28881.162109375
-29437.181640625
-29991.64453125
-30540.888671875
-31081.185546875
-31608.7734375
-32119.873046875
-32610.7109375
-33077.5546875
-33516.73828125
-33924.671875
-34297.875
-34633.005859375
-34926.873046875
-35176.453125
-35378.931640625
-35531.693359375
-35632.359375
-35678.79296875
-35669.115234375
-35601.716796875
-35475.263671875
-35288.712890625
-35041.306640625
-34732.5859375
-34362.38671875
-33930.8359375
-33438.359375
-32885.662109375
-32273.736328125
-31603.83984375
-30877.498046875
-30096.482421875
-29262.794921875
-28378.666015625
-27446.529296875
-26469.001953125
-25448.87109375
-24389.07421875
-23292.67578125
-22162.8515625
-21002.869140625
-19816.0546875
-18605.79296875
-17375.4921875
-16128.55859375
-14868.400390625
-13598.3828125
-12321.828125
-11041.990234375
-9762.041015625
-8485.0546875
-7213.994140625
-5951.69921875
-4700.876953125
-3464.087890625
-2243.7421875
-1042.08984375
138.779296875
1296.9453125
2430.658203125
3538.337890625
4618.57421875
5670.123046875
6691.916015625
7683.033203125
8642.720703125
9570.37109375
10465.5234375
11327.853515625
12157.162109375
12953.380859375
13716.5390625
14446.78515625
15144.34375
15809.537109375
16442.76171875
17044.470703125
17615.185546875
18155.474609375
18665.943359375
19147.236328125
19600.025390625
20024.998046875
20422.859375
20794.322265625
21140.109375
21460.939453125
21757.525390625
22030.5859375
22280.818359375
22508.919921875
22715.572265625
22901.447265625
23067.203125
23213.490234375
23340.94140625
23450.1796875
23541.8203125
23616.46484375
23674.705078125
23717.12890625
23744.310546875
23756.822265625
23755.2265625
23740.078125
23711.92578125
23671.31640625
23618.783203125
23554.853515625
23480.048828125
23394.87109375
23299.82421875
23195.3828125
23082.017578125
22960.171875
22830.271484375
22692.71875
22547.888671875
22396.1171875
22237.72265625
22072.978515625
21902.115234375
21725.330078125
21542.7734375
21354.54296875
21160.6953125
20961.234375
20756.109375
20545.220703125
20328.4140625
20105.48046875
19876.166015625
19640.158203125
19397.099609375
19146.58203125
18888.162109375
18621.345703125
18345.609375
18060.400390625
17765.134765625
17459.212890625
17142.017578125
16812.92578125
16471.318359375
16116.580078125
15748.111328125
15365.33203125
14967.701171875
14554.7109375
14125.900390625
13680.87109375
13219.27734375
12740.85546875
12245.4140625
11732.84375
11203.140625
10656.38671875
10092.775390625
9512.607421875
8916.296875
8304.380859375
7677.51171875
7036.46484375
6382.14453125
5715.57421875
5037.904296875
4350.412109375
3654.486328125
2951.638671875
2243.494140625
1531.78125
818.3359375
105.083984375
-605.96484375
-1312.71484375
-2013.0078125
-2704.6328125
-3385.32421875
-4052.787109375
-4704.705078125
-5338.751953125
-5952.607421875
-6543.970703125
-7110.57421875
-7650.19921875
-8160.689453125
-8639.96484375
-9086.041015625
-9497.037109375
-9871.1953125
-10206.896484375
-10502.66015625
-10757.18359375
-10969.32421875
-11138.134765625
-11262.859375
-11342.94921875
-11378.078125
-11368.130859375
-11313.234375
-11213.7421875
-11070.25
-10883.595703125
-10654.859375
-10385.361328125
-10076.666015625
-9730.568359375
-9349.103515625
-8934.5234375
-8489.302734375
-8016.12109375
-7517.8515625
-6997.556640625
-6458.46875
-5903.96484375
-5337.5703125
-4762.923828125
-4183.76953125
-3603.931640625
-3027.29296875
-2457.783203125
-1899.33984375
-1355.904296875
-831.390625
-329.658203125
145.494140625
590.37109375
1001.38671875
1375.099609375
1708.216796875
1997.625
2240.4140625
2433.87890625
2575.548828125
2663.203125
2694.87109375
2668.865234375
2583.7734375
2438.474609375
2232.150390625
1964.283203125
1634.658203125
1243.37890625
790.845703125
277.771484375
-294.83203125
-925.654296875
-1613.10546875
-2355.306640625
-3150.1171875
-3995.14453125
-4887.744140625
-5825.052734375
-6804.0
-7821.3125
-8873.548828125
-9957.103515625
-11068.2421875
-12203.10546875
-13357.740234375
-14528.11328125
-15710.126953125
-16899.65625
-18092.546875
-19284.6484375
-20471.818359375
-21649.962890625
-22815.029296875
-23963.033203125
-25090.07421875
-26192.34765625
-27266.15234375
-28307.912109375
-29314.181640625
-30281.642578125
-31207.13671875
-32087.654296875
-32920.33984375
-33702.509765625
-34431.640625
-35105.380859375
-35721.544921875
-36278.119140625
-36773.265625
-37205.306640625
-37572.73828125
-37874.216796875
-38108.5625
-38274.755859375
-38371.9296875
-38399.37109375
-38356.513671875
-38242.935546875
-38058.359375
-37802.638671875
-37475.771484375
-37077.875
-36609.205078125
-36070.140625
-35461.1875
-34782.974609375
-34036.251953125
-33221.896484375
-32340.900390625
-31394.38671875
-30383.599609375
-29309.908203125
-28174.802734375
-26979.912109375
-25726.986328125
-24417.90625
-23054.6953125
-21639.505859375
-20174.6328125
-18662.498046875
-17105.677734375
-15506.884765625
-13868.974609375
-12194.9375
-10487.916015625
-8751.18359375
-6988.15234375
-5202.376953125
-3397.53125
-1577.423828125
254.021484375
2092.765625
3934.662109375
5775.47265625
7610.86328125
9436.4296875
11247.69921875
13040.1484375
14809.212890625
16550.3046875
18258.822265625
19930.17578125
21559.79296875
23143.140625
24675.744140625
26153.1953125
27571.1875
28925.51171875
30212.091796875
31426.998046875
32566.453125
33626.865234375
34604.8359375
35497.173828125
36300.916015625
37013.337890625
37631.96875
38154.599609375
38579.30078125
38904.4296875
39128.630859375
39250.859375
39270.375
39186.748046875
38999.865234375
38709.9296875
38317.4609375
37823.298828125
37228.587890625
36534.787109375
35743.65234375
34857.244140625
33877.900390625
32808.244140625
31651.16015625
30409.791015625
29087.5234375
27687.962890625
26214.943359375
24672.482421875
23064.79296875
21396.2421875
19671.357421875
17894.78515625
16071.296875
14205.755859375
12303.103515625
10368.3515625
8406.5390625
6422.74609375
4422.060546875
2409.556640625
390.296875
-1630.69921875
-3648.46484375
-5658.1015625
-7654.78125
-9633.78515625
-11590.482421875
-13520.369140625
-15419.068359375
-17282.3359375
-19106.078125
-20886.35546875
-22619.384765625
-24301.560546875
-25929.451171875
-27499.802734375
-29009.552734375
-30455.828125
-31835.951171875
-33147.44140625
-34388.01953125
-35555.611328125
-36648.345703125
-37664.560546875
-38602.794921875
-39461.806640625
-40240.5546875
-40938.19921875
-41554.12109375
-42087.8984375
-42539.3125
-42908.353515625
-43195.201171875
-43400.24609375
-43524.064453125
-43567.423828125
-43531.279296875
-43416.771484375
-43225.212890625
-42958.091796875
-42617.064453125
-42203.939453125
-41720.6875
-41169.419921875
-40552.384765625
-39871.962890625
-39130.646484375
-38331.052734375
-37475.8828125
-36567.94140625
-35610.10546875
-34605.3203125
-33556.5859375
-32466.94921875
-31339.486328125
-30177.294921875
-28983.474609375
-27761.123046875
-26513.31640625
-25243.099609375
-23953.47265625
-22647.3828125
-21327.703125
-19997.232421875
-18658.677734375
-17314.640625
-15967.619140625
-14619.986328125
-13273.99609375
-11931.75390625
-10595.236328125
-9266.271484375
-7946.541015625
-6637.564453125
-5340.716796875
-4057.21875
-2788.130859375
-1534.3671875
-296.69140625
924.275390625
2128.05078125
3314.287109375
4482.7578125
5633.349609375
6766.060546875
7880.98046875
8978.283203125
10058.216796875
11121.0859375
12167.24609375
13197.087890625
14211.013671875
15209.443359375
16192.78515625
17161.42578125
18115.728515625
19056.00390625
19982.5078125
20895.431640625
21794.8828125
22680.888671875
23553.375
24412.1640625
25256.97265625
26087.392578125
26902.908203125
27702.873046875
28486.51953125
29252.9609375
30001.18359375
30730.0546875
31438.330078125
32124.65234375
32787.564453125
33425.5078125
34036.845703125
34619.861328125
35172.7734375
35693.744140625
36180.904296875
36632.349609375
37046.16796875
37420.453125
37753.310546875
38042.8828125
38287.359375
38484.998046875
38634.1328125
38733.19140625
38780.720703125
38775.38671875
38715.990234375
38601.4921875
38431.013671875
38203.853515625
37919.49609375
37577.625
37178.125
36721.099609375
36206.861328125
35635.953125
35009.140625
34327.41796875
33592.01171875
32804.365234375
31966.158203125
31079.2890625
30145.865234375
29168.208984375
28148.84375
27090.478515625
25996.009765625
24868.494140625
23711.154296875
22527.341796875
21320.5390625
20094.337890625
18852.41796875
17598.5390625
16336.505859375
15070.169921875
13803.390625
12540.0234375
11283.91015625
10038.837890625
8808.533203125
7596.642578125
6406.705078125
5242.13671875
4106.22265625
3002.078125
1932.650390625
900.6953125
-91.23828125
-1040.818359375
-1945.9453125
-2804.76171875
-3615.66015625
-4377.29296875
-5088.578125
-5748.705078125
-6357.134765625
-6913.6015625
-7418.11328125
-7870.94921875
-8272.66015625
-8624.044921875
-8926.171875
-9180.341796875
-9388.091796875
-9551.185546875
-9671.58203125
-9751.44140625
-9793.09375
-9799.03515625
-9771.888671875
-9714.40625
-9629.435546875
-9519.908203125
-9388.80859375
-9239.16015625
-9074.001953125
-8896.36328125
-8709.255859375
-8515.634765625
-8318.39453125
-8120.337890625
-7924.166015625
-7732.455078125
-7547.6484375
-7372.029296875
-7207.716796875
-7056.650390625
-6920.583984375
-6801.06640625
-6699.443359375
-6616.8515625
-6554.208984375
-6512.21875
-6491.3671875
-6491.923828125
-6513.94140625
-6557.271484375
-6621.5625
-6706.265625
-6810.64453125
-6933.794921875
-7074.646484375
-7231.982421875
-7404.44140625
-7590.541015625
-7788.701171875
-7997.23828125
-8214.400390625
-8438.36328125
-8667.2734375
-8899.240234375
-9132.36328125
-9364.740234375
-9594.490234375
-9819.765625
-10038.759765625
-10249.73046875
-10451.0
-10640.970703125
-10818.14453125
-10981.11328125
-11128.5859375
-11259.376953125
-11372.427734375
-11466.80078125
-11541.689453125
-11596.41015625
-11630.41796875
-11643.29296875
-11634.748046875
-11604.623046875
-11552.880859375
-11479.609375
-11385.009765625
-11269.3984375
-11133.1953125
-10976.923828125
-10801.1953125
-10606.716796875
-10394.267578125
-10164.701171875
-9918.939453125
-9657.958984375
-9382.79296875
-9094.5078125
-8794.21484375
-8483.05078125
-8162.181640625
-7832.78125
-7496.041015625
-7153.154296875
-6805.31640625
-6453.716796875
-6099.533203125
-5743.935546875
-5388.07421875
-5033.072265625
-4680.037109375
-4330.052734375
-3984.16015625
-3643.3828125
-3308.70703125
-2981.08203125
-2661.42578125
-2350.615234375
-2049.48828125
-1758.84765625
-1479.45703125
-1212.033203125
-957.25390625
-715.7578125
-488.134765625
-274.939453125
-76.673828125
106.201171875
273.271484375
424.166015625
558.5625
676.19140625
776.822265625
860.279296875
926.439453125
975.22265625
1006.611328125
1020.625
1017.34765625
996.916015625
959.515625
905.388671875
834.83203125
748.197265625
645.890625
528.373046875
396.16015625
249.8203125
89.9765625
-82.693359375
-267.46484375
-463.5625
-670.154296875
-886.375
-1111.302734375
-1343.9765625
-1583.3984375
-1828.529296875
-2078.294921875
-2331.59375
-2587.294921875
-2844.240234375
-3101.259765625
-3357.162109375
-3610.74609375
-3860.80859375
-4106.14453125
-4345.552734375
-4577.84375
-4801.84765625
-5016.416015625
-5220.427734375
-5412.806640625
-5592.5078125
-5758.54296875
-5909.982421875
-6045.958984375
-6165.67578125
-6268.416015625
-6353.546875
-6420.533203125
-6468.931640625
-6498.416015625
-6508.76953125
-6499.884765625
-6471.796875
-6424.662109375
-6358.771484375
-6274.564453125
-6172.619140625
-6053.662109375
-5918.5703125
-5768.37890625
-5604.267578125
-5427.572265625
-5239.783203125
-5042.537109375
-4837.623046875
-4626.96875
-4412.64453125
-4196.84765625
-3981.904296875
-3770.255859375
-3564.4453125
-3367.123046875
-3181.009765625
-3008.904296875
-2853.6640625
-2718.1875
-2605.400390625
-2518.23828125
-2459.630859375
-2432.482421875
-2439.658203125
-2483.958984375
-2568.107421875
-2694.728515625
-2866.32421875
-3085.26953125
-3353.775390625
-3673.880859375
-4047.4375
-4476.087890625
-4961.24609375
-5504.095703125
-6105.556640625
-6766.287109375
-7486.671875
-8266.802734375
-9106.4765625
-10005.189453125
-10962.123046875
-11976.15625
-13045.84765625
-14169.4453125
-15344.8828125
-16569.798828125
-17841.5234375
-19157.091796875
-20513.259765625
-21906.515625
-23333.083984375
-24788.955078125
-26269.8828125
-27771.423828125
-29288.939453125
-30817.630859375
-32352.55078125
-33888.62890625
-35420.701171875
-36943.529296875
-38451.828125
-39940.283203125
-41403.595703125
-42836.48828125
-44233.7421875
-45590.220703125
-46900.890625
-48160.853515625
-49365.36328125
-50509.857421875
-51589.96875
-52601.55078125
-53540.703125
-54403.779296875
-55187.41796875
-55888.5390625
-56504.373046875
-57032.46875
-57470.69921875
-57817.27734375
-58070.75
-58230.0234375
-58294.33984375
-58263.298828125
-58136.84765625
-57915.27734375
-57599.21875
-57189.642578125
-56687.833984375
-56095.40234375
-55414.2578125
-54646.59765625
-53794.896484375
-52861.888671875
-51850.544921875
-50764.0703125
-49605.861328125
-48379.5
-47088.73828125
-45737.46484375
-44329.68359375
-42869.498046875
-41361.0859375
-39808.673828125
-38216.51953125
-36588.88671875
-34930.021484375
-33244.13671875
-31535.384765625
-29807.845703125
-28065.49609375
-26312.20703125
-24551.71484375
-22787.611328125
-21023.330078125
-19262.130859375
-17507.0859375
-15761.0859375
-14026.810546875
-12306.734375
-10603.125
-8918.033203125
-7253.294921875
-5610.53515625
-3991.1640625
-2396.3828125
-827.197265625
715.5859375
2231.345703125
3719.634765625
5180.171875
6612.82421875
8017.59375
9394.619140625
10744.130859375
12066.46484375
13362.01953125
14631.26171875
15874.701171875
17092.869140625
18286.302734375
19455.5390625
20601.087890625
21723.423828125
22822.96875
23900.078125
24955.03125
25988.01953125
26999.142578125
27988.3828125
28955.625
29900.630859375
30823.04296875
31722.384765625
32598.0625
33449.361328125
34275.451171875
35075.396484375
35848.16015625
36592.611328125
37307.529296875
37991.63671875
38643.583984375
39261.98046875
39845.408203125
40392.427734375
40901.599609375
41371.5078125
41800.765625
42188.029296875
42532.033203125
42831.583984375
43085.59375
43293.076171875
43453.177734375
43565.1875
43628.53515625
43642.822265625
43607.806640625
43523.435546875
43389.83203125
43207.302734375
42976.3515625
42697.66015625
42372.103515625
42000.732421875
41584.783203125
41125.65234375
40624.908203125
40084.26171875
39505.5625
38890.787109375
38242.0234375
37561.44921875
36851.326171875
36113.970703125
35351.744140625
34567.02734375
33762.216796875
32939.6875
32101.78515625
31250.8046875
30388.982421875
29518.466796875
28641.310546875
27759.455078125
26874.720703125
25988.791015625
25103.208984375
24219.357421875
23338.47265625
22461.623046875
21589.7109375
20723.48046875
19863.5078125
19010.216796875
18163.8671875
17324.587890625
16492.353515625
15667.021484375
14848.3359375
14035.93359375
13229.369140625
12428.123046875
11631.62109375
10839.251953125
10050.380859375
9264.376953125
8480.6171875
7698.5078125
6917.515625
6137.166015625
5357.0625
4576.916015625
3796.533203125
3015.859375
2234.962890625
1454.0546875
673.505859375
-106.1640625
-884.275390625
-1659.974609375
-2432.251953125
-3199.935546875
-3961.69140625
-4716.03125
-5461.326171875
-6195.8046875
-6917.568359375
-7624.609375
-8314.810546875
-8985.974609375
-9635.83984375
-10262.083984375
-10862.353515625
-11434.28515625
-11975.51171875
-12483.697265625
-12956.548828125
-13391.837890625
-13787.4140625
-14141.240234375
-14451.38671875
-14716.078125
-14933.68359375
-15102.75
-15222.009765625
-15290.390625
-15307.03515625
-15271.30859375
-15182.80078125
-15041.34375
-14847.00390625
-14600.103515625
-14301.201171875
-13951.103515625
-13550.865234375
-13101.7734375
-12605.361328125
-12063.376953125
-11477.791015625
-10850.787109375
-10184.73828125
-9482.203125
-8745.9140625
-7978.751953125
-7183.736328125
-6364.015625
-5522.8359375
-4663.529296875
-3789.501953125
-2904.208984375
-2011.134765625
-1113.77734375
-215.63671875
679.8125
1569.138671875
2448.955078125
3315.95703125
4166.9140625
4998.70703125
5808.32421875
6592.875
7349.6171875
8075.939453125
8769.396484375
9427.701171875
10048.734375
10630.552734375
11171.388671875
11669.65625
12123.947265625
12533.041015625
12895.896484375
13211.65234375
13479.623046875
13699.29296875
13870.326171875
13992.537109375
14065.90625
14090.564453125
14066.779296875
13994.9609375
13875.64453125
13709.482421875
13497.240234375
13239.787109375
12938.076171875
12593.15234375
12206.1328125
11778.1953125
11310.58203125
10804.580078125
10261.515625
9682.75
9069.666015625
8423.666015625
7746.16796875
7038.583984375
6302.337890625
5538.837890625
4749.486328125
3935.673828125
3098.76171875
2240.103515625
1361.01953125
462.806640625
-453.265625
-1385.9609375
-2334.068359375
-3296.408203125
-4271.830078125
-5259.224609375
-6257.494140625
-7265.5859375
-8282.46875
-9307.13671875
-10338.611328125
-11375.935546875
-12418.181640625
-13464.43359375
-14513.8046875
-15565.416015625
-16618.41015625
-17671.947265625
-18725.193359375
-19777.333984375
-20827.556640625
-21875.072265625
-22919.087890625
-23958.830078125
-24993.529296875
-26022.423828125
-27044.763671875
-28059.8046875
-29066.810546875
-30065.0625
-31053.83984375
-32032.443359375
-33000.177734375
-33956.3671875
-34900.345703125
-35831.46484375
-36749.087890625
-37652.6015625
-38541.400390625
-39414.904296875
-40272.556640625
-41113.8125
-41938.150390625
-42745.072265625
-43534.1015625
-44304.775390625
-45056.658203125
-45789.33203125
-46502.400390625
-47195.474609375
-47868.1953125
-48520.20703125
-49151.17578125
-49760.76953125
-50348.6640625
-50914.544921875
-51458.1015625
-51979.009765625
-52476.94921875
-52951.59375
-53402.599609375
-53829.60546875
-54232.240234375
-54610.1015625
-54962.763671875
-55289.7734375
-55590.642578125
-55864.84765625
-56111.830078125
-56330.982421875
-56521.66796875
-56683.1953125
-56814.8359375
-56915.8125
-56985.298828125
-57022.4375
-57026.3125
-56995.978515625
-56930.447265625
-56828.6953125
-56689.671875
-56512.296875
-56295.46875
-56038.07421875
-55738.990234375
-55397.08984375
-55011.26171875
-54580.40234375
-54103.431640625
-53579.3125
-53007.0390625
-52385.66796875
-51714.31640625
-50992.17578125
-50218.517578125
-49392.71875
-48514.248046875
-47582.703125
-46597.798828125
-45559.38671875
-44467.46484375
-43322.18359375
-42123.853515625
-40872.953125
-39570.138671875
-38216.25
-36812.3046875
-35359.515625
-33859.28515625
-32313.212890625
-30723.09375
-29090.9140625
-27418.853515625
-25709.283203125
-23964.7578125
-22188.017578125
-20381.96875
-18549.6875
-16694.41015625
-14819.513671875
-12928.51953125
-11025.0625
-9112.90234375
-7195.884765625
-5277.943359375
-3363.080078125
-1455.34375
441.171875
2322.36328125
4184.123046875
6022.357421875
7833.0078125
9612.072265625
11355.603515625
13059.75
14720.759765625
16334.994140625
17898.953125
19409.28515625
20862.796875
22256.478515625
23587.5
24853.244140625
26051.294921875
27179.462890625
28235.783203125
29218.533203125
30126.228515625
30957.634765625
31711.767578125
32387.8984375
32985.55078125
33504.501953125
33944.791015625
34306.697265625
34590.75390625
34797.73828125
34928.658203125
34984.763671875
34967.51953125
34878.60546875
34719.916015625
34493.53125
34201.720703125
33846.931640625
33431.771484375
32958.998046875
32431.5078125
31852.322265625
31224.578125
30551.51171875
29836.44140625
29082.759765625
28293.923828125
27473.435546875
26624.828125
25751.66015625
24857.4921875
23945.884765625
23020.3828125
22084.505859375
21141.7265625
20195.470703125
19249.109375
18305.9296875
17369.150390625
16441.890625
15527.17578125
14627.9140625
13746.91015625
12886.833984375
12050.228515625
11239.501953125
10456.912109375
9704.5703125
8984.431640625
8298.2890625
7647.779296875
7034.359375
6459.32421875
5923.7890625
5428.69140625
4974.794921875
4562.68359375
4192.755859375
3865.236328125
3580.1640625
3337.40234375
3136.640625
2977.38671875
2858.982421875
2780.6015625
2741.251953125
2739.783203125
2774.892578125
2845.12890625
2948.900390625
3084.484375
3250.03515625
3443.583984375
3663.056640625
3906.287109375
4171.013671875
4454.904296875
4755.552734375
5070.5078125
5397.26171875
5733.2890625
6076.037109375
6422.939453125
6771.4453125
7119.015625
7463.134765625
7801.333984375
8131.193359375
8450.3515625
8756.52734375
9047.521484375
9321.2265625
9575.634765625
9808.853515625
10019.115234375
10204.765625
10364.29296875
10496.3203125
10599.611328125
10673.078125
10715.78125
10726.931640625
10705.888671875
10652.169921875
10565.4296875
10445.484375
10292.2890625
10105.935546875
9886.658203125
9634.81640625
9350.90234375
9035.515625
8689.375
8313.29296875
7908.181640625
7475.03515625
7014.92578125
6528.986328125
6018.408203125
5484.43359375
4928.3359375
4351.419921875
3755.00390625
3140.423828125
2509.005859375
1862.07421875
1200.935546875
526.869140625
-158.865234375
-855.056640625
-1560.525390625
-2274.146484375
-2994.841796875
-3721.583984375
-4453.40625
-5189.39453125
-5928.69921875
-6670.5234375
-7414.1328125
-8158.84375
-8904.029296875
-9649.11328125
-10393.568359375
-11136.908203125
-11878.68359375
-12618.482421875
-13355.916015625
-14090.62109375
-14822.23828125
-15550.4375
-16274.869140625
-16995.193359375
-17711.046875
-18422.05078125
-19127.8046875
-19827.873046875
-20521.78125
-21209.01171875
-21888.99609375
-22561.111328125
-23224.67578125
-23878.943359375
-24523.103515625
-25156.275390625
-25777.51171875
-26385.7890625
-26980.009765625
-27559.017578125
-28121.572265625
-28666.373046875
-29192.0546875
-29697.19140625
-30180.302734375
-30639.85546875
-31074.275390625
-31481.95703125
-31861.255859375
-32210.51953125
-32528.076171875
-32812.259765625
-33061.41015625
-33273.890625
-33448.09375
-33582.45703125
-33675.47265625
-33725.69921875
-33731.7734375
-33692.421875
-33606.474609375
-33472.87109375
-33290.677734375
-33059.08984375
-32777.45703125
-32445.275390625
-32062.203125
-31628.07421875
-31142.892578125
-30606.853515625
-30020.337890625
-29383.9140625
-28698.3515625
-27964.62109375
-27183.8828125
-26357.49609375
-25487.021484375
-24574.205078125
-23620.982421875
-22629.470703125
-21601.966796875
-20540.921875
-19448.958984375
-18328.837890625
-17183.4609375
-16015.845703125
-14829.125
-13626.529296875
-12411.361328125
-11186.990234375
-9956.84375
-8724.37109375
-7493.041015625
-6266.322265625
-5047.66796875
-3840.486328125
-2648.1484375
-1473.943359375
-321.08984375
807.302734375
1908.232421875
2978.822265625
4016.345703125
5018.212890625
5982.01171875
6905.4921875
7786.5859375
8623.416015625
9414.30078125
10157.751953125
10852.486328125
11497.421875
12091.6875
12634.607421875
13125.7109375
13564.7265625
13951.576171875
14286.365234375
14569.390625
14801.109375
14982.154296875
15113.306640625
15195.494140625
15229.78515625
15217.359375
15159.515625
15057.6484375
14913.236328125
14727.837890625
14503.06640625
14240.587890625
13942.107421875
13609.349609375
13244.052734375
12847.9609375
12422.810546875
11970.318359375
11492.16796875
10990.021484375
10465.478515625
9920.103515625
9355.392578125
8772.783203125
8173.64453125
7559.2734375
6930.88671875
6289.62890625
5636.5625
4972.666015625
4298.8359375
3615.892578125
2924.56640625
2225.51171875
1519.3046875
806.439453125
87.341796875
-637.63671875
-1368.21875
-2104.18359375
-2845.380859375
-3591.71484375
-4343.14453125
-5099.6875
-5861.39453125
-6628.373046875
-7400.76171875
-8178.736328125
-8962.5
-9752.2890625
-10548.35546875
-11350.966796875
-12160.408203125
-12976.970703125
-13800.947265625
-14632.626953125
-15472.302734375
-16320.244140625
-17176.705078125
-18041.921875
-18916.1015625
-19799.412109375
-20691.994140625
-21593.927734375
-22505.251953125
-23425.947265625
-24355.9296875
-25295.04296875
-26243.056640625
-27199.6640625
-28164.4609375
-29136.955078125
-30116.55859375
-31102.5703125
-32094.189453125
-33090.490234375
-34090.447265625
-35092.892578125
-36096.548828125
-37100.0078125
-38101.73828125
-39100.076171875
-40093.23046875
-41079.291015625
-42056.21875
-43021.853515625
-43973.927734375
-44910.05859375
-45827.76171875
-46724.45703125
-47597.482421875
-48444.09765625
-49261.5
-50046.8359375
-50797.20703125
-51509.697265625
-52181.380859375
-52809.33203125
-53390.65234375
-53922.486328125
-54402.025390625
-54826.548828125
-55193.416015625
-55500.1015625
-55744.2109375
-55923.490234375
-56035.84765625
-56079.37890625
-56052.36328125
-55953.296875
-55780.90234375
-55534.130859375
-55212.1875
-54814.541015625
-54340.91796875
-53791.330078125
-53166.064453125
-52465.69921875
-51691.09375
-50843.404296875
-49924.060546875
-48934.791015625
-47877.59765625
-46754.748046875
-45568.779296875
-44322.484375
-43018.88671875
-41661.24609375
-40253.02734375
-38797.892578125
-37299.681640625
-35762.390625
-34190.150390625
-32587.208984375
-30957.908203125
-29306.658203125
-27637.919921875
-25956.177734375
-24265.912109375
-22571.583984375
-20877.611328125
-19188.333984375
-17508.005859375
-15840.767578125
-14190.62109375
-12561.4140625
-10956.82421875
-9380.3359375
-7835.224609375
-6324.546875
-4851.119140625
-3417.517578125
-2026.056640625
-678.78125
622.525390625
1876.3671875
3081.513671875
4237.03125
5342.25390625
6396.794921875
7400.541015625
8353.6484375
9256.52734375
10109.837890625
10914.482421875
11671.583984375
12382.4921875
13048.740234375
13672.052734375
14254.32421875
14797.595703125
15304.04296875
15775.947265625
16215.6953125
16625.748046875
17008.619140625
17366.86328125
17703.052734375
18019.76171875
18319.544921875
18604.91796875
18878.353515625
19142.244140625
19398.90234375
19650.544921875
19899.267578125
20147.048828125
20395.7265625
20646.99609375
20902.392578125
21163.294921875
21430.908203125
21706.2734375
21990.244140625
22283.5078125
22586.5703125
22899.7578125
23223.228515625
23556.962890625
23900.78125
24254.341796875
24617.15234375
24988.57421875
25367.837890625
25754.04296875
26146.177734375
26543.12890625
26943.693359375
27346.591796875
27750.470703125
28153.935546875
28555.548828125
28953.845703125
29347.353515625
29734.59765625
30114.119140625
30484.484375
30844.296875
31192.21484375
31526.9453125
31847.279296875
32152.072265625
32440.279296875
32710.943359375
32963.2109375
33196.33203125
33409.671875
33602.705078125
33775.021484375
33926.33203125
34056.466796875
34165.365234375
34253.091796875
34319.810546875
34365.8046875
34391.453125
34397.244140625
34383.75390625
34351.63671875
34301.638671875
34234.5703125
34151.310546875
34052.7890625
33939.98828125
33813.921875
33675.640625
33526.212890625
33366.71875
33198.25
33021.8828125
32838.6953125
32649.73828125
32456.044921875
32258.611328125
32058.40234375
31856.333984375
31653.28125
31450.07421875
31247.48046875
31046.216796875
30846.947265625
30650.265625
30456.724609375
30266.806640625
30080.9375
29899.494140625
29722.791015625
29551.09765625
29384.626953125
29223.552734375
29068.005859375
28918.072265625
28773.806640625
28635.234375
28502.345703125
28375.1171875
28253.49609375
28137.421875
28026.81640625
27921.591796875
27821.65625
27726.9140625
27637.271484375
27552.62890625
27472.896484375
27397.978515625
27327.796875
27262.26953125
27201.318359375
27144.880859375
27092.8828125
27045.265625
27001.96484375
26962.9140625
26928.05078125
26897.298828125
26870.580078125
26847.802734375
26828.86328125
26813.640625
26801.990234375
26793.755859375
26788.748046875
26786.75
26787.517578125
26790.775390625
26796.2109375
26803.48046875
26812.19921875
26821.953125
26832.28125
26842.689453125
26852.650390625
26861.59765625
26868.9296875
26874.01953125
26876.20703125
26874.802734375
26869.10546875
26858.384765625
26841.90234375
26818.912109375
26788.66015625
26750.400390625
26703.384765625
26646.890625
26580.20703125
26502.6484375
26413.5703125
26312.35546875
26198.439453125
26071.302734375
25930.48828125
25775.595703125
25606.298828125
25422.333984375
25223.51953125
25009.759765625
24781.03125
24537.40625
24279.04296875
24006.193359375
23719.197265625
23418.484375
23104.58203125
22778.103515625
22439.751953125
22090.310546875
21730.650390625
21361.71484375
20984.525390625
20600.162109375
20209.7734375
19814.556640625
19415.755859375
19014.654296875
18612.5625
18210.8125
17810.751953125
17413.724609375
17021.0703125
16634.10546875
16254.126953125
15882.392578125
15520.111328125
15168.43359375
14828.447265625
14501.16796875
14187.5234375
13888.3515625
13604.392578125
13336.28125
13084.541015625
12849.578125
12631.67578125
12430.99609375
12247.568359375
12081.298828125
11931.95703125
11799.185546875
11682.49609375
11581.2734375
11494.783203125
11422.1640625
11362.443359375
11314.541015625
11277.275390625
11249.369140625
11229.462890625
11216.119140625
11207.83984375
11203.064453125
11200.201171875
11197.6171875
11193.666015625
11186.6953125
11175.05859375
11157.126953125
11131.30859375
11096.056640625
11049.8828125
10991.3671875
10919.177734375
10832.07421875
10728.921875
10608.70703125
10470.537109375
10313.66015625
10137.466796875
9941.490234375
9725.435546875
9489.15625
9232.677734375
8956.197265625
8660.076171875
8344.845703125
8011.21484375
7660.0546875
7292.404296875
6909.458984375
6512.5703125
6103.240234375
5683.10546875
5253.9375
4817.626953125
4376.169921875
3931.666015625
3486.294921875
3042.310546875
2602.01953125
2167.771484375
1741.94921875
1326.9375
925.119140625
538.861328125
170.484375
-177.73828125
-503.6015625
-804.98828125
-1079.8828125
-1326.375
-1542.697265625
-1727.212890625
-1878.44921875
-1995.09375
-2076.013671875
-2120.271484375
-2127.11328125
-2096.0
-2026.599609375
-1918.791015625
-1772.6796875
-1588.58984375
-1367.0625
-1108.87109375
-814.998046875
-486.6484375
-125.23828125
267.615234375
690.08984375
1140.18359375
1615.71484375
2114.32421875
2633.515625
3170.63671875
3722.921875
4287.48828125
4861.361328125
5441.494140625
6024.775390625
6608.0625
7188.181640625
7761.970703125
8326.271484375
8877.97265625
9414.009765625
9931.40234375
10427.255859375
10898.7890625
11343.349609375
11758.4296875
12141.681640625
12490.9296875
12804.19140625
13079.685546875
13315.837890625
13511.306640625
13664.9609375
13775.9296875
13843.5703125
13867.486328125
13847.537109375
13783.822265625
13676.693359375
13526.7421875
13334.80859375
13101.955078125
12829.482421875
12518.896484375
12171.919921875
11790.46484375
11376.625
10932.66796875
10461.005859375
9964.1953125
9444.90625
8905.9140625
8350.080078125
7780.328125
7199.630859375
6610.98828125
6017.41796875
5421.916015625
4827.462890625
4236.990234375
3653.369140625
3079.396484375
2517.76953125
1971.0859375
1441.81640625
932.302734375
444.7421875
-18.828125
-456.521484375
-866.6328125
-1247.62109375
-1598.134765625
-1916.9921875
-2203.20703125
-2455.96875
-2674.6484375
-2858.802734375
-3008.150390625
-3122.591796875
-3202.18359375
-3247.142578125
-3257.830078125
-3234.7421875
-3178.513671875
-3089.884765625
-2969.712890625
-2818.9453125
-2638.61328125
-2429.82421875
-2193.744140625
-1931.583984375
-1644.59765625
-1334.064453125
-1001.2734375
-647.53125
-274.12890625
117.650390625
526.546875
951.322265625
1390.78125
1843.76171875
2309.15625
2785.89453125
3272.96484375
3769.40234375
4274.3046875
4786.81640625
5306.13671875
5831.517578125
6362.25390625
6897.6953125
7437.224609375
7980.267578125
8526.2734375
9074.728515625
9625.134765625
10177.0078125
10729.873046875
11283.259765625
11836.69140625
12389.68359375
12941.73828125
13492.328125
14040.91015625
14586.8984375
15129.681640625
15668.60546875
16202.96875
16732.029296875
17254.998046875
17771.03515625
18279.255859375
18778.724609375
19268.45703125
19747.427734375
20214.56640625
20668.76953125
21108.888671875
21533.755859375
21942.17578125
22332.93359375
22704.80859375
23056.572265625
23387.001953125
23694.888671875
23979.046875
24238.318359375
24471.583984375
24677.7734375
24855.876953125
25004.94921875
25124.115234375
25212.595703125
25269.69140625
25294.81640625
25287.478515625
25247.314453125
25174.068359375
25067.625
24927.99609375
24755.3203125
24549.888671875
24312.126953125
24042.599609375
23742.0234375
23411.248046875
23051.267578125
22663.216796875
22248.357421875
21808.08203125
21343.90234375
20857.453125
20350.466796875
19824.78125
19282.314453125
18725.0625
18155.091796875
17574.513671875
16985.478515625
16390.16796875
15790.765625
15189.455078125
14588.400390625
13989.7265625
13395.513671875
12807.771484375
12228.427734375
11659.3203125
11102.16796875
10558.572265625
10029.990234375
9517.732421875
9022.9453125
8546.603515625
8089.494140625
7652.220703125
7235.181640625
6838.572265625
6462.3828125
6106.390625
5770.16015625
5453.044921875
5154.193359375
4872.541015625
4606.83203125
4355.611328125
4117.248046875
3889.931640625
3671.69921875
3460.439453125
3253.90625
3049.74609375
2845.50390625
2638.6484375
2426.599609375
2206.7265625
1976.3984375
1732.98046875
1473.876953125
1196.5390625
898.49609375
577.37109375
230.91015625
-142.99609375
-546.298828125
-980.76953125
-1447.974609375
-1949.263671875
-2485.75
-3058.296875
-3667.513671875
-4313.7265625
-4996.986328125
-5717.05078125
-6473.38671875
-7265.1640625
-8091.25390625
-8950.234375
-9840.390625
-10759.724609375
-11705.9609375
-12676.560546875
-13668.73046875
-14679.439453125
-15705.443359375
-16743.28515625
-17789.3359375
-18839.802734375
-19890.7578125
-20938.1640625
-21977.900390625
-23005.78125
-24017.59375
-25009.123046875
-25976.173828125
-26914.60546875
-27820.359375
-28689.4765625
-29518.140625
-30302.689453125
-31039.650390625
-31725.7578125
-32357.9765625
-32933.529296875
-33449.904296875
-33904.884765625
-34296.5625
-34623.337890625
-34883.95703125
-35077.501953125
-35203.396484375
-35261.427734375
-35251.736328125
-35174.818359375
-35031.525390625
-34823.06640625
-34550.986328125
-34217.171875
-33823.8359375
-33373.5078125
-32869.01171875
-32313.453125
-31710.212890625
-31062.908203125
-30375.390625
-29651.708984375
-28896.091796875
-28112.9296875
-27306.740234375
-26482.150390625
-25643.869140625
-24796.658203125
-23945.3046875
-23094.60546875
-22249.328125
-21414.1953125
-20593.853515625
-19792.85546875
-19015.625
-18266.453125
-17549.455078125
-16868.5703125
-16227.52734375
-15629.8359375
-15078.771484375
-14577.349609375
-14128.33203125
-13734.1875
-13397.119140625
-13119.021484375
-12901.49609375
-12745.841796875
-12653.048828125
-12623.796875
-12658.470703125
-12757.13671875
-12919.572265625
-13145.2578125
-13433.392578125
-13782.892578125
-14192.41015625
-14660.33984375
-15184.83984375
-15763.8359375
-16395.0390625
-17075.962890625
-17803.9453125
-18576.15625
-19389.615234375
-20241.2265625
-21127.7734375
-22045.962890625
-22992.4140625
-23963.71484375
-24956.40234375
-25967.009765625
-26992.072265625
-28028.14453125
-29071.822265625
-30119.755859375
-31168.666015625
-32215.359375
-33256.7421875
-34289.833984375
-35311.7734375
-36319.841796875
-37311.45703125
-38284.1875
-39235.76953125
-40164.08984375
-41067.212890625
-41943.37109375
-42790.96875
-43608.576171875
-44394.947265625
-45148.9921875
-45869.791015625
-46556.58984375
-47208.779296875
-47825.90234375
-48407.640625
-48953.810546875
-49464.341796875
-49939.283203125
-50378.783203125
-50783.07421875
-51152.47265625
-51487.353515625
-51788.15234375
-52055.34375
-52289.4296875
-52490.9296875
-52660.3671875
-52798.259765625
-52905.111328125
-52981.388671875
-53027.529296875
-53043.9140625
-53030.873046875
-52988.671875
-52917.5
-52817.474609375
-52688.625
-52530.896484375
-52344.1484375
-52128.138671875
-51882.5390625
-51606.927734375
-51300.791015625
-50963.525390625
-50594.439453125
-50192.765625
-49757.6484375
-49288.173828125
-48783.359375
-48242.16796875
-47663.513671875
-47046.27734375
-46389.3046875
-45691.43359375
-44951.494140625
-44168.318359375
-43340.7578125
-42467.69921875
-41548.05859375
-40580.822265625
-39565.03515625
-38499.818359375
-37384.39453125
-36218.076171875
-35000.3046875
-33730.6328125
-32408.765625
-31034.5390625
-29607.95703125
-28129.1796875
-26598.54296875
-25016.564453125
-23383.94140625
-21701.564453125
-19970.521484375
-18192.095703125
-16367.76953125
-14499.232421875
-12588.365234375
-10637.25390625
-8648.181640625
-6623.623046875
-4566.248046875
-2478.900390625
-364.607421875
1773.4375
3931.8828125
6107.2265625
8295.82421875
10493.916015625
12697.61328125
14902.939453125
17105.826171875
19302.1328125
21487.66796875
23658.19140625
25809.447265625
27937.16796875
30037.09375
32104.9921875
34136.671875
36128.00390625
38074.927734375
39973.48046875
41819.802734375
43610.154296875
45340.935546875
47008.693359375
48610.140625
50142.1640625
51601.833984375
52986.419921875
54293.39453125
55520.44921875
56665.48828125
57726.65234375
58702.30859375
59591.052734375
60391.734375
61103.421875
61725.435546875
62257.33203125
62698.89453125
63050.15234375
63311.3515625
63482.962890625
63565.6796875
63560.400390625
63468.224609375
63290.455078125
63028.5703125
62684.234375
62259.271484375
61755.66796875
61175.556640625
60521.208984375
59795.021484375
58999.509765625
58137.294921875
57211.1015625
56223.736328125
55178.0859375
54077.107421875
52923.818359375
51721.29296875
50472.650390625
49181.041015625
47849.654296875
46481.703125
45080.41796875
43649.04296875
42190.830078125
40709.0390625
39206.921875
37687.7265625
36154.69140625
34611.044921875
33059.9921875
31504.71875
29948.3828125
28394.1171875
26845.013671875
25304.1328125
23774.486328125
22259.041015625
20760.7109375
19282.34765625
17826.740234375
16396.611328125
14994.595703125
13623.25390625
12285.05078125
10982.345703125
9717.3984375
8492.3515625
7309.22265625
6169.89453125
5076.109375
4029.46875
3031.408203125
2083.193359375
1185.9296875
340.529296875
-452.275390625
-1191.94921875
-1878.154296875
-2510.759765625
-3089.841796875
-3615.689453125
-4088.798828125
-4509.888671875
-4879.8828125
-5199.923828125
-5471.35546875
-5695.734375
-5874.8125
-6010.53515625
-6105.029296875
-6160.6015625
-6179.720703125
-6165.005859375
-6119.220703125
-6045.251953125
-5946.095703125
-5824.84375
-5684.66796875
-5528.798828125
-5360.513671875
-5183.107421875
-4999.884765625
-4814.140625
-4629.13671875
-4448.08203125
-4274.125
-4110.3203125
-3959.623046875
-3824.873046875
-3708.76953125
-3613.865234375
-3542.546875
-3497.02734375
-3479.33203125
-3491.287109375
-3534.515625
-3610.423828125
-3720.201171875
-3864.818359375
-4045.0078125
-4261.28515625
-4513.9375
-4803.017578125
-5128.3671875
-5489.603515625
-5886.12890625
-6317.14453125
-6781.650390625
-7278.455078125
-7806.193359375
-8363.328125
-8948.166015625
-9558.869140625
-10193.462890625
-10849.861328125
-11525.86328125
-12219.18359375
-12927.455078125
-13648.2421875
-14379.060546875
-15117.38671875
-15860.67578125
-16606.36328125
-17351.888671875
-18094.705078125
-18832.28515625
-19562.1328125
-20281.80078125
-20988.896484375
-21681.083984375
-22356.103515625
-23011.771484375
-23645.990234375
-24256.748046875
-24842.146484375
-25400.380859375
-25929.748046875
-26428.669921875
-26895.67578125
-27329.41796875
-27728.669921875
-28092.330078125
-28419.423828125
-28709.10546875
-28960.66015625
-29173.50390625
-29347.185546875
-29481.388671875
-29575.927734375
-29630.759765625
-29645.97265625
-29621.7890625
-29558.568359375
-29456.80859375
-29317.140625
-29140.328125
-28927.27734375
-28679.021484375
-28396.7265625
-28081.693359375
-27735.349609375
-27359.251953125
-26955.08203125
-26524.640625
-26069.85546875
-25592.7578125
-25095.501953125
-24580.337890625
-24049.623046875
-23505.80859375
-22951.4296875
-22389.111328125
-21821.54296875
-21251.482421875
-20681.744140625
-20115.185546875
-19554.703125
-19003.21484375
-18463.65625
-17938.962890625
-17432.0546875
-16945.833984375
-16483.162109375
-16046.8515625
-15639.65234375
-15264.228515625
-14923.16015625
-14618.919921875
-14353.85546875
-14130.1796875
-13949.966796875
-13815.119140625
-13727.375
-13688.27734375
-13699.18359375
-13761.236328125
-13875.359375
-14042.251953125
-14262.37890625
-14535.962890625
-14862.98046875
-15243.158203125
-15675.96484375
-16160.609375
-16696.052734375
-17280.994140625
-17913.880859375
-18592.91015625
-19316.0390625
-20080.982421875
-20885.23046875
-21726.05859375
-22600.53125
-23505.51953125
-24437.71484375
-25393.6484375
-26369.6953125
-27362.111328125
-28367.03125
-29380.50390625
-30398.50390625
-31416.953125
-32431.748046875
-33438.7734375
-34433.935546875
-35413.162109375
-36372.453125
-37307.87890625
-38215.61328125
-39091.951171875
-39933.330078125
-40736.34375
-41497.771484375
-42214.578125
-42883.947265625
-43503.287109375
-44070.240234375
-44582.705078125
-45038.833984375
-45437.052734375
-45776.0546875
-46054.81640625
-46272.595703125
-46428.92578125
-46523.623046875
-46556.787109375
-46528.78515625
-46440.244140625
-46292.0546875
-46085.35546875
-45821.515625
-45502.134765625
-45129.013671875
-44704.146484375
-44229.703125
-43708.017578125
-43141.556640625
-42532.91015625
-41884.7734375
-41199.916015625
-40481.17578125
-39731.431640625
-38953.580078125
-38150.53125
-37325.16796875
-36480.345703125
-35618.8671875
-34743.470703125
-33856.806640625
-32961.43359375
-32059.79296875
-31154.212890625
-30246.8828125
-29339.8515625
-28435.0234375
-27534.14453125
-26638.80078125
-25750.41796875
-24870.2578125
-23999.41796875
-23138.830078125
-22289.267578125
-21451.34375
-20625.52734375
-19812.130859375
-19011.330078125
-18223.173828125
-17447.578125
-16684.3515625
-15933.193359375
-15193.70703125
-14465.4140625
-13747.75390625
-13040.107421875
-12341.80078125
-11652.111328125
-10970.287109375
-10295.548828125
-9627.103515625
-8964.15234375
-8305.90234375
-7651.5625
-7000.369140625
-6351.580078125
-5704.486328125
-5058.416015625
-4412.740234375
-3766.87890625
-3120.302734375
-2472.54296875
-1823.1875
-1171.884765625
-518.349609375
137.630859375
796.205078125
1457.44921875
2121.36328125
2787.876953125
3456.841796875
4128.037109375
4801.154296875
5475.8203125
6151.572265625
6827.869140625
7504.09375
8179.541015625
8853.427734375
9524.884765625
10192.96875
10856.64453125
11514.794921875
12166.228515625
12809.669921875
13443.759765625
14067.06640625
14678.080078125
15275.22265625
15856.841796875
16421.2265625
16966.6015625
17491.14453125
17992.978515625
18470.1953125
18920.849609375
19342.9765625
19734.599609375
20093.7421875
20418.4375
20706.7421875
20956.74609375
21166.59375
21334.4921875
21458.720703125
21537.658203125
21569.794921875
21553.73828125
21488.236328125
21372.19140625
21204.673828125
20984.939453125
20712.43359375
20386.814453125
20007.9609375
19575.982421875
19091.2265625
18554.2890625
17966.0234375
17327.541015625
16640.212890625
15905.681640625
15125.845703125
14302.87109375
13439.17578125
12537.43359375
11600.552734375
10631.68359375
9634.1875
8611.640625
7567.80078125
6506.603515625
5432.1328125
4348.61328125
3260.376953125
2171.83984375
1087.490234375
11.84765625
-1050.546875
-2095.16796875
-3117.5234375
-4113.19140625
-5077.830078125
-6007.220703125
-6897.2734375
-7744.0703125
-8543.87109375
-9293.14453125
-9988.5859375
-10627.138671875
-11206.001953125
-11722.662109375
-12174.884765625
-12560.744140625
-12878.626953125
-13127.23046875
-13305.58203125
-13413.033203125
-13449.259765625
-13414.259765625
-13308.361328125
-13132.19921875
-12886.71875
-12573.1640625
-12193.0625
-11748.21875
-11240.697265625
-10672.8046875
-10047.07421875
-9366.244140625
-8633.248046875
-7851.1875
-7023.314453125
-6153.005859375
-5243.751953125
-4299.12890625
-3322.779296875
-2318.390625
-1289.6796875
-240.369140625
825.830078125
1905.240234375
2994.2265625
4089.21875
5186.73046875
6283.357421875
7375.80859375
8460.908203125
9535.609375
10596.998046875
11642.306640625
12668.916015625
13674.3671875
14656.357421875
15612.748046875
16541.5703125
17441.013671875
18309.435546875
19145.357421875
19947.46875
20714.607421875
21445.7734375
22140.115234375
22796.9296875
23415.658203125
23995.865234375
24537.259765625
25039.662109375
25503.01171875
25927.359375
26312.861328125
26659.767578125
26968.4140625
27239.228515625
27472.7109375
27669.431640625
27830.02734375
27955.197265625
28045.6953125
28102.3203125
28125.923828125
28117.392578125
28077.654296875
28007.666015625
27908.427734375
27780.953125
27626.29296875
27445.515625
27239.716796875
27010.009765625
26757.52734375
26483.423828125
26188.873046875
25875.0625
25543.201171875
25194.513671875
24830.2421875
24451.646484375
24060.0078125
23656.619140625
23242.794921875
22819.865234375
22389.181640625
21952.111328125
21510.03515625
21064.357421875
20616.49609375
20167.876953125
19719.953125
19274.18359375
18832.033203125
18394.986328125
17964.529296875
17542.146484375
17129.333984375
16727.580078125
16338.369140625
15963.17578125
15603.4609375
15260.666015625
14936.21484375
14631.5
14347.880859375
14086.677734375
13849.173828125
13636.591796875
13450.107421875
13290.83203125
13159.80859375
13058.0078125
12986.322265625
12945.552734375
12936.41796875
12959.533203125
13015.412109375
13104.470703125
13226.99609375
13383.173828125
13573.060546875
13796.595703125
14053.5859375
14343.7109375
14666.517578125
15021.421875
15407.705078125
15824.51171875
16270.857421875
16745.62109375
17247.55078125
17775.271484375
18327.27734375
18901.9375
19497.509765625
20112.140625
20743.86328125
21390.61328125
22050.232421875
22720.470703125
23399.005859375
24083.44140625
24771.318359375
25460.119140625
26147.2890625
26830.236328125
27506.33984375
28172.966796875
28827.48046875
29467.24609375
30089.642578125
30692.08203125
31272.0
31826.890625
32354.291015625
32851.81640625
33317.14453125
33748.044921875
34142.37890625
34498.107421875
34813.302734375
35086.154296875
35314.974609375
35498.21484375
35634.4609375
35722.44140625
35761.037109375
35749.287109375
35686.384765625
35571.693359375
35404.740234375
35185.220703125
34913.001953125
34588.125
34210.80859375
33781.4375
33300.57421875
32768.953125
32187.478515625
31557.220703125
30879.4140625
30155.455078125
29386.89453125
28575.43359375
27722.9140625
26831.3203125
25902.763671875
24939.478515625
23943.810546875
22918.212890625
21865.23046875
20787.4921875
19687.703125
18568.630859375
17433.087890625
16283.9375
15124.05859375
13956.349609375
12783.712890625
11609.03515625
10435.189453125
9265.00390625
8101.26171875
6946.69140625
5803.9453125
4675.599609375
3564.123046875
2471.896484375
1401.1796875
354.109375
-667.3046875
-1661.1953125
-2625.833984375
-3559.646484375
-4461.208984375
-5329.259765625
-6162.6953125
-6960.5703125
-7722.103515625
-8446.677734375
-9133.82421875
-9783.240234375
-10394.763671875
-10968.384765625
-11504.232421875
-12002.564453125
-12463.76171875
-12888.32421875
-13276.853515625
-13630.048828125
-13948.69140625
-14233.63671875
-14485.802734375
-14706.15625
-14895.705078125
-15055.482421875
-15186.533203125
-15289.908203125
-15366.65234375
-15417.796875
-15444.3359375
-15447.236328125
-15427.412109375
-15385.73046875
-15322.994140625
-15239.947265625
-15137.255859375
-15015.51953125
-14875.255859375
-14716.912109375
-14540.849609375
-14347.357421875
-14136.64453125
-13908.853515625
-13664.05078125
-13402.25
-13123.392578125
-12827.376953125
-12514.056640625
-12183.244140625
-11834.7265625
-11468.271484375
-11083.6328125
-10680.568359375
-10258.837890625
-9818.2265625
-9358.53515625
-8879.61328125
-8381.345703125
-7863.673828125
-7326.599609375
-6770.1953125
-6194.6015625
-5600.044921875
-4986.8359375
-4355.373046875
-3706.1484375
-3039.74609375
-2356.84765625
-1658.228515625
-944.765625
-217.421875
522.75
1274.599609375
2036.90625
2808.365234375
3587.599609375
4373.171875
5163.5859375
5957.294921875
6752.712890625
7548.216796875
8342.16796875
9132.9140625
9918.7890625
10698.142578125
11469.333984375
12230.748046875
12980.80078125
13717.958984375
14440.728515625
15147.685546875
15837.466796875
16508.783203125
17160.43359375
17791.298828125
18400.35546875
18986.673828125
19549.43359375
20087.91796875
20601.515625
21089.732421875
21552.185546875
21988.607421875
22398.84375
22782.85546875
23140.720703125
23472.623046875
23778.869140625
24059.857421875
24316.109375
24548.234375
24756.955078125
24943.07421875
25107.494140625
25251.201171875
25375.259765625
25480.810546875
25569.06640625
25641.30078125
25698.845703125
25743.083984375
25775.443359375
25797.392578125
25810.427734375
25816.076171875
25815.875
25811.3828125
25804.154296875
25795.740234375
25787.681640625
25781.505859375
25778.712890625
25780.76171875
25789.083984375
25805.056640625
25829.99609375
25865.16796875
25911.76171875
25970.888671875
26043.58203125
26130.783203125
26233.33203125
26351.97265625
26487.337890625
26639.947265625
26810.197265625
26998.37109375
27204.615234375
27428.947265625
27671.255859375
27931.287109375
28208.65625
28502.833984375
28813.15625
29138.82421875
29478.896484375
29832.30078125
30197.837890625
30574.17578125
30959.865234375
31353.341796875
31752.92578125
32156.845703125
32563.224609375
32970.107421875
33375.466796875
33777.203125
34173.1640625
34561.16015625
34938.96484375
35304.333984375
35655.0234375
35988.78515625
36303.3984375
36596.677734375
36866.474609375
37110.703125
37327.3515625
37514.490234375
37670.283203125
37793.00390625
37881.041015625
37932.91796875
37947.2890625
37922.955078125
37858.87890625
37754.181640625
37608.146484375
37420.240234375
37190.095703125
36917.53515625
36602.552734375
36245.3359375
35846.248046875
35405.833984375
34924.818359375
34404.103515625
33844.759765625
33248.021484375
32615.29296875
31948.1171875
31248.19140625
30517.34765625
29757.548828125
28970.865234375
28159.484375
27325.69140625
26471.849609375
25600.40625
24713.87109375
23814.8046875
22905.80859375
21989.515625
21068.58203125
20145.666015625
19223.42578125
18304.51171875
17391.544921875
16487.115234375
15593.77734375
14714.02734375
13850.310546875
13005.001953125
12180.404296875
11378.7421875
10602.150390625
9852.67578125
9132.267578125
8442.771484375
7785.92578125
7163.36328125
6576.59765625
6027.03125
5515.94140625
5044.482421875
4613.693359375
4224.4765625
3877.603515625
3573.724609375
3313.34765625
3096.853515625
2924.484375
2796.34375
2712.396484375
2672.470703125
2676.25
2723.27734375
2812.94921875
2944.51953125
3117.1015625
3329.65234375
3580.9921875
3869.7890625
4194.5625
4553.697265625
4945.421875
5367.822265625
5818.84765625
6296.3046875
6797.865234375
7321.068359375
7863.32421875
8421.921875
8994.03515625
9576.7265625
10166.962890625
10761.611328125
11357.462890625
11951.23828125
12539.599609375
13119.15234375
13686.48828125
14238.166015625
14770.75390625
15280.826171875
15764.994140625
16219.91796875
16642.322265625
17029.0234375
17376.943359375
17683.123046875
17944.75390625
18159.189453125
18323.966796875
18436.8203125
18495.705078125
18498.8203125
18444.603515625
18331.771484375
18159.322265625
17926.544921875
17633.0390625
17278.71484375
16863.8125
16388.89453125
15854.86328125
15262.951171875
14614.728515625
13912.091796875
13157.267578125
12352.80078125
11501.541015625
10606.638671875
9671.5234375
8699.88671875
7695.671875
6663.0390625
5606.361328125
4530.17578125
3439.1796875
2338.18359375
1232.099609375
125.896484375
-975.419921875
-2066.849609375
-3143.416015625
-4200.21484375
-5232.4375
-6235.390625
-7204.5546875
-8135.587890625
-9024.369140625
-9867.01953125
-10659.927734375
-11399.779296875
-12083.5703125
-12708.62890625
-13272.63671875
-13773.638671875
-14210.0546875
-14580.685546875
-14884.72265625
-15121.75390625
-15291.751953125
-15395.080078125
-15432.482421875
-15405.076171875
-15314.333984375
-15162.080078125
-14950.46484375
-14681.9375
-14359.24609375
-13985.388671875
-13563.603515625
-13097.3359375
-12590.212890625
-12046.0078125
-11468.611328125
-10862.0078125
-10230.224609375
-9577.328125
-8907.3671875
-8224.359375
-7532.255859375
-6834.91015625
-6136.052734375
-5439.271484375
-4747.978515625
-4065.390625
-3394.521484375
-2738.14453125
-2098.791015625
-1478.73828125
-879.9921875
-304.28515625
246.927734375
772.4765625
1271.470703125
1743.298828125
2187.619140625
2604.35546875
2993.69140625
3356.046875
3692.080078125
4002.650390625
4288.826171875
4551.8515625
4793.125
5014.1875
5216.69921875
5402.416015625
5573.173828125
5730.8515625
5877.373046875
6014.66796875
6144.658203125
6269.2421875
6390.265625
6509.521484375
6628.7109375
6749.453125
6873.251953125
7001.498046875
7135.453125
7276.240234375
7424.837890625
7582.0859375
7748.65625
7925.083984375
8111.7421875
8308.857421875
8516.50390625
8734.615234375
8962.98828125
9201.283203125
9449.04296875
9705.693359375
9970.556640625
10242.861328125
10521.75
10806.296875
11095.513671875
11388.365234375
11683.77734375
11980.650390625
12277.87109375
12574.326171875
12868.904296875
13160.517578125
13448.09765625
13730.62109375
14007.099609375
14276.603515625
14538.251953125
14791.234375
15034.806640625
15268.2890625
15491.08984375
15702.681640625
15902.62109375
16090.5390625
16266.14453125
16429.224609375
16579.642578125
16717.328125
16842.283203125
16954.576171875
17054.330078125
17141.728515625
17217.005859375
17280.44140625
17332.34765625
17373.080078125
17403.015625
17422.552734375
17432.10546875
17432.09765625
17422.951171875
17405.087890625
17378.91796875
17344.833984375
17303.208984375
17254.388671875
17198.685546875
17136.37890625
17067.69921875
16992.841796875
16911.943359375
16825.09375
16732.326171875
16633.6171875
16528.888671875
16417.994140625
16300.73046875
16176.83203125
16045.978515625
15907.78125
15761.796875
15607.521484375
15444.408203125
15271.84375
15089.181640625
14895.71875
14690.728515625
14473.439453125
14243.0546875
13998.759765625
13739.720703125
13465.099609375
13174.0546875
12865.751953125
12539.373046875
12194.119140625
11829.228515625
11443.974609375
11037.6796875
10609.720703125
10159.541015625
9686.658203125
9190.66796875
8671.255859375
8128.203125
7561.392578125
6970.81640625
6356.583984375
5718.91796875
5058.177734375
4374.837890625
3669.51171875
2942.9453125
2196.01953125
1429.748046875
645.279296875
-156.1015625
-972.978515625
-1803.81640625
-2646.947265625
-3500.595703125
-4362.8671875
-5231.767578125
-6105.20703125
-6981.009765625
-7856.921875
-8730.625
-9599.74609375
-10461.8671875
-11314.541015625
-12155.298828125
-12981.671875
-13791.1953125
-14581.42578125
-15349.95703125
-16094.4296875
-16812.548828125
-17502.087890625
-18160.912109375
-18786.984375
-19378.38671875
-19933.314453125
-20450.09765625
-20927.21875
-21363.3046875
-21757.146484375
-22107.705078125
-22414.111328125
-22675.681640625
-22891.91796875
-23062.50390625
-23187.32421875
-23266.4453125
-23300.1328125
-23288.8359375
-23233.203125
-23134.05859375
-22992.416015625
-22809.4609375
-22586.552734375
-22325.2109375
-22027.11328125
-21694.087890625
-21328.091796875
-20931.21875
-20505.669921875
-20053.75390625
-19577.87890625
-19080.5234375
-18564.23828125
-18031.626953125
-17485.33203125
-16928.0234375
-16362.384765625
-15791.095703125
-15216.82421875
-14642.205078125
-14069.83203125
-13502.240234375
-12941.896484375
-12391.18359375
-11852.3984375
-11327.716796875
-10819.20703125
-10328.802734375
-9858.30078125
-9409.3515625
-8983.443359375
-8581.90625
-8205.892578125
-7856.3828125
-7534.171875
-7239.8671875
-6973.890625
-6736.470703125
-6527.64453125
-6347.25390625
-6194.955078125
-6070.216796875
-5972.31640625
-5900.361328125
-5853.27734375
-5829.82421875
-5828.607421875
-5848.07421875
-5886.53515625
-5942.169921875
-6013.037109375
-6097.09375
-6192.1953125
-6296.123046875
-6406.58984375
-6521.248046875
-6637.73046875
-6753.630859375
-6866.54296875
-6974.0703125
-7073.833984375
-7163.49609375
-7240.779296875
-7303.4609375
-7349.40625
-7376.578125
-7383.044921875
-7366.9921875
-7326.7421875
-7260.75
-7167.6328125
-7046.158203125
-6895.263671875
-6714.060546875
-6501.833984375
-6258.056640625
-5982.375
-5674.634765625
-5334.857421875
-4963.248046875
-4560.201171875
-4126.2890625
-3662.25390625
-3169.005859375
-2647.626953125
-2099.349609375
-1525.552734375
-927.748046875
-307.587890625
333.16796875
992.6484375
1668.884765625
2359.830078125
3063.359375
3777.291015625
4499.396484375
5227.40625
5959.03125
6691.97265625
7423.927734375
8152.603515625
8875.73828125
9591.095703125
10296.478515625
10989.755859375
11668.845703125
12331.7421875
12976.517578125
13601.326171875
14204.416015625
14784.1328125
15338.92578125
15867.34765625
16368.068359375
16839.8671875
17281.64453125
17692.419921875
18071.33203125
18417.64453125
18730.740234375
19010.12890625
19255.439453125
19466.421875
19642.9453125
19785.001953125
19892.6953125
19966.2421875
20005.96875
20012.310546875
19985.806640625
19927.09375
19836.90234375
19716.05859375
19565.46484375
19386.115234375
19179.072265625
18945.466796875
18686.49609375
18403.4140625
18097.5234375
17770.173828125
17422.751953125
17056.671875
16673.373046875
16274.310546875
15860.9453125
15434.74609375
14997.16796875
14549.65625
14093.62890625
13630.484375
13161.580078125
12688.23046875
12211.69921875
11733.19921875
11253.876953125
10774.810546875
10297.013671875
9821.4140625
9348.859375
8880.1171875
8415.865234375
7956.693359375
7503.099609375
7055.48828125
6614.181640625
6179.40234375
5751.29296875
5329.908203125
4915.220703125
4507.12890625
4105.453125
3709.955078125
3320.33203125
2936.23046875
2557.248046875
2182.94921875
1812.8671875
1446.51171875
1083.388671875
722.994140625
364.8359375
8.43359375
-346.66796875
-700.88671875
-1054.603515625
-1408.15234375
-1761.8046875
-2115.775390625
-2470.201171875
-2825.15625
-3180.62890625
-3536.52734375
-3892.67578125
-4248.80859375
-4604.580078125
-4959.5546875
-5313.2109375
-5664.9453125
-6014.07421875
-6359.83984375
-6701.41015625
-7037.89453125
-7368.341796875
-7691.744140625
-8007.0546875
-8313.197265625
-8609.05859375
-8893.515625
-9165.431640625
-9423.67578125
-9667.123046875
-9894.671875
-10105.244140625
-10297.8046875
-10471.359375
-10624.966796875
-10757.74609375
-10868.888671875
-10957.650390625
-11023.373046875
-11065.4765625
-11083.466796875
-11076.9453125
-11045.599609375
-10989.2109375
-10907.65625
-10800.904296875
-10669.021484375
-10512.154296875
-10330.55078125
-10124.53125
-9894.51171875
-9640.98046875
-9364.494140625
-9065.693359375
-8745.2734375
-8403.9921875
-8042.66796875
-7662.16015625
-7263.3828125
-6847.287109375
-6414.861328125
-5967.125
-5505.126953125
-5029.939453125
-4542.658203125
-4044.39453125
-3536.275390625
-3019.443359375
-2495.048828125
-1964.259765625
-1428.248046875
-888.193359375
-345.283203125
199.28125
744.296875
1288.548828125
1830.8203125
2369.880859375
2904.494140625
3433.4140625
3955.390625
4469.16015625
4973.462890625
5467.01953125
5948.564453125
6416.810546875
6870.4921875
7308.333984375
7729.0703125
8131.451171875
8514.23828125
8876.21875
9216.203125
9533.037109375
9825.603515625
10092.8359375
10333.71484375
10547.2890625
10732.66796875
10889.04296875
11015.68359375
11111.9609375
11177.33203125
11211.369140625
11213.75
11184.27734375
11122.873046875
11029.591796875
10904.626953125
10748.30078125
10561.083984375
10343.580078125
10096.548828125
9820.880859375
9517.619140625
9187.94140625
8833.162109375
8454.73046875
8054.22265625
7633.333984375
7193.875
6737.759765625
6267.001953125
5783.69921875
5290.0234375
4788.21484375
4280.560546875
3769.39453125
3257.076171875
2745.978515625
2238.474609375
1736.93359375
1243.689453125
761.0546875
291.28125
-163.4375
-600.974609375
-1019.29296875
-1416.447265625
-1790.59375
-2139.99609375
-2463.04296875
-2758.24609375
-3024.24609375
-3259.826171875
-3463.90234375
-3635.537109375
-3773.9375
-3878.458984375
-3948.591796875
-3983.98828125
-3984.423828125
-3949.830078125
-3880.265625
-3775.921875
-3637.12109375
-3464.3046875
-3258.033203125
-3018.97265625
-2747.89453125
-2445.669921875
-2113.25
-1751.6796875
-1362.07421875
-945.611328125
-503.541015625
-37.15625
452.193359375
963.123046875
1494.20703125
2043.99609375
2611.013671875
3193.7578125
3790.724609375
4400.38671875
5021.21875
5651.685546875
6290.2578125
6935.400390625
7585.591796875
8239.310546875
8895.044921875
9551.29296875
10206.568359375
10859.390625
11508.298828125
12151.845703125
12788.59765625
13417.138671875
14036.076171875
14644.03125
15239.64453125
15821.587890625
16388.544921875
16939.232421875
17472.392578125
17986.798828125
18481.25
18954.5859375
19405.6796875
19833.44140625
20236.826171875
20614.83203125
20966.509765625
21290.955078125
21587.31640625
21854.806640625
22092.69140625
22300.302734375
22477.037109375
22622.359375
22735.80859375
22816.986328125
22865.583984375
22881.353515625
22864.138671875
22813.853515625
22730.49609375
22614.138671875
22464.94140625
22283.138671875
22069.046875
21823.056640625
21545.634765625
21237.328125
20898.755859375
20530.595703125
20133.60546875
19708.6015625
19256.462890625
18778.126953125
18274.583984375
17746.876953125
17196.09375
16623.37109375
16029.876953125
15416.822265625
14785.451171875
14137.033203125
13472.865234375
12794.265625
12102.578125
11399.154296875
10685.361328125
9962.5859375
9232.216796875
8495.65234375
7754.29296875
7009.546875
6262.822265625
5515.529296875
4769.07421875
4024.86328125
3284.3046875
2548.791015625
1819.720703125
1098.482421875
386.45703125
-314.984375
-1004.478515625
-1680.673828125
-2342.234375
-2987.83203125
-3616.166015625
-4225.947265625
-4815.9140625
-5384.830078125
-5931.482421875
-6454.693359375
-6953.326171875
-7426.27734375
-7872.4921875
-8290.962890625
-8680.734375
-9040.919921875
-9370.68359375
-9669.265625
-9935.984375
-10170.2265625
-10371.47265625
-10539.29296875
-10673.34375
-10773.384765625
-10839.28125
-10870.994140625
-10868.60546875
-10832.298828125
-10762.37890625
-10659.2578125
-10523.46875
-10355.66015625
-10156.591796875
-9927.138671875
-9668.287109375
-9381.12890625
-9066.86328125
-8726.783203125
-8362.27734375
-7974.8203125
-7565.970703125
-7137.349609375
-6690.65625
-6227.630859375
-5750.064453125
-5259.791015625
-4758.65625
-4248.533203125
-3731.296875
-3208.814453125
-2682.935546875
-2155.490234375
-1628.267578125
-1103.0078125
-581.408203125
-65.087890625
444.3984375
945.57421875
1437.052734375
1917.5390625
2385.830078125
2840.82421875
3281.525390625
3707.0390625
4116.580078125
4509.46484375
4885.115234375
5243.056640625
5582.908203125
5904.388671875
6207.30078125
6491.533203125
6757.052734375
7003.892578125
7232.1484375
7441.96484375
7633.5390625
7807.09375
7962.8828125
8101.177734375
8222.25390625
8326.392578125
8413.8515625
8484.888671875
8539.720703125
8578.5390625
8601.5
8608.70703125
8600.220703125
8576.048828125
8536.142578125
8480.392578125
8408.646484375
8320.673828125
8216.208984375
8094.921875
7956.4375
7800.3359375
7626.162109375
7433.423828125
7221.607421875
6990.185546875
6738.6171875
6466.3671875
6172.912109375
5857.748046875
5520.408203125
5160.458984375
4777.52734375
4371.302734375
3941.548828125
3488.10546875
3010.9140625
2510.01171875
1985.546875
1437.78515625
867.10546875
274.029296875
-340.802734375
-976.603515625
-1632.458984375
-2307.306640625
-2999.951171875
-3709.05859375
-4433.158203125
-5170.6484375
-5919.806640625
-6678.78125
-7445.609375
-8218.2265625
-8994.466796875
-9772.076171875
-10548.7265625
-11322.0234375
-12089.51953125
-12848.71875
-13597.109375
-14332.150390625
-15051.30078125
-15752.04296875
-16431.865234375
-17088.3046875
-17718.947265625
-18321.4375
-18893.501953125
-19432.951171875
-19937.69921875
-20405.763671875
-20835.29296875
-21224.55859375
-21571.9765625
-21876.109375
-22135.671875
-22349.546875
-22516.779296875
-22636.58984375
-22708.37109375
-22731.703125
-22706.337890625
-22632.216796875
-22509.45703125
-22338.36328125
-22119.419921875
-21853.28515625
-21540.798828125
-21182.966796875
-20780.9609375
-20336.1171875
-19849.921875
-19324.013671875
-18760.169921875
-18160.298828125
-17526.431640625
-16860.7109375
-16165.392578125
-15442.81640625
-14695.4140625
-13925.68359375
-13136.185546875
-12329.529296875
-11508.365234375
-10675.36328125
-9833.21484375
-8984.599609375
-8132.197265625
-7278.654296875
-6426.5859375
-5578.556640625
-4737.068359375
-3904.552734375
-3083.35546875
-2275.7265625
-1483.8125
-709.638671875
44.890625
778.0078125
1488.08984375
2173.66015625
2833.400390625
3466.15625
4070.9375
4646.921875
5193.470703125
5710.103515625
6196.53125
6652.625
7078.435546875
7474.177734375
7840.236328125
8177.146484375
8485.599609375
8766.43359375
9020.6171875
9249.25
9453.537109375
9634.80078125
9794.44140625
9933.939453125
10054.84765625
10158.763671875
10247.318359375
10322.16796875
10384.974609375
10437.39453125
10481.048828125
10517.541015625
10548.408203125
10575.12890625
10599.103515625
10621.646484375
10643.966796875
10667.169921875
10692.234375
10720.017578125
10751.23828125
10786.482421875
10826.1875
10870.642578125
10919.998046875
10974.25
11033.25
11096.708984375
11164.1953125
11235.146484375
11308.87109375
11384.55859375
11461.291015625
11538.04296875
11613.70703125
11687.087890625
11756.92578125
11821.9140625
11880.6953125
11931.88671875
11974.08984375
12005.90234375
12025.9375
12032.82421875
12025.23828125
12001.89453125
11961.572265625
11903.1171875
11825.462890625
11727.626953125
11608.72265625
11467.978515625
11304.7265625
11118.419921875
10908.634765625
10675.0703125
10417.5546875
10136.046875
9830.6328125
9501.53515625
9149.09765625
8773.7890625
8376.2109375
7957.078125
7517.216796875
7057.576171875
6579.197265625
6083.232421875
5570.919921875
5043.58984375
4502.654296875
3949.591796875
3385.955078125
2813.35546875
2233.458984375
1647.974609375
1058.65625
467.28515625
-124.326171875
-714.345703125
-1300.9296875
-1882.224609375
-2456.376953125
-3021.5390625
-3575.869140625
-4117.54296875
-4644.759765625
-5155.74609375
-5648.7578125
-6122.095703125
-6574.09765625
-7003.158203125
-7407.72265625
-7786.298828125
-8137.462890625
-8459.86328125
-8752.234375
-9013.384765625
-9242.220703125
-9437.748046875
-9599.0703125
-9725.404296875
-9816.080078125
-9870.55078125
-9888.396484375
-9869.322265625
-9813.1796875
-9719.9453125
-9589.751953125
-9422.876953125
-9219.744140625
-8980.927734375
-8707.15234375
-8399.298828125
-8058.390625
-7685.609375
-7282.26953125
-6849.837890625
-6389.91015625
-5904.2109375
-5394.583984375
-4862.994140625
-4311.501953125
-3742.259765625
-3157.50390625
-2559.5390625
-1950.716796875
-1333.43359375
-710.111328125
-83.18359375
544.931640625
1171.828125
1795.150390625
2412.58203125
3021.89453125
3620.935546875
4207.654296875
4780.12109375
5336.533203125
5875.234375
6394.71484375
6893.63671875
7370.8359375
7825.32421875
8256.306640625
8663.177734375
9045.529296875
9403.150390625
9736.01953125
10044.31640625
10328.404296875
10588.833984375
10826.328125
11041.783203125
11236.24609375
11410.908203125
11567.099609375
11706.259765625
11829.9296875
11939.7421875
12037.392578125
12124.630859375
12203.234375
12275.0078125
12341.740234375
12405.203125
12467.13671875
12529.21875
12593.0625
12660.1875
12732.0234375
12809.880859375
12894.943359375
12988.265625
13090.75390625
13203.166015625
13326.099609375
13459.994140625
13605.123046875
13761.599609375
13929.365234375
14108.20703125
14297.755859375
14497.486328125
14706.7265625
14924.669921875
15150.384765625
15382.810546875
15620.79296875
15863.0703125
16108.3046875
16355.083984375
16601.9375
16847.35546875
17089.79296875
17327.68359375
17559.46484375
17783.5703125
17998.4609375
18202.625
18394.583984375
18572.923828125
18736.275390625
18883.34765625
19012.9140625
19123.833984375
19215.046875
19285.583984375
19334.56640625
19361.20703125
19364.8125
19344.787109375
19300.625
19231.912109375
19138.326171875
19019.62890625
18875.669921875
18706.375
18511.74609375
18291.859375
18046.853515625
17776.9375
17482.373046875
17163.482421875
16820.6328125
16454.23828125
16064.76171875
15652.705078125
15218.60546875
14763.041015625
14286.6171875
13789.98046875
13273.8046875
12738.798828125
12185.703125
11615.291015625
11028.37109375
10425.783203125
9808.408203125
9177.1640625
8533.01171875
7876.947265625
7210.015625
6533.306640625
5847.9609375
5155.162109375
4456.142578125
3752.19140625
3044.64453125
2334.888671875
1624.35546875
914.53515625
206.951171875
-496.8203125
-1195.16796875
-1886.44140625
-2568.962890625
-3241.02734375
-3900.908203125
-4546.87109375
-5177.169921875
-5790.0625
-6383.818359375
-6956.72265625
-7507.09375
-8033.279296875
-8533.6796875
-9006.74609375
-9450.99609375
-9865.025390625
-10247.5078125
-10597.21484375
-10913.013671875
-11193.888671875
-11438.93359375
-11647.373046875
-11818.556640625
-11951.974609375
-12047.2578125
-12104.18359375
-12122.673828125
-12102.802734375
-12044.8046875
-11949.056640625
-11816.091796875
-11646.595703125
-11441.3984375
-11201.478515625
-10927.953125
-10622.068359375
-10285.2109375
-9918.875
-9524.681640625
-9104.341796875
-8659.677734375
-8192.583984375
-7705.041015625
-7199.0859375
-6676.8125
-6140.353515625
-5591.87890625
-5033.568359375
-4467.611328125
-3896.193359375
-3321.482421875
-2745.611328125
-2170.681640625
-1598.740234375
-1031.765625
-471.673828125
79.703125
620.626953125
1149.455078125
1664.654296875
2164.80859375
2648.607421875
3114.880859375
3562.583984375
3990.802734375
4398.76171875
4785.826171875
5151.498046875
5495.419921875
5817.376953125
6117.2890625
6395.21484375
6651.34375
6885.994140625
7099.611328125
7292.76171875
7466.1171875
7620.466796875
7756.69140625
7875.765625
7978.748046875
8066.775390625
8141.044921875
8202.81640625
8253.388671875
8294.10546875
8326.333984375
8351.462890625
8370.8828125
8385.984375
8398.150390625
8408.732421875
8419.060546875
8430.419921875
8444.048828125
8461.1328125
8482.78125
8510.05078125
8543.904296875
8585.228515625
8634.82421875
8693.390625
8761.541015625
8839.775390625
8928.505859375
9028.033203125
9138.552734375
9260.1640625
9392.8515625
9536.505859375
9690.9140625
9855.7734375
10030.6796875
10215.14453125
10408.595703125
10610.380859375
10819.775390625
11035.9921875
11258.177734375
11485.4296875
11716.796875
11951.296875
12187.904296875
12425.5859375
12663.279296875
12899.91796875
13134.43359375
13365.763671875
13592.859375
13814.685546875
14030.234375
14238.53125
14438.62890625
14629.623046875
14810.65625
14980.912109375
15139.626953125
15286.08984375
15419.640625
15539.673828125
15645.640625
15737.046875
15813.451171875
15874.462890625
15919.748046875
15949.017578125
15962.029296875
15958.58203125
15938.51953125
15901.71875
15848.0859375
15777.5625
15690.109375
15585.708984375
15464.361328125
15326.076171875
15170.87109375
14998.7734375
14809.802734375
14603.986328125
14381.33984375
14141.875
13885.59375
13612.484375
13322.525390625
13015.685546875
12691.919921875
12351.166015625
11993.359375
11618.41796875
11226.259765625
10816.79296875
10389.923828125
9945.564453125
9483.630859375
9004.05078125
8506.759765625
7991.72265625
7458.921875
6908.376953125
6340.1328125
5754.2890625
5150.978515625
4530.40234375
3892.80078125
3238.4921875
2567.857421875
1881.349609375
1179.498046875
462.9140625
-267.705078125
-1011.57421875
-1767.82421875
-2535.494140625
-3313.52734375
-4100.775390625
-4896.00390625
-5697.87890625
-6504.986328125
-7315.828125
-8128.814453125
-8942.283203125
-9754.50390625
-10563.673828125
-11367.931640625
-12165.369140625
-12954.025390625
-13731.908203125
-14496.99609375
-15247.2578125
-15980.6484375
-16695.12890625
-17388.6796875
-18059.302734375
-18705.0390625
-19323.984375
-19914.28515625
-20474.173828125
-21001.958984375
-21496.05078125
-21954.958984375
-22377.318359375
-22761.88671875
-23107.564453125
-23413.390625
-23678.56640625
-23902.453125
-24084.580078125
-24224.654296875
-24322.5625
-24378.373046875
-24392.341796875
-24364.91796875
-24296.736328125
-24188.619140625
-24041.580078125
-23856.814453125
-23635.701171875
-23379.79296875
-23090.8125
-22770.6484375
-22421.333984375
-22045.056640625
-21644.13671875
-21221.009765625
-20778.232421875
-20318.44921875
-19844.396484375
-19358.875
-18864.748046875
-18364.908203125
-17862.279296875
-17359.791015625
-16860.365234375
-16366.900390625
-15882.251953125
-15409.2265625
-14950.552734375
-14508.875
-14086.736328125
-13686.564453125
-13310.658203125
-12961.17578125
-12640.12109375
-12349.3359375
-12090.484375
-11865.052734375
-11674.328125
-11519.412109375
-11401.193359375
-11320.357421875
-11277.38671875
-11272.5390625
-11305.875
-11377.236328125
-11486.259765625
-11632.369140625
-11814.8046875
-12032.59375
-12284.58984375
-12569.4609375
-12885.701171875
-13231.65234375
-13605.49609375
-14005.283203125
-14428.927734375
-14874.240234375
-15338.92578125
-15820.599609375
-16316.802734375
-16825.017578125
-17342.677734375
-17867.19140625
-18395.943359375
-18926.3125
-19455.69140625
-19981.4921875
-20501.166015625
-21012.20703125
-21512.169921875
-21998.68359375
-22469.455078125
-22922.283203125
-23355.064453125
-23765.810546875
-24152.640625
-24513.802734375
-24847.669921875
-25152.75390625
-25427.697265625
-25671.294921875
-25882.470703125
-26060.30859375
-26204.03515625
-26313.01953125
-26386.787109375
-26425.00390625
-26427.482421875
-26394.18359375
-26325.201171875
-26220.76953125
-26081.26171875
-25907.177734375
-25699.142578125
-25457.904296875
-25184.330078125
-24879.40234375
-24544.19921875
-24179.916015625
-23787.833984375
-23369.333984375
-22925.873046875
-22458.998046875
-21970.326171875
-21461.54296875
-20934.40234375
-20390.708984375
-19832.330078125
-19261.169921875
-18679.1796875
-18088.34375
-17490.6796875
-16888.224609375
-16283.04296875
-15677.201171875
-15072.77734375
-14471.857421875
-13876.509765625
-13288.802734375
-12710.783203125
-12144.4765625
-11591.880859375
-11054.953125
-10535.611328125
-10035.7265625
-9557.11328125
-9101.521484375
-8670.63671875
-8266.06640625
-7889.33203125
-7541.880859375
-7225.044921875
-6940.0703125
-6688.0859375
-6470.109375
-6287.041015625
-6139.650390625
-6028.578125
-5954.326171875
-5917.259765625
-5917.59765625
-5955.408203125
-6030.611328125
-6142.970703125
-6292.095703125
-6477.4375
-6698.28515625
-6953.783203125
-7242.90625
-7564.48046875
-7917.1796875
-8299.53125
-8709.908203125
-9146.5546875
-9607.57421875
-10090.9453125
-10594.5234375
-11116.048828125
-11653.1640625
-12203.41015625
-12764.244140625
-13333.046875
-13907.13671875
-14483.7734375
-15060.1796875
-15633.546875
-16201.041015625
-16759.83203125
-17307.087890625
-17839.998046875
-18355.78125
-18851.697265625
-19325.05859375
-19773.248046875
-20193.72265625
-20584.025390625
-20941.79296875
-21264.78125
-21550.84765625
-21797.984375
-22004.314453125
-22168.09375
-22287.734375
-22361.79296875
-22388.982421875
-22368.177734375
-22298.419921875
-22178.90625
-22009.0078125
-21788.26171875
-21516.373046875
-21193.208984375
-20818.80859375
-20393.369140625
-19917.244140625
-19390.943359375
-18815.134765625
-18190.626953125
-17518.365234375
-16799.4375
-16035.056640625
-15226.556640625
-14375.390625
-13483.115234375
-12551.38671875
-11581.9609375
-10576.666015625
-9537.423828125
-8466.2109375
-7365.07421875
-6236.111328125
-5081.46484375
-3903.3203125
-2703.88671875
-1485.404296875
-250.126953125
999.681640625
2261.751953125
3533.818359375
4813.625
6098.9296875
7387.5078125
8677.166015625
9965.732421875
11251.07421875
12531.09765625
13803.748046875
15067.021484375
16318.958984375
17557.654296875
18781.259765625
19987.98046875
21176.0859375
22343.90625
23489.833984375
24612.322265625
25709.8984375
26781.154296875
27824.74609375
28839.40234375
29823.91796875
30777.15625
31698.052734375
32585.60546875
33438.88671875
34257.029296875
35039.23828125
35784.78125
36492.98828125
37163.2578125
37795.044921875
38387.86328125
38941.287109375
39454.947265625
39928.52734375
40361.76171875
40754.4375
41106.390625
41417.49609375
41687.677734375
41916.8984375
42105.162109375
42252.5078125
42359.005859375
42424.763671875
42449.91796875
42434.6328125
42379.1015625
42283.537109375
42148.1875
41973.31640625
41759.208984375
41506.177734375
41214.548828125
40884.6796875
40516.9453125
40111.740234375
39669.48828125
39190.6328125
38675.642578125
38125.0234375
37539.302734375
36919.044921875
36264.8515625
35577.35546875
34857.2421875
34105.236328125
33322.11328125
32508.703125
31665.890625
30794.625
29895.921875
28970.859375
28020.59765625
27046.369140625
26049.48828125
25031.35546875
23993.45703125
22937.3671875
21864.75390625
20777.38671875
19677.119140625
18565.904296875
17445.796875
16318.939453125
15187.572265625
14054.02734375
12920.71875
11790.15625
10664.91796875
9547.662109375
8441.11328125
7348.052734375
6271.31640625
5213.7734375
4178.3359375
3167.927734375
2185.482421875
1233.931640625
316.185546875
-564.875
-1406.419921875
-2205.67578125
-2959.9453125
-3666.625
-4323.224609375
-4927.369140625
-5476.830078125
-5969.529296875
-6403.560546875
-6777.203125
-7088.93359375
-7337.439453125
-7521.640625
-7640.685546875
-7693.97265625
-7681.154296875
-7602.150390625
-7457.150390625
-7246.619140625
-6971.30078125
-6632.216796875
-6230.677734375
-5768.26171875
-5246.83203125
-4668.513671875
-4035.705078125
-3351.04296875
-2617.421875
-1837.94921875
-1015.96484375
-154.9921875
741.25390625
1668.904296875
2623.943359375
3602.23828125
4599.564453125
5611.611328125
6634.033203125
7662.453125
8692.5
9719.830078125
10740.150390625
11749.24609375
12743.0078125
13717.45703125
14668.759765625
15593.259765625
16487.49609375
17348.22265625
18172.431640625
18957.35546875
19700.50390625
20399.662109375
21052.90234375
21658.59765625
22215.4296875
22722.388671875
23178.7734375
23584.205078125
23938.599609375
24242.1953125
24495.515625
24699.380859375
24854.880859375
24963.37890625
25026.482421875
25046.033203125
25024.083984375
24962.888671875
24864.865234375
24732.58984375
24568.763671875
24376.1953125
24157.76953125
23916.431640625
23655.15625
23376.931640625
23084.724609375
22781.46484375
22470.025390625
22153.1953125
21833.66015625
21513.98828125
21196.60546875
20883.79296875
20577.65234375
20280.1171875
19992.921875
19717.609375
19455.509765625
19207.74609375
18975.232421875
18758.662109375
18558.5234375
18375.08984375
18208.4296875
18058.416015625
17924.732421875
17806.875
17704.171875
17615.796875
17540.76953125
17477.98828125
17426.220703125
17384.14453125
17350.341796875
17323.328125
17301.5625
17283.46875
17267.439453125
17251.8671875
17235.1484375
17215.69921875
17191.98046875
17162.48828125
17125.791015625
17080.525390625
17025.408203125
16959.25390625
16880.9765625
16789.58984375
16684.232421875
16564.15625
16428.73828125
16277.474609375
16109.998046875
15926.0625
15725.552734375
15508.482421875
15274.98828125
15025.326171875
14759.880859375
14479.138671875
14183.70703125
13874.29296875
13551.703125
13216.833984375
12870.6796875
12514.30078125
12148.837890625
11775.494140625
11395.53125
11010.263671875
10621.044921875
10229.265625
9836.345703125
9443.72265625
9052.84765625
8665.1796875
8282.169921875
7905.265625
7535.890625
7175.453125
6825.32421875
6486.837890625
6161.283203125
5849.900390625
5553.869140625
5274.298828125
5012.236328125
4768.650390625
4544.41796875
4340.3359375
4157.09765625
3995.3046875
3855.447265625
3737.90625
3642.947265625
3570.71875
3521.244140625
3494.419921875
3490.015625
3507.669921875
3546.88671875
3607.037109375
3687.357421875
3786.947265625
3904.775390625
4039.681640625
4190.373046875
4355.4296875
4533.3125
4722.365234375
4920.81640625
5126.798828125
5338.337890625
5553.375
5769.767578125
5985.3046875
6197.7109375
6404.666015625
6603.798828125
6792.720703125
6969.025390625
7130.302734375
7274.146484375
7398.1796875
7500.056640625
7577.4765625
7628.20703125
7650.078125
7641.017578125
7599.037109375
7522.265625
7408.943359375
7257.451171875
7066.298828125
6834.146484375
6559.8125
6242.275390625
5880.685546875
5474.361328125
5022.80859375
4525.7109375
3982.931640625
3394.53125
2760.75
2082.0078125
1358.92578125
592.29296875
-216.91796875
-1067.556640625
-1958.302734375
-2887.669921875
-3854.015625
-4855.5390625
-5890.294921875
-6956.19921875
-8051.03515625
-9172.466796875
-10318.03515625
-11485.177734375
-12671.23828125
-13873.458984375
-15089.01171875
-16314.986328125
-17548.416015625
-18786.267578125
-20025.4609375
-21262.875
-22495.35546875
-23719.71875
-24932.76171875
-26131.271484375
-27312.017578125
-28471.78515625
-29607.3515625
-30715.509765625
-31793.078125
-32836.884765625
-33843.794921875
-34810.708984375
-35734.568359375
-36612.357421875
-37441.115234375
-38217.9375
-38939.984375
-39604.486328125
-40208.75
-40750.166015625
-41226.21484375
-41634.4765625
-41972.626953125
-42238.462890625
-42429.896484375
-42544.96875
-42581.8515625
-42538.87109375
-42414.490234375
-42207.345703125
-41916.234375
-41540.134765625
-41078.20703125
-40529.806640625
-39894.48828125
-39172.017578125
-38362.376953125
-37465.759765625
-36482.603515625
-35413.5703125
-34259.560546875
-33021.71875
-31701.435546875
-30300.349609375
-28820.349609375
-27263.564453125
-25632.384765625
-23929.44140625
-22157.603515625
-20319.984375
-18419.931640625
-16461.015625
-14447.025390625
-12381.955078125
-10270.0
-8115.544921875
-5923.138671875
-3697.4921875
-1443.462890625
833.966796875
3129.7109375
5438.5859375
7755.337890625
10074.662109375
12391.216796875
14699.658203125
16994.640625
19270.85546875
21523.052734375
23746.044921875
25934.75
28084.1953125
30189.55078125
32246.146484375
34249.48046875
36195.255859375
38079.390625
39898.02734375
41647.5625
43324.654296875
44926.232421875
46449.521484375
47892.037109375
49251.609375
50526.3828125
51714.818359375
52815.70703125
53828.169921875
54751.65234375
55585.927734375
56331.1015625
56987.595703125
57556.146484375
58037.798828125
58433.904296875
58746.08984375
58976.267578125
59126.611328125
59199.537109375
59197.69921875
59123.962890625
58981.396484375
58773.23828125
58502.892578125
58173.896484375
57789.91015625
57354.689453125
56872.064453125
56345.919921875
55780.177734375
55178.7734375
54545.625
53884.63671875
53199.654296875
52494.462890625
51772.76171875
51038.1484375
50294.1015625
49543.970703125
48790.955078125
48038.095703125
47288.265625
46544.150390625
45808.25390625
45082.87890625
44370.130859375
43671.904296875
42989.884765625
42325.548828125
41680.162109375
41054.783203125
40450.26171875
39867.2421875
39306.1796875
38767.33203125
38250.775390625
37756.4140625
37283.986328125
36833.0703125
36403.109375
35993.404296875
35603.142578125
35231.40234375
34877.166015625
34539.33203125
34216.732421875
33908.140625
33612.28515625
33327.8671875
33053.5703125
32788.06640625
32530.029296875
32278.158203125
32031.166015625
31787.80859375
31546.876953125
31307.220703125
31067.73828125
30827.39453125
30585.2265625
30340.3359375
30091.90625
29839.189453125
29581.525390625
29318.326171875
29049.083984375
28773.369140625
28490.822265625
28201.166015625
27904.177734375
27599.708984375
27287.666015625
26968.015625
26640.765625
26305.98046875
25963.75390625
25614.212890625
25257.517578125
24893.84375
24523.3828125
24146.345703125
23762.939453125
23373.37890625
22977.875
22576.6328125
22169.8515625
21757.71484375
21340.396484375
20918.0625
20490.859375
20058.919921875
19622.373046875
19181.328125
18735.900390625
18286.1875
17832.296875
17374.33984375
16912.431640625
16446.701171875
15977.30078125
15504.41015625
15028.232421875
14549.013671875
14067.037109375
13582.63671875
13096.197265625
12608.162109375
12119.037109375
11629.39453125
11139.873046875
10651.1796875
10164.1015625
9679.494140625
9198.28125
8721.470703125
8250.125
7785.375
7328.421875
6880.5078125
6442.92578125
6017.013671875
5604.1328125
5205.669921875
4823.013671875
4457.55859375
4110.67578125
3783.716796875
3477.978515625
3194.712890625
2935.095703125
2700.21484375
2491.06640625
2308.529296875
2153.3515625
2026.14453125
1927.3671875
1857.314453125
1816.103515625
1803.669921875
1819.755859375
1863.912109375
1935.47265625
2033.576171875
2157.150390625
2304.9140625
2475.3828125
2666.87109375
2877.501953125
3105.205078125
3347.7421875
3602.70703125
3867.544921875
4139.5703125
4415.974609375
4693.859375
4970.244140625
5242.095703125
5506.34765625
5759.919921875
5999.755859375
6222.828125
6426.181640625
6606.9453125
6762.36328125
6889.8203125
6986.857421875
7051.19921875
7080.779296875
7073.751953125
7028.517578125
6943.734375
6818.3359375
6651.544921875
6442.876953125
6192.162109375
5899.529296875
5565.439453125
5190.650390625
4776.248046875
4323.62109375
3834.4609375
3310.75390625
2754.76171875
2169.01953125
1556.310546875
919.646484375
262.25
-412.462890625
-1100.916015625
-1799.38671875
-2504.046875
-3210.97265625
-3916.1875
-4615.681640625
-5305.439453125
-5981.4765625
-6639.853515625
-7276.720703125
-7888.328125
-8471.060546875
-9021.4609375
-9536.248046875
-10012.34765625
-10446.900390625
-10837.287109375
-11181.14453125
-11476.373046875
-11721.158203125
-11913.966796875
-12053.56640625
-12139.01953125
-12169.6953125
-12145.26171875
-12065.689453125
-11931.240234375
-11742.470703125
-11500.216796875
-11205.580078125
-10859.927734375
-10464.86328125
-10022.232421875
-9534.080078125
-9002.66015625
-8430.396484375
-7819.875
-7173.8203125
-6495.072265625
-5786.578125
-5051.3515625
-4292.478515625
-3513.06640625
-2716.255859375
-1905.177734375
-1082.947265625
-252.642578125
582.71484375
1420.16796875
2256.845703125
3089.9765625
3916.89453125
4735.0546875
5542.044921875
6335.591796875
7113.56640625
7873.98828125
8615.04296875
9335.0625
10032.5546875
10706.1796875
11354.765625
11977.30078125
12572.9375
13140.970703125
13680.865234375
14192.224609375
14674.796875
15128.46484375
15553.248046875
15949.28125
16316.82421875
16656.240234375
16967.994140625
17252.646484375
17510.84375
17743.310546875
17950.841796875
18134.294921875
18294.580078125
18432.658203125
18549.529296875
18646.232421875
18723.826171875
18783.400390625
18826.052734375
18852.89453125
18865.046875
18863.623046875
18849.7421875
18824.513671875
18789.033203125
18744.38671875
18691.642578125
18631.85546875
18566.05078125
18495.244140625
18420.416015625
18342.52734375
18262.51953125
18181.298828125
18099.75
18018.73046875
17939.076171875
17861.587890625
17787.04296875
17716.1953125
17649.771484375
17588.47265625
17532.97265625
17483.919921875
17441.943359375
17407.640625
17381.591796875
17364.34375
17356.42578125
17358.33984375
17370.560546875
17393.544921875
17427.71875
17473.48046875
17531.203125
17601.234375
17683.892578125
17779.46875
17888.220703125
18010.375
18146.126953125
18295.642578125
18459.05078125
18636.4453125
18827.884765625
19033.392578125
19252.951171875
19486.51171875
19733.978515625
19995.224609375
20270.080078125
20558.33984375
20859.751953125
21174.033203125
21500.8671875
21839.888671875
22190.705078125
22552.88671875
22925.974609375
23309.474609375
23702.865234375
24105.595703125
24517.09765625
24936.7734375
25364.009765625
25798.177734375
26238.630859375
26684.71875
27135.775390625
27591.138671875
28050.140625
28512.11328125
28976.400390625
29442.345703125
29909.306640625
30376.65625
30843.77734375
31310.076171875
31774.970703125
32237.91015625
32698.353515625
33155.798828125
33609.75390625
34059.765625
34505.392578125
34946.228515625
35381.89453125
35812.029296875
36236.296875
36654.392578125
37066.01953125
37470.912109375
37868.8203125
38259.509765625
38642.765625
39018.37890625
39386.15625
39745.9140625
40097.470703125
40440.65234375
40775.283203125
41101.1953125
41418.2109375
41726.15234375
42024.833984375
42314.06640625
42593.6484375
42863.37109375
43123.013671875
43372.337890625
43611.10546875
43839.052734375
44055.90625
44261.37890625
44455.171875
44636.966796875
44806.439453125
44963.244140625
45107.02734375
45237.423828125
45354.056640625
45456.537109375
45544.46875
45617.4453125
45675.056640625
45716.880859375
45742.5
45751.482421875
45743.40625
45717.83984375
45674.3515625
45612.51953125
45531.921875
45432.142578125
45312.7734375
45173.416015625
45013.681640625
44833.19921875
44631.607421875
44408.568359375
44163.763671875
43896.8984375
43607.703125
43295.9375
42961.396484375
42603.908203125
42223.34375
41819.619140625
41392.69140625
40942.568359375
40469.32421875
39973.080078125
39454.0234375
38912.4140625
38348.57421875
37762.908203125
37155.888671875
36528.08203125
35880.126953125
35212.75390625
34526.779296875
33823.115234375
33102.751953125
32366.783203125
31616.38671875
30852.830078125
30077.46875
29291.740234375
28497.16796875
27695.345703125
26887.94140625
26076.6875
25263.37109375
24449.833984375
23637.955078125
22829.638671875
22026.822265625
21231.44140625
20445.435546875
19670.724609375
18909.208984375
18162.740234375
17433.123046875
16722.09375
16031.30859375
15362.330078125
14716.619140625
14095.517578125
13500.236328125
12931.84765625
12391.2734375
11879.27734375
11396.44921875
10943.212890625
10519.806640625
10126.28515625
9762.517578125
9428.185546875
9122.775390625
8845.595703125
8595.7734375
8372.248046875
8173.802734375
7999.048828125
7846.447265625
7714.322265625
7600.87109375
7504.17578125
7422.22265625
7352.9140625
7294.091796875
7243.55078125
7199.060546875
7158.3828125
7119.291015625
7079.58984375
7037.134765625
6989.85546875
6935.76171875
6872.984375
6799.765625
6714.490234375
6615.705078125
6502.123046875
6372.63671875
6226.333984375
6062.50390625
5880.64453125
5680.466796875
5461.904296875
5225.10546875
4970.447265625
4698.51953125
4410.123046875
4106.27734375
3788.193359375
3457.275390625
3115.11328125
2763.46484375
2404.236328125
2039.474609375
1671.353515625
1302.1484375
934.220703125
570.00390625
211.9765625
-137.353515625
-475.466796875
-799.857421875
-1108.048828125
-1397.615234375
-1666.197265625
-1911.521484375
-2131.423828125
-2323.8515625
-2486.892578125
-2618.783203125
-2717.919921875
-2782.87109375
-2812.388671875
-2805.4140625
-2761.0859375
-2678.7421875
-2557.931640625
-2398.3984375
-2200.103515625
-1963.20703125
-1688.068359375
-1375.248046875
-1025.4921875
-639.728515625
-219.060546875
235.24609375
721.775390625
1238.9765625
1785.16796875
2358.5546875
2957.255859375
3579.294921875
4222.642578125
4885.2109375
5564.880859375
6259.515625
6966.974609375
7685.134765625
8411.896484375
9145.20703125
9883.06640625
10623.548828125
11364.80859375
12105.1015625
12842.779296875
13576.314453125
14304.30078125
15025.45703125
15738.6484375
16442.875
17137.275390625
17821.146484375
18493.921875
19155.1875
19804.6640625
20442.224609375
21067.873046875
21681.7421875
22284.08984375
22875.29296875
23455.830078125
24026.279296875
24587.306640625
25139.646484375
25684.103515625
26221.52734375
26752.802734375
27278.841796875
27800.564453125
28318.88671875
28834.703125
29348.880859375
29862.24609375
30375.556640625
30889.509765625
31404.720703125
31921.70703125
32440.89453125
32962.58984375
33486.984375
34014.14453125
34544.005859375
35076.3671875
35610.890625
36147.10546875
36684.392578125
37221.998046875
37759.03515625
38294.484375
38827.19921875
39355.919921875
39879.271484375
40395.779296875
40903.8828125
41401.93359375
41888.228515625
42361.001953125
42818.4609375
43258.77734375
43680.125
44080.681640625
44458.6484375
44812.267578125
45139.83984375
45439.728515625
45710.3984375
45950.40234375
46158.416015625
46333.248046875
46473.83984375
46579.294921875
46648.873046875
46682.015625
46678.3359375
46637.642578125
46559.92578125
46445.380859375
46294.39453125
46107.552734375
45885.6328125
45629.611328125
45340.6484375
45020.08203125
44669.431640625
44290.376953125
43884.75
43454.533203125
43001.83203125
42528.8671875
42037.958984375
41531.51953125
41012.025390625
40482.00390625
39944.013671875
39400.63671875
38854.447265625
38308.009765625
37763.8359375
37224.400390625
36692.09765625
36169.23828125
35658.03515625
35160.578125
34678.83203125
34214.6171875
33769.60546875
33345.296875
32943.029296875
32563.95703125
32209.05078125
31879.09375
31574.6796875
31296.20703125
31043.888671875
30817.7421875
30617.609375
30443.138671875
30293.818359375
30168.966796875
30067.7421875
29989.1640625
29932.111328125
29895.3515625
29877.537109375
29877.232421875
29892.921875
29923.033203125
29965.9453125
30020.00390625
30083.5546875
30154.94140625
30232.525390625
30314.71484375
30399.970703125
30486.81640625
30573.8671875
30659.8359375
30743.54296875
30823.94140625
30900.107421875
30971.2734375
31036.822265625
31096.29296875
31149.39453125
31196.0078125
31236.18359375
31270.1484375
31298.298828125
31321.208984375
31339.6171875
31354.421875
31366.673828125
31377.578125
31388.46484375
31400.796875
31416.146484375
31436.1796875
31462.646484375
31497.361328125
31542.193359375
31599.03515625
31669.794921875
31756.37109375
31860.64453125
31984.443359375
32129.529296875
32297.591796875
32490.212890625
32708.84765625
32954.82421875
33229.3125
33533.3125
33867.64453125
34232.927734375
34629.578125
35057.7890625
35517.53515625
36008.55078125
36530.33984375
37082.1640625
37663.04296875
38271.763671875
38906.869140625
39566.6796875
40249.2890625
40952.578125
41674.224609375
42411.716796875
43162.3671875
43923.330078125
44691.619140625
45464.125
46237.6328125
47008.849609375
47774.42578125
48530.96484375
49275.068359375
50003.341796875
50712.419921875
51399.001953125
52059.861328125
52691.87109375
53292.03515625
53857.48828125
54385.546875
54873.689453125
55319.61328125
55721.21484375
56076.6328125
56384.236328125
56642.654296875
56850.76953125
57007.73828125
57112.978515625
57166.19140625
57167.34765625
57116.69140625
57014.73046875
56862.244140625
56660.259765625
56410.05859375
56113.1484375
55771.265625
55386.357421875
54960.556640625
54496.18359375
53995.708984375
53461.75390625
52897.052734375
52304.453125
51686.873046875
51047.306640625
50388.78515625
49714.36328125
49027.099609375
48330.037109375
47626.185546875
46918.50390625
46209.884765625
45503.125
44800.9375
44105.9140625
43420.517578125
42747.080078125
42087.783203125
41444.65625
40819.564453125
40214.197265625
39630.0859375
39068.572265625
38530.822265625
38017.83203125
37530.404296875
37069.18359375
36634.623046875
36227.015625
35846.4921875
35493.013671875
35166.396484375
34866.30859375
34592.27734375
34343.701171875
34119.85546875
33919.8984375
33742.890625
33587.787109375
33453.462890625
33338.712890625
33242.259765625
33162.763671875
33098.83984375
33049.0546875
33011.935546875
32985.982421875
32969.67578125
32961.478515625
32959.8515625
32963.240234375
32970.107421875
32978.921875
32988.158203125
32996.3203125
33001.931640625
33003.544921875
32999.744140625
32989.150390625
32970.42578125
32942.271484375
32903.4453125
32852.74609375
32789.03515625
32711.228515625
32618.306640625
32509.3125
32383.361328125
32239.640625
32077.416015625
31896.0390625
31694.9375
31473.638671875
31231.76171875
30969.01953125
30685.234375
30380.3359375
30054.36328125
29707.470703125
29339.931640625
28952.15234375
28544.650390625
28118.087890625
27673.248046875
27211.05859375
26732.572265625
26238.990234375
25731.642578125
25212.001953125
24681.671875
24142.388671875
23596.015625
23044.552734375
22490.109375
21934.912109375
21381.291015625
20831.6796875
20288.59765625
19754.640625
19232.47265625
18724.810546875
18234.408203125
17764.05078125
17316.529296875
16894.625
16501.103515625
16138.685546875
15810.02734375
15517.716796875
15264.23828125
15051.970703125
14883.1484375
14759.86328125
14684.03125
14657.384765625
14681.453125
14757.54296875
14886.7265625
15069.83203125
15307.419921875
15599.78515625
15946.939453125
16348.60546875
16804.212890625
17312.896484375
17873.482421875
18484.5078125
19144.2109375
19850.533203125
20601.138671875
21393.412109375
22224.47265625
23091.197265625
23990.216796875
24917.95703125
25870.63671875
26844.302734375
27834.8515625
28838.04296875
29849.544921875
30864.9375
31879.755859375
32889.51953125
33889.748046875
34876.001953125
35843.904296875
36789.177734375
37707.66015625
38595.3359375
39448.375
40263.134765625
41036.205078125
41764.41015625
42444.84765625
43074.89453125
43652.220703125
44174.806640625
44640.966796875
45049.32421875
45398.849609375
45688.85546875
45918.982421875
46089.208984375
46199.84765625
46251.53125
46245.208984375
46182.125
46063.81640625
45892.08203125
45668.98046875
45396.794921875
45078.017578125
44715.33203125
44311.580078125
43869.7421875
43392.908203125
42884.26171875
42347.041015625
41784.52734375
41200.005859375
40596.75390625
39978.013671875
39346.96875
38706.716796875
38060.2734375
37410.5234375
36760.23046875
36112.0078125
35468.31640625
34831.447265625
34203.5234375
33586.48046875
32982.07421875
32391.87890625
31817.279296875
31259.486328125
30719.52734375
30198.26171875
29696.384765625
29214.439453125
28752.82421875
28311.802734375
27891.5234375
27492.021484375
27113.240234375
26755.044921875
26417.23046875
26099.5390625
25801.67578125
25523.31640625
25264.119140625
25023.7421875
24801.84765625
24598.111328125
24412.240234375
24243.9609375
24093.044921875
23959.30078125
23842.576171875
23742.765625
23659.806640625
23593.677734375
23544.396484375
23512.015625
23496.615234375
23498.3046875
23517.201171875
23553.4375
23607.142578125
23678.431640625
23767.40625
23874.134765625
23998.650390625
24140.935546875
24300.91796875
24478.453125
24673.330078125
24885.251953125
25113.830078125
25358.583984375
25618.939453125
25894.212890625
26183.619140625
26486.265625
26801.16015625
27127.201171875
27463.19140625
27807.837890625
28159.751953125
28517.470703125
28879.4453125
29244.072265625
29609.681640625
29974.5625
30336.974609375
30695.1484375
31047.306640625
31391.68359375
31726.5234375
32050.099609375
32360.73828125
32656.814453125
32936.775390625
33199.14453125
33442.544921875
33665.6953125
33867.4296875
34046.69921875
34202.58984375
34334.314453125
34441.2265625
34522.826171875
34578.751953125
34608.794921875
34612.890625
34591.1171875
34543.693359375
34470.9765625
34373.462890625
34251.767578125
34106.623046875
33938.87890625
33749.478515625
33539.46484375
33309.958984375
33062.1484375
32797.28515625
32516.66796875
32221.62890625
31913.53125
31593.744140625
31263.64453125
30924.60546875
30577.970703125
30225.06640625
29867.18359375
29505.560546875
29141.39453125
28775.822265625
28409.91796875
28044.6953125
27681.091796875
27319.98046875
26962.162109375
26608.36328125
26259.24609375
25915.396484375
25577.34765625
25245.564453125
24920.45703125
24602.38671875
24291.671875
23988.59375
23693.39453125
23406.306640625
23127.541015625
22857.30078125
22595.7890625
22343.21875
22099.814453125
21865.82421875
21641.52734375
21427.234375
21223.294921875
21030.107421875
20848.11328125
20677.8125
20519.751953125
20374.5390625
20242.830078125
20125.34375
20022.849609375
19936.166015625
19866.15625
19813.734375
19779.84375
19765.46484375
19771.59765625
19799.265625
19849.4921875
19923.3125
20021.740234375
20145.783203125
20296.41015625
20474.5625
20681.123046875
20916.931640625
21182.748046875
21479.265625
21807.095703125
22166.751953125
22558.646484375
22983.09765625
23440.296875
23930.333984375
24453.1640625
25008.62890625
25596.4375
26216.17578125
26867.30078125
27549.14453125
28260.912109375
29001.693359375
29770.4609375
30566.06640625
31387.271484375
32232.728515625
33101.005859375
33990.58203125
34899.873046875
35827.224609375
36770.927734375
37729.236328125
38700.3671875
39682.513671875
40673.865234375
41672.6015625
42676.916015625
43685.01953125
44695.154296875
45705.595703125
46714.669921875
47720.75390625
48722.28515625
49717.767578125
50705.78125
51684.9765625
52654.08984375
53611.93359375
54557.408203125
55489.501953125
56407.28125
57309.90234375
58196.59765625
59066.681640625
59919.544921875
60754.6484375
61571.5234375
62369.75390625
63148.994140625
63908.9375
64649.32421875
65369.9375
66070.5859375
66751.103515625
67411.35546875
68051.201171875
68670.52734375
69269.20703125
69847.119140625
70404.140625
70940.125
71454.92578125
71948.373046875
72420.279296875
72870.443359375
73298.642578125
73704.630859375
74088.15234375
74448.927734375
74786.669921875
75101.078125
75391.8359375
75658.63671875
75901.1640625
76119.111328125
76312.17578125
76480.07421875
76622.541015625
76739.333984375
76830.2421875
76895.08984375
76933.740234375
76946.09765625
76932.119140625
76891.806640625
76825.224609375
76732.48828125
76613.77734375
76469.330078125
76299.4453125
76104.482421875
75884.8671875
75641.076171875
75373.65234375
75083.189453125
74770.33203125
74435.771484375
74080.244140625
73704.5234375
73309.4140625
72895.74609375
72464.369140625
72016.14453125
71551.943359375
71072.62890625
70579.05859375
70072.078125
69552.5
69021.115234375
68478.673828125
67925.884765625
67363.41015625
66791.8515625
66211.7578125
65623.607421875
65027.814453125
64424.728515625
63814.6171875
63197.681640625
62574.04296875
61943.75390625
61306.791015625
60663.060546875
60012.396484375
59354.57421875
58689.30859375
58016.251953125
57335.013671875
56645.16015625
55946.220703125
55237.697265625
54519.0703125
53789.814453125
53049.396484375
52297.29296875
51533.0
50756.041015625
49965.96875
49162.392578125
48344.96875
47513.42578125
46667.560546875
45807.255859375
44932.482421875
44043.310546875
43139.916015625
42222.583984375
41291.71484375
40347.8359375
39391.58984375
38423.751953125
37445.220703125
36457.029296875
35460.33203125
34456.416015625
33446.681640625
32432.66015625
31415.990234375
30398.419921875
29381.796875
28368.06640625
27359.25
26357.451171875
25364.828125
24383.591796875
23415.998046875
22464.322265625
21530.849609375
20617.873046875
19727.662109375
18862.458984375
18024.4609375
17215.80859375
16438.56640625
15694.71875
14986.14453125
14314.615234375
13681.7734375
13089.130859375
12538.048828125
12029.736328125
11565.240234375
11145.435546875
10771.01953125
10442.509765625
10160.2421875
9924.36328125
9734.837890625
9591.4453125
9493.779296875
9441.263671875
9433.142578125
9468.5
9546.26171875
9665.205078125
9823.974609375
10021.08203125
10254.939453125
10523.849609375
10826.037109375
11159.654296875
11522.802734375
11913.54296875
12329.9140625
12769.94921875
13231.693359375
13713.20703125
14212.599609375
14728.02734375
15257.716796875
15799.97265625
16353.19140625
16915.87109375
17486.6171875
18064.15625
18647.337890625
19235.146484375
19826.693359375
20421.228515625
21018.138671875
21616.9453125
22217.302734375
22818.990234375
23421.9140625
24026.099609375
24631.67578125
25238.876953125
25848.0234375
26459.517578125
27073.83203125
27691.490234375
28313.0625
28939.1484375
29570.3671875
30207.341796875
30850.69140625
31501.0078125
32158.85546875
32824.76171875
33499.1875
34182.541015625
34875.158203125
35577.291015625
36289.111328125
37010.701171875
37742.04296875
38483.029296875
39233.451171875
39993.00390625
40761.2890625
41537.814453125
42321.998046875
43113.177734375
43910.607421875
44713.48046875
45520.921875
46332.009765625
47145.77734375
47961.224609375
48777.333984375
49593.0703125
50407.404296875
51219.3203125
52027.8125
52831.923828125
53630.73046875
54423.357421875
55209.001953125
55986.919921875
56756.44921875
57517.01171875
58268.107421875
59009.337890625
59740.3984375
60461.076171875
61171.26171875
61870.9375
62560.18359375
63239.1796875
63908.18359375
64567.546875
65217.6953125
65859.13671875
66492.43359375
67118.212890625
67737.15234375
68349.970703125
68957.423828125
69560.28125
70159.3359375
70755.38671875
71349.22265625
71941.625
72533.35546875
73125.1484375
73717.697265625
74311.66015625
74907.640625
75506.197265625
76107.818359375
76712.947265625
77321.9453125
77935.12109375
78552.7109375
79174.884765625
79801.7421875
80433.322265625
81069.599609375
81710.48828125
82355.841796875
83005.466796875
83659.115234375
84316.501953125
84977.296875
85641.142578125
86307.650390625
86976.416015625
87647.009765625
88319.00390625
88991.95703125
89665.4296875
90338.9921875
91012.220703125
91684.70703125
92356.0625
93025.919921875
93693.9296875
94359.7734375
95023.16015625
95683.826171875
96341.53515625
96996.080078125
97647.28125
98294.986328125
98939.06640625
99579.416015625
100215.943359375
100848.587890625
101477.2890625
102101.998046875
102722.681640625
103339.30078125
103951.8203125
104560.197265625
105164.380859375
105764.3125
106359.912109375
106951.087890625
107537.71875
108119.66796875
108696.765625
109268.822265625
109835.61328125
110396.880859375
110952.34765625
111501.6953125
112044.580078125
112580.6328125
113109.44921875
113630.60546875
114143.650390625
114648.1171875
115143.517578125
115629.3515625
116105.109375
116570.271484375
117024.322265625
117466.7421875
117897.02734375
118314.6796875
118719.22265625
119110.1953125
119487.16796875
119849.740234375
120197.548828125
120530.265625
120847.61328125
121149.353515625
121435.306640625
121705.34375
121959.392578125
122197.439453125
122419.53515625
122625.791015625
122816.3828125
122991.546875
123151.58984375
123296.875
123427.837890625
123544.96875
123648.8203125
123740.001953125
123819.17578125
123887.056640625
123944.41015625
123992.0390625
124030.787109375
124061.541015625
124085.201171875
124102.703125
124115.0
124123.046875
124127.8203125
124130.28125
124131.400390625
124132.12109375
124133.380859375
124136.08203125
124141.107421875
124149.29296875
124161.44140625
124178.30078125
124200.57421875
124228.8984375
124263.857421875
124305.96875
124355.67578125
124413.359375
124479.318359375
124553.78125
124636.900390625
124728.751953125
124829.330078125
124938.556640625
125056.283203125
125182.283203125
125316.263671875
125457.869140625
125606.6796875
125762.21484375
125923.953125
126091.322265625
126263.7109375
126440.478515625
126620.962890625
126804.48046875
126990.349609375
127177.876953125
127366.39453125
127555.244140625
127743.794921875
127931.45703125
128117.689453125
128302.0
128483.96875
128663.234375
128839.53125
129012.671875
129182.564453125
129349.22265625
129512.76171875
129673.408203125
129831.51171875
129987.53125
130142.05078125
130295.78125
130449.55078125
130604.31640625
130761.1484375
130921.24609375
131085.912109375
131256.5703125
131434.7421875
131622.0546875
131820.21875
132031.029296875
132256.361328125
132498.14453125
132758.3671875
133039.05859375
133342.271484375
133670.08203125
134024.568359375
134407.80078125
134821.828125
135268.66015625
135750.26171875
136268.53515625
136825.3046875
137422.314453125
138061.203125
138743.494140625
139470.599609375
140243.791015625
141064.197265625
141932.802734375
142850.42578125
143817.72265625
144835.1796875
145903.109375
147021.640625
148190.724609375
149410.130859375
150679.44921875
151998.083984375
153365.2734375
154780.068359375
156241.36328125
157747.88671875
159298.212890625
160890.76953125
162523.84765625
164195.61328125
165904.11328125
167647.29296875
169423.001953125
171229.015625
173063.037109375
174922.716796875
176805.671875
178709.482421875
180631.7265625
182569.978515625
184521.8203125
186484.873046875
188456.787109375
190435.267578125
192418.080078125
194403.0625
196388.13671875
198371.314453125
200350.70703125
202324.529296875
204291.11328125
206248.90234375
208196.46484375
210132.490234375
212055.796875
213965.330078125
215860.158203125
217739.478515625
219602.609375
221448.98828125
223278.177734375
225089.83984375
226883.755859375
228659.796875
230417.9375
232158.232421875
233880.8203125
235585.91015625
237273.775390625
238944.744140625
240599.193359375
242237.54296875
243860.234375
245467.740234375
247060.552734375
248639.16015625
250204.064453125
251755.7578125
253294.720703125
254821.419921875
256336.298828125
257839.775390625
259332.248046875
260814.068359375
262285.56640625
263747.03125
265198.71875
266640.84375
268073.59375
269497.107421875
270911.505859375
272316.8671875
273713.2421875
275100.658203125
276479.1171875
277848.603515625
279209.083984375
280560.51953125
281902.853515625
283236.03515625
284560.01171875
285874.736328125
287180.171875
288476.294921875
289763.103515625
291040.61328125
292308.865234375
293567.931640625
294817.916015625
296058.951171875
297291.212890625
298514.91015625
299730.291015625
300937.650390625
302137.31640625
303329.6640625
304515.10546875
305694.09765625
306867.138671875
308034.76171875
309197.537109375
310356.07421875
311511.015625
312663.03125
313812.82421875
314961.123046875
316108.67578125
317256.25390625
318404.640625
319554.638671875
320707.056640625
321862.703125
323022.400390625
324186.958984375
325357.19140625
326533.890625
327717.845703125
328909.822265625
330110.568359375
331320.802734375
332541.216796875
333772.462890625
335015.1640625
336269.892578125
337537.185546875
338817.515625
340111.30859375
341418.9375
342740.701171875
344076.8359375
345427.51171875
346792.8203125
348172.775390625
349567.30859375
350976.265625
352399.40234375
353836.38671875
355286.787109375
356750.07421875
358225.62109375
359712.697265625
361210.46484375
362717.98828125
364234.21875
365758.0078125
367288.09765625
368823.126953125
370361.630859375
371902.046875
373442.708984375
374981.861328125
376517.66015625
378048.171875
379571.388671875
381085.228515625
382587.548828125
384076.140625
385548.759765625
387003.1171875
388436.89453125
389847.76171875
391233.37890625
392591.4140625
393919.546875
395215.494140625
396477.015625
397701.919921875
398888.087890625
400033.482421875
401136.158203125
402194.27734375
403206.119140625
404170.091796875
405084.74609375
405948.78125
406761.056640625
407520.607421875
408226.63671875
408878.53515625
409475.884765625
410018.458984375
410506.2265625
410939.359375
411318.228515625
411643.40234375
411915.646484375
412135.921875
412305.376953125
412425.34765625
412497.33984375
412523.033203125
412504.259765625
412443.005859375
412341.38671875
412201.640625
412026.12109375
411817.26953125
411577.61328125
411309.740234375
411016.28515625
410699.919921875
410363.33203125
410009.203125
409640.20703125
409258.9765625
408868.1015625
408470.103515625
408067.4375
407662.451171875
407257.400390625
406854.41796875
406455.509765625
406062.544921875
405677.244140625
405301.169921875
404935.732421875
404582.1640625
404241.53515625
403914.7421875
403602.5
403305.35546875
403023.6796875
402757.669921875
402507.359375
402272.615234375
402053.150390625
401848.52734375
401658.162109375
401481.33984375
401317.220703125
401164.84765625
401023.162109375
400891.009765625
400767.16015625
400650.3046875
400539.080078125
400432.078125
400327.853515625
400224.943359375
400121.86328125
400017.140625
399909.30859375
399796.919921875
399678.56640625
399552.869140625
399418.513671875
399274.23046875
399118.826171875
398951.169921875
398770.224609375
398575.01953125
398364.6875
398138.44140625
397895.59765625
397635.5703125
397357.869140625
397062.107421875
396747.998046875
396415.353515625
396064.087890625
395694.212890625
395305.8359375
394899.158203125
394474.470703125
394032.15625
393572.67578125
393096.578125
392604.482421875
392097.083984375
391575.146484375
391039.498046875
390491.02734375
389930.669921875
389359.423828125
388778.328125
388188.46484375
387590.953125
386986.94921875
386377.63671875
385764.228515625
385147.95703125
384530.076171875
383911.8515625
383294.5703125
382679.521484375
382068.00390625
381461.31640625
380860.763671875
380267.642578125
379683.251953125
379108.87890625
378545.8046875
377995.294921875
377458.60546875
376936.97265625
376431.611328125
375943.71875
375474.46875
375025.00390625
374596.443359375
374189.875
373806.345703125
373446.873046875
373112.43359375
372803.962890625
372522.3515625
372268.447265625
372043.0390625
371846.880859375
371680.65625
371545.00390625
371440.5
371367.6640625
371326.953125
371318.75390625
371343.396484375
371401.142578125
371492.18359375
371616.6484375
371774.595703125
371966.01171875
372190.818359375
372448.8671875
372739.943359375
373063.765625
373419.98828125
373808.203125
374227.935546875
374678.658203125
375159.78125
375670.6640625
376210.615234375
376778.888671875
377374.705078125
377997.236328125
378645.615234375
379318.94140625
380016.2890625
380736.701171875
381479.197265625
382242.77734375
383026.427734375
383829.115234375
384649.8046875
385487.4453125
386340.9921875
387209.38671875
388091.576171875
388986.5078125
389893.134765625
390810.404296875
391737.27734375
392672.71484375
393615.681640625
394565.1484375
395520.0859375
396479.466796875
397442.265625
398407.453125
399373.998046875
400340.861328125
401306.998046875
402271.353515625
403232.8515625
404190.4140625
405142.931640625
406089.28125
407028.314453125
407958.859375
408879.716796875
409789.658203125
410687.427734375
411571.73828125
412441.271484375
413294.6796875
414130.5859375
414947.587890625
415744.255859375
416519.1328125
417270.744140625
417997.6015625
418698.201171875
419371.03515625
420014.591796875
420627.36328125
421207.85546875
421754.595703125
422266.130859375
422741.052734375
423177.984375
423575.607421875
423932.6640625
424247.966796875
424520.40625
424748.958984375
424932.705078125
425070.826171875
425162.619140625
425207.50390625
425205.033203125
425154.8984375
425056.93359375
424911.125
424717.619140625
424476.712890625
424188.8828125
423854.76171875
423475.15625
423051.041015625
422583.5625
422074.033203125
421523.931640625
420934.90234375
420308.7421875
419647.40234375
418952.978515625
418227.703125
417473.9375
416694.15625
415890.94921875
415066.994140625
414225.048828125
413367.94921875
412498.580078125
411619.861328125
410734.744140625
409846.185546875
408957.134765625
408070.515625
407189.20703125
406316.041015625
405453.759765625
404605.025390625
403772.3828125
402958.263671875
402164.94140625
401394.552734375
400649.046875
399930.197265625
399239.578125
398578.55078125
397948.251953125
397349.583984375
396783.21484375
396249.54296875
395748.724609375
395280.642578125
394844.91015625
394440.861328125
394067.56640625
393723.806640625
393408.091796875
393118.66015625
392853.474609375
392610.234375
392386.380859375
392179.10546875
391985.357421875
391801.8515625
391625.09375
391451.375
391276.806640625
391097.322265625
390908.69921875
390706.58203125
390486.498046875
390243.876953125
389974.072265625
389672.390625
389334.109375
388954.501953125
388528.85546875
388052.509765625
387520.873046875
386929.44140625
386273.841796875
385549.8359375
384753.359375
383880.54296875
382927.728515625
381891.505859375
380768.720703125
379556.501953125
378252.28125
376853.814453125
375359.1875
373766.84765625
372075.603515625
370284.638671875
368393.53125
366402.25390625
364311.177734375
362121.08203125
359833.1484375
357448.966796875
354970.525390625
352400.216796875
349740.810546875
346995.458984375
344167.681640625
341261.34375
338280.646484375
335230.10546875
332114.51953125
328938.96875
325708.771484375
322429.466796875
319106.775390625
315746.58984375
312354.923828125
308937.89453125
305501.681640625
302052.5078125
298596.58203125
295140.095703125
291689.16796875
288249.8203125
284827.951171875
281429.291015625
278059.3828125
274723.5546875
271426.8828125
268174.171875
264969.93359375
261818.3515625
258723.283203125
255688.220703125
252716.287109375
249810.220703125
246972.36328125
244204.654296875
241508.62109375
238885.388671875
236335.66015625
233859.73828125
231457.521484375
229128.51171875
226871.822265625
224686.205078125
222570.0390625
220521.376953125
218537.94140625
216617.15625
214756.166015625
212951.857421875
211200.89453125
209499.724609375
207844.623046875
206231.716796875
204657.001953125
203116.3828125
201605.69140625
200120.72265625
198657.251953125
197211.06640625
195777.994140625
194353.91796875
192934.806640625
191516.732421875
190095.896484375
188668.640625
187231.466796875
185781.0546875
184314.271484375
182828.1875
181320.080078125
179787.451171875
178228.021484375
176639.73828125
175020.787109375
173369.57421875
171684.748046875
169965.1796875
168209.958984375
166418.400390625
164590.029296875
162724.580078125
160821.97265625
158882.32421875
156905.919921875
154893.2265625
152844.849609375
150761.5546875
148644.228515625
146493.89453125
144311.6796875
142098.822265625
139856.642578125
137586.552734375
135290.037109375
132968.64453125
130623.986328125
128257.72265625
125871.55859375
123467.248046875
121046.572265625
118611.349609375
116163.4296875
113704.6875
111237.025390625
108762.376953125
106282.6875
103799.94140625
101316.140625
98833.3203125
96353.533203125
93878.869140625
91411.443359375
88953.40234375
86506.91796875
84074.19921875
81657.486328125
79259.041015625
76881.158203125
74526.1640625
72196.40234375
69894.236328125
67622.056640625
65382.251953125
63177.2265625
61009.3828125
58881.109375
56794.787109375
54752.771484375
52757.376953125
50810.880859375
48915.505859375
47073.408203125
45286.66015625
43557.259765625
41887.091796875
40277.9375
38731.44921875
37249.14453125
35832.3984375
34482.4296875
33200.279296875
31986.822265625
30842.74609375
29768.5390625
28764.501953125
27830.712890625
26967.052734375
26173.18359375
25448.5546875
24792.396484375
24203.720703125
23681.333984375
23223.822265625
22829.572265625
22496.767578125
22223.40625
22007.29296875
21846.064453125
21737.193359375
21678.00390625
21665.67578125
21697.26953125
21769.73828125
21879.935546875
22024.640625
22200.564453125
22404.376953125
22632.716796875
22882.203125
23149.470703125
23431.16015625
23723.951171875
24024.580078125
24329.8359375
24636.58984375
24941.8125
25242.5703125
25536.048828125
25819.556640625
26090.54296875
26346.59375
26585.45703125
26805.03125
27003.380859375
27178.736328125
27329.498046875
27454.244140625
27551.72265625
27620.853515625
27660.73046875
27670.623046875
27649.962890625
27598.3515625
27515.552734375
27401.484375
27256.21875
27079.970703125
26873.099609375
26636.1015625
26369.59375
26074.322265625
25751.142578125
25401.01953125
25025.01953125
24624.306640625
24200.12890625
23753.814453125
23286.76953125
22800.466796875
22296.4453125
21776.29296875
21241.65625
20694.22265625
20135.71875
19567.908203125
18992.583984375
18411.5625
17826.681640625
17239.79296875
16652.759765625
16067.455078125
15485.7421875
14909.49609375
14340.57421875
13780.828125
13232.087890625
12696.162109375
12174.83984375
11669.873046875
11182.9765625
10715.83203125
10270.064453125
9847.255859375
9448.92578125
9076.533203125
8731.46875
8415.05078125
8128.51953125
7873.025390625
7649.630859375
7459.310546875
7302.93359375
7181.2578125
7094.939453125
7044.515625
7030.41015625
7052.919921875
7112.21484375
7208.341796875
7341.2109375
7510.599609375
7716.15625
7957.384765625
8233.658203125
8544.212890625
8888.15234375
9264.443359375
9671.919921875
10109.29296875
10575.14453125
11067.935546875
11586.01171875
12127.609375
12690.8515625
13273.771484375
13874.306640625
14490.30859375
15119.55078125
15759.744140625
16408.53125
17063.509765625
17722.232421875
18382.220703125
19040.96875
19695.9609375
20344.68359375
20984.6171875
21613.267578125
22228.16015625
22826.86328125
23406.982421875
23966.1796875
24502.1796875
25012.775390625
25495.845703125
25949.345703125
26371.3359375
26759.96875
27113.509765625
27430.330078125
27708.927734375
27947.9140625
28146.03515625
28302.158203125
28415.2890625
28484.56640625
28509.26171875
28488.78515625
28422.68359375
28310.638671875
28152.466796875
27948.119140625
27697.673828125
27401.341796875
27059.451171875
26672.45703125
26240.92578125
25765.54296875
25247.08984375
24686.44921875
24084.609375
23442.634765625
22761.677734375
22042.966796875
21287.796875
20497.525390625
19673.568359375
18817.38671875
17930.48828125
17014.416015625
16070.740234375
15101.056640625
14106.98046875
13090.13671875
12052.1640625
10994.693359375
9919.36328125
8827.8046875
7721.638671875
6602.474609375
5471.90625
4331.515625
3182.857421875
2027.478515625
866.8984375
-297.3828125
-1463.884765625
-2631.14453125
-3797.720703125
-4962.181640625
-6123.125
-7279.1484375
-8428.87109375
-9570.9140625
-10703.912109375
-11826.501953125
-12937.322265625
-14035.015625
-15118.216796875
-16185.560546875
-17235.6796875
-18267.19140625
-19278.7109375
-20268.83984375
-21236.16796875
-22179.283203125
-23096.75
-23987.138671875
-24849.00390625
-25680.890625
-26481.349609375
-27248.919921875
-27982.15234375
-28679.6015625
-29339.83203125
-29961.421875
-30542.978515625
-31083.130859375
-31580.5390625
-32033.91015625
-32441.99609375
-32803.6015625
-33117.595703125
-33382.916015625
-33598.580078125
-33763.6875
-33877.431640625
-33939.109375
-33948.123046875
-33903.994140625
-33806.361328125
-33654.998046875
-33449.814453125
-33190.857421875
-32878.322265625
-32512.55859375
-32094.0703125
-31623.517578125
-31101.734375
-30529.703125
-29908.578125
-29239.689453125
-28524.513671875
-27764.705078125
-26962.07421875
-26118.59375
-25236.38671875
-24317.732421875
-23365.044921875
-22380.88671875
-21367.943359375
-20329.0234375
-19267.0546875
-18185.060546875
-17086.158203125
-15973.5546875
-14850.517578125
-13720.3828125
-12586.515625
-11452.326171875
-10321.240234375
-9196.68359375
-8082.080078125
-6980.81640625
-5896.25
-4831.68359375
-3790.34765625
-2775.390625
-1789.8671875
-836.716796875
81.244140625
961.33984375
1801.0390625
2597.982421875
3349.9765625
4055.01953125
4711.302734375
5317.22265625
5871.384765625
6372.623046875
6819.986328125
7212.767578125
7550.48046875
7832.888671875
8059.990234375
8232.01953125
8349.455078125
8413.01171875
8423.6328125
8382.4921875
8290.986328125
8150.724609375
7963.52734375
7731.40234375
7456.5546875
7141.353515625
6788.333984375
6400.1796875
5979.701171875
5529.83203125
5053.607421875
4554.146484375
4034.6328125
3498.302734375
2948.4296875
2388.294921875
1821.185546875
1250.359375
679.048828125
110.419921875
-452.421875
-1006.46484375
-1548.791015625
-2076.60546875
-2587.23828125
-3078.1640625
-3547.0078125
-3991.560546875
-4409.78125
-4799.8125
-5159.982421875
-5488.8125
-5785.013671875
-6047.501953125
-6275.390625
-6467.984375
-6624.794921875
-6745.51953125
-6830.05078125
-6878.462890625
-6891.01171875
-6868.119140625
-6810.373046875
-6718.517578125
-6593.431640625
-6436.1328125
-6247.759765625
-6029.5625
-5782.8828125
-5509.158203125
-5209.89453125
-4886.65625
-4541.064453125
-4174.7734375
-3789.46484375
-3386.833984375
-2968.583984375
-2536.40625
-2091.982421875
-1636.962890625
-1172.97265625
-701.59375
-224.357421875
257.25390625
741.8125
1227.962890625
1714.3984375
2199.896484375
2683.294921875
3163.5078125
3639.51171875
4110.36328125
4575.18359375
5033.1640625
5483.564453125
5925.703125
6358.96484375
6782.791015625
7196.677734375
7600.171875
7992.87109375
8374.41796875
8744.4921875
9102.810546875
9449.130859375
9783.236328125
10104.935546875
10414.0703125
10710.49609375
10994.095703125
11264.765625
11522.423828125
11767.001953125
11998.4453125
12216.71484375
12421.791015625
12613.6640625
12792.33984375
12957.83984375
13110.20703125
13249.5
13375.798828125
13489.203125
13589.841796875
13677.865234375
13753.455078125
13816.82421875
13868.212890625
13907.900390625
13936.203125
13953.474609375
13960.111328125
13956.55078125
13943.275390625
13920.814453125
13889.740234375
13850.677734375
13804.296875
13751.31640625
13692.505859375
13628.677734375
13560.69921875
13489.482421875
13415.978515625
13341.19140625
13266.16015625
13191.96875
13119.73046875
13050.599609375
12985.755859375
12926.408203125
12873.783203125
12829.1328125
12793.712890625
12768.798828125
12755.66015625
12755.568359375
12769.78125
12799.546875
12846.095703125
12910.623046875
12994.302734375
13098.255859375
13223.568359375
13371.267578125
13542.322265625
13737.640625
13958.052734375
14204.30859375
14477.08203125
14776.94921875
15104.39453125
15459.798828125
15843.4375
16255.48046875
16695.97265625
17164.85546875
17661.9375
18186.91015625
18739.345703125
19318.6796875
19924.234375
20555.19921875
21210.646484375
21889.525390625
22590.666015625
23312.787109375
24054.494140625
24814.296875
25590.59765625
26381.716796875
27185.88671875
28001.267578125
28825.955078125
29657.98828125
30495.36328125
31336.0390625
32177.953125
33019.03515625
33857.2109375
34690.419921875
35516.630859375
36333.837890625
37140.099609375
37933.5234375
38712.294921875
39474.6796875
40219.041015625
40943.845703125
41647.669921875
42329.21875
42987.322265625
43620.953125
44229.224609375
44811.396484375
45366.884765625
45895.263671875
46396.255859375
46869.751953125
47315.7890625
47734.572265625
48126.451171875
48491.927734375
48831.646484375
49146.392578125
49437.080078125
49704.744140625
49950.5390625
50175.71875
50381.630859375
50569.7109375
50741.462890625
50898.443359375
51042.265625
51174.568359375
51297.021484375
51411.296875
51519.05859375
51621.962890625
51721.630859375
51819.6484375
51917.54296875
52016.787109375
52118.7734375
52224.818359375
52336.14453125
52453.880859375
52579.044921875
52712.5546875
52855.205078125
53007.673828125
53170.5234375
53344.189453125
53528.986328125
53725.111328125
53932.634765625
54151.517578125
54381.603515625
54622.6328125
54874.234375
55135.955078125
55407.24609375
55687.47265625
55975.94140625
56271.88671875
56574.49609375
56882.908203125
57196.23828125
57513.57421875
57833.990234375
58156.56640625
58480.384765625
58804.556640625
59128.21484375
59450.53515625
59770.7421875
60088.1171875
60402.0078125
60711.826171875
61017.07421875
61317.333984375
61612.2734375
61901.654296875
62185.341796875
62463.28515625
62735.54296875
63002.271484375
63263.720703125
63520.240234375
63772.26953125
64020.3359375
64265.052734375
64507.111328125
64747.26953125
64986.353515625
65225.240234375
65464.859375
65706.16796875
65950.158203125
66197.8359375
66450.2109375
66708.2890625
66973.0625
67245.48828125
67526.49609375
67816.953125
68117.681640625
68429.421875
68752.83984375
69088.513671875
69436.919921875
69798.4375
70173.326171875
70561.734375
70963.685546875
71379.08203125
71807.685546875
72249.14453125
72702.9609375
73168.515625
73645.060546875
74131.72265625
74627.50390625
75131.29296875
75641.875
76157.927734375
76678.0390625
77200.712890625
77724.380859375
78247.41015625
78768.123046875
79284.80078125
79795.697265625
80299.05859375
80793.1328125
81276.181640625
81746.4921875
82202.3984375
82642.283203125
83064.603515625
83467.890625
83850.76953125
84211.962890625
84550.314453125
84864.779296875
85154.447265625
85418.544921875
85656.44140625
85867.65234375
86051.84375
86208.83984375
86338.6171875
86441.310546875
86517.20703125
86566.744140625
86590.517578125
86589.25390625
86563.83203125
86515.255859375
86444.654296875
86353.275390625
86242.47265625
86113.703125
85968.5078125
85808.501953125
85635.375
85450.865234375
85256.7578125
85054.869140625
84847.04296875
84635.12109375
84420.955078125
84206.3828125
83993.21875
83783.248046875
83578.216796875
83379.826171875
83189.71484375
83009.4609375
82840.580078125
82684.50390625
82542.59375
82416.123046875
82306.283203125
82214.173828125
82140.810546875
82087.109375
82053.90625
82041.94140625
82051.869140625
82084.251953125
82139.5703125
82218.228515625
82320.541015625
82446.755859375
82597.04296875
82771.5078125
82970.189453125
83193.0703125
83440.07421875
83711.078125
84005.91015625
84324.359375
84666.16796875
85031.05859375
85418.7109375
85828.7890625
86260.92578125
86714.74609375
87189.8515625
87685.833984375
88202.27734375
88738.7578125
89294.84765625
89870.119140625
90464.146484375
91076.5
91706.76171875
92354.517578125
93019.357421875
93700.8828125
94398.70703125
95112.453125
95841.751953125
96586.25390625
97345.615234375
98119.515625
98907.638671875
99709.69140625
100525.38671875
101354.4609375
102196.662109375
103051.75
103919.50390625
104799.708984375
105692.17578125
106596.71875
107513.1640625
108441.353515625
109381.138671875
110332.373046875
111294.927734375
112268.677734375
113253.501953125
114249.279296875
115255.900390625
116273.24609375
117301.2109375
118339.677734375
119388.529296875
120447.646484375
121516.908203125
122596.177734375
123685.328125
124784.2109375
125892.685546875
127010.591796875
128137.77734375
129274.072265625
130419.310546875
131573.32421875
132735.94140625
133906.9921875
135086.310546875
136273.736328125
137469.12109375
138672.328125
139883.234375
141101.740234375
142327.767578125
143561.267578125
144802.21875
146050.638671875
147306.5859375
148570.158203125
149841.501953125
151120.814453125
152408.34765625
153704.40625
155009.35546875
156323.62109375
157647.6875
158982.103515625
160327.48046875
161684.4921875
163053.865234375
164436.39453125
165832.919921875
167244.33984375
168671.595703125
170115.66796875
171577.583984375
173058.38671875
174559.1484375
176080.955078125
177624.900390625
179192.0703125
180783.54296875
182400.375
184043.58984375
185714.17578125
187413.06640625
189141.134765625
190899.19140625
192687.9609375
194508.083984375
196360.111328125
198244.482421875
200161.537109375
202111.490234375
204094.44140625
206110.365234375
208159.107421875
210240.3828125
212353.76953125
214498.7265625
216674.568359375
218880.490234375
221115.55078125
223378.701171875
225668.76171875
227984.455078125
230324.392578125
232687.091796875
235070.990234375
237474.44140625
239895.736328125
242333.111328125
244784.755859375
247248.82421875
249723.455078125
252206.771484375
254696.90234375
257191.990234375
259690.1953125
262189.724609375
264688.822265625
267185.79296875
269679.00390625
272166.900390625
274648.009765625
277120.947265625
279584.42578125
282037.26171875
284478.375
286906.794921875
289321.669921875
291722.259765625
294107.939453125
296478.20703125
298832.669921875
301171.052734375
303493.1953125
305799.046875
308088.66015625
310362.19921875
312619.919921875
314862.17578125
317089.408203125
319302.146484375
321500.99609375
323686.634765625
325859.80859375
328021.33203125
330172.064453125
332312.9296875
334444.888671875
336568.947265625
338686.146484375
340797.55859375
342904.2890625
345007.45703125
347108.2109375
349207.71484375
351307.142578125
353407.685546875
355510.533203125
357616.89453125
359727.974609375
361844.986328125
363969.140625
366101.65234375
368243.732421875
370396.587890625
372561.427734375
374739.451171875
376931.853515625
379139.828125
381364.548828125
383607.189453125
385868.912109375
388150.859375
390454.166015625
392779.947265625
395129.302734375
397503.306640625
399903.013671875
402329.44921875
404783.61328125
407266.474609375
409778.962890625
412321.970703125
414896.353515625
417502.916015625
420142.421875
422815.580078125
425523.037109375
428265.392578125
431043.177734375
433856.861328125
436706.83984375
439593.44140625
442516.921875
445477.451171875
448475.12890625
451509.96484375
454581.892578125
457690.748046875
460836.29296875
464018.1875
467236.01171875
470489.25
473777.2890625
477099.44140625
480454.912109375
483842.82421875
487262.212890625
490712.01953125
494191.109375
497698.255859375
501232.154296875
504791.42578125
508374.615234375
511980.193359375
515606.57421875
519252.10546875
522915.078125
526593.734375
530286.275390625
533990.861328125
537705.619140625
541428.66015625
545158.07421875
548891.943359375
552628.353515625
556365.392578125
560101.17578125
563833.837890625
567561.548828125
571282.533203125
574995.060546875
578697.46875
582388.171875
586065.666015625
589728.5390625
593375.478515625
597005.2890625
600616.888671875
604209.3203125
607781.76953125
611333.552734375
614864.138671875
618373.14453125
621860.34765625
625325.6796875
628769.23828125
632191.283203125
635592.23828125
638972.6875
642333.37109375
645675.1953125
648999.208984375
652306.609375
655598.732421875
658877.041015625
662143.119140625
665398.65625
668645.4375
671885.330078125
675120.263671875
678352.224609375
681583.228515625
684815.306640625
688050.4921875
691290.796875
694538.19140625
697794.58203125
701061.806640625
704341.595703125
707635.560546875
710945.181640625
714271.7734375
717616.484375
720980.263671875
724363.853515625
727767.7734375
731192.3046875
734637.47265625
738103.041015625
741588.505859375
745093.0703125
748615.662109375
752154.91015625
755709.14453125
759276.40625
762854.4375
766440.685546875
770032.314453125
773626.2109375
777218.98046875
780806.974609375
784386.294921875
787952.810546875
791502.169921875
795029.82421875
798531.037109375
802000.9140625
805434.419921875
808826.3984375
812171.603515625
815464.7109375
818700.3515625
821873.138671875
824977.681640625
828008.62109375
830960.646484375
833828.529296875
836607.146484375
839291.484375
841876.69921875
844358.1015625
846731.201171875
848991.71875
851135.611328125
853159.076171875
855058.583984375
856830.884765625
858473.017578125
859982.3359375
861356.501953125
862593.505859375
863691.673828125
864649.662109375
865466.47265625
866141.447265625
866674.2734375
867064.974609375
867313.919921875
867421.806640625
867389.66015625
867218.826171875
866910.962890625
866468.025390625
865892.259765625
865186.18359375
864352.58203125
863394.482421875
862315.142578125
861118.033203125
859806.826171875
858385.361328125
856857.6484375
855227.8203125
853500.146484375
851678.982421875
849768.76953125
847773.998046875
845699.208984375
843548.9453125
841327.76171875
839040.173828125
836690.666015625
834283.654296875
831823.4765625
829314.36328125
826760.439453125
824165.685546875
821533.9375
818868.865234375
816173.95703125
813452.5078125
810707.611328125
807942.146484375
805158.755859375
802359.857421875
799547.626953125
796723.986328125
793890.607421875
791048.904296875
788200.03125
785344.88671875
782484.103515625
779618.0625
776746.8828125
773870.43359375
770988.34375
768099.998046875
765204.5546875
762300.943359375
759387.890625
756463.912109375
753527.345703125
750576.34375
747608.900390625
744622.865234375
741615.953125
738585.755859375
735529.77734375
732445.4296875
729330.0625
726180.966796875
722995.412109375
719770.65234375
716503.935546875
713192.537109375
709833.76953125
706424.994140625
702963.6484375
699447.25
695873.421875
692239.90234375
688544.55859375
684785.400390625
680960.6015625
677068.494140625
673107.58984375
669076.59765625
664974.4140625
660800.142578125
656553.109375
652232.84375
647839.10546875
643371.880859375
638831.380859375
634218.052734375
629532.56640625
624775.830078125
619948.970703125
615053.34765625
610090.53515625
605062.32421875
599970.724609375
594817.935546875
589606.359375
584338.5859375
579017.37890625
573645.671875
568226.546875
562763.2421875
557259.119140625
551717.6640625
546142.46484375
540537.2109375
534905.662109375
529251.64453125
523579.0390625
517891.759765625
512193.744140625
506488.93359375
500781.263671875
495074.65234375
489372.9765625
483680.06640625
477999.6875
472335.533203125
466691.205078125
461070.203125
455475.92578125
449911.638671875
444380.482421875
438885.453125
433429.396484375
428015.005859375
422644.80859375
417321.166015625
412046.2578125
406822.09765625
401650.509765625
396533.138671875
391471.4453125
386466.708984375
381520.025390625
376632.30859375
371804.296875
367036.5546875
362329.4765625
357683.291015625
353098.072265625
348573.73828125
344110.068359375
339706.701171875
335363.150390625
331078.8125
326852.974609375
322684.8203125
318573.44921875
314517.884765625
310517.076171875
306569.91796875
302675.25390625
298831.8984375
295038.634765625
291294.232421875
287597.451171875
283947.056640625
280341.83203125
276780.57421875
273262.119140625
269785.3359375
266349.13671875
262952.494140625
259594.435546875
256274.052734375
252990.5078125
249743.041015625
246530.962890625
243353.673828125
240210.650390625
237101.45703125
234025.7421875
230983.244140625
227973.779296875
224997.259765625
222053.669921875
219143.076171875
216265.62890625
213421.541015625
210611.103515625
207834.666015625
205092.64453125
202385.498046875
199713.73828125
197077.91796875
194478.625
191916.466796875
189392.07421875
186906.08984375
184459.15625
182051.9140625
179684.984375
177358.974609375
175074.458984375
172831.970703125
170632.001953125
168474.990234375
166361.310546875
164291.2734375
162265.109375
160282.9765625
158344.93359375
156450.958984375
154600.927734375
152794.615234375
151031.69140625
149311.724609375
147634.166015625
145998.365234375
144403.55859375
142848.8671875
141333.3203125
139855.822265625
138415.19140625
137010.142578125
135639.298828125
134301.1953125
132994.29296875
131716.978515625
130467.580078125
129244.3671875
128045.5703125
126869.388671875
125713.994140625
124577.560546875
123458.25390625
122354.265625
121263.806640625
120185.1328125
119116.556640625
118056.453125
117003.275390625
115955.5703125
114911.98828125
113871.291015625
112832.357421875
111794.21484375
110756.0234375
109717.087890625
108676.880859375
107635.02734375
106591.32421875
105545.734375
104498.390625
103449.59375
102399.8203125
101349.705078125
100300.05078125
99251.810546875
98206.08984375
97164.13671875
96127.322265625
95097.14453125
94075.203125
93063.1953125
92062.890625
91076.1328125
90104.798828125
89150.80859375
88216.087890625
87302.55859375
86412.125
85546.640625
84707.912109375
83897.66015625
83117.513671875
82368.998046875
81653.50390625
80972.28515625
80326.4375
79716.890625
79144.388671875
78609.4921875
78112.556640625
77653.732421875
77232.953125
76849.943359375
76504.201171875
76195.01171875
75921.43359375
75682.31640625
75476.294921875
75301.80078125
75157.072265625
75040.15625
74948.9296875
74881.103515625
74834.240234375
74805.771484375
74793.01171875
74793.173828125
74803.39453125
74820.740234375
74842.236328125
74864.888671875
74885.697265625
74901.671875
74909.8671875
74907.37890625
74891.388671875
74859.16015625
74808.068359375
74735.611328125
74639.431640625
74517.31640625
74367.224609375
74187.296875
73975.85546875
73731.421875
73452.720703125
73138.681640625
72788.455078125
72401.392578125
71977.072265625
71515.279296875
71016.01171875
70479.470703125
69906.052734375
69296.361328125
68651.16796875
67971.431640625
67258.265625
66512.935546875
65736.8515625
64931.54296875
64098.654296875
63239.927734375
62357.181640625
61452.306640625
60527.24609375
59583.98046875
58624.509765625
57650.84765625
56665.001953125
55668.9609375
54664.685546875
53654.09375
52639.056640625
51621.37890625
50602.802734375
49584.986328125
48569.515625
47557.88671875
46551.501953125
45551.6796875
44559.640625
43576.517578125
42603.34765625
41641.0859375
40690.599609375
39752.6796875
38828.037109375
37917.328125
37021.134765625
36139.99609375
35274.404296875
34424.8125
33591.65625
32775.33984375
31976.26953125
31194.84375
30431.474609375
29686.5859375
28960.623046875
28254.060546875
27567.416015625
26901.23828125
26256.125
25632.720703125
25031.71875
24453.865234375
23899.955078125
23370.83203125
22867.380859375
22390.5390625
21941.271484375
21520.578125
21129.48046875
20769.013671875
20440.220703125
20144.134765625
19881.779296875
19654.14453125
19462.1796875
19306.783203125
19188.787109375
19108.939453125
19067.900390625
19066.21875
19104.32421875
19182.517578125
19300.951171875
19459.625
19658.373046875
19896.84765625
20174.5234375
20490.68359375
20844.412109375
21234.5859375
21659.88671875
22118.78125
22609.53515625
23130.20703125
23678.65234375
24252.533203125
24849.322265625
25466.306640625
26100.6015625
26749.16796875
27408.814453125
28076.21484375
28747.9296875
29420.41796875
30090.05078125
30753.142578125
31405.955078125
32044.728515625
32665.703125
33265.130859375
33839.3046875
34384.576171875
34897.3828125
35374.2578125
35811.86328125
36207.0
36556.630859375
36857.90625
37108.16796875
37304.974609375
37446.1171875
37529.62890625
37553.798828125
37517.1875
37418.62890625
37257.2421875
37032.4375
36743.9296875
36391.720703125
35976.119140625
35497.728515625
34957.45703125
34356.498046875
33696.341796875
32978.75
32205.765625
31379.681640625
30503.060546875
29578.681640625
28609.564453125
27598.93359375
26550.19921875
25466.958984375
24352.962890625
23212.09765625
22048.376953125
20865.912109375
19668.896484375
18461.5859375
17248.271484375
16033.271484375
14820.900390625
13615.453125
12421.18359375
11242.287109375
10082.87890625
8946.978515625
7838.4921875
6761.19140625
5718.69921875
4714.48046875
3751.81640625
2833.798828125
1963.318359375
1143.05078125
375.4453125
-337.2734375
-993.1328125
-1590.39453125
-2127.57421875
-2603.443359375
-3017.0234375
-3367.595703125
-3654.693359375
-3878.1015625
-4037.853515625
-4134.2265625
-4167.73828125
-4139.126953125
-4049.357421875
-3899.6015625
-3691.234375
-3425.81640625
-3105.083984375
-2730.927734375
-2305.390625
-1830.646484375
-1308.98046875
-742.78125
-134.513671875
513.287109375
1198.033203125
1917.109375
2667.888671875
3447.73046875
4254.01953125
5084.169921875
5935.63671875
6805.939453125
7692.66015625
8593.47265625
9506.138671875
10428.521484375
11358.603515625
12294.4765625
13234.359375
14176.595703125
15119.66015625
16062.158203125
17002.83203125
17940.5390625
18874.27734375
19803.158203125
20726.41015625
21643.37109375
22553.474609375
23456.2578125
24351.326171875
25238.361328125
26117.1015625
26987.337890625
27848.884765625
28701.583984375
29545.28515625
30379.83203125
31205.05078125
32020.73828125
32826.6484375
33622.478515625
34407.869140625
35182.38671875
35945.505859375
36696.623046875
37435.0390625
38159.947265625
38870.443359375
39565.517578125
40244.056640625
40904.833984375
41546.53515625
42167.73828125
42766.935546875
43342.53125
43892.859375
44416.189453125
44910.732421875
45374.658203125
45806.1171875
46203.2421875
46564.166015625
46887.04296875
47170.064453125
47411.466796875
47609.560546875
47762.73828125
47869.4921875
47928.4375
47938.3125
47898.017578125
47806.59765625
47663.287109375
47467.49609375
47218.8359375
46917.125
46562.38671875
46154.875
45695.056640625
45183.625
44621.50390625
44009.8359375
43349.994140625
42643.55859375
41892.32421875
41098.2890625
40263.642578125
39390.7578125
38482.169921875
37540.5703125
36568.791015625
35569.7890625
34546.619140625
33502.427734375
32440.423828125
31363.87109375
30276.05859375
29180.279296875
28079.82421875
26977.947265625
25877.857421875
24782.685546875
23695.4921875
22619.21875
21556.6953125
20510.615234375
19483.5234375
18477.80078125
17495.65625
16539.1171875
15610.01953125
14710.001953125
13840.494140625
13002.73046875
12197.720703125
11426.28125
10689.009765625
9986.30078125
9318.349609375
8685.1484375
8086.51171875
7522.05859375
6991.2421875
6493.3515625
6027.52734375
5592.76171875
5187.92578125
4811.771484375
4462.951171875
4140.0234375
3841.4765625
3565.736328125
3311.177734375
3076.140625
2858.947265625
2657.90234375
2471.318359375
2297.521484375
2134.86328125
1981.72265625
1836.529296875
1697.7578125
1563.94921875
1433.703125
1305.693359375
1178.669921875
1051.45703125
922.96875
792.197265625
658.21875
520.19921875
377.384765625
229.107421875
74.78125
-86.103515625
-253.974609375
-429.193359375
-612.05078125
-802.76953125
-1001.509765625
-1208.384765625
-1423.443359375
-1646.693359375
-1878.1015625
-2117.5859375
-2365.0390625
-2620.314453125
-2883.244140625
-3153.626953125
-3431.24609375
-3715.8671875
-4007.2265625
-4305.05859375
-4609.0703125
-4918.966796875
-5234.42578125
-5555.123046875
-5880.71875
-6210.8515625
-6545.1484375
-6883.224609375
-7224.669921875
-7569.0625
-7915.94921875
-8264.86328125
-8615.30859375
-8966.765625
-9318.6796875
-9670.4765625
-10021.544921875
-10371.240234375
-10718.890625
-11063.78515625
-11405.1796875
-11742.302734375
-12074.33984375
-12400.447265625
-12719.751953125
-13031.353515625
-13334.31640625
-13627.68359375
-13910.4765625
-14181.6953125
-14440.328125
-14685.34375
-14915.712890625
-15130.3984375
-15328.361328125
-15508.572265625
-15670.017578125
-15811.6953125
-15932.625
-16031.8515625
-16108.4609375
-16161.568359375
-16190.333984375
-16193.96484375
-16171.72265625
-16122.921875
-16046.939453125
-15943.216796875
-15811.26171875
-15650.65625
-15461.0546875
-15242.1875
-14993.865234375
-14715.974609375
-14408.494140625
-14071.46875
-13705.0390625
-13309.427734375
-12884.931640625
-12431.94140625
-11950.919921875
-11442.4140625
-10907.048828125
-10345.52734375
-9758.62890625
-9147.19921875
-8512.16015625
-7854.5
-7175.271484375
-6475.59375
-5756.640625
-5019.64453125
-4265.892578125
-3496.71875
-2713.509765625
-1917.693359375
-1110.736328125
-294.15234375
530.5234375
1361.712890625
2197.81640625
3037.20703125
3878.23828125
4719.24609375
5558.552734375
6394.46484375
7225.291015625
8049.330078125
8864.888671875
9670.271484375
10463.802734375
11243.81640625
12008.66015625
12756.720703125
13486.39453125
14196.130859375
14884.404296875
15549.744140625
16190.72265625
16805.974609375
17394.19140625
17954.1328125
18484.634765625
18984.599609375
19453.03125
19889.005859375
20291.703125
20660.3984375
20994.470703125
21293.404296875
21556.796875
21784.36328125
21975.931640625
22131.44921875
22250.9921875
22334.755859375
22383.0546875
22396.3359375
22375.16796875
22320.236328125
22232.349609375
22112.439453125
21961.541015625
21780.80859375
21571.5
21334.970703125
21072.669921875
20786.140625
20476.998046875
20146.9375
19797.71484375
19431.1484375
19049.1015625
18653.47265625
18246.197265625
17829.232421875
17404.544921875
16974.1015625
16539.8671875
16103.791015625
15667.798828125
15233.78125
14803.595703125
14379.04296875
13961.875
13553.78125
13156.376953125
12771.21484375
12399.759765625
12043.3984375
11703.427734375
11381.056640625
11077.396484375
10793.470703125
10530.19921875
10288.408203125
10068.828125
9872.087890625
9698.716796875
9549.15625
9423.744140625
9322.73046875
9246.275390625
9194.439453125
9167.21484375
9164.494140625
9186.095703125
9231.76171875
9301.154296875
9393.869140625
9509.431640625
9647.294921875
9806.857421875
9987.45703125
10188.369140625
10408.82421875
10647.98828125
10904.994140625
11178.916015625
11468.80078125
11773.640625
12092.3984375
12424.0078125
12767.365234375
13121.34765625
13484.8046875
13856.568359375
14235.45703125
14620.283203125
15009.845703125
15402.951171875
15798.404296875
16195.033203125
16591.671875
16987.185546875
17380.466796875
17770.453125
18156.1171875
18536.498046875
18910.685546875
19277.84765625
19637.224609375
19988.14453125
20330.029296875
20662.40234375
20984.896484375
21297.26171875
21599.369140625
21891.216796875
22172.943359375
22444.818359375
22707.26171875
22960.828125
23206.232421875
23444.322265625
23676.103515625
23902.71875
24125.44921875
24345.716796875
24565.068359375
24785.169921875
25007.802734375
25234.845703125
25468.26171875
25710.09375
25962.4375
26227.431640625
26507.2421875
26804.03515625
27119.966796875
27457.150390625
27817.65625
28203.462890625
28616.462890625
29058.416015625
29530.9453125
30035.50390625
30573.37109375
31145.60546875
31753.046875
32396.298828125
33075.693359375
33791.298828125
34542.8828125
35329.9296875
36151.595703125
37006.740234375
37893.88671875
38811.24609375
39756.697265625
40727.80859375
41721.826171875
42735.69921875
43766.0703125
44809.3125
45861.5234375
46918.5625
47976.060546875
49029.443359375
50073.96484375
51104.724609375
52116.70703125
53104.802734375
54063.845703125
54988.64453125
55874.017578125
56714.826171875
57506.001953125
58242.59375
58919.796875
59532.9765625
60077.71484375
60549.83203125
60945.419921875
61260.8671875
61492.892578125
61638.552734375
61695.28515625
61660.91015625
61533.650390625
61312.15234375
60995.482421875
60583.15234375
60075.107421875
59471.732421875
58773.85546875
57982.73828125
57100.0625
56127.9375
55068.859375
53925.720703125
52701.7734375
51400.619140625
50026.177734375
48582.66796875
47074.58203125
45506.646484375
43883.8046875
42211.18359375
40494.05859375
38737.826171875
36947.966796875
35130.02734375
33289.5703125
31432.16015625
29563.326171875
27688.537109375
25813.16796875
23942.486328125
22081.615234375
20235.51953125
18408.978515625
16606.578125
14832.68359375
13091.435546875
11386.728515625
9722.208984375
8101.2578125
6526.99609375
5002.279296875
3529.69140625
2111.54296875
749.88671875
-553.498046875
-1797.076171875
-2979.57421875
-4099.953125
-5157.41015625
-6151.3671875
-7081.451171875
-7947.4921875
-8749.513671875
-9487.7109375
-10162.439453125
-10774.212890625
-11323.6796875
-11811.619140625
-12238.927734375
-12606.603515625
-12915.7421875
-13167.52734375
-13363.21484375
-13504.1328125
-13591.669921875
-13627.275390625
-13612.435546875
-13548.693359375
-13437.625
-13280.84765625
-13080.01171875
-12836.796875
-12552.916015625
-12230.109375
-11870.1484375
-11474.830078125
-11045.974609375
-10585.435546875
-10095.08984375
-9576.8359375
-9032.609375
-8464.357421875
-7874.0546875
-7263.701171875
-6635.310546875
-5990.919921875
-5332.572265625
-4662.328125
-3982.251953125
-3294.40625
-2600.853515625
-1903.646484375
-1204.82421875
-506.39453125
189.654296875
881.373046875
1566.865234375
2244.271484375
2911.8125
3567.7578125
4210.466796875
4838.37890625
5450.01953125
6044.025390625
6619.12109375
7174.162109375
7708.103515625
8220.033203125
8709.16015625
9174.82421875
9616.494140625
10033.779296875
10426.41015625
10794.265625
11137.34375
11455.779296875
11749.83203125
12019.884765625
12266.4375
12490.1015625
12691.591796875
12871.7265625
13031.404296875
13171.62109375
13293.4296875
13397.951171875
13486.3671875
13559.892578125
13619.787109375
13667.328125
13703.80859375
13730.533203125
13748.794921875
13759.8828125
13765.056640625
13765.556640625
13762.587890625
13757.306640625
13750.8359375
13744.234375
13738.51171875
13734.623046875
13733.458984375
13735.845703125
13742.5546875
13754.287109375
13771.69140625
13795.349609375
13825.791015625
13863.484375
13908.857421875
13962.283203125
14024.09375
14094.583984375
14174.015625
14262.62109375
14360.609375
14468.173828125
14585.486328125
14712.716796875
14850.02734375
14997.576171875
15155.529296875
15324.05078125
15503.322265625
15693.5234375
15894.84765625
16107.5078125
16331.71484375
16567.69921875
16815.69921875
17075.951171875
17348.7109375
17634.220703125
17932.73046875
18244.4765625
18569.689453125
18908.576171875
19261.326171875
19628.1015625
20009.029296875
20404.201171875
20813.65625
21237.392578125
21675.345703125
22127.396484375
22593.353515625
23072.95703125
23565.875
24071.69921875
24589.935546875
25120.01171875
25661.267578125
26212.966796875
26774.27734375
27344.29296875
27922.01953125
28506.388671875
29096.251953125
29690.390625
30287.515625
30886.28515625
31485.291015625
32083.080078125
32678.166015625
33269.01953125
33854.0859375
34431.802734375
35000.59375
35558.8828125
36105.1171875
36637.744140625
37155.26171875
37656.193359375
38139.1171875
38602.666015625
39045.537109375
39466.501953125
39864.41015625
40238.205078125
40586.91796875
40909.681640625
41205.732421875
41474.41796875
41715.193359375
41927.63671875
42111.4375
42266.40234375
42392.46484375
42489.671875
42558.185546875
42598.29296875
42610.388671875
42594.978515625
42552.68359375
42484.220703125
42390.408203125
42272.1640625
42130.486328125
41966.462890625
41781.2578125
41576.107421875
41352.310546875
41111.2265625
40854.271484375
40582.8984375
40298.603515625
40002.921875
39697.408203125
39383.640625
39063.2109375
38737.724609375
38408.783203125
38077.99609375
37746.958984375
37417.2578125
37090.46484375
36768.130859375
36451.78515625
36142.923828125
35843.015625
35553.49609375
35275.755859375
35011.15234375
34760.998046875
34526.552734375
34309.03125
34109.595703125
33929.3515625
33769.349609375
33630.580078125
33513.96875
33420.37890625
33350.6015625
33305.36328125
33285.30859375
33291.017578125
33322.98046875
33381.611328125
33467.23828125
33580.10546875
33720.359375
33888.056640625
34083.162109375
34305.537109375
34554.94140625
34831.037109375
35133.373046875
35461.3984375
35814.443359375
36191.73828125
36592.396484375
37015.41796875
37459.693359375
37923.99609375
38406.99609375
38907.248046875
39423.1953125
39953.1796875
40495.435546875
41048.1015625
41609.21484375
42176.720703125
42748.484375
43322.28125
43895.8203125
44466.734375
45032.6015625
45590.9453125
46139.2421875
46674.935546875
47195.44140625
47698.158203125
48180.48046875
48639.80078125
49073.52734375
49479.091796875
49853.9609375
50195.6484375
50501.720703125
50769.814453125
50997.64453125
51183.009765625
51323.814453125
51418.06640625
51463.896484375
51459.55859375
51403.451171875
51294.115234375
51130.244140625
50910.69921875
50634.51171875
50300.880859375
49909.1953125
49459.03515625
48950.162109375
48382.541015625
47756.341796875
47071.92578125
46329.869140625
45530.943359375
44676.130859375
43766.623046875
42803.810546875
41789.28515625
40724.84375
39612.470703125
38454.34765625
37252.83984375
36010.4921875
34730.025390625
33414.32421875
32066.427734375
30689.53125
29286.96484375
27862.18359375
26418.767578125
24960.40234375
23490.861328125
22014.005859375
20533.76171875
19054.111328125
17579.07421875
16112.703125
14659.0546875
13222.18359375
11806.125
10414.876953125
9052.388671875
7722.546875
6429.142578125
5175.884765625
3966.361328125
2804.02734375
1692.203125
634.044921875
-367.458984375
-1309.509765625
-2189.505859375
-3005.0546875
-3753.98828125
-4434.3671875
-5044.498046875
-5582.9375
-6048.501953125
-6440.265625
-6757.578125
-7000.06640625
-7167.630859375
-7260.4453125
-7278.974609375
-7223.94921875
-7096.380859375
-6897.5546875
-6629.017578125
-6292.580078125
-5890.302734375
-5424.484375
-4897.669921875
-4312.615234375
-3672.283203125
-2979.837890625
-2238.62109375
-1452.138671875
-624.04296875
241.87890625
1141.728515625
2071.513671875
3027.171875
4004.57421875
4999.5625
6007.95703125
7025.5859375
8048.29296875
9071.966796875
10092.556640625
11106.0859375
12108.677734375
13096.568359375
14066.126953125
15013.861328125
15936.44140625
16830.716796875
17693.71875
18522.67578125
19315.029296875
20068.431640625
20780.765625
21450.140625
22074.91015625
22653.658203125
23185.216796875
23668.6640625
24103.314453125
24488.73046875
24824.712890625
25111.294921875
25348.744140625
25537.54296875
25678.3984375
25772.2265625
25820.138671875
25823.427734375
25783.578125
25702.228515625
25581.181640625
25422.373046875
25227.873046875
24999.861328125
24740.623046875
24452.529296875
24138.021484375
23799.603515625
23439.826171875
23061.267578125
22666.525390625
22258.20703125
21838.90625
21411.19921875
20977.62890625
20540.6953125
20102.84375
19666.455078125
19233.837890625
18807.2109375
18388.708984375
17980.359375
17584.09375
17201.72265625
16834.943359375
16485.330078125
16154.33203125
15843.26953125
15553.328125
15285.564453125
15040.900390625
14820.115234375
14623.8671875
14452.666015625
14306.900390625
14186.82421875
14092.5625
14024.115234375
13981.36328125
13964.06640625
13971.873046875
14004.3203125
14060.84375
14140.775390625
14243.361328125
14367.75
14513.015625
14678.154296875
14862.091796875
15063.689453125
15281.75390625
15515.04296875
15762.265625
16022.1015625
16293.1953125
16574.166015625
16863.623046875
17160.1640625
17462.3828125
17768.87109375
18078.2421875
18389.11328125
18700.134765625
19009.984375
19317.369140625
19621.04296875
19919.806640625
20212.509765625
20498.060546875
20775.431640625
21043.6640625
21301.873046875
21549.244140625
21785.048828125
22008.638671875
22219.45703125
22417.03515625
22600.99609375
22771.060546875
22927.041015625
23068.853515625
23196.505859375
23310.107421875
23409.865234375
23496.083984375
23569.158203125
23629.58203125
23677.939453125
23714.8984375
23741.2109375
23757.71484375
23765.318359375
23764.994140625
23757.791015625
23744.8046875
23727.1875
23706.134765625
23682.87890625
23658.677734375
23634.814453125
23612.580078125
23593.27734375
23578.1953125
23568.611328125
23565.7890625
23570.951171875
23585.287109375
23609.93359375
23645.9765625
23694.4375
23756.263671875
23832.326171875
23923.412109375
24030.2109375
24153.32421875
24293.24609375
24450.37109375
24624.9765625
24817.232421875
25027.193359375
25254.798828125
25499.876953125
25762.130859375
26041.15625
26336.4375
26647.345703125
26973.1484375
27313.009765625
27665.99609375
28031.091796875
28407.181640625
28793.087890625
29187.55078125
29589.255859375
29996.830078125
30408.85546875
30823.875
31240.41015625
31656.9609375
32072.013671875
32484.060546875
32891.595703125
33293.138671875
33687.228515625
34072.4453125
34447.404296875
34810.77734375
35161.291015625
35497.740234375
35818.98046875
36123.951171875
36411.671875
36681.240234375
36931.849609375
37162.779296875
37373.40234375
37563.1875
37731.69921875
37878.59765625
38003.6328125
38106.65625
38187.609375
38246.515625
38283.494140625
38298.748046875
38292.55078125
38265.26171875
38217.30078125
38149.1640625
38061.396484375
37954.607421875
37829.453125
37686.62890625
37526.87109375
37350.947265625
37159.6484375
36953.78515625
36734.181640625
36501.669921875
36257.080078125
36001.23828125
35734.966796875
35459.0625
35174.310546875
34881.46484375
34581.25390625
34274.36328125
33961.451171875
33643.125
33319.953125
32992.447265625
32661.07421875
32326.2421875
31988.302734375
31647.5546875
31304.228515625
30958.50390625
30610.490234375
30260.244140625
29907.75390625
29552.94921875
29195.705078125
28835.830078125
28473.08203125
28107.1640625
27737.728515625
27364.37890625
26986.673828125
26604.1328125
26216.236328125
25822.439453125
25422.16796875
25014.83203125
24599.81640625
24176.515625
23744.310546875
23302.59375
22850.7734375
22388.275390625
21914.552734375
21429.1015625
20931.4609375
20421.220703125
19898.033203125
19361.6171875
18811.767578125
18248.36328125
17671.37890625
17080.876953125
16477.0234375
15860.1015625
15230.5
14588.728515625
13935.41796875
13271.32421875
12597.32421875
11914.4296875
11223.771484375
10526.611328125
9824.33203125
9118.44140625
8410.5546875
7702.40625
6995.83203125
6292.76171875
5595.220703125
4905.298828125
4225.171875
3557.060546875
2903.228515625
2265.974609375
1647.615234375
1050.46484375
476.826171875
-71.025390625
-590.861328125
-1080.505859375
-1537.8671875
-1960.9453125
-2347.84375
-2696.791015625
-3006.15234375
-3274.447265625
-3500.357421875
-3682.75
-3820.669921875
-3913.375
-3960.32421875
-3961.1953125
-3915.896484375
-3824.55859375
-3687.55078125
-3505.47265625
-3279.16015625
-3009.689453125
-2698.357421875
-2346.69921875
-1956.462890625
-1529.611328125
-1068.310546875
-574.921875
-51.982421875
497.802734375
1071.576171875
1666.349609375
2279.013671875
2906.361328125
3545.10546875
4191.896484375
4843.345703125
5496.046875
6146.58984375
6791.59375
7427.708984375
8051.6640625
8660.255859375
9250.39453125
9819.109375
10363.564453125
10881.0859375
11369.169921875
11825.50390625
12247.96875
12634.669921875
12983.923828125
13294.2890625
13564.56640625
13793.79296875
13981.267578125
14126.537109375
14229.40625
14289.931640625
14308.42578125
14285.443359375
14221.79296875
14118.51171875
13976.869140625
13798.3515625
13584.658203125
13337.685546875
13059.513671875
12752.390625
12418.728515625
12061.078125
11682.119140625
11284.638671875
10871.521484375
10445.73046875
10010.291015625
9568.26953125
9122.765625
8676.892578125
8233.7578125
7796.44921875
7368.03125
6951.50390625
6549.822265625
6165.857421875
5802.400390625
5462.13671875
5147.65234375
4861.41015625
4605.7421875
4382.8515625
4194.79296875
4043.474609375
3930.6484375
3857.90625
3826.671875
3838.2109375
3893.607421875
3993.78125
4139.47265625
4331.25
4569.5078125
4854.4609375
5186.158203125
5564.46875
5989.09375
6459.5625
6975.240234375
7535.326171875
8138.85546875
8784.7109375
9471.615234375
10198.142578125
10962.71484375
11763.619140625
12598.99609375
13466.85546875
14365.076171875
15291.41796875
16243.517578125
17218.900390625
18214.98828125
19229.099609375
20258.46484375
21300.2265625
22351.451171875
23409.134765625
24470.21484375
25531.578125
26590.068359375
27642.498046875
28685.662109375
29716.3359375
30731.310546875
31727.375
32701.353515625
33650.103515625
34570.529296875
35459.6015625
36314.361328125
37131.947265625
37909.583984375
38644.623046875
39334.53125
39976.921875
40569.552734375
41110.34375
41597.392578125
42028.97265625
42403.55078125
42719.798828125
42976.59765625
43173.037109375
43308.435546875
43382.3359375
43394.51171875
43344.966796875
43233.94140625
43061.90625
42829.56640625
42537.857421875
42187.935546875
41781.181640625
41319.189453125
40803.751953125
40236.86328125
39620.70703125
38957.63671875
38250.169921875
37500.970703125
36712.845703125
35888.71484375
35031.611328125
34144.65234375
33231.037109375
32294.013671875
31336.87890625
30362.95703125
29375.578125
28378.06640625
27373.724609375
26365.82421875
25357.580078125
24352.146484375
23352.6015625
22361.931640625
21383.02734375
20418.6640625
19471.5078125
18544.083984375
17638.796875
16757.904296875
15903.525390625
15077.623046875
14282.017578125
13518.373046875
12788.205078125
12092.869140625
11433.578125
10811.38671875
10227.208984375
9681.810546875
9175.8203125
8709.7265625
8283.890625
7898.54296875
7553.791015625
7249.62890625
6985.931640625
6762.470703125
6578.916015625
6434.8359375
6329.701171875
6262.900390625
6233.7265625
6241.400390625
6285.05078125
6363.732421875
6476.431640625
6622.05078125
6799.427734375
7007.322265625
7244.435546875
7509.38671875
7800.736328125
8116.974609375
8456.5234375
8817.740234375
9198.91796875
9598.283203125
10013.998046875
10444.166015625
10886.833984375
11339.984375
11801.55078125
12269.4140625
12741.41015625
13215.33203125
13688.935546875
14159.951171875
14626.080078125
15085.015625
15534.435546875
15972.021484375
16395.47265625
16802.5
17190.849609375
17558.3125
17902.73046875
18222.013671875
18514.14453125
18777.19921875
19009.353515625
19208.896484375
19374.240234375
19503.931640625
19596.671875
19651.3046875
19666.853515625
19642.509765625
19577.650390625
19471.8359375
19324.83203125
19136.599609375
18907.306640625
18637.32421875
18327.232421875
17977.822265625
17590.087890625
17165.220703125
16704.62109375
16209.880859375
15682.771484375
15125.248046875
14539.4296875
13927.595703125
13292.171875
12635.712890625
11960.900390625
11270.51171875
10567.419921875
9854.564453125
9134.94921875
8411.609375
7687.607421875
6966.013671875
6249.875
5542.216796875
4846.015625
4164.185546875
3499.548828125
2854.8515625
2232.708984375
1635.62109375
1065.9453125
525.884765625
17.482421875
-457.392578125
-897.060546875
-1300.029296875
-1665.00390625
-1990.900390625
-2276.833984375
-2522.14453125
-2726.37109375
-2889.28125
-3010.84765625
-3091.25390625
-3130.892578125
-3130.365234375
-3090.462890625
-3012.173828125
-2896.66796875
-2745.28515625
-2559.5390625
-2341.09375
-2091.755859375
-1813.4609375
-1508.2734375
-1178.353515625
-825.9609375
-453.4375
-63.1796875
342.3515625
760.666015625
1189.2421875
1625.556640625
2067.080078125
2511.3046875
2955.7578125
3397.998046875
3835.642578125
4266.380859375
4687.966796875
5098.25390625
5495.181640625
5876.80078125
6241.279296875
6586.89453125
6912.05859375
7215.318359375
7495.35546875
7750.98828125
7981.1875
8185.064453125
8361.8828125
8511.05078125
8632.126953125
8724.814453125
8788.962890625
8824.560546875
8831.740234375
8810.765625
8762.02734375
8686.048828125
8583.46484375
8455.0234375
8301.5859375
8124.103515625
7923.62109375
7701.2734375
7458.263671875
7195.865234375
6915.4140625
6618.294921875
6305.9375
5979.8046875
5641.390625
5292.205078125
4933.767578125
4567.611328125
4195.255859375
3818.21484375
3437.986328125
3056.041015625
2673.828125
2292.75
1914.181640625
1539.44140625
1169.80859375
806.501953125
450.689453125
103.470703125
-234.111328125
-561.080078125
-876.529296875
-1179.6171875
-1469.57421875
-1745.69921875
-2007.369140625
-2254.0234375
-2485.177734375
-2700.416015625
-2899.392578125
-3081.830078125
-3247.51953125
-3396.31640625
-3528.13671875
-3642.96875
-3740.845703125
-3821.869140625
-3886.1875
-3934.005859375
-3965.578125
-3981.19921875
-3981.21484375
-3965.998046875
-3935.9765625
-3891.595703125
-3833.337890625
-3761.7109375
-3677.25
-3580.505859375
-3472.046875
-3352.4609375
-3222.33984375
-3082.291015625
-2932.919921875
-2774.83984375
-2608.6640625
-2435.0
-2254.44921875
-2067.611328125
-1875.072265625
-1677.412109375
-1475.1953125
-1268.970703125
-1059.279296875
-846.63671875
-631.552734375
-414.517578125
-196.0
23.5390625
243.6640625
463.947265625
683.9765625
903.35546875
1121.701171875
1338.63671875
1553.796875
1766.828125
1977.373046875
2185.087890625
2389.630859375
2590.654296875
2787.81640625
2980.765625
3169.15625
3352.625
3530.8125
3703.34765625
3869.8515625
4029.935546875
4183.20703125
4329.2578125
4467.677734375
4598.052734375
4719.95703125
4832.966796875
4936.654296875
5030.59765625
5114.37890625
5187.5859375
5249.82421875
5300.71484375
5339.896484375
5367.037109375
5381.83984375
5384.0390625
5373.412109375
5349.787109375
5313.037109375
5263.10546875
5199.990234375
5123.76171875
5034.564453125
4932.619140625
4818.232421875
4691.796875
4553.7890625
4404.7890625
4245.462890625
4076.572265625
3898.984375
3713.654296875
3521.63671875
3324.080078125
3122.224609375
2917.400390625
2711.017578125
2504.568359375
2299.62109375
2097.80078125
1900.802734375
1710.365234375
1528.265625
1356.322265625
1196.3671875
1050.2421875
919.794921875
806.853515625
713.224609375
640.6796875
590.935546875
565.65234375
566.4140625
594.71875
651.962890625
739.4453125
858.33203125
1009.6640625
1194.3359375
1413.103515625
1666.55078125
1955.107421875
2279.01953125
2638.37109375
3033.044921875
3462.751953125
3927.01171875
4425.15625
4956.3203125
5519.466796875
6113.361328125
6736.591796875
7387.576171875
8064.556640625
8765.61328125
9488.677734375
10231.537109375
10991.833984375
11767.107421875
12554.767578125
13352.146484375
14156.48046875
14964.9453125
15774.66015625
16582.70703125
17386.15234375
18182.0546875
18967.482421875
19739.53515625
20495.357421875
21232.15234375
21947.201171875
22637.87890625
23301.669921875
23936.181640625
24539.158203125
25108.494140625
25642.248046875
26138.654296875
26596.130859375
27013.296875
27388.96875
27722.177734375
28012.17578125
28258.431640625
28460.64453125
28618.744140625
28732.880859375
28803.447265625
28831.05078125
28816.529296875
28760.9375
28665.544921875
28531.82421875
28361.451171875
28156.28125
27918.357421875
27649.873046875
27353.189453125
27030.791015625
26685.291015625
26319.416015625
25935.97265625
25537.849609375
25127.990234375
24709.376953125
24285.015625
23857.916015625
23431.0703125
23007.4453125
22589.955078125
22181.451171875
21784.701171875
21402.37890625
21037.0390625
20691.1171875
20366.908203125
20066.546875
19792.01953125
19545.130859375
19327.5078125
19140.58984375
18985.619140625
18863.646484375
18775.515625
18721.875
18703.16015625
18719.6171875
18771.283203125
18858.009765625
18979.447265625
19135.078125
19324.1953125
19545.93359375
19799.26953125
20083.02734375
20395.904296875
20736.46875
21103.1796875
21494.400390625
21908.404296875
22343.40234375
22797.5390625
23268.919921875
23755.623046875
24255.697265625
24767.201171875
25288.19140625
25816.748046875
26350.974609375
26889.02734375
27429.09765625
27969.4453125
28508.392578125
29044.333984375
29575.74609375
30101.18359375
30619.291015625
31128.798828125
31628.533203125
32117.412109375
32594.4375
33058.712890625
33509.423828125
33945.84375
34367.32421875
34773.30859375
35163.298828125
35536.875
35893.681640625
36233.41796875
36555.833984375
36860.734375
37147.955078125
37417.373046875
37668.890625
37902.431640625
38117.94140625
38315.375
38494.6953125
38655.873046875
38798.873046875
38923.658203125
39030.19140625
39118.419921875
39188.28515625
39239.716796875
39272.63671875
39286.951171875
39282.5625
39259.357421875
39217.228515625
39156.048828125
39075.701171875
38976.064453125
38857.029296875
38718.482421875
38560.3359375
38382.509765625
38184.94921875
37967.626953125
37730.5390625
37473.71875
37197.23828125
36901.205078125
36585.779296875
36251.16796875
35897.625
35525.466796875
35135.060546875
34726.837890625
34301.287109375
33858.962890625
33400.482421875
32926.52734375
32437.83984375
31935.2265625
31419.5625
30891.779296875
30352.865234375
29803.873046875
29245.904296875
28680.119140625
28107.72265625
27529.96484375
26948.140625
26363.580078125
25777.6484375
25191.73828125
24607.26953125
24025.677734375
23448.41796875
22876.947265625
22312.734375
21757.2421875
21211.9296875
20678.2421875
20157.61328125
19651.4453125
19161.123046875
18687.99609375
18233.369140625
17798.51171875
17384.646484375
16992.939453125
16624.50390625
16280.388671875
15961.580078125
15668.990234375
15403.458984375
15165.751953125
14956.55078125
14776.451171875
14625.966796875
14505.51171875
14415.416015625
14355.908203125
14327.125
14329.095703125
14361.7578125
14424.943359375
14518.380859375
14641.6953125
14794.412109375
14975.953125
15185.638671875
15422.68359375
15686.2109375
15975.240234375
16288.69921875
16625.423828125
16984.15234375
17363.548828125
17762.189453125
18178.568359375
18611.107421875
19058.166015625
19518.029296875
19988.93359375
20469.048828125
20956.513671875
21449.412109375
21945.798828125
22443.697265625
22941.111328125
23436.0234375
23926.412109375
24410.25
24885.513671875
25350.185546875
25802.26953125
26239.7890625
26660.796875
27063.37890625
27445.662109375
27805.810546875
28142.052734375
28452.658203125
28735.96484375
28990.369140625
29214.337890625
29406.404296875
29565.18359375
29689.361328125
29777.703125
29829.064453125
29842.37109375
29816.6484375
29751.0
29644.623046875
29496.796875
29306.900390625
29074.396484375
28798.84375
28479.880859375
28117.255859375
27710.79296875
27260.4140625
26766.12890625
26228.044921875
25646.357421875
25021.34765625
24353.392578125
23642.962890625
22890.615234375
22097.0
21262.85546875
20389.01171875
19476.392578125
18526.013671875
17538.978515625
16516.482421875
15459.8203125
14370.3671875
13249.599609375
12099.08203125
10920.470703125
9715.515625
8486.05078125
7234.009765625
5961.40625
4670.341796875
3363.01171875
2041.68359375
708.712890625
-633.470703125
-1982.365234375
-3335.39453125
-4689.923828125
-6043.251953125
-7392.625
-8735.244140625
-10068.265625
-11388.814453125
-12693.986328125
-13980.86328125
-15246.513671875
-16488.013671875
-17702.4453125
-18886.912109375
-20038.55078125
-21154.541015625
-22232.111328125
-23268.564453125
-24261.271484375
-25207.703125
-26105.419921875
-26952.1015625
-27745.546875
-28483.6953125
-29164.630859375
-29786.58984375
-30347.982421875
-30847.388671875
-31283.58203125
-31655.5234375
-31962.37890625
-32203.521484375
-32378.537109375
-32487.236328125
-32529.64453125
-32506.021484375
-32416.84765625
-32262.8359375
-32044.927734375
-31764.28515625
-31422.296875
-31020.572265625
-30560.93359375
-30045.408203125
-29476.2265625
-28855.8046875
-28186.75
-27471.828125
-26713.97265625
-25916.259765625
-25081.8984375
-24214.2109375
-23316.6328125
-22392.67578125
-21445.931640625
-20480.033203125
-19498.66796875
-18505.525390625
-17504.306640625
-16498.6953125
-15492.33984375
-14488.841796875
-13491.732421875
-12504.453125
-11530.35546875
-10572.662109375
-9634.47265625
-8718.734375
-7828.236328125
-6965.595703125
-6133.2421875
-5333.41015625
-4568.12890625
-3839.216796875
-3148.26171875
-2496.638671875
-1885.4765625
-1315.673828125
-787.89453125
-302.560546875
140.146484375
540.28125
898.12109375
1214.1875
1489.21484375
1724.154296875
1920.166015625
2078.611328125
2201.033203125
2289.154296875
2344.857421875
2370.1796875
2367.2890625
2338.48046875
2286.146484375
2212.771484375
2120.912109375
2013.1796875
1892.22265625
1760.708984375
1621.30859375
1476.6796875
1329.44140625
1182.16796875
1037.365234375
897.458984375
764.775390625
641.521484375
529.7890625
431.51171875
348.48046875
282.322265625
234.48046875
206.21875
198.603515625
212.505859375
248.587890625
307.302734375
388.888671875
493.375
620.572265625
770.080078125
941.291015625
1133.3828125
1345.34375
1575.962890625
1823.849609375
2087.431640625
2364.9765625
2654.591796875
2954.251953125
3261.80078125
3574.97265625
3891.40234375
4208.640625
4524.181640625
4835.462890625
5139.8984375
5434.88671875
5717.83203125
5986.15625
6237.330078125
6468.87109375
6678.376953125
6863.533203125
7022.1328125
7152.0859375
7251.443359375
7318.400390625
7351.3125
7348.708984375
7309.3046875
7232.001953125
7115.90234375
6960.31640625
6764.765625
6528.98046875
6252.921875
5936.7578125
5580.8828125
5185.904296875
4752.6484375
4282.146484375
3775.64453125
3234.58203125
2660.587890625
2055.478515625
1421.240234375
760.025390625
74.13671875
-633.982421875
-1361.765625
-2106.533203125
-2865.5
-3635.80078125
-4414.5
-5198.603515625
-5985.07421875
-6770.85546875
-7552.869140625
-8328.05078125
-9093.341796875
-9845.72265625
-10582.21484375
-11299.896484375
-11995.916015625
-12667.5078125
-13311.9921875
-13926.798828125
-14509.46875
-15057.666015625
-15569.189453125
-16041.970703125
-16474.091796875
-16863.77734375
-17209.421875
-17509.5703125
-17762.9375
-17968.3984375
-18125.005859375
-18231.978515625
-18288.703125
-18294.744140625
-18249.828125
-18153.8515625
-18006.8828125
-17809.14453125
-17561.02734375
-17263.076171875
-16915.984375
-16520.6015625
-16077.9140625
-15589.05078125
-15055.2734375
-14477.966796875
-13858.642578125
-13198.919921875
-12500.5390625
-11765.33203125
-10995.232421875
-10192.263671875
-9358.533203125
-8496.21875
-7607.57421875
-6694.912109375
-5760.603515625
-4807.072265625
-3836.7734375
-2852.208984375
-1855.908203125
-850.416015625
161.69921875
1177.869140625
2195.513671875
3212.0625
4224.95703125
5231.654296875
6229.63671875
7216.41796875
8189.548828125
9146.623046875
10085.291015625
11003.25
11898.267578125
12768.1796875
13610.8984375
14424.416015625
15206.814453125
15956.267578125
16671.0546875
17349.55859375
17990.263671875
18591.78515625
19152.8515625
19672.318359375
20149.17578125
20582.54296875
20971.681640625
21315.99609375
21615.0390625
21868.50390625
22076.236328125
22238.24609375
22354.67578125
22425.837890625
22452.1953125
22434.359375
22373.099609375
22269.330078125
22124.119140625
21938.671875
21714.34375
21452.615234375
21155.10546875
20823.5546875
20459.818359375
20065.87109375
19643.779296875
19195.708984375
18723.908203125
18230.703125
17718.48046875
17189.6796875
16646.787109375
16092.31640625
15528.80078125
14958.77734375
14384.787109375
13809.341796875
13234.927734375
12663.99609375
12098.93359375
11542.064453125
10995.640625
10461.822265625
9942.66796875
9440.1328125
8956.052734375
8492.13671875
8049.9609375
7630.95703125
7236.4140625
6867.46875
6525.09765625
6210.123046875
5923.205078125
5664.837890625
5435.361328125
5234.947265625
5063.61328125
4921.22265625
4807.482421875
4721.9609375
4664.087890625
4633.15234375
4628.33203125
4648.67578125
4693.140625
4760.57421875
4849.75
4959.361328125
5088.041015625
5234.365234375
5396.876953125
5574.083984375
5764.486328125
5966.568359375
6178.83203125
6399.783203125
6627.96875
6861.96484375
7100.396484375
7341.94921875
7585.365234375
7829.46875
8073.154296875
8315.408203125
8555.298828125
8792.0
9024.7734375
9252.98828125
9476.11328125
9693.71875
9905.484375
10111.185546875
10310.705078125
10504.01953125
10691.208984375
10872.443359375
11047.98046875
11218.1640625
11383.419921875
11544.244140625
11701.2109375
11854.9453125
12006.138671875
12155.52734375
12303.8984375
12452.072265625
12600.900390625
12751.259765625
12904.046875
13060.171875
13220.541015625
13386.078125
13557.681640625
13736.251953125
13922.6640625
14117.77734375
14322.412109375
14537.369140625
14763.3984375
15001.220703125
15251.501953125
15514.859375
15791.8515625
16082.98828125
16388.708984375
16709.38671875
17045.333984375
17396.783203125
17763.896484375
18146.748046875
18545.34375
18959.6015625
19389.345703125
19834.31640625
20294.169921875
20768.4609375
21256.650390625
21758.109375
22272.103515625
22797.80859375
23334.294921875
23880.541015625
24435.41796875
24997.708984375
25566.09375
26139.158203125
26715.392578125
27293.208984375
27870.919921875
28446.7578125
29018.87890625
29585.369140625
30144.23828125
30693.443359375
31230.880859375
31754.408203125
32261.83984375
32750.958984375
33219.53515625
33665.32421875
34086.0859375
34479.583984375
34843.619140625
35176.0078125
35474.625
35737.404296875
35962.34375
36147.521484375
36291.12109375
36391.419921875
36446.82421875
36455.859375
36417.1953125
36329.658203125
36192.232421875
36004.068359375
35764.501953125
35473.05078125
35129.4375
34733.576171875
34285.587890625
33785.814453125
33234.802734375
32633.31640625
31982.34375
31283.083984375
30536.95703125
29745.59765625
28910.8515625
28034.763671875
27119.591796875
26167.779296875
25181.953125
24164.92578125
23119.6640625
22049.298828125
20957.1015625
19846.470703125
18720.921875
17584.0703125
16439.6171875
15291.333984375
14143.04296875
12998.603515625
11861.892578125
10736.783203125
9627.13671875
8536.775390625
7469.462890625
6428.8984375
5418.681640625
4442.314453125
3503.162109375
2604.453125
1749.2578125
940.470703125
180.796875
-527.263671875
-1181.427734375
-1779.6328125
-2320.072265625
-2801.171875
-3221.630859375
-3580.404296875
-3876.72265625
-4110.09375
-4280.3046875
-4387.421875
-4431.794921875
-4414.052734375
-4335.103515625
-4196.1171875
-3998.541015625
-3744.078125
-3434.669921875
-3072.509765625
-2660.00390625
-2199.78125
-1694.658203125
-1147.6328125
-561.87109375
59.31640625
712.50390625
1394.150390625
2100.63671875
2828.2734375
3573.345703125
4332.103515625
5100.810546875
5875.755859375
6653.275390625
7429.771484375
8201.740234375
8965.79296875
9718.66796875
10457.251953125
11178.603515625
11879.966796875
12558.7734375
13212.68359375
13839.572265625
14437.548828125
15004.96875
15540.44140625
16042.82421875
16511.23828125
16945.05859375
17343.923828125
17707.724609375
18036.60546875
18330.951171875
18591.384765625
18818.7578125
19014.138671875
19178.791015625
19314.171875
19421.908203125
19503.78125
19561.71875
19597.7578125
19614.04296875
19612.80078125
19596.31640625
19566.919921875
19526.96484375
19478.810546875
19424.79296875
19367.224609375
19308.357421875
19250.3828125
19195.40625
19145.4296875
19102.349609375
19067.931640625
19043.814453125
19031.482421875
19032.275390625
19047.373046875
19077.7890625
19124.373046875
19187.802734375
19268.59375
19367.0859375
19483.466796875
19617.74609375
19769.80078125
19939.33984375
20125.94140625
20329.046875
20547.9765625
20781.9375
21030.03125
21291.271484375
21564.591796875
21848.8515625
22142.859375
22445.373046875
22755.125
23070.814453125
23391.1328125
23714.775390625
24040.435546875
24366.826171875
24692.6953125
25016.8125
25337.98828125
25655.0859375
25967.009765625
26272.728515625
26571.265625
26861.703125
27143.1875
27414.92578125
27676.1953125
27926.330078125
28164.72265625
28390.833984375
28604.171875
28804.310546875
28990.861328125
29163.48828125
29321.900390625
29465.84765625
29595.107421875
29709.498046875
29808.853515625
29893.04296875
29961.947265625
30015.46484375
30053.5078125
30076.00390625
30082.8828125
30074.083984375
30049.548828125
30009.2265625
29953.072265625
29881.041015625
29793.091796875
29689.19921875
29569.333984375
29433.48046875
29281.640625
29113.818359375
28930.052734375
28730.390625
28514.91015625
28283.71484375
28036.94140625
27774.76171875
27497.39453125
27205.09375
26898.162109375
26576.958984375
26241.890625
25893.423828125
25532.083984375
25158.45703125
24773.19140625
24376.998046875
23970.654296875
23555.00390625
23130.9453125
22699.44921875
22261.541015625
21818.302734375
21370.87890625
20920.455078125
20468.271484375
20015.603515625
19563.76953125
19114.1171875
18668.01171875
18226.84765625
17792.017578125
17364.92578125
16946.970703125
16539.529296875
16143.97265625
15761.626953125
15393.794921875
15041.724609375
14706.615234375
14389.603515625
14091.759765625
13814.07421875
13557.45703125
13322.734375
13110.62890625
12921.765625
12756.66796875
12615.748046875
12499.302734375
12407.51953125
12340.462890625
12298.080078125
12280.201171875
12286.537109375
12316.677734375
12370.099609375
12446.1640625
12544.125
12663.123046875
12802.20703125
12960.31640625
13136.31640625
13328.96875
13536.974609375
13758.955078125
13993.470703125
14239.029296875
14494.09375
14757.083984375
15026.3984375
15300.40625
15577.47265625
15855.95703125
16134.224609375
16410.6484375
16683.63671875
16951.615234375
17213.046875
17466.4453125
17710.3671875
17943.4296875
18164.30859375
18371.74609375
18564.55859375
18741.630859375
18901.9296875
19044.498046875
19168.462890625
19273.03515625
19357.505859375
19421.25
19463.732421875
19484.490234375
19483.1484375
19459.40625
19413.046875
19343.91796875
19251.9453125
19137.119140625
18999.494140625
18839.1875
18656.37109375
18451.267578125
18224.15234375
17975.349609375
17705.2109375
17414.140625
17102.56640625
16770.951171875
16419.78125
16049.57421875
15660.861328125
15254.1953125
14830.146484375
14389.30078125
13932.25390625
13459.62109375
12972.01953125
12470.0859375
11954.462890625
11425.8046875
10884.77734375
10332.060546875
9768.34765625
9194.337890625
8610.7578125
8018.341796875
7417.845703125
6810.048828125
6195.748046875
5575.767578125
4950.955078125
4322.185546875
3690.3671875
3056.43359375
2421.3515625
1786.126953125
1151.79296875
519.419921875
-109.884765625
-734.9765625
-1354.68359375
-1967.7890625
-2573.05078125
-3169.189453125
-3754.8984375
-4328.841796875
-4889.658203125
-5435.96484375
-5966.357421875
-6479.423828125
-6973.73828125
-7447.869140625
-7900.388671875
-8329.875
-8734.916015625
-9114.125
-9466.1328125
-9789.609375
-10083.271484375
-10345.869140625
-10576.220703125
-10773.20703125
-10935.7734375
-11062.955078125
-11153.87109375
-11207.732421875
-11223.857421875
-11201.67578125
-11140.732421875
-11040.697265625
-10901.373046875
-10722.69140625
-10504.734375
-10247.72265625
-9952.03125
-9618.1875
-9246.87109375
-8838.9140625
-8395.31640625
-7917.224609375
-7405.943359375
-6862.931640625
-6289.7890625
-5688.271484375
-5060.265625
-4407.791015625
-3732.99609375
-3038.140625
-2325.58984375
-1597.81640625
-857.3671875
-106.861328125
651.01171875
1413.52734375
2177.91796875
2941.400390625
3701.1953125
4454.5234375
5198.640625
5930.837890625
6648.466796875
7348.951171875
8029.798828125
8688.619140625
9323.138671875
9931.20703125
10510.814453125
11060.10546875
11577.37890625
12061.10546875
12509.939453125
12922.71484375
13298.453125
13636.380859375
13935.90625
14196.650390625
14418.421875
14601.23046875
14745.275390625
14850.951171875
14918.822265625
14949.64453125
14944.330078125
14903.947265625
14829.712890625
14722.978515625
14585.216796875
14418.005859375
14223.01953125
14002.005859375
13756.78125
13489.20703125
13201.171875
12894.591796875
12571.369140625
12233.40234375
11882.5546875
11520.646484375
11149.439453125
10770.625
10385.8125
9996.51171875
9604.13671875
9209.98046875
8815.220703125
8420.900390625
8027.935546875
7637.103515625
7249.041015625
6864.240234375
6483.0625
6105.71875
5732.2890625
5362.712890625
4996.810546875
4634.271484375
4274.669921875
3917.474609375
3562.052734375
3207.68359375
2853.560546875
2498.8125
2142.5078125
1783.6640625
1421.26953125
1054.283203125
681.6484375
302.314453125
-84.763671875
-480.609375
-886.2109375
-1302.521484375
-1730.431640625
-2170.78125
-2624.328125
-3091.763671875
-3573.685546875
-4070.6015625
-4582.921875
-5110.955078125
-5654.8984375
-6214.83984375
-6790.755859375
-7382.505859375
-7989.8359375
-8612.37109375
-9249.623046875
-9900.990234375
-10565.75390625
-11243.091796875
-11932.068359375
-12631.6484375
-13340.6953125
-14057.984375
-14782.19921875
-15511.939453125
-16245.734375
-16982.037109375
-17719.24609375
-18455.701171875
-19189.693359375
-19919.482421875
-20643.2890625
-21359.314453125
-22065.748046875
-22760.771484375
-23442.568359375
-24109.3359375
-24759.291015625
-25390.677734375
-26001.78125
-26590.92578125
-27156.494140625
-27696.927734375
-28210.7421875
-28696.521484375
-29152.94140625
-29578.763671875
-29972.849609375
-30334.1640625
-30661.7734375
-30954.87109375
-31212.7578125
-31434.857421875
-31620.724609375
-31770.037109375
-31882.609375
-31958.376953125
-31997.41796875
-31999.94140625
-31966.279296875
-31896.908203125
-31792.419921875
-31653.537109375
-31481.107421875
-31276.0859375
-31039.5546875
-30772.6875
-30476.771484375
-30153.17578125
-29803.3671875
-29428.884765625
-29031.337890625
-28612.40234375
-28173.806640625
-27717.31640625
-27244.740234375
-26757.91015625
-26258.669921875
-25748.875
-25230.376953125
-24705.013671875
-24174.60546875
-23640.943359375
-23105.78125
-22570.828125
-22037.7421875
-21508.125
-20983.509765625
-20465.369140625
-19955.09375
-19454.001953125
-18963.328125
-18484.228515625
-18017.767578125
-17564.93359375
-17126.62109375
-16703.642578125
-16296.7265625
-15906.515625
-15533.578125
-15178.3984375
-14841.390625
-14522.900390625
-14223.205078125
-13942.515625
-13680.990234375
-13438.736328125
-13215.80859375
-13012.21875
-12827.947265625
-12662.935546875
-12517.09375
-12390.3125
-12282.45703125
-12193.376953125
-12122.91015625
-12070.876953125
-12037.09375
-12021.36328125
-12023.48828125
-12043.263671875
-12080.474609375
-12134.90625
-12206.33203125
-12294.515625
-12399.21875
-12520.181640625
-12657.1328125
-12809.78125
-12977.81640625
-13160.900390625
-13358.666015625
-13570.708984375
-13796.595703125
-14035.84765625
-14287.935546875
-14552.2890625
-14828.28125
-15115.228515625
-15412.38671875
-15718.95703125
-16034.06640625
-16356.783203125
-16686.109375
-17020.974609375
-17360.24609375
-17702.728515625
-18047.1484375
-18392.185546875
-18736.44921875
-19078.498046875
-19416.84375
-19749.939453125
-20076.212890625
-20394.046875
-20701.80078125
-20997.822265625
-21280.4375
-21547.9765625
-21798.779296875
-22031.19921875
-22243.619140625
-22434.45703125
-22602.1796875
-22745.3125
-22862.451171875
-22952.26171875
-23013.51171875
-23045.056640625
-23045.865234375
-23015.01953125
-22951.734375
-22855.35546875
-22725.36328125
-22561.39453125
-22363.23828125
-22130.8359375
-21864.298828125
-21563.900390625
-21230.08203125
-20863.45703125
-20464.798828125
-20035.05859375
-19575.345703125
-19086.93359375
-18571.25390625
-18029.890625
-17464.564453125
-16877.142578125
-16269.62109375
-15644.109375
-15002.82421875
-14348.0859375
-13682.2890625
-13007.90625
-12327.46484375
-11643.5390625
-10958.73046875
-10275.6484375
-9596.912109375
-8925.111328125
-8262.8125
-7612.533203125
-6976.724609375
-6357.765625
-5757.9375
-5179.423828125
-4624.27734375
-4094.431640625
-3591.66796875
-3117.619140625
-2673.75390625
-2261.359375
-1881.5546875
-1535.267578125
-1223.228515625
-945.978515625
-703.861328125
-497.015625
-325.3828125
-188.71484375
-86.556640625
-18.26953125
16.96875
20.16015625
-7.52734375
-64.759765625
-150.05859375
-261.802734375
-398.25390625
-557.5546875
-737.75
-936.798828125
-1152.599609375
-1382.98828125
-1625.76953125
-1878.72265625
-2139.625
-2406.263671875
-2676.447265625
-2948.03125
-3218.919921875
-3487.099609375
-3750.630859375
-4007.67578125
-4256.5
-4495.498046875
-4723.181640625
-4938.212890625
-5139.396484375
-5325.6875
-5496.19921875
-5650.21484375
-5787.169921875
-5906.677734375
-6008.51171875
-6092.6171875
-6159.09765625
-6208.216796875
-6240.400390625
-6256.21484375
-6256.380859375
-6241.744140625
-6213.287109375
-6172.10546875
-6119.41015625
-6056.501953125
-5984.779296875
-5905.708984375
-5820.830078125
-5731.73046875
-5640.046875
-5547.44140625
-5455.59765625
-5366.212890625
-5280.974609375
-5201.568359375
-5129.646484375
-5066.8359375
-5014.728515625
-4974.857421875
-4948.708984375
-4937.70703125
-4943.203125
-4966.482421875
-5008.75
-5071.130859375
-5154.669921875
-5260.32421875
-5388.96875
-5541.38671875
-5718.27734375
-5920.25390625
-6147.849609375
-6401.50390625
-6681.58203125
-6988.375
-7322.083984375
-7682.84765625
-8070.73046875
-8485.73046875
-8927.7734375
-9396.73046875
-9892.408203125
-10414.55859375
-10962.87890625
-11537.00390625
-12136.52734375
-12760.982421875
-13409.861328125
-14082.595703125
-14778.572265625
-15497.126953125
-16237.544921875
-16999.052734375
-17780.826171875
-18581.984375
-19401.5859375
-20238.6328125
-21092.05859375
-21960.73046875
-22843.455078125
-23738.962890625
-24645.912109375
-25562.88671875
-26488.396484375
-27420.875
-28358.67578125
-29300.078125
-30243.283203125
-31186.419921875
-32127.541015625
-33064.6328125
-33995.615234375
-34918.3515625
-35830.6484375
-36730.26171875
-37614.919921875
-38482.30859375
-39330.103515625
-40155.96484375
-40957.55859375
-41732.568359375
-42478.705078125
-43193.716796875
-43875.416015625
-44521.685546875
-45130.494140625
-45699.9140625
-46228.138671875
-46713.490234375
-47154.44140625
-47549.634765625
-47897.8828125
-48198.193359375
-48449.7734375
-48652.0546875
-48804.6875
-48907.55859375
-48960.80078125
-48964.791015625
-48920.16015625
-48827.80078125
-48688.853515625
-48504.720703125
-48277.05078125
-48007.744140625
-47698.939453125
-47353.00390625
-46972.525390625
-46560.29296875
-46119.294921875
-45652.68359375
-45163.771484375
-44656.001953125
-44132.9296875
-43598.20703125
-43055.54296875
-42508.685546875
-41961.400390625
-41417.443359375
-40880.521484375
-40354.28515625
-39842.28125
-39347.951171875
-38874.57421875
-38425.271484375
-38002.96484375
-37610.35546875
-37249.9140625
-36923.845703125
-36634.078125
-36382.255859375
-36169.7109375
-35997.458984375
-35866.19140625
-35776.267578125
-35727.70703125
-35720.1953125
-35753.083984375
-35825.380859375
-35935.78125
-36082.658203125
-36264.078125
-36477.814453125
-36721.375
-36992.0
-37286.697265625
-37602.26171875
-37935.296875
-38282.240234375
-38639.388671875
-39002.927734375
-39368.962890625
-39733.5390625
-40092.671875
-40442.38671875
-40778.732421875
-41097.8203125
-41395.84375
-41669.107421875
-41914.05859375
-42127.294921875
-42305.611328125
-42445.994140625
-42545.65625
-42602.0546875
-42612.89453125
-42576.14453125
-42490.060546875
-42353.17578125
-42164.31640625
-41922.6015625
-41627.44140625
-41278.548828125
-40875.919921875
-40419.83203125
-39910.845703125
-39349.78125
-38737.71875
-38075.978515625
-37366.10546875
-36609.853515625
-35809.173828125
-34966.19140625
-34083.177734375
-33162.5546875
-32206.84375
-31218.669921875
-30200.724609375
-29155.7578125
-28086.544921875
-26995.880859375
-25886.546875
-24761.302734375
-23622.86328125
-22473.884765625
-21316.9453125
-20154.5390625
-18989.052734375
-17822.765625
-16657.83203125
-15496.27734375
-14339.98828125
-13190.70703125
-12050.037109375
-10919.42578125
-9800.18359375
-8693.47265625
-7600.3046875
-6521.564453125
-5457.99609375
-4410.21484375
-3378.7265625
-2363.919921875
-1366.083984375
-385.421875
577.947265625
1523.966796875
2452.63671875
3364.005859375
4258.1484375
5135.158203125
5995.138671875
6838.189453125
7664.392578125
8473.806640625
9266.455078125
10042.314453125
10801.30859375
11543.306640625
12268.1015625
12975.423828125
13664.92578125
14336.1796875
14988.677734375
15621.83984375
16234.994140625
16827.40234375
17398.25
17946.65234375
18471.66015625
18972.2734375
19447.44140625
19896.0703125
20317.044921875
20709.2265625
21071.470703125
21402.63671875
21701.6015625
21967.2734375
22198.607421875
22394.607421875
22554.35546875
22677.013671875
22761.841796875
22808.203125
22815.59375
22783.634765625
22712.0859375
22600.876953125
22450.083984375
22259.9609375
22030.943359375
21763.640625
21458.85546875
21117.583984375
20741.0078125
20330.501953125
19887.640625
19414.169921875
18912.037109375
18383.357421875
17830.412109375
17255.65625
16661.6875
16051.24609375
15427.1953125
14792.517578125
14150.2890625
13503.669921875
12855.880859375
12210.193359375
11569.90625
10938.326171875
10318.75
9714.447265625
9128.634765625
8564.462890625
8024.98828125
7513.166015625
7031.818359375
6583.626953125
6171.109375
5796.603515625
5462.251953125
5169.9921875
4921.533203125
4718.35546875
4561.68359375
4452.505859375
4391.533203125
4379.212890625
4415.7265625
4500.974609375
4634.580078125
4815.8984375
5044.009765625
5317.72265625
5635.58984375
5995.90234375
6396.712890625
6835.833984375
7310.857421875
7819.16015625
8357.93359375
8924.181640625
9514.751953125
10126.341796875
10755.525390625
11398.7734375
12052.466796875
12712.916015625
13376.3984375
14039.158203125
14697.43359375
15347.486328125
15985.62109375
16608.1875
17211.625
17792.466796875
18347.36328125
18873.09765625
19366.609375
19825.0
20245.552734375
20625.751953125
20963.28125
21256.052734375
21502.1953125
21700.08203125
21848.33203125
21945.802734375
21991.60546875
21985.111328125
21925.939453125
21813.962890625
21649.3046875
21432.3359375
21163.6640625
20844.134765625
20474.814453125
20056.98828125
19592.146484375
19081.96875
18528.318359375
17933.2265625
17298.869140625
16627.560546875
15921.7421875
15183.953125
14416.8203125
13623.0390625
12805.365234375
11966.580078125
11109.494140625
10236.91015625
9351.62890625
8456.40625
7553.96875
6646.970703125
5738.001953125
4829.564453125
3924.060546875
3023.787109375
2130.92578125
1247.5234375
375.51171875
-483.330078125
-1327.359375
-2155.078125
-2965.1328125
-3756.318359375
-4527.572265625
-5277.9765625
-6006.75
-6713.2421875
-7396.9375
-8057.43359375
-8694.4375
-9307.763671875
-9897.322265625
-10463.09765625
-11005.14453125
-11523.5859375
-12018.580078125
-12490.33203125
-12939.064453125
-13365.0078125
-13768.400390625
-14149.4609375
-14508.38671875
-14845.34765625
-15160.462890625
-15453.802734375
-15725.380859375
-15975.140625
-16202.951171875
-16408.609375
-16591.826171875
-16752.234375
-16889.375
-17002.712890625
-17091.625
-17155.41015625
-17193.2890625
-17204.4140625
-17187.869140625
-17142.6875
-17067.84375
-16962.28125
-16824.90625
-16654.615234375
-16450.287109375
-16210.814453125
-15935.1015625
-15622.0859375
-15270.74609375
-14880.11328125
-14449.294921875
-13977.470703125
-13463.91796875
-12908.017578125
-12309.265625
-11667.2890625
-10981.83984375
-10252.826171875
-9480.306640625
-8664.48828125
-7805.759765625
-6904.662109375
-5961.92578125
-4978.439453125
-3955.283203125
-2893.703125
-1795.12109375
-661.130859375
506.501953125
1705.857421875
2934.853515625
4191.259765625
5472.705078125
6776.68359375
8100.57421875
9441.634765625
10797.029296875
12163.828125
13539.029296875
14919.55859375
16302.298828125
17684.087890625
19061.744140625
20432.06640625
21791.859375
23137.9375
24467.142578125
25776.349609375
27062.490234375
28322.552734375
29553.595703125
30752.76171875
31917.28125
33044.48828125
34131.818359375
35176.83203125
36177.205078125
37130.7421875
38035.384765625
38889.20703125
39690.4296875
40437.41796875
41128.681640625
41762.880859375
42338.828125
42855.482421875
43311.95703125
43707.51171875
44041.5625
44313.658203125
44523.5078125
44670.955078125
44755.984375
44778.71875
44739.41015625
44638.447265625
44476.3359375
44253.708984375
43971.314453125
43630.015625
43230.775390625
42774.677734375
42262.88671875
41696.67578125
41077.396484375
40406.494140625
39685.494140625
38915.994140625
38099.662109375
37238.240234375
36333.525390625
35387.37890625
34401.712890625
33378.484375
32319.705078125
31227.419921875
30103.712890625
28950.701171875
27770.53125
26565.365234375
25337.400390625
24088.837890625
22821.90234375
21538.810546875
20241.80078125
18933.10546875
17614.947265625
16289.55078125
14959.125
13625.86328125
12291.9453125
10959.51953125
9630.712890625
8307.62109375
6992.302734375
5686.78125
4393.03515625
3113.001953125
1848.55859375
601.5390625
-626.287109375
-1833.20703125
-3017.578125
-4177.818359375
-5312.421875
-6419.958984375
-7499.072265625
-8548.4921875
-9567.02734375
-10553.57421875
-11507.12109375
-12426.73828125
-13311.599609375
-14160.966796875
-14974.197265625
-15750.748046875
-16490.17578125
-17192.126953125
-17856.353515625
-18482.70703125
-19071.126953125
-19621.662109375
-20134.447265625
-20609.716796875
-21047.79296875
-21449.091796875
-21814.115234375
-22143.44921875
-22437.7578125
-22697.791015625
-22924.359375
-23118.35546875
-23280.728515625
-23412.4921875
-23514.71484375
-23588.515625
-23635.056640625
-23655.544921875
-23651.216796875
-23623.34375
-23573.21484375
-23502.146484375
-23411.45703125
-23302.482421875
-23176.55859375
-23035.01953125
-22879.19140625
-22710.388671875
-22529.91015625
-22339.0390625
-22139.025390625
-21931.103515625
-21716.46484375
-21496.271484375
-21271.65234375
-21043.693359375
-20813.443359375
-20581.8984375
-20350.0234375
-20118.7265625
-19888.87890625
-19661.294921875
-19436.75
-19215.966796875
-18999.625
-18788.353515625
-18582.734375
-18383.310546875
-18190.57421875
-18004.9765625
-17826.9296875
-17656.796875
-17494.91015625
-17341.556640625
-17196.99609375
-17061.44140625
-16935.080078125
-16818.068359375
-16710.5234375
-16612.544921875
-16524.197265625
-16445.525390625
-16376.5390625
-16317.23828125
-16267.59375
-16227.5546875
-16197.056640625
-16176.017578125
-16164.33203125
-16161.888671875
-16168.55859375
-16184.197265625
-16208.654296875
-16241.765625
-16283.361328125
-16333.259765625
-16391.279296875
-16457.2265625
-16530.90625
-16612.123046875
-16700.67578125
-16796.361328125
-16898.986328125
-17008.34375
-17124.240234375
-17246.48046875
-17374.87109375
-17509.2265625
-17649.36328125
-17795.1015625
-17946.271484375
-18102.697265625
-18264.220703125
-18430.677734375
-18601.91015625
-18777.76953125
-18958.09765625
-19142.748046875
-19331.5625
-19524.390625
-19721.076171875
-19921.44921875
-20125.341796875
-20332.57421875
-20542.9453125
-20756.2578125
-20972.279296875
-21190.76953125
-21411.46484375
-21634.076171875
-21858.291015625
-22083.767578125
-22310.134765625
-22536.99609375
-22763.912109375
-22990.41796875
-23216.015625
-23440.16796875
-23662.3046875
-23881.8203125
-24098.078125
-24310.40625
-24518.1015625
-24720.4375
-24916.65234375
-25105.966796875
-25287.576171875
-25460.6640625
-25624.39453125
-25777.92578125
-25920.41015625
-26051.00390625
-26168.857421875
-26273.140625
-26363.03515625
-26437.740234375
-26496.482421875
-26538.51171875
-26563.12109375
-26569.63671875
-26557.423828125
-26525.90234375
-26474.537109375
-26402.845703125
-26310.404296875
-26196.83984375
-26061.849609375
-25905.177734375
-25726.63671875
-25526.1015625
-25303.49609375
-25058.810546875
-24792.091796875
-24503.43359375
-24192.986328125
-23860.9453125
-23507.55078125
-23133.078125
-22737.84375
-22322.193359375
-21886.498046875
-21431.146484375
-20956.5546875
-20463.138671875
-19951.333984375
-19421.572265625
-18874.2890625
-18309.9140625
-17728.880859375
-17131.6015625
-16518.490234375
-15889.947265625
-15246.361328125
-14588.1171875
-13915.587890625
-13229.138671875
-12529.134765625
-11815.94140625
-11089.93359375
-10351.484375
-9600.998046875
-8838.888671875
-8065.607421875
-7281.634765625
-6487.501953125
-5683.787109375
-4871.125
-4050.22265625
-3221.857421875
-2386.89453125
-1546.279296875
-701.0625
147.61328125
998.48828125
1850.201171875
2701.265625
3550.0859375
4394.94921875
5234.015625
6065.3359375
6886.83984375
7696.349609375
8491.583984375
9270.158203125
10029.595703125
10767.34765625
11480.783203125
12167.224609375
12823.943359375
13448.181640625
14037.166015625
14588.126953125
15098.31640625
15565.0234375
15985.5859375
16357.4296875
16678.0625
16945.111328125
17156.3359375
17309.650390625
17403.126953125
17435.037109375
17403.84765625
17308.251953125
17147.173828125
16919.78125
16625.509765625
16264.05859375
15835.408203125
15339.82421875
14777.86328125
14150.373046875
13458.5
12703.6875
11887.662109375
11012.4453125
10080.3359375
9093.908203125
8055.98828125
6969.662109375
5838.248046875
4665.27734375
3454.4921875
2209.81640625
935.337890625
-364.712890625
-1685.982421875
-3024.015625
-4374.28125
-5732.193359375
-7093.13671875
-8452.48828125
-9805.64453125
-11148.0390625
-12475.1640625
-13782.6015625
-15066.041015625
-16321.294921875
-17544.3203125
-18731.2421875
-19878.359375
-20982.1796875
-22039.40625
-23046.98046875
-24002.072265625
-24902.09375
-25744.71875
-26527.873046875
-27249.748046875
-27908.80859375
-28503.779296875
-29033.6640625
-29497.728515625
-29895.5078125
-30226.794921875
-30491.642578125
-30690.353515625
-30823.466796875
-30891.763671875
-30896.236328125
-30838.1015625
-30718.76953125
-30539.841796875
-30303.09765625
-30010.48046875
-29664.076171875
-29266.1171875
-28818.951171875
-28325.037109375
-27786.923828125
-27207.24609375
-26588.693359375
-25934.017578125
-25246.005859375
-24527.4609375
-23781.2109375
-23010.068359375
-22216.84375
-21404.3125
-20575.21484375
-19732.248046875
-18878.046875
-18015.173828125
-17146.1171875
-16273.28125
-15398.96875
-14525.384765625
-13654.626953125
-12788.669921875
-11929.37109375
-11078.46484375
-10237.55078125
-9408.09765625
-8591.431640625
-7788.748046875
-7001.095703125
-6229.37890625
-5474.37109375
-4736.69140625
-4016.828125
-3315.12890625
-2631.806640625
-1966.94140625
-1320.490234375
-692.283203125
-82.037109375
510.642578125
1086.2578125
1645.39453125
2188.736328125
2717.041015625
3231.13671875
3731.91015625
4220.29296875
4697.259765625
5163.8046875
5620.94140625
6069.685546875
6511.044921875
6946.00390625
7375.515625
7800.490234375
8221.779296875
8640.16796875
9056.361328125
9470.9765625
9884.533203125
10297.44140625
10709.98828125
11122.341796875
11534.537109375
11946.470703125
12357.89453125
12768.41015625
13177.474609375
13584.392578125
13988.3125
14388.232421875
14783.001953125
15171.32421875
15551.765625
15922.748046875
16282.57421875
16629.42578125
16961.37109375
17276.38671875
17572.359375
17847.09765625
18098.361328125
18323.859375
18521.26953125
18688.265625
18822.521484375
18921.73046875
18983.62890625
19006.0078125
18986.73828125
18923.779296875
18815.203125
18659.205078125
18454.130859375
18198.482421875
17890.9375
17530.3671875
17115.84375
16646.654296875
16122.314453125
15542.580078125
14907.447265625
14217.169921875
13472.25390625
12673.474609375
11821.869140625
10918.740234375
9965.654296875
8964.443359375
7917.19140625
6826.240234375
5694.169921875
4523.802734375
3318.177734375
2080.55078125
814.373046875
-476.71484375
-1788.916015625
-3118.2734375
-4460.705078125
-5812.015625
-7167.916015625
-8524.052734375
-9876.01953125
-11219.380859375
-12549.701171875
-13862.560546875
-15153.578125
-16418.443359375
-17652.921875
-18852.890625
-20014.3515625
-21133.4609375
-22206.5390625
-23230.09375
-24200.84375
-25115.724609375
-25971.912109375
-26766.837890625
-27498.1953125
-28163.958984375
-28762.38671875
-29292.037109375
-29751.76953125
-30140.75
-30458.45703125
-30704.68359375
-30879.53515625
-30983.42578125
-31017.083984375
-30981.53125
-30878.09375
-30708.3828125
-30474.28515625
-30177.951171875
-29821.7890625
-29408.443359375
-28940.77734375
-28421.8671875
-27854.970703125
-27243.513671875
-26591.076171875
-25901.36328125
-25178.189453125
-24425.451171875
-23647.115234375
-22847.17578125
-22029.666015625
-21198.599609375
-20357.97265625
-19511.736328125
-18663.765625
-17817.85546875
-16977.689453125
-16146.822265625
-15328.666015625
-14526.470703125
-13743.306640625
-12982.046875
-12245.37109375
-11535.732421875
-10855.357421875
-10206.244140625
-9590.140625
-9008.552734375
-8462.728515625
-7953.67578125
-7482.138671875
-7048.611328125
-6653.349609375
-6296.353515625
-5977.40234375
-5696.0390625
-5451.5859375
-5243.16796875
-5069.708984375
-4929.955078125
-4822.486328125
-4745.732421875
-4697.990234375
-4677.4375
-4682.154296875
-4710.14453125
-4759.341796875
-4827.642578125
-4912.921875
-5013.037109375
-5125.87109375
-5249.326171875
-5381.361328125
-5519.990234375
-5663.310546875
-5809.517578125
-5956.908203125
-6103.900390625
-6249.052734375
-6391.052734375
-6528.744140625
-6661.130859375
-6787.376953125
-6906.8125
-7018.935546875
-7123.419921875
-7220.10546875
-7308.994140625
-7390.263671875
-7464.23828125
-7531.40234375
-7592.376953125
-7647.92578125
-7698.93359375
-7746.390625
-7791.3984375
-7835.140625
-7878.87109375
-7923.908203125
-7971.607421875
-8023.359375
-8080.5625
-8144.60546875
-8216.869140625
-8298.69140625
-8391.3671875
-8496.119140625
-8614.09375
-8746.34765625
-8893.830078125
-9057.375
-9237.6875
-9435.33984375
-9650.75390625
-9884.197265625
-10135.791015625
-10405.478515625
-10693.044921875
-10998.109375
-11320.11328125
-11658.341796875
-12011.90625
-12379.76171875
-12760.705078125
-13153.384765625
-13556.3046875
-13967.841796875
-14386.240234375
-14809.638671875
-15236.078125
-15663.5
-16089.787109375
-16512.74609375
-16930.150390625
-17339.73828125
-17739.232421875
-18126.357421875
-18498.84765625
-18854.48046875
-19191.0703125
-19506.498046875
-19798.716796875
-20065.7734375
-20305.818359375
-20517.115234375
-20698.060546875
-20847.1875
-20963.1796875
-21044.880859375
-21091.294921875
-21101.607421875
-21075.177734375
-21011.548828125
-20910.453125
-20771.80078125
-20595.701171875
-20382.4453125
-20132.509765625
-19846.552734375
-19525.408203125
-19170.08203125
-18781.744140625
-18361.71875
-17911.478515625
-17432.62890625
-16926.90625
-16396.158203125
-15842.33203125
-15267.462890625
-14673.6640625
-14063.107421875
-13438.01171875
-12800.62890625
-12153.2265625
-11498.08203125
-10837.45703125
-10173.587890625
-9508.677734375
-8844.876953125
-8184.2734375
-7528.876953125
-6880.6171875
-6241.326171875
-5612.728515625
-4996.4375
-4393.953125
-3806.634765625
-3235.7265625
-2682.328125
-2147.408203125
-1631.794921875
-1136.18359375
-661.12109375
-207.03515625
225.783203125
637.173828125
1027.087890625
1395.599609375
1742.876953125
2069.197265625
2374.91796875
2660.478515625
2926.388671875
3173.208984375
3401.556640625
3612.072265625
3805.431640625
3982.314453125
4143.408203125
4289.388671875
4420.916015625
4538.61328125
4643.07421875
4734.83984375
4814.400390625
4882.18359375
4938.55078125
4983.794921875
5018.126953125
5041.689453125
5054.54296875
5056.67578125
5047.990234375
5028.32421875
4997.443359375
4955.05078125
4900.791015625
4834.25390625
4754.998046875
4662.5390625
4556.37890625
4436.001953125
4300.8984375
4150.568359375
3984.537109375
3802.375
3603.69140625
3388.169921875
3155.56640625
2905.72265625
2638.5859375
2354.2109375
2052.7734375
1734.583984375
1400.0859375
1049.873046875
684.6875
305.42578125
-86.857421875
-490.943359375
-905.462890625
-1328.88671875
-1759.533203125
-2195.576171875
-2635.05078125
-3075.86328125
-3515.794921875
-3952.529296875
-4383.65625
-4806.6796875
-5219.0546875
-5618.185546875
-6001.453125
-6366.236328125
-6709.9296875
-7029.958984375
-7323.81640625
-7589.064453125
-7823.3671875
-8024.513671875
-8190.427734375
-8319.197265625
-8409.08984375
-8458.56640625
-8466.302734375
-8431.20703125
-8352.41796875
-8229.337890625
-8061.626953125
-7849.216796875
-7592.310546875
-7291.392578125
-6947.2265625
-6560.853515625
-6133.587890625
-5667.013671875
-5162.97265625
-4623.556640625
-4051.08984375
-3448.123046875
-2817.40234375
-2161.8671875
-1484.61328125
-788.884765625
-78.03515625
644.478515625
1375.134765625
2110.37890625
2846.625
3580.31640625
4307.923828125
5025.98828125
5731.142578125
6420.138671875
7089.869140625
7737.390625
8359.94921875
8954.998046875
9520.212890625
10053.517578125
10553.087890625
11017.373046875
11445.091796875
11835.255859375
12187.166015625
12500.408203125
12774.87109375
13010.72265625
13208.416015625
13368.6796875
13492.505859375
13581.140625
13636.060546875
13658.970703125
13651.767578125
13616.5390625
13555.51953125
13471.09375
13365.74609375
13242.0546875
13102.662109375
12950.240234375
12787.482421875
12617.0625
12441.615234375
12263.71484375
12085.8515625
11910.40625
11739.634765625
11575.642578125
11420.375
11275.587890625
11142.857421875
11023.544921875
10918.798828125
10829.55078125
10756.501953125
10700.12109375
10660.654296875
10638.115234375
10632.298828125
10642.7734375
10668.90625
10709.865234375
10764.6171875
10831.970703125
10910.5625
10998.890625
11095.32421875
11198.119140625
11305.443359375
11415.39453125
11526.0078125
11635.298828125
11741.255859375
11841.875
11935.17578125
12019.216796875
12092.111328125
12152.05078125
12197.302734375
12226.24609375
12237.365234375
12229.267578125
12200.69921875
12150.53515625
12077.8046875
11981.68359375
11861.5
11716.740234375
11547.037109375
11352.185546875
11132.12109375
10886.935546875
10616.849609375
10322.22265625
10003.54296875
9661.4140625
9296.548828125
8909.763671875
8501.958984375
8074.12890625
7627.318359375
7162.65234375
6681.29296875
6184.453125
5673.369140625
5149.306640625
4613.537109375
4067.353515625
3512.033203125
2948.857421875
2379.095703125
1803.99609375
1224.791015625
642.689453125
58.87890625
-525.484375
-1109.26171875
-1691.3515625
-2270.66796875
-2846.15234375
-3416.767578125
-3981.498046875
-4539.3359375
-5089.30078125
-5630.416015625
-6161.7109375
-6682.22265625
-7190.9921875
-7687.0625
-8169.470703125
-8637.251953125
-9089.435546875
-9525.05078125
-9943.115234375
-10342.6484375
-10722.6640625
-11082.17578125
-11420.19921875
-11735.76171875
-12027.89453125
-12295.642578125
-12538.083984375
-12754.314453125
-12943.462890625
-13104.708984375
-13237.271484375
-13340.435546875
-13413.546875
-13456.025390625
-13467.369140625
-13447.17578125
-13395.130859375
-13311.03125
-13194.78125
-13046.408203125
-12866.060546875
-12654.021484375
-12410.69921875
-12136.6484375
-11832.55859375
-11499.255859375
-11137.71484375
-10749.046875
-10334.498046875
-9895.451171875
-9433.419921875
-8950.03515625
-8447.0546875
-7926.33203125
-7389.833984375
-6839.603515625
-6277.76953125
-5706.525390625
-5128.1171875
-4544.830078125
-3958.97265625
-3372.87109375
-2788.84375
-2209.19140625
-1636.181640625
-1072.03125
-518.900390625
21.1328125
546.0859375
1054.06640625
1543.314453125
2012.1875
2459.193359375
2882.9765625
3282.345703125
3656.28125
4003.91796875
4324.583984375
4617.775390625
4883.171875
5120.640625
5330.22265625
5512.140625
5666.7890625
5794.740234375
5896.72265625
5973.62109375
6026.470703125
6056.44140625
6064.826171875
6053.041015625
6022.59765625
5975.095703125
5912.208984375
5835.671875
5747.267578125
5648.8046875
5542.11328125
5429.015625
5311.330078125
5190.83984375
5069.2890625
4948.369140625
4829.701171875
4714.828125
4605.205078125
4502.1875
4407.017578125
4320.830078125
4244.6328125
4179.30859375
4125.611328125
4084.158203125
4055.435546875
4039.79296875
4037.451171875
4048.501953125
4072.908203125
4110.51171875
4161.046875
4224.138671875
4299.30859375
4386.001953125
4483.572265625
4591.31640625
4708.46875
4834.22265625
4967.7421875
5108.166015625
5254.62890625
5406.2734375
5562.2578125
5721.775390625
5884.0546875
6048.384765625
6214.1171875
6380.6796875
6547.576171875
6714.416015625
6880.892578125
7046.81640625
7212.103515625
7376.78515625
7541.015625
7705.052734375
7869.2890625
8034.2265625
8200.48828125
8368.796875
8539.998046875
8715.02734375
8894.9140625
9080.77734375
9273.810546875
9475.267578125
9686.462890625
9908.751953125
10143.517578125
10392.1640625
10656.095703125
10936.70703125
11235.373046875
11553.421875
11892.138671875
12252.73828125
12636.361328125
13044.05078125
13476.75
13935.287109375
14420.361328125
14932.537109375
15472.232421875
16039.712890625
16635.0859375
17258.287109375
17909.0859375
18587.08203125
19291.69140625
20022.158203125
20777.55078125
21556.76171875
22358.51953125
23181.380859375
24023.7421875
24883.853515625
25759.814453125
26649.5859375
27551.01171875
28461.810546875
29379.6015625
30301.91015625
31226.1875
32149.810546875
33070.111328125
33984.380859375
34889.880859375
35783.869140625
36663.595703125
37526.3359375
38369.388671875
39190.095703125
39985.8515625
40754.11328125
41492.421875
42198.39453125
42869.748046875
43504.3046875
44099.994140625
44654.865234375
45167.08984375
45634.970703125
46056.94140625
46431.564453125
46757.552734375
47033.744140625
47259.12109375
47432.80078125
47554.044921875
47622.23828125
47636.908203125
47597.705078125
47504.404296875
47356.91015625
47155.23828125
46899.517578125
46589.98828125
46226.99609375
45810.978515625
45342.4765625
44822.11328125
44250.60546875
43628.74609375
42957.40625
42237.533203125
41470.14453125
40656.326171875
39797.23046875
38894.07421875
37948.134765625
36960.748046875
35933.318359375
34867.30078125
33764.212890625
32625.6328125
31453.193359375
30248.58984375
29013.578125
27749.974609375
26459.650390625
25144.54296875
23806.65234375
22448.033203125
21070.806640625
19677.150390625
18269.3046875
16849.5625
15420.27734375
13983.853515625
12542.740234375
11099.4453125
9656.5078125
8216.5078125
6782.056640625
5355.794921875
3940.376953125
2538.470703125
1152.748046875
-214.123046875
-1559.48828125
-2880.716796875
-4175.208984375
-5440.41015625
-6673.81640625
-7872.978515625
-9035.537109375
-10159.19921875
-11241.775390625
-12281.171875
-13275.416015625
-14222.6484375
-15121.14453125
-15969.32421875
-16765.7421875
-17509.1171875
-18198.322265625
-18832.396484375
-19410.55078125
-19932.16796875
-20396.802734375
-20804.1953125
-21154.255859375
-21447.078125
-21682.93359375
-21862.26171875
-21985.673828125
-22053.955078125
-22068.046875
-22029.04296875
-21938.189453125
-21796.87109375
-21606.61328125
-21369.05078125
-21085.94140625
-20759.1484375
-20390.62109375
-19982.3984375
-19536.58984375
-19055.359375
-18540.931640625
-17995.55859375
-17421.525390625
-16821.13671875
-16196.693359375
-15550.5
-14884.841796875
-14201.990234375
-13504.16796875
-12793.564453125
-12072.32421875
-11342.52734375
-10606.197265625
-9865.283203125
-9121.6640625
-8377.134765625
-7633.412109375
-6892.125
-6154.810546875
-5422.9140625
-4697.796875
-3980.71484375
-3272.837890625
-2575.23828125
-1888.896484375
-1214.703125
-553.451171875
94.1484375
727.47265625
1345.984375
1949.228515625
2536.828125
3108.482421875
3663.962890625
4203.111328125
4725.833984375
5232.103515625
5721.951171875
6195.458984375
6652.771484375
7094.07421875
7519.60546875
7929.638671875
8324.494140625
8704.5234375
9070.115234375
9421.6875
9759.6796875
10084.560546875
10396.81640625
10696.951171875
10985.478515625
11262.931640625
11529.83984375
11786.7421875
12034.18359375
12272.69140625
12502.796875
12725.0234375
12939.87109375
13147.83203125
13349.369140625
13544.9296875
13734.927734375
13919.75
14099.74609375
14275.224609375
14446.4609375
14613.681640625
14777.068359375
14936.751953125
15092.814453125
15245.28515625
15394.1328125
15539.2734375
15680.568359375
15817.81640625
15950.763671875
16079.09375
16202.44140625
16320.376953125
16432.42578125
16538.060546875
16636.703125
16727.734375
16810.498046875
16884.294921875
16948.40625
17002.080078125
17044.546875
17075.025390625
17092.732421875
17096.880859375
17086.689453125
17061.40234375
17020.275390625
16962.60546875
16887.72265625
16795.0
16683.873046875
16553.830078125
16404.435546875
16235.31640625
16046.193359375
15836.865234375
15607.228515625
15357.27734375
15087.099609375
14796.896484375
14486.97265625
14157.740234375
13809.73046875
13443.576171875
13060.02734375
12659.9375
12244.271484375
11814.09765625
11370.5859375
10914.99609375
10448.68359375
9973.08203125
9489.70703125
9000.134765625
8506.009765625
8009.0234375
7510.908203125
7013.427734375
6518.3671875
6027.5234375
5542.689453125
5065.6484375
4598.162109375
4141.955078125
3698.7109375
3270.056640625
2857.552734375
2462.681640625
2086.849609375
1731.357421875
1397.4140625
1086.109375
798.42578125
535.21484375
297.203125
84.986328125
-100.978515625
-260.365234375
-392.99609375
-498.828125
-577.95703125
-630.619140625
-657.18359375
-658.1484375
-634.1484375
-585.92578125
-514.353515625
-420.400390625
-305.14453125
-169.7578125
-15.490234375
156.326171875
344.302734375
546.982421875
762.873046875
990.4453125
1228.146484375
1474.40625
1727.65234375
1986.3203125
2248.857421875
2513.748046875
2779.498046875
3044.662109375
3307.8515625
3567.7265625
3823.025390625
4072.544921875
4315.16796875
4549.857421875
4775.66015625
4991.712890625
5197.23828125
5391.560546875
5574.083984375
5744.31640625
5901.849609375
6046.365234375
6177.63671875
6295.515625
6399.939453125
6490.919921875
6568.53515625
6632.943359375
6684.349609375
6723.0234375
6749.28515625
6763.49609375
6766.060546875
6757.404296875
6737.994140625
6708.306640625
6668.841796875
6620.103515625
6562.599609375
6496.845703125
6423.345703125
6342.595703125
6255.083984375
6161.27734375
6061.630859375
5956.578125
5846.525390625
5731.86328125
5612.951171875
5490.12890625
5363.70703125
5233.974609375
5101.193359375
4965.6015625
4827.41796875
4686.8359375
4544.029296875
4399.158203125
4252.35546875
4103.744140625
3953.439453125
3801.53125
3648.1015625
3493.2265625
3336.970703125
3179.384765625
3020.517578125
2860.40234375
2699.072265625
2536.54296875
2372.828125
2207.927734375
2041.828125
1874.5078125
1705.92578125
1536.025390625
1364.736328125
1191.966796875
1017.595703125
841.48828125
663.474609375
483.357421875
300.91796875
115.892578125
-72.00390625
-263.103515625
-457.76171875
-656.375
-859.373046875
-1067.2265625
-1280.431640625
-1499.517578125
-1725.048828125
-1957.61328125
-2197.8203125
-2446.30078125
-2703.697265625
-2970.669921875
-3247.87109375
-3535.95703125
-3835.578125
-4147.357421875
-4471.904296875
-4809.787109375
-5161.544921875
-5527.658203125
-5908.556640625
-6304.603515625
-6716.087890625
-7143.21875
-7586.11328125
-8044.80078125
-8519.1953125
-9009.111328125
-9514.24609375
-10034.173828125
-10568.345703125
-11116.087890625
-11676.59375
-12248.931640625
-12832.029296875
-13424.697265625
-14025.603515625
-14633.3046875
-15246.23046875
-15862.697265625
-16480.9140625
-17098.986328125
-17714.931640625
-18326.689453125
-18932.12109375
-19529.033203125
-20115.189453125
-20688.314453125
-21246.12109375
-21786.314453125
-22306.609375
-22804.75
-23278.51953125
-23725.76171875
-24144.38671875
-24532.3984375
-24887.896484375
-25209.10546875
-25494.376953125
-25742.1953125
-25951.216796875
-26120.2578125
-26248.306640625
-26334.541015625
-26378.3359375
-26379.26171875
-26337.091796875
-26251.818359375
-26123.634765625
-25952.94921875
-25740.384765625
-25486.765625
-25193.134765625
-24860.71875
-24490.953125
-24085.44921875
-23646.0
-23174.564453125
-22673.2578125
-22144.3359375
-21590.18359375
-21013.302734375
-20416.291015625
-19801.8359375
-19172.689453125
-18531.658203125
-17881.580078125
-17225.314453125
-16565.72265625
-15905.65234375
-15247.916015625
-14595.2890625
-13950.4765625
-13316.109375
-12694.734375
-12088.7890625
-11500.603515625
-10932.373046875
-10386.16796875
-9863.904296875
-9367.35546875
-8898.130859375
-8457.67578125
-8047.26953125
-7668.0234375
-7320.873046875
-7006.58203125
-6725.744140625
-6478.779296875
-6265.9453125
-6087.333984375
-5942.876953125
-5832.359375
-5755.412109375
-5711.53515625
-5700.087890625
-5720.31640625
-5771.34765625
-5852.205078125
-5961.810546875
-6099.009765625
-6262.560546875
-6451.169921875
-6663.46484375
-6898.046875
-7153.4609375
-7428.234375
-7720.859375
-8029.826171875
-8353.615234375
-8690.703125
-9039.578125
-9398.73828125
-9766.705078125
-10142.015625
-10523.240234375
-10908.9765625
-11297.859375
-11688.556640625
-12079.7734375
-12470.255859375
-12858.79296875
-13244.208984375
-13625.37109375
-14001.1875
-14370.603515625
-14732.603515625
-15086.21484375
-15430.49609375
-15764.537109375
-16087.46484375
-16398.439453125
-16696.6484375
-16981.30859375
-17251.658203125
-17506.970703125
-17746.537109375
-17969.67578125
-18175.72265625
-18364.04296875
-18534.017578125
-18685.05078125
-18816.57421875
-18928.033203125
-19018.90234375
-19088.6796875
-19136.888671875
-19163.076171875
-19166.82421875
-19147.736328125
-19105.4609375
-19039.666015625
-18950.072265625
-18836.421875
-18698.509765625
-18536.173828125
-18349.29296875
-18137.798828125
-17901.666015625
-17640.92578125
-17355.666015625
-17046.021484375
-16712.193359375
-16354.431640625
-15973.046875
-15568.416015625
-15140.96484375
-14691.18359375
-14219.625
-13726.88671875
-13213.638671875
-12680.59765625
-12128.533203125
-11558.2734375
-10970.6875
-10366.697265625
-9747.2578125
-9113.37890625
-8466.08984375
-7806.4609375
-7135.58984375
-6454.591796875
-5764.611328125
-5066.7890625
-4362.294921875
-3652.287109375
-2937.9296875
-2220.37890625
-1500.78125
-780.259765625
-59.9296875
659.130859375
1375.87109375
2089.279296875
2798.375
3502.228515625
4199.955078125
4890.72265625
5573.75
6248.318359375
6913.76171875
7569.484375
8214.947265625
8849.677734375
9473.271484375
10085.38671875
10685.75
11274.15234375
11850.451171875
12414.564453125
12966.474609375
13506.21875
14033.8984375
14549.65625
15053.69921875
15546.26171875
16027.63671875
16498.14453125
16958.138671875
17407.99609375
17848.119140625
18278.919921875
18700.822265625
19114.251953125
19519.6328125
19917.373046875
20307.873046875
20691.501953125
21068.60546875
21439.49609375
21804.443359375
22163.671875
22517.35546875
22865.61328125
23208.50390625
23546.021484375
23878.091796875
24204.57421875
24525.255859375
24839.841796875
25147.97265625
25449.203125
25743.021484375
26028.8359375
26305.98828125
26573.7421875
26831.3046875
27077.810546875
27312.34375
27533.931640625
27741.560546875
27934.166015625
28110.666015625
28269.94140625
28410.86328125
28532.291015625
28633.0859375
28712.12109375
28768.291015625
28800.515625
28807.759765625
28789.03125
28743.400390625
28670.005859375
28568.0625
28436.8671875
28275.822265625
28084.41796875
27862.26171875
27609.078125
27324.703125
27009.111328125
26662.396484375
26284.7890625
25876.658203125
25438.498046875
24970.951171875
24474.787109375
23950.904296875
23400.341796875
22824.25
22223.90625
21600.69921875
20956.123046875
20291.765625
19609.3125
18910.51171875
18197.189453125
17471.228515625
16734.548828125
15989.109375
15236.8828125
14479.853515625
13719.994140625
12959.263671875
12199.583984375
11442.83203125
10690.83203125
9945.3359375
9208.015625
8480.451171875
7764.126953125
7060.40625
6370.548828125
5695.673828125
5036.78125
4394.724609375
3770.22265625
3163.8515625
2576.037109375
2007.068359375
1457.080078125
926.072265625
413.90625
-79.693359375
-555.126953125
-1012.921875
-1453.7109375
-1878.240234375
-2287.345703125
-2681.953125
-3063.0546875
-3431.71484375
-3789.04296875
-4136.19140625
-4474.326171875
-4804.640625
-5128.3203125
-5446.54296875
-5760.458984375
-6071.1796875
-6379.775390625
-6687.248046875
-6994.537109375
-7302.49609375
-7611.896484375
-7923.408203125
-8237.595703125
-8554.921875
-8875.7265625
-9200.23046875
-9528.541015625
-9860.62890625
-10196.349609375
-10535.4296875
-10877.474609375
-11221.970703125
-11568.283203125
-11915.666015625
-12263.265625
-12610.130859375
-12955.216796875
-13297.384765625
-13635.42578125
-13968.05859375
-14293.94921875
-14611.697265625
-14919.88671875
-15217.056640625
-15501.728515625
-15772.423828125
-16027.654296875
-16265.95703125
-16485.8828125
-16686.01953125
-16864.998046875
-17021.4921875
-17154.24609375
-17262.064453125
-17343.828125
-17398.5
-17425.126953125
-17422.853515625
-17390.91796875
-17328.6640625
-17235.53515625
-17111.08203125
-16954.96875
-16766.962890625
-16546.947265625
-16294.91015625
-16010.94921875
-15695.26953125
-15348.18359375
-14970.103515625
-14561.544921875
-14123.111328125
-13655.501953125
-13159.50390625
-12635.990234375
-12085.908203125
-11510.28125
-10910.197265625
-10286.814453125
-9641.33984375
-8975.041015625
-8289.2265625
-7585.255859375
-6864.517578125
-6128.4375
-5378.46875
-4616.08203125
-3842.775390625
-3060.056640625
-2269.443359375
-1472.4609375
-670.63671875
134.5
941.4296875
1748.6328125
2554.599609375
3357.83984375
4156.873046875
4950.23046875
5736.47265625
6514.169921875
7281.927734375
8038.3671875
8782.13671875
9511.916015625
10226.41015625
10924.359375
11604.53125
12265.728515625
12906.7890625
13526.58984375
14124.0390625
14698.087890625
15247.7265625
15771.984375
16269.935546875
16740.697265625
17183.4296875
17597.341796875
17981.685546875
18335.763671875
18658.927734375
18950.576171875
19210.162109375
19437.18359375
19631.1953125
19791.8046875
19918.66796875
20011.4921875
20070.04296875
20094.134765625
20083.6328125
20038.453125
19958.5625
19843.982421875
19694.771484375
19511.048828125
19292.96484375
19040.724609375
18754.572265625
18434.783203125
18081.68359375
17695.62890625
17277.005859375
16826.23046875
16343.7578125
15830.05078125
15285.615234375
14710.958984375
14106.623046875
13473.15234375
12811.11328125
12121.08203125
11403.642578125
10659.38671875
9888.912109375
9092.82421875
8271.73046875
7426.240234375
6556.970703125
5664.533203125
4749.55078125
3812.642578125
2854.4375
1875.56640625
876.66796875
-141.61328125
-1178.61328125
-2233.66796875
-3306.091796875
-4395.177734375
-5500.203125
-6620.41796875
-7755.05078125
-8903.296875
-10064.314453125
-11237.23046875
-12421.1328125
-13615.068359375
-14818.037109375
-16028.998046875
-17246.85546875
-18470.46875
-19698.64453125
-20930.140625
-22163.66015625
-23397.857421875
-24631.34375
-25862.669921875
-27090.353515625
-28312.86328125
-29528.6328125
-30736.056640625
-31933.5078125
-33119.333984375
-34291.861328125
-35449.41015625
-36590.294921875
-37712.8359375
-38815.373046875
-39896.259765625
-40953.8828125
-41986.669921875
-42993.095703125
-43971.6953125
-44921.068359375
-45839.89453125
-46726.935546875
-47581.04296875
-48401.17578125
-49186.39453125
-49935.876953125
-50648.919921875
-51324.947265625
-51963.5078125
-52564.283203125
-53127.091796875
-53651.8828125
-54138.73828125
-54587.875
-54999.640625
-55374.501953125
-55713.0546875
-56015.99609375
-56284.142578125
-56518.404296875
-56719.7734375
-56889.326171875
-57028.201171875
-57137.59375
-57218.736328125
-57272.896484375
-57301.34765625
-57305.373046875
-57286.232421875
-57245.1640625
-57183.365234375
-57101.98046875
-57002.083984375
-56884.673828125
-56750.65625
-56600.837890625
-56435.921875
-56256.48828125
-56062.99609375
-55855.779296875
-55635.033203125
-55400.828125
-55153.09765625
-54891.64453125
-54616.140625
-54326.13671875
-54021.06640625
-53700.255859375
-53362.927734375
-53008.21875
-52635.197265625
-52242.859375
-51830.166015625
-51396.041015625
-50939.39453125
-50459.14453125
-49954.23046875
-49423.626953125
-48866.369140625
-48281.5703125
-47668.4296875
-47026.263671875
-46354.51171875
-45652.75390625
-44920.72265625
-44158.326171875
-43365.640625
-42542.935546875
-41690.67578125
-40809.525390625
-39900.357421875
-38964.244140625
-38002.46484375
-37016.51171875
-36008.05859375
-34978.982421875
-33931.33984375
-32867.353515625
-31789.4140625
-30700.041015625
-29601.890625
-28497.728515625
-27390.40625
-26282.837890625
-25178.0
-24078.87890625
-22988.4765625
-21909.763671875
-20845.677734375
-19799.078125
-18772.748046875
-17769.35546875
-16791.435546875
-15841.376953125
-14921.392578125
-14033.51953125
-13179.58203125
-12361.19921875
-11579.755859375
-10836.408203125
-10132.06640625
-9467.392578125
-8842.796875
-8258.4375
-7714.228515625
-7209.826171875
-6744.66015625
-6317.919921875
-5928.576171875
-5575.388671875
-5256.92578125
-4971.572265625
-4717.55078125
-4492.939453125
-4295.6875
-4123.640625
-3974.564453125
-3846.146484375
-3736.046875
-3641.890625
-3561.30859375
-3491.94921875
-3431.498046875
-3377.703125
-3328.380859375
-3281.44921875
-3234.92578125
-3186.955078125
-3135.81640625
-3079.9296875
-3017.876953125
-2948.396484375
-2870.3984375
-2782.9609375
-2685.333984375
-2576.94921875
-2457.40625
-2326.470703125
-2184.08203125
-2030.330078125
-1865.46484375
-1689.87109375
-1504.076171875
-1308.72265625
-1104.572265625
-892.486328125
-673.40625
-448.361328125
-218.431640625
15.25
251.509765625
489.15234375
726.974609375
963.765625
1198.330078125
1429.494140625
1656.115234375
1877.0859375
2091.349609375
2297.90234375
2495.80078125
2684.166015625
2862.189453125
3029.126953125
3184.318359375
3327.171875
3457.16796875
3573.859375
3676.876953125
3765.916015625
3840.734375
3901.16015625
3947.072265625
3978.404296875
3995.142578125
3997.30859375
3984.966796875
3958.216796875
3917.171875
3861.982421875
3792.802734375
3709.802734375
3613.15625
3503.04296875
3379.626953125
3243.08203125
3093.55859375
2931.19921875
2756.12890625
2568.45703125
2368.271484375
2155.63671875
1930.6015625
1693.193359375
1443.4140625
1181.25
906.66796875
619.615234375
320.02734375
7.82421875
-317.08203125
-654.787109375
-1005.390625
-1368.9921875
-1745.693359375
-2135.58203125
-2538.740234375
-2955.232421875
-3385.109375
-3828.392578125
-4285.08984375
-4755.166015625
-5238.5546875
-5735.16015625
-6244.83984375
-6767.400390625
-7302.611328125
-7850.181640625
-8409.775390625
-8980.984375
-9563.357421875
-10156.3671875
-10759.431640625
-11371.896484375
-11993.04296875
-12622.08203125
-13258.15625
-13900.3359375
-14547.62109375
-15198.94921875
-15853.181640625
-16509.111328125
-17165.47265625
-17820.9296875
-18474.09375
-19123.5078125
-19767.673828125
-20405.03515625
-21033.99609375
-21652.91796875
-22260.1328125
-22853.9453125
-23432.642578125
-23994.4921875
-24537.765625
-25060.732421875
-25561.6796875
-26038.9140625
-26490.767578125
-26915.6171875
-27311.892578125
-27678.076171875
-28012.724609375
-28314.46875
-28582.03515625
-28814.244140625
-29010.025390625
-29168.423828125
-29288.609375
-29369.892578125
-29411.712890625
-29413.66796875
-29375.51171875
-29297.1484375
-29178.65625
-29020.28125
-28822.4375
-28585.720703125
-28310.8984375
-27998.912109375
-27650.880859375
-27268.09765625
-26852.02734375
-26404.2890625
-25926.681640625
-25421.140625
-24889.7578125
-24334.765625
-23758.51953125
-23163.501953125
-22552.298828125
-21927.599609375
-21292.171875
-20648.859375
-20000.5625
-19350.228515625
-18700.8359375
-18055.375
-17416.841796875
-16788.2109375
-16172.43359375
-15572.416015625
-14991.00390625
-14430.97265625
-13895.0078125
-13385.69140625
-12905.49609375
-12456.76953125
-12041.7109375
-11662.375
-11320.65625
-11018.27734375
-10756.783203125
-10537.521484375
-10361.662109375
-10230.16015625
-10143.76953125
-10103.03515625
-10108.287109375
-10159.64453125
-10257.00390625
-10400.048828125
-10588.248046875
-10820.853515625
-11096.916015625
-11415.267578125
-11774.544921875
-12173.1875
-12609.44140625
-13081.375
-13586.876953125
-14123.671875
-14689.330078125
-15281.2734375
-15896.787109375
-16533.029296875
-17187.046875
-17855.787109375
-18536.103515625
-19224.779296875
-19918.533203125
-20614.03125
-21307.90625
-21996.771484375
-22677.2265625
-23345.876953125
-23999.3515625
-24634.30859375
-25247.453125
-25835.55078125
-26395.443359375
-26924.05078125
-27418.40234375
-27875.630859375
-28292.9921875
-28667.8828125
-28997.83984375
-29280.55859375
-29513.8984375
-29695.89453125
-29824.763671875
-29898.91796875
-29916.962890625
-29877.7109375
-29780.1875
-29623.626953125
-29407.484375
-29131.4375
-28795.384765625
-28399.451171875
-27943.986328125
-27429.5625
-26856.97265625
-26227.232421875
-25541.572265625
-24801.431640625
-24008.458984375
-23164.5
-22271.595703125
-21331.970703125
-20348.0234375
-19322.322265625
-18257.587890625
-17156.69140625
-16022.6328125
-14858.53515625
-13667.634765625
-12453.255859375
-11218.8046875
-9967.759765625
-8703.654296875
-7430.056640625
-6150.556640625
-4868.76171875
-3588.265625
-2312.646484375
-1045.439453125
209.86328125
1449.841796875
2671.1484375
3870.537109375
5044.861328125
6191.103515625
7306.376953125
8387.93359375
9433.19140625
10439.73046875
11405.3125
12327.884765625
13205.587890625
14036.7734375
14819.98828125
15554.009765625
16237.826171875
16870.65625
17451.935546875
17981.337890625
18458.755859375
18884.3203125
19258.376953125
19581.501953125
19854.484375
20078.333984375
20254.259765625
20383.677734375
20468.193359375
20509.58984375
20509.830078125
20471.033203125
20395.46875
20285.541015625
20143.7734375
19972.8046875
19775.361328125
19554.24609375
19312.330078125
19052.521484375
18777.759765625
18491.001953125
18195.1953125
17893.271484375
17588.119140625
17282.57421875
16979.41015625
16681.306640625
16390.85546875
16110.52734375
15842.66796875
15589.4921875
15353.05078125
15135.25
14937.814453125
14762.30078125
14610.07421875
14482.31640625
14380.009765625
14303.943359375
14254.708984375
14232.693359375
14238.09375
14270.908203125
14330.9453125
14417.82421875
14530.990234375
14669.7109375
14833.09375
15020.08984375
15229.509765625
15460.0234375
15710.19140625
15978.45703125
16263.173828125
16562.607421875
16874.9609375
17198.380859375
17530.974609375
17870.81640625
18215.96875
18564.498046875
18914.470703125
19263.98828125
19611.173828125
19954.203125
20291.302734375
20620.7578125
20940.923828125
21250.234375
21547.201171875
21830.419921875
22098.578125
22350.447265625
22584.896484375
22800.87890625
22997.439453125
23173.712890625
23328.9140625
23462.3359375
23573.35546875
23661.41015625
23726.00390625
23766.705078125
23783.125
23774.921875
23741.79296875
23683.466796875
23599.69140625
23490.240234375
23354.890625
23193.427734375
23005.638671875
22791.306640625
22550.212890625
22282.12109375
21986.7890625
21663.958984375
21313.365234375
20934.728515625
20527.76171875
20092.177734375
19627.6796875
19133.98046875
18610.806640625
18057.892578125
17475.013671875
16861.9609375
16218.58984375
15544.787109375
14840.5234375
14105.826171875
13340.822265625
12545.72265625
11720.845703125
10866.634765625
9983.6484375
9072.580078125
8134.27734375
7169.73046875
6180.087890625
5166.666015625
4130.94921875
3074.59765625
1999.43359375
907.46875
-199.1171875
-1317.974609375
-2446.587890625
-3582.26953125
-4722.1875
-5863.36328125
-7002.67578125
-8136.888671875
-9262.650390625
-10376.513671875
-11474.95703125
-12554.39453125
-13611.197265625
-14641.7109375
-15642.283203125
-16609.275390625
-17539.083984375
-18428.173828125
-19273.091796875
-20070.484375
-20817.130859375
-21509.955078125
-22146.05078125
-22722.70703125
-23237.41796875
-23687.912109375
-24072.16015625
-24388.39453125
-24635.12890625
-24811.166015625
-24915.611328125
-24947.88671875
-24907.7265625
-24795.19921875
-24610.70703125
-24354.9765625
-24029.076171875
-23634.40234375
-23172.681640625
-22645.958984375
-22056.599609375
-21407.26953125
-20700.923828125
-19940.806640625
-19130.416015625
-18273.505859375
-17374.0546875
-16436.244140625
-15464.455078125
-14463.23046875
-13437.255859375
-12391.3359375
-11330.373046875
-10259.33984375
-9183.25
-8107.14453125
-7036.052734375
-5974.9765625
-4928.861328125
-3902.572265625
-2900.873046875
-1928.396484375
-989.6328125
-88.896484375
769.6875
1582.201171875
2344.955078125
3054.5
3707.65234375
4301.490234375
4833.37890625
5300.978515625
5702.244140625
6035.447265625
6299.1640625
6492.296875
6614.052734375
6663.96875
6641.8984375
6548.001953125
6382.7578125
6146.94140625
5841.625
5468.173828125
5028.224609375
4523.68359375
3956.71484375
3329.71484375
2645.3203125
1906.3671875
1115.900390625
277.138671875
-606.533203125
-1531.580078125
-2494.33984375
-3491.03515625
-4517.796875
-5570.671875
-6645.658203125
-7738.697265625
-8845.720703125
-9962.640625
-11085.384765625
-12209.90234375
-13332.18359375
-14448.27734375
-15554.298828125
-16646.453125
-17721.037109375
-18774.458984375
-19803.25390625
-20804.080078125
-21773.74609375
-22709.2109375
-23607.58984375
-24466.16796875
-25282.40625
-26053.939453125
-26778.59375
-27454.376953125
-28079.494140625
-28652.337890625
-29171.501953125
-29635.765625
-30044.111328125
-30395.712890625
-30689.9375
-30926.3359375
-31104.65234375
-31224.80859375
-31286.908203125
-31291.22265625
-31238.193359375
-31128.431640625
-30962.693359375
-30741.884765625
-30467.060546875
-30139.40234375
-29760.224609375
-29330.9609375
-28853.1484375
-28328.439453125
-27758.576171875
-27145.384765625
-26490.77734375
-25796.732421875
-25065.294921875
-24298.56640625
-23498.693359375
-22667.8671875
-21808.310546875
-20922.271484375
-20012.021484375
-19079.841796875
-18128.029296875
-17158.87109375
-16174.66015625
-15177.673828125
-14170.18359375
-13154.42578125
-12132.63671875
-11107.013671875
-10079.720703125
-9052.896484375
-8028.638671875
-7009.01171875
-5996.02734375
-4991.666015625
-3997.8515625
-3016.46875
-2049.349609375
-1098.271484375
-164.966796875
748.888671875
1641.671875
2511.8203125
3357.822265625
4178.22265625
4971.6328125
5736.7109375
6472.1875
7176.84765625
7849.537109375
8489.169921875
9094.720703125
9665.234375
10199.81640625
10697.646484375
11157.96875
11580.099609375
11963.43359375
12307.43359375
12611.640625
12875.671875
13099.2265625
13282.076171875
13424.08984375
13525.205078125
13585.453125
13604.94921875
13583.896484375
13522.587890625
13421.40625
13280.8203125
13101.392578125
12883.78125
12628.728515625
12337.068359375
12009.7265625
11647.71484375
11252.134765625
10824.17578125
10365.103515625
9876.267578125
9359.09765625
8815.09765625
8245.837890625
7652.9609375
7038.16796875
6403.21875
5749.92578125
5080.146484375
4395.779296875
3698.759765625
2991.046875
2274.62109375
1551.482421875
823.634765625
93.078125
-638.1875
-1368.181640625
-2094.943359375
-2816.54296875
-3531.08984375
-4236.7265625
-4931.65625
-5614.138671875
-6282.4921875
-6935.107421875
-7570.451171875
-8187.068359375
-8783.59375
-9358.744140625
-9911.341796875
-10440.296875
-10944.623046875
-11423.435546875
-11875.95703125
-12301.51171875
-12699.529296875
-13069.546875
-13411.20703125
-13724.25
-14008.529296875
-14263.984375
-14490.662109375
-14688.693359375
-14858.3046875
-14999.80078125
-15113.5703125
-15200.076171875
-15259.849609375
-15293.482421875
-15301.62890625
-15284.9921875
-15244.318359375
-15180.39453125
-15094.04296875
-14986.109375
-14857.4609375
-14708.982421875
-14541.564453125
-14356.1015625
-14153.48828125
-13934.61328125
-13700.353515625
-13451.576171875
-13189.125
-12913.826171875
-12626.478515625
-12327.86328125
-12018.724609375
-11699.783203125
-11371.728515625
-11035.2265625
-10690.900390625
-10339.353515625
-9981.16015625
-9616.86328125
-9246.984375
-8872.013671875
-8492.42578125
-8108.669921875
-7721.1796875
-7330.369140625
-6936.640625
-6540.380859375
-6141.97265625
-5741.78125
-5340.171875
-4937.50390625
-4534.12890625
-4130.39453125
-3726.654296875
-3323.248046875
-2920.515625
-2518.798828125
-2118.4296875
-1719.736328125
-1323.037109375
-928.646484375
-536.861328125
-147.96875
237.765625
620.09375
998.7890625
1373.662109375
1744.5390625
2111.29296875
2473.828125
2832.08984375
3186.0703125
3535.80078125
3881.373046875
4222.921875
4560.634765625
4894.759765625
5225.591796875
5553.490234375
5878.859375
6202.16015625
6523.908203125
6844.6640625
7165.029296875
7485.654296875
7807.22265625
8130.443359375
8456.05859375
8784.8203125
9117.49609375
9454.849609375
9797.640625
10146.6171875
10502.498046875
10865.97265625
11237.681640625
11618.212890625
12008.099609375
12407.796875
12817.67578125
13238.029296875
13669.04296875
14110.802734375
14563.27734375
15026.326171875
15499.6796875
15982.9453125
16475.595703125
16976.974609375
17486.294921875
18002.638671875
18524.947265625
19052.048828125
19582.638671875
20115.298828125
20648.50390625
21180.619140625
21709.921875
22234.607421875
22752.798828125
23262.560546875
23761.912109375
24248.84765625
24721.337890625
25177.357421875
25614.896484375
26031.98046875
26426.67578125
26797.12109375
27141.529296875
27458.212890625
27745.59765625
28002.232421875
28226.80859375
28418.169921875
28575.330078125
28697.47265625
28783.974609375
28834.40234375
28848.525390625
28826.328125
28767.994140625
28673.9296875
28544.748046875
28381.283203125
28184.578125
27955.876953125
27696.6328125
27408.48046875
27093.25390625
26752.951171875
26389.73046875
26005.91015625
25603.9296875
25186.365234375
24755.880859375
24315.240234375
23867.271484375
23414.857421875
22960.916015625
22508.380859375
22060.181640625
21619.234375
21188.412109375
20770.533203125
20368.349609375
19984.517578125
19621.595703125
19282.021484375
18968.107421875
18682.015625
18425.7578125
18201.1796875
18009.955078125
17853.572265625
17733.33984375
17650.3671875
17605.576171875
17599.681640625
17633.208984375
17706.48046875
17819.62109375
17972.5625
18165.044921875
18396.623046875
18666.66796875
18974.37890625
19318.78125
19698.744140625
20112.986328125
20560.07421875
21038.44140625
21546.3984375
22082.130859375
22643.720703125
23229.146484375
23836.298828125
24462.984375
25106.9375
25765.828125
26437.267578125
27118.8203125
27808.013671875
28502.330078125
29199.240234375
29896.1796875
30590.583984375
31279.87109375
31961.462890625
32632.77734375
33291.25
33934.330078125
34559.474609375
35164.177734375
35745.955078125
36302.359375
36830.9765625
37329.44140625
37795.43359375
38226.69140625
38621.001953125
38976.224609375
39290.2890625
39561.193359375
39787.0234375
39965.947265625
40096.2265625
40176.2265625
40204.41796875
40179.373046875
40099.796875
39964.509765625
39772.4609375
39522.73828125
39214.576171875
38847.345703125
38420.576171875
37933.947265625
37387.30078125
36780.642578125
36114.134765625
35388.115234375
34603.08203125
33759.703125
32858.8125
31901.40625
30888.642578125
29821.837890625
28702.462890625
27532.134765625
26312.61328125
25045.787109375
23733.6796875
22378.423828125
20982.26171875
19547.53125
18076.66015625
16572.1484375
15036.556640625
13472.498046875
11882.626953125
10269.62109375
8636.171875
6984.9765625
5318.712890625
3640.05078125
1951.615234375
255.99609375
-1444.271484375
-3146.716796875
-4848.93359375
-6548.595703125
-8243.462890625
-9931.375
-11610.2734375
-13278.193359375
-14933.26171875
-16573.712890625
-18197.873046875
-19804.169921875
-21391.119140625
-22957.34375
-24501.5390625
-26022.490234375
-27519.060546875
-28990.18359375
-30434.857421875
-31852.142578125
-33241.142578125
-34601.013671875
-35930.9375
-37230.12890625
-38497.826171875
-39733.2734375
-40935.73046875
-42104.451171875
-43238.689453125
-44337.685546875
-45400.666015625
-46426.84765625
-47415.416015625
-48365.546875
-49276.388671875
-50147.06640625
-50976.6953125
-51764.36328125
-52509.15234375
-53210.1328125
-53866.365234375
-54476.919921875
-55040.87109375
-55557.314453125
-56025.359375
-56444.15625
-56812.89453125
-57130.806640625
-57397.193359375
-57611.4140625
-57772.91796875
-57881.224609375
-57935.955078125
-57936.833984375
-57883.689453125
-57776.47265625
-57615.25
-57400.220703125
-57131.712890625
-56810.1875
-56436.24609375
-56010.62890625
-55534.212890625
-55008.015625
-54433.189453125
-53811.015625
-53142.9140625
-52430.41796875
-51675.189453125
-50878.994140625
-50043.701171875
-49171.28125
-48263.787109375
-47323.34375
-46352.15234375
-45352.4609375
-44326.564453125
-43276.796875
-42205.50390625
-41115.052734375
-40007.80859375
-38886.126953125
-37752.33984375
-36608.751953125
-35457.62890625
-34301.18359375
-33141.580078125
-31980.908203125
-30821.193359375
-29664.37890625
-28512.3359375
-27366.83203125
-26229.5625
-25102.1171875
-23985.9921875
-22882.591796875
-21793.22265625
-20719.09375
-19661.318359375
-18620.919921875
-17598.828125
-16595.8828125
-15612.845703125
-14650.392578125
-13709.126953125
-12789.564453125
-11892.173828125
-11017.345703125
-10165.421875
-9336.68359375
-8531.36328125
-7749.654296875
-6991.69921875
-6257.615234375
-5547.478515625
-4861.341796875
-4199.2265625
-3561.138671875
-2947.0546875
-2356.93359375
-1790.724609375
-1248.35546875
-729.73046875
-234.75390625
236.697265625
684.7578125
1109.578125
1511.33203125
1890.20703125
2246.416015625
2580.19140625
2891.794921875
3181.515625
3449.66796875
3696.599609375
3922.701171875
4128.392578125
4314.12890625
4480.41796875
4627.802734375
4756.873046875
4868.259765625
4962.65234375
5040.775390625
5103.412109375
5151.38671875
5185.572265625
5206.892578125
5216.314453125
5214.845703125
5203.537109375
5183.484375
5155.810546875
5121.673828125
5082.26171875
5038.779296875
4992.45703125
4944.53515625
4896.259765625
4848.87890625
4803.638671875
4761.767578125
4724.484375
4692.974609375
4668.392578125
4651.85546875
4644.4375
4647.15234375
4660.955078125
4686.736328125
4725.3125
4777.41796875
4843.70703125
4924.734375
5020.96484375
5132.763671875
5260.390625
5403.994140625
5563.619140625
5739.197265625
5930.54296875
6137.365234375
6359.255859375
6595.6953125
6846.056640625
7109.609375
7385.513671875
7672.841796875
7970.560546875
8277.56640625
8592.66015625
8914.580078125
9242.0
9573.533203125
9907.748046875
10243.177734375
10578.32421875
10911.671875
11241.69921875
11566.884765625
11885.71875
12196.712890625
12498.412109375
12789.39453125
13068.298828125
13333.810546875
13584.681640625
13819.74609375
14037.8984375
14238.12890625
14419.515625
14581.21484375
14722.4921875
14842.69921875
14941.28515625
15017.79296875
15071.861328125
15103.220703125
15111.6875
15097.166015625
15059.6328125
14999.142578125
14915.8125
14809.826171875
14681.412109375
14530.84375
14358.435546875
14164.51953125
13949.451171875
13713.603515625
13457.33984375
13181.0234375
12885.0
12569.6015625
12235.126953125
11881.83984375
11509.9765625
11119.716796875
10711.2109375
10284.546875
9839.775390625
9376.892578125
8895.849609375
8396.55078125
7878.859375
7342.59765625
6787.560546875
6213.51171875
5620.1953125
5007.33984375
4374.6796875
3721.947265625
3048.890625
2355.279296875
1640.923828125
905.673828125
149.44140625
-627.80859375
-1426.02734375
-2245.083984375
-3084.755859375
-3944.724609375
-4824.556640625
-5723.705078125
-6641.509765625
-7577.181640625
-8529.8046875
-9498.330078125
-10481.5859375
-11478.259765625
-12486.92578125
-13506.013671875
-14533.841796875
-15568.611328125
-16608.412109375
-17651.2265625
-18694.9453125
-19737.373046875
-20776.232421875
-21809.193359375
-22833.859375
-23847.798828125
-24848.544921875
-25833.623046875
-26800.54296875
-27746.830078125
-28670.025390625
-29567.70703125
-30437.4921875
-31277.060546875
-32084.154296875
-32856.591796875
-33592.279296875
-34289.224609375
-34945.529296875
-35559.41796875
-36129.216796875
-36653.38671875
-37130.509765625
-37559.302734375
-37938.607421875
-38267.408203125
-38544.818359375
-38770.091796875
-38942.615234375
-39061.90625
-39127.615234375
-39139.5234375
-39097.53515625
-39001.68359375
-38852.107421875
-38649.076171875
-38392.9609375
-38084.24609375
-37723.509765625
-37311.439453125
-36848.80859375
-36336.490234375
-35775.4375
-35166.6953125
-34511.37890625
-33810.69140625
-33065.90625
-32278.369140625
-31449.498046875
-30580.779296875
-29673.759765625
-28730.060546875
-27751.359375
-26739.39453125
-25695.966796875
-24622.93359375
-23522.208984375
-22395.7578125
-21245.6015625
-20073.8046875
-18882.484375
-17673.796875
-16449.939453125
-15213.14453125
-13965.6796875
-12709.826171875
-11447.8984375
-10182.220703125
-8915.126953125
-7648.953125
-6386.025390625
-5128.658203125
-3879.15234375
-2639.765625
-1412.73046875
-200.224609375
995.625
2172.7578125
3329.185546875
4462.994140625
5572.3671875
6655.576171875
7711.0
8737.12890625
9732.564453125
10696.033203125
11626.388671875
12522.60546875
13383.80078125
14209.22265625
14998.251953125
15750.408203125
16465.34765625
17142.853515625
17782.837890625
18385.3515625
18950.55078125
19478.71875
19970.244140625
20425.615234375
20845.421875
21230.33203125
21581.099609375
21898.537109375
22183.53125
22437.0
22659.912109375
22853.265625
23018.07421875
23155.369140625
23266.17578125
23351.51953125
23412.41015625
23449.833984375
23464.75
23458.0859375
23430.7265625
23383.51171875
23317.2421875
23232.66015625
23130.46484375
23011.298828125
22875.759765625
22724.388671875
22557.685546875
22376.099609375
22180.044921875
21969.8984375
21746.001953125
21508.671875
21258.2109375
20994.900390625
20719.017578125
20430.841796875
20130.658203125
19818.763671875
19495.478515625
19161.14453125
18816.146484375
18460.904296875
18095.876953125
17721.5859375
17338.591796875
16947.52734375
16549.08203125
16144.005859375
15733.115234375
15317.29296875
14897.494140625
14474.728515625
14050.076171875
13624.6796875
13199.734375
12776.49609375
12356.265625
11940.39453125
11530.265625
11127.302734375
10732.94921875
10348.67578125
9975.955078125
9616.26953125
9271.099609375
8941.908203125
8630.142578125
8337.224609375
8064.529296875
7813.40234375
7585.126953125
7380.931640625
7201.986328125
7049.376953125
6924.119140625
6827.140625
6759.28515625
6721.29296875
6713.81640625
6737.3984375
6792.482421875
6879.396484375
6998.3671875
7149.505859375
7332.8125
7548.17578125
7795.37109375
8074.0625
8383.80859375
8724.056640625
9094.146484375
9493.318359375
9920.71484375
10375.376953125
10856.2578125
11362.224609375
11892.056640625
12444.4609375
13018.068359375
13611.447265625
14223.103515625
14851.486328125
15495.001953125
16152.013671875
16820.84765625
17499.806640625
18187.171875
18881.2109375
19580.185546875
20282.359375
20986.005859375
21689.4140625
22390.896484375
23088.796875
23781.5
24467.43359375
25145.076171875
25812.97265625
26469.72265625
27114.01171875
27744.591796875
28360.302734375
28960.078125
29542.9375
30108.0
30654.490234375
31181.736328125
31689.171875
32176.33984375
32642.89453125
33088.6015625
33513.33203125
33917.07421875
34299.916015625
34662.056640625
35003.794921875
35325.521484375
35627.720703125
35910.970703125
36175.916015625
36423.283203125
36653.853515625
36868.47265625
37068.021484375
37253.42578125
37425.626953125
37585.587890625
37734.26953125
37872.626953125
38001.59765625
38122.080078125
38234.935546875
38340.970703125
38440.92578125
38535.46484375
38625.162109375
38710.5
38791.85546875
38869.490234375
38943.552734375
39014.048828125
39080.8671875
39143.7578125
39202.3203125
39256.02734375
39304.19921875
39346.0234375
39380.546875
39406.67578125
39423.193359375
39428.7578125
39421.91015625
39401.083984375
39364.619140625
39310.76171875
39237.6953125
39143.5390625
39026.3671875
38884.220703125
38715.130859375
38517.130859375
38288.267578125
38026.6328125
37730.361328125
37397.669921875
37026.8515625
36616.31640625
36164.5859375
35670.32421875
35132.34375
34549.62890625
33921.33984375
33246.828125
32525.65234375
31757.58203125
30942.603515625
30080.94140625
29173.0390625
28219.5859375
27221.509765625
26179.966796875
25096.365234375
23972.333984375
22809.732421875
21610.650390625
20377.380859375
19112.42578125
17818.482421875
16498.423828125
15155.28515625
13792.267578125
12412.689453125
11019.99609375
9617.734375
8209.529296875
6799.064453125
5390.068359375
3986.298828125
2591.505859375
1209.427734375
-156.234375
-1501.833984375
-2823.8046875
-4118.66796875
-5383.056640625
-6613.732421875
-7807.6015625
-8961.720703125
-10073.326171875
-11139.828125
-12158.83984375
-13128.17578125
-14045.857421875
-14910.126953125
-15719.4609375
-16472.548828125
-17168.3203125
-17805.935546875
-18384.78515625
-18904.490234375
-19364.904296875
-19766.095703125
-20108.35546875
-20392.193359375
-20618.310546875
-20787.619140625
-20901.20703125
-20960.34765625
-20966.4765625
-20921.193359375
-20826.234375
-20683.474609375
-20494.908203125
-20262.638671875
-19988.865234375
-19675.873046875
-19326.01953125
-18941.724609375
-18525.44921875
-18079.6953125
-17606.9921875
-17109.8828125
-16590.908203125
-16052.61328125
-15497.521484375
-14928.134765625
-14346.923828125
-13756.314453125
-13158.69140625
-12556.384765625
-11951.66796875
-11346.73828125
-10743.734375
-10144.72265625
-9551.685546875
-8966.525390625
-8391.068359375
-7827.044921875
-7276.109375
-6739.81640625
-6219.638671875
-5716.95703125
-5233.0546875
-4769.13671875
-4326.298828125
-3905.56640625
-3507.85546875
-3134.005859375
-2784.7578125
-2460.771484375
-2162.615234375
-1890.771484375
-1645.634765625
-1427.517578125
-1236.6484375
-1073.169921875
-937.154296875
-828.576171875
-747.34765625
-693.291015625
-666.16015625
-665.625
-691.2890625
-742.6796875
-819.251953125
-920.390625
-1045.41015625
-1193.564453125
-1364.03125
-1555.931640625
-1768.32421875
-2000.205078125
-2250.515625
-2518.140625
-2801.90625
-3100.599609375
-3412.951171875
-3737.654296875
-4073.35546875
-4418.666015625
-4772.166015625
-5132.40625
-5497.908203125
-5867.177734375
-6238.701171875
-6610.955078125
-6982.41015625
-7351.53515625
-7716.8046875
-8076.703125
-8429.732421875
-8774.412109375
-9109.294921875
-9432.962890625
-9744.037109375
-10041.19140625
-10323.142578125
-10588.666015625
-10836.607421875
-11065.875
-11275.453125
-11464.404296875
-11631.875
-11777.10546875
-11899.427734375
-11998.26171875
-12073.142578125
-12123.69921875
-12149.671875
-12150.90234375
-12127.349609375
-12079.080078125
-12006.267578125
-11909.205078125
-11788.2890625
-11644.021484375
-11477.01171875
-11287.9765625
-11077.724609375
-10847.166015625
-10597.298828125
-10329.201171875
-10044.041015625
-9743.04296875
-9427.51171875
-9098.80078125
-8758.318359375
-8407.51171875
-8047.865234375
-7680.8828125
-7308.08984375
-6931.013671875
-6551.18359375
-6170.1171875
-5789.306640625
-5410.224609375
-5034.296875
-4662.916015625
-4297.41015625
-3939.052734375
-3589.05078125
-3248.537109375
-2918.564453125
-2600.10546875
-2294.04296875
-2001.166015625
-1722.177734375
-1457.677734375
-1208.173828125
-974.080078125
-755.708984375
-553.283203125
-366.935546875
-196.708984375
-42.564453125
95.619140625
218.025390625
324.919921875
416.611328125
493.470703125
555.91015625
604.376953125
639.33984375
661.2890625
670.728515625
668.146484375
654.037109375
628.857421875
593.046875
547.00390625
491.078125
425.568359375
350.708984375
266.662109375
173.5234375
71.30078125
-40.080078125
-160.78515625
-291.068359375
-431.28125
-581.86328125
-743.357421875
-916.392578125
-1101.689453125
-1300.056640625
-1512.388671875
-1739.650390625
-1982.880859375
-2243.185546875
-2521.71875
-2819.68359375
-3138.31640625
-3478.880859375
-3842.650390625
-4230.900390625
-4644.890625
-5085.86328125
-5555.009765625
-6053.48046875
-6582.353515625
-7142.62890625
-7735.2109375
-8360.904296875
-9020.380859375
-9714.19140625
-10442.73828125
-11206.267578125
-12004.859375
-12838.419921875
-13706.669921875
-14609.134765625
-15545.1484375
-16513.83984375
-17514.126953125
-18544.7265625
-19604.1328125
-20690.64453125
-21802.341796875
-22937.109375
-24092.62890625
-25266.38671875
-26455.693359375
-27657.6796875
-28869.314453125
-30087.416015625
-31308.666015625
-32529.623046875
-33746.74609375
-34956.396484375
-36154.873046875
-37338.421875
-38503.2578125
-39645.58203125
-40761.6171875
-41847.60546875
-42899.849609375
-43914.7265625
-44888.703125
-45818.373046875
-46700.462890625
-47531.8515625
-48309.60546875
-49030.978515625
-49693.4375
-50294.677734375
-50832.642578125
-51305.51953125
-51711.78125
-52050.16015625
-52319.68359375
-52519.67578125
-52649.74609375
-52709.814453125
-52700.09375
-52621.09765625
-52473.638671875
-52258.81640625
-51978.013671875
-51632.890625
-51225.361328125
-50757.6015625
-50232.015625
-49651.23046875
-49018.07421875
-48335.55859375
-47606.861328125
-46835.30078125
-46024.314453125
-45177.44140625
-44298.298828125
-43390.55078125
-42457.890625
-41504.01953125
-40532.6171875
-39547.322265625
-38551.7109375
-37549.271484375
-36543.38671875
-35537.3125
-34534.158203125
-33536.869140625
-32548.21875
-31570.78125
-30606.923828125
-29658.802734375
-28728.34375
-27817.23828125
-26926.947265625
-26058.6796875
-25213.404296875
-24391.8515625
-23594.50390625
-22821.611328125
-22073.19140625
-21349.04296875
-20648.74609375
-19971.685546875
-19317.044921875
-18683.84375
-18070.93359375
-17477.0234375
-16900.693359375
-16340.4140625
-15794.560546875
-15261.4375
-14739.294921875
-14226.35546875
-13720.8046875
-13220.8515625
-12724.716796875
-12230.666015625
-11737.017578125
-11242.166015625
-10744.59375
-10242.888671875
-9735.755859375
-9222.03125
-8700.689453125
-8170.859375
-7631.828125
-7083.05078125
-6524.1484375
-5954.923828125
-5375.3515625
-4785.58984375
-4185.96875
-3576.998046875
-2959.353515625
-2333.8828125
-1701.591796875
-1063.63671875
-421.3203125
223.923828125
870.53515625
1516.84765625
2161.08984375
2801.408203125
3435.873046875
4062.49609375
4679.24609375
5284.05859375
5874.857421875
6449.5546875
7006.083984375
7542.39453125
8056.48046875
8546.3828125
9010.205078125
9446.12890625
9852.419921875
10227.4296875
10569.623046875
10877.576171875
11149.978515625
11385.64453125
11583.521484375
11742.6875
11862.36328125
11941.8984375
11980.7890625
11978.669921875
11935.314453125
11850.63671875
11724.681640625
11557.626953125
11349.78125
11101.572265625
10813.552734375
10486.37890625
10120.826171875
9717.76171875
9278.15234375
8803.044921875
8293.576171875
7750.94921875
7176.443359375
6571.388671875
5937.17578125
5275.244140625
4587.068359375
3874.162109375
3138.076171875
2380.380859375
1602.6640625
806.541015625
-6.3671875
-834.42578125
-1675.994140625
-2529.421875
-3393.068359375
-4265.2734375
-5144.392578125
-6028.771484375
-6916.765625
-7806.73046875
-8697.017578125
-9585.9921875
-10472.015625
-11353.455078125
-12228.6796875
-13096.0625
-13953.982421875
-14800.818359375
-15634.96484375
-16454.8125
-17258.763671875
-18045.228515625
-18812.6328125
-19559.416015625
-20284.03125
-20984.94921875
-21660.66796875
-22309.716796875
-22930.646484375
-23522.052734375
-24082.56640625
-24610.8671875
-25105.685546875
-25565.806640625
-25990.08203125
-26377.4296875
-26726.841796875
-27037.388671875
-27308.228515625
-27538.611328125
-27727.884765625
-27875.486328125
-27980.974609375
-28044.013671875
-28064.37109375
-28041.94921875
-27976.7578125
-27868.93359375
-27718.736328125
-27526.548828125
-27292.880859375
-27018.365234375
-26703.759765625
-26349.939453125
-25957.90234375
-25528.7578125
-25063.73046875
-24564.146484375
-24031.439453125
-23467.134765625
-22872.845703125
-22250.271484375
-21601.18359375
-20927.421875
-20230.888671875
-19513.533203125
-18777.349609375
-18024.365234375
-17256.634765625
-16476.232421875
-15685.232421875
-14885.720703125
-14079.76953125
-13269.427734375
-12456.728515625
-11643.677734375
-10832.232421875
-10024.30859375
-9221.775390625
-8426.4375
-7640.03515625
-6864.251953125
-6100.681640625
-5350.859375
-4616.224609375
-3898.142578125
-3197.890625
-2516.65234375
-1855.525390625
-1215.515625
-597.537109375
-2.404296875
569.16015625
1116.52734375
1639.158203125
2136.62109375
2608.56640625
3054.740234375
3474.986328125
3869.232421875
4237.5
4579.90234375
4896.634765625
5187.984375
5454.31640625
5696.08203125
5913.81640625
6108.126953125
6279.703125
6429.310546875
6557.78125
6666.021484375
6755.001953125
6825.76171875
6879.39453125
6917.056640625
6939.9609375
6949.361328125
6946.568359375
6932.923828125
6909.8125
6878.65234375
6840.8828125
6797.96484375
6751.37890625
6702.609375
6653.140625
6604.4609375
6558.041015625
6515.330078125
6477.759765625
6446.720703125
6423.56640625
6409.599609375
6406.076171875
6414.17578125
6435.017578125
6469.640625
6519.0
6583.955078125
6665.279296875
6763.6328125
6879.57421875
7013.548828125
7165.880859375
7336.775390625
7526.318359375
7734.46484375
7961.037109375
8205.7421875
8468.14453125
8747.6875
9043.685546875
9355.328125
9681.681640625
10021.69140625
10374.19921875
10737.927734375
11111.5
11493.4453125
11882.201171875
12276.125
12673.50390625
13072.5625
13471.470703125
13868.34765625
14261.291015625
14648.369140625
15027.638671875
15397.154296875
15754.98828125
16099.224609375
16427.982421875
16739.42578125
17031.775390625
17303.306640625
17552.384765625
17777.443359375
17977.021484375
18149.7578125
18294.3984375
18409.81640625
18495.0
18549.080078125
18571.3203125
18561.126953125
18518.0546875
18441.806640625
18332.240234375
18189.369140625
18013.3515625
17804.509765625
17563.314453125
17290.384765625
16986.494140625
16652.552734375
16289.609375
15898.857421875
15481.6015625
15039.279296875
14573.4296875
14085.705078125
13577.84375
13051.677734375
12509.107421875
11952.099609375
11382.673828125
10802.8984375
10214.859375
9620.67578125
9022.46875
8422.353515625
7822.435546875
7224.791015625
6631.45703125
6044.427734375
5465.6328125
4896.94140625
4340.134765625
3796.91796875
3268.8984375
2757.580078125
2264.361328125
1790.521484375
1337.234375
905.5390625
496.34765625
110.458984375
-251.474609375
-588.91796875
-901.466796875
-1188.849609375
-1450.9140625
-1687.630859375
-1899.08984375
-2085.490234375
-2247.140625
-2384.44921875
-2497.919921875
-2588.142578125
-2655.78515625
-2701.5859375
-2726.345703125
-2730.921875
-2716.2109375
-2683.146484375
-2632.6953125
-2565.83203125
-2483.546875
-2386.826171875
-2276.658203125
-2154.001953125
-2019.810546875
-1874.994140625
-1720.435546875
-1556.974609375
-1385.404296875
-1206.46875
-1020.859375
-829.2109375
-632.09765625
-430.037109375
-223.484375
-12.833984375
201.58203125
419.48046875
640.6484375
864.916015625
1092.169921875
1322.33984375
1555.3984375
1791.36328125
2030.275390625
2272.212890625
2517.26953125
2765.5625
3017.21484375
3272.357421875
3531.12109375
3793.62890625
4059.99609375
4330.314453125
4604.66015625
4883.072265625
5165.564453125
5452.11328125
5742.650390625
6037.060546875
6335.189453125
6636.818359375
6941.685546875
7249.466796875
7559.783203125
7872.19921875
8186.212890625
8501.275390625
8816.765625
9132.015625
9446.296875
9758.82421875
10068.767578125
10375.2421875
10677.31640625
10974.025390625
11264.357421875
11547.2734375
11821.703125
12086.5546875
12340.71875
12583.076171875
12812.5
13027.869140625
13228.06640625
13411.994140625
13578.572265625
13726.751953125
13855.525390625
13963.92578125
14051.037109375
14115.998046875
14158.025390625
14176.3984375
14170.478515625
14139.71875
14083.66015625
14001.943359375
13894.314453125
13760.634765625
13600.8671875
13415.107421875
13203.564453125
12966.572265625
12704.59765625
12418.23046875
12108.19140625
11775.328125
11420.6171875
11045.15625
10650.169921875
10236.998046875
9807.095703125
9362.01953125
8903.431640625
8433.0859375
7952.8203125
7464.541015625
6970.224609375
6471.90234375
5971.638671875
5471.53125
4973.689453125
4480.234375
3993.263671875
3514.85546875
3047.04296875
2591.806640625
2151.060546875
1726.630859375
1320.25
933.53125
567.974609375
224.935546875
-94.376953125
-388.91015625
-657.787109375
-900.30078125
-1115.939453125
-1304.375
-1465.486328125
-1599.34375
-1706.23046875
-1786.626953125
-1841.2265625
-1870.921875
-1876.802734375
-1860.15625
-1822.451171875
-1765.345703125
-1690.662109375
-1600.384765625
-1496.640625
-1381.697265625
-1257.9375
-1127.8515625
-994.01953125
-859.0859375
-725.755859375
-596.763671875
-474.859375
-362.79296875
-263.287109375
-179.02734375
-112.63671875
-66.654296875
-43.521484375
-45.560546875
-74.962890625
-133.765625
-223.837890625
-346.8671875
-504.34765625
-697.556640625
-927.560546875
-1195.193359375
-1501.04296875
-1845.462890625
-2228.546875
-2650.14453125
-3109.83203125
-3606.943359375
-4140.544921875
-4709.458984375
-5312.24609375
-5947.228515625
-6612.49609375
-7305.900390625
-8025.078125
-8767.46484375
-9530.296875
-10310.630859375
-11105.3671875
-11911.248046875
-12724.89453125
-13542.810546875
-14361.41015625
-15177.029296875
-15985.958984375
-16784.453125
-17568.75390625
-18335.11328125
-19079.814453125
-19799.193359375
-20489.65625
-21147.69921875
-21769.939453125
-22353.115234375
-22894.123046875
-23390.021484375
-23838.056640625
-24235.67578125
-24580.5390625
-24870.53515625
-25103.7890625
-25278.677734375
-25393.83984375
-25448.1796875
-25440.8671875
-25371.361328125
-25239.384765625
-25044.94921875
-24788.345703125
-24470.1328125
-24091.1484375
-23652.494140625
-23155.529296875
-22601.859375
-21993.333984375
-21332.0234375
-20620.220703125
-19860.408203125
-19055.255859375
-18207.6015625
-17320.4375
-16396.87890625
-15440.16015625
-14453.615234375
-13440.640625
-12404.70703125
-11349.30078125
-10277.947265625
-9194.16015625
-8101.431640625
-7003.2265625
-5902.9453125
-4803.927734375
-3709.423828125
-2622.58203125
-1546.443359375
-483.921875
562.203125
1589.29296875
2594.869140625
3576.599609375
4532.326171875
5460.048828125
6357.9453125
7224.357421875
8057.796875
8856.9453125
9620.6484375
10347.9140625
11037.91015625
11689.94921875
12303.4921875
12878.134765625
13413.611328125
13909.763671875
14366.556640625
14784.060546875
15162.435546875
15501.935546875
15802.890625
16065.703125
16290.833984375
16478.806640625
16630.1875
16745.591796875
16825.6640625
16871.0859375
16882.5625
16860.826171875
16806.62890625
16720.740234375
16603.947265625
16457.048828125
16280.8671875
16076.232421875
15843.998046875
15585.02734375
15300.212890625
14990.458984375
14656.6953125
14299.875
13920.982421875
13521.02734375
13101.048828125
12662.123046875
12205.353515625
11731.8828125
11242.888671875
10739.583984375
10223.216796875
9695.064453125
9156.4453125
8608.70703125
8053.21875
7491.3828125
6924.619140625
6354.373046875
5782.087890625
5209.234375
4637.2734375
4067.66796875
3501.876953125
2941.345703125
2387.494140625
1841.724609375
1305.408203125
779.880859375
266.435546875
-233.67578125
-719.251953125
-1189.142578125
-1642.255859375
-2077.5546875
-2494.06640625
-2890.87890625
-3267.13671875
-3622.0546875
-3954.904296875
-4265.013671875
-4551.77734375
-4814.63671875
-5053.091796875
-5266.685546875
-5455.013671875
-5617.703125
-5754.421875
-5864.8671875
-5948.76953125
-6005.873046875
-6035.9453125
-6038.767578125
-6014.12890625
-5961.828125
-5881.666015625
-5773.447265625
-5636.9765625
-5472.05859375
-5278.49609375
-5056.099609375
-4804.677734375
-4524.044921875
-4214.025390625
-3874.458984375
-3505.203125
-3106.14453125
-2677.197265625
-2218.318359375
-1729.515625
-1210.84375
-662.4375
-84.498046875
522.689453125
1158.73828125
1823.166015625
2515.369140625
3234.630859375
3980.09765625
4750.783203125
5545.552734375
6363.123046875
7202.056640625
8060.751953125
8937.455078125
9830.2421875
10737.033203125
11655.583984375
12583.4921875
13518.212890625
14457.044921875
15397.15625
16335.587890625
17269.26171875
18194.998046875
19109.53125
20009.513671875
20891.548828125
21752.197265625
22587.998046875
23395.48828125
24171.228515625
24911.8125
25613.896484375
26274.2265625
26889.63671875
27457.09765625
27973.71875
28436.7734375
28843.71875
29192.21875
29480.1484375
29705.626953125
29867.017578125
29962.94921875
29992.330078125
29954.34375
29848.4765625
29674.5078125
29432.525390625
29122.91796875
28746.3828125
28303.919921875
27796.830078125
27226.70703125
26595.435546875
25905.171875
25158.3359375
24357.603515625
23505.8828125
22606.302734375
21662.1953125
20677.07421875
19654.61328125
18598.625
17513.04296875
16401.89453125
15269.279296875
14119.33984375
12956.248046875
11784.173828125
10607.255859375
9429.595703125
8255.21484375
7088.044921875
5931.904296875
4790.474609375
3667.28125
2565.671875
1488.81640625
439.669921875
-579.04296875
-1564.806640625
-2515.373046875
-3428.734375
-4303.1484375
-5137.13671875
-5929.4921875
-6679.2890625
-7385.865234375
-8048.8359375
-8668.0859375
-9243.765625
-9776.2890625
-10266.314453125
-10714.75
-11122.728515625
-11491.615234375
-11822.97265625
-12118.560546875
-12380.3203125
-12610.35546875
-12810.912109375
-12984.3671875
-13133.212890625
-13260.03125
-13367.474609375
-13458.263671875
-13535.138671875
-13600.87109375
-13658.23046875
-13709.9609375
-13758.775390625
-13807.33203125
-13858.212890625
-13913.91796875
-13976.837890625
-14049.251953125
-14133.302734375
-14230.984375
-14344.140625
-14474.439453125
-14623.376953125
-14792.2578125
-14982.193359375
-15194.087890625
-15428.6484375
-15686.361328125
-15967.50390625
-16272.140625
-16600.11328125
-16951.0546875
-17324.380859375
-17719.296875
-18134.8046875
-18569.70703125
-19022.609375
-19491.93359375
-19975.923828125
-20472.658203125
-20980.052734375
-21495.87890625
-22017.78125
-22543.275390625
-23069.77734375
-23594.60546875
-24115.001953125
-24628.1484375
-25131.181640625
-25621.20703125
-26095.318359375
-26550.609375
-26984.203125
-27393.25
-27774.962890625
-28126.623046875
-28445.599609375
-28729.369140625
-28975.5234375
-29181.798828125
-29346.0703125
-29466.388671875
-29540.98046875
-29568.25390625
-29546.837890625
-29475.5546875
-29353.466796875
-29179.859375
-28954.259765625
-28676.431640625
-28346.404296875
-27964.443359375
-27531.078125
-27047.091796875
-26513.515625
-25931.642578125
-25302.99609375
-24629.353515625
-23912.724609375
-23155.333984375
-22359.6328125
-21528.263671875
-20664.06640625
-19770.052734375
-18849.392578125
-17905.404296875
-16941.5234375
-15961.298828125
-14968.361328125
-13966.4140625
-12959.197265625
-11950.482421875
-10944.046875
-9943.64453125
-8952.9921875
-7975.748046875
-7015.486328125
-6075.68359375
-5159.689453125
-4270.71875
-3411.82421875
-2585.890625
-1795.603515625
-1043.44921875
-331.693359375
337.62109375
962.693359375
1541.970703125
2074.146484375
2558.1796875
2993.28125
3378.923828125
3714.837890625
4001.01171875
4237.689453125
4425.34765625
4564.7109375
4656.724609375
4702.552734375
4703.56640625
4661.3203125
4577.55078125
4454.1484375
4293.150390625
4096.72265625
3867.12890625
3606.740234375
3317.982421875
3003.349609375
2665.365234375
2306.568359375
1929.5078125
1536.708984375
1130.671875
713.84375
288.61328125
-142.701171875
-577.873046875
-1014.767578125
-1451.365234375
-1885.74609375
-2316.125
-2740.837890625
-3158.353515625
-3567.271484375
-3966.33203125
-4354.404296875
-4730.4921875
-5093.740234375
-5443.4140625
-5778.8984375
-6099.712890625
-6405.474609375
-6695.916015625
-6970.8671875
-7230.24609375
-7474.060546875
-7702.38671875
-7915.37109375
-8113.21484375
-8296.17578125
-8464.546875
-8618.65625
-8758.859375
-8885.52734375
-8999.0546875
-9099.826171875
-9188.240234375
-9264.69140625
-9329.5625
-9383.228515625
-9426.052734375
-9458.3828125
-9480.552734375
-9492.876953125
-9495.662109375
-9489.19140625
-9473.7421875
-9449.58203125
-9416.962890625
-9376.134765625
-9327.34765625
-9270.849609375
-9206.896484375
-9135.74609375
-9057.6796875
-8972.978515625
-8881.955078125
-8784.94140625
-8682.2890625
-8574.384765625
-8461.642578125
-8344.5078125
-8223.462890625
-8099.0234375
-7971.73828125
-7842.197265625
-7711.021484375
-7578.8671875
-7446.423828125
-7314.4140625
-7183.5859375
-7054.712890625
-6928.59375
-6806.04296875
-6687.892578125
-6574.978515625
-6468.150390625
-6368.255859375
-6276.13671875
-6192.623046875
-6118.533203125
-6054.669921875
-6001.802734375
-5960.673828125
-5931.9921875
-5916.42578125
-5914.59375
-5927.072265625
-5954.375
-5996.966796875
-6055.24609375
-6129.546875
-6220.13671875
-6327.212890625
-6450.8984375
-6591.240234375
-6748.216796875
-6921.716796875
-7111.5546875
-7317.470703125
-7539.123046875
-7776.083984375
-8027.849609375
-8293.841796875
-8573.3984375
-8865.783203125
-9170.181640625
-9485.705078125
-9811.39453125
-10146.21875
-10489.078125
-10838.802734375
-11194.16796875
-11553.87890625
-11916.5859375
-12280.88671875
-12645.322265625
-13008.390625
-13368.537109375
-13724.17578125
-14073.67578125
-14415.376953125
-14747.591796875
-15068.61328125
-15376.70703125
-15670.13671875
-15947.1484375
-16205.99609375
-16444.93359375
-16662.228515625
-16856.162109375
-17025.044921875
-17167.22265625
-17281.0703125
-17365.015625
-17417.54296875
-17437.19140625
-17422.576171875
-17372.388671875
-17285.404296875
-17160.4921875
-16996.619140625
-16792.869140625
-16548.431640625
-16262.623046875
-15934.890625
-15564.810546875
-15152.103515625
-14696.63671875
-14198.427734375
-13657.640625
-13074.60546875
-12449.810546875
-11783.8984375
-11077.677734375
-10332.1171875
-9548.341796875
-8727.638671875
-7871.44921875
-6981.357421875
-6059.09375
-5106.53125
-4125.669921875
-3118.63671875
-2087.666015625
-1035.095703125
36.634765625
1125.01171875
2227.453125
3341.3125
4463.90625
5592.517578125
6724.416015625
7856.86328125
8987.140625
10112.546875
11230.423828125
12338.171875
13433.24609375
14513.19140625
15575.638671875
16618.326171875
17639.099609375
18635.935546875
19606.9375
20550.3515625
21464.572265625
22348.146484375
23199.7734375
24018.322265625
24802.81640625
25552.447265625
26266.5625
26944.677734375
27586.462890625
28191.740234375
28760.478515625
29292.794921875
29788.9296875
30249.259765625
30674.26953125
31064.556640625
31420.806640625
31743.802734375
32034.384765625
32293.46875
32522.015625
32721.021484375
32891.51171875
33034.525390625
33151.10546875
33242.2890625
33309.091796875
33352.509765625
33373.49609375
33372.9609375
33351.767578125
33310.71875
33250.556640625
33171.95703125
33075.5234375
32961.791015625
32831.224609375
32684.212890625
32521.072265625
32342.052734375
32147.33984375
31937.0546875
31711.2578125
31469.966796875
31213.14453125
30940.71875
30652.587890625
30348.615234375
30028.658203125
29692.560546875
29340.162109375
28971.3125
28585.873046875
28183.724609375
27764.77734375
27328.974609375
26876.298828125
26406.779296875
25920.4921875
25417.568359375
24898.19140625
24362.60546875
23811.115234375
23244.083984375
22661.9296875
22065.13671875
21454.23828125
20829.826171875
20192.537109375
19543.05859375
18882.11328125
18210.462890625
17528.8984375
16838.236328125
16139.3046875
15432.947265625
14720.01171875
14001.341796875
13277.771484375
12550.12109375
11819.185546875
11085.740234375
10350.521484375
9614.232421875
8877.52734375
8141.025390625
7405.29296875
6670.849609375
5938.158203125
5207.630859375
4479.634765625
3754.4765625
3032.42578125
2313.69140625
1598.451171875
886.837890625
178.94921875
-525.14453125
-1225.40234375
-1921.796875
-2614.314453125
-3302.947265625
-3987.685546875
-4668.513671875
-5345.3984375
-6018.287109375
-6687.099609375
-7351.71484375
-8011.98046875
-8667.693359375
-9318.59765625
-9964.38671875
-10604.6875
-11239.0703125
-11867.0390625
-12488.025390625
-13101.40234375
-13706.466796875
-14302.451171875
-14888.51953125
-15463.783203125
-16027.275390625
-16577.98828125
-17114.853515625
-17636.759765625
-18142.556640625
-18631.0546875
-19101.041015625
-19551.2890625
-19980.55078125
-20387.5859375
-20771.154296875
-21130.033203125
-21463.0234375
-21768.9609375
-22046.71875
-22295.2265625
-22513.46875
-22700.5
-22855.4453125
-22977.5234375
-23066.03125
-23120.3671875
-23140.02734375
-23124.62109375
-23073.865234375
-22987.5859375
-22865.736328125
-22708.37890625
-22515.708984375
-22288.02734375
-22025.76953125
-21729.478515625
-21399.822265625
-21037.578125
-20643.63671875
-20218.98828125
-19764.728515625
-19282.048828125
-18772.224609375
-18236.615234375
-17676.65234375
-17093.833984375
-16489.71875
-15865.90625
-15224.041015625
-14565.80078125
-13892.87890625
-13206.984375
-12509.826171875
-11803.11328125
-11088.533203125
-10367.751953125
-9642.40234375
-8914.08203125
-8184.333984375
-7454.650390625
-6726.458984375
-6001.119140625
-5279.923828125
-4564.083984375
-3854.724609375
-3152.8984375
-2459.556640625
-1775.5703125
-1101.720703125
-438.693359375
212.908203125
852.57421875
1479.876953125
2094.470703125
2696.095703125
3284.556640625
3859.734375
4421.57421875
4970.078125
5505.30078125
6027.341796875
6536.3359375
7032.455078125
7515.88671875
7986.837890625
8445.5234375
8892.15234375
9326.93359375
9750.0546875
10161.68359375
10561.9609375
10950.986328125
11328.8203125
11695.48046875
12050.931640625
12395.076171875
12727.767578125
13048.794921875
13357.876953125
13654.67578125
13938.787109375
14209.740234375
14467.0078125
14709.990234375
14938.041015625
15150.451171875
15346.47265625
15525.298828125
15686.09375
15827.984375
15950.078125
16051.451171875
16131.18359375
16188.33984375
16222.00390625
16231.25390625
16215.208984375
16173.005859375
16103.833984375
16006.916015625
15881.5390625
15727.05078125
15542.873046875
15328.50390625
15083.5234375
14807.607421875
14500.5234375
14162.140625
13792.43359375
13391.48828125
12959.494140625
12496.755859375
12003.69921875
11480.8515625
10928.861328125
10348.486328125
9740.599609375
9106.173828125
8446.291015625
7762.134765625
7054.984375
6326.19921875
5577.236328125
4809.630859375
4024.98046875
3224.95703125
2411.291015625
1585.755859375
750.1796875
-93.5859375
-943.65234375
-1798.1171875
-2655.05859375
-3512.556640625
-4368.693359375
-5221.556640625
-6069.25390625
-6909.919921875
-7741.716796875
-8562.845703125
-9371.546875
-10166.115234375
-10944.892578125
-11706.291015625
-12448.771484375
-13170.873046875
-13871.201171875
-14548.43359375
-15201.333984375
-15828.736328125
-16429.5625
-17002.814453125
-17547.58203125
-18063.041015625
-18548.451171875
-19003.1640625
-19426.615234375
-19818.33203125
-20177.927734375
-20505.099609375
-20799.634765625
-21061.40625
-21290.365234375
-21486.552734375
-21650.0859375
-21781.166015625
-21880.068359375
-21947.14453125
-21982.830078125
-21987.619140625
-21962.0859375
-21906.87109375
-21822.68359375
-21710.2890625
-21570.525390625
-21404.287109375
-21212.529296875
-20996.255859375
-20756.533203125
-20494.48046875
-20211.259765625
-19908.08984375
-19586.228515625
-19246.982421875
-18891.705078125
-18521.783203125
-18138.650390625
-17743.771484375
-17338.650390625
-16924.828125
-16503.869140625
-16077.380859375
-15646.9921875
-15214.359375
-14781.1640625
-14349.119140625
-13919.943359375
-13495.388671875
-13077.21484375
-12667.201171875
-12267.134765625
-11878.8125
-11504.03125
-11144.595703125
-10802.306640625
-10478.95703125
-10176.322265625
-9896.171875
-9640.248046875
-9410.26953125
-9207.916015625
-9034.837890625
-8892.62890625
-8782.83984375
-8706.955078125
-8666.39453125
-8662.501953125
-8696.54296875
-8769.681640625
-8882.9921875
-9037.4375
-9233.861328125
-9472.986328125
-9755.404296875
-10081.55859375
-10451.75
-10866.123046875
-11324.65234375
-11827.154296875
-12373.2578125
-12962.416015625
-13593.89453125
-14266.775390625
-14979.939453125
-15732.08203125
-16521.6953125
-17347.080078125
-18206.34375
-19097.404296875
-20017.986328125
-20965.634765625
-21937.71875
-22931.44140625
-23943.833984375
-24971.7890625
-26012.052734375
-27061.244140625
-28115.875
-29172.345703125
-30226.982421875
-31276.037109375
-32315.71484375
-33342.181640625
-34351.599609375
-35340.125
-36303.943359375
-37239.28125
-38142.431640625
-39009.765625
-39837.759765625
-40623.015625
-41362.26953125
-42052.419921875
-42690.54296875
-43273.91015625
-43799.998046875
-44266.515625
-44671.400390625
-45012.853515625
-45289.32421875
-45499.546875
-45642.529296875
-45717.564453125
-45724.248046875
-45662.4609375
-45532.380859375
-45334.494140625
-45069.5703125
-44738.677734375
-44343.171875
-43884.6875
-43365.1328125
-42786.673828125
-42151.740234375
-41462.986328125
-40723.3046875
-39935.78515625
-39103.724609375
-38230.583984375
-37319.9921875
-36375.71484375
-35401.638671875
-34401.75
-33380.115234375
-32340.861328125
-31288.15625
-30226.181640625
-29159.12109375
-28091.134765625
-27026.337890625
-25968.787109375
-24922.458984375
-23891.224609375
-22878.845703125
-21888.94921875
-20925.009765625
-19990.34375
-19088.08984375
-18221.197265625
-17392.416015625
-16604.287109375
-15859.1328125
-15159.052734375
-14505.908203125
-13901.3359375
-13346.72265625
-12843.224609375
-12391.751953125
-11992.97265625
-11647.326171875
-11355.001953125
-11115.974609375
-10929.982421875
-10796.546875
-10714.982421875
-10684.40234375
-10703.71484375
-10771.662109375
-10886.798828125
-11047.5234375
-11252.091796875
-11498.609375
-11785.064453125
-12109.333984375
-12469.193359375
-12862.33203125
-13286.3671875
-13738.849609375
-14217.291015625
-14719.16015625
-15241.908203125
-15782.96875
-16339.779296875
-16909.77734375
-17490.4296875
-18079.2265625
-18673.697265625
-19271.416015625
-19870.0078125
-20467.15625
-21060.609375
-21648.189453125
-22227.779296875
-22797.353515625
-23354.95703125
-23898.71875
-24426.849609375
-24937.6484375
-25429.490234375
-25900.83984375
-26350.24609375
-26776.330078125
-27177.806640625
-27553.458984375
-27902.150390625
-28222.8203125
-28514.478515625
-28776.205078125
-29007.14453125
-29206.521484375
-29373.609375
-29507.75390625
-29608.357421875
-29674.8828125
-29706.86328125
-29703.873046875
-29665.568359375
-29591.646484375
-29481.87890625
-29336.095703125
-29154.189453125
-28936.123046875
-28681.9296875
-28391.708984375
-28065.640625
-27703.984375
-27307.076171875
-26875.337890625
-26409.2890625
-25909.53125
-25376.771484375
-24811.806640625
-24215.544921875
-23588.9921875
-22933.26953125
-22249.599609375
-21539.318359375
-20803.875
-20044.830078125
-19263.845703125
-18462.703125
-17643.28515625
-16807.57421875
-15957.65625
-15095.70703125
-14223.994140625
-13344.859375
-12460.71484375
-11574.046875
-10687.38671875
-9803.314453125
-8924.439453125
-8053.390625
-7192.80859375
-6345.328125
-5513.564453125
-4700.1015625
-3907.478515625
-3138.173828125
-2394.58984375
-1679.041015625
-993.74609375
-340.798828125
277.826171875
860.302734375
1404.955078125
1910.2734375
2374.9140625
2797.728515625
3177.751953125
3514.22265625
3806.58203125
4054.484375
4257.78515625
4416.572265625
4531.134765625
4601.98046875
4629.8359375
4615.625
4560.48828125
4465.75390625
4332.943359375
4163.765625
3960.087890625
3723.951171875
3457.53515625
3163.158203125
2843.259765625
2500.3828125
2137.1640625
1756.314453125
1360.60546875
952.84375
535.869140625
112.52734375
-314.345703125
-741.935546875
-1167.466796875
-1588.228515625
-2001.57421875
-2404.94140625
-2795.875
-3172.0234375
-3531.169921875
-3871.2265625
-4190.251953125
-4486.458984375
-4758.22265625
-5004.08984375
-5222.77734375
-5413.181640625
-5574.380859375
-5705.6328125
-5806.3828125
-5876.25390625
-5915.05078125
-5922.755859375
-5899.5234375
-5845.673828125
-5761.693359375
-5648.220703125
-5506.04296875
-5336.080078125
-5139.390625
-4917.146484375
-4670.630859375
-4401.224609375
-4110.408203125
-3799.724609375
-3470.79296875
-3125.2890625
-2764.9296875
-2391.470703125
-2006.689453125
-1612.375
-1210.33203125
-802.345703125
-390.1953125
24.361328125
439.6015625
853.833984375
1265.416015625
1672.75
2074.298828125
2468.580078125
2854.18359375
3229.7578125
3594.02734375
3945.7890625
4283.916015625
4607.357421875
4915.140625
5206.369140625
5480.23046875
5735.984375
5972.9765625
6190.625
6388.4296875
6565.962890625
6722.876953125
6858.89453125
6973.81640625
7067.515625
7139.935546875
7191.095703125
7221.080078125
7230.046875
7218.21875
7185.89453125
7133.4375
7061.275390625
6969.91015625
6859.904296875
6731.890625
6586.56640625
6424.693359375
6247.09765625
6054.66796875
5848.35546875
5629.171875
5398.185546875
5156.51953125
4905.3515625
4645.90625
4379.45703125
4107.310546875
3830.818359375
3551.357421875
3270.33203125
2989.16015625
2709.271484375
2432.099609375
2159.06640625
1891.583984375
1631.041015625
1378.7890625
1136.134765625
904.33203125
684.568359375
477.958984375
285.52734375
108.205078125
-53.185546875
-197.939453125
-325.4765625
-435.3515625
-527.267578125
-601.0703125
-656.771484375
-694.54296875
-714.72265625
-717.826171875
-704.533203125
-675.708984375
-632.38671875
-575.771484375
-507.2421875
-428.337890625
-340.7578125
-246.353515625
-147.11328125
-45.162109375
57.2578125
157.80078125
254.025390625
343.4140625
423.390625
491.33203125
544.59375
580.5234375
596.48046875
589.853515625
558.083984375
498.681640625
409.24609375
287.48828125
131.234375
-61.5390625
-292.693359375
-563.921875
-876.71875
-1232.384765625
-1631.998046875
-2076.41796875
-2566.265625
-3101.923828125
-3683.521484375
-4310.9453125
-4983.83203125
-5701.556640625
-6463.248046875
-7267.794921875
-8113.833984375
-8999.771484375
-9923.79296875
-10883.86328125
-11877.740234375
-12902.998046875
-13957.029296875
-15037.06640625
-16140.201171875
-17263.388671875
-18403.482421875
-19557.2421875
-20721.353515625
-21892.455078125
-23067.140625
-24241.998046875
-25413.6171875
-26578.615234375
-27733.640625
-28875.412109375
-30000.716796875
-31106.4375
-32189.56640625
-33247.212890625
-34276.625
-35275.19921875
-36240.484375
-37170.203125
-38062.25
-38914.70703125
-39725.841796875
-40494.11328125
-41218.18359375
-41896.908203125
-42529.34375
-43114.7421875
-43652.55859375
-44142.435546875
-44584.205078125
-44977.890625
-45323.68359375
-45621.95703125
-45873.24609375
-46078.234375
-46237.76171875
-46352.80078125
-46424.4453125
-46453.916015625
-46442.529296875
-46391.701171875
-46302.92578125
-46177.765625
-46017.849609375
-45824.84375
-45600.458984375
-45346.423828125
-45064.4765625
-44756.357421875
-44423.798828125
-44068.513671875
-43692.17578125
-43296.427734375
-42882.849609375
-42452.9765625
-42008.263671875
-41550.099609375
-41079.787109375
-40598.5390625
-40107.478515625
-39607.62890625
-39099.90625
-38585.125
-38063.9921875
-37537.09765625
-37004.92578125
-36467.84765625
-35926.123046875
-35379.90234375
-34829.228515625
-34274.04296875
-33714.181640625
-33149.392578125
-32579.326171875
-32003.556640625
-31421.57421875
-30832.802734375
-30236.6015625
-29632.275390625
-29019.087890625
-28396.263671875
-27763.001953125
-27118.48046875
-26461.87890625
-25792.369140625
-25109.146484375
-24411.419921875
-23698.4375
-22969.48828125
-22223.908203125
-21461.099609375
-20680.533203125
-19881.751953125
-19064.390625
-18228.173828125
-17372.91796875
-16498.556640625
-15605.119140625
-14692.7578125
-13761.73828125
-12812.4453125
-11845.380859375
-10861.177734375
-9860.5859375
-8844.482421875
-7813.857421875
-6769.826171875
-5713.615234375
-4646.568359375
-3570.134765625
-2485.8671875
-1395.41796875
-300.52734375
796.96875
1895.1640625
2992.080078125
4085.666015625
5173.822265625
6254.392578125
7325.181640625
8383.96484375
9428.48828125
10456.48046875
11465.6640625
12453.755859375
13418.482421875
14357.587890625
15268.8359375
16150.01953125
16998.97265625
17813.568359375
18591.736328125
19331.4609375
20030.798828125
20687.873046875
21300.880859375
21868.11328125
22387.943359375
22858.84375
23279.390625
23648.26171875
23964.25390625
24226.275390625
24433.361328125
24584.673828125
24679.505859375
24717.287109375
24697.591796875
24620.13671875
24484.787109375
24291.5625
24040.638671875
23732.349609375
23367.189453125
22945.818359375
22469.05859375
21937.904296875
21353.5078125
20717.197265625
20030.4609375
19294.955078125
18512.494140625
17685.05859375
16814.78125
15903.9453125
14954.982421875
13970.46484375
12953.09375
11905.703125
10831.234375
9732.73828125
8613.3671875
7476.34375
6324.98046875
5162.638671875
3992.728515625
2818.6953125
1643.99609375
472.099609375
-693.546875
-1849.51953125
-2992.435546875
-4118.9765625
-5225.896484375
-6310.041015625
-7368.361328125
-8397.923828125
-9395.9375
-10359.7578125
-11286.8984375
-12175.05078125
-13022.087890625
-13826.087890625
-14585.31640625
-15298.2734375
-15963.6640625
-16580.421875
-17147.71484375
-17664.94140625
-18131.740234375
-18547.978515625
-18913.763671875
-19229.431640625
-19495.55078125
-19712.908203125
-19882.513671875
-20005.58203125
-20083.53125
-20117.96875
-20110.6796875
-20063.62109375
-19978.900390625
-19858.76953125
-19705.599609375
-19521.87890625
-19310.1875
-19073.185546875
-18813.59375
-18534.1796875
-18237.734375
-17927.068359375
-17604.9765625
-17274.236328125
-16937.587890625
-16597.708984375
-16257.2109375
-15918.619140625
-15584.349609375
-15256.71484375
-14937.888671875
-14629.91015625
-14334.662109375
-14053.865234375
-13789.072265625
-13541.646484375
-13312.771484375
-13103.435546875
-12914.42578125
-12746.326171875
-12599.517578125
-12474.17578125
-12370.2734375
-12287.5703125
-12225.634765625
-12183.8359375
-12161.345703125
-12157.158203125
-12170.08984375
-12198.783203125
-12241.73046875
-12297.275390625
-12363.6328125
-12438.890625
-12521.037109375
-12607.97265625
-12697.517578125
-12787.44921875
-12875.48828125
-12959.349609375
-13036.7421875
-13105.388671875
-13163.05078125
-13207.54296875
-13236.751953125
-13248.6640625
-13241.365234375
-13213.072265625
-13162.15625
-13087.1328125
-12986.708984375
-12859.775390625
-12705.419921875
-12522.9609375
-12311.931640625
-12072.099609375
-11803.4765625
-11506.318359375
-11181.1328125
-10828.67578125
-10449.958984375
-10046.23828125
-9619.015625
-9170.03125
-8701.251953125
-8214.8671875
-7713.271484375
-7199.0546875
-6674.9765625
-6143.96484375
-5609.080078125
-5073.5078125
-4540.52734375
-4013.494140625
-3495.81640625
-2990.921875
-2502.244140625
-2033.193359375
-1587.119140625
-1167.306640625
-776.927734375
-419.033203125
-96.515625
187.90234375
431.701171875
632.580078125
788.48046875
897.599609375
958.404296875
969.666015625
930.44140625
840.103515625
698.349609375
505.203125
261.00390625
-33.56640625
-377.5
-769.474609375
-1207.84765625
-1690.662109375
-2215.67578125
-2780.357421875
-3381.916015625
-4017.302734375
-4683.248046875
-5376.271484375
-6092.70703125
-6828.73046875
-7580.380859375
-8343.591796875
-9114.205078125
-9888.0234375
-10660.8125
-11428.341796875
-12186.41015625
-12930.880859375
-13657.6875
-14362.884765625
-15042.662109375
-15693.365234375
-16311.525390625
-16893.87890625
-17437.3828125
-17939.240234375
-18396.91015625
-18808.130859375
-19170.91796875
-19483.591796875
-19744.775390625
-19953.39453125
-20108.701171875
-20210.255859375
-20257.94140625
-20251.953125
-20192.787109375
-20081.259765625
-19918.46484375
-19705.794921875
-19444.91015625
-19137.728515625
-18786.416015625
-18393.369140625
-17961.193359375
-17492.689453125
-16990.830078125
-16458.748046875
-15899.705078125
-15317.07421875
-14714.32421875
-14094.9921875
-13462.66015625
-12820.9453125
-12173.458984375
-11523.806640625
-10875.556640625
-10232.220703125
-9597.236328125
-8973.955078125
-8365.611328125
-7775.322265625
-7206.060546875
-6660.6484375
-6141.740234375
-5651.81640625
-5193.16796875
-4767.890625
-4377.876953125
-4024.81640625
-3710.177734375
-3435.220703125
-3200.984375
-3008.2890625
-2857.740234375
-2749.73046875
-2684.43359375
-2661.826171875
-2681.67578125
-2743.5625
-2846.875
-2990.822265625
-3174.44921875
-3396.6328125
-3656.11328125
-3951.48046875
-4281.208984375
-4643.6484375
-5037.052734375
-5459.58203125
-5909.322265625
-6384.287109375
-6882.44140625
-7401.705078125
-7939.966796875
-8495.09765625
-9064.958984375
-9647.41015625
-10240.328125
-10841.607421875
-11449.16796875
-12060.97265625
-12675.021484375
-13289.369140625
-13902.123046875
-14511.453125
-15115.595703125
-15712.853515625
-16301.599609375
-16880.279296875
-17447.419921875
-18001.615234375
-18541.5390625
-19065.943359375
-19573.654296875
-20063.568359375
-20534.65625
-20985.9609375
-21416.595703125
-21825.736328125
-22212.62890625
-22576.576171875
-22916.94921875
-23233.166015625
-23524.712890625
-23791.12109375
-24031.9765625
-24246.921875
-24435.642578125
-24597.876953125
-24733.41015625
-24842.07421875
-24923.755859375
-24978.380859375
-25005.9296875
-25006.431640625
-24979.966796875
-24926.66796875
-24846.720703125
-24740.365234375
-24607.900390625
-24449.685546875
-24266.130859375
-24057.724609375
-23825.0078125
-23568.583984375
-23289.1328125
-22987.396484375
-22664.177734375
-22320.36328125
-21956.890625
-21574.7734375
-21175.09375
-20758.990234375
-20327.666015625
-19882.388671875
-19424.4765625
-18955.30859375
-18476.30078125
-17988.92578125
-17494.685546875
-16995.125
-16491.806640625
-15986.326171875
-15480.28515625
-14975.298828125
-14472.986328125
-13974.955078125
-13482.802734375
-12998.11328125
-12522.439453125
-12057.3046875
-11604.1875
-11164.53125
-10739.71875
-10331.078125
-9939.8828125
-9567.328125
-9214.546875
-8882.59375
-8572.447265625
-8285.0078125
-8021.0859375
-7781.4140625
-7566.64453125
-7377.33203125
-7213.958984375
-7076.9140625
-6966.50390625
-6882.958984375
-6826.421875
-6796.958984375
-6794.55859375
-6819.138671875
-6870.5390625
-6948.537109375
-7052.837890625
-7183.087890625
-7338.865234375
-7519.6953125
-7725.041015625
-7954.314453125
-8206.8671875
-8482.005859375
-8778.978515625
-9096.994140625
-9435.197265625
-9792.693359375
-10168.53515625
-10561.7265625
-10971.216796875
-11395.90625
-11834.64453125
-12286.23046875
-12749.40234375
-13222.853515625
-13705.208984375
-14195.048828125
-14690.88671875
-15191.189453125
-15694.359375
-16198.744140625
-16702.638671875
-17204.27734375
-17701.845703125
-18193.486328125
-18677.283203125
-19151.287109375
-19613.509765625
-20061.9296875
-20494.498046875
-20909.1484375
-21303.806640625
-21676.38671875
-22024.814453125
-22347.02734375
-22640.98828125
-22904.697265625
-23136.201171875
-23333.59765625
-23495.05859375
-23618.8359375
-23703.2734375
-23746.818359375
-23748.029296875
-23705.59765625
-23618.349609375
-23485.255859375
-23305.44921875
-23078.23046875
-22803.0703125
-22479.626953125
-22107.748046875
-21687.4765625
-21219.056640625
-20702.935546875
-20139.771484375
-19530.423828125
-18875.966796875
-18177.6796875
-17437.04296875
-16655.74609375
-15835.666015625
-14978.87890625
-14087.63671875
-13164.369140625
-12211.66796875
-11232.283203125
-10229.109375
-9205.169921875
-8163.603515625
-7107.658203125
-6040.66796875
-4966.04296875
-3887.25390625
-2807.814453125
-1731.263671875
-661.15625
398.962890625
1445.560546875
2475.146484375
3484.28125
4469.58984375
5427.78515625
6355.66796875
7250.158203125
8108.294921875
8927.251953125
9704.359375
10437.09375
11123.11328125
11760.251953125
12346.52734375
12880.158203125
13359.560546875
13783.36328125
14150.404296875
14459.7421875
14710.65625
14902.64453125
15035.4296875
15108.962890625
15123.4140625
15079.177734375
14976.865234375
14817.310546875
14601.556640625
14330.85546875
14006.658203125
13630.62109375
13204.583984375
12730.572265625
12210.779296875
11647.5703125
11043.46484375
10401.126953125
9723.35546875
9013.076171875
8273.326171875
7507.24609375
6718.056640625
5909.06640625
5083.638671875
4245.193359375
3397.1796875
2543.078125
1686.37109375
830.54296875
-20.9453125
-864.658203125
-1697.21484375
-2515.287109375
-3315.6171875
-4095.04296875
-4850.490234375
-5579.001953125
-6277.74609375
-6944.017578125
-7575.267578125
-8169.095703125
-8723.271484375
-9235.7421875
-9704.638671875
-10128.279296875
-10505.193359375
-10834.095703125
-11113.935546875
-11343.859375
-11523.240234375
-11651.671875
-11728.96484375
-11755.162109375
-11730.521484375
-11655.52734375
-11530.876953125
-11357.48828125
-11136.486328125
-10869.20703125
-10557.181640625
-10202.134765625
-9805.978515625
-9370.802734375
-8898.853515625
-8392.548828125
-7854.439453125
-7287.220703125
-6693.703125
-6076.814453125
-5439.57421875
-4785.091796875
-4116.54296875
-3437.1640625
-2750.232421875
-2059.05859375
-1366.96875
-677.28515625
6.677734375
681.62890625
1344.318359375
1991.5546875
2620.201171875
3227.205078125
3809.603515625
4364.537109375
4889.251953125
5381.125
5837.6640625
6256.51953125
6635.48828125
6972.541015625
7265.80078125
7513.56640625
7714.3203125
7866.728515625
7969.640625
8022.103515625
8023.353515625
7972.826171875
7870.154296875
7715.1640625
7507.8828125
7248.529296875
6937.515625
6575.443359375
6163.10546875
5701.46484375
5191.666015625
4635.029296875
4033.025390625
3387.287109375
2699.599609375
1971.873046875
1206.16015625
404.62890625
-430.4453125
-1296.685546875
-2191.62890625
-3112.73046875
-4057.388671875
-5022.9453125
-6006.697265625
-7005.91796875
-8017.861328125
-9039.779296875
-10068.92578125
-11102.583984375
-12138.060546875
-13172.7109375
-14203.94140625
-15229.23046875
-16246.12890625
-17252.279296875
-18245.41796875
-19223.38671875
-20184.146484375
-21125.78125
-22046.50390625
-22944.6640625
-23818.76171875
-24667.439453125
-25489.494140625
-26283.876953125
-27049.70703125
-27786.255859375
-28492.96484375
-29169.435546875
-29815.427734375
-30430.8671875
-31015.83203125
-31570.556640625
-32095.42578125
-32590.9765625
-33057.869140625
-33496.912109375
-33909.02734375
-34295.263671875
-34656.771484375
-34994.8046875
-35310.701171875
-35605.888671875
-35881.849609375
-36140.134765625
-36382.33203125
-36610.06640625
-36824.990234375
-37028.751953125
-37223.015625
-37409.4140625
-37589.564453125
-37765.04296875
-37937.37109375
-38108.013671875
-38278.3671875
-38449.736328125
-38623.33984375
-38800.291015625
-38981.59375
-39168.134765625
-39360.669921875
-39559.828125
-39766.095703125
-39979.8203125
-40201.19921875
-40430.279296875
-40666.958984375
-40910.986328125
-41161.951171875
-41419.298828125
-41682.322265625
-41950.171875
-42221.859375
-42496.25390625
-42772.10546875
-43048.033203125
-43322.548828125
-43594.0546875
-43860.8671875
-44121.20703125
-44373.228515625
-44615.025390625
-44844.63671875
-45060.0703125
-45259.3046875
-45440.3125
-45601.0625
-45739.55078125
-45853.7890625
-45941.841796875
-46001.818359375
-46031.904296875
-46030.361328125
-45995.537109375
-45925.888671875
-45819.98046875
-45676.49609375
-45494.251953125
-45272.201171875
-45009.44140625
-44705.21484375
-44358.91796875
-43970.11328125
-43538.51171875
-43063.99609375
-42546.59765625
-41986.517578125
-41384.111328125
-40739.890625
-40054.521484375
-39328.810546875
-38563.70703125
-37760.29296875
-36919.783203125
-36043.501953125
-35132.892578125
-34189.490234375
-33214.92578125
-32210.9140625
-31179.23828125
-30121.73828125
-29040.314453125
-27936.904296875
-26813.474609375
-25672.015625
-24514.53125
-23343.02734375
-22159.5078125
-20965.962890625
-19764.365234375
-18556.658203125
-17344.759765625
-16130.546875
-14915.861328125
-13702.5
-12492.208984375
-11286.69140625
-10087.603515625
-8896.552734375
-7715.08984375
-6544.728515625
-5386.93359375
-4243.12109375
-3114.673828125
-2002.931640625
-909.19921875
165.244140625
1219.15625
2251.310546875
3260.501953125
4245.544921875
5205.267578125
6138.5
7044.09375
7920.89453125
8767.75390625
9583.525390625
10367.0625
11117.2265625
11832.8671875
12512.849609375
13156.037109375
13761.30078125
14327.521484375
14853.59765625
15338.44140625
15780.9921875
16180.21875
16535.125
16844.7578125
17108.212890625
17324.642578125
17493.26953125
17613.376953125
17684.341796875
17705.619140625
17676.763671875
17597.4375
17467.40625
17286.55859375
17054.90625
16772.591796875
16439.890625
16057.220703125
15625.1484375
15144.380859375
14615.78125
14040.365234375
13419.29296875
12753.888671875
12045.6171875
11296.1015625
10507.10546875
9680.53515625
8818.435546875
7922.984375
6996.484375
6041.3515625
5060.119140625
4055.41015625
3029.953125
1986.544921875
928.064453125
-142.560546875
-1222.345703125
-2308.26953125
-3397.29296875
-4486.3515625
-5572.390625
-6652.353515625
-7723.21484375
-8781.982421875
-9825.697265625
-10851.46484375
-11856.455078125
-12837.908203125
-13793.154296875
-14719.61328125
-15614.810546875
-16476.37890625
-17302.06640625
-18089.744140625
-18837.4140625
-19543.205078125
-20205.392578125
-20822.384765625
-21392.7421875
-21915.16015625
-22388.48828125
-22811.724609375
-23184.009765625
-23504.63671875
-23773.044921875
-23988.818359375
-24151.68359375
-24261.505859375
-24318.291015625
-24322.181640625
-24273.4453125
-24172.48046875
-24019.810546875
-23816.078125
-23562.03515625
-23258.548828125
-22906.587890625
-22507.23046875
-22061.638671875
-21571.076171875
-21036.890625
-20460.51171875
-19843.44921875
-19187.28515625
-18493.669921875
-17764.328125
-17001.029296875
-16205.6171875
-15379.978515625
-14526.056640625
-13645.83984375
-12741.357421875
-11814.677734375
-10867.9140625
-9903.201171875
-8922.7109375
-7928.642578125
-6923.216796875
-5908.673828125
-4887.26953125
-3861.28125
-2832.98828125
-1804.6796875
-778.646484375
242.818359375
1257.431640625
2262.916015625
3257.0078125
4237.466796875
5202.0703125
6148.626953125
7074.978515625
7979.0078125
8858.646484375
9711.869140625
10536.712890625
11331.283203125
12093.748046875
12822.365234375
13515.4609375
14171.466796875
14788.91015625
15366.419921875
15902.740234375
16396.734375
16847.392578125
17253.8359375
17615.328125
17931.275390625
18201.232421875
18424.916015625
18602.197265625
18733.1171875
18817.880859375
18856.87109375
18850.634765625
18799.904296875
18705.583984375
18568.75
18390.662109375
18172.74609375
17916.599609375
17623.98828125
17296.83984375
16937.23828125
16547.412109375
16129.740234375
15686.724609375
15220.998046875
14735.302734375
14232.484375
13715.470703125
13187.275390625
12650.966796875
12109.662109375
11566.51171875
11024.681640625
10487.341796875
9957.640625
9438.693359375
8933.572265625
8445.28125
7976.734375
7530.75390625
7110.044921875
6717.171875
6354.564453125
6024.48046875
5729.0078125
5470.0390625
5249.26953125
5068.18359375
4928.03515625
4829.853515625
4774.4296875
4762.3046875
4793.7734375
4868.87890625
4987.408203125
5148.896484375
5352.626953125
5597.630859375
5882.701171875
6206.390625
6567.0234375
6962.705078125
7391.333984375
7850.611328125
8338.05859375
8851.033203125
9386.744140625
9942.263671875
10514.560546875
11100.50390625
11696.892578125
12300.47265625
12907.96484375
13516.072265625
14121.51953125
14721.064453125
15311.51953125
15889.779296875
16452.830078125
16997.7890625
17521.900390625
18022.578125
18497.400390625
18944.140625
19360.78515625
19745.53125
20096.8125
20413.306640625
20693.943359375
20937.90625
21144.64453125
21313.875
21445.5859375
21540.01953125
21597.701171875
21619.396484375
21606.140625
21559.208984375
21480.103515625
21370.564453125
21232.525390625
21068.12890625
20879.69140625
20669.6875
20440.732421875
20195.568359375
19937.04296875
19668.072265625
19391.64453125
19110.771484375
18828.4921875
18547.82421875
18271.765625
18003.255859375
17745.166015625
17500.267578125
17271.220703125
17060.552734375
16870.640625
16703.693359375
16561.73828125
16446.603515625
16359.916015625
16303.078125
16277.265625
16283.421875
16322.25
16394.2109375
16499.515625
16638.13671875
16809.798828125
17013.994140625
17249.97265625
17516.76171875
17813.169921875
18137.796875
18489.04296875
18865.123046875
19264.083984375
19683.80859375
20122.03515625
20576.38671875
21044.36328125
21523.37890625
22010.763671875
22503.79296875
22999.697265625
23495.681640625
23988.94140625
24476.681640625
24956.123046875
25424.53125
25879.21875
26317.5703125
26737.04296875
27135.1875
27509.65625
27858.208984375
28178.736328125
28469.244140625
28727.88671875
28952.947265625
29142.86328125
29296.21875
29411.75390625
29488.36328125
29525.091796875
29521.150390625
29475.900390625
29388.861328125
29259.701171875
29088.248046875
28874.47265625
28618.49609375
28320.576171875
27981.115234375
27600.650390625
27179.841796875
26719.484375
26220.494140625
25683.8984375
25110.83984375
24502.572265625
23860.451171875
23185.927734375
22480.546875
21745.947265625
20983.845703125
20196.04296875
19384.408203125
18550.884765625
17697.4765625
16826.24609375
15939.3046875
15038.818359375
14126.984375
13206.04296875
12278.25
11345.890625
10411.255859375
9476.650390625
8544.365234375
7616.6875
6695.87890625
5784.17578125
4883.76953125
3996.810546875
3125.390625
2271.525390625
1437.1640625
624.16015625
-165.7265625
-930.84375
-1669.65234375
-2380.74609375
-3062.841796875
-3714.806640625
-4335.6484375
-4924.544921875
-5480.818359375
-6003.970703125
-6493.66796875
-6949.748046875
-7372.23046875
-7761.302734375
-8117.3359375
-8440.873046875
-8732.62109375
-8993.4609375
-9224.423828125
-9426.70703125
-9601.64453125
-9750.703125
-9875.482421875
-9977.69140625
-10059.13671875
-10121.716796875
-10167.400390625
-10198.208984375
-10216.2109375
-10223.498046875
-10222.173828125
-10214.330078125
-10202.033203125
-10187.318359375
-10172.154296875
-10158.447265625
-10148.01171875
-10142.560546875
-10143.697265625
-10152.900390625
-10171.51171875
-10200.7265625
-10241.5859375
-10294.9765625
-10361.6171875
-10442.0546875
-10536.673828125
-10645.68359375
-10769.12890625
-10906.884765625
-11058.677734375
-11224.06640625
-11402.4765625
-11593.19140625
-11795.373046875
-12008.068359375
-12230.23046875
-12460.716796875
-12698.32421875
-12941.787109375
-13189.806640625
-13441.056640625
-13694.205078125
-13947.9296875
-14200.935546875
-14451.966796875
-14699.822265625
-14943.37890625
-15181.591796875
-15413.51171875
-15638.298828125
-15855.232421875
-16063.716796875
-16263.291015625
-16453.630859375
-16634.55859375
-16806.0390625
-16968.185546875
-17121.25390625
-17265.642578125
-17401.892578125
-17530.669921875
-17652.76953125
-17769.107421875
-17880.6953125
-17988.65234375
-18094.169921875
-18198.51171875
-18303.001953125
-18408.994140625
-18517.880859375
-18631.052734375
-18749.896484375
-18875.78515625
-19010.041015625
-19153.9453125
-19308.701171875
-19475.43359375
-19655.17578125
-19848.841796875
-20057.232421875
-20281.01953125
-20520.7265625
-20776.728515625
-21049.251953125
-21338.357421875
-21643.9375
-21965.720703125
-22303.263671875
-22655.953125
-23023.009765625
-23403.494140625
-23796.296875
-24200.1640625
-24613.689453125
-25035.328125
-25463.40625
-25896.1328125
-26331.59765625
-26767.802734375
-27202.6640625
-27634.017578125
-28059.650390625
-28477.294921875
-28884.65234375
-29279.41015625
-29659.2421875
-30021.83984375
-30364.904296875
-30686.181640625
-30983.451171875
-31254.5625
-31497.419921875
-31710.017578125
-31890.43359375
-32036.84375
-32147.525390625
-32220.873046875
-32255.404296875
-32249.75390625
-32202.6875
-32113.111328125
-31980.064453125
-31802.724609375
-31580.41796875
-31312.607421875
-30998.904296875
-30639.064453125
-30232.984375
-29780.705078125
-29282.4140625
-28738.431640625
-28149.22265625
-27515.3828125
-26837.6484375
-26116.880859375
-25354.07421875
-24550.34375
-23706.93359375
-22825.203125
-21906.6328125
-20952.8125
-19965.447265625
-18946.3515625
-17897.439453125
-16820.736328125
-15718.359375
-14592.529296875
-13445.5546875
-12279.8359375
-11097.865234375
-9902.216796875
-8695.5390625
-7480.56640625
-6260.1015625
-5037.017578125
-3814.248046875
-2594.78515625
-1381.6796875
-178.02734375
1013.03515625
2188.337890625
3344.6796875
4478.83984375
5587.5859375
6667.685546875
7715.90625
8729.03125
9703.873046875
10637.2734375
11526.126953125
12367.375
13158.037109375
13895.208984375
14576.07421875
15197.92578125
15758.16796875
16254.333984375
16684.09765625
17045.279296875
17335.8671875
17554.0234375
17698.087890625
17766.607421875
17758.322265625
17672.193359375
17507.40234375
17263.365234375
16939.73046875
16536.396484375
16053.50390625
15491.453125
14850.90234375
14132.759765625
13338.205078125
12468.669921875
11525.845703125
10511.681640625
9428.380859375
8278.390625
7064.400390625
5789.3359375
4456.34765625
3068.802734375
1630.27734375
144.53515625
-1384.466796875
-2952.611328125
-4555.623046875
-6189.08984375
-7848.47265625
-9529.126953125
-11226.31640625
-12935.232421875
-14651.009765625
-16368.75
-18083.533203125
-19790.439453125
-21484.568359375
-23161.05078125
-24815.078125
-26441.916015625
-28036.9140625
-29595.533203125
-31113.35546875
-32586.111328125
-34009.67578125
-35380.1015625
-36693.62109375
-37946.669921875
-39135.8828125
-40258.125
-41310.482421875
-42290.287109375
-43195.10546875
-44022.7734375
-44771.373046875
-45439.25
-46025.0234375
-46527.564453125
-46946.02734375
-47279.82421875
-47528.640625
-47692.4140625
-47771.353515625
-47765.912109375
-47676.794921875
-47504.951171875
-47251.556640625
-46918.021484375
-46505.96484375
-46017.21484375
-45453.794921875
-44817.908203125
-44111.94140625
-43338.4296875
-42500.064453125
-41599.669921875
-40640.19921875
-39624.70703125
-38556.35546875
-37438.38671875
-36274.1171875
-35066.927734375
-33820.2421875
-32537.52734375
-31222.2734375
-29877.990234375
-28508.189453125
-27116.373046875
-25706.041015625
-24280.6640625
-22843.68359375
-21398.505859375
-19948.48828125
-18496.935546875
-17047.10546875
-15602.1796875
-14165.291015625
-12739.482421875
-11327.740234375
-9932.958984375
-8557.96484375
-7205.490234375
-5878.19140625
-4578.640625
-3309.30859375
-2072.58984375
-870.78515625
293.900390625
1419.34765625
2503.544921875
3544.55859375
4540.55859375
5489.8203125
6390.705078125
7241.685546875
8041.333984375
8788.326171875
9481.44140625
10119.58203125
10701.748046875
11227.0625
11694.765625
12104.216796875
12454.90234375
12746.435546875
12978.564453125
13151.169921875
13264.271484375
13318.03125
13312.75390625
13248.89453125
13127.0625
12948.015625
12712.671875
12422.1015625
12077.537109375
11680.365234375
11232.13671875
10734.564453125
10189.505859375
9598.98828125
8965.181640625
8290.41015625
7577.142578125
6827.984375
6045.677734375
5233.09375
4393.216796875
3529.146484375
2644.0859375
1741.32421875
824.240234375
-103.7265625
-1039.07421875
-1978.255859375
-2917.697265625
-3853.802734375
-4782.974609375
-5701.625
-6606.193359375
-7493.1640625
-8359.0703125
-9200.521484375
-10014.216796875
-10796.94921875
-11545.640625
-12257.330078125
-12929.216796875
-13558.646484375
-14143.146484375
-14680.427734375
-15168.400390625
-15605.177734375
-15989.09765625
-16318.72265625
-16592.85546875
-16810.5390625
-16971.07421875
-17074.009765625
-17119.16015625
-17106.60546875
-17036.6875
-16910.01171875
-16727.45703125
-16490.158203125
-16199.517578125
-15857.1875
-15465.076171875
-15025.328125
-14540.3359375
-14012.7109375
-13445.2734375
-12841.06640625
-12203.310546875
-11535.41015625
-10840.94140625
-10123.615234375
-9387.2890625
-8635.923828125
-7873.58984375
-7104.431640625
-6332.65625
-5562.51171875
-4798.267578125
-4044.19921875
-3304.560546875
-2583.5703125
-1885.388671875
-1214.099609375
-573.68359375
31.986328125
599.18359375
1124.32421875
1604.005859375
2035.009765625
2414.328125
2739.1640625
3006.962890625
3215.416015625
3362.474609375
3446.359375
3465.57421875
3418.904296875
3305.4375
3124.55859375
2875.953125
2559.61328125
2175.84375
1725.24609375
1208.73046875
627.501953125
-16.935546875
-722.796875
-1488.017578125
-2310.267578125
-3186.951171875
-4115.240234375
-5092.0703125
-6114.16015625
-7178.029296875
-8280.017578125
-9416.296875
-10582.892578125
-11775.69921875
-12990.51171875
-14223.025390625
-15468.875
-16723.646484375
-17982.8984375
-19242.177734375
-20497.052734375
-21743.119140625
-22976.029296875
-24191.50390625
-25385.357421875
-26553.513671875
-27692.021484375
-28797.0703125
-29865.005859375
-30892.3515625
-31875.810546875
-32812.287109375
-33698.8984375
-34532.970703125
-35312.06640625
-36033.982421875
-36696.76171875
-37298.6875
-37838.302734375
-38314.404296875
-38726.044921875
-39072.537109375
-39353.453125
-39568.6171875
-39718.109375
-39802.26171875
-39821.65234375
-39777.095703125
-39669.64453125
-39500.576171875
-39271.388671875
-38983.78125
-38639.669921875
-38241.14453125
-37790.482421875
-37290.126953125
-36742.677734375
-36150.875
-35517.595703125
-34845.828125
-34138.669921875
-33399.3046875
-32630.998046875
-31837.0703125
-31020.896484375
-30185.884765625
-29335.4609375
-28473.056640625
-27602.1015625
-26725.9921875
-25848.099609375
-24971.740234375
-24100.16796875
-23236.56640625
-22384.029296875
-21545.548828125
-20724.015625
-19922.1953125
-19142.72265625
-18388.095703125
-17660.66796875
-16962.634765625
-16296.03125
-15662.72265625
-15064.412109375
-14502.6171875
-13978.685546875
-13493.77734375
-13048.875
-12644.78125
-12282.12109375
-11961.337890625
-11682.701171875
-11446.314453125
-11252.107421875
-11099.857421875
-10989.1875
-10919.56640625
-10890.337890625
-10900.70703125
-10949.7578125
-11036.466796875
-11159.70703125
-11318.255859375
-11510.81640625
-11736.013671875
-11992.416015625
-12278.533203125
-12592.83984375
-12933.775390625
-13299.755859375
-13689.1796875
-14100.44140625
-14531.931640625
-14982.0546875
-15449.21875
-15931.8515625
-16428.404296875
-16937.353515625
-17457.197265625
-17986.470703125
-18523.732421875
-19067.572265625
-19616.61328125
-20169.498046875
-20724.904296875
-21281.5234375
-21838.076171875
-22393.291015625
-22945.91796875
-23494.703125
-24038.40625
-24575.787109375
-25105.59375
-25626.57421875
-26137.455078125
-26636.955078125
-27123.771484375
-27596.580078125
-28054.0390625
-28494.7734375
-28917.39453125
-29320.484375
-29702.611328125
-30062.3125
-30398.125
-30708.568359375
-30992.150390625
-31247.390625
-31472.80859375
-31666.947265625
-31828.365234375
-31955.662109375
-32047.478515625
-32102.5078125
-32119.515625
-32097.337890625
-32034.900390625
-31931.224609375
-31785.451171875
-31596.83203125
-31364.759765625
-31088.76171875
-30768.52734375
-30403.8984375
-29994.890625
-29541.693359375
-29044.6796875
-28504.41015625
-27921.638671875
-27297.3046875
-26632.552734375
-25928.71484375
-25187.318359375
-24410.08203125
-23598.900390625
-22755.861328125
-21883.21484375
-20983.37890625
-20058.92578125
-19112.56640625
-18147.1484375
-17165.634765625
-16171.091796875
-15166.6796875
-14155.626953125
-13141.2265625
-12126.806640625
-11115.73046875
-10111.36328125
-9117.068359375
-8136.1796875
-7171.998046875
-6227.763671875
-5306.64453125
-4411.728515625
-3546.001953125
-2712.33203125
-1913.46875
-1152.015625
-430.44140625
248.953125
884.02734375
1472.818359375
2013.53125
2504.564453125
2944.501953125
3332.11328125
3666.3671875
3946.4140625
4171.61328125
4341.498046875
4455.802734375
4514.4375
4517.50390625
4465.27734375
4358.203125
4196.89453125
3982.130859375
3714.841796875
3396.103515625
3027.134765625
2609.287109375
2144.03515625
1632.97265625
1077.806640625
480.337890625
-157.52734375
-833.806640625
-1546.43359375
-2293.267578125
-3072.109375
-3880.701171875
-4716.736328125
-5577.869140625
-6461.712890625
-7365.85546875
-8287.865234375
-9225.296875
-10175.689453125
-11136.591796875
-12105.548828125
-13080.12109375
-14057.88671875
-15036.4453125
-16013.431640625
-16986.509765625
-17953.388671875
-18911.828125
-19859.63671875
-20794.68359375
-21714.90625
-22618.310546875
-23502.97265625
-24367.056640625
-25208.806640625
-26026.560546875
-26818.748046875
-27583.896484375
-28320.6328125
-29027.693359375
-29703.9140625
-30348.248046875
-30959.7578125
-31537.615234375
-32081.109375
-32589.638671875
-33062.71875
-33499.9765625
-33901.15234375
-34266.091796875
-34594.75390625
-34887.19140625
-35143.572265625
-35364.1484375
-35549.271484375
-35699.376953125
-35814.98828125
-35896.69921875
-35945.181640625
-35961.171875
-35945.46875
-35898.9140625
-35822.41015625
-35716.896484375
-35583.34765625
-35422.76953125
-35236.189453125
-35024.662109375
-34789.244140625
-34531.009765625
-34251.0390625
-33950.404296875
-33630.185546875
-33291.455078125
-32935.2734375
-32562.6953125
-32174.76171875
-31772.50390625
-31356.943359375
-30929.083984375
-30489.921875
-30040.44140625
-29581.62109375
-29114.42578125
-28639.82421875
-28158.771484375
-27672.23046875
-27181.16796875
-26686.54296875
-26189.341796875
-25690.54296875
-25191.146484375
-24692.16796875
-24194.640625
-23699.61328125
-23208.15625
-22721.365234375
-22240.3515625
-21766.255859375
-21300.23046875
-20843.45703125
-20397.13671875
-19962.47265625
-19540.701171875
-19133.048828125
-18740.763671875
-18365.080078125
-18007.240234375
-17668.46875
-17349.970703125
-17052.935546875
-16778.513671875
-16527.822265625
-16301.923828125
-16101.833984375
-15928.501953125
-15782.806640625
-15665.544921875
-15577.43359375
-15519.080078125
-15491.0
-15493.59765625
-15527.154296875
-15591.833984375
-15687.662109375
-15814.541015625
-15972.2265625
-16160.330078125
-16378.326171875
-16625.533203125
-16901.123046875
-17204.123046875
-17533.41015625
-17887.712890625
-18265.619140625
-18665.578125
-19085.900390625
-19524.771484375
-19980.255859375
-20450.296875
-20932.736328125
-21425.3203125
-21925.701171875
-22431.4609375
-22940.111328125
-23449.111328125
-23955.8828125
-24457.814453125
-24952.27734375
-25436.64453125
-25908.296875
-26364.640625
-26803.119140625
-27221.224609375
-27616.51171875
-27986.6171875
-28329.2578125
-28642.255859375
-28923.546875
-29171.18359375
-29383.3515625
-29558.3828125
-29694.755859375
-29791.109375
-29846.240234375
-29859.125
-29828.91015625
-29754.923828125
-29636.67578125
-29473.859375
-29266.353515625
-29014.2265625
-28717.7265625
-28377.287109375
-27993.51953125
-27567.212890625
-27099.32421875
-26590.98046875
-26043.458984375
-25458.201171875
-24836.78125
-24180.916015625
-23492.44140625
-22773.3125
-22025.591796875
-21251.435546875
-20453.083984375
-19632.849609375
-18793.103515625
-17936.26953125
-17064.8046875
-16181.193359375
-15287.935546875
-14387.525390625
-13482.451171875
-12575.173828125
-11668.130859375
-10763.703125
-9864.22265625
-8971.955078125
-8089.08984375
-7217.732421875
-6359.89453125
-5517.484375
-4692.302734375
-3886.033203125
-3100.23828125
-2336.34765625
-1595.662109375
-879.345703125
-188.41796875
476.240234375
1113.90234375
1723.9765625
2306.025390625
2859.763671875
3385.041015625
3881.859375
4350.359375
4790.8203125
5203.6640625
5589.43359375
5948.802734375
6282.568359375
6591.63671875
6877.0234375
7139.8515625
7381.33203125
7602.76171875
7805.513671875
7991.03515625
8160.83203125
8316.4609375
8459.51953125
8591.64453125
8714.48828125
8829.7265625
8939.037109375
9044.091796875
9146.552734375
9248.060546875
9350.224609375
9454.619140625
9562.767578125
9676.142578125
9796.150390625
9924.134765625
10061.359375
10209.0078125
10368.177734375
10539.873046875
10725.001953125
10924.3671875
11138.67578125
11368.515625
11614.375
11876.619140625
12155.509765625
12451.18359375
12763.66796875
13092.873046875
13438.59375
13800.5078125
14178.185546875
14571.080078125
14978.53515625
15399.794921875
15833.990234375
16280.154296875
16737.220703125
17204.03515625
17679.34375
18161.80859375
18650.01171875
19142.455078125
19637.5625
20133.69921875
20629.154296875
21122.158203125
21610.890625
22093.482421875
22568.01171875
23032.515625
23485.009765625
23923.46484375
24345.833984375
24750.046875
25134.025390625
25495.6796875
25832.91796875
26143.65625
26425.8125
26677.33203125
26896.17578125
27080.337890625
27227.84375
27336.775390625
27405.25390625
27431.46484375
27413.658203125
27350.1640625
27239.390625
27079.8359375
26870.107421875
26608.908203125
26295.0625
25927.52734375
25505.3828125
25027.859375
24494.330078125
23904.330078125
23257.5625
22553.90234375
21793.404296875
20976.3046875
20103.041015625
19174.240234375
18190.734375
17153.560546875
16063.96484375
14923.396484375
13733.521484375
12496.208984375
11213.541015625
9887.798828125
8521.47265625
7117.23828125
5677.96484375
4206.705078125
2706.681640625
1181.271484375
-365.990234375
-1931.431640625
-3511.265625
-5101.591796875
-6698.421875
-8297.689453125
-9895.275390625
-11487.0234375
-13068.755859375
-14636.30078125
-16185.5078125
-17712.267578125
-19212.533203125
-20682.34375
-22117.84375
-23515.29296875
-24871.107421875
-26181.857421875
-27444.29296875
-28655.365234375
-29812.236328125
-30912.294921875
-31953.177734375
-32932.767578125
-33849.212890625
-34700.935546875
-35486.640625
-36205.30859375
-36856.21875
-37438.9375
-37953.314453125
-38399.498046875
-38777.91015625
-39089.255859375
-39334.5078125
-39514.90625
-39631.935546875
-39687.314453125
-39682.998046875
-39621.138671875
-39504.0859375
-39334.369140625
-39114.666015625
-38847.798828125
-38536.703125
-38184.419921875
-37794.060546875
-37368.802734375
-36911.85546875
-36426.447265625
-35915.806640625
-35383.140625
-34831.615234375
-34264.34375
-33684.359375
-33094.61328125
-32497.947265625
-31897.087890625
-31294.640625
-30693.056640625
-30094.654296875
-29501.5859375
-28915.84375
-28339.25390625
-27773.474609375
-27219.98828125
-26680.1015625
-26154.95703125
-25645.521484375
-25152.591796875
-24676.80859375
-24218.654296875
-23778.451171875
-23356.390625
-22952.51953125
-22566.755859375
-22198.896484375
-21848.6328125
-21515.548828125
-21199.142578125
-20898.826171875
-20613.9375
-20343.751953125
-20087.494140625
-19844.330078125
-19613.40234375
-19393.814453125
-19184.6484375
-18984.974609375
-18793.849609375
-18610.326171875
-18433.462890625
-18262.314453125
-18095.953125
-17933.46484375
-17773.9453125
-17616.51171875
-17460.30078125
-17304.47265625
-17148.205078125
-16990.705078125
-16831.197265625
-16668.935546875
-16503.1953125
-16333.275390625
-16158.501953125
-15978.224609375
-15791.814453125
-15598.673828125
-15398.224609375
-15189.919921875
-14973.232421875
-14747.669921875
-14512.767578125
-14268.091796875
-14013.23828125
-13747.84375
-13471.576171875
-13184.15234375
-12885.3203125
-12574.884765625
-12252.6953125
-11918.650390625
-11572.708984375
-11214.88671875
-10845.255859375
-10463.9609375
-10071.208984375
-9667.275390625
-9252.509765625
-8827.333984375
-8392.248046875
-7947.814453125
-7494.689453125
-7033.59375
-6565.32421875
-6090.75
-5610.81640625
-5126.53515625
-4638.98046875
-4149.294921875
-3658.673828125
-3168.36328125
-2679.658203125
-2193.892578125
-1712.44140625
-1236.6953125
-768.072265625
-307.998046875
142.09375
580.77734375
1006.638671875
1418.28125
1814.341796875
2193.490234375
2554.443359375
2895.970703125
3216.900390625
3516.125
3792.615234375
4045.41796875
4273.6640625
4476.5703125
4653.45703125
4803.7265625
4926.89453125
5022.568359375
5090.4609375
5130.390625
5142.27734375
5126.14453125
5082.115234375
5010.412109375
4911.3515625
4785.34765625
4632.90234375
4454.59765625
4251.103515625
4023.158203125
3771.578125
3497.234375
3201.0625
2884.05078125
2547.234375
2191.693359375
1818.53125
1428.896484375
1023.953125
604.884765625
172.892578125
-270.814453125
-725.0234375
-1188.521484375
-1660.09375
-2138.5390625
-2622.658203125
-3111.267578125
-3603.19921875
-4097.296875
-4592.427734375
-5087.474609375
-5581.337890625
-6072.94140625
-6561.228515625
-7045.16796875
-7523.748046875
-7995.97265625
-8460.875
-8917.509765625
-9364.943359375
-9802.275390625
-10228.619140625
-10643.111328125
-11044.91015625
-11433.1953125
-11807.169921875
-12166.060546875
-12509.115234375
-12835.609375
-13144.8515625
-13436.16796875
-13708.921875
-13962.51171875
-14196.3671875
-14409.958984375
-14602.798828125
-14774.44140625
-14924.490234375
-15052.59765625
-15158.470703125
-15241.875
-15302.63671875
-15340.6484375
-15355.861328125
-15348.306640625
-15318.08984375
-15265.3828125
-15190.447265625
-15093.6171875
-14975.318359375
-14836.0546875
-14676.41796875
-14497.083984375
-14298.8203125
-14082.4765625
-13848.98828125
-13599.37890625
-13334.748046875
-13056.28515625
-12765.244140625
-12462.962890625
-12150.84765625
-11830.365234375
-11503.04296875
-11170.46875
-10834.271484375
-10496.126953125
-10157.744140625
-9820.857421875
-9487.22265625
-9158.611328125
-8836.7890625
-8523.525390625
-8220.5703125
-7929.65234375
-7652.46875
-7390.677734375
-7145.8828125
-6919.638671875
-6713.421875
-6528.64453125
-6366.625
-6228.6015625
-6115.705078125
-6028.966796875
-5969.30078125
-5937.513671875
-5934.27734375
-5960.14453125
-6015.53515625
-6100.736328125
-6215.89453125
-6361.0234375
-6535.998046875
-6740.548828125
-6974.275390625
-7236.63671875
-7526.962890625
-7844.451171875
-8188.1796875
-8557.09765625
-8950.046875
-9365.76171875
-9802.87109375
-10259.916015625
-10735.359375
-11227.58203125
-11734.90234375
-12255.5859375
-12787.853515625
-13329.8984375
-13879.87890625
-14435.958984375
-14996.287109375
-15559.029296875
-16122.376953125
-16684.54296875
-17243.7890625
-17798.427734375
-18346.826171875
-18887.4296875
-19418.75
-19939.390625
-20448.04296875
-20943.490234375
-21424.619140625
-21890.41796875
-22339.984375
-22772.517578125
-23187.33203125
-23583.841796875
-23961.57421875
-24320.15234375
-24659.306640625
-24978.86328125
-25278.736328125
-25558.919921875
-25819.5
-26060.619140625
-26282.48828125
-26485.375
-26669.5859375
-26835.47265625
-26983.404296875
-27113.7734375
-27226.9765625
-27323.416015625
-27403.474609375
-27467.521484375
-27515.896484375
-27548.912109375
-27566.82421875
-27569.8515625
-27558.154296875
-27531.841796875
-27490.94921875
-27435.455078125
-27365.26953125
-27280.234375
-27180.125
-27064.654296875
-26933.466796875
-26786.15234375
-26622.24609375
-26441.232421875
-26242.556640625
-26025.626953125
-25789.826171875
-25534.517578125
-25259.060546875
-24962.818359375
-24645.16015625
-24305.484375
-23943.22265625
-23557.857421875
-23148.919921875
-22716.021484375
-22258.841796875
-21777.154296875
-21270.837890625
-20739.875
-20184.3671875
-19604.541015625
-19000.7578125
-18373.517578125
-17723.46484375
-17051.390625
-16358.23828125
-15645.10546875
-14913.240234375
-14164.048828125
-13399.076171875
-12620.02734375
-11828.74609375
-11027.2109375
-10217.53515625
-9401.95703125
-8582.8203125
-7762.580078125
-6943.783203125
-6129.056640625
-5321.099609375
-4522.662109375
-3736.5390625
-2965.55859375
-2212.552734375
-1480.357421875
-771.7890625
-89.634765625
563.369140625
1184.548828125
1771.306640625
2321.13671875
2831.640625
3300.541015625
3725.6953125
4105.107421875
4436.935546875
4719.505859375
4951.33203125
5131.111328125
5257.732421875
5330.296875
5348.107421875
5310.69140625
5217.78515625
5069.353515625
4865.578125
4606.869140625
4293.85546875
3927.384765625
3508.52734375
3038.5625
2518.97265625
1951.4453125
1337.861328125
680.28125
-19.056640625
-757.755859375
-1533.259765625
-2342.87890625
-3183.79296875
-4053.0703125
-4947.681640625
-5864.509765625
-6800.37109375
-7752.0234375
-8716.1953125
-9689.583984375
-10668.8828125
-11650.794921875
-12632.044921875
-13609.40234375
-14579.677734375
-15539.76953125
-16486.646484375
-17417.373046875
-18329.123046875
-19219.19140625
-20085.00390625
-20924.123046875
-21734.26171875
-22513.294921875
-23259.251953125
-23970.337890625
-24644.9296875
-25281.576171875
-25879.01171875
-26436.142578125
-26952.05859375
-27426.021484375
-27857.470703125
-28246.017578125
-28591.43359375
-28893.6484375
-29152.75390625
-29368.9765625
-29542.685546875
-29674.369140625
-29764.650390625
-29814.2421875
-29823.966796875
-29794.728515625
-29727.509765625
-29623.361328125
-29483.388671875
-29308.740234375
-29100.599609375
-28860.185546875
-28588.71875
-28287.443359375
-27957.59765625
-27600.4140625
-27217.115234375
-26808.904296875
-26376.96875
-25922.458984375
-25446.517578125
-24950.240234375
-24434.701171875
-23900.947265625
-23349.994140625
-22782.83203125
-22200.4296875
-21603.734375
-20993.673828125
-20371.169921875
-19737.13671875
-19092.484375
-18438.125
-17774.986328125
-17104.0078125
-16426.146484375
-15742.384765625
-15053.73828125
-14361.263671875
-13666.037109375
-12969.193359375
-12271.90625
-11575.396484375
-10880.9375
-10189.841796875
-9503.474609375
-8823.251953125
-8150.62890625
-7487.1015625
-6834.20703125
-6193.51171875
-5566.61328125
-4955.130859375
-4360.69140625
-3784.935546875
-3229.5
-2696.015625
-2186.087890625
-1701.3046875
-1243.21484375
-813.3203125
-413.078125
-43.873046875
292.970703125
596.208984375
864.68359375
1097.32421875
1293.158203125
1451.314453125
1571.02734375
1651.642578125
1692.61328125
1693.505859375
1654.0078125
1573.908203125
1453.1171875
1291.65234375
1089.634765625
847.29296875
564.953125
243.029296875
-117.96875
-517.453125
-954.763671875
-1429.171875
-1939.8828125
-2486.0546875
-3066.79296875
-3681.16796875
-4328.21484375
-5006.94140625
-5716.333984375
-6455.36328125
-7222.98828125
-8018.162109375
-8839.8359375
-9686.951171875
-10558.458984375
-11453.310546875
-12370.44921875
-13308.83203125
-14267.408203125
-15245.115234375
-16240.908203125
-17253.708984375
-18282.435546875
-19325.98828125
-20383.240234375
-21453.03515625
-22534.1875
-23625.462890625
-24725.58984375
-25833.23828125
-26947.021484375
-28065.498046875
-29187.15234375
-30310.400390625
-31433.58984375
-32554.986328125
-33672.78125
-34785.091796875
-35889.951171875
-36985.318359375
-38069.0859375
-39139.0703125
-40193.02734375
-41228.654296875
-42243.591796875
-43235.447265625
-44201.787109375
-45140.15625
-46048.091796875
-46923.12109375
-47762.794921875
-48564.68359375
-49326.3984375
-50045.60546875
-50720.04296875
-51347.5234375
-51925.96484375
-52453.400390625
-52927.98046875
-53348.00390625
-53711.919921875
-54018.341796875
-54266.06640625
-54454.076171875
-54581.552734375
-54647.8828125
-54652.66796875
-54595.732421875
-54477.12890625
-54297.125
-54056.234375
-53755.19140625
-53394.9609375
-52976.736328125
-52501.931640625
-51972.177734375
-51389.314453125
-50755.380859375
-50072.609375
-49343.41015625
-48570.361328125
-47756.19921875
-46903.791015625
-46016.140625
-45096.353515625
-44147.62890625
-43173.248046875
-42176.54296875
-41160.896484375
-40129.708984375
-39086.39453125
-38034.349609375
-36976.94921875
-35917.525390625
-34859.34375
-33805.60546875
-32759.412109375
-31723.76953125
-30701.5625
-29695.548828125
-28708.349609375
-27742.427734375
-26800.095703125
-25883.5
-24994.607421875
-24135.21484375
-23306.9296875
-22511.177734375
-21749.197265625
-21022.0390625
-20330.5625
-19675.4453125
-19057.18359375
-18476.0859375
-17932.29296875
-17425.76953125
-16956.322265625
-16523.59765625
-16127.091796875
-15766.166015625
-15440.0390625
-15147.818359375
-14888.490234375
-14660.943359375
-14463.966796875
-14296.2734375
-14156.5
-14043.224609375
-13954.974609375
-13890.228515625
-13847.447265625
-13825.0625
-13821.498046875
-13835.171875
-13864.51953125
-13907.986328125
-13964.037109375
-14031.181640625
-14107.95703125
-14192.955078125
-14284.814453125
-14382.236328125
-14483.98046875
-14588.87890625
-14695.830078125
-14803.810546875
-14911.873046875
-15019.146484375
-15124.84765625
-15228.26953125
-15328.7890625
-15425.8671875
-15519.041015625
-15607.939453125
-15692.259765625
-15771.779296875
-15846.357421875
-15915.916015625
-15980.451171875
-16040.029296875
-16094.767578125
-16144.853515625
-16190.5234375
-16232.064453125
-16269.8046875
-16304.12109375
-16335.421875
-16364.1484375
-16390.763671875
-16415.755859375
-16439.630859375
-16462.900390625
-16486.0859375
-16509.71484375
-16534.302734375
-16560.36328125
-16588.39453125
-16618.880859375
-16652.28515625
-16689.041015625
-16729.564453125
-16774.2265625
-16823.37109375
-16877.30078125
-16936.279296875
-17000.521484375
-17070.203125
-17145.44140625
-17226.318359375
-17312.85546875
-17405.015625
-17502.724609375
-17605.841796875
-17714.173828125
-17827.48046875
-17945.4609375
-18067.763671875
-18193.98828125
-18323.67578125
-18456.322265625
-18591.37890625
-18728.2421875
-18866.27734375
-19004.791015625
-19143.068359375
-19280.34765625
-19415.837890625
-19548.71484375
-19678.130859375
-19803.212890625
-19923.068359375
-20036.787109375
-20143.447265625
-20242.119140625
-20331.861328125
-20411.73828125
-20480.814453125
-20538.158203125
-20582.84765625
-20613.978515625
-20630.654296875
-20632.01171875
-20617.205078125
-20585.4140625
-20535.853515625
-20467.775390625
-20380.462890625
-20273.244140625
-20145.494140625
-19996.62890625
-19826.1171875
-19633.482421875
-19418.298828125
-19180.201171875
-18918.88671875
-18634.107421875
-18325.685546875
-17993.509765625
-17637.53515625
-17257.787109375
-16854.36328125
-16427.435546875
-15977.24609375
-15504.119140625
-15008.455078125
-14490.724609375
-13951.490234375
-13391.37890625
-12811.109375
-12211.478515625
-11593.353515625
-10957.697265625
-10305.5390625
-9637.990234375
-8956.244140625
-8261.564453125
-7555.29296875
-6838.837890625
-6113.689453125
-5381.392578125
-4643.5625
-3901.87109375
-3158.05078125
-2413.884765625
-1671.19921875
-931.86328125
-197.779296875
529.11328125
1246.86328125
1953.5
2647.041015625
3325.513671875
3986.947265625
4629.390625
5250.919921875
5849.646484375
6423.7265625
6971.373046875
7490.857421875
7980.53125
8438.82421875
8864.2578125
9255.4609375
9611.162109375
9930.216796875
10211.603515625
10454.431640625
10657.955078125
10821.5703125
10944.830078125
11027.435546875
11069.255859375
11070.31640625
11030.806640625
10951.08203125
10831.6640625
10673.232421875
10476.62890625
10242.849609375
9973.04296875
9668.501953125
9330.65625
8961.06640625
8561.4140625
8133.48828125
7679.1796875
7200.462890625
6699.39453125
6178.08203125
5638.6953125
5083.427734375
4514.490234375
3934.10546875
3344.484375
2747.8125
2146.236328125
1541.849609375
936.677734375
332.66796875
-268.32421875
-864.548828125
-1454.375
-2036.28515625
-2608.908203125
-3171.005859375
-3721.48828125
-4259.423828125
-4784.03125
-5294.685546875
-5790.9296875
-6272.455078125
-6739.115234375
-7190.91796875
-7628.021484375
-8050.716796875
-8459.4453125
-8854.759765625
-9237.34375
-9607.978515625
-9967.544921875
-10317.0078125
-10657.40234375
-10989.818359375
-11315.390625
-11635.28125
-11950.666015625
-12262.728515625
-12572.626953125
-12881.501953125
-13190.4453125
-13500.50390625
-13812.6484375
-14127.775390625
