# File created = Tuesday, December 17, 2024 at 2:57:48 PM Eastern Standard Time
# Data set = SW_Shiva  540  1  /home/shiva/WMU
# Spectral Region:
# LEFT = 853.173583984375 ppm. RIGHT = -376.01243461843205 ppm.
#
# SIZE = 32768 ( = number of points)
#
# In the following ordering is from the 'left' to the 'right' limits!
# Lines beginning with '#' must be considered as comment lines.
#
305.6875
-2389.265625
-4477.98046875
-5650.37109375
-5709.8671875
-4622.8828125
-2549.4609375
155.3984375
2975.05078125
5297.1796875
6503.15625
6065.28515625
3633.87890625
-902.703125
-7396.84765625
-15463.41015625
-24539.84375
-33972.82421875
-43114.76953125
-51412.765625
-58474.94921875
-64105.11328125
-68302.8359375
-71233.11328125
-73174.328125
-74455.8203125
-75396.3828125
-76252.86328125
-77184.91796875
-78238.40234375
-79346.94921875
-80349.1875
-81017.8203125
-81096.48046875
-80340.03125
-78554.03125
-75629.08984375
-71565.9296875
-66487.46484375
-60635.3828125
-54350.58203125
-48039.22265625
-42128.84765625
-37021.03515625
-33048.08984375
-30440.80859375
-29312.16015625
-29658.51171875
-31376.19921875
-34287.81640625
-38170.77734375
-42780.3125
-47861.3046875
-53146.609375
-58344.03125
-63118.06640625
-67075.05078125
-69760.9609375
-70678.8828125
-69329.265625
-65270.55859375
-58192.46875
-47989.87109375
-34823.37109375
-19153.40625
-1738.109375
16409.421875
34102.24609375
50090.8515625
63191.2265625
72413.34765625
77072.94921875
76870.91015625
71928.40625
62771.16015625
50262.9765625
35495.89453125
19651.02734375
3849.765625
-10982.5859375
-24219.296875
-35584.33203125
-45145.9375
-53253.84375
-60432.6015625
-67251.79296875
-74197.8515625
-81571.09375
-89425.8203125
-97561.8515625
-105565.6015625
-112889.23828125
-118950.41796875
-123232.84375
-125369.9296875
-125199.01953125
-122780.28125
-118381.4609375
-112435.0625
-105478.078125
-98085.55078125
-90808.14453125
-84121.5
-78391.921875
-73859.609375
-70638.03515625
-68726.11328125
-68029.00390625
-68383.1796875
-69581.92578125
-71397.96484375
-73600.76953125
-75966.98046875
-78283.3125
-80342.63671875
-81935.39453125
-82839.8359375
-82815.484375
-81604.1640625
-78941.57421875
-74580.09375
-68320.51953125
-60047.75390625
-49763.875
-37612.078125
-23886.64453125
-9026.921875
6403.58984375
21749.83203125
36304.91796875
49353.28125
60214.4375
68286.3359375
73087.76953125
74299.171875
71799.5
65695.2890625
56336.30859375
44312.140625
30425.22265625
15639.0234375
1003.79296875
-12433.28125
-23723.39453125
-32104.73046875
-37072.296875
-38418.98828125
-36241.69140625
-30911.4765625
-23012.16015625
-13256.5703125
-2393.18359375
8882.72265625
20000.3359375
30557.10546875
40330.0859375
49255.4296875
57381.953125
64808.875
71620.04296875
77827.30078125
83333.66796875
87923.7109375
91283.7421875
93049.5546875
92874.4609375
90506.47265625
85861.234375
79077.01953125
70540.34375
60874.96484375
50892.92578125
41512.50390625
33653.42578125
28123.58984375
25512.87109375
26108.69140625
29844.6953125
36289.640625
44678.4609375
53982.40625
63010.99609375
70534.6484375
75414.49609375
76724.60546875
73852.203125
66563.76171875
55028.8984375
39799.515625
21747.671875
1971.1953125
-18319.99609375
-37922.3984375
-55748.62109375
-70917.71875
-82819.390625
-91149.4375
-95916.765625
-97424.15625
-96225.734375
-93064.484375
-88793.58203125
-84286.69140625
-80344.2578125
-77604.95703125
-76473.01171875
-77072.05078125
-79234.0
-82527.11328125
-86321.3203125
-89882.546875
-92482.046875
-93503.70703125
-92532.0234375
-89406.8984375
-84237.4453125
-77374.61328125
-69349.87890625
-60792.9921875
-52344.4453125
-44577.8046875
-37943.45703125
-32739.71484375
-29111.3984375
-27070.71484375
-26532.2265625
-27352.53515625
-29366.6328125
-32415.22265625
-36360.48046875
-41090.51953125
-46514.9375
-52554.9375
-59131.79296875
-66156.91015625
-73525.8359375
-81117.38671875
-88797.7890625
-96428.63671875
-103876.56640625
-111022.18359375
-117765.859375
-124028.60546875
-129747.34765625
-134865.02734375
-139317.10546875
-143016.8125
-145842.03515625
-147626.6875
-148159.41796875
-147191.984375
-144458.98828125
-139709.49609375
-132749.32421875
-123490.28125
-111999.9921875
-98543.34375
-83605.234375
-67884.7734375
-52254.140625
-37680.734375
-25118.53125
-15381.81640625
-9020.68359375
-6220.19921875
-6743.83984375
-9935.76953125
-14787.06640625
-20059.8828125
-24452.7578125
-26782.47265625
-26154.25390625
-22093.578125
-14618.93359375
-4244.24609375
8089.328125
21142.109375
33546.390625
43994.671875
51419.69140625
55141.9609375
54965.125
51206.4453125
44658.08984375
36484.00390625
28065.625
20817.07421875
15994.9296875
14529.27734375
16900.19140625
23077.4375
32532.0859375
44317.40625
57205.65234375
69858.359375
81002.77734375
89586.66015625
94888.453125
96568.4609375
94657.6640625
89491.9765625
81608.76171875
71627.65234375
60138.46484375
47615.2890625
34369.01953125
20542.10546875
6141.50390625
-8900.50390625
-24651.1796875
-41101.96484375
-58105.41796875
-75333.58984375
-92263.53515625
-108192.10546875
-122279.1171875
-133615.265625
-141308.5625
-144580.84375
-142863.640625
-135881.6171875
-123711.8515625
-106809.0703125
-85990.875
-62382.2109375
-37324.2265625
-12258.11328125
11401.69140625
32389.265625
49689.1875
62607.8203125
70807.6484375
74303.890625
73427.390625
68761.28515625
61060.92578125
51166.953125
39920.890625
28091.30859375
16316.82421875
5070.46875
-5352.46875
-14823.4765625
-23349.9453125
-31030.36328125
-38003.75
-44402.26953125
-50315.09375
-55768.87109375
-60726.0234375
-65097.6640625
-68764.4453125
-71597.05078125
-73469.22265625
-74259.43359375
-73842.2578125
-72074.78125
-68786.5078125
-63781.078125
-56855.484375
-47837.45703125
-36635.94140625
-23294.88671875
-8038.05078125
8706.98046875
26313.8671875
43994.72265625
60866.328125
76036.83984375
88700.5234375
98226.57421875
104228.62109375
106604.3984375
105539.3828125
101473.50390625
95035.8671875
86957.4765625
77975.9375
68747.73046875
59782.73046875
51411.39453125
43788.83984375
36932.09765625
30779.546875
25256.296875
20328.01171875
16028.47265625
12453.3125
9721.59375
7916.3671875
7022.078125
6878.83984375
7170.03125
7451.328125
7218.046875
5996.70703125
3439.203125
-603.78125
-6048.8984375
-12594.62890625
-19780.69140625
-27077.5390625
-33983.99609375
-40110.265625
-45228.6953125
-49284.35546875
-52368.41015625
-54666.1875
-56396.56640625
-57758.6953125
-58897.0703125
-59888.8125
-60749.9296875
-61452.8515625
-61946.2265625
-62170.01171875
-62062.46875
-61559.8046875
-60591.6484375
-59076.46875
-56919.9609375
-54017.625
-50261.1015625
-45546.89453125
-39786.43359375
-32917.1640625
-24915.20703125
-15810.02734375
-5700.44921875
5230.44140625
16706.1171875
28358.59375
39746.546875
50391.6015625
59830.6640625
67677.15234375
73679.92578125
77767.0234375
80062.65625
80870.7265625
80625.09375
79814.70703125
78898.07421875
78224.67578125
77979.8203125
78164.140625
78610.5625
79032.8359375
79092.26953125
78466.140625
76902.09765625
74248.41796875
70457.4375
65567.328125
59672.65234375
52895.81640625
45369.109375
37231.62109375
28639.14453125
19780.12890625
10888.60546875
2246.47265625
-5828.34375
-13005.84765625
-18973.4140625
-23462.02734375
-26261.57421875
-27221.6171875
-26239.54296875
-23243.10546875
-18177.25390625
-11004.60546875
-1724.95703125
9587.01953125
22733.65234375
37348.50390625
52867.984375
68533.12109375
83428.828125
96560.0234375
106955.86328125
113786.8671875
116476.38671875
114788.4765625
108878.08203125
99295.78515625
86946.48828125
73007.671875
58817.5859375
45746.0625
35061.01953125
27802.66015625
24675.9296875
25970.0078125
31512.50390625
40664.58203125
52361.55078125
65200.28125
77570.38671875
87819.88671875
94439.625
96244.74609375
92528.421875
83163.4921875
68633.26953125
49982.27734375
28690.55078125
6487.91015625
-14864.35546875
-33791.109375
-49086.90625
-60038.34375
-66469.046875
-68704.64453125
-67468.09765625
-63726.2890625
-58514.6796875
-52767.9765625
-47181.37109375
-42120.4609375
-37589.484375
-33259.2421875
-28548.125
-22743.640625
-15147.49609375
-5224.8359375
7262.12109375
22154.3515625
38845.2578125
56288.8984375
73070.82421875
87537.67578125
97973.6953125
102805.12109375
100807.4140625
91287.265625
74211.86328125
50262.8984375
20801.8828125
-12254.1953125
-46633.91015625
-79963.09765625
-110031.90625
-135037.75390625
-153767.8984375
-165694.671875
-170970.84765625
-170329.53515625
-164908.609375
-156032.08984375
-144986.6328125
-132830.6484375
-120265.84765625
-107588.6484375
-94723.51953125
-81325.47265625
-66926.64453125
-51094.85546875
-33571.140625
-14358.9921875
6251.1015625
27723.86328125
49375.58984375
70500.49609375
90496.35546875
108959.44921875
125726.703125
140855.84765625
154549.984375
167046.90234375
178502.546875
188899.84375
198007.74609375
205402.80078125
210549.48828125
212920.38671875
212126.75390625
208027.11328125
200786.65625
190872.44140625
178984.9375
165941.96484375
152541.7734375
139436.09765625
127040.23046875
115497.28515625
104700.35546875
94363.41796875
84121.97265625
73640.1328125
62702.26171875
51272.91796875
39517.25390625
27782.23828125
16545.859375
6345.70703125
-2300.203125
-8967.9140625
-13386.578125
-15474.3203125
-15346.05859375
-13292.4921875
-9733.40625
-5152.6953125
-25.78515625
5247.9296875
10395.4921875
15294.40625
19965.91796875
24539.328125
29194.6328125
34095.05859375
39322.765625
44830.01953125
50415.16015625
55727.96875
60304.19921875
63624.25390625
65187.3515625
64590.12890625
61597.88671875
56197.28515625
48621.7265625
39344.37890625
29038.46875
18509.484375
8608.234375
136.77734375
-6240.21875
-10067.4609375
-11146.31640625
-9553.87109375
-5633.93359375
36.484375
6700.27734375
13487.62109375
19492.84765625
23856.328125
25846.57421875
24936.6953125
20867.75
13690.515625
3777.3359375
-8201.73828125
-21340.1015625
-34588.55078125
-46871.5859375
-57210.62109375
-64836.46875
-69274.140625
-70387.375
-68376.46484375
-63730.71875
-57143.80078125
-49405.703125
-41287.9609375
-33439.00390625
-26304.1875
-20081.0859375
-14715.28125
-9936.23828125
-5327.2734375
-418.8671875
5209.2109375
11833.23046875
19514.16015625
28062.66796875
37048.01171875
45851.03515625
53753.59375
60049.36328125
64156.23828125
65709.421875
64617.42578125
61070.42578125
55499.93359375
48499.12109375
40721.1171875
32777.17578125
25155.828125
18178.54296875
11998.3203125
6637.08984375
2048.70703125
-1811.328125
-4928.8828125
-7202.0703125
-8447.2109375
-8437.2734375
-6961.72265625
-3890.87890625
773.20703125
6874.01171875
14113.71484375
22101.1171875
30424.6875
38734.54296875
46814.53515625
54626.7890625
62316.43359375
70172.3671875
78549.30078125
87765.21484375
97994.4921875
109179.46484375
120980.51953125
132777.9375
143728.26171875
152866.5546875
159235.97265625
162019.9453125
160652.03125
154883.94140625
144802.2109375
130796.16015625
113490.46875
93662.22265625
72163.0859375
49861.80078125
27613.16015625
6249.125
-13420.10546875
-30610.453125
-44586.0859375
-54704.29296875
-60477.8359375
-61640.8046875
-58199.19140625
-50448.71875
-38949.515625
-24458.17578125
-7829.45703125
10091.3046875
28560.76953125
46993.95703125
64972.5390625
82205.68359375
98456.4375
113455.9375
126830.96875
138067.02734375
146520.0
151477.19921875
152255.875
148317.734375
139373.890625
125456.51953125
106941.359375
84516.40625
59104.33203125
31756.1875
3539.5
-24556.37109375
-51680.38671875
-77137.8046875
-100369.640625
-120906.85546875
-138318.87109375
-152176.79296875
-162047.50390625
-167526.05078125
-168303.046875
-164253.6796875
-155527.4921875
-142615.55859375
-126374.50390625
-107994.09765625
-88906.15234375
-70643.98046875
-54672.00390625
-42212.046875
-34094.68359375
-30660.78515625
-31730.40625
-36644.84765625
-44375.1484375
-53678.88671875
-63278.8203125
-72033.4140625
-79071.4375
-83869.87109375
-86265.59375
-86403.82421875
-84638.32421875
-81406.72265625
-77107.98046875
-72006.875
-66183.203125
-59532.9921875
-51817.4140625
-42745.4609375
-32069.98828125
-19675.640625
-5640.36328125
9740.625
25970.71875
42401.4765625
58303.52734375
72943.5859375
85653.328125
95879.58203125
103211.21484375
107383.734375
108267.63671875
105849.0078125
100211.16796875
91524.0859375
80044.6015625
66126.44921875
50235.1171875
32959.94921875
15015.0625
-2778.25
-19532.01953125
-34354.7265625
-46431.83203125
-55113.43359375
-59995.26171875
-60978.07421875
-58292.28515625
-52479.45703125
-44329.390625
-34779.87109375
-24793.4921875
-15231.20703125
-6743.44140625
303.24609375
5852.6484375
10136.0390625
13606.6328125
16845.125
20454.0
24958.08203125
30725.2109375
37915.2734375
46459.59765625
56068.06640625
66258.51953125
76402.75390625
85784.5390625
93666.36328125
99362.1875
102312.22265625
102153.41015625
98776.30078125
92357.5
83357.55078125
72478.2421875
60580.29296875
48570.62890625
37276.23046875
27326.1328125
19063.16015625
12502.171875
7342.390625
3030.8125
-1136.375
-5893.921875
-11890.5390625
-19593.14453125
-29224.21875
-40736.17578125
-53819.98828125
-67940.77734375
-82391.89453125
-96360.1328125
-108996.90234375
-119491.7265625
-127144.7265625
-131433.25390625
-132065.61328125
-129013.4296875
-122514.671875
-113042.75
-101242.91015625
-87844.40234375
-73563.25390625
-59014.3046875
-44650.87109375
-30745.3671875
-17415.75
-4692.03515625
7392.75390625
18709.73046875
28963.88671875
37667.46484375
44169.16796875
47739.36328125
47698.703125
43566.68359375
35200.640625
22895.64453125
7422.03125
-10011.26171875
-27865.5390625
-44437.71875
-58056.484375
-67278.48046875
-71055.14453125
-68847.0859375
-60673.16015625
-47092.4375
-29127.25
-8142.72265625
14298.421875
36586.87890625
57207.23046875
74856.0234375
88530.0703125
97582.34765625
101746.49609375
101133.4296875
96204.92578125
87728.8515625
76719.70703125
64366.6171875
51949.42578125
40743.46875
31914.9140625
26411.69140625
24859.328125
27474.86328125
34014.37890625
43768.45703125
55614.98046875
68130.23046875
79748.72265625
88952.1796875
94460.7890625
95397.44921875
91398.8828125
82655.8359375
69876.43359375
54179.3984375
36935.09765625
19579.88671875
3431.9140625
-10465.65234375
-21454.23828125
-29311.265625
-34241.8984375
-36817.99609375
-37877.48046875
-38400.51171875
-39379.18359375
-41695.29296875
-46017.15625
-52722.625
-61852.2109375
-73094.30078125
-85803.35546875
-99051.42578125
-111712.10546875
-122573.515625
-130472.625
-134438.0703125
-133823.73828125
-128412.69140625
-118471.9609375
-104744.453125
-88373.7421875
-70769.41796875
-53432.125
-37765.5
-24904.875
-15589.25
-10094.11328125
-8231.13671875
-9408.79296875
-12738.86328125
-17168.796875
-21619.578125
-25111.99609375
-26869.24609375
-26388.96484375
-23481.7109375
-18275.47265625
-11187.35546875
-2865.12890625
5896.3984375
14256.25390625
21434.2421875
26810.37890625
30003.0703125
30914.5546875
29737.1328125
26920.171875
23104.28515625
19034.1328125
15463.4765625
13065.64453125
12359.69140625
13658.45703125
17040.8515625
22347.7578125
29199.36328125
37031.296875
45146.88671875
52782.5625
59182.37109375
63675.98046875
65752.7421875
65123.20703125
61759.6328125
55908.8203125
48074.04296875
38967.07421875
29435.93359375
20377.3671875
12645.34765625
6966.76171875
3873.85546875
3659.9375
6361.03125
11762.70703125
19428.46484375
28744.4140625
38974.4140625
49320.4140625
58983.59765625
67223.015625
73409.03515625
77069.16015625
77923.51171875
75906.77734375
71173.55859375
64084.484375
55172.3359375
45090.02734375
34545.4140625
24231.23046875
14760.30859375
6616.6640625
130.92578125
-4515.55859375
-7259.4453125
-8104.484375
-7063.44140625
-4107.67578125
861.61328125
8010.98828125
17538.33984375
29607.61328125
44266.71875
61365.33203125
80490.21484375
100933.28515625
121702.046875
141575.0
159197.375
173206.37109375
182370.71484375
185727.28125
182697.30859375
173166.6015625
157517.71875
136607.2890625
111688.40625
84285.6640625
56038.00390625
28530.796875
3141.43359375
-19078.203125
-37465.2265625
-51747.6328125
-61989.0390625
-68491.94921875
-71683.0859375
-72006.95703125
-69850.33984375
-65511.65234375
-59217.46484375
-51176.51171875
-41652.29296875
-31031.21875
-19864.421875
-8868.04296875
1123.19921875
9243.3671875
14708.015625
16930.8984375
15621.7109375
10845.5703125
3032.3359375
-7066.41796875
-18465.37890625
-30063.109375
-40769.94921875
-49626.6640625
-55897.96875
-59131.359375
-59178.48828125
-56182.3515625
-50537.19921875
-42829.46875
-33766.97265625
-24102.28125
-14554.78125
-5736.2578125
1913.83203125
8175.265625
13066.80078125
16830.90234375
19879.5703125
22704.625
25764.0859375
29363.87109375
33558.3046875
38092.23046875
42401.3203125
45676.44140625
46984.91015625
45429.1171875
40314.546875
31296.1796875
18475.97265625
2433.15234375
-15818.32421875
-34937.62109375
-53411.5625
-69730.578125
-82559.15625
-90877.26171875
-94076.31640625
-92001.97265625
-84944.4140625
-73583.3671875
-58898.99609375
-42061.02734375
-24308.0078125
-6827.0859375
9356.2421875
23469.6875
35058.0859375
44011.51171875
50551.05859375
55170.078125
58535.01953125
61357.8671875
64259.328125
67646.35546875
71627.3984375
75982.890625
80198.015625
83551.8125
85244.66015625
84538.2421875
80880.62890625
73994.38671875
63915.89453125
50986.30859375
35804.88671875
19161.0625
1961.45703125
-14837.26953125
-30286.140625
-43495.24609375
-53684.84765625
-60240.515625
-62771.3359375
-61163.65625
-55617.96484375
-46655.9765625
-35089.16796875
-21948.06640625
-8380.96875
4462.0625
15540.6953125
24014.16796875
29298.6875
31089.609375
29353.4765625
24299.76953125
16343.046875
6064.16015625
-5825.30859375
-18515.28125
-31128.87109375
-42757.09765625
-52499.17578125
-59508.890625
-63045.46484375
-62525.89453125
-57574.76953125
-48067.12890625
-34159.41796875
-16303.2421875
4763.6328125
28053.703125
52395.68359375
76528.09375
99212.80859375
119355.48046875
136115.56640625
148987.79296875
157839.58984375
162895.78515625
164670.8671875
163858.73046875
161197.8359375
157334.25390625
152705.15625
147461.30078125
141439.765625
134189.62890625
125045.0390625
113233.625
98004.49609375
78758.93359375
55168.02734375
27263.98046875
-4504.76953125
-39261.30078125
-75733.68359375
-112333.75390625
-147276.41796875
-178730.59765625
-204988.15234375
-224633.4375
-236693.52734375
-240749.171875
-236989.81640625
-226202.1171875
-209690.52734375
-189138.40625
-166427.6640625
-143441.67578125
-121879.0078125
-103103.234375
-88047.296875
-77180.80859375
-70537.30859375
-67788.3828125
-68344.7421875
-71462.31640625
-76334.18359375
-82156.1484375
-88162.63671875
-93638.359375
-97917.2890625
-100382.6640625
-100479.375
-97744.3125
-91852.40625
-82669.05078125
-70294.984375
-55089.15625
-37658.80078125
-18812.875
516.6796875
19373.8515625
36880.94921875
52326.94140625
65227.48828125
75348.48828125
82692.52734375
87454.41796875
89956.8359375
90578.78125
89688.65234375
87590.6875
84489.6484375
80475.10546875
75524.171875
69520.29296875
62285.140625
53620.6171875
43357.28125
31404.62109375
17797.07421875
2728.7890625
-13429.95703125
-30140.09765625
-46726.92578125
-62436.55078125
-76508.36328125
-88252.44140625
-97119.16796875
-102749.51171875
-104998.05859375
-103926.546875
-99771.4921875
-92894.46875
-83726.26953125
-72715.9140625
-60292.76953125
-46845.55859375
-32717.23046875
-18210.97265625
-3600.77734375
10859.47265625
24932.25
38398.41796875
51062.890625
62759.97265625
73354.6875
82738.29296875
90818.7890625
97509.9765625
102723.8984375
106371.26171875
108372.109375
108675.61328125
107284.1484375
104274.26953125
99806.484375
94117.8125
87495.16796875
80233.10546875
72584.76171875
64718.3125
56691.734375
48455.58203125
39887.22265625
30851.6796875
21276.38671875
11221.45703125
925.64453125
-9188.140625
-18555.55859375
-26558.4296875
-32642.26171875
-36440.03515625
-37874.90234375
-37217.23828125
-35080.18359375
-32350.66015625
-30066.57421875
-29262.53515625
-30812.80859375
-35300.515625
-42935.8515625
-53535.71875
-66564.765625
-81226.49609375
-96585.15625
-111695.73046875
-125720.609375
-138016.59375
-148182.8671875
-156068.046875
-161741.00390625
-165434.5703125
-167473.80859375
-168200.95703125
-167908.171875
-166787.07421875
-164901.33984375
-162185.3984375
-158468.87109375
-153522.875
-147121.16796875
-139106.47265625
-129451.13671875
-118301.4140625
-105996.9453125
-93060.5859375
-80158.859375
-68038.0625
-57445.35546875
-49046.43359375
-43351.28125
-40657.60546875
-41017.578125
-44229.6953125
-49853.84375
-57245.5078125
-65604.31640625
-74032.4140625
-81598.91015625
-87407.0390625
-90660.3515625
-90723.484375
-87172.18359375
-79827.26171875
-68768.33203125
-54325.7421875
-37052.3046875
-17679.44140625
2935.80078125
23866.32421875
44168.1875
62928.97265625
79311.390625
92593.3515625
102205.640625
107766.484375
109110.08203125
106304.21875
99651.60546875
89670.95703125
77056.72265625
62620.3046875
47219.06640625
31681.9375
16741.125
2978.26953125
-9209.01953125
-19617.59765625
-28226.6328125
-35166.15234375
-40671.40625
-45029.140625
-48522.25390625
-51378.99609375
-53732.1484375
-55592.8203125
-56842.28515625
-57243.92578125
-56475.6328125
-54180.79296875
-50033.29296875
-43809.1015625
-35454.3203125
-25137.9453125
-13277.5703125
-528.8828125
12265.2578125
24163.4375
34241.2890625
41716.95703125
46064.9453125
47097.17578125
44994.5546875
40281.02734375
33742.6953125
26305.41796875
18892.44921875
12287.8125
7029.61328125
3351.50390625
1180.6796875
189.64453125
-111.19921875
-260.15234375
-732.6484375
-1852.265625
-3738.76171875
-6299.41015625
-9260.93359375
-12232.24609375
-14783.79296875
-16528.33203125
-17190.1015625
-16653.203125
-14984.63671875
-12431.34765625
-9393.546875
-6378.1484375
-3937.21875
-2597.1328125
-2785.3515625
-4763.1484375
-8573.66015625
-14014.68359375
-20643.671875
-27818.65234375
-34772.8125
-40714.40234375
-44937.578125
-46926.3515625
-46433.22265625
-43517.29296875
-38533.1640625
-32070.7265625
-24855.40625
-17626.6796875
-11017.78125
-5460.421875
-1133.81640625
2031.21484375
4294.28125
6006.828125
7496.23046875
8960.546875
10400.5390625
11607.22265625
12210.31640625
11778.00390625
9945.28515625
6540.22265625
1676.5
-4212.38671875
-10409.46875
-16017.30859375
-20108.88671875
-21896.38671875
-20883.24609375
-16967.69140625
-10475.23828125
-2111.828125
7154.921875
16264.4609375
24249.80078125
30405.71875
34405.66015625
36344.2265625
36696.890625
36205.0859375
35710.359375
35971.76953125
37504.4609375
40472.8203125
44660.1171875
49519.9453125
54297.19921875
58191.4609375
60526.9609375
60892.5703125
59223.02734375
55806.22265625
51218.3125
46204.1015625
41531.265625
37850.90625
35593.47265625
34918.97265625
35726.80078125
37716.73046875
40482.015625
43610.0390625
46766.796875
49747.734375
52486.71484375
55025.61328125
57455.75390625
59848.08984375
62190.5546875
64348.45703125
66058.24609375
66957.25390625
66644.2734375
64758.796875
61062.234375
55503.015625
48249.83984375
39683.3515625
30344.859375
20850.4609375
11787.21484375
3613.20703125
-3416.12890625
-9277.97265625
-14160.08984375
-18390.06640625
-22330.27734375
-26261.046875
-30277.48046875
-34222.72265625
-37672.734375
-39977.19140625
-40349.89453125
-37992.94921875
-32233.23046875
-22648.23046875
-9160.83203125
7911.83203125
27862.9375
49653.40234375
72014.1875
93579.05859375
113029.1875
129229.11328125
141334.87109375
148859.13671875
151685.2734375
150030.65234375
144368.26953125
135322.99609375
123562.69140625
109704.26953125
94250.55859375
77566.3203125
59893.04296875
41393.91796875
22215.11328125
2547.28125
-17326.75390625
-37008.05078125
-55985.14453125
-73663.8671875
-89417.42578125
-102648.52734375
-112854.23828125
-119684.515625
-122986.09765625
-122824.875
-119481.921875
-113421.4453125
-105233.1328125
-95556.2890625
-84997.6484375
-74057.55859375
-63079.30078125
-52232.39453125
-41534.15234375
-30905.08203125
-20245.75390625
-9517.34765625
1193.17578125
11638.75390625
21417.12109375
30014.2734375
36877.26171875
41500.9140625
43510.89453125
42726.875
39194.4375
33180.6796875
25135.2109375
15623.9921875
5247.25390625
-5445.33984375
-16029.4453125
-26259.52734375
-36093.2265625
-45682.46875
-55331.625
-65427.48046875
-76349.734375
-88374.08984375
-101582.00390625
-115791.5234375
-130521.9609375
-145001.41796875
-158220.328125
-169027.19140625
-176255.3828125
-178863.59375
-176069.04296875
-167452.5078125
-153018.609375
-133202.42578125
-108823.33984375
-80996.63671875
-51020.58203125
-20259.6953125
9956.91796875
38409.3203125
64028.17578125
85908.21484375
103304.29296875
115623.33203125
122423.96484375
123430.65234375
118562.24609375
107968.453125
92062.76953125
71539.0390625
47360.49609375
20714.9921875
-7063.29296875
-34598.41796875
-60590.19140625
-83927.9765625
-103783.33984375
-119667.12890625
-131442.06640625
-139289.63671875
-143637.91015625
-145063.79296875
-144187.2734375
-141576.078125
-137676.0
-132776.40234375
-127012.74609375
-120400.60546875
-112889.9296875
-104425.421875
-94999.41796875
-84686.984375
-73658.0703125
-62167.2265625
-50526.0625
-39066.3984375
-28102.734375
-17901.23046875
-8659.60546875
-499.390625
6530.80859375
12444.19140625
17300.484375
21190.10546875
24220.4453125
26505.90625
28162.375
29305.9140625
30054.6328125
30532.13671875
30870.38671875
31209.55859375
31692.87109375
32455.19921875
33605.87109375
35207.9453125
37258.0
39671.56640625
42279.39453125
44838.4609375
47059.03515625
48646.20703125
49350.71484375
49021.4765625
47650.46484375
45400.62890625
42609.08203125
39761.02734375
37434.10546875
36218.1328125
36620.1328125
38968.59375
43333.23828125
49475.96875
56845.1875
64619.4453125
71798.03515625
77327.75390625
80247.703125
79829.796875
75692.421875
67868.61328125
56817.4453125
43376.69921875
28664.1640625
13942.84765625
469.97265625
-10648.8515625
-18581.06640625
-22849.53125
-23367.484375
-20424.29296875
-14626.69921875
-6805.21484375
2100.8984375
11164.76953125
19583.75390625
26768.203125
32396.62890625
36431.12890625
39092.3046875
40798.3515625
42077.86328125
43469.6640625
45424.71484375
48224.94140625
51931.1796875
56368.1875
61148.99609375
65734.8359375
69521.50390625
71938.62109375
72546.359375
71114.0390625
67667.87109375
62499.359375
56132.17578125
49251.66015625
42607.18359375
36902.30859375
32689.8515625
30288.71484375
29736.0390625
30782.80859375
32934.13671875
35528.1640625
37841.38671875
39203.89453125
39106.578125
37283.6875
33758.1953125
28843.21484375
23099.37109375
17254.51953125
12097.21484375
8358.87109375
6600.51953125
7119.35546875
9887.68359375
14533.13671875
20364.64453125
26443.78125
31696.19140625
35052.4765625
35603.25390625
32748.59765625
26319.69921875
16650.453125
4580.86328125
-8617.84375
-21394.296875
-32127.9375
-39370.140625
-42075.97265625
-39784.61328125
-32712.28125
-21735.96484375
-8266.43359375
5969.19140625
19196.515625
29864.99609375
36871.37890625
39695.73046875
38428.8046875
33691.5859375
26468.83203125
17893.6640625
9027.03515625
673.5703125
-6735.15234375
-13173.90625
-18974.54296875
-24710.07421875
-31038.69140625
-38539.6640625
-47572.20703125
-58182.5
-70074.1015625
-82644.6875
-95079.89453125
-106484.52734375
-116024.87109375
-123054.46875
-127199.8359375
-128391.67578125
-126839.203125
-122957.59765625
-117268.61328125
-110299.46484375
-102503.85546875
-94222.21875
-85686.88671875
-77065.74609375
-68527.45703125
-60305.72265625
-52740.48046875
-46280.32421875
-41440.96875
-38726.48046875
-38530.08984375
-41037.24609375
-46153.703125
-53476.1640625
-62313.640625
-71756.88671875
-80783.55859375
-88380.203125
-93660.203125
-95959.26171875
-94895.80078125
-90391.26953125
-82652.78515625
-72126.10546875
-59430.11328125
-45284.2734375
-30438.60546875
-15612.66015625
-1446.72265625
11534.21484375
22944.5859375
32551.5859375
40278.375
46196.8359375
50509.11328125
53517.359375
55582.34765625
57073.640625
58316.43359375
59542.5078125
60853.70703125
62206.1015625
63420.25
64218.5
64284.640625
63335.29296875
61188.2890625
57811.9375
53341.64453125
48056.796875
42319.94140625
36490.24609375
30831.05078125
25435.0546875
20188.55859375
14788.07421875
8810.6328125
1825.48828125
-6476.51171875
-16165.68359375
-26997.37109375
-38397.9375
-49520.5859375
-59363.2109375
-66926.6015625
-71382.12890625
-72215.671875
-69319.30078125
-63012.91015625
-53992.01953125
-43212.0390625
-31731.109375
-20540.3671875
-10411.78515625
-1789.4375
5258.4453125
11020.296875
16059.75390625
21087.03515625
26805.0234375
33755.6796875
42191.7109375
51994.46875
62651.9140625
73301.4609375
82832.8046875
90036.6328125
93777.79296875
93167.22265625
87706.484375
77382.40625
62696.70703125
44625.32421875
24513.23828125
3920.3671875
-15558.50390625
-32473.7734375
-45676.03515625
-54426.515625
-58451.2890625
-57936.9453125
-53473.98046875
-45960.76953125
-36484.75
-26197.84375
-16201.1015625
-7449.21875
-680.96875
3623.2265625
5258.4453125
4290.921875
1036.03515625
-3978.31640625
-10061.08984375
-16418.56640625
-22223.81640625
-26691.03515625
-29148.42578125
-29101.328125
-26277.14453125
-20645.38671875
-12410.171875
-1977.5703125
10094.82421875
23155.89453125
36516.0546875
49491.82421875
61437.08984375
71763.4921875
79956.06640625
85591.21484375
88361.65625
88108.56640625
84855.5546875
78835.01171875
70495.9921875
60484.9609375
49595.95703125
38693.84765625
28621.234375
20104.46875
13675.66796875
9625.07421875
7992.03125
8594.76171875
11090.66015625
15052.41796875
20042.35546875
25668.8515625
31614.40625
37633.140625
43524.33203125
49095.125
54128.05859375
58366.62109375
61525.28125
63321.66796875
63520.43359375
61973.82421875
58644.44140625
53601.3671875
46989.703125
38982.96484375
29734.265625
19343.79296875
7855.9609375
-4709.08984375
-18295.6015625
-32739.24609375
-47702.08984375
-62636.23828125
-76791.49609375
-89272.6484375
-99140.6171875
-105541.265625
-107838.5625
-105726.39453125
-99296.23046875
-89045.29296875
-75820.61328125
-60706.21484375
-44871.37109375
-29405.484375
-15168.03125
-2679.53125
7927.90234375
16892.734375
24743.3671875
32170.41796875
39875.31640625
48422.140625
58117.87109375
68940.30078125
80524.0390625
92205.125
103115.2734375
112309.453125
118905.94921875
122216.84375
121848.90234375
117759.8828125
110262.48046875
99976.515625
87738.296875
74483.16796875
61121.47265625
48429.0078125
36969.953125
27063.78515625
18798.984375
12086.90234375
6741.2890625
2563.77734375
-585.0234375
-2745.71875
-3860.75390625
-3814.921875
-2504.71484375
82.3828125
3801.69921875
8319.75
13131.5859375
17630.1328125
21217.16015625
23433.5078125
24078.5390625
23287.8515625
21545.0625
19616.52734375
18414.90625
18814.22265625
21451.62109375
26556.43359375
33843.3671875
42495.140625
51242.42578125
58529.921875
62740.69140625
62439.96875
56596.64453125
44745.70703125
27066.40234375
4366.609375
-22019.94140625
-50402.984375
-78941.50390625
-105852.60546875
-129592.4296875
-148985.75
-163291.66796875
-172204.80078125
-175802.265625
-174454.41796875
-168720.7265625
-159251.02734375
-146707.10546875
-131712.25390625
-114828.546875
-96555.6171875
-77341.5390625
-57596.98828125
-37706.671875
-18036.43359375
1062.1796875
19246.359375
36173.17578125
51488.125
64815.5390625
75757.98046875
83911.80859375
88903.06640625
90442.1875
88389.54296875
82818.30078125
74058.578125
62708.58984375
49603.84375
35744.08203125
22186.47265625
9921.3671875
-248.75
-7806.38671875
-12575.3359375
-14726.4921875
-14732.1640625
-13276.59375
-11137.48828125
-9057.80078125
-7628.27734375
-7199.234375
-7835.1484375
-9318.58203125
-11201.8359375
-12896.8125
-13787.1484375
-13342.90234375
-11217.921875
-7313.359375
-1797.34375
4920.9765625
12256.3046875
19537.72265625
26107.96484375
31414.56640625
35079.578125
36940.00390625
37057.51953125
35701.0625
33309.00390625
30438.16015625
27705.65234375
25727.44921875
25056.05859375
26119.4140625
29164.6640625
34212.60546875
41030.65625
49132.41796875
57809.609375
66197.328125
73366.859375
78433.91796875
80665.48046875
79567.39453125
74938.0
66879.58203125
55767.796875
42187.40625
26848.2890625
10497.78125
-6156.38671875
-22502.83984375
-38058.9609375
-52480.19921875
-65550.56640625
-77159.82421875
-87272.01953125
-95888.921875
-103010.9609375
-108598.92578125
-112541.0
-114631.4921875
-114568.36328125
-111975.21875
-106449.8046875
-97635.33984375
-85304.9609375
-69444.546875
-50317.20703125
-28494.265625
-4842.87890625
19531.76953125
43383.1953125
65445.30859375
84560.63671875
99795.6796875
110526.921875
116486.75390625
117765.8125
114775.4296875
108179.5390625
98808.5390625
87568.1171875
75354.1640625
62981.3828125
51129.6640625
40309.03515625
30842.46484375
22865.25390625
16340.23828125
11088.515625
6834.7421875
3264.484375
88.01953125
-2897.953125
-5761.3984375
-8409.33984375
-10593.2578125
-11947.6875
-12057.41015625
-10542.2109375
-7143.66796875
-1797.25390625
5324.56640625
13807.25
23029.02734375
32230.69140625
40609.203125
47420.5546875
52075.8203125
54215.4453125
53749.68359375
50857.6953125
45943.43359375
39553.1015625
32265.4140625
24571.7578125
16766.8671875
8871.046875
601.33203125
-8598.453125
-19469.3359375
-32802.16015625
-49277.625
-69309.01171875
-92916.16796875
-119654.19921875
-148610.64453125
-178472.328125
-207650.48046875
-234442.8125
-257206.04296875
-274512.81640625
-285272.5234375
-288804.64453125
-284863.390625
-273621.11328125
-255623.2109375
-231728.43359375
-203045.5703125
-170872.42578125
-136637.38671875
-101840.00390625
-67985.7265625
-36511.86328125
-8705.875
14378.21484375
31995.734375
43768.5078125
49713.42578125
50236.1875
46089.0546875
38296.61328125
28057.91015625
16635.87109375
5245.875
-5045.48828125
-13402.3125
-19275.23046875
-22427.66015625
-22931.55859375
-21134.76953125
-17604.62109375
-13054.41796875
-8261.078125
-3982.44921875
-882.7578125
527.0078125
-71.1640625
-2784.79296875
-7515.109375
-13980.17578125
-21752.23046875
-30303.3046875
-39053.4765625
-47416.81640625
-54841.9140625
-60845.82421875
-65041.9609375
-67163.32421875
-67082.23046875
-64826.43359375
-60589.6015625
-54732.421875
-47769.7890625
-40340.1953125
-33156.0
-26936.82421875
-22332.65625
-19846.73046875
-19770.2421875
-22140.5
-26731.08984375
-33077.77734375
-40537.62109375
-48372.84765625
-55846.37890625
-62313.68359375
-67296.078125
-70524.2265625
-71946.0390625
-71699.9453125
-70060.9296875
-67371.38671875
-63971.0
-60138.76171875
-56056.2109375
-51795.4765625
-47329.40234375
-42556.3125
-37329.703125
-31483.859375
-24849.82421875
-17261.2421875
-8554.23046875
1431.39453125
12842.3828125
25789.21875
40310.99609375
56333.94921875
73633.69921875
91812.359375
110299.19921875
128378.33203125
145240.53125
160050.3671875
172016.78515625
180455.375
184833.94140625
184798.3125
180180.8046875
170997.37109375
157440.66796875
139874.421875
118830.86328125
95008.984375
69268.12890625
42610.5859375
16147.8671875
-8951.58203125
-31531.515625
-50528.55078125
-65056.16015625
-74482.34375
-78491.33984375
-77121.046875
-70770.1640625
-60172.31640625
-46338.05078125
-30469.5546875
-13856.2890625
2237.80078125
16683.71484375
28582.296875
37335.46875
42687.3515625
44732.25
43889.31640625
40846.53125
36478.93359375
31748.50390625
27595.390625
24832.33203125
24055.16015625
25581.49609375
29426.53125
35319.22265625
42755.12890625
51075.32421875
59556.08984375
67492.890625
74265.234375
79375.0546875
82458.9765625
83281.50390625
81719.734375
77750.015625
71442.86328125
62966.6640625
52594.90625
40708.1953125
27782.69921875
14359.9765625
999.24609375
-11780.984375
-23560.609375
-34062.38671875
-43173.14453125
-50936.5546875
-57518.76953125
-63154.171875
-68082.37890625
-72488.9296875
-76460.65234375
-79963.0078125
-82842.08203125
-84849.2890625
-85683.1796875
-85040.49609375
-82668.19140625
-78408.69140625
-72232.671875
-64255.8125
-54738.484375
-44069.44921875
-32736.390625
-21287.24609375
-10286.75
-272.69921875
8283.98828125
15011.92578125
19661.890625
22117.58203125
22393.68359375
20621.81640625
17026.53125
11895.23046875
5547.27734375
-1691.93359375
-9507.05078125
-17596.34375
-25663.875
-33405.20703125
-40494.77734375
-46583.9765625
-51317.2265625
-54368.625
-55495.1484375
-54596.01953125
-51763.296875
-47307.87890625
-41748.97265625
-35762.34765625
-30092.4609375
-25442.75
-22364.609375
-21167.54296875
-21869.23828125
-24196.578125
-27638.0
-31536.984375
-35208.203125
-38053.578125
-39656.25
-39835.828125
-38657.01171875
-36393.76171875
-33460.40234375
-30327.32421875
-27440.8828125
-25164.3515625
-23749.953125
-23343.08203125
-24010.796875
-25780.50390625
-28672.28125
-32711.34765625
-37913.59765625
-44246.29296875
-51574.34375
-59608.33984375
-67871.765625
-75701.31640625
-82287.09765625
-86750.53125
-88249.3515625
-86093.1328125
-79850.55859375
-69431.05078125
-55127.9296875
-37616.578125
-17907.62890625
2738.79296875
22927.39453125
41257.484375
56454.05078125
67486.453125
73662.73828125
74690.32421875
70697.31640625
62212.828125
50108.8515625
35510.32421875
19683.30078125
3913.453125
-10612.10546875
-22907.08984375
-32261.953125
-38286.13671875
-40913.4375
-40371.765625
-37122.9296875
-31781.82421875
-25026.84375
-17514.15625
-9807.37109375
-2331.2109375
4646.4765625
11005.18359375
16740.01953125
21916.94921875
26625.5546875
30939.3984375
34891.46484375
38468.12109375
41620.67578125
44289.69140625
46434.70703125
48061.0703125
49236.4296875
50091.65625
50803.91015625
51563.07421875
52526.26171875
53768.0078125
55236.23046875
56724.88671875
57873.47265625
58200.25
57170.68359375
54295.12109375
49242.05078125
41946.8828125
32693.125
22144.625
11314.56640625
1468.15234375
-6030.890625
-9907.51953125
-9165.45703125
-3247.2109375
7864.5390625
23622.390625
42970.71484375
64473.125
86488.68359375
107367.3046875
125633.3125
140130.10546875
150107.59765625
155245.13671875
155614.35546875
151596.19921875
143773.140625
132819.765625
119412.62890625
104173.92578125
87654.53515625
70352.34375
52753.2890625
35377.6171875
18813.08203125
3720.69921875
-9193.84375
-19240.81640625
-25827.859375
-28544.98828125
-27233.82421875
-22024.3984375
-13329.56640625
-1796.21484375
11778.21875
26547.88671875
41719.484375
56633.1640625
70809.5
83957.01171875
95943.9609375
106746.203125
116387.62109375
124889.8828125
132244.2109375
138410.1796875
143338.19140625
147004.75390625
149445.9140625
150774.7109375
151173.4609375
150859.44921875
150031.05859375
148807.68359375
147179.78515625
144983.46484375
141908.4296875
137539.9765625
131427.53515625
123165.96875
112473.203125
99248.83203125
83603.0859375
65852.25
46483.54296875
26098.44140625
5346.6875
-15136.34375
-34778.56640625
-53100.23828125
-69722.43359375
-84358.9375
-96799.19921875
-106891.390625
-114533.37109375
-119676.1953125
-122339.93359375
-122636.5546875
-120790.875
-117149.0546875
-112165.80078125
-106366.14453125
-100284.45703125
-94390.45703125
-89017.54296875
-84310.7421875
-80209.1171875
-76470.55078125
-72737.0390625
-68628.2578125
-63842.96875
-58244.41796875
-51908.51171875
-45121.5
-38326.171875
-32028.12109375
-26683.8359375
-22597.2109375
-19848.96875
-18275.36328125
-17500.20703125
-17011.1875
-16261.12890625
-14769.83203125
-12203.5625
-8416.39453125
-3448.34375
2513.72265625
9197.9375
16313.3671875
23602.75
30870.03125
37978.7890625
44825.640625
51299.1015625
57237.51171875
62399.51171875
66457.4609375
69019.02734375
69676.26171875
68075.53125
63996.6875
57426.40625
48609.58984375
38064.2265625
26549.90234375
14987.65234375
4338.47265625
-4542.53125
-11051.41796875
-14951.39453125
-16432.9765625
-16099.74609375
-14874.5625
-13836.87890625
-14016.953125
-16183.56640625
-20665.84375
-27245.3828125
-35143.05859375
-43107.71875
-49594.80078125
-53006.0078125
-51949.35546875
-45475.12109375
-33247.265625
-15621.76953125
6380.36328125
31199.32421875
56939.25390625
81613.12890625
103389.765625
120805.08203125
132907.80859375
139322.9609375
140231.10546875
136275.5546875
128420.328125
117787.55078125
105502.90625
92572.87890625
79808.5546875
67800.20703125
56936.66796875
47455.828125
39508.43359375
33217.54296875
28719.67578125
26179.99609375
25780.765625
27688.46875
32009.11328125
38742.484375
47745.1328125
58708.93359375
71158.5703125
84467.92578125
97893.04296875
110617.77734375
121807.8125
130668.44140625
136501.58203125
138757.36328125
137075.90234375
131315.44140625
121564.1640625
108134.8828125
91543.42578125
72473.36328125
51730.34375
30189.39453125
8738.078125
-11782.29296875
-30634.8984375
-47241.6875
-61228.64453125
-72455.16015625
-81020.24609375
-87239.68359375
-91592.1328125
-94638.03515625
-96921.65625
-98872.08984375
-100721.48046875
-102457.34765625
-103820.26953125
-104349.58984375
-103469.9765625
-100603.3046875
-95284.890625
-87262.4921875
-76560.16796875
-63496.54296875
-48655.953125
-32819.9453125
-16873.03125
-1700.13671875
11907.2578125
23322.69921875
32126.25
38114.66796875
41285.00390625
41800.8515625
39952.3671875
36120.34375
30751.39453125
24346.31640625
17458.125
10691.8203125
4695.58984375
134.08984375
-2361.4296875
-2264.6640625
761.5625
6783.97265625
15538.9921875
26412.16015625
38468.4140625
50535.87109375
61334.703125
69633.109375
74406.1953125
74972.25
71084.7734375
62966.765625
51283.765625
37062.21875
21567.44140625
6159.86328125
-7851.23046875
-19339.57421875
-27466.6640625
-31751.55078125
-32102.12109375
-28807.69140625
-22495.375
-14054.7109375
-4537.0859375
4961.13671875
13420.5859375
20012.70703125
24191.609375
25751.10546875
24837.92578125
21917.578125
17696.6015625
13012.03515625
8704.703125
5495.796875
3885.74609375
4090.22265625
6021.59765625
9316.37890625
13401.8203125
17589.6640625
21182.0390625
23574.78515625
24345.25
23315.15234375
20582.5703125
16520.32421875
11741.01953125
7031.44921875
3261.76953125
1277.73046875
1787.31640625
5255.6171875
11823.06640625
21261.2109375
32976.61328125
46067.08984375
59426.2421875
71883.33984375
82357.9140625
90003.82421875
94317.58984375
95190.8359375
92896.33203125
88009.9140625
81283.33203125
73493.40625
65297.99609375
57127.56640625
49133.25390625
41199.375
33014.15625
24179.88671875
14336.23828125
3269.51171875
-9014.25390625
-22264.36328125
-36009.5
-49621.46484375
-62402.76171875
-73680.33203125
-82889.66015625
-89637.9140625
-93740.02734375
-95226.09765625
-94321.7421875
-91405.10546875
-86945.90625
-81433.44921875
-75302.5859375
-68868.0703125
-62278.421875
-55498.90234375
-48329.59375
-40458.62109375
-31543.9921875
-21311.26171875
-9650.09375
3308.20703125
17147.97265625
31171.58203125
44450.4453125
55920.0703125
64507.78125
69276.12109375
69561.89453125
65090.41015625
56046.87890625
43092.0
27316.1015625
10134.8125
-6861.99609375
-22088.67578125
-34145.54296875
-41978.70703125
-44995.55859375
-43120.328125
-36783.0234375
-26845.2421875
-14475.37109375
-992.4375
12298.4609375
24256.484375
34021.5234375
41083.17578125
45295.95703125
46842.375
46153.23046875
43800.57421875
40382.56640625
36420.5078125
32285.48828125
28166.59375
24084.3125
19943.8359375
15614.74609375
11018.2421875
6201.40625
1381.109375
-3053.33984375
-6580.8359375
-8625.19140625
-8653.76953125
-6279.703125
-1349.484375
5998.94921875
15316.5390625
25864.0859375
36669.9921875
46616.21875
54541.3828125
59349.35546875
60112.45703125
56160.234375
47146.7578125
33091.625
14391.859375
-8196.15625
-33603.59375
-60521.92578125
-87496.6796875
-113035.453125
-135722.05078125
-154327.46875
-167907.921875
-175880.49609375
-178068.390625
-174710.28515625
-166431.9296875
-154182.45703125
-139142.140625
-122612.1875
-105899.015625
-90205.78515625
-76541.7578125
-65656.55859375
-58001.96875
-53720.06640625
-52653.82421875
-54375.38671875
-58227.9765625
-63378.8125
-68881.80078125
-73748.95703125
-77028.52734375
-77885.421875
-75677.1796875
-70016.98046875
-60815.24609375
-48293.69921875
-32969.35546875
-15610.71875
2827.71484375
21284.13671875
38672.43359375
53962.3125
66251.68359375
74828.73828125
79222.375
79239.27734375
74984.78125
66863.10546875
55552.3671875
41951.11328125
27096.84765625
12062.2109375
-2160.0390625
-14767.484375
-25236.2109375
-33370.4609375
-39302.359375
-43438.25
-46357.6484375
-48679.91015625
-50920.76953125
-53364.28515625
-55974.1015625
-58362.01171875
-59821.60546875
-59423.1484375
-56154.5234375
-49084.73828125
-37523.1015625
-21149.09375
-94.625
25030.0859375
53165.89453125
82880.3984375
112476.70703125
140121.5078125
163981.05859375
182356.78125
193814.69140625
197302.96484375
192250.38671875
178635.66796875
157016.04296875
128504.48828125
94689.72265625
57501.05859375
19030.10546875
-18669.63671875
-53778.27734375
-84871.9453125
-111028.6640625
-131863.2265625
-147488.640625
-158413.94921875
-165398.015625
-169284.9765625
-170848.00390625
-170664.671875
-169040.3046875
-165986.96875
-161256.90625
-154421.65234375
-144982.5859375
-132495.796875
-116693.44921875
-97584.90625
-75523.53515625
-51228.546875
-25755.89453125
-417.90625
23341.9921875
44105.7734375
60648.06640625
72089.109375
78007.37109375
78490.12890625
74109.7734375
65827.14453125
54837.9765625
42390.95703125
29612.68359375
17373.4296875
6218.328125
-3626.9921875
-12184.7578125
-19610.88671875
-26070.48046875
-31635.02734375
-36225.28515625
-39609.96484375
-41455.23046875
-41407.37890625
-39184.4765625
-34652.94140625
-27871.5
-19094.94140625
-8740.6796875
2670.44140625
14583.34375
26471.99609375
37884.54296875
48463.59375
57941.3515625
66114.6875
72809.0078125
77841.69140625
80995.3984375
82009.67578125
80595.421875
76472.4453125
69425.33203125
59368.55078125
46408.72265625
30891.109375
13418.76171875
-5163.36328125
-23821.57421875
-41419.75390625
-56828.9921875
-69046.015625
-77303.875
-81158.86328125
-80540.79296875
-75759.16796875
-67464.44140625
-56570.4296875
-44149.63671875
-31316.84375
-19117.05859375
-8431.609375
88.37109375
6057.78515625
9364.859375
10156.06640625
8806.21484375
5880.0
2088.51953125
-1759.3359375
-4812.94921875
-6246.0
-5332.66015625
-1529.76953125
5444.06640625
15545.25390625
28372.0
43172.90625
58903.5390625
74329.26953125
88163.76171875
99225.11328125
106586.71484375
109699.13671875
108462.8046875
103238.51171875
94792.76171875
84185.90234375
72620.90625
61277.77734375
51161.0625
42985.578125
37117.90234375
33580.12890625
32110.0234375
32260.66015625
33515.4296875
35392.890625
37520.40234375
39664.71875
41719.46484375
43660.171875
45485.0078125
47161.05078125
48592.34375
49618.16796875
50040.19140625
49669.0546875
48375.92578125
46134.4765625
43042.51171875
39319.08203125
35279.58984375
31296.36328125
27754.10546875
25008.50390625
23352.796875
22993.3828125
24032.44921875
26454.78515625
30116.9453125
34739.54296875
39906.13671875
45073.71875
49599.70703125
52787.84375
53951.71875
52490.0546875
47964.36328125
40167.2421875
29169.81640625
15339.1484375
-679.41796875
-18014.55078125
-35650.0625
-52524.3125
-67634.34375
-80130.33984375
-89387.70703125
-95048.13671875
-97026.328125
-95485.35546875
-90788.7578125
-83440.953125
-74027.97265625
-63168.48046875
-51480.23046875
-39561.796875
-27984.15234375
-17283.98828125
-7950.51953125
-400.76171875
5056.40234375
8261.203125
9237.984375
8211.50390625
5593.84375
1936.81640625
-2147.01171875
-6082.9140625
-9433.61328125
-11978.3828125
-13751.93359375
-15030.4921875
-16263.16015625
-17958.890625
-20550.47265625
-24263.8984375
-29022.83203125
-34412.3671875
-39715.203125
-44018.3828125
-46373.37890625
-45979.6484375
-42355.07421875
-35457.546875
-25730.58203125
-14060.75390625
-1652.40234375
10157.59375
20109.890625
27217.12109375
30905.80078125
31079.8125
28095.96875
22660.2890625
15669.3984375
8031.4296875
503.46484375
-6422.98828125
-12568.7734375
-18041.76953125
-23150.89453125
-28282.9609375
-33772.78515625
-39796.6328125
-46312.61328125
-53060.1171875
-59617.04296875
-65501.03125
-70291.53125
-73745.58984375
-75881.7421875
-77012.828125
-77718.84375
-78762.31640625
-80959.82421875
-85031.640625
-91456.15625
-100355.7578125
-111436.14453125
-123992.43359375
-136983.88671875
-149166.76171875
-159263.8046875
-166141.56640625
-168964.83984375
-167301.90625
-161164.1953125
-150977.58984375
-137496.45703125
-121682.66015625
-104576.90234375
-87188.140625
-70418.75390625
-55031.27734375
-41650.26953125
-30783.82421875
-22845.734375
-18161.90625
-16952.43359375
-19290.7109375
-25050.58203125
-33858.421875
-45068.57421875
-57776.66015625
-70877.75
-83166.90234375
-93469.91796875
-100784.9140625
-104411.1875
-104042.39453125
-99805.6953125
-92237.40234375
-82196.90625
-70732.46875
-58922.3125
-47719.98828125
-37832.421875
-29652.109375
-23253.109375
-18446.21875
-14875.91796875
-12133.63671875
-9860.328125
-7817.05078125
-5912.6484375
-4189.97265625
-2782.5390625
-1859.203125
-1574.59375
-2037.5703125
-3302.19921875
-5377.375
-8245.8203125
-11881.546875
-16257.37890625
-21339.26171875
-27069.93359375
-33349.25390625
-40020.10546875
-46867.6484375
-53635.80078125
-60059.56640625
-65907.09375
-71022.015625
-75355.9140625
-78982.50390625
-82089.1015625
-84945.66796875
-87856.390625
-91102.40625
-94885.52734375
-99282.71484375
-104218.65625
-109460.6796875
-114636.64453125
-119273.09375
-122848.38671875
-124853.703125
-124853.98046875
-122540.68359375
-117769.2734375
-110575.88671875
-101170.64453125
-89908.30078125
-77241.0625
-63661.72265625
-49647.63671875
-35616.4140625
-21902.16796875
-8757.02734375
3622.93359375
15054.28125
25316.9453125
34113.59765625
41051.7421875
45659.15234375
47436.93359375
45946.62890625
40919.47265625
32369.09765625
20685.06640625
6684.8515625
-8393.5625
-22967.4296875
-35250.8828125
-43447.94140625
-45971.96875
-41660.1796875
-29950.87890625
-10995.578125
14312.38671875
44398.796875
77152.2265625
110132.46484375
140817.76953125
166861.42578125
186328.15234375
197884.703125
200924.81640625
195616.21875
182865.74609375
164207.29296875
141625.78125
117337.85546875
93555.59765625
72261.96484375
55025.33984375
42874.71875
36247.94140625
35013.89453125
38558.15625
45912.671875
55905.0703125
67303.5
78937.70703125
89785.265625
99020.8203125
106034.0390625
110426.63671875
111999.5078125
110738.6328125
106803.47265625
100516.83984375
92351.66015625
82909.0234375
72883.75
63016.890625
54038.875
46609.8984375
41265.39453125
38373.453125
38108.34765625
40441.01953125
45144.50390625
51810.73828125
59875.37890625
68648.4453125
77350.42578125
85154.68359375
91237.0859375
94832.53125
95296.02734375
92163.4609375
85205.77734375
74469.484375
60297.4609375
43325.63671875
24453.5859375
4789.35546875
-14428.9140625
-31930.28515625
-46520.68359375
-57196.5625
-63251.5859375
-64363.85546875
-60650.48046875
-52678.1875
-41423.06640625
-28179.66015625
-14427.99609375
-1675.3125
8705.48046875
15617.11328125
18339.42578125
16579.23828125
10467.08984375
509.13671875
-12490.79296875
-27521.87890625
-43455.37109375
-59123.91796875
-73390.015625
-85207.67578125
-93682.75
-98134.5546875
-98155.55859375
-93659.57421875
-84905.1328125
-72481.47265625
-57250.3984375
-40247.3125
-22555.2421875
-5174.20703125
11088.90625
25688.45703125
38354.12890625
49051.91796875
57905.19921875
65097.65234375
70782.3359375
75017.13671875
77738.32421875
78773.1875
77883.515625
74825.97265625
69414.23046875
61570.90234375
51362.35546875
39015.0234375
24915.390625
9597.0625
-6282.66015625
-21976.37109375
-36691.40234375
-49646.9609375
-60142.2734375
-67630.640625
-71790.0625
-72578.12890625
-70258.3046875
-65387.3984375
-58759.8125
-51311.625
-43995.9921875
-37647.78125
-32859.57421875
-29890.8515625
-28628.09375
-28605.62109375
-29086.73828125
-29193.9453125
-28067.66015625
-25026.83203125
-19703.48046875
-12127.01953125
-2742.65234375
7640.1484375
17960.5
27060.609375
33854.94921875
37485.05078125
37434.390625
33586.2265625
26218.265625
15939.82421875
3586.9453125
-9902.99609375
-23613.98046875
-36751.09375
-48703.47265625
-59064.9375
-67615.51953125
-74274.35546875
-79039.41796875
-81930.91015625
-82953.3125
-82085.7890625
-79303.2265625
-74621.77734375
-68155.453125
-60165.7890625
-51086.60546875
-41510.61328125
-32133.890625
-23665.390625
-16719.2265625
-11714.03515625
-8804.015625
-7859.73828125
-8504.796875
-10200.23046875
-12356.19140625
-14443.515625
-16078.62109375
-17063.15234375
-17372.91015625
-17104.33984375
-16397.609375
-15359.8125
-14009.53125
-12255.6953125
-9913.21875
-6747.52734375
-2533.8515625
2884.75390625
9553.9609375
17387.05859375
26167.890625
35574.50390625
45217.2109375
54683.765625
63584.80859375
71593.69140625
78475.75390625
84103.2421875
88453.4296875
91589.546875
93626.9609375
94690.1953125
94869.01953125
94183.1328125
92564.23828125
89861.51171875
85871.7421875
80390.296875
73274.06640625
64504.25390625
54236.0
42823.26953125
30811.82421875
18898.63671875
7862.8984375
-1520.66796875
-8571.3671875
-12779.30859375
-13856.2578125
-11752.8046875
-6641.5390625
1126.7421875
11081.125
22688.0390625
35395.01171875
48652.77734375
61915.1953125
74623.515625
86186.609375
95970.3671875
103307.07421875
107530.34375
108034.16796875
104348.33984375
96217.8046875
83671.93359375
67070.984375
47120.53125
24849.66796875
1553.58984375
-21294.40234375
-42153.44921875
-59538.26953125
-72144.33203125
-78964.23828125
-79385.1328125
-73257.69140625
-60928.59765625
-43230.6484375
-21427.66796875
2884.3828125
27913.65625
51834.3984375
72958.328125
89896.2265625
101689.87109375
107897.04296875
108617.58203125
104455.90625
96424.140625
85797.953125
73944.0625
62142.13671875
51424.82421875
42457.0234375
35470.4296875
30261.5546875
26252.78125
22606.7421875
18376.46484375
12668.1328125
4791.2109375
-5626.92578125
-18578.78125
-33674.25390625
-50194.82421875
-67191.50390625
-83607.04296875
-98400.49609375
-110654.66015625
-119652.9375
-124920.18359375
-126230.05078125
-123586.92578125
-117193.375
-107413.15234375
-94737.0
-79754.08984375
-63128.18359375
-45574.81640625
-27834.78515625
-10640.0703125
5329.6640625
19498.8828125
31451.6953125
40983.640625
48139.82421875
53229.19921875
56806.30859375
59616.24609375
62505.1875
66306.3984375
71718.62109375
79197.796875
88882.5625
100568.34375
113735.14453125
127622.24609375
141332.7265625
153944.6015625
164605.50390625
172594.4921875
177345.26171875
178437.34375
175570.91015625
168544.75390625
157254.0078125
141715.578125
122117.8125
98880.1875
72702.36328125
44581.60546875
15783.34765625
-12239.78125
-37973.25390625
-59992.59375
-77118.078125
-88547.31640625
-93945.0859375
-93477.66015625
-87788.47265625
-77920.91015625
-65200.9609375
-51096.3515625
-37069.4453125
-24439.6640625
-14267.77734375
-7270.8125
-3772.69140625
-3692.98828125
-6573.80859375
-11642.72265625
-17907.23046875
-24273.21484375
-29676.1953125
-33210.84765625
-34241.9375
-32480.04296875
-28008.79296875
-21257.0
-12918.0234375
-3828.375
5174.65234375
13392.2265625
20376.75390625
26000.26171875
30469.34765625
34287.76953125
38176.5
42966.6875
49482.65234375
58430.09375
70300.62109375
85299.328125
103298.69140625
123820.51953125
146047.60546875
168866.94140625
190945.73828125
210839.00390625
227122.88671875
238542.078125
244154.3203125
243451.60546875
236438.19921875
223650.30078125
206110.5390625
185221.125
162609.79296875
139950.65234375
118785.76171875
100372.1171875
85573.390625
74807.28125
68050.234375
64892.85546875
64633.45703125
66394.0234375
69242.29296875
72305.32421875
74862.3203125
76407.984375
76680.9609375
75656.06640625
73503.04296875
70519.0390625
67045.9921875
63386.796875
59734.84375
56129.64453125
52446.76953125
48424.27734375
43721.07421875
37996.9140625
31000.04296875
22647.36328125
13083.421875
2707.7265625
-7835.62109375
-17707.41015625
-25958.46875
-31642.83203125
-33946.65234375
-32317.125
-26572.81640625
-16976.20703125
-4251.625
10462.1796875
25726.26171875
39972.1640625
51707.1484375
59723.015625
63273.58984375
62188.5625
56900.796875
48378.6015625
37971.5390625
27194.10546875
17483.32421875
9971.17578125
5310.1328125
3580.6875
4295.09765625
6495.17578125
8926.1875
10256.92578125
9309.23046875
5259.89453125
-2216.7421875
-12886.7890625
-25983.3359375
-40315.515625
-54441.27734375
-66875.9375
-76303.98046875
-81762.421875
-82769.640625
-79382.91015625
-72179.16796875
-62164.8515625
-50630.05859375
-38969.05078125
-28492.03515625
-20253.00390625
-14915.0390625
-12669.3359375
-13217.23828125
-15817.07421875
-19389.81640625
-22670.2109375
-24383.9453125
-23427.4453125
-19025.8671875
-10847.41796875
942.02734375
15691.27734375
32340.5
49550.2578125
65863.44140625
79876.9921875
90400.3515625
96581.17578125
97985.09765625
94623.58203125
86931.25390625
75699.90625
61980.890625
46969.6875
31887.19140625
17870.796875
5885.9609375
-3334.91015625
-9323.80859375
-11880.6328125
-11054.6484375
-7111.6015625
-494.5625
8215.51953125
18336.8828125
29122.58984375
39798.3203125
49606.3359375
57857.4453125
63988.8046875
67620.3828125
68599.55078125
67022.1953125
63221.79296875
57723.85546875
51170.98828125
44231.125
37505.76953125
31455.28125
26353.7421875
22278.49609375
19131.0390625
16679.328125
14608.63671875
12569.26171875
10214.0703125
7224.859375
3331.6015625
-1669.109375
-7891.3125
-15331.37890625
-23838.1484375
-33089.4765625
-42584.55859375
-51659.71875
-59530.80859375
-65359.60546875
-68336.49609375
-67768.51171875
-63161.01953125
-54283.0546875
-41209.05078125
-24332.7578125
-4351.73046875
17777.5859375
40912.3984375
63819.87890625
85290.40625
104256.859375
119905.3046875
131760.234375
139728.17578125
144088.2734375
145426.78125
144523.18359375
142206.046875
139204.21484375
136021.3984375
132857.890625
129593.87109375
125835.42578125
121011.484375
114499.7421875
105755.30859375
94417.69921875
80379.33984375
63809.0234375
45134.3515625
24994.62890625
4178.98046875
-16436.953125
-35947.1640625
-53461.390625
-68143.6953125
-79248.171875
-86156.41015625
-88418.3984375
-85794.70703125
-78294.12890625
-66198.8125
-50068.83984375
-30720.32421875
-9174.8515625
13417.140625
35871.6640625
57073.66796875
76072.96484375
92159.53515625
104906.78515625
114176.30078125
120084.42578125
122938.12109375
123153.62109375
121174.2890625
117403.5546875
112164.19921875
105688.15625
98133.2265625
89616.68359375
80252.75390625
70181.76953125
59583.1796875
48670.90625
37675.54296875
26822.09375
16312.56640625
6320.44140625
-3000.80078125
-11498.3671875
-18997.60546875
-25285.8359375
-30110.9375
-33199.390625
-34293.0546875
-33198.28515625
-29836.84765625
-24286.41796875
-16799.6875
-7795.44140625
2179.078125
12508.734375
22583.00390625
31866.91015625
39957.30078125
46615.21484375
51770.5234375
55501.34765625
57995.421875
59503.46484375
60294.203125
60618.53515625
60686.42578125
60656.8046875
60637.96484375
60695.0
60860.98046875
61149.1875
61564.34375
62110.90234375
62796.15234375
63626.015625
64592.15625
65651.26953125
66700.46875
67555.78515625
67942.52734375
67505.65625
65844.71484375
62571.92578125
57385.15625
50142.1484375
40919.73046875
30043.87890625
18082.16796875
5798.55078125
-5921.40625
-16160.91015625
-24062.38671875
-28905.29296875
-30164.34765625
-27547.94921875
-21021.2578125
-10819.765625
2543.62890625
18280.125
35342.609375
52469.4765625
68262.796875
81302.42578125
90287.578125
94187.5859375
92376.921875
84728.9140625
71648.83203125
54038.46484375
33198.10546875
10683.859375
-11854.69921875
-32831.18359375
-50853.6015625
-64819.6953125
-73975.41796875
-77942.12109375
-76720.01953125
-70673.0078125
-60495.3046875
-47156.109375
-31817.46875
-15723.91796875
-69.4921875
14143.4765625
26232.58203125
35926.71484375
43400.33984375
49239.76171875
54343.2734375
59770.328125
66565.20703125
75585.11328125
87361.1484375
102013.13671875
119228.28515625
138302.15625
158230.06640625
177830.6484375
195880.66015625
211241.47265625
222961.8984375
230347.65234375
232994.1484375
230784.765625
223861.23828125
212575.65625
197434.36328125
179043.21875
158061.296875
135166.69921875
111034.6484375
86325.27734375
61677.0546875
37701.921875
14979.69921875
-5948.82421875
-24589.04296875
-40498.453125
-53290.890625
-62640.515625
-68289.05859375
-70060.57421875
-67887.03515625
-61844.734375
-52196.9140625
-39433.078125
-24292.56640625
-7759.62109375
8979.15625
24617.4296875
37845.65625
47487.47265625
52635.62109375
52765.515625
47806.72265625
38159.23046875
24650.3203125
8437.58984375
-9127.66015625
-26656.54296875
-42875.6484375
-56755.91015625
-67600.85546875
-75084.81640625
-79240.0859375
-80399.796875
-79109.8046875
-76026.67578125
-71819.30859375
-67089.30078125
-62319.95703125
-57857.296875
-53919.94140625
-50629.5703125
-48050.796875
-46229.2578125
-45219.015625
-45094.27734375
-45944.99609375
-47859.8828125
-50902.87890625
-55090.046875
-60372.9765625
-66632.58984375
-73684.3515625
-81292.9375
-89192.16015625
-97104.703125
-104756.62109375
-111883.1875
-118225.60546875
-123521.328125
-127493.6953125
-129848.01953125
-130280.7421875
-128505.52734375
-124295.5078125
-117535.75390625
-108275.33203125
-96765.9140625
-83474.7109375
-69063.328125
-54330.9921875
-40128.17578125
-27253.8515625
-16353.99609375
-7839.7109375
-1840.04296875
1802.1484375
3491.48046875
3807.09375
3410.40625
2951.36328125
2989.80859375
3943.640625
6068.55859375
9466.48828125
14113.984375
19898.8125
26653.6171875
34179.1953125
42255.34375
50642.7734375
59082.98046875
67303.703125
75035.16796875
82037.859375
88137.44921875
93258.8984375
97450.55078125
100890.74609375
103873.5546875
106775.12890625
110006.2890625
113959.04296875
118954.6015625
125198.26171875
132743.8203125
141468.21484375
151056.5546875
160999.0625
170603.30859375
179026.64453125
185333.1328125
188575.984375
187900.96875
182659.6328125
172515.62890625
157525.03125
138173.3828125
115358.51171875
90317.4296875
64505.8203125
39447.1171875
16572.78125
-2924.17578125
-18204.51171875
-28855.1796875
-34914.3515625
-36850.26171875
-35498.890625
-31967.5703125
-27512.4921875
-23399.5859375
-20760.171875
-20456.078125
-22971.01953125
-28345.64453125
-36170.05078125
-45640.1796875
-55673.63671875
-65068.70703125
-72680.77734375
-77585.69140625
-79201.53125
-77348.82421875
-72242.0546875
-64419.421875
-54629.3671875
-43698.86328125
-32408.6328125
-21395.1015625
-11090.23828125
-1701.23828125
6775.265625
14513.69140625
21804.296875
28990.31640625
36402.87109375
44297.68359375
52797.57421875
61846.14453125
71179.70703125
80325.21875
88630.25390625
95326.9375
99625.48828125
100825.93359375
98430.9921875
92240.26171875
82407.171875
69445.8828125
54184.0234375
37667.45703125
21032.609375
5367.87109375
-8412.36328125
-19660.88671875
-28044.68359375
-33541.875
-36393.8125
-37025.2109375
-35949.1171875
-33674.265625
-30629.30078125
-27113.7109375
-23279.20703125
-19140.04296875
-14606.4296875
-9532.5546875
-3769.73046875
2784.2734375
10147.08984375
18229.4765625
26830.74609375
35650.4296875
44312.296875
52394.98828125
59463.40625
65095.9921875
68905.24609375
70551.62109375
69753.26953125
66295.47265625
60043.19921875
50958.578125
39122.0
24752.59765625
8221.4765625
-9949.484375
-29109.0390625
-48520.296875
-67424.31640625
-85115.71484375
-101018.72265625
-114749.88671875
-126154.75
-135309.3671875
-142483.77734375
-148071.51953125
-152496.1640625
-156110.8984375
-159109.203125
-161463.51171875
-162904.16796875
-162944.234375
-160947.68359375
-156230.88671875
-148181.421875
-136374.9375
-120670.8828125
-101271.015625
-78730.36328125
-53917.78125
-27931.00390625
-1978.05078125
22758.16015625
45252.73828125
64750.578125
80841.4140625
93487.921875
103003.078125
109979.91015625
115183.3671875
119419.43359375
123400.36328125
127626.4609375
132303.40234375
137309.7421875
142222.01171875
146395.44140625
149088.37890625
149609.96484375
147465.37109375
142472.53515625
134829.13671875
125117.828125
114249.2890625
103354.0234375
93642.4375
86256.625
82136.515625
81917.8046875
85871.58984375
93887.83984375
105498.140625
119929.18359375
136176.734375
153090.23046875
169459.8671875
184099.98828125
195924.765625
204013.55859375
207664.6484375
206436.40625
200175.0234375
189027.4296875
173437.19921875
154120.9921875
132023.3828125
108249.859375
83980.87890625
60373.99609375
38464.91015625
19080.66796875
2778.02734375
-10183.33203125
-19828.9609375
-26422.34765625
-30392.171875
-32248.15234375
-32500.64453125
-31596.578125
-29879.34375
-27574.34765625
-24796.64453125
-21573.82421875
-17876.3828125
-13649.125
-8839.30859375
-3419.80078125
2592.86328125
9125.15625
16037.8515625
23122.79296875
30106.38671875
36661.18359375
42425.91015625
47033.203125
50142.56640625
51475.05078125
50845.3828125
48187.2578125
43568.08203125
37190.32421875
29378.109375
20549.05859375
11173.4453125
1724.59375
-7373.56640625
-15794.39453125
-23343.93359375
-29976.796875
-35787.8125
-40978.609375
-45802.96484375
-50499.26953125
-55222.078125
-59985.99609375
-64634.26171875
-68840.4921875
-72146.29296875
-74030.5859375
-73999.88671875
-71683.8359375
-66918.15625
-59798.51953125
-50693.46875
-40211.7421875
-29127.90625
-18278.0859375
-8443.35546875
-240.74609375
5959.9375
10080.28125
12332.609375
13176.96875
13244.97265625
13244.59375
13861.51953125
15671.67578125
19076.01953125
24264.2734375
31209.30078125
39689.3515625
49331.79296875
59669.40234375
70199.11328125
80433.60546875
89938.171875
98348.8828125
105372.6171875
110773.95703125
114357.24609375
115952.9453125
115415.7890625
112638.0625
107575.953125
100282.14453125
90934.6328125
79851.99609375
67487.95703125
54403.17578125
41217.453125
28549.94140625
16957.09765625
6877.90625
-1406.22265625
-7792.78515625
-12359.546875
-15347.58203125
-17128.69921875
-18161.0
-18936.453125
-19924.73828125
-21517.91796875
-23980.83203125
-27412.46484375
-31723.2109375
-36632.36328125
-41688.82421875
-46315.921875
-49878.57421875
-51767.5
-51491.5625
-48765.71484375
-43580.1875
-36236.51171875
-27339.63671875
-17741.76953125
-8442.421875
-458.140625
5317.3359375
8238.8125
7999.63671875
4671.34375
-1311.453125
-9214.77734375
-18102.859375
-26950.7890625
-34754.09765625
-40621.77734375
-43845.984375
-43948.08984375
-40704.89453125
-34159.890625
-24622.69140625
-12656.46875
949.9296875
15230.0390625
29111.58203125
41512.015625
51452.28125
58177.21875
61266.46875
60717.44921875
56983.3125
50953.66796875
43874.1328125
37210.44140625
32473.08203125
31026.2265625
33909.078125
41697.04296875
54424.421875
71580.54296875
92179.203125
114889.44140625
138206.2109375
160634.265625
180858.16015625
197875.33984375
211076.6171875
220267.3203125
225631.1875
227646.75
226971.12890625
224309.4453125
220288.52734375
215352.5390625
209694.8203125
203235.73046875
195650.11328125
186441.25
175051.16796875
160990.9375
143970.41796875
124005.5
101483.07421875
77169.74609375
52159.03515625
27762.29296875
5358.74609375
-13771.75390625
-28605.51171875
-38494.60546875
-43228.8359375
-43030.22265625
-38483.07421875
-30415.34375
-19756.23828125
-7399.07421875
5903.98828125
19596.96875
33318.46484375
46850.14453125
60032.9765625
72674.9140625
84474.45703125
94979.21484375
103589.859375
109609.47265625
112329.12890625
111134.078125
105612.30859375
95648.0859375
81486.2734375
63757.96484375
43462.765625
21907.7265625
607.09765625
-18849.03125
-34945.546875
-46397.59765625
-52293.3125
-52206.15625
-46260.91015625
-35141.30078125
-20033.9296875
-2510.9453125
15637.56640625
32603.109375
46766.15234375
56885.07421875
62241.0703125
62718.27734375
58806.33984375
51522.953125
42265.484375
32611.71875
24097.92578125
18006.69140625
15195.6875
15991.98828125
20165.828125
26984.22265625
35332.27734375
43879.6171875
51264.109375
56264.94140625
57942.2578125
55728.83984375
49469.32421875
39411.08984375
26157.36328125
10595.9609375
-6183.6171875
-22974.89453125
-38535.41796875
-51662.46875
-61264.375
-66428.77734375
-66487.640625
-61075.81640625
-50177.0078125
-34148.62109375
-13717.2578125
10061.01171875
35876.59765625
62273.1015625
87773.54296875
111010.171875
130840.75390625
146436.109375
157328.84375
163420.07421875
164947.9765625
162427.39453125
156572.703125
148216.015625
138230.3671875
127463.921875
116687.63671875
106556.12890625
97580.6171875
90112.9140625
84340.30078125
80292.0
77857.60546875
76817.125
76880.1171875
77729.80078125
79066.34765625
80643.359375
82292.35546875
83932.1640625
85562.58984375
87244.66015625
89071.69140625
91136.94921875
93503.796875
96183.5390625
99124.375
102212.65625
105285.0859375
108148.28125
110600.43359375
112449.57421875
113523.83203125
113671.4765625
112751.83984375
110621.55078125
107123.015625
102082.80859375
95325.91015625
86707.96875
76162.34375
63753.49609375
49724.3359375
34524.2109375
18806.55078125
3390.82421875
-10809.1484375
-22880.76953125
-32016.49609375
-37607.63671875
-39311.0703125
-37076.84765625
-31132.13671875
-21925.5859375
-10043.59765625
3884.4453125
19273.51171875
35645.85546875
52658.27734375
70089.875
87795.20703125
105635.5625
123406.35546875
140780.1875
157281.97265625
172305.46875
185170.54296875
195210.0859375
201867.30859375
204780.33984375
203833.13671875
199159.609375
191099.26171875
180115.359375
166696.5078125
151267.21484375
134130.84375
115459.95703125
95336.4453125
73830.5546875
51097.3828125
27464.4296875
3485.59375
-20055.28515625
-42196.25
-61896.4921875
-78164.6171875
-90190.98046875
-97458.703125
-99812.66796875
-97474.61328125
-91003.07421875
-81207.37109375
-69032.58203125
-55436.80859375
-41281.77734375
-27253.7890625
-13825.07421875
-1257.078125
10360.7421875
21049.4453125
30872.25
39875.15625
48048.609375
55316.65234375
61553.15625
66618.55859375
70406.3671875
72887.0703125
74138.58984375
74356.3203125
73840.79296875
72966.45703125
72138.8203125
71749.1796875
72135.58984375
73556.203125
76177.1953125
80073.875
85240.40625
91602.5546875
99028.2265625
107332.58203125
116277.32421875
125566.171875
134840.56640625
143680.1015625
151611.87890625
158131.390625
162735.64453125
164966.99609375
164464.03125
161013.80859375
154598.18359375
145426.1484375
133944.36328125
120819.83203125
106892.3984375
93099.44921875
80381.01953125
69578.1796875
61340.55078125
56058.53125
53832.13671875
54481.8046875
57598.6328125
62623.875
68942.33203125
75972.21484375
83235.9921875
90401.42578125
97288.5234375
103844.671875
110095.75390625
116084.30859375
121807.25
127164.84765625
131930.74609375
135749.52734375
138164.41796875
138673.3203125
136806.55078125
132215.33203125
124756.6796875
114559.109375
102054.91015625
87969.078125
73261.83203125
59029.62109375
46377.53515625
36281.609375
29462.2734375
26288.765625
26729.44140625
30355.44140625
36396.6796875
43841.0859375
51562.09375
58455.9453125
63570.3515625
66208.22265625
65994.8671875
62902.4921875
57231.71875
49555.01953125
40631.28515625
31303.39453125
22392.0703125
14598.91015625
8429.9921875
4148.5859375
1761.83984375
1042.2890625
1580.58203125
2862.0234375
4356.4765625
5609.19921875
6320.0390625
6399.640625
5994.45703125
5476.3125
5397.5078125
6417.203125
9209.28125
14364.81640625
22303.296875
33205.66015625
46978.88671875
63257.0390625
81437.69140625
100747.109375
120322.91796875
139300.6875
156891.11328125
172437.21875
185445.8828125
195593.58984375
202711.47265625
206758.43359375
207792.16796875
205946.82421875
201422.390625
194486.625
185485.75
174857.0
163134.67578125
150942.3359375
138966.47265625
127911.24609375
118438.33984375
111099.96875
106275.7421875
104124.64453125
104561.79296875
107266.109375
111719.90625
117275.87109375
123241.9609375
128971.3359375
133943.54296875
137824.73046875
140498.58203125
142064.8203125
142807.7421875
143141.515625
143542.00390625
144475.4375
146333.35546875
149381.0703125
153724.19140625
159295.33984375
165860.94140625
173046.13671875
180374.19921875
187315.3515625
193338.60546875
197959.77734375
200779.42578125
201506.5
199966.44921875
196096.28515625
189931.7734375
181593.4765625
171277.35546875
159252.70703125
145866.2109375
131546.76953125
116803.82421875
102211.90234375
88377.48828125
75889.0625
65256.71484375
56851.7890625
50858.73828125
47250.046875
45790.93359375
46075.171875
47587.3359375
49782.2578125
52169.515625
54389.9765625
56272.71484375
57863.22265625
59417.61328125
61362.19140625
64222.5859375
68531.70703125
74730.00390625
83074.140625
93570.45703125
105946.59765625
119668.8828125
134004.81640625
148121.41015625
161202.4921875
172563.8203125
181744.484375
188557.3671875
193089.08203125
195649.38671875
196679.66015625
196637.5625
195879.453125
194562.6171875
192586.2890625
189584.046875
184972.00390625
178047.69921875
168125.765625
154689.02734375
137529.203125
116851.1171875
93318.453125
68027.8828125
42410.60546875
18073.67578125
-3394.3359375
-20621.05859375
-32617.3671875
-38885.17578125
-39448.671875
-34806.68359375
-25819.1015625
-13552.0625
887.21875
16496.0625
32479.23828125
48297.3515625
63660.59765625
78478.4140625
92781.828125
106637.78125
120072.44921875
133016.24609375
145277.1171875
156543.1875
166411.0234375
174432.58203125
180172.015625
183263.09375
183458.79296875
180666.57421875
174965.671875
166606.03125
155991.31640625
143650.3203125
130201.62109375
116315.08984375
102672.2890625
89926.02734375
78659.01953125
69342.73828125
62300.14453125
57678.6484375
55441.13671875
55381.875
57169.85546875
60416.015625
64753.53515625
69915.38671875
75791.59765625
82451.66015625
90124.703125
99139.31640625
109834.3359375
122458.23046875
137077.17578125
153509.59375
171298.9375
189728.91796875
207877.76953125
224702.40625
239140.1328125
250214.62890625
257134.1015625
259371.375
256718.14453125
249308.28515625
237607.86328125
222372.74609375
204578.140625
185328.046875
165755.36328125
146924.97265625
129751.6875
114942.40625
102967.5625
94061.8203125
88249.12109375
85383.8125
85198.20703125
87347.859375
91448.703125
97103.62109375
103919.2890625
111516.1875
119534.80859375
127640.17578125
135524.95703125
142910.2421875
149543.03515625
155190.9140625
159636.6875
162678.08203125
164138.0625
163889.7265625
161895.3515625
158253.63671875
153243.83984375
147352.63671875
141270.66015625
135850.953125
132030.01953125
130721.44140625
132699.66015625
138494.61328125
148316.33203125
162021.8828125
179127.98046875
198863.12109375
220246.44140625
242177.67578125
263524.21484375
283195.84765625
300203.7734375
313705.33984375
323038.4375
327749.33203125
327615.03515625
322657.95703125
313147.796875
299584.921875
282661.29296875
263198.890625
242071.1015625
220117.37109375
198065.07421875
176473.2421875
155710.01171875
135970.2578125
117331.77734375
99840.10546875
83604.7109375
68884.93359375
56143.99609375
46053.83203125
39442.37890625
37186.2265625
40063.3984375
48590.87109375
62876.69921875
82516.59765625
106558.45703125
133547.375
161649.8515625
188841.79296875
213133.70703125
232799.65625
246575.875
253799.953125
254471.3828125
249226.8828125
239237.12890625
226042.86328125
211356.125
196855.609375
184003.375
173904.375
167221.58203125
164150.01953125
164444.16796875
167486.9296875
172385.40625
178079.08203125
183448.89453125
187419.98828125
189054.5078125
187632.87109375
182721.7734375
174224.94921875
162410.18359375
147904.52734375
131650.6953125
114822.16796875
98701.5234375
84534.97265625
73382.83984375
65989.2734375
62692.73046875
63392.1796875
67573.68359375
74390.953125
82784.04296875
91615.015625
99799.17578125
106414.46875
110778.3984375
112489.19140625
111433.7265625
107768.1015625
101877.62109375
94322.4296875
85773.7734375
76945.69140625
68527.21875
61121.296875
55197.25
51062.9765625
48860.73828125
48586.5859375
50128.76953125
53316.56640625
57968.5390625
63929.37890625
71087.15625
79367.37890625
88705.76953125
99006.7109375
110097.80859375
121692.421875
133370.57421875
144585.3046875
154696.484375
163028.58984375
168944.09375
171920.71875
171619.75
167934.0390625
161007.88671875
151226.2265625
139176.01953125
125587.45703125
111265.453125
97022.421875
83621.203125
71733.18359375
61912.0546875
54579.58984375
50017.4296875
48358.9375
49577.6875
53473.08984375
59658.18359375
67557.80859375
76426.1484375
85390.41015625
93522.38671875
99932.8984375
103877.65234375
104858.21484375
102700.5625
97595.92578125
90094.578125
81051.01171875
71527.16015625
62666.9609375
55559.734375
51110.6015625
49934.2421875
52284.14453125
58024.29296875
66644.9296875
77319.16015625
88993.1171875
100499.48828125
110681.9765625
118517.5625
123223.34765625
124336.38671875
121757.48828125
115753.578125
106917.90234375
96092.10546875
84258.9921875
72418.87890625
61465.27734375
52076.5859375
44639.203125
39213.52734375
35548.27734375
33140.68359375
31332.4140625
29424.56640625
26791.76953125
22976.15234375
17746.6953125
11117.29296875
3325.76953125
-5216.21484375
-13988.0625
-22424.9921875
-29971.5546875
-36118.54296875
-40424.5234375
-42527.75
-42156.08203125
-39140.71484375
-33435.49609375
-25138.71484375
-14510.18359375
-1975.21484375
11891.6484375
26405.70703125
40831.09765625
54451.19140625
66638.140625
76908.5390625
84954.453125
90644.30859375
93994.53125
95119.52734375
94172.140625
91288.703125
86551.1015625
79973.82421875
71517.4296875
61123.55078125
48761.4140625
34473.8203125
18411.5625
849.12109375
-17820.171875
-37106.1484375
-56453.90234375
-75278.046875
-92992.5078125
-109032.71875
-122870.9921875
-134029.00390625
-142092.62109375
-146733.44921875
-147738.58203125
-145046.1875
-138780.9609375
-129280.7265625
-117105.2734375
-103019.98828125
-87950.83984375
-72912.29296875
-58915.046875
-46865.3671875
-37470.50390625
-31165.34765625
-28072.94140625
-28006.77734375
-30515.73828125
-34965.20703125
-40640.89453125
-46857.45703125
-53052.515625
-58849.43359375
-64078.11328125
-68751.74609375
-73006.4609375
-77018.66796875
-80919.46875
-84725.59375
-88302.3515625
-91366.1484375
-93525.01953125
-94346.8515625
-93439.19921875
-90522.7890625
-85483.640625
-78394.84765625
-69507.08203125
-59214.37890625
-48006.57421875
-36421.26953125
-25005.58984375
-14292.73828125
-4792.1015625
3013.9296875
8676.0234375
11795.98046875
12061.99609375
9300.07421875
3533.58984375
-4962.546875
-15629.5078125
-27628.80078125
-39892.84375
-51222.6015625
-60422.8828125
-66456.421875
-68591.5
-66516.2890625
-60397.46484375
-50869.875
-38956.82421875
-25933.58203125
-13157.515625
-1893.82421875
6834.67578125
12351.77734375
14374.60546875
13003.1875
8663.34375
2019.61328125
-6123.33984375
-14915.19921875
-23539.8984375
-31276.5078125
-37541.35546875
-41914.30078125
-44152.36328125
-44192.94921875
-42147.30859375
-38283.99609375
-33002.02734375
-26794.40234375
-20203.9765625
-13774.89453125
-8003.66796875
-3294.125
79.44921875
1997.19921875
2503.11328125
1796.64453125
205.625
-1857.7890625
-3953.5078125
-5674.484375
-6702.66796875
-6850.28125
-6079.06640625
-4494.46484375
-2317.046875
161.91015625
2630.84765625
4804.5625
6459.8046875
7456.69140625
7746.87890625
7372.1953125
6458.05078125
5204.2890625
3873.81640625
2776.9921875
2249.19140625
2620.00390625
4175.44140625
7117.4453125
11527.15234375
17338.5859375
24327.734375
32118.66015625
40205.203125
47984.3125
54796.66796875
59970.98046875
62870.27734375
62939.58203125
59754.6796875
53070.0390625
42861.578125
29357.5859375
13049.98828125
-5320.71875
-24810.3515625
-44344.09765625
-62810.95703125
-79168.28125
-92542.58984375
-102313.07421875
-108166.359375
-110115.40234375
-108480.28125
-103833.98828125
-96920.734375
-88558.0078125
-79535.5703125
-70525.08203125
-62012.5625
-54262.69921875
-47319.3671875
-41041.3046875
-35166.61328125
-29395.30859375
-23476.69921875
-17287.72265625
-10890.1796875
-4557.8828125
1230.859375
5835.33203125
8524.47265625
8570.55078125
5352.87109375
-1541.7109375
-12235.29296875
-26504.984375
-43768.14453125
-63111.8828125
-83365.890625
-103211.6953125
-121315.5390625
-136468.19140625
-147713.31640625
-154447.203125
-156476.68359375
-154027.9453125
-147706.0234375
-138411.7734375
-127228.6796875
-115295.62890625
-103682.62109375
-93285.10546875
-84748.66796875
-78431.03125
-74402.56640625
-72481.48828125
-72295.88671875
-73362.4140625
-75170.56640625
-77262.4375
-79299.4375
-81109.93359375
-82714.18359375
-84325.22265625
-86326.19140625
-89226.359375
-93599.2890625
-100008.25
-108925.1953125
-120651.15234375
-135246.98828125
-152483.828125
-171821.76953125
-192423.109375
-213202.5703125
-232911.65625
-250248.75
-263981.59375
-273065.63671875
-276741.74609375
-274599.76171875
-266600.515625
-253056.4296875
-234578.2265625
-212000.76171875
-186302.99609375
-158535.41796875
-129763.40234375
-101028.52734375
-73323.8515625
-47575.171875
-24619.796875
-5176.91796875
10191.12890625
21121.9765625
27491.2421875
29434.5234375
27343.671875
21832.47265625
13673.12890625
3711.50390625
-7225.859375
-18417.76171875
-29313.40234375
-39566.80859375
-49037.11328125
-57758.140625
-65886.22265625
-73638.63671875
-81235.18359375
-88852.7734375
-96598.43359375
-104500.796875
-112516.05078125
-120541.96875
-128433.9140625
-136018.88671875
-143107.00390625
-149502.4453125
-155017.3515625
-159491.140625
-162814.9609375
-164957.41015625
-165984.6171875
-166066.58984375
-165463.40625
-164488.81640625
-163454.64453125
-162604.8515625
-162052.25
-161731.76171875
-161381.90625
-160561.2109375
-158699.4375
-155177.07421875
-149421.3046875
-141003.89453125
-129726.57421875
-115681.58203125
-99279.0390625
-81237.37109375
-62537.37109375
-44344.55859375
-27907.62890625
-14443.2265625
-5018.88671875
-446.62890625
-1199.09765625
-7358.265625
-18603.19921875
-34238.7421875
-53261.7421875
-74456.2890625
-96505.67578125
-118106.94921875
-138074.5390625
-155422.2890625
-169417.65625
-179606.765625
-185813.3671875
-188117.6953125
-186822.2578125
-182411.0234375
-175506.578125
-166827.9296875
-157149.80078125
-147263.41796875
-137938.8671875
-129889.49609375
-123739.53125
-119996.18359375
-119027.2109375
-121043.98828125
-126089.4765625
-134029.9453125
-144549.97265625
-157151.4296875
-171159.19140625
-185738.05078125
-199926.0
-212688.4375
-222994.890625
-229915.44140625
-232728.44140625
-231025.97265625
-224799.6171875
-214488.62109375
-200975.33203125
-185519.484375
-169632.75390625
-154905.671875
-142809.34375
-134501.06640625
-130665.01953125
-131415.20703125
-136278.23828125
-144260.41015625
-153988.73046875
-163902.7265625
-172465.4453125
-178359.6328125
-180639.171875
-178815.47265625
-172871.1015625
-163206.06640625
-150533.19921875
-135745.796875
-119782.58203125
-103511.96484375
-87650.99609375
-72725.80859375
-59071.546875
-46862.73046875
-36160.53125
-26962.41796875
-19241.7734375
-12969.86328125
-8118.50390625
-4647.63671875
-2486.2734375
-1516.8125
-1571.08203125
-2442.52734375
-3913.20703125
-5789.26171875
-7934.97265625
-10295.5546875
-12901.45703125
-15852.625
-19286.90234375
-23341.984375
-28122.1796875
-33680.046875
-40018.19921875
-47110.0546875
-54931.81640625
-63493.5
-72855.6953125
-83121.625
-94400.17578125
-106743.51953125
-120070.71484375
-134094.359375
-148269.4140625
-161781.00390625
-173581.9765625
-182481.66796875
-187277.37890625
-186910.69921875
-180624.69921875
-168095.76953125
-149516.90625
-125616.41015625
-97606.515625
-67067.99609375
-35787.5078125
-5571.8046875
21934.06640625
45399.41015625
63912.4140625
77026.91015625
84751.4921875
87489.98828125
85948.3203125
81025.28125
73703.68359375
64954.7421875
55663.54296875
46578.46875
38283.671875
31191.4296875
25550.4609375
21466.62109375
18932.66796875
17863.828125
18135.2265625
19616.140625
22195.29296875
25791.7578125
30347.84765625
35803.96875
42059.70703125
48929.69140625
56105.4453125
63134.515625
69425.23046875
74280.3671875
76956.41015625
76739.5
73025.30078125
65389.5859375
53638.62109375
37833.1484375
18284.890625
-4470.8203125
-29720.30859375
-56627.921875
-84297.7890625
-111836.578125
-138413.7890625
-163315.91015625
-185989.625
-206068.2578125
-223375.546875
-237902.9375
-249760.83984375
-259110.1484375
-266086.1875
-270731.13671875
-272951.56640625
-272513.8203125
-269082.38671875
-262296.62890625
-251871.63671875
-237702.3203125
-219947.6640625
-199075.5390625
-175856.58984375
-151306.390625
-126586.21875
-102880.88671875
-81276.05078125
-62655.8125
-47635.5234375
-36535.91796875
-29395.55859375
-26011.5546875
-25994.8359375
-28826.84765625
-33908.171875
-40595.23828125
-48226.6796875
-56144.5859375
-63716.8203125
-70364.8828125
-75598.01953125
-79050.17578125
-80512.8984375
-79956.06640625
-77529.328125
-73540.59375
-68412.70703125
-62624.515625
-56646.69140625
-50884.56640625
-45639.4765625
-41096.6015625
-37341.203125
-34398.49609375
-32285.71484375
-31060.87890625
-30852.19140625
-31855.46875
-34294.67578125
-38350.16796875
-44068.984375
-51278.45703125
-59526.47265625
-68068.08203125
-75909.1328125
-81905.4453125
-84903.65625
-83900.15625
-78190.40234375
-67482.48046875
-51956.26953125
-32260.24609375
-9449.46875
15122.09375
39935.91015625
63449.3515625
84224.3671875
101031.36328125
112921.62890625
119267.1796875
119771.47265625
114456.9140625
103636.1640625
87873.73046875
67943.1640625
44783.328125
19455.18359375
-6901.1640625
-33111.0
-58013.4140625
-80515.6796875
-99654.08984375
-114659.24609375
-125020.58984375
-130542.0390625
-131378.40625
-128042.1484375
-121372.1875
-112461.40234375
-102546.2578125
-92869.58203125
-84534.4453125
-78370.93359375
-74837.7265625
-73975.5078125
-75420.68359375
-78476.75
-82230.078125
-85688.98828125
-87921.91796875
-88173.0546875
-85940.54296875
-81012.00390625
-73461.17578125
-63615.91796875
-52010.17578125
-39330.6640625
-26364.5546875
-13949.25390625
-2921.86328125
5934.9296875
11951.61328125
14632.2265625
13709.55859375
9185.7578125
1349.67578125
-9234.51171875
-21767.9453125
-35282.14453125
-48720.18359375
-61024.0625
-71219.46875
-78491.43359375
-82247.1640625
-82164.01953125
-78220.96484375
-70711.109375
-60231.92578125
-47649.73828125
-34036.7265625
-20582.23046875
-8484.77734375
1164.36328125
7492.25390625
9935.92578125
8302.87890625
2793.203125
-6018.31640625
-17236.828125
-29731.60546875
-42240.8671875
-53487.5859375
-62296.859375
-67705.6484375
-69055.48046875
-66058.84375
-58830.390625
-47876.34375
-34039.609375
-18404.0703125
-2168.21484375
13495.5078125
27575.51953125
39329.91796875
48352.69140625
54588.11328125
58293.0
59955.76171875
60188.11328125
59609.34375
58742.68359375
57939.875
57343.57421875
56890.01953125
56347.33984375
55379.56640625
53623.46484375
50764.68359375
46601.375
41086.3984375
34343.03515625
26652.828125
18417.7734375
10101.99609375
2160.76953125
-5033.22265625
-11255.1953125
-16473.64453125
-20866.24609375
-24800.1328125
-28776.49609375
-33346.28515625
-39010.54296875
-46123.7890625
-54819.734375
-64975.5703125
-76223.375
-88007.51171875
-99676.55078125
-110590.89453125
-120223.98828125
-128237.15625
-134514.6875
-139154.83984375
-142421.87109375
-144671.14453125
-146263.14453125
-147482.0
-148471.3515625
-149195.98828125
-149433.36328125
-148795.7109375
-146780.53125
-142845.234375
-136498.7734375
-127400.1875
-115450.515625
-100862.0390625
-84188.97265625
-66306.9296875
-48336.05078125
-31512.8359375
-17027.18359375
-5850.59765625
1413.53125
4628.05078125
4147.203125
761.32421875
-4430.671875
-10197.58203125
-15367.66796875
-18999.71484375
-20502.3203125
-19682.3125
-16718.765625
-12074.77734375
-6371.5078125
-254.7734375
5716.44921875
11137.953125
15774.73046875
19525.234375
22350.1328125
24187.72265625
24880.37109375
24133.01953125
21517.37109375
16524.93359375
8661.328125
-2435.13671875
-16874.01171875
-34417.5859375
-54432.65625
-75904.2890625
-97516.15625
-117789.8359375
-135263.8359375
-148684.55078125
-157177.3515625
-160368.0859375
-158432.71484375
-152065.18359375
-142367.89453125
-130683.05859375
-118393.83203125
-106729.14453125
-96604.87890625
-88526.3671875
-82565.171875
-78408.828125
-75469.06640625
-73024.10546875
-70366.34765625
-66928.265625
-62366.2421875
-56592.421875
-49756.2578125
-42187.30859375
-34317.5703125
-26603.2421875
-19463.046875
-13243.46484375
-8212.8125
-4577.734375
-2509.921875
-2168.70703125
-3707.2421875
-7255.7578125
-12883.11328125
-20545.52734375
-30036.84765625
-40956.35546875
-52707.28125
-64532.4453125
-75584.65625
-85020.80078125
-92102.30859375
-96282.91015625
-97267.29296875
-95031.15234375
-89801.86328125
-82007.4453125
-72207.48828125
-61021.50390625
-49068.3671875
-36925.2421875
-25108.1640625
-14070.6875
-4213.16796875
4105.6640625
10561.91015625
14868.578125
16787.15625
16146.31640625
12863.53515625
6964.6875
-1402.8515625
-11966.7890625
-24337.671875
-38027.32421875
-52475.6953125
-67082.37109375
-81238.546875
-94355.52734375
-105887.43359375
-115347.890625
-122322.7890625
-126482.50390625
-127597.18359375
-125556.8828125
-120395.4765625
-112314.015625
-101696.65234375
-89111.7109375
-75292.20703125
-61093.859375
-47433.3671875
-35214.234375
-25250.24609375
-18197.25
-14502.23046875
-14375.13671875
-17784.99609375
-24478.078125
-34013.1953125
-45807.82421875
-59188.390625
-73438.59765625
-87840.90234375
-101707.92578125
-114402.94921875
-125351.0703125
-134045.203125
-140052.51953125
-143026.9765625
-142731.31640625
-139068.00390625
-132113.546875
-122146.62890625
-109658.44140625
-95335.5703125
-80010.8359375
-64585.19921875
-49931.734375
-36798.03125
-25725.109375
-16997.40234375
-10631.4375
-6402.0546875
-3897.13671875
-2587.40625
-1897.32421875
-1266.7421875
-198.36328125
1708.41015625
4733.609375
9018.75
14553.42578125
21168.49609375
28540.94921875
36215.8515625
43648.26953125
50262.9453125
55523.7109375
59000.0
60416.45703125
59674.1953125
56838.4765625
52095.8515625
45691.87890625
37865.79296875
28799.84375
18597.140625
7294.55859375
-5092.48046875
-18505.3125
-32775.34765625
-47574.74609375
-62400.0
-76596.30859375
-89420.84375
-100133.5859375
-108098.11328125
-112872.44921875
-114272.890625
-112400.1484375
-107625.74609375
-100544.74609375
-91906.87890625
-82540.3359375
-73281.04296875
-64915.55859375
-58139.90625
-53531.15625
-51525.26953125
-52394.41796875
-56219.84375
-62861.203125
-71928.9375
-82770.34375
-94481.62890625
-105955.83984375
-115970.6875
-123311.8203125
-126918.0546875
-126027.44140625
-120299.33203125
-109888.78515625
-95455.88671875
-78103.2109375
-59247.03515625
-40440.0859375
-23172.39453125
-8680.9921875
2202.45703125
9143.59765625
12324.73046875
12391.41796875
10337.16015625
7346.0546875
4618.34765625
3204.88671875
3873.890625
7027.25
12675.640625
20472.46484375
29797.73828125
39875.6796875
49904.94140625
59179.03515625
67177.17578125
73611.6796875
78426.80078125
81753.40625
83832.52734375
84926.6484375
85239.15234375
84859.55859375
83745.3828125
81742.4765625
78636.42578125
74220.72265625
68363.8046875
61058.46875
52441.9375
42782.88671875
32439.75390625
21801.62890625
11226.6796875
992.890625
-8727.81640625
-17867.28515625
-26432.86328125
-34461.8359375
-41970.94921875
-48914.51171875
-55162.1796875
-60503.0
-64676.109375
-67422.62109375
-68548.30859375
-67984.43359375
-65834.0625
-62394.05859375
-58147.35546875
-53725.65625
-49847.61328125
-47241.36328125
-46562.08203125
-48315.203125
-52794.0703125
-60038.3671875
-69816.78515625
-81635.0625
-94768.67578125
-108318.0
-121282.328125
-132647.4609375
-141479.5703125
-147016.203125
-148744.04296875
-146453.37890625
-140261.3203125
-130599.828125
-118169.8671875
-103868.328125
-88698.70703125
-73678.6640625
-59757.04296875
-47749.984375
-38301.07421875
-31865.30859375
-28712.33984375
-28941.703125
-32502.23828125
-39209.2890625
-48756.14453125
-60719.55078125
-74562.05078125
-89636.13671875
-105195.6640625
-120419.27734375
-134448.43359375
-146439.6796875
-155627.625
-161392.12890625
-163321.2421875
-161260.98828125
-155343.96875
-145991.44921875
-133887.07421875
-119924.19921875
-105132.16796875
-90589.00390625
-77328.65234375
-66250.3515625
-58036.49609375
-53084.34375
-51456.421875
-52855.03125
-56626.921875
-61804.1328125
-67184.92578125
-71454.1484375
-73335.03125
-71756.08984375
-66009.15234375
-55870.85546875
-41661.65625
-24224.734375
-4821.05859375
15046.453125
33851.40234375
50266.2890625
63348.05859375
72652.875
78260.81640625
80709.98046875
80858.015625
79702.97265625
78201.3984375
77119.01171875
76939.03515625
77838.58203125
79728.01171875
82335.61328125
85312.82421875
88334.203125
91171.32421875
93728.19140625
96035.84765625
98212.82421875
100404.55078125
102717.54296875
105163.75390625
107626.6875
109855.76953125
111489.3515625
112101.39453125
111262.5859375
108604.5234375
103875.27734375
96976.71875
87977.4921875
77100.3984375
64687.9140625
51153.9609375
36932.84765625
22436.64453125
8030.06640625
-5972.65234375
-19290.6328125
-31646.890625
-42739.109375
-52225.046875
-59734.39453125
-64912.9296875
-67495.65234375
-67395.88671875
-64789.5625
-60170.53515625
-54355.12109375
-48422.99609375
-43594.6640625
-41060.85546875
-41792.32421875
-46366.04296875
-54843.75390625
-66730.2265625
-81023.50390625
-96350.78515625
-111166.20703125
-123974.1640625
-133537.32421875
-139032.75390625
-140131.27734375
-136991.61328125
-130177.66015625
-120521.25390625
-108960.6875
-96386.6015625
-83521.56640625
-70850.26171875
-58605.609375
-46805.52734375
-35326.55078125
-23996.140625
-12684.671875
-1380.5
9763.6015625
20418.5390625
30101.4609375
38227.65625
44182.80859375
47404.6171875
47462.24609375
44123.0
37397.68359375
27558.6640625
15127.8671875
835.06640625
-14449.82421875
-29803.80078125
-44347.65625
-57341.59765625
-68267.4765625
-76886.51953125
-83263.921875
-87755.55859375
-90957.19140625
-93621.703125
-96554.53515625
-100500.74609375
-106038.5546875
-113493.5546875
-122885.28515625
-133913.7265625
-145988.109375
-158294.67578125
-169894.60546875
-179838.83203125
-187283.7265625
-191591.4375
-192401.109375
-189662.10546875
-183626.85546875
-174807.7109375
-163907.6875
-151738.109375
-139136.3203125
-126894.08984375
-115703.27734375
-106120.609375
-98549.8984375
-93237.94140625
-90280.0234375
-89631.6171875
-91124.15234375
-94483.45703125
-99349.703125
-105297.66796875
-111855.85546875
-118523.62109375
-124786.24609375
-130129.328125
-134054.6484375
-136099.75390625
-135862.24609375
-133027.5234375
-127396.54296875
-118908.3671875
-107652.328125
-93866.3984375
-77921.234375
-60292.76171875
-41528.50390625
-22213.35546875
-2939.140625
15720.6640625
33232.71484375
49125.69921875
63015.91015625
74637.42578125
83873.8203125
90784.03515625
95612.4375
98773.5234375
100805.5625
102294.7265625
103779.41015625
105651.99609375
108079.20703125
110961.3125
113943.7890625
116484.3125
117964.89453125
117827.5546875
115704.5625
111513.67578125
105495.3984375
98181.62109375
90300.4140625
82636.30859375
75875.5234375
70468.74609375
66539.6484375
63856.7578125
61872.08203125
59816.171875
56829.01953125
52101.30859375
45001.875
35173.05078125
22583.94140625
7540.06640625
-9346.01171875
-27215.06640625
-45043.77734375
-61741.7890625
-76256.421875
-87678.6484375
-95342.9609375
-98912.1015625
-98436.375
-94377.15625
-87586.49609375
-79239.51171875
-70722.53125
-63487.28125
-58887.640625
-58019.4765625
-61585.07421875
-69800.828125
-82361.13671875
-98463.44140625
-116890.76953125
-136140.296875
-154580.87109375
-170619.70703125
-182858.984375
-190226.32421875
-192067.88671875
-188198.43359375
-178907.5390625
-164924.828125
-147349.45703125
-127550.2421875
-107043.703125
-87358.1328125
-69893.47265625
-55788.37109375
-45807.671875
-40264.0546875
-38986.28515625
-41342.83203125
-46323.24609375
-52671.7890625
-59058.7734375
-64267.4296875
-67368.8359375
-67856.4140625
-65715.671875
-61413.91796875
-55807.90625
-49982.3515625
-45046.16796875
-41922.95703125
-41175.33203125
-42897.3671875
-46697.125
-51773.16796875
-57070.09375
-61481.890625
-64062.47265625
-64202.1796875
-61737.21484375
-56973.69921875
-50625.9765625
-43685.24609375
-37246.671875
-32328.34375
-29713.5234375
-29840.3046875
-32751.83203125
-38108.7578125
-45255.53125
-53325.21484375
-61363.83203125
-68455.3671875
-73830.98828125
-76950.41015625
-77548.625
-75646.3828125
-71527.2734375
-65687.8515625
-58769.1796875
-51479.1640625
-44514.57421875
-38490.875
-33886.27734375
-31004.51953125
-29958.74609375
-30676.28125
-32921.5
-36331.875
-40460.59765625
-44819.31640625
-48915.640625
-52282.86328125
-54502.15234375
-55219.9921875
-54164.25
-51161.15625
-46152.5390625
-39209.53125
-30536.59765625
-20460.15234375
-9398.78125
2182.69140625
13827.40625
25137.140625
35806.8984375
45634.26171875
54500.9296875
62331.94921875
69044.87109375
74504.359375
78496.453125
80730.9453125
80872.0859375
78589.76953125
73617.69140625
65803.66796875
55140.51171875
41772.1875
25977.63671875
8140.671875
-11282.390625
-31786.8671875
-52829.23828125
-73822.30859375
-94122.26171875
-113018.23828125
-129736.0
-143464.70703125
-153410.4375
-158873.08203125
-159336.83984375
-154559.56640625
-144644.4296875
-130078.86328125
-111730.0078125
-90792.515625
-68691.96484375
-46954.13671875
-27056.0703125
-10278.09375
2423.43359375
10505.54296875
13877.94921875
12887.375
8250.0625
943.59765625
-7924.640625
-17251.83984375
-26056.90234375
-33564.8125
-39249.76953125
-42837.3515625
-44273.80859375
-43675.85546875
-41275.8125
-37374.62109375
-32310.03515625
-26441.15625
-20145.2734375
-13820.25390625
-7885.98046875
-2780.8671875
1047.18359375
3153.5546875
3110.97265625
524.1796875
-4952.8671875
-13592.85546875
-25559.67578125
-40860.05078125
-59286.06640625
-80359.11328125
-103290.61328125
-126976.65625
-150039.98828125
-170924.765625
-188038.16015625
-199921.91015625
-205428.5625
-203874.39453125
-195144.078125
-179730.58203125
-158705.234375
-133624.24609375
-106387.21875
-79067.98046875
-53738.875
-32306.4609375
-16371.75390625
-7122.8046875
-5263.16015625
-10977.0234375
-23930.39453125
-43306.86328125
-67875.61328125
-96087.671875
-126194.0234375
-156376.47265625
-184879.96875
-210134.078125
-230852.16796875
-246099.66015625
-255326.90234375
-258367.05859375
-255403.7890625
-246916.44140625
-233611.7265625
-216350.01953125
-196072.6875
-173734.3359375
-150242.109375
-126403.3671875
-102883.2578125
-80174.87890625
-58585.50390625
-38242.40234375
-19120.21875
-1088.9921875
16022.328125
32355.92578125
47960.59375
62745.27734375
76461.1171875
88717.70703125
99032.828125
106907.96875
111916.0390625
113784.4375
112456.73046875
108119.68359375
101189.23828125
92256.8671875
82006.0078125
71114.05859375
60158.45703125
49544.1953125
39465.71875
29909.25
20693.859375
11542.66796875
2170.79296875
-7625.62890625
-17894.3359375
-28477.96484375
-38999.375
-48884.19921875
-57418.66015625
-63835.69140625
-67418.30078125
-67606.0234375
-64089.140625
-56876.234375
-46324.19921875
-33125.20703125
-18252.11328125
-2870.08203125
11772.9140625
24461.90234375
34123.296875
39915.32421875
41294.36328125
38054.98046875
30344.04296875
18649.8046875
3766.6953125
-13263.9921875
-31236.546875
-48882.78515625
-64986.16796875
-78496.48046875
-88630.875
-94947.1484375
-97378.54296875
-96225.44921875
-92106.765625
-85880.29296875
-78545.49609375
-71142.84765625
-64661.42578125
-59962.20703125
-57719.625
-58380.49609375
-62137.7890625
-68917.02734375
-78374.9453125
-89911.6015625
-102698.484375
-115724.8203125
-127862.703125
-137949.37890625
-144882.13671875
-147718.69921875
-145773.94140625
-138702.578125
-126557.03515625
-109810.80859375
-89340.046875
-66360.4453125
-42322.41796875
-18774.28125
2790.4375
21081.046875
35131.57421875
44378.48046875
48683.17578125
48298.5625
43788.9296875
35920.9296875
25547.40234375
13505.0234375
541.34375
-12721.78515625
-25790.1875
-38273.9296875
-49851.6328125
-60235.42578125
-69146.359375
-76304.75
-81434.6796875
-84278.1015625
-84612.421875
-82266.296875
-77130.98828125
-69167.67578125
-58413.578125
-44990.8046875
-29120.796875
-11144.6875
8453.75
29029.34765625
49769.84765625
69712.15234375
87786.5859375
102890.17578125
113983.47265625
120199.125
120945.8046875
115989.99609375
105500.40625
90046.1328125
70547.64453125
48188.21484375
24299.9921875
242.10546875
-22712.36328125
-43467.8359375
-61169.19921875
-75235.50390625
-85368.25390625
-91540.21484375
-93970.73046875
-93091.63671875
-89505.8359375
-83939.17578125
-77186.08203125
-70050.7578125
-63287.53515625
-57545.66796875
-53324.64453125
-50945.04296875
-50537.92578125
-52052.58203125
-55279.3359375
-59881.9453125
-65433.265625
-71448.62890625
-77413.8125
-82807.19140625
-87118.74609375
-89870.23828125
-90640.984375
-89101.59765625
-85054.5234375
-78475.609375
-69547.2890625
-58672.1171875
-46456.890625
-33662.4921875
-21122.203125
-9639.79296875
114.3046875
7687.26953125
12889.453125
15789.75
16661.00390625
15888.125
13861.66015625
10883.87890625
7111.609375
2550.46484375
-2898.6875
-9354.6953125
-16857.03515625
-25281.58203125
-34296.62890625
-43374.2109375
-51857.25
-59068.4296875
-64435.66796875
-67604.34765625
-68509.45703125
-67389.90234375
-64740.859375
-61214.140625
-57488.11328125
-54135.3203125
-51515.9453125
-49719.2578125
-48564.53515625
-47659.921875
-46505.57421875
-44618.30859375
-41650.96484375
-37481.46484375
-32253.46484375
-26360.96875
-20381.078125
-14969.40234375
-10739.65625
-8151.14453125
-7425.2109375
-8505.00390625
-11063.96484375
-14559.109375
-18317.53515625
-21639.703125
-23901.6953125
-24640.5234375
-23610.9375
-20807.9921875
-16455.60546875
-10966.625
-4883.53125
1189.29296875
6651.15234375
10959.87109375
13670.51953125
14456.3046875
13113.359375
9553.6484375
3791.2734375
-4072.578125
-13862.4609375
-25337.44140625
-38196.35546875
-52081.47265625
-66583.27734375
-81248.76171875
-95594.44140625
-109123.8984375
-121348.08203125
-131805.8125
-140081.8125
-145820.51953125
-148735.4140625
-148615.33984375
-145330.6328125
-138842.265625
-129216.4765625
-116645.2265625
-101470.1640625
-84204.68359375
-65546.54296875
-46372.625
-27708.57421875
-10669.1796875
3629.84375
14182.11328125
20210.48828125
21279.73828125
17382.44921875
8979.8125
-3016.53515625
-17327.04296875
-32445.70703125
-46823.34765625
-59065.73828125
-68113.90234375
-73374.57421875
-74776.32421875
-72740.09765625
-68069.51953125
-61782.32421875
-54915.76953125
-48343.51171875
-42637.5
-37997.87109375
-34258.734375
-30962.421875
-27482.46484375
-23168.60546875
-17486.1953125
-10126.64453125
-1073.05859375
9385.92578125
20692.72265625
32099.17578125
42773.03125
51915.234375
58869.640625
63207.859375
64776.01171875
63696.41796875
60325.4609375
55177.12109375
48827.97265625
41822.640625
34597.2734375
27433.65625
20449.0859375
13619.46875
6827.17578125
-77.671875
-7213.92578125
-14613.328125
-22178.12890625
-29656.6015625
-36639.5703125
-42580.453125
-46840.65625
-48759.9453125
-47747.6875
-43385.4765625
-35526.4765625
-24373.17578125
-10515.11328125
5087.84765625
21183.01171875
36358.60546875
49218.10546875
58570.09765625
63603.421875
64017.4921875
60083.59765625
52623.4140625
42904.703125
32468.14453125
22911.46875
15664.75
11792.61328125
11854.58203125
15844.40625
23215.359375
32983.3203125
43886.41015625
54571.5859375
63776.13671875
70476.1875
73983.265625
73981.78515625
70511.92578125
63911.3671875
54733.97265625
43663.578125
31437.03125
18784.5703125
6389.140625
-5138.6328125
-15275.640625
-23597.24609375
-29787.5859375
-33649.5
-35111.7265625
-34229.328125
-31173.4765625
-26208.4765625
-19656.92578125
-11857.09765625
-3119.56640625
6308.7578125
16265.29296875
26671.76953125
37512.421875
48793.953125
60495.59765625
72520.68359375
84661.63671875
96588.21875
107863.8828125
117988.90625
126462.75390625
132853.6484375
136861.65625
138363.2734375
137429.60546875
134315.8984375
129425.36328125
123254.08984375
116325.45703125
109122.171875
102022.91015625
95249.22265625
88827.8125
82573.29296875
76096.4609375
68842.015625
60156.4375
49381.83984375
35965.27734375
19567.515625
152.109375
-21963.52734375
-46108.140625
-71311.8515625
-96410.47265625
-120182.859375
-141498.921875
-159453.70703125
-173465.890625
-183325.65625
-189186.1171875
-191501.8125
-190926.1875
-188185.6328125
-183950.45703125
-178722.80859375
-172758.40234375
-166033.58203125
-158262.19140625
-148959.4296875
-137542.5625
-123452.95703125
-106280.67578125
-85872.8828125
-62410.12109375
-36439.953125
-8864.15234375
19117.6640625
46099.6484375
70584.60546875
91109.1484375
106366.60546875
115317.28515625
117277.9765625
111984.83984375
99625.80078125
80839.85546875
56682.48828125
28558.16796875
-1876.59765625
-32833.02734375
-62523.109375
-89293.91015625
-111749.91796875
-128850.96484375
-139975.6796875
-144944.82421875
-144003.6328125
-137767.6796875
-127140.6328125
-113215.08203125
-97168.296875
-80163.8203125
-63267.77734375
-47385.78125
-33223.6328125
-21272.046875
-11813.6015625
-4947.83984375
-629.06640625
1290.0859375
1016.68359375
-1215.85546875
-5167.1953125
-10593.16796875
-17234.15625
-24794.23828125
-32919.6015625
-41185.83203125
-49102.15234375
-56136.7578125
-61761.76171875
-65510.703125
-67037.1875
-66161.8359375
-62896.62109375
-57440.60546875
-50147.484375
-41471.9609375
-31906.51953125
-21921.71875
-11921.5703125
-2221.16015625
6951.75
15434.94140625
23097.36328125
29801.73828125
35373.57421875
39584.16015625
42152.62890625
42768.84765625
41135.6484375
37025.41015625
30342.578125
21180.84765625
9862.15234375
-3054.875
-16805.8125
-30492.984375
-43193.7890625
-54089.83203125
-62595.3984375
-68460.77734375
-71828.52734375
-73228.421875
-73508.015625
-73708.49609375
-74906.08984375
-78046.0625
-83797.3671875
-92451.484375
-103880.171875
-117555.9375
-132628.1796875
-148039.46875
-162661.53515625
-175429.54296875
-185455.984375
-192110.91015625
-195061.86328125
-194273.84765625
-189975.2421875
-182599.61328125
-172714.8359375
-160950.64453125
-147933.33203125
-134233.38671875
-120328.74609375
-106583.7421875
-93242.49609375
-80434.94921875
-68193.82421875
-56480.92578125
-45220.78125
-34338.65234375
-23798.53125
-13635.375
-3975.4453125
4960.44921875
12873.5
19422.1484375
24270.875
27143.83984375
27872.85546875
26429.75390625
22936.02734375
17647.28125
10915.37109375
3135.95703125
-5307.796875
-14094.09375
-22994.51953125
-31884.07421875
-40729.0234375
-49557.30859375
-58419.72265625
-67351.3359375
-76341.421875
-85317.125
-94141.921875
-102626.09765625
-110543.82421875
-117650.890625
-123698.68359375
-128443.05078125
-131650.16015625
-133104.109375
-132621.69921875
-130078.1796875
-125443.796875
-118826.29296875
-110509.83984375
-100978.53125
-90913.0703125
-81153.36328125
-72626.234375
-66245.328125
-62797.1484375
-62831.546875
-66575.390625
-73884.875
-84245.17578125
-96818.265625
-110531.5625
-124194.27734375
-136624.8984375
-146772.99609375
-153820.85546875
-157254.3046875
-156896.9609375
-152906.8203125
-145738.6015625
-136078.71484375
-124762.2109375
-112682.46875
-100704.0546875
-89587.80078125
-79934.28515625
-72148.75
-66427.2265625
-62761.5078125
-60959.4140625
-60677.1015625
-61460.77734375
-62795.76171875
-64160.54296875
-65082.109375
-65186.953125
-64240.58203125
-62168.3671875
-59052.55078125
-55104.546875
-50616.88671875
-45904.08203125
-41244.4609375
-36834.62890625
-32764.50390625
-29015.17578125
-25475.69921875
-21970.64453125
-18288.9921875
-14207.265625
-9504.33984375
-3970.640625
2581.98046875
10302.75390625
19272.83203125
29465.75
40704.87890625
52629.63671875
64683.5859375
76134.546875
86130.84375
93789.58984375
98305.1640625
99060.69140625
95723.56640625
88308.33984375
77195.8515625
63104.91015625
47020.4375
30088.27734375
13490.890625
-1680.33203125
-14541.2578125
-24507.13671875
-31351.44140625
-35225.66015625
-36637.828125
-36391.0859375
-35486.9453125
-35001.890625
-35949.4609375
-39143.37890625
-45079.3203125
-53852.91015625
-65128.4765625
-78167.2578125
-91914.953125
-105138.640625
-116593.671875
-125194.3984375
-130160.44921875
-131113.390625
-128107.05859375
-121586.9765625
-112287.66796875
-101088.41015625
-88855.67578125
-76302.28125
-63888.87890625
-51784.06640625
-39887.18359375
-27905.29296875
-15466.1640625
-2243.34765625
11930.9140625
26985.0390625
42572.1953125
58083.140625
72703.2109375
85503.0703125
95549.01171875
102017.890625
104302.62109375
102096.45703125
95446.84765625
84772.421875
70839.9921875
54701.96875
37599.28125
20839.53125
5664.84765625
-6873.4765625
-16016.26953125
-21359.76171875
-22873.63671875
-20874.765625
-15965.828125
-8953.64453125
-763.46484375
7637.42578125
15300.01953125
21338.671875
24968.25
25542.984375
22604.5625
15940.55078125
5645.99609375
-7826.47265625
-23646.421875
-40631.859375
-57331.640625
-72162.375
-83585.98046875
-90303.53125
-91434.921875
-86653.70703125
-76252.328125
-61123.640625
-42658.21484375
-22570.671875
-2680.234375
15321.78125
30082.35546875
40743.40625
47021.84375
49202.79296875
48049.96875
44650.6015625
40222.36328125
35914.58203125
32635.1796875
30928.609375
30919.97265625
32329.0390625
34546.9765625
36759.92578125
38098.265625
37788.42578125
35285.1328125
30365.25
23169.8984375
14188.21875
4184.421875
-5921.59765625
-15201.44921875
-22868.4609375
-28403.7578125
-31633.75
-32742.78515625
-32217.22265625
-30731.8203125
-29002.1953125
-27635.4140625
-27011.6953125
-27223.015625
-28081.0859375
-29190.1953125
-30064.984375
-30262.57421875
-29496.1484375
-27702.94140625
-25052.6796875
-21898.359375
-18686.375
-15852.65625
-13733.64453125
-12515.1640625
-12230.4765625
-12804.4296875
-14127.734375
-16137.20703125
-18876.6875
-22518.7421875
-27338.01171875
-33640.0
-41660.7265625
-51460.65625
-62838.390625
-75285.984375
-87999.11328125
-99944.0703125
-109971.94140625
-116961.04296875
-119963.41015625
-118330.73046875
-111799.59375
-100523.8671875
-85051.88671875
-66255.50390625
-45225.41015625
-23151.07421875
-1203.69140625
19562.3671875
38279.5625
54304.2578125
67222.35546875
76828.8203125
83089.40234375
86093.8359375
86009.671875
83044.80859375
77424.42578125
69385.03515625
59184.46484375
47122.67578125
33564.99609375
18957.89453125
3828.21484375
-11239.53515625
-25647.73046875
-38845.60546875
-50393.2734375
-60015.85546875
-67635.02734375
-73369.8359375
-77505.27734375
-80434.20703125
-82583.7265625
-84339.8359375
-85983.625
-87648.984375
-89306.96875
-90777.08984375
-91761.6171875
-91896.7265625
-90813.14453125
-88199.19921875
-83859.59375
-77763.8828125
-70079.015625
-61180.92578125
-51641.09765625
-42185.93359375
-33629.71875
-26785.78515625
-22364.90234375
-20873.88671875
-22530.02734375
-27207.18359375
-34426.53125
-43398.93359375
-53117.4296875
-62488.65625
-70483.6484375
-76283.02734375
-79391.1328125
-79698.4921875
-77481.765625
-73342.4140625
-68097.41796875
-62644.21484375
-57825.7734375
-54319.3984375
-52565.66796875
-52743.7421875
-54789.140625
-58442.0859375
-63310.97265625
-68935.8046875
-74840.59375
-80569.30078125
-85705.61328125
-89880.90234375
-92776.46484375
-94125.7265625
-93719.91015625
-91418.06640625
-87159.625
-80976.0078125
-72997.45703125
-63451.55859375
-52651.8046875
-40976.23828125
-28838.30078125
-16653.50390625
-4806.22265625
6379.1875
16659.80859375
25886.08984375
34004.0234375
41048.06640625
47126.01171875
52397.171875
57045.24609375
61247.57421875
65143.4140625
68804.8671875
72215.32421875
75260.41796875
77735.44140625
79370.37109375
79869.890625
78961.59375
76442.69140625
72214.87109375
66299.078125
58826.6875
50009.640625
40097.70703125
29334.6171875
17925.0546875
6021.328125
-6267.23046875
-18845.88671875
-31596.3203125
-44340.9765625
-56821.65234375
-68700.3203125
-79584.34765625
-89072.09375
-96809.8046875
-102548.31640625
-106188.26953125
-107805.421875
-107651.71484375
-106132.3046875
-103762.2734375
-101109.046875
-98727.234375
-97092.421875
-96539.6796875
-97212.140625
-99024.80078125
-101648.77734375
-104521.109375
-106883.77734375
-107853.13671875
-106516.51171875
-102047.7265625
-93827.97265625
-81555.078125
-65323.01171875
-45656.234375
-23489.4296875
-91.79296875
23055.6640625
44412.76171875
62540.546875
76245.9296875
84690.33984375
87449.16796875
84518.00390625
76271.0078125
63384.5
46743.203125
27347.12890625
6233.73828125
-15575.89453125
-37105.5390625
-57432.23046875
-75684.86328125
-91044.7109375
-102758.1875
-110167.66796875
-112759.98828125
-110226.078125
-102520.3046875
-89905.90234375
-72973.98828125
-52627.7421875
-30029.3359375
-6514.0390625
16518.46875
37721.7109375
55914.37890625
70173.66796875
79900.6796875
84852.97265625
85143.65625
81209.57421875
73753.19921875
63663.9375
51925.11328125
39513.51171875
27299.54296875
15957.328125
5895.0390625
-2784.046875
-10281.4921875
-17060.12890625
-23759.1796875
-31077.29296875
-39640.08203125
-49873.62109375
-61906.6640625
-75520.99609375
-90161.5625
-105006.953125
-119088.88671875
-131439.046875
-141235.578125
-147921.3515625
-151271.91796875
-151401.765625
-148710.82421875
-143785.48046875
-137277.5703125
-129788.09375
-121779.68359375
-113533.72265625
-105156.6328125
-96628.46484375
-87877.45703125
-78859.85546875
-69624.57421875
-60347.765625
-51330.5703125
-42962.4140625
-35659.7421875
-29794.5
-25627.0625
-23255.5234375
-22588.26953125
-23341.1953125
-25056.90234375
-27140.7578125
-28908.76171875
-29643.25390625
-28654.0
-25342.6015625
-19267.03515625
-10200.98046875
1820.26953125
16476.72265625
33171.9765625
51077.66796875
69212.328125
86545.66796875
102112.83203125
115119.77734375
125021.5625
131560.5546875
134759.62109375
134875.03125
132322.08203125
127591.48828125
121175.34765625
113517.7265625
104997.60546875
95943.12890625
86667.71484375
77512.734375
68879.32421875
61234.2109375
55080.43359375
50892.79296875
49027.16015625
49621.0078125
52507.33203125
57164.15625
62717.01171875
68002.4921875
71689.390625
72442.1015625
69101.84765625
60856.60546875
47371.66796875
28859.06640625
6074.515625
-19757.3046875
-47076.95703125
-74162.80859375
-99316.49609375
-121035.49609375
-138151.19140625
-149917.61328125
-156044.66796875
-156678.12109375
-152335.8671875
-143815.1015625
-132087.08984375
-118195.3515625
-103169.62890625
-87962.5625
-73410.05859375
-60211.046875
-48918.9609375
-39936.640625
-33508.37109375
-29706.93359375
-28418.4296875
-29331.91015625
-31942.7734375
-35578.23828125
-39449.1796875
-42727.00390625
-44637.43359375
-44557.83203125
-42101.6015625
-37173.98046875
-29987.625
-21033.48828125
-11010.8671875
-728.33203125
9007.15625
17493.6328125
24212.69921875
28871.6328125
31405.21484375
31941.88671875
30745.76953125
28150.11328125
24498.0
20102.73046875
15234.16796875
10130.22265625
5025.77734375
187.0546875
-4062.21875
-7334.40234375
-9198.09375
-9225.15625
-7057.96875
-2484.6953125
4492.78515625
13613.57421875
24346.82421875
35921.078125
47391.953125
57739.22265625
65978.63671875
71271.48046875
73015.703125
70906.65234375
64961.44140625
55507.59375
43141.890625
28668.66015625
13027.265625
-2782.8203125
-17773.8515625
-31035.3125
-41791.9296875
-49452.88671875
-53650.32421875
-54263.890625
-51427.3828125
-45514.23046875
-37100.578125
-26908.4453125
-15734.99609375
-4377.32421875
6436.53125
16100.5078125
24160.80078125
30321.94921875
34432.40625
36457.828125
36452.21875
34536.4921875
30890.07421875
25755.93359375
19453.61328125
12390.86328125
5063.5625
-1963.91015625
-8100.0859375
-12784.96484375
-15555.3671875
-16103.48046875
-14315.91015625
-10285.3125
-4293.4296875
3228.71484375
11753.0
20707.34375
29521.02734375
37658.4921875
44643.3125
50077.4140625
53660.98046875
55215.30078125
54706.0234375
52259.578125
48163.36328125
42841.87109375
36806.2578125
30582.41015625
24629.82421875
19268.4453125
14630.72265625
10651.65234375
7101.15625
3653.328125
-21.95703125
-4164.96484375
-8850.37890625
-13946.8828125
-19121.3515625
-23887.640625
-27690.92578125
-30011.63671875
-30469.703125
-28910.0
-25453.859375
-20507.63671875
-14726.9765625
-8942.66796875
-4060.1015625
-948.11328125
-333.88671875
-2718.8359375
-8326.0546875
-17084.17578125
-28646.19140625
-42436.6171875
-57716.71875
-73656.72265625
-89405.22265625
-104149.47265625
-117163.93359375
-127847.98046875
-135755.24609375
-140616.7890625
-142358.33203125
-141109.1484375
-137198.3046875
-131133.7265625
-123561.859375
-115209.6953125
-106815.73046875
-99060.19140625
-92506.234375
-87561.94921875
-84468.0625
-83310.10546875
-84047.55859375
-86549.0078125
-90622.08984375
-96030.375
-102495.14453125
-109686.19921875
-117210.44921875
-124608.26953125
-131365.3984375
-136943.0625
-140822.69921875
-142556.55078125
-141812.8515625
-138405.30078125
-132300.734375
-123604.6953125
-112530.5078125
-99361.16796875
-84414.515625
-68019.609375
-50507.98828125
-32218.0390625
-13506.25
5243.08203125
23617.89453125
41193.171875
57561.328125
72373.765625
85385.5859375
96493.05078125
105754.08203125
113384.359375
119726.27734375
125193.25390625
130197.30078125
135072.0234375
140005.49609375
144996.9921875
149848.19140625
154193.42578125
157565.7578125
159487.8828125
159570.49609375
157597.87890625
153581.86328125
147771.171875
140612.3203125
132668.671875
124513.5859375
116619.4765625
109265.6640625
102484.01953125
96053.453125
89544.5234375
82405.6015625
74074.6796875
64096.7265625
52226.2890625
38498.1953125
23254.69921875
7124.6328125
-9042.67578125
-24279.1328125
-37620.09375
-48228.8984375
-55504.625
-59156.5625
-59234.14453125
-56108.40234375
-50409.5546875
-42932.7578125
-34529.4375
-26003.28515625
-18028.0390625
-11098.59765625
-5519.734375
-1428.875
1156.8984375
2283.1640625
2003.921875
342.69921875
-2723.546875
-7255.8515625
-13323.14453125
-20958.44921875
-30111.5
-40608.80078125
-52130.73828125
-64212.44140625
-76270.8515625
-87655.640625
-97716.91015625
-105878.8984375
-111706.828125
-114954.3125
-115581.45703125
-113738.7265625
-109718.39453125
-103882.05078125
-96578.73828125
-88071.203125
-78487.54296875
-67810.94921875
-55912.3359375
-42621.01953125
-27819.00390625
-11537.83984375
5965.0859375
24170.69140625
42314.07421875
59452.27734375
74572.03515625
86716.8515625
95108.26953125
99238.18359375
98915.984375
94264.7734375
85671.96875
73708.51953125
59035.87109375
42319.9453125
24167.34375
5092.328125
-14484.48046875
-34211.02734375
-53762.3984375
-72794.91796875
-90907.65234375
-107621.3203125
-122381.75
-134591.328125
-143667.609375
-149123.40625
-150657.98828125
-148244.85546875
-142199.1015625
-133207.6875
-122309.51953125
-110819.25
-100198.18359375
-91885.87109375
-87115.0546875
-86738.09765625
-91093.6484375
-99937.61328125
-112452.6953125
-127338.296875
-142968.9296875
-157597.82421875
-169574.94140625
-177546.39453125
-180606.1015625
-178379.04296875
-171027.34375
-159183.25390625
-143824.52734375
-126115.7578125
-107242.70703125
-88265.26171875
-70008.95703125
-53006.50390625
-37491.2265625
-23435.63671875
-10622.046875
1271.046875
12582.83203125
23597.19921875
34491.1953125
45307.6953125
55950.6875
66198.47265625
75729.15234375
84153.484375
91052.08203125
96015.859375
98689.6484375
98818.45703125
96293.7734375
91194.18359375
83811.8203125
74654.9375
64418.6171875
53920.35546875
44004.703125
35429.1953125
28750.3515625
24231.609375
21792.84765625
21014.13671875
21195.99609375
21467.1328125
20921.328125
18760.32421875
14419.53515625
7658.4375
-1395.10546875
-12249.07421875
-24095.8984375
-35896.984375
-46492.8125
-54727.6953125
-59578.234375
-60274.0078125
-56398.12109375
-47955.1171875
-35394.9765625
-19585.9921875
-1735.6875
16732.70703125
34332.81640625
49675.23046875
61611.68359375
69342.4609375
72472.78515625
71013.69140625
65332.8203125
56069.11328125
44030.43359375
30093.75
15124.14453125
-77.73046875
-14798.0703125
-28407.81640625
-40346.7578125
-50106.05859375
-57219.61328125
-61270.04296875
-61909.43359375
-58889.89453125
-52096.15625
-41572.30859375
-27537.4453125
-10388.46875
9308.0234375
30831.36328125
53327.15625
75832.14453125
97306.33203125
116676.984375
132898.1640625
145025.80859375
152302.36328125
154239.24609375
150681.4296875
141838.76953125
128273.36328125
110840.66796875
90592.2421875
68656.90625
46122.3828125
23939.5234375
2866.0546875
-16542.66015625
-33899.41015625
-48920.91015625
-61353.93359375
-70913.6015625
-77252.2734375
-79969.55859375
-78663.76953125
-73014.8046875
-62880.6640625
-48386.03125
-29982.6015625
-8466.6640625
15051.83984375
39224.80859375
62573.796875
83613.1640625
100970.50390625
113489.5859375
120306.58203125
120896.828125
115094.83203125
103093.11328125
85426.046875
62942.625
36769.15625
8259.98828125
-21067.10546875
-49613.29296875
-75798.34375
-98172.6484375
-115531.79296875
-127020.05859375
-132207.828125
-131129.26171875
-124271.4921875
-112513.70703125
-97022.890625
-79120.69140625
-60141.05078125
-41299.625
-23593.4296875
-7742.66796875
5821.53515625
16928.19140625
25607.61328125
32017.453125
36368.55859375
38862.734375
39650.20703125
38809.69140625
36349.8984375
32228.30078125
26381.25390625
18758.73828125
9357.19140625
-1755.546875
-14427.265625
-28422.1015625
-43433.68359375
-59106.15625
-75056.80859375
-90893.73046875
-106223.890625
-120650.9765625
-133766.796875
-145143.41015625
-154334.4609375
-160892.14453125
-164401.546875
-164528.3203125
-161070.4140625
-154002.01171875
-143498.86328125
-129938.4296875
-113874.42578125
-95991.41796875
-77049.11328125
-57826.53125
-39074.08203125
-21476.9296875
-5628.62890625
7989.140625
19025.30078125
27279.046875
32719.5625
35501.01171875
35966.359375
34633.671875
32161.6484375
29295.3046875
26797.5390625
25375.60546875
25612.7890625
27914.3515625
32473.51171875
39259.16796875
48022.98046875
58321.0546875
69544.66796875
80955.91015625
91726.39453125
100979.97265625
107842.0
111497.6796875
111259.71875
106641.953125
97431.07421875
83745.171875
66066.5078125
45237.53125
22414.1015625
-1023.30859375
-23591.9609375
-43847.6953125
-60525.5625
-72661.23828125
-79677.3125
-81424.4140625
-78174.0234375
-70566.30078125
-59521.703125
-46128.39453125
-31519.296875
-16752.625
-2708.953125
9983.9765625
20990.54296875
30266.27734375
38017.48046875
44627.6640625
50562.08203125
56265.015625
62065.6015625
68105.9296875
74301.15234375
80335.484375
85692.42578125
89712.94921875
91672.58984375
90867.37890625
86698.84375
78749.34765625
66840.171875
51066.140625
31802.57421875
9683.078125
-14449.6484375
-39613.78515625
-64769.3515625
-88898.90625
-111077.26171875
-130523.0546875
-146629.80078125
-158978.96875
-167340.890625
-171669.83984375
-172097.41015625
-168924.58984375
-162609.3671875
-153745.07421875
-143025.9609375
-131200.3046875
-119016.2109375
-107169.12109375
-96261.12109375
-86779.5625
-79097.1015625
-73488.5859375
-70154.98828125
-69242.37890625
-70845.953125
-74994.54296875
-81618.25390625
-90508.3828125
-101282.59765625
-113368.61328125
-126016.046875
-138340.16796875
-149394.58984375
-158263.91796875
-164163.33984375
-166530.53515625
-165095.90234375
-159919.796875
-151389.921875
-140177.41796875
-127156.6484375
-113299.703125
-99561.5703125
-86774.48828125
-75568.67578125
-66332.07421875
-59213.53515625
-54164.6328125
-51006.94921875
-49506.359375
-49435.59765625
-50610.64453125
-52894.73828125
-56173.06640625
-60309.37890625
-65100.18359375
-70242.39453125
-75325.9609375
-79856.1875
-83302.8984375
-85167.2421875
-85053.32421875
-82731.26171875
-78180.22265625
-71603.8984375
-63415.42578125
-54193.3203125
-44614.02734375
-35369.86328125
-27083.296875
-20229.41015625
-15077.69921875
-11661.90234375
-9782.51953125
-9041.390625
-8902.29296875
-8767.23828125
-8055.8515625
-6275.6875
-3074.484375
1729.9921875
8141.7578125
15995.5
24976.4375
34645.7734375
44469.13671875
53848.4765625
62160.015625
68800.828125
73243.96484375
75097.81640625
74160.72265625
70459.05078125
64257.14453125
56031.7578125
46410.8984375
36085.76171875
25712.12109375
15821.6328125
6762.48046875
-1317.47265625
-8442.15625
-14741.76953125
-20368.4453125
-25415.90625
-29864.87890625
-33568.90625
-36284.2578125
-37735.73828125
-37700.84375
-36090.1484375
-33003.35546875
-28747.20703125
-23811.46484375
-18809.1640625
-14395.02734375
-11178.9453125
-9649.90625
-10120.890625
-12698.59765625
-17276.4765625
-23546.40234375
-31024.125
-39085.62890625
-47013.828125
-54056.35546875
-59493.9921875
-62715.92578125
-63293.58203125
-61041.1796875
-56050.01953125
-48686.546875
-39550.20703125
-29395.73828125
-19032.43359375
-9218.41796875
-569.31640625
6502.80078125
11811.21875
15376.6796875
17377.6328125
18081.9375
17775.5390625
16702.62109375
15027.7109375
12825.03515625
10094.8359375
6801.21875
2922.16796875
-1500.05859375
-6320.65625
-11276.9296875
-16002.96875
-20075.328125
-23083.578125
-24712.75390625
-24819.9921875
-23486.6328125
-21030.8515625
-17973.578125
-14960.921875
-12656.57421875
-11625.02734375
-12228.94140625
-14560.8359375
-18421.46875
-23346.83203125
-28675.6640625
-33642.25390625
-37476.50390625
-39494.91015625
-39171.34765625
-36182.88671875
-30431.7734375
-22048.46484375
-11381.53125
1020.93359375
14436.52734375
28000.8515625
40749.48828125
51672.01953125
59779.3125
64182.37890625
64178.0390625
59333.1328125
49556.49609375
35146.75390625
16804.67578125
-4398.03515625
-27096.26171875
-49750.796875
-70797.36328125
-88806.3125
-102630.14453125
-111516.20703125
-115166.73828125
-113737.32421875
-107775.83203125
-98114.67578125
-85737.0859375
-71641.45703125
-56725.82421875
-41708.265625
-27090.171875
-13160.50390625
-32.16015625
12302.0
23906.36328125
34843.4921875
45126.328125
54685.7421875
63355.515625
70875.53125
76913.23828125
81102.453125
83096.89453125
82633.5234375
79598.02734375
74082.8359375
66427.2421875
57230.22265625
47329.33984375
37743.1328125
29579.3359375
23916.16796875
21668.69140625
23455.89453125
29486.83984375
39484.703125
52665.5703125
67783.5625
83245.23046875
97285.14453125
108182.6015625
114489.28515625
115231.9140625
110054.61328125
99273.8125
83832.66015625
65159.76171875
44954.7421875
24936.71484375
6598.44140625
-8992.72265625
-21315.3671875
-30419.015625
-36853.8125
-41520.9609375
-45472.34375
-49694.40625
-54912.36328125
-61445.91015625
-69138.5625
-77370.55078125
-85151.83203125
-91278.88671875
-94528.66015625
-93856.80078125
-88566.67578125
-78421.140625
-63679.53125
-45056.6640625
-23615.15234375
-614.72265625
22651.09375
45000.171875
65464.7734375
83339.4453125
98174.19921875
109725.15234375
117882.609375
122598.74609375
123833.71875
121531.61328125
115628.52734375
106086.6796875
92942.6484375
76355.80078125
56644.41796875
34301.2265625
9985.27734375
-15507.6875
-41290.62109375
-66438.8359375
-90044.6328125
-111267.41796875
-129376.1640625
-143783.57421875
-154072.78125
-160018.07421875
-161600.2734375
-159016.09765625
-152678.98046875
-143207.7734375
-131399.53125
-118184.109375
-104560.90625
-91521.5859375
-79966.16015625
-70622.03515625
-63976.48046875
-60231.4375
-59286.5546875
-60752.12109375
-63989.7109375
-68174.96875
-72375.68359375
-75637.8984375
-77073.6015625
-75944.41015625
-71735.75390625
-64215.59375
-53470.71484375
-39913.34375
-24251.94140625
-7423.703125
9507.85546875
25479.734375
39563.23046875
51083.15625
59700.6484375
65442.65234375
68670.5
69991.734375
70131.10546875
69785.4609375
69490.828125
69527.40625
69880.06640625
70259.8359375
70179.0
69061.28515625
66362.015625
61672.26953125
54785.99609375
45718.421875
34675.91015625
21988.390625
8023.66015625
-6893.9140625
-22540.0546875
-38809.2421875
-55692.02734375
-73217.828125
-91378.265625
-110050.296875
-128937.6953125
-147544.6171875
-165187.23828125
-181041.24609375
-194216.0859375
-203842.84765625
-209162.125
-209600.13671875
-204825.30859375
-194781.5703125
-179698.05078125
-160076.953125
-136662.44140625
-110393.640625
-82344.98828125
-53657.37890625
-25464.37890625
1181.8046875
25379.19140625
46434.48046875
63906.3828125
77630.14453125
87721.0
94555.75390625
98733.26171875
101016.19140625
102258.1328125
103321.88671875
104996.375
107920.5625
112523.078125
118985.05859375
127231.28515625
136951.30859375
147647.86328125
158706.03515625
169473.35546875
179339.19921875
187802.23828125
194516.578125
199310.95703125
202179.9140625
203250.4375
202731.5390625
200856.5546875
197828.6171875
193778.36328125
188740.203125
182649.71875
175360.98046875
166679.22265625
156402.27734375
144363.25390625
130467.66796875
114719.81640625
97235.859375
78243.6953125
58072.2109375
37134.23046875
15907.8515625
-5079.9453125
-25265.5
-44057.2265625
-60844.15234375
-75008.67578125
-85947.9609375
-93106.3125
-96017.58203125
-94353.3125
-87969.453125
-76943.73046875
-61596.953125
-42494.3828125
-20426.9609375
3624.71484375
28539.18359375
53111.203125
76114.16015625
96366.3671875
112800.5078125
124534.83203125
130942.15234375
131709.875
126881.98828125
116873.69921875
102451.953125
84680.0625
64831.03125
44280.21484375
24391.921875
6415.4453125
-8596.62109375
-19839.97265625
-26778.640625
-29138.21875
-26880.8984375
-20172.88671875
-9353.73046875
5085.89453125
22515.58203125
42167.73046875
63137.1015625
84385.29296875
104758.76953125
123027.42578125
137947.33203125
148346.60546875
153227.8359375
151875.56640625
143953.70703125
129576.6875
109340.1328125
84301.59765625
55909.30859375
25884.79296875
-3927.046875
-31721.58203125
-55890.859375
-75153.484375
-88643.4140625
-95950.10546875
-97109.93359375
-92555.49609375
-83034.02734375
-69508.17578125
-53052.2578125
-34754.88671875
-15636.0625
3416.15234375
21686.85546875
38652.70703125
53978.359375
67493.171875
79151.859375
88984.53125
97043.12109375
103352.28515625
107873.0390625
110486.21875
111000.16015625
109183.390625
104818.51953125
97769.296875
88049.28515625
75878.83203125
61717.37890625
46261.0703125
30400.69921875
15141.68359375
1495.04296875
-9645.359375
-17619.95703125
-22094.71875
-23109.48828125
-21072.73046875
-16701.359375
-10914.03125
-4695.10546875
1047.8515625
5608.734375
8568.44921875
9827.65625
9582.58984375
8250.76953125
6362.38671875
4439.2734375
2884.74609375
1904.71484375
1473.20703125
1346.34765625
1118.94140625
309.98828125
-1541.27734375
-4787.56640625
-9609.2890625
-15983.046875
-23684.44921875
-32320.40625
-41381.421875
-50302.89453125
-58525.34765625
-65546.49609375
-70961.34375
-74489.38671875
-75989.56640625
-75463.9296875
-73050.45703125
-69005.15234375
-63673.66015625
-57454.1015625
-50754.69921875
-43951.87890625
-37355.6875
-31188.7734375
-25582.87890625
-20592.98046875
-16224.7734375
-12467.9921875
-9326.23828125
-6835.28515625
-5065.16796875
-4106.359375
-4045.30078125
-4937.93359375
-6790.71484375
-9556.37890625
-13147.078125
-17461.87890625
-22420.62890625
-27993.2265625
-34213.78125
-41172.44140625
-48983.234375
-57732.87109375
-67420.765625
-77903.94140625
-88860.57421875
-99783.12109375
-110006.5546875
-118770.5390625
-125307.48046875
-128942.73828125
-129189.81640625
-125822.76953125
-118911.015625
-108807.53125
-96089.890625
-81462.87890625
-65640.22265625
-49228.6328125
-32639.0703125
-16045.9375
594.0234375
17464.171875
34766.2734375
52580.796875
70741.1953125
88753.4296875
105783.6328125
120722.80859375
132320.8671875
139366.88671875
140881.94921875
136287.73828125
125518.93359375
109059.05078125
87894.83203125
63400.1875
37172.9296875
10854.34375
-14038.4765625
-36243.64453125
-54834.84765625
-69248.25
-79262.80078125
-84947.2890625
-86590.21875
-84627.29296875
-79577.828125
-71996.65234375
-62443.2265625
-51466.23828125
-39599.37890625
-27363.0703125
-15267.00390625
-3809.07421875
6532.2578125
15313.640625
22150.02734375
26743.4375
28913.640625
28626.140625
26012.359375
21377.10546875
15189.26953125
8053.35546875
661.765625
-6269.4453125
-12075.37890625
-16218.77734375
-18357.1953125
-18389.39453125
-16471.08203125
-12994.24609375
-8530.296875
-3744.171875
707.1015625
4273.671875
6591.28515625
7523.37890625
7157.796875
5757.89453125
3677.1171875
1254.02734375
-1290.65625
-3932.66015625
-6879.921875
-10554.55078125
-15519.96484375
-22363.1484375
-31551.453125
-43290.1484375
-57408.84765625
-73301.94140625
-89939.84375
-105955.8671875
-119799.84375
-129936.76171875
-135059.671875
-134282.27734375
-127279.546875
-114353.1640625
-96411.390625
-74867.0390625
-51470.390625
-28103.046875
-6563.34375
11627.18359375
25372.20703125
34088.4921875
37727.828125
36736.95703125
31966.921875
24548.125
15749.01953125
6835.53515625
-1054.66796875
-7012.9140625
-10429.29296875
-11029.453125
-8879.1015625
-4359.0625
1885.16015625
9014.5390625
16083.03515625
22133.47265625
26295.93359375
27880.9140625
26458.8046875
21917.0546875
14486.7890625
4732.55859375
-6498.203125
-18164.796875
-29155.0625
-38426.640625
-45149.453125
-48828.1171875
-49383.203125
-47174.5625
-42958.22265625
-37779.6796875
-32818.13671875
-29206.38671875
-27856.828125
-29323.87109375
-33726.87890625
-40746.48828125
-49693.4375
-59635.65234375
-69559.125
-78533.1875
-85851.56640625
-91126.7109375
-94324.734375
-95739.18359375
-95912.52734375
-95521.75390625
-95249.01171875
-95658.66015625
-97099.421875
-99645.1015625
-103080.8671875
-106935.203125
-110551.2578125
-113186.3515625
-114124.83984375
-112788.19140625
-108826.5
-102178.3515625
-93090.1484375
-82091.62109375
-69930.640625
-57476.53515625
-45606.109375
-35089.60546875
-26493.98046875
-20118.3515625
-15971.25390625
-13792.4296875
-13114.79296875
-13355.64453125
-13921.92578125
-14312.43359375
-14200.68359375
-13485.4921875
-12301.07421875
-10984.46875
-10004.21484375
-9860.2109375
-10969.63671875
-13557.41796875
-17570.87109375
-22636.5546875
-28072.1171875
-32957.72265625
-36261.08203125
-36999.16796875
-34410.7578125
-28109.20703125
-18185.94140625
-5242.734375
9656.8203125
25110.9609375
39558.6015625
51483.20703125
59607.65625
63049.51171875
61415.43359375
54826.68359375
43880.6015625
29563.2890625
13133.75
-4000.73828125
-20403.1640625
-34711.453125
-45728.09375
-52497.26171875
-54372.1328125
-51071.7265625
-42721.75
-29869.7265625
-13463.26171875
5216.69921875
24669.13671875
43324.40625
59716.203125
72649.13671875
81334.87890625
85473.41796875
85264.91015625
81350.078125
74690.08203125
66407.65234375
57617.375
49273.4921875
42058.37890625
36325.66796875
32101.23828125
29134.875
26988.06640625
25139.46875
23089.6640625
20449.92578125
17004.625
12742.3359375
7855.55859375
2712.72265625
-2191.31640625
-6298.7421875
-9057.890625
-9989.98046875
-8745.78515625
-5146.078125
798.44921875
8889.43359375
18763.8203125
29933.5078125
41835.109375
53882.4375
65514.328125
76232.015625
85622.48046875
93366.9453125
99236.08203125
103075.37109375
104784.97265625
104298.6953125
101566.03125
96540.5
89176.3203125
79434.390625
67297.1875
52790.91015625
36011.6484375
17150.9296875
-3484.8984375
-25467.12890625
-48253.5625
-71215.76171875
-93683.03515625
-114997.453125
-134570.79296875
-151932.45703125
-166758.27734375
-178873.55859375
-188229.3203125
-194857.46875
-198816.31640625
-200141.46484375
-198816.7578125
-194775.8671875
-187937.6171875
-178269.0703125
-165862.07421875
-151003.1953125
-134216.08984375
-116259.34765625
-98071.71484375
-80668.13671875
-65002.15234375
-51819.74609375
-41534.4375
-34151.8359375
-29264.078125
-26121.37109375
-23772.62890625
-21252.25
-17779.515625
-12932.46875
-6761.64453125
181.01171875
6907.07421875
12142.046875
14537.06640625
12905.98046875
6447.3828125
-5086.3515625
-21301.4921875
-41171.2734375
-63138.3828125
-85294.66796875
-105609.30078125
-122170.32421875
-133403.95703125
-138241.609375
-136214.3828125
-127467.34765625
-112698.53515625
-93038.30078125
-69891.984375
-44771.36328125
-19138.8828125
5716.69921875
28761.8515625
49253.5703125
66732.23828125
80981.22265625
91965.65234375
99763.96484375
104504.8828125
106320.09765625
105319.3359375
101590.12890625
95219.91015625
86333.88671875
75138.83984375
61961.49609375
47270.94140625
31677.3828125
15904.1640625
735.41015625
-13053.62890625
-24772.93359375
-33889.0703125
-40081.03125
-43272.89453125
-43639.609375
-41586.0703125
-37703.06640625
-32705.7890625
-27361.875
-22416.31640625
-18520.3828125
-16171.1171875
-15666.93359375
-17083.29296875
-20270.484375
-24872.9453125
-30367.38671875
-36114.796875
-41420.5390625
-45596.5625
-48020.78515625
-48189.95703125
-45763.61328125
-40597.4609375
-32764.57421875
-22562.33203125
-10502.9296875
2714.5859375
16251.1328125
29191.2890625
40619.08203125
49698.1796875
55747.53125
58303.33203125
57160.1484375
52386.88671875
44316.84765625
33514.1171875
20720.8046875
6790.69921875
-7384.76953125
-20952.3828125
-33168.8671875
-43462.50390625
-51478.28125
-57100.8359375
-60450.95703125
-61854.29296875
-61784.76953125
-60789.5859375
-59406.1171875
-58082.85546875
-57116.2578125
-56612.5390625
-56479.34765625
-56447.3671875
-56117.61328125
-55027.046875
-52723.5546875
-48841.109375
-43166.39453125
-35689.19140625
-26629.87890625
-16438.8984375
-5765.3671875
4604.7109375
13835.71875
21145.16015625
25907.70703125
27743.94140625
26577.94921875
22652.44140625
16497.33203125
8856.73828125
587.484375
-7452.453125
-14506.1171875
-19994.4921875
-23559.41015625
-25072.0390625
-24613.8828125
-22441.2578125
-18944.203125
-14607.1875
-9973.5703125
-5610.9453125
-2072.1328125
151.9609375
687.0625
-668.98046875
-3901.5234375
-8758.8515625
-14767.41015625
-21286.7578125
-27599.3203125
-33020.85546875
-37011.07421875
-39262.22265625
-39747.08203125
-38715.93359375
-36642.75
-34131.4375
-31800.9921875
-30172.30859375
-29578.2265625
-30112.94140625
-31628.31640625
-33775.015625
-36077.69140625
-38027.36328125
-39172.10546875
-39188.87890625
-37924.765625
-35403.15625
-31798.15625
-27386.4453125
-22489.21875
-17416.7890625
-12425.58203125
-7692.83203125
-3309.5546875
711.1171875
4414.86328125
7881.10546875
11195.6015625
14423.47265625
17584.97265625
20636.8359375
23462.8359375
25877.47265625
27645.578125
28517.97265625
28279.12109375
26798.61328125
24075.234375
20262.03125
15663.375
10700.6953125
5850.4765625
1565.11328125
-1808.10546875
-4093.203125
-5322.64453125
-5737.23046875
-5748.25390625
-5869.58984375
-6633.79296875
-8509.31640625
-11835.45703125
-16786.9765625
-23373.27734375
-31468.76171875
-40863.6484375
-51319.921875
-62616.33203125
-74569.61328125
-87025.921875
-99824.546875
-112744.0390625
-125445.98046875
-137433.4140625
-148038.078125
-156444.796875
-161753.41015625
-163071.1484375
-159622.4375
-150860.359375
-136563.90625
-116907.69921875
-92494.62890625
-64345.8515625
-33846.59765625
-2649.79296875
27456.6875
54709.2265625
77539.546875
94738.77734375
105592.84765625
109967.69921875
108327.30078125
101676.0625
91429.53125
79230.12890625
66735.8046875
55415.48046875
46384.30078125
40303.7734375
37358.55078125
37306.18359375
39582.33984375
43435.2578125
48061.17578125
52717.328125
56798.5546875
59874.484375
61693.625
62165.6953125
61333.953125
59345.52734375
56422.65625
52833.0390625
48855.8515625
44741.53515625
40667.60546875
36697.8359375
32755.45703125
28621.421875
23964.890625
18406.28515625
11604.78125
3354.5703125
-6329.875
-17159.21484375
-28559.78125
-39715.1875
-49654.52734375
-57373.328125
-61966.96484375
-62754.16015625
-59370.97265625
-51821.89453125
-40483.44140625
-26063.9765625
-9530.35546875
7984.640625
25279.98828125
41177.94140625
54602.66015625
64643.46875
70603.62109375
72036.26953125
68768.5859375
60912.71875
48860.1875
33255.546875
14946.50390625
-5088.7578125
-25831.1015625
-46315.74609375
-65718.7734375
-83419.625
-99027.62890625
-112367.3125
-123425.75390625
-132273.9453125
-138980.21484375
-143536.0078125
-145811.484375
-145551.515625
-142413.2109375
-136036.66796875
-126133.49609375
-112574.61328125
-95459.86328125
-75157.03125
-52304.20703125
-27776.3359375
-2621.6484375
22023.19921875
45029.50390625
65374.50390625
82231.42578125
95041.96484375
103561.875
107871.5546875
108346.7578125
105589.75
100328.64453125
93299.62109375
85132.40625
76260.8125
66876.8046875
56938.59375
46232.16015625
34474.00390625
21433.8828125
7051.4453125
-8478.0234375
-24667.5078125
-40760.2734375
-55807.1484375
-68785.66015625
-78740.03515625
-84917.9453125
-86880.8046875
-84569.8046875
-78317.484375
-68803.91796875
-56965.16796875
-43868.8046875
-30575.46484375
-18006.765625
-6838.05859375
2569.51953125
10189.1640625
16298.57421875
21404.8515625
26134.75390625
31106.0703125
36799.18359375
43449.0625
50976.15234375
58969.6953125
66729.15625
73359.56640625
77906.6171875
79509.0859375
77542.203125
71726.4296875
62182.5234375
49424.015625
34290.0390625
17832.3125
1177.390625
-14612.08984375
-28655.7734375
-40338.13671875
-49347.77734375
-55674.05078125
-59568.0546875
-61479.1015625
-61979.22265625
-61687.5859375
-61204.09765625
-61058.1171875
-61674.3828125
-63354.73046875
-66271.80078125
-70469.7265625
-75867.375
-82261.78515625
-89332.2265625
-96647.98046875
-103684.42578125
-109851.66796875
-114537.5078125
-117162.75390625
-117243.09375
-114448.58203125
-108651.296875
-99952.99609375
-88688.41015625
-75403.87109375
-60815.2421875
-45751.40234375
-31090.4453125
-17694.7890625
-6349.7421875
2291.53125
7754.6953125
9780.421875
8347.5625
3680.09765625
-3764.984375
-13330.3515625
-24210.38671875
-35518.60546875
-46363.38671875
-55923.3828125
-63513.8125
-68636.4609375
-71008.98828125
-70572.640625
-67480.40625
-62069.74609375
-54824.8515625
-46332.86328125
-37237.53515625
-28192.46484375
-19815.5234375
-12645.796875
-7105.0546875
-3466.25390625
-1831.859375
-2124.28515625
-4089.61328125
-7314.06640625
-11251.109375
-15256.4140625
-18627.640625
-20647.13671875
-20626.56640625
-17953.390625
-12138.890625
-2866.3125
9964.40234375
26200.71484375
45417.00390625
66915.69140625
89754.13671875
112797.87890625
134797.03125
154478.96875
170648.203125
182283.5703125
188623.453125
189231.453125
184037.01953125
173347.55078125
157830.625
138466.98046875
116477.13671875
93226.82421875
70118.82421875
48480.625
29458.38671875
13927.2578125
2426.6875
-4873.12109375
-8170.6796875
-7998.43359375
-5156.68359375
-621.61328125
4564.63671875
9411.515625
13092.6796875
15040.0078125
15005.46875
13080.09765625
9664.3359375
5391.5859375
1014.8046875
-2726.34375
-5235.625
-6164.67578125
-5472.6171875
-3429.37890625
-561.49609375
2450.39453125
4904.37890625
6217.04296875
6045.75
4371.94921875
1530.44921875
-1821.6484375
-4793.21875
-6392.29296875
-5684.49609375
-1952.3671875
5170.109375
15610.64453125
28835.52734375
43896.53125
59542.3125
74377.296875
87042.37890625
96387.5
101607.90234375
102323.0703125
98588.75
90845.328125
79817.35546875
66386.60546875
51463.0859375
35875.36328125
20294.3203125
5195.54296875
-9142.6796875
-22614.42578125
-35245.265625
-47145.84375
-58467.3359375
-69363.0390625
-79957.4140625
-90322.33984375
-100459.92578125
-110291.41796875
-119652.41015625
-128294.6640625
-135895.04296875
-142071.65625
-146407.1328125
-148478.7421875
-147894.50390625
-144333.8359375
-137589.74609375
-127607.859375
-114516.05859375
-98637.74609375
-80482.88671875
-60714.1484375
-40090.20703125
-19393.890625
642.91796875
19403.4453125
36426.65625
51416.58203125
64219.78515625
74778.03125
83069.5390625
89054.94140625
92642.859375
93685.19140625
92004.703125
87449.53125
79962.578125
69649.83984375
56831.265625
42060.8203125
26108.08984375
9901.00390625
-5563.1640625
-19325.27734375
-30572.74609375
-38730.5859375
-43519.1484375
-44968.375
-43386.23046875
-39287.96484375
-33300.3984375
-26060.32421875
-18126.8515625
-9923.6640625
-1719.8125
6351.71484375
14247.046875
21951.5078125
29423.96484375
36559.703125
43179.8671875
49047.4921875
53902.94140625
57506.91796875
59678.3515625
60317.16015625
59407.21875
57000.92578125
53191.90625
48085.265625
41774.91796875
34334.88671875
25827.39453125
16325.85546875
5946.99609375
-5115.8828125
-16566.953125
-27996.03515625
-38884.83203125
-48631.71484375
-56592.0859375
-62128.9296875
-64666.88671875
-63743.42578125
-59051.87109375
-50473.265625
-38095.94140625
-22223.29296875
-3370.9453125
17745.984375
40235.609375
63063.2421875
85098.33984375
105175.50390625
122168.80859375
135075.64453125
143103.0703125
145746.65625
142850.43359375
134637.3125
121702.3203125
104966.22265625
85593.47265625
64884.49609375
44157.24609375
24634.828125
7354.85546875
-6888.44921875
-17565.23828125
-24397.44140625
-27322.890625
-26450.109375
-22018.11328125
-14371.91796875
-3958.0390625
8663.2734375
22798.95703125
37610.54296875
52121.359375
65252.40234375
75888.87109375
82971.59375
85600.87890625
83136.86328125
75280.44140625
62122.375
44154.0234375
22239.43359375
-2446.09375
-28502.3828125
-54405.91796875
-78617.22265625
-99686.12890625
-116348.18359375
-127606.6328125
-132794.6796875
-131613.6015625
-124143.44140625
-110825.18359375
-92416.33984375
-69924.83203125
-44528.51953125
-17488.578125
9935.59765625
36564.41796875
61365.5390625
83509.2109375
102410.1015625
117753.51171875
129502.30859375
137880.19140625
143327.76171875
146431.47265625
147830.75
148114.87109375
147725.81640625
146885.14453125
145560.21875
143478.4140625
140188.5859375
135159.30859375
127895.890625
118054.71875
105534.859375
90532.2109375
73549.41015625
55362.69921875
36953.4453125
19415.76953125
3852.74609375
-8727.3203125
-17504.95703125
-21926.16796875
-21755.625
-17101.4921875
-8408.84375
3578.8984375
17887.56640625
33401.68359375
48965.11328125
63479.9609375
75991.0390625
85746.0546875
92226.61328125
95150.77734375
94453.1875
90251.89453125
82811.56640625
72510.734375
59817.08203125
45270.65625
29471.79296875
13069.1328125
-3256.1015625
-18811.6015625
-32920.5546875
-44951.0546875
-54345.36328125
-60646.94921875
-63524.75
-62795.35546875
-58444.28125
-50646.1015625
-39780.953125
-26442.2421875
-11428.578125
4286.68359375
19612.203125
33420.75
44649.76953125
52408.2421875
56074.2265625
55367.16015625
50381.87890625
41576.7734375
29715.63671875
15770.16015625
796.34375
-14197.37890625
-28370.6796875
-41141.84375
-52233.58203125
-61665.98828125
-69696.99609375
-76719.890625
-83135.8515625
-89225.18359375
-95042.44140625
-100357.34765625
-104655.25
-107199.6953125
-107147.6015625
-103697.1640625
-96242.3359375
-84506.8671875
-68634.8984375
-49223.4921875
-27292.52734375
-4197.28515625
18503.0
39202.34765625
56410.83203125
68903.90625
75841.76171875
76846.87109375
72032.765625
61982.7890625
47683.13671875
30419.51953125
11650.59375
-7126.66796875
-24505.03125
-39276.140625
-50512.953125
-57622.00390625
-60366.4296875
-58863.01953125
-53557.3046875
-45179.7265625
-34684.63671875
-23173.0859375
-11801.12890625
-1678.0078125
6237.7421875
11232.734375
12910.2109375
11226.359375
6483.5390625
-720.35546875
-9579.08984375
-19187.48046875
-28654.66015625
-37202.75390625
-44236.4375
-49375.64453125
-52451.34765625
-53471.12109375
-52565.78125
-49929.9921875
-45768.9609375
-40260.671875
-33539.640625
-25704.38671875
-16846.86328125
-7098.36328125
3317.49609375
14037.078125
24528.2890625
34094.203125
41917.16796875
47144.234375
49005.30859375
46946.17578125
40752.171875
30636.578125
17272.0703125
1752.83984375
-14512.52734375
-29964.3046875
-43087.44140625
-52610.45703125
-57677.05859375
-57964.76953125
-53732.78125
-45791.796875
-35399.3203125
-24093.8984375
-13490.0546875
-5061.12109375
60.53515625
1237.9765625
-1583.6953125
-7871.8984375
-16584.22265625
-26318.49609375
-35513.3984375
-42669.6171875
-46558.15234375
-46384.6171875
-41885.375
-33342.85546875
-21520.4375
-7530.41796875
7341.015625
21821.66796875
34823.37890625
45568.54296875
53656.73046875
59067.375
62106.12890625
63312.09765625
63347.4765625
62890.70703125
62548.82421875
62796.8046875
63943.91015625
66121.234375
69282.76171875
73213.95703125
77545.6875
81775.76171875
85302.75390625
87476.59375
87666.94140625
85345.1640625
80170.22265625
72064.77734375
61266.68359375
48343.25390625
34160.63671875
19807.75
6481.83203125
-4650.3828125
-12596.8125
-16668.08984375
-16569.4765625
-12440.98046875
-4837.99609375
5345.703125
17000.9609375
28952.34765625
40109.16015625
49594.2265625
56831.20703125
61579.66796875
63917.1796875
64177.0390625
62857.12109375
60518.12109375
57688.7421875
54791.31640625
52095.7578125
49703.98046875
47562.0390625
45494.109375
43250.984375
40565.73046875
37210.10546875
33046.44921875
28070.91015625
22444.45703125
16508.28515625
10780.27734375
5929.55078125
2727.26171875
1974.46875
4411.52734375
10618.1796875
20917.50390625
35299.37109375
53378.421875
74397.23828125
97278.19921875
120718.20703125
143312.078125
163684.5078125
180609.35546875
193098.51953125
200450.45703125
202258.0078125
198384.03515625
188919.37890625
174139.04296875
154469.5703125
130474.109375
102854.31640625
72461.421875
40305.140625
7548.66796875
-24518.86328125
-54535.83984375
-81144.96484375
-103085.71875
-119291.59765625
-128980.2421875
-131725.81640625
-127505.4140625
-116714.265625
-100147.73828125
-78950.75
-54537.80859375
-28489.3828125
-2432.8046875
22081.72265625
43697.84375
61349.83203125
74328.7578125
82310.81640625
85346.1328125
83812.3671875
78342.546875
69739.921875
58893.09375
46702.52734375
34025.48046875
21641.65625
10237.4765625
404.09765625
-7357.17578125
-12628.14453125
-15070.69140625
-14431.16796875
-10553.95703125
-3404.078125
6903.62890625
20073.79296875
35605.78125
52783.79296875
70690.21875
88247.921875
104292.05859375
117665.75
127327.98828125
132458.12890625
132540.80859375
127418.140625
117302.23828125
102748.78125
84599.16796875
63903.59765625
41838.48828125
19629.58203125
-1512.5625
-20443.40234375
-36124.62890625
-47659.4609375
-54328.3203125
-55627.671875
-51310.95703125
-41426.5546875
-26344.9140625
-6766.1484375
16299.15625
41579.69140625
67623.0078125
92899.3828125
115920.640625
135362.0078125
150174.6796875
159677.65234375
163619.5703125
162204.15625
156075.671875
146263.8203125
134090.56640625
121044.6875
108633.53515625
98225.4375
90899.40625
87320.6875
87660.03515625
91570.625
98229.640625
106442.1015625
114794.6328125
121838.09375
126272.7734375
127108.9765625
123780.09765625
116193.671875
104716.546875
90101.60546875
73372.2578125
55686.43359375
38202.72265625
21967.85546875
7838.26171875
-3559.5625
-11833.01953125
-16800.49609375
-18453.62890625
-16916.703125
-12412.50390625
-5239.7421875
4237.46484375
15591.46875
28329.953125
41897.98046875
55687.91015625
69059.40625
81369.07421875
92006.5859375
100432.8203125
106215.203125
109056.07421875
108811.38671875
105498.6484375
99294.48046875
90523.16796875
79638.1171875
67198.35546875
53841.92578125
40257.9609375
27158.640625
15251.8203125
5214.49609375
-2333.4140625
-6856.015625
-7930.05078125
-5275.65625
1211.71875
11431.0546875
25051.72265625
41501.63671875
59973.3203125
79452.3203125
98769.38671875
116674.234375
131924.9453125
143384.296875
150112.890625
151449.09765625
147067.55859375
137010.25390625
121686.97265625
101844.65625
78507.5859375
52892.64453125
26306.5078125
33.70703125
-24773.19921875
-47189.33203125
-66587.28515625
-82671.91796875
-95475.23046875
-105312.12109375
-112703.6875
-118279.62890625
-122674.26953125
-126431.1640625
-129929.06640625
-133338.09765625
-136609.7890625
-139499.55078125
-141615.78125
-142486.62890625
-141633.90625
-138643.5859375
-133223.62109375
-125242.21875
-114743.0546875
-101937.4453125
-87177.1953125
-70914.640625
-53658.203125
-35931.7734375
-18244.66796875
-1075.70703125
15128.97265625
29948.75
42979.27734375
53829.578125
62132.53125
67572.3828125
69927.796875
69123.5859375
65279.703125
58744.03125
50096.546875
40116.81640625
29713.7109375
19824.44921875
11297.4609375
4778.51953125
620.78125
-1163.9140625
-902.01953125
797.640625
3144.0703125
5291.80078125
6474.671875
6123.43359375
3948.640625
-22.90234375
-5461.14453125
-11789.6796875
-18274.125
-24125.6484375
-28602.921875
-31098.37109375
-31199.4140625
-28720.921875
-23709.9765625
-16427.3828125
-7311.5546875
3069.75390625
14075.84375
25054.4921875
35405.73828125
44644.28515625
52455.15625
58735.3359375
63613.37109375
67439.6953125
70743.58203125
74157.515625
78315.7109375
83739.40234375
90725.78125
99259.4140625
108963.40234375
119102.9609375
128646.4765625
136380.0703125
141062.30078125
141597.82421875
137204.34765625
127546.70703125
112816.19140625
93741.46484375
71528.16015625
47735.47265625
24107.50390625
2383.1171875
-15890.3203125
-29516.7109375
-37767.38671875
-40444.2109375
-37886.98046875
-30928.51953125
-20804.75
-9029.46484375
2755.15625
12940.1328125
20110.046875
23187.953125
21549.98828125
15095.89453125
4264.6875
-10009.9375
-26402.671875
-43348.0703125
-59222.87890625
-72535.9765625
-82100.484375
-87164.53125
-87482.8046875
-83320.046875
-75388.08984375
-64728.06640625
-52557.5390625
-40106.6796875
-28467.87890625
-18479.3046875
-10656.02734375
-5173.5078125
-1899.59765625
-463.88671875
-348.4765625
-982.890625
-1827.3671875
-2433.015625
-2473.23046875
-1746.7734375
-158.28515625
2314.5078125
5656.78515625
9846.80859375
14874.60546875
20746.98828125
27480.390625
35084.9765625
43544.1328125
52792.82421875
62697.1171875
73036.42578125
83490.2890625
93632.57421875
102937.37109375
110801.3359375
116585.890625
119679.24609375
119572.9609375
115942.22265625
108715.10546875
98115.21484375
84665.21875
69145.70703125
52512.70703125
35786.328125
19929.3046875
5736.98046875
-6242.171875
-15742.62109375
-22770.51171875
-27550.4296875
-30443.15625
-31852.03515625
-32136.16796875
-31545.90234375
-30190.328125
-28039.80859375
-24959.51953125
-20764.859375
-15286.44140625
-8431.9296875
-234.07421875
9122.06640625
19295.30859375
29806.16015625
40071.61328125
49450.26171875
57291.1953125
62981.12890625
65986.0859375
65885.98828125
62402.09765625
55418.30078125
44997.203125
31391.265625
15047.8046875
-3394.83984375
-23123.84765625
-43184.97265625
-62534.640625
-80110.3359375
-94914.48046875
-106102.42578125
-113061.89453125
-115470.234375
-113318.0234375
-106892.953125
-96725.390625
-83505.09375
-67984.78515625
-50889.3359375
-32847.8125
-14360.23046875
4197.62890625
22537.01171875
40399.8671875
57501.0234375
73486.3359375
87920.1484375
100307.859375
110150.8671875
117022.9921875
120651.9453125
120987.56640625
118240.74609375
112882.63671875
105601.9140625
97226.1796875
88620.79296875
80582.4765625
73745.35546875
68513.859375
65030.79296875
63181.875
62631.7890625
62882.34765625
63342.1328125
63397.82421875
62480.35546875
60121.80859375
56001.28515625
49978.62109375
42114.3203125
32672.8671875
22106.1875
11014.80078125
87.19140625
-9977.9296875
-18557.0703125
-25182.08203125
-29600.9296875
-31806.9140625
-32029.57421875
-30687.640625
-28312.171875
-25454.21875
-22594.3828125
-20070.9296875
-18038.578125
-16463.2109375
-15150.125
-13796.984375
-12059.0
-9613.2109375
-6211.359375
-1715.0625
3888.1484375
10485.625
17852.66796875
25673.33203125
33565.49609375
41108.5625
47873.51171875
53455.46484375
57508.0625
59777.5703125
60133.0
58587.640625
55307.59375
50604.625
44913.0625
38753.41796875
32687.78515625
27273.17578125
23018.6875
20350.57421875
19586.62109375
20918.86328125
24401.84765625
29943.84375
37299.94140625
46068.80859375
55697.7109375
65502.09765625
74705.44921875
82501.921875
88138.9375
91010.64453125
90747.80859375
87287.10546875
80904.1796875
72200.10546875
62039.5703125
51448.66796875
41488.63671875
33127.015625
27127.95703125
23979.02734375
23863.65625
26678.6484375
32087.24609375
39592.2265625
48611.7890625
58543.5625
68808.1015625
78870.5
88245.58203125
96496.10546875
103233.96484375
108131.25
110942.62890625
111534.54296875
109912.41796875
106235.66015625
100812.80078125
94074.21875
86526.62890625
78699.09765625
71092.9921875
64147.015625
58223.4296875
53614.1796875
50558.54296875
49259.51953125
49886.00390625
52552.5234375
57276.4375
63921.7421875
72145.91015625
81368.90625
90780.75390625
99395.765625
106150.4375
110030.59375
110205.41015625
106143.16015625
97687.18359375
85078.9765625
68926.78515625
50128.75390625
29767.50390625
8995.9765625
-11067.54296875
-29422.83203125
-45244.2109375
-57911.19140625
-67018.515625
-72372.00390625
-73975.6953125
-72013.3359375
-66825.125
-58879.4140625
-48739.28125
-37025.08203125
-24375.4609375
-11410.25
1301.62109375
13266.96875
24085.5078125
33460.1875
41202.35546875
47233.125
51581.5234375
54378.78515625
55847.5390625
56284.60546875
56037.0859375
55472.83203125
54947.875
54774.51953125
55194.0390625
56357.296875
58315.3671875
61020.57421875
64336.84765625
68057.02734375
71924.1796875
75653.828125
78954.3515625
81543.6953125
83161.40625
83576.38671875
82591.66796875
80048.56640625
75832.71484375
69884.171875
62212.39453125
52915.12890625
42197.89453125
30389.19140625
17945.63671875
5442.0234375
-6456.48046875
-17039.41796875
-25609.15625
-31544.75390625
-34362.84765625
-33767.28125
-29681.47265625
-22260.88671875
-11886.15234375
860.05859375
15228.87109375
30350.5390625
45287.890625
59097.2265625
70896.16796875
79935.77734375
85671.30078125
87822.35546875
86411.39453125
81769.83203125
74505.14453125
65429.03125
55454.83203125
45480.0
36273.9140625
28391.62890625
22129.4453125
17529.7890625
14432.40625
12558.96875
11611.44140625
11362.03515625
11715.39453125
12730.3984375
14598.4375
17584.53125
21945.58203125
27844.32421875
35277.9453125
44036.76171875
53701.859375
63682.76953125
73288.42578125
81818.2734375
88656.8359375
93354.36328125
95678.984375
95631.21484375
93419.20703125
89400.92578125
84006.5078125
77658.2109375
70705.921875
63392.41015625
55855.1796875
48162.1875
40369.8515625
32585.25390625
25013.1328125
17972.01171875
11872.3984375
7160.69140625
4242.48828125
3405.13671875
4760.16015625
8220.77734375
13520.3125
20266.08984375
28014.14453125
36345.12890625
44922.4296875
53519.5546875
62012.921875
70345.9765625
78477.9453125
86333.89453125
93771.265625
100572.76171875
106467.6640625
111176.13671875
114465.3046875
116203.296875
116398.59375
115215.890625
112965.28515625
110067.42578125
107001.8515625
104248.140625
102229.796875
101268.7734375
101555.70703125
103137.51171875
105921.36328125
109692.3984375
114141.73046875
118901.39453125
123583.2265625
127818.7109375
131296.81640625
133796.578125
135211.03125
135559.453125
134985.75390625
133742.39453125
132160.8203125
130611.203125
129455.63671875
128999.78515625
129448.46484375
130870.625
133178.83984375
136127.45703125
139332.15234375
142311.15625
144545.50390625
145552.03125
144959.609375
142576.671875
138437.53515625
132816.77734375
126205.08203125
119246.3203125
112642.9140625
107043.68359375
102933.6796875
100547.40625
99824.62890625
100421.0234375
101775.625
103224.59765625
104139.51953125
104060.84375
102795.7421875
100455.58984375
97421.0546875
94239.453125
91475.984375
89552.890625
88615.3828125
88458.078125
88532.18359375
88034.5859375
86060.41015625
81785.375
74637.5390625
64421.15234375
51367.10546875
36102.16796875
19547.29296875
2770.05078125
-13176.09765625
-27393.58203125
-39239.21484375
-48367.4609375
-54719.91796875
-58473.3515625
-59964.89453125
-59613.5
-57852.59765625
-55081.80078125
-51638.1171875
-47781.671875
-43688.80859375
-39446.73046875
-35047.84375
-30386.59375
-25265.0546875
-19414.3046875
-12536.01171875
-4363.2109375
5267.37890625
16345.23828125
28634.8515625
41659.3046875
54728.95703125
67016.515625
77669.33203125
85940.20703125
91312.0078125
93590.640625
92945.9140625
89889.828125
85194.53515625
79764.74609375
74489.0
70098.1796875
67057.77734375
65512.42578125
65289.8125
65958.875
66926.71875
67552.86328125
67258.4765625
65612.171875
62381.03125
57543.90234375
51271.30859375
43881.65625
35785.8359375
27432.0859375
19260.703125
11674.61328125
5027.734375
-371.25390625
-4245.515625
-6335.44140625
-6391.90234375
-4185.05859375
467.09765625
7651.69140625
17302.34765625
29141.21484375
42636.3515625
56988.88671875
71160.41015625
83944.33203125
94077.328125
100379.17578125
101903.6796875
98080.34375
88826.1171875
74609.32421875
56452.5703125
35867.94140625
14725.82421875
-4932.8671875
-21122.296875
-32148.72265625
-36827.28125
-34645.80859375
-25847.19140625
-11411.7578125
7064.06640625
27579.56640625
48002.03125
66357.69140625
81094.125
91270.97265625
96647.69140625
97655.7578125
95263.609375
90762.1015625
85511.93359375
80700.03125
77147.83984375
75202.80859375
74726.79296875
75176.5703125
75754.984375
75600.14453125
73976.015625
70430.578125
64896.45703125
57720.8203125
49624.20703125
41599.296875
34768.9453125
30227.27734375
28888.33984375
31364.01953125
37887.4609375
48290.9296875
62038.8359375
78308.44140625
96103.91015625
114384.515625
132186.47265625
148719.71875
163426.3984375
175995.50390625
186336.67578125
194523.65625
200722.75390625
205122.88671875
207881.25390625
209093.08203125
208787.26953125
206943.37109375
203521.26171875
198493.70703125
191873.68359375
183732.03515625
174205.0
163494.109375
151861.8671875
139625.5078125
127148.546875
114827.47265625
103069.8671875
92261.52734375
82723.50390625
74664.5703125
68138.57421875
63018.2421875
58995.4140625
55613.45703125
52330.58203125
48605.7578125
43992.91015625
38226.4921875
31282.00390625
23399.140625
15061.39453125
6932.95703125
-239.5078125
-5747.28125
-9045.40234375
-9865.53515625
-8297.71484375
-4825.82421875
-306.69140625
4109.72265625
7112.54296875
7399.01953125
3857.4140625
-4263.421875
-17224.27734375
-34726.71875
-55917.02734375
-79463.5234375
-103696.625
-126792.25390625
-146973.7734375
-162706.33984375
-172859.8828125
-176821.98828125
-174548.921875
-166550.62109375
-153813.56640625
-137672.7890625
-119650.453125
-101282.52734375
-83956.2265625
-68778.5859375
-56491.10546875
-47437.296875
-41581.5234375
-38569.58203125
-37816.7265625
-38607.0390625
-40189.8828125
-41863.19140625
-43037.9140625
-43282.07421875
-42345.21875
-40164.90625
-36856.4921875
-32687.171875
-28035.5
-23338.99609375
-19034.48046875
-15497.8671875
-12991.34375
-11625.6171875
-11342.98046875
-11923.9140625
-13016.2578125
-14182.72265625
-14960.1328125
-14922.421875
-13739.4609375
-11224.48046875
-7364.31640625
-2328.77734375
3542.41015625
9773.890625
15806.5234375
21060.62890625
25002.984375
27209.25
27414.32421875
25544.9140625
21731.1796875
16296.984375
9730.78125
2640.75
-4301.19921875
-10421.35546875
-15106.69140625
-17862.42578125
-18358.87109375
-16462.3984375
-12246.0390625
-5977.47265625
1915.1953125
10896.0078125
20385.109375
29825.1171875
38740.3671875
46780.85546875
53745.71484375
59584.609375
64379.21875
68309.6640625
71612.078125
74533.55859375
77289.78515625
80029.17578125
82806.45703125
85567.84375
88149.6953125
90292.21484375
91668.59765625
91928.13671875
90748.86328125
87892.2109375
83250.13671875
76874.6796875
68982.47265625
59931.44921875
50173.5234375
40193.15625
30445.87890625
21311.2421875
13070.89453125
5915.3125
-26.0234375
-4643.51171875
-7811.6640625
-9373.57421875
-9154.13671875
-7000.8125
-2841.109375
3261.05859375
11069.4375
20174.60546875
30033.59765625
40043.609375
49633.30859375
58349.62109375
65918.3828125
72264.1015625
77484.76171875
81789.453125
85415.91015625
88549.63671875
91264.765625
93500.6328125
95078.28515625
95751.7578125
95280.9375
93509.1484375
90428.51953125
86219.75390625
81258.33203125
76085.42578125
71347.3046875
67711.44140625
65770.60546875
65948.0625
68417.5
73050.5703125
79402.4453125
86741.55859375
94123.5546875
100502.31640625
104863.76171875
106362.53515625
104439.30078125
98898.14453125
89929.76171875
78075.7265625
64140.40234375
49067.4765625
33805.4375
19188.28515625
5854.38671875
-5782.5703125
-15508.54296875
-23240.62109375
-28936.2421875
-32506.49609375
-33759.328125
-32391.3359375
-28034.98046875
-20354.2265625
-9168.84765625
5420.84765625
22939.20703125
42495.75
62815.74609375
82341.15234375
99388.00390625
112334.96875
119812.2421875
120860.87890625
115039.53515625
102466.44921875
83796.58984375
60144.12890625
32967.26171875
3934.515625
-25210.27734375
-52771.9296875
-77209.8984375
-97224.4921875
-111824.00390625
-120374.12890625
-122629.44921875
-118744.72265625
-109261.765625
-95067.6328125
-77321.7578125
-57353.83984375
-36539.75
-16168.515625
2682.34765625
19244.3671875
33111.9453125
44242.2734375
52900.25
59558.1015625
64768.859375
69039.04296875
72726.50390625
75984.10546875
78759.4296875
80847.36328125
81979.625
81926.43359375
80582.95703125
78018.14453125
74474.35546875
70320.28515625
65972.84765625
61811.96484375
58113.68359375
55020.57421875
52556.5546875
50679.390625
49352.41015625
48610.90625
48600.25
49570.984375
51828.88671875
55651.1328125
61189.671875
68386.99609375
76926.84375
86234.1484375
95527.30078125
103914.4296875
110516.7890625
114597.93359375
115677.4375
113611.76171875
108630.95703125
101326.79296875
92594.3828125
83534.79296875
75330.18359375
69105.79296875
65794.2734375
66017.82421875
70001.86328125
77530.85546875
87952.43359375
100230.8125
113044.9609375
124922.01953125
134392.11328125
140147.9296875
141191.0234375
136947.28125
127336.546875
112786.1796875
94184.984375
72782.20703125
50044.68359375
27492.36328125
6536.47265625
-11655.5
-26248.76953125
-36773.70703125
-43102.5546875
-45381.69140625
-43938.7109375
-39186.66796875
-31545.5625
-21394.31640625
-9057.19140625
5180.609375
21040.33203125
38214.48828125
56342.21484375
75002.6484375
93727.53125
112028.03125
129427.34765625
145490.34375
159843.9609375
172186.53125
182288.28515625
189988.09375
195191.78125
197875.2578125
198092.21484375
195982.45703125
191774.73046875
185777.86328125
178356.38671875
169891.05859375
160729.4296875
151135.4375
141249.05078125
131066.28125
120446.69140625
109150.578125
96901.96875
83468.1953125
68742.52734375
52814.5703125
36013.84375
18915.5
2302.99609375
-12910.20703125
-25790.2578125
-35507.83984375
-41458.6484375
-43359.2578125
-41301.87890625
-35758.1171875
-27530.640625
-17660.41015625
-7304.11328125
2399.5
10455.42578125
16114.36328125
18940.12109375
18837.6171875
16042.3359375
11076.1015625
4676.78515625
-2289.1875
-8922.1484375
-14382.875
-17975.5625
-19211.7578125
-17848.9140625
-13900.0625
-7615.2421875
560.41796875
10043.421875
20172.94140625
30266.453125
39663.19921875
47753.69921875
53998.5625
57943.57421875
59238.9921875
57668.61328125
53189.0
45972.97265625
36445.9140625
25300.8671875
13479.9375
2115.203125
-7569.0859375
-14381.96875
-17300.5234375
-15592.36328125
-8905.953125
2685.00390625
18687.7421875
38242.52734375
60208.8203125
83269.95703125
106041.44921875
127171.6796875
145429.08203125
159774.8046875
169422.546875
173887.5625
173024.5859375
167051.23046875
156550.54296875
142445.62109375
125940.87109375
108429.12890625
91369.8984375
76150.7421875
63948.9921875
55613.3984375
51584.08203125
51864.16015625
56048.30078125
63403.71875
72989.8984375
83796.0703125
94872.40234375
105432.3828125
114909.92578125
122964.390625
129437.6484375
134277.33984375
137447.37890625
138848.96484375
138272.32421875
135391.9453125
129807.87109375
121124.8125
109052.12109375
93502.73828125
74669.05078125
53058.4140625
29479.37109375
4979.6640625
-19253.3203125
-42012.171875
-62188.671875
-78874.02734375
-91426.67578125
-99502.26171875
-103048.16796875
-102271.4296875
-97591.8125
-89591.515625
-78969.47265625
-66503.17578125
-53016.234375
-39346.7734375
-26311.390625
-14661.5859375
-5033.44921875
2104.44921875
6497.07421875
8133.875
7257.49609375
4346.1171875
69.953125
-4773.5859375
-9338.41015625
-12812.796875
-14497.91015625
-13873.9140625
-10647.7109375
-4778.49609375
3520.7890625
13805.90625
25445.71484375
37684.48046875
49716.28515625
60763.90625
70153.65234375
77377.38671875
82134.2421875
84346.78125
84149.84375
81854.0234375
77889.61328125
72739.5546875
66871.60546875
60679.65234375
54442.4296875
48304.71484375
42282.21484375
36287.60546875
30171.79296875
23772.5390625
16961.86328125
9684.55078125
1982.06640625
-6000.921875
-14027.19921875
-21791.546875
-28954.1171875
-35176.11328125
-40151.7734375
-43631.9140625
-45436.5703125
-45457.07421875
-43650.25390625
-40029.18359375
-34655.0625
-27633.9140625
-19119.4140625
-9320.46875
1490.140625
12971.375
24718.6796875
36281.26171875
47192.15234375
57008.0625
65353.03515625
71958.21484375
76690.109375
79561.38671875
80721.546875
80428.57421875
79006.4375
76796.08203125
74108.68359375
71189.40625
68197.40234375
65204.38671875
62210.05859375
59169.2109375
56023.33203125
52729.0859375
49277.7109375
45702.296875
42073.359375
38486.17578125
35044.99609375
31849.35546875
28985.921875
26526.90234375
24533.35546875
23059.8828125
22156.890625
21867.5390625
22218.546875
23206.390625
24782.02734375
26838.1875
29202.53515625
31638.7578125
33855.64453125
35522.82421875
36290.95703125
35814.12890625
33773.0703125
29898.50390625
23994.64453125
15962.76953125
5824.03515625
-6260.73828125
-19977.61328125
-34856.74609375
-50284.05859375
-65529.90625
-79794.5703125
-92267.72265625
-102196.03515625
-108951.640625
-112093.453125
-111414.6171875
-106971.19140625
-99089.61328125
-88352.65625
-75564.7734375
-61698.45703125
-47823.328125
-35020.17578125
-24283.52734375
-16418.953125
-11944.515625
-11009.21484375
-13343.07421875
-18252.68359375
-24671.91015625
-31269.703125
-36607.24609375
-39326.30078125
-38342.45703125
-33012.81640625
-23249.05078125
-9554.0625
7027.65234375
25041.1171875
42814.34375
58683.80078125
71215.45703125
79385.8125
82694.45703125
81191.87890625
75421.3359375
66288.42578125
54884.05859375
42293.82421875
29427.921875
16901.2890625
4983.7109375
-6372.98828125
-17437.80078125
-28553.1640625
-39966.91796875
-51677.71484375
-63326.84765625
-74162.27734375
-83088.18359375
-88797.6640625
-89969.8125
-85498.73046875
-74713.71484375
-57549.15625
-34630.12109375
-7253.9453125
22733.21484375
53147.1484375
81730.1953125
106427.57421875
125632.27734375
138362.5
144348.4296875
144021.28125
138413.0
128987.74609375
117434.09375
105449.11328125
94542.9921875
85886.26171875
80213.46484375
77787.8828125
78424.078125
81558.671875
86355.734375
91831.4609375
96982.80078125
100906.265625
102895.38671875
102508.265625
99599.89453125
94317.5625
87061.73828125
78418.72265625
69075.32421875
59728.25390625
51001.78515625
43385.69140625
37201.44921875
32599.2421875
29582.21484375
28049.4453125
27846.34765625
28811.1484375
30808.82421875
33747.96875
37580.75390625
42289.50390625
47865.3984375
54284.734375
61486.9296875
69356.9140625
77713.15234375
86302.1171875
94800.125
102823.53125
109948.18359375
115737.703125
119778.55078125
121717.71875
121297.44140625
118381.1640625
112966.30078125
105181.890625
95272.59765625
83573.2265625
70479.69921875
56422.37890625
41845.890625
27196.88671875
12918.140625
-554.86328125
-12799.51953125
-23417.58984375
-32054.16015625
-38422.671875
-42331.94921875
-43709.7734375
-42617.640625
-39253.23828125
-33940.00390625
-27106.125
-19257.421875
-10948.9296875
-2758.64453125
4735.890625
10980.40625
15470.26953125
17784.53125
17629.01171875
14885.4609375
9658.68359375
2309.60546875
-6538.67578125
-16032.1953125
-25158.5703125
-32855.73828125
-38143.2109375
-40255.21875
-38752.734375
-33593.55859375
-25147.03515625
-14149.84375
-1610.4921875
11320.796875
23494.4375
33892.4765625
41728.421875
46502.85546875
48010.81640625
46305.99609375
41634.3359375
34354.2734375
24862.0546875
13537.94140625
723.4375
-13268.296875
-28115.171875
-43435.41015625
-58741.27734375
-73414.9140625
-86719.8671875
-97853.46484375
-106035.3671875
-110617.99609375
-111197.9609375
-107705.7578125
-100454.03125
-90132.4140625
-77746.88671875
-64511.70703125
-51709.87890625
-40542.58984375
-31988.46875
-26690.74609375
-24885.3046875
-26376.75390625
-30563.734375
-36509.44921875
-43048.80859375
-48919.80859375
-52904.04296875
-53959.65234375
-51330.5625
-44618.5859375
-33809.97265625
-19254.7578125
-1604.5546875
18279.1875
39430.33984375
60879.4296875
81736.33984375
101244.4140625
118802.5
133958.1796875
146380.81640625
155826.23828125
162105.59765625
165068.5859375
164607.16796875
160680.16015625
153353.33984375
142844.90234375
129563.4765625
114125.89453125
97345.1875
80184.671875
63681.23046875
48847.375
36567.06640625
27501.95703125
22023.47265625
20181.16015625
21710.92578125
26079.3046875
32553.7265625
40285.17578125
48389.2890625
56014.81640625
62393.3046875
66869.7890625
68919.0
68154.60546875
64338.8203125
57397.02734375
47437.55078125
34771.609375
19925.0078125
3631.828125
-13197.30859375
-29534.91796875
-44319.9921875
-56554.25390625
-65396.375
-70238.3671875
-70752.0078125
-66899.671875
-58912.20703125
-47243.6796875
-32516.83984375
-15473.046875
3064.265625
22210.65234375
41031.9609375
58557.04296875
73804.0703125
85829.234375
93799.11328125
97079.0390625
95322.02734375
88538.8046875
77130.58203125
61872.5546875
43845.71484375
24325.50390625
4644.625
-13947.41015625
-30405.4921875
-43972.71875
-54216.5078125
-61015.75390625
-64506.171875
-64997.24609375
-62877.58984375
-58525.828125
-52241.92578125
-44209.53515625
-34494.3203125
-23076.9453125
-9913.13671875
4991.8203125
21510.203125
39336.9296875
57966.265625
76707.85546875
94741.90625
111204.9296875
125290.4453125
136345.4453125
143943.87109375
147923.21484375
148378.21484375
145615.03515625
140077.6640625
132263.8359375
122649.3203125
111636.73046875
99538.49609375
86595.3203125
73022.69140625
59071.25390625
45082.94921875
31525.3125
18990.640625
8154.375
-303.73046875
-5803.07421875
-7970.92578125
-6734.3203125
-2374.3984375
4471.23046875
12863.4375
21668.6640625
29703.2421875
35893.16796875
39424.51171875
39861.13671875
37211.5546875
31934.640625
24883.21875
17193.28515625
10134.22265625
4940.46484375
2647.25
3952.48046875
9122.81640625
17956.1171875
29804.27734375
43652.171875
58240.33984375
72213.24609375
84271.89453125
93309.97265625
98516.59765625
99435.09765625
95975.0859375
88382.50390625
77178.5859375
63081.97265625
46928.66015625
29601.9453125
11979.8984375
-5097.85546875
-20847.609375
-34550.5078125
-45561.83984375
-53327.86328125
-57414.01171875
-57543.14453125
-53637.81640625
-45856.96875
-34616.77734375
-20587.1328125
-4659.77734375
12110.44140625
28584.54296875
43628.30078125
56199.84375
65426.265625
70662.82421875
71532.36328125
67945.75390625
60105.8359375
48497.22265625
33863.00390625
17167.48828125
-456.76953125
-17779.20703125
-33557.98828125
-46639.43359375
-56062.37109375
-61156.59765625
-61623.07421875
-57583.890625
-49592.640625
-38600.29296875
-25877.01171875
-12896.16796875
-1191.84765625
7795.02734375
12864.9765625
13185.859375
8382.0546875
-1423.21484375
-15616.93359375
-33155.06640625
-52663.55859375
-72569.1171875
-91244.23046875
-107149.7890625
-118960.03515625
-125657.90625
-126593.7421875
-121506.2734375
-110510.2421875
-94059.390625
-72895.51953125
-47993.75
-20510.66015625
8262.96484375
36948.4765625
64132.1171875
88432.265625
108585.8515625
123551.91796875
132621.59765625
135516.171875
132450.546875
124141.17578125
111745.40234375
96732.21875
80699.765625
65168.3359375
51385.609375
40180.51171875
31893.20703125
26393.0703125
23177.66796875
21528.59375
20688.79296875
20023.23828125
19131.1875
17891.74609375
16441.4296875
15098.16015625
14257.18359375
14287.73828125
15455.140625
17882.59765625
21554.26171875
26349.23046875
32088.6953125
38577.3046875
45624.3828125
53039.85546875
60609.8203125
68065.0390625
75059.484375
81174.08984375
85954.07421875
88978.1640625
89947.69140625
88776.0546875
85656.0703125
81085.46875
75838.57421875
70883.1796875
67253.1015625
65896.66796875
67526.875
72499.5390625
80741.0625
91738.859375
104596.63671875
118145.71484375
131094.70703125
142194.09765625
150390.94921875
154951.55078125
155535.83984375
152215.38671875
145435.51953125
135929.73828125
124600.91015625
112387.19140625
100131.86328125
88474.8984375
77780.828125
68112.3671875
59253.02734375
50775.171875
42142.9453125
32833.82421875
22458.671875
10859.3359375
-1834.45703125
-15200.8046875
-28576.73828125
-41157.53515625
-52127.3125
-60797.58203125
-66728.078125
-69806.9140625
-70274.3046875
-68684.48046875
-65811.6953125
-62516.4296875
-59594.74609375
-57636.546875
-56916.421875
-57334.8984375
-58419.08984375
-59381.99609375
-59230.47265625
-56904.62109375
-51427.46484375
-42043.32421875
-28326.4296875
-10247.328125
11808.1171875
37064.81640625
64421.44140625
92538.92578125
119942.6484375
145128.66796875
166667.75
183304.0546875
194046.83203125
198252.4375
195691.08984375
186589.25
171636.04296875
151943.17578125
128952.80859375
104296.79296875
79621.609375
56403.42578125
35783.71484375
18455.49609375
4622.828125
-5957.34375
-13858.2578125
-19814.19921875
-24532.93359375
-28526.9921875
-31996.6015625
-34785.671875
-36416.8125
-36195.4296875
-33360.03125
-27248.3359375
-17447.6640625
-3903.140625
13033.4453125
32619.58203125
53796.67578125
75307.96875
95838.3125
114152.70703125
129212.8828125
140256.76171875
146833.6328125
148796.0234375
146256.859375
139525.46484375
129038.01171875
115296.671875
98827.5625
80161.7890625
59837.7578125
38417.75390625
16508.83984375
-5222.421875
-26050.1640625
-45209.17578125
-61935.37109375
-75522.76171875
-85389.375
-91142.24609375
-92630.60546875
-89977.1875
-83579.7734375
-74078.8046875
-62291.8046875
-49120.97265625
-35445.90625
-22017.87890625
-9374.0703125
2210.9453125
12724.515625
22362.3828125
31429.47265625
40212.26171875
48847.796875
57217.078125
64887.35546875
71118.890625
74939.08203125
75273.22265625
71109.671875
61670.92578125
46561.5078125
25869.1953125
205.37890625
-29318.9140625
-61175.2421875
-93545.47265625
-124479.12890625
-152063.890625
-174593.88671875
-190721.3984375
-199578.59765625
-200856.4765625
-194829.86328125
-182321.40234375
-164603.875
-143249.5
-119944.375
-96294.37890625
-73652.26171875
-52993.43359375
-34859.25
-19373.71484375
-6324.70703125
4711.4453125
14230.7734375
22677.0078125
30354.51953125
37390.921875
43748.77734375
49274.73046875
53767.375
57043.7265625
58987.58203125
59570.35546875
58843.51953125
56909.31640625
53881.484375
49849.1328125
44855.00390625
38894.74609375
31938.0546875
23966.6640625
15019.9296875
5236.53125
-5118.6875
-15650.62890625
-25855.6640625
-35166.65625
-43013.47265625
-48887.92578125
-52401.1484375
-53323.16796875
-51598.8515625
-47339.3828125
-40793.81640625
-32308.55078125
-22284.03515625
-11136.65234375
729.11328125
12936.80078125
25144.24609375
37043.6796875
48359.5625
58847.07421875
68292.265625
76513.390625
83361.984375
88722.3828125
92509.171875
94663.0859375
95146.71484375
93941.4375
91046.65625
86481.23046875
80286.34375
72528.2265625
63299.41796875
52717.67578125
40922.671875
28071.515625
14334.609375
-106.65625
-15059.48828125
-30316.49609375
-45650.97265625
-60812.29296875
-75523.53125
-89483.0078125
-102370.55859375
-113858.3359375
-123624.8359375
-131370.421875
-136832.23828125
-139797.17578125
-140111.9453125
-137690.25390625
-132517.44921875
-124652.8828125
-114229.875
-101452.640625
-86589.09375
-69958.91015625
-51917.0234375
-32834.32421875
-13078.7734375
6999.015625
27072.03515625
46832.91796875
65980.78515625
84203.05859375
101159.25
116474.69140625
129750.85546875
140595.1796875
148667.8671875
153737.36328125
155731.8125
154772.2578125
151175.69921875
145422.1640625
138088.39453125
129759.8125
120939.25390625
111973.7265625
103017.65625
94043.15625
84896.61328125
75388.58984375
65394.8828125
54942.16796875
44254.484375
33745.3828125
23953.97265625
15436.8671875
8639.55078125
3776.73828125
750.125
-875.26171875
-1827.28515625
-3020.37890625
-5404.390625
-9795.04296875
-16716.25390625
-26282.49609375
-38142.81640625
-51497.74609375
-65188.5078125
-77846.1953125
-88078.6484375
-94666.37109375
-96737.04296875
-93891.14453125
-86259.33203125
-74483.43359375
-59625.85546875
-43023.98046875
-26114.375
-10255.0625
3428.19140625
14152.5390625
21535.80859375
25601.49609375
26738.55078125
25628.1953125
23150.88671875
20285.296875
18008.21875
17202.1015625
18575.05859375
22597.7109375
29460.94921875
39058.05078125
50993.16015625
64615.6484375
79076.9765625
93404.12109375
106582.203125
117638.81640625
125723.671875
130178.71875
130595.3359375
126855.63671875
119154.84765625
108001.046875
94188.74609375
78744.04296875
62841.95703125
47700.88671875
34463.73046875
24079.09375
17197.8125
14099.265625
14658.3671875
18358.47265625
24348.7890625
31538.8125
38717.3203125
44681.17578125
48358.921875
48916.14453125
45832.97265625
38948.0859375
28467.6640625
14941.015625
-792.60546875
-17679.8046875
-34544.05859375
-50183.99609375
-63470.80078125
-73436.828125
-79348.2734375
-80756.07421875
-77521.24609375
-69813.4296875
-58084.171875
-43019.11328125
-25475.25
-6410.41796875
13187.90234375
32368.3125
50271.12109375
66171.01953125
79505.30859375
89887.43359375
97106.30859375
101112.7734375
101995.1875
99947.0625
95230.5390625
88140.13671875
78971.33203125
67998.02734375
55461.90625
41574.92578125
26534.640625
10550.046875
-6125.82421875
-23161.80859375
-40119.32421875
-56435.046875
-71422.3671875
-84297.34765625
-94231.83984375
-100432.05078125
-102235.2578125
-99211.8203125
-91255.6484375
-78644.81640625
-62056.8671875
-42529.5
-21366.8828125
-1.91015625
20166.0625
37933.21484375
52427.2890625
63196.6796875
70239.92578125
73973.74609375
75148.01171875
74724.17578125
73737.62890625
73164.4921875
73809.73828125
76227.76171875
80680.3125
87131.3125
95274.48046875
104587.703125
114407.27734375
124014.859375
132729.07421875
139992.640625
145444.50390625
148965.83984375
150690.34765625
150972.93359375
150317.53125
149272.78515625
148312.28515625
147721.7578125
147516.97265625
147412.44140625
146851.97265625
145099.9453125
141379.02734375
135029.0859375
125656.2578125
113241.65625
98186.4609375
81282.32421875
63610.8984375
46389.94921875
30793.73046875
17779.62109375
7950.76953125
1476.91796875
-1916.0625
-2889.87890625
-2383.87890625
-1472.51171875
-1214.1953125
-2514.45703125
-6020.96875
-12060.9453125
-20623.3671875
-31381.78515625
-43748.55078125
-56949.04296875
-70104.59765625
-82314.66796875
-92731.57421875
-100623.91015625
-105427.0390625
-106780.046875
-104548.89453125
-98835.11328125
-89968.921875
-78485.9921875
-65088.03125
-50589.40625
-35854.3515625
-21731.51953125
-8993.5625
1711.11328125
9889.75390625
15218.83984375
17542.83984375
16864.30078125
13332.1875
7234.08984375
-1006.1171875
-10828.5859375
-21543.3125
-32351.37890625
-42389.796875
-50802.89453125
-56835.3984375
-59933.7109375
-59835.4375
-56624.9765625
-50736.5859375
-42895.48046875
-34000.4453125
-24965.5078125
-16549.33203125
-9206.73828125
-2994.57421875
2445.23046875
7818.0234375
14034.296875
22019.1640625
32510.03125
45881.8359375
62033.6875
80358.27734375
99798.890625
118982.1171875
136400.89453125
150614.6953125
160433.18359375
165055.078125
164144.4375
157839.0
146696.9921875
131598.234375
113620.52734375
93913.1875
73586.46875
53629.62109375
34862.8359375
17920.90234375
3260.62109375
-8819.1796875
-18156.28515625
-24710.515625
-28559.04296875
-29898.8828125
-29049.07421875
-26443.1484375
-22603.72265625
-18096.046875
-13464.07421875
-9159.7890625
-5481.14453125
-2534.8828125
-236.44921875
1648.96875
3430.296875
5395.0859375
7716.515625
10385.68359375
13186.96484375
15724.53515625
17496.203125
17999.2109375
16844.859375
13856.3828125
9127.83203125
3030.29296875
-3837.046875
-10741.62109375
-16939.359375
-21799.7265625
-24909.6015625
-26136.33203125
-25638.56640625
-23823.80859375
-21261.84765625
-18571.36328125
-16301.65625
-14831.80078125
-14305.53515625
-14612.96484375
-15421.0078125
-16245.421875
-16549.9921875
-15854.14453125
-13829.7421875
-10370.56640625
-5623.44140625
23.3984375
5992.2109375
11599.46484375
16158.52734375
19085.796875
19993.8984375
18757.05078125
15536.68359375
10761.00390625
5058.90234375
-843.3203125
-6246.59765625
-10603.7421875
-13620.90234375
-15315.19921875
-16015.171875
-16301.453125
-16896.9921875
-18526.82421875
-21774.05078125
-26959.6953125
-34069.1328125
-42737.93359375
-52297.49609375
-61868.91796875
-70484.72265625
-77214.44140625
-81272.06640625
-82090.28515625
-79356.08984375
-73011.96484375
-63234.0234375
-50401.27734375
-35068.328125
-17947.66015625
99.93359375
18075.5234375
34865.51171875
49290.61328125
60187.0546875
66517.92578125
67502.4921875
62743.0703125
52324.796875
36865.21484375
17497.60546875
-4216.953125
-26440.96484375
-47256.03125
-64875.37890625
-77843.4375
-85194.9765625
-86553.2109375
-82155.78515625
-72807.7890625
-59770.34375
-44600.4921875
-28962.76953125
-14434.93359375
-2329.984375
6445.5234375
11481.0390625
12888.98828125
11265.921875
7592.42578125
3084.8203125
-981.06640625
-3448.68359375
-3435.21875
-438.171875
5622.13671875
14428.93359375
25356.51953125
37599.75390625
50318.49609375
62767.9296875
74389.94140625
84850.2734375
94018.9609375
101904.33984375
108560.6328125
113993.96484375
118090.04296875
120580.40234375
121054.08203125
119011.375
113947.5390625
105449.3828125
93286.3828125
77480.5546875
58343.859375
36477.625
12733.9296875
-11856.42578125
-36181.03515625
-59156.6796875
-79840.5078125
-97526.94140625
-111816.3046875
-122643.265625
-130258.0859375
-135160.28125
-137992.234375
-139408.18359375
-139939.61328125
-139880.734375
-139215.6328125
-137602.55859375
-134421.06640625
-128876.39453125
-120144.8046875
-107535.38671875
-90640.203125
-69445.98046875
-44387.015625
-16328.984375
13514.59765625
43719.82421875
72821.08984375
99483.2421875
122649.15625
141639.4453125
156189.7421875
166422.109375
172758.765625
175796.46484375
176166.390625
174406.875
170873.3359375
165702.48046875
158837.140625
150105.85546875
139339.79296875
126501.33984375
111795.01171875
95733.9453125
79143.171875
63093.375
48773.13671875
37320.75
29645.8125
26273.6953125
27242.23046875
32069.9375
39801.66796875
49123.04296875
58523.4921875
66480.328125
71635.4375
72940.14453125
69752.1953125
61878.31640625
49564.93359375
33446.1796875
14461.97265625
-6240.43359375
-27409.58203125
-47788.125
-66199.9609375
-81622.12890625
-93239.578125
-100482.62890625
-103048.16015625
-100906.375
-94295.1484375
-83703.5703125
-69845.05078125
-53619.30078125
-36061.6328125
-18278.3984375
-1369.28125
13659.734375
25984.94140625
35044.07421875
40593.44921875
42731.8046875
41883.55078125
38740.796875
34171.0
29103.921875
24415.859375
20829.94140625
18847.98828125
18723.04296875
20473.4453125
23931.1328125
28810.6328125
34782.07421875
41532.484375
48803.6015625
56401.08203125
64177.234375
71995.625
79690.0703125
87031.37109375
93712.96484375
99361.91796875
103575.609375
105978.3515625
106287.4140625
104375.2890625
100315.140625
94398.82421875
87121.44921875
79131.859375
71154.22265625
63890.91015625
57920.35546875
53605.50390625
51027.88671875
49959.86328125
49882.6328125
50051.359375
49600.99609375
47679.19140625
43586.40234375
36900.15625
27560.90625
15902.0234375
2615.55078125
-11342.8203125
-24893.9375
-36994.87890625
-46787.69921875
-53707.98828125
-57532.35546875
-58357.08984375
-56515.921875
-52458.6171875
-46621.109375
-39319.21875
-30691.30859375
-20702.27734375
-9205.171875
3958.21484375
18846.22265625
35326.31640625
53029.16796875
71360.359375
89567.2421875
106844.37890625
122451.5234375
135815.83984375
146594.70703125
154685.94140625
160185.3046875
163303.52734375
164263.8984375
163204.80859375
160109.59375
154779.23046875
146854.16015625
135881.7421875
121417.45703125
103142.1796875
80975.37109375
55164.35546875
26333.375
-4518.7421875
-36076.109375
-66814.40625
-95148.41015625
-119599.2421875
-138957.54296875
-152417.875
-159662.99609375
-160884.1796875
-156734.51171875
-148223.65234375
-136572.84765625
-123055.38671875
-108848.8203125
-94920.96484375
-81963.078125
-70373.0
-60281.171875
-51605.59375
-44119.4140625
-37516.7578125
-31467.5078125
-25658.03515625
-19820.01953125
-13752.2734375
-7340.12890625
-574.1796875
6433.671875
13442.37890625
20088.765625
25914.98828125
30418.015625
33117.48046875
33632.7578125
31756.04296875
27506.828125
21154.85546875
13203.5234375
4332.74609375
-4691.65234375
-13127.875
-20368.1953125
-26028.78125
-30001.578125
-32457.23046875
-33797.140625
-34562.8046875
-35319.234375
-36534.6875
-38479.89453125
-41166.296875
-44335.15625
-47499.80078125
-50033.4453125
-51287.19140625
-50718.12890625
-48006.36328125
-43142.08203125
-36468.4609375
-28672.22265625
-20720.48828125
-13749.23828125
-8915.25
-7229.3046875
-9393.12109375
-15664.96484375
-25778.0
-38930.39453125
-53856.609375
-68976.30078125
-82602.85546875
-93180.55859375
-99511.30859375
-100930.53125
-97399.12109375
-89492.5859375
-78287.5625
-65165.7734375
-51571.6640625
-38769.0625
-27642.125
-18576.3046875
-11438.78125
-5657.40234375
-378.03515625
5334.28125
12291.82421875
21017.3359375
31643.0625
43889.2734375
57118.81640625
70449.59765625
82897.26953125
93518.02734375
101525.75
106367.1015625
107749.734375
105629.47265625
100169.57421875
91687.79296875
80605.2578125
67406.0546875
52610.51171875
36759.92578125
20407.55859375
4110.30859375
-11582.6953125
-26145.7109375
-39094.6484375
-50005.12109375
-58527.26953125
-64395.44140625
-67432.60546875
-67550.59375
-64748.3046875
-59109.6171875
-50802.01953125
-40075.734375
-27262.015625
-12768.65234375
2929.19921875
19304.13671875
35797.52734375
51845.27734375
66905.62890625
80485.5390625
92161.88671875
101594.203125
108527.0625
112782.125
114242.14453125
112831.4140625
108498.3671875
101206.34765625
90937.4140625
77711.43359375
61619.453125
42866.47265625
21815.421875
-977.83984375
-24749.3359375
-48540.62109375
-71246.70703125
-91698.46875
-108773.32421875
-121521.82421875
-129292.6171875
-131835.55078125
-129363.125
-122554.80859375
-112496.48828125
-100557.6640625
-88220.0703125
-76881.1328125
-67662.1171875
-61251.77734375
-57812.13671875
-56963.19921875
-57850.51171875
-59285.4609375
-59936.08984375
-58538.10546875
-54093.1484375
-46024.69140625
-34269.69140625
-19295.27734375
-2041.4921875
16198.171875
33938.7734375
49684.34765625
62102.0859375
70168.19140625
73268.66796875
71245.31640625
64384.984375
53357.75390625
39116.296875
22773.31640625
5475.95703125
-11704.890625
-27856.30859375
-42268.27734375
-54441.45703125
-64064.37109375
-70971.921875
-75099.46875
-76445.5390625
-75052.0234375
-71004.6484375
-64450.05078125
-55620.75
-44856.953125
-32614.98828125
-19455.74609375
-6011.97265625
7061.3046875
19144.703125
29710.3828125
38366.46484375
44883.52734375
49200.84375
51414.41796875
51751.56640625
50538.32421875
48165.15234375
45054.765625
41633.546875
38306.08984375
35431.58203125
33300.92578125
32114.84375
31964.796875
32819.94140625
34523.9453125
36804.75390625
39298.6484375
41587.5
43245.30859375
43888.265625
43221.30859375
41074.51171875
37424.015625
32394.3984375
26241.98046875
19321.10546875
12037.58984375
4795.3359375
-2056.49609375
-8267.80078125
-13715.22265625
-18406.94921875
-22461.05078125
-26058.64453125
-29378.9609375
-32528.58203125
-35481.05859375
-38043.078125
-39859.44921875
-40461.31640625
-39351.7734375
-36113.3828125
-30515.37890625
-22596.9765625
-12707.69140625
-1494.6875
10161.29296875
21249.4296875
30752.703125
37771.34765625
41627.71875
41940.51953125
38663.14453125
32086.4921875
22810.03125
11685.953125
-258.58203125
-11916.09765625
-22203.83203125
-30170.53515625
-35093.65625
-36554.1484375
-34477.12890625
-29130.4140625
-21079.29296875
-11103.453125
-88.69921875
11089.29296875
21670.78125
31091.21875
39023.38671875
45378.59765625
50270.6953125
53952.703125
56740.1796875
58936.421875
60773.32421875
62377.296875
63764.19921875
64860.84375
65545.484375
65696.50390625
65237.74609375
64171.109375
62590.72265625
60677.6796875
58678.29296875
56871.51953125
55531.9140625
54894.0234375
55122.3984375
56289.92578125
58365.875
61214.23828125
64602.546875
68220.6953125
71708.3984375
74688.7578125
76804.29296875
77751.08984375
77307.07421875
75351.44921875
71873.96875
66974.64453125
60855.4921875
53806.43359375
46187.125
38405.578125
30893.703125
24079.78125
18358.16015625
14057.63671875
11411.015625
10529.33203125
11384.31640625
13802.19921875
17470.7734375
21960.02734375
26755.1328125
31299.23828125
35042.375
37492.12109375
38261.01171875
37105.4609375
33951.1171875
28900.25
22218.48046875
14300.60546875
5618.34765625
-3343.61328125
-12154.48046875
-20496.4453125
-28206.06640625
-35290.08984375
-41911.9140625
-48349.89453125
-54933.52734375
-61967.4609375
-69655.72265625
-78038.5859375
-86953.1328125
-96025.1640625
-104695.7578125
-112280.68359375
-118055.74609375
-121356.2421875
-121675.25
-118743.78515625
-112577.27734375
-103477.28125
-91984.9296875
-78792.21875
-64626.5625
-50131.3203125
-35767.64453125
-21759.875
-8098.3984375
5398.765625
18977.5625
32816.0
46898.32421875
60924.59765625
74278.31640625
86062.96484375
95204.46875
100602.92578125
101307.25390625
96681.484375
86532.921875
71179.21484375
51442.50390625
28571.7734375
4106.9453125
-20292.3515625
-43025.89453125
-62713.13671875
-78314.1484375
-89199.9609375
-95171.52734375
-96435.3125
-93548.69140625
-87349.15625
-78878.3046875
-69306.16796875
-59856.41796875
-51729.7265625
-46022.6953125
-43642.8984375
-45225.4921875
-51061.67578125
-61051.921875
-74696.31640625
-91129.98046875
-109204.33203125
-127606.4921875
-145001.3671875
-160175.47265625
-172160.29296875
-180315.71875
-184361.08203125
-184350.92578125
-180603.1875
-173596.671875
-163860.421875
-151878.53125
-138029.61328125
-122571.5390625
-105670.9921875
-87466.72265625
-68147.5390625
-48023.01171875
-27567.0546875
-7421.51171875
11643.79296875
28808.18359375
43300.2890625
54502.90625
62043.66015625
65855.95703125
66200.3359375
63642.9453125
58994.58203125
53219.22265625
47324.69140625
42250.0859375
38764.453125
37389.203125
38353.16015625
41584.53125
46738.8125
53256.703125
60441.97265625
67546.8359375
73851.84375
78728.9375
81680.046875
82348.6640625
80507.65234375
76031.60546875
68865.7421875
59003.7890625
46484.875
31413.8046875
14001.56640625
-5384.30859375
-26175.17578125
-47579.3203125
-68596.0078125
-88071.41796875
-104792.56640625
-117606.109375
-125542.65234375
-127925.48046875
-124446.09375
-115196.00390625
-100652.8671875
-81626.88671875
-59178.53125
-34520.1015625
-8912.703125
16432.9296875
40445.875
62270.51953125
81324.1484375
97331.921875
110334.1796875
120662.18359375
128881.203125
135704.79296875
141889.2109375
148121.6015625
154917.8125
162545.05078125
170980.87890625
179914.19140625
188786.82421875
196868.28515625
203351.296875
207453.7578125
208512.9609375
206060.38671875
199869.32421875
189972.0234375
176647.58984375
160385.54296875
141832.52734375
121730.9765625
100858.3203125
79973.921875
59778.37890625
40886.8359375
23814.87109375
8973.17578125
-3334.06640625
-12911.98828125
-19682.10546875
-23694.24609375
-25140.54296875
-24366.07421875
-21869.08984375
-18284.09375
-14343.06640625
-10814.109375
-8421.73046875
-7757.89453125
-9196.94921875
-12829.3046875
-18427.80078125
-25456.7421875
-33127.29296875
-40494.9296875
-46587.0234375
-50542.28125
-51740.62109375
-49902.55859375
-45141.62890625
-37960.765625
-29192.63671875
-19892.91015625
-11202.62890625
-4199.9453125
237.82421875
1543.5390625
-472.19921875
-5601.94921875
-13270.89453125
-22609.2734375
-32557.50390625
-41990.9453125
-49849.5234375
-55257.5859375
-57620.25
-56685.23828125
-52562.81640625
-45701.5390625
-36823.17578125
-26825.90625
-16669.75
-7260.7578125
649.45703125
6535.4453125
10133.078125
11437.37109375
10668.96875
8220.0546875
4592.50390625
339.66796875
-3980.69921875
-7839.9765625
-10760.8984375
-12333.53125
-12230.22265625
-10223.03515625
-6203.9453125
-205.33984375
7583.42578125
16807.76953125
26950.85546875
37349.4296875
47222.6171875
55713.59375
61944.1484375
65082.12890625
64420.37109375
59462.69140625
50008.12109375
36220.21484375
18665.7109375
-1691.79296875
-23552.06640625
-45391.5703125
-65618.375
-82746.98828125
-95566.06640625
-103272.2109375
-105549.52734375
-102585.421875
-95025.52734375
-83881.11328125
-70408.6640625
-55982.2109375
-41975.0234375
-29660.49609375
-20134.77734375
-14258.35546875
-12611.68359375
-15461.046875
-22734.4453125
-34011.05078125
-48530.79296875
-65230.71484375
-82812.234375
-99838.6875
-114856.5
-126528.125
-133761.49609375
-135819.9765625
-132399.0546875
-123660.296875
-110218.609375
-93084.5234375
-73567.84375
-53152.5859375
-33355.34765625
-15580.32421875
-984.68359375
9632.3671875
15904.8046875
17929.71875
16246.71875
11767.10546875
5659.86328125
-792.125
-6347.28125
-9951.25
-10854.29296875
-8685.125
-3473.359375
4379.43359375
14172.3984375
25008.58984375
35912.515625
45945.48046875
54304.62890625
60395.2734375
63870.97265625
64640.40625
62844.33203125
58808.97265625
52984.1796875
45875.53515625
37979.11328125
29726.625
21446.8046875
13346.73046875
5514.4375
-2058.40234375
-9437.4375
-16696.5
-23866.54296875
-30891.96875
-37603.33984375
-43713.2734375
-48838.65625
-52547.0078125
-54419.921875
-54122.17578125
-51463.5078125
-46441.0390625
-39254.3984375
-30291.171875
-20086.59765625
-9266.0703125
1518.390625
11647.14453125
20579.62109375
27885.421875
33260.51171875
36532.3203125
37658.4765625
36722.796875
33929.79296875
29596.265625
24136.609375
18037.984375
11823.1640625
6001.80078125
1014.6796875
-2821.0234375
-5355.33203125
-6627.96875
-6862.58203125
-6430.078125
-5784.62890625
-5381.71484375
-5591.98046875
-6626.4296875
-8487.29296875
-10954.58203125
-13612.1875
-15910.26953125
-17254.25
-17106.09375
-15081.33984375
-11026.0
-5060.4921875
2417.1015625
10769.97265625
19198.5625
26842.5234375
32893.0625
36697.9609375
37842.28125
36191.65234375
31891.35546875
25322.46875
17024.11328125
7597.2109375
-2391.6328125
-12488.2109375
-22396.81640625
-31987.60546875
-41266.1953125
-50314.13671875
-59214.2265625
-67977.16015625
-76485.29296875
-84465.61328125
-91498.3046875
-97060.3984375
-100597.33203125
-101609.703125
-99739.28125
-94838.12890625
-87007.69921875
-76600.484375
-64184.43359375
-50477.8515625
-36268.46484375
-22332.85546875
-9371.19140625
2033.07421875
11426.1640625
18474.93359375
22947.02734375
24693.5703125
23645.69921875
19830.7578125
13406.13671875
4701.30859375
-5746.859375
-17182.18359375
-28654.4765625
-39089.46484375
-47401.3046875
-52635.328125
-54119.828125
-51599.87890625
-45325.32421875
-36069.9453125
-25068.8046875
-13874.9765625
-4152.2734375
2565.79296875
5111.6953125
2873.54296875
-4095.25390625
-15066.92578125
-28733.4375
-43388.046875
-57163.6875
-68289.08203125
-75322.89453125
-77332.765625
-73997.63671875
-65625.59375
-53092.1171875
-37713.62890625
-21077.2109375
-4849.65234375
9411.27734375
20422.953125
27304.265625
29649.73828125
27544.40625
21519.0859375
12453.3828125
1440.97265625
-10362.453125
-21885.3828125
-32258.7890625
-40890.0078125
-47484.02734375
-52014.0859375
-54652.62890625
-55679.98046875
-55390.546875
-54014.44921875
-51667.37109375
-48334.6171875
-43888.45703125
-38132.41796875
-30862.90234375
-21937.09375
-11336.40625
784.19140625
14069.30078125
27964.796875
41751.73046875
54611.890625
65719.33984375
74346.59765625
79969.0078125
82348.38671875
81578.21875
78078.3125
72536.11328125
65802.95703125
58763.57421875
52203.4921875
46699.75
42555.25390625
39787.06640625
38167.3203125
37304.3203125
36744.4765625
36073.44140625
34998.03125
33397.05078125
31336.98828125
29055.76953125
26922.296875
25381.04296875
24890.41796875
25861.421875
28601.21875
33264.9765625
39819.3671875
48021.42578125
57416.87109375
67361.06640625
77063.83984375
85655.93359375
92271.203125
96135.38671875
96650.61328125
93464.7890625
86517.3125
76055.83203125
62622.67578125
47013.140625
30210.3515625
13302.9140625
-2607.68359375
-16502.69921875
-27536.88671875
-35116.28125
-38954.375
-39098.9765625
-35924.265625
-30086.609375
-22448.296875
-13978.94921875
-5648.953125
1669.0
7275.85546875
10690.15234375
11657.7265625
10132.01171875
6235.14453125
212.171875
-7611.015625
-16859.80078125
-27132.04296875
-38012.05859375
-49082.8046875
-59940.9296875
-70216.05859375
-79591.9921875
-87824.69921875
-94751.74609375
-100289.9140625
-104421.76953125
-107175.93359375
-108608.09375
-108789.52734375
-107806.7421875
-105771.13671875
-102833.015625
-99191.88671875
-95095.5078125
-90823.80078125
-86659.31640625
-82850.9921875
-79580.9765625
-76943.87109375
-74943.6796875
-73507.98046875
-72512.80078125
-71808.24609375
-71234.91796875
-70625.26171875
-69790.390625
-68499.65625
-66464.96484375
-63342.20703125
-58758.59375
-52367.27734375
-43921.99609375
-33357.2265625
-20855.296875
-6882.78515625
7816.21875
22273.8515625
35393.61328125
46073.01171875
53334.53125
56444.390625
55001.328125
48983.2109375
38746.65234375
24982.390625
8635.44140625
-9196.703125
-27372.92578125
-44810.2421875
-60567.30078125
-73902.3515625
-84303.109375
-91490.01171875
-95397.69921875
-96141.41796875
-93975.97265625
-89254.25390625
-82391.18359375
-73836.91015625
-64060.88671875
-53545.9140625
-42788.953125
-32303.67578125
-22618.875
-14267.046875
-7759.44140625
-3546.8828125
-1969.59375
-3203.16015625
-7210.7109375
-13712.33203125
-22181.4765625
-31874.5625
-41894.3984375
-51282.04296875
-59125.890625
-64672.6015625
-67422.96875
-67197.02734375
-64156.98046875
-58783.03125
-51804.63671875
-44097.28125
-36560.421875
-29995.38671875
-25001.65625
-21906.390625
-20736.21484375
-21232.95703125
-22908.40625
-25127.5
-27206.33203125
-28510.296875
-28539.03125
-26987.19921875
-23773.98046875
-19038.05078125
-13099.6015625
-6395.50390625
601.66796875
7466.70703125
13891.2578125
19725.421875
24981.70703125
29798.8046875
34371.63671875
38862.3203125
43312.62109375
47579.6484375
51313.07421875
53983.8125
54963.03515625
53638.9609375
49549.359375
42502.81640625
32662.23046875
20570.10546875
7105.8984375
-6621.1328125
-19426.92578125
-30228.24609375
-38206.33203125
-42926.65625
-44390.60546875
-43007.95703125
-39494.88671875
-34718.01171875
-29516.4453125
-24538.76953125
-20128.59375
-16281.5703125
-12680.9609375
-8801.70703125
-4058.26171875
2037.1015625
9739.7421875
18989.6171875
29395.1484375
40284.61328125
50811.7109375
60091.58984375
67339.0625
71982.13671875
73730.6015625
72589.8515625
68821.5234375
62863.0625
55225.91015625
46394.98828125
36750.6875
26528.44921875
15822.2421875
4628.17578125
-7084.48046875
-19293.328125
-31854.046875
-44460.0703125
-56641.10546875
-67802.19921875
-77296.19140625
-84515.30859375
-88984.328125
-90437.82421875
-88868.01953125
-84535.66015625
-77943.34375
-69776.70703125
-60823.484375
-51882.44921875
-43674.6640625
-36768.1015625
-31524.4140625
-28074.1328125
-26323.45703125
-25992.48828125
-26680.92578125
-27952.98828125
-29429.19140625
-30869.47265625
-32231.2578125
-33688.21484375
-35601.22265625
-38441.953125
-42679.76171875
-48652.1640625
-56445.390625
-65812.23828125
-76148.8046875
-86540.59375
-95873.7265625
-102992.5859375
-106874.0234375
-106783.92578125
-102384.9453125
-93774.671875
-81448.44921875
-66197.0625
-48962.921875
-30685.83203125
-12169.890625
6003.63671875
23503.93359375
40218.7265625
56175.24609375
71434.90625
85986.3984375
99660.14453125
112081.484375
122671.6953125
130697.07421875
135358.3125
135906.40234375
131767.60546875
122658.81640625
108675.7890625
90339.62890625
68591.71484375
44733.5234375
20314.95703125
-3017.48046875
-23694.37890625
-40395.59765625
-52195.82421875
-58660.5390625
-59876.44921875
-56410.6171875
-49205.1328125
-39425.71875
-28291.48046875
-16916.03515625
-6187.125
3297.31640625
11231.5234375
17551.046875
22348.09375
25777.859375
27979.7578125
29030.61328125
28936.3828125
27657.87109375
25157.59375
21451.015625
16646.984375
10967.62890625
4745.49609375
-1597.7734375
-7582.984375
-12706.72265625
-16471.1640625
-18409.2734375
-18108.37890625
-15236.60546875
-9575.3359375
-1056.98828125
10197.5859375
23851.703125
39346.2109375
55922.2265625
72676.0234375
88641.20703125
102886.03515625
114608.50390625
123210.921875
128339.22265625
129879.703125
127915.4765625
122654.14453125
114344.79296875
103204.58203125
89372.484375
72900.61328125
53784.4765625
32023.84765625
7699.12109375
-18955.265625
-47497.50390625
-77257.328125
-107352.3359375
-136739.2890625
-164292.1015625
-188894.53125
-209534.7890625
-225390.46875
-235894.96484375
-240779.5625
-240088.51953125
-234167.10546875
-223624.98046875
-209279.44921875
-192085.0078125
-173056.86328125
-153196.50390625
-133426.58203125
-114540.15234375
-97166.6484375
-81753.7578125
-68562.40234375
-57671.0078125
-48986.03515625
-42257.6875
-37101.7265625
-33030.12109375
-29493.203125
-25934.40234375
-21855.53515625
-16886.80078125
-10852.18359375
-3819.140625
3878.328125
11651.30859375
18705.62109375
24126.77734375
26991.45703125
26491.6640625
22055.0390625
13444.32421875
821.71875
-15231.52734375
-33743.80078125
-53427.03125
-72787.36328125
-90259.7734375
-104351.79296875
-113781.28515625
-117594.58203125
-115253.77734375
-106685.21875
-92284.7578125
-72879.234375
-49647.75
-24010.30078125
2504.72265625
28400.09375
52340.796875
73262.12109375
90443.26953125
103539.84765625
112574.328125
117889.109375
120071.0546875
119858.72265625
118043.9609375
115378.296875
112492.47265625
109835.375
107636.40625
105893.8359375
104389.828125
102730.9140625
100410.19140625
96884.71875
91659.1640625
84365.0078125
74824.69140625
63091.609375
49460.2890625
34445.078125
18730.1328125
3097.03515625
-11660.828125
-24826.91015625
-35842.35546875
-44369.26953125
-50327.73828125
-53900.6015625
-55503.18359375
-55719.74609375
-55213.53515625
-54622.43359375
-54456.1484375
-55012.28515625
-56327.02734375
-58170.765625
-60091.1171875
-61496.75390625
-61767.15234375
-60368.2265625
-56952.40234375
-51425.140625
-43966.60546875
-35006.21875
-25156.41015625
-15119.1015625
-5582.03515625
2877.328125
9865.4375
15213.66015625
18982.4296875
21430.1171875
22953.3515625
24009.328125
25032.94921875
26362.0703125
28182.8515625
30503.76171875
33162.25390625
35862.1875
38234.53515625
39909.5859375
40586.4296875
40086.48828125
38381.109375
35589.1484375
31946.796875
27757.90234375
23336.76953125
18956.40234375
14812.97265625
11012.859375
7582.76171875
4497.83984375
1718.77734375
-772.9140625
-2950.90234375
-4737.4296875
-6015.29296875
-6654.765625
-6547.90234375
-5641.3203125
-3959.234375
-1611.85546875
1211.70703125
4262.74609375
7258.37890625
9906.78125
11927.40625
13064.7734375
13097.62109375
11847.4609375
9190.39453125
5073.89453125
-463.796875
-7277.58203125
-15110.7578125
-23608.87109375
-32355.296875
-40925.5234375
-48950.48828125
-56174.66015625
-62493.4609375
-67958.09375
-72743.1875
-77081.98828125
-81182.91015625
-85146.9453125
-88906.68359375
-92203.40625
-94610.30078125
-95599.04296875
-94636.9140625
-91294.3125
-85340.16015625
-76805.484375
-66002.53125
-53496.73828125
-40038.5703125
-26470.06640625
-13624.70703125
-2238.55078125
7114.08984375
14054.33984375
18403.2890625
20165.09765625
19499.28515625
16692.6171875
12137.4609375
6318.3125
-196.86328125
-6767.71484375
-12702.82421875
-17297.65625
-19890.81640625
-19935.23046875
-17075.40234375
-11218.33984375
-2584.48046875
8273.625
20492.828125
32963.23046875
44429.62109375
53619.265625
59380.01953125
60810.22265625
57362.67578125
48908.44140625
35752.5078125
18600.421875
-1517.8515625
-23355.20703125
-45571.13671875
-66857.22265625
-86051.5
-102232.28515625
-114785.2421875
-123440.359375
-128276.98046875
-129696.30859375
-128362.2109375
-125113.39453125
-120853.73828125
-116431.96875
-112525.78515625
-109547.75
-107589.05078125
-106412.4921875
-105498.12890625
-104135.484375
-101547.390625
-97024.68359375
-90048.99609375
-80383.9921875
-68121.66796875
-53679.15625
-37749.67578125
-21218.234375
-5056.42578125
9788.1171875
22493.51953125
32445.15234375
39288.828125
42950.94140625
43624.46875
41723.1328125
37809.9375
32509.88671875
26419.9375
20030.72265625
13673.92578125
7505.5625
1528.9765625
-4346.58984375
-10224.3671875
-16134.0234375
-21962.66015625
-27421.71484375
-32061.71484375
-35335.7421875
-36700.62890625
-35734.3671875
-32242.55859375
-26327.25390625
-18399.06640625
-9126.0234375
672.19140625
10162.58203125
18639.109375
25633.6171875
30972.8046875
34770.17578125
37357.53515625
39175.28515625
40649.8046875
42088.00390625
43612.9765625
45153.04296875
46482.15625
47297.1796875
47309.1875
46324.47265625
44295.19140625
41328.73046875
37655.640625
33566.1484375
29331.94921875
25132.6484375
21004.296875
16822.05859375
12321.5703125
7155.6875
976.4296875
-6472.73828125
-15271.2421875
-25258.33203125
-36005.515625
-46831.9921875
-56864.421875
-65135.7421875
-70711.6953125
-72828.9140625
-71025.21875
-65241.9921875
-55880.265625
-43796.83984375
-30234.23828125
-16687.9453125
-4725.0390625
4221.63671875
9052.91015625
9163.140625
4531.8359375
-4271.5078125
-16172.59765625
-29754.0546875
-43465.16015625
-55841.63671875
-65696.015625
-72246.0390625
-75162.73828125
-74537.53125
-70785.01171875
-64510.7578125
-56378.390625
-47006.5234375
-36915.26953125
-26526.609375
-16207.203125
-6330.6640625
2668.921875
10277.1171875
15927.671875
19079.47265625
19326.72265625
16515.4296875
10834.5234375
2853.328125
-6511.73046875
-16102.1875
-24678.15625
-31104.93359375
-34529.02734375
-34509.2734375
-31078.6484375
-24727.859375
-16318.46484375
-6947.02734375
2210.69140625
10046.65234375
15636.30859375
18312.19140625
17695.42578125
13694.2421875
6482.28515625
-3531.59375
-15735.5390625
-29348.41015625
-43459.78515625
-57082.33203125
-69220.56640625
-78954.73828125
-85532.23046875
-88453.70703125
-87539.08203125
-82960.21484375
-75232.3046875
-65163.33203125
-53768.21484375
-42160.1875
-31434.6640625
-22560.63671875
-16291.70703125
-13104.66796875
-13168.84765625
-16345.796875
-22216.36328125
-30130.859375
-39277.25390625
-48761.98828125
-57697.02734375
-65285.8125
-70899.8203125
-74137.078125
-74854.9609375
-73172.1953125
-69438.86328125
-64178.203125
-58008.6328125
-51558.22265625
-45385.19140625
-39917.15234375
-35418.2421875
-31988.08984375
-29590.38671875
-28103.33984375
-27380.1796875
-27306.31640625
-27840.5390625
-29031.26171875
-31003.84375
-33921.23828125
-37925.97265625
-43076.0078125
-49289.01171875
-56308.87890625
-63704.3125
-70902.88671875
-77256.34375
-82125.6328125
-84969.28125
-85417.52734375
-83317.7421875
-78743.61328125
-71969.40234375
-63418.78125
-53603.17578125
-43065.09375
-32337.82421875
-21925.2890625
-12297.51171875
-3891.18359375
2897.03125
7732.96875
10384.24609375
10768.43359375
8995.1171875
5384.75390625
450.97265625
-5157.9765625
-10751.5625
-15705.37890625
-19562.1875
-22102.3828125
-23367.58203125
-23632.41015625
-23331.83984375
-22961.77734375
-22975.77734375
-23699.90625
-25282.02734375
-27682.38671875
-30702.95703125
-34045.2109375
-37381.953125
-40428.2890625
-42999.5625
-45048.15625
-46675.4921875
-48119.04296875
-49716.79296875
-51853.046875
-54891.08203125
-59099.80859375
-64583.609375
-71226.2265625
-78660.39453125
-86273.1328125
-93252.671875
-98676.14453125
-101629.16796875
-101340.828125
-97312.13671875
-89415.04296875
-77942.48828125
-63598.14453125
-47425.140625
-30684.36328125
-14701.96875
-710.8828125
10288.8203125
17630.60546875
21031.03515625
20585.8515625
16719.00390625
10097.73828125
1530.15625
-8138.37109375
-18116.6875
-27738.30859375
-36507.40625
-44120.88671875
-50470.2578125
-55627.875
-59821.62890625
-63400.53125
-66791.91796875
-70450.03515625
-74796.19140625
-80152.6328125
-86675.40234375
-94294.75
-102674.1015625
-111198.70703125
-119002.77734375
-125038.41015625
-128182.76953125
-127372.12890625
-121745.45703125
-110776.7734375
-94376.1484375
-72943.62890625
-47367.70703125
-18968.7421875
10604.23046875
39508.79296875
65859.3125
87875.28125
104014.171875
113079.49609375
114299.25390625
107372.96875
92487.37890625
70301.359375
41900.71484375
8724.140625
-27536.640625
-65056.6875
-102008.28125
-136690.0546875
-167641.54296875
-193731.3515625
-214210.68359375
-228729.21484375
-237315.76171875
-240330.58984375
-238398.41015625
-232331.25390625
-223048.48828125
-211499.05078125
-198588.7890625
-185115.2578125
-171712.6171875
-158810.61328125
-146612.4765625
-135096.19140625
-124041.84765625
-113084.078125
-101784.5859375
-89715.796875
-76544.1640625
-62101.0625
-46430.7578125
-29808.06640625
-12722.66015625
4168.578125
20115.3984375
34364.796875
46256.55078125
55310.51953125
61292.84765625
64250.46484375
64507.36328125
62621.63671875
59308.65234375
55341.671875
51445.5234375
48200.4375
45971.43359375
44873.83203125
44778.515625
45353.08984375
46128.65234375
46578.0
46190.48046875
44531.3203125
41278.3203125
36234.77734375
29322.984375
20566.0859375
10067.0625
-2008.08984375
-15439.5
-29955.3203125
-45230.32421875
-60886.640625
-76501.515625
-91624.53125
-105803.453125
-118614.58203125
-129691.7734375
-138748.33203125
-145587.921875
-150103.86328125
-152269.2890625
-152123.1875
-149757.75390625
-145311.50390625
-138969.8515625
-130971.97265625
-121620.05859375
-111285.953125
-100410.44921875
-89492.20703125
-79065.90234375
-69671.6484375
-61819.5234375
-55953.8359375
-52421.2734375
-51445.84765625
-53112.14453125
-57356.94921875
-63968.58203125
-72593.07421875
-82746.546875
-93833.65234375
-105172.02734375
-116022.703125
-125625.59375
-133238.30859375
-138175.48046875
-139845.21484375
-137779.515625
-131656.53125
-121314.4296875
-106758.71875
-88166.58984375
-65892.203125
-40475.55859375
-12654.48828125
16624.8515625
46207.79296875
74752.28125
100781.91796875
122776.87109375
139300.91015625
149153.078125
151523.33984375
146125.61328125
133280.8984375
113929.1171875
89559.38671875
62063.328125
33530.625
6017.5
-18676.0703125
-39186.46484375
-54698.6953125
-64978.96484375
-70330.1171875
-71485.52734375
-69465.26171875
-65421.13671875
-60494.5
-55703.578125
-51868.3046875
-49571.95703125
-49152.53515625
-50713.890625
-54147.21875
-59156.98828125
-65289.92578125
-71969.875
-78543.515625
-84340.8671875
-88750.66015625
-91304.80078125
-91760.09765625
-90161.31640625
-86869.19921875
-82541.10546875
-78059.91796875
-74417.33203125
-72567.69140625
-73276.125
-76987.35546875
-83738.875
-93134.39453125
-104382.7890625
-116396.1875
-127931.046875
-137749.6328125
-144777.34375
-148233.37109375
-147717.73046875
-143245.25390625
-135225.5078125
-124395.36328125
-111717.16796875
-98259.34375
-85077.27734375
-73110.45703125
-63107.3671875
-55583.609375
-50812.12890625
-48839.09765625
-49515.6328125
-52535.34375
-57469.921875
-63799.2109375
-70936.65234375
-78254.24609375
-85112.296875
-90897.4921875
-95069.45703125
-97211.328125
-97076.52734375
-94622.09765625
-90020.31640625
-83643.93359375
-76025.70703125
-67798.26171875
-59624.3125
-52128.6328125
-45841.875
-41162.5234375
-38338.359375
-37464.44921875
-38491.6015625
-41239.0
-45406.51171875
-50585.6328125
-56271.34375
-61879.58203125
-66775.046875
-70311.86328125
-71886.0703125
-70994.72265625
-67293.42578125
-60643.17578125
-51138.54296875
-39112.4609375
-25116.75
-9881.0625
5744.609375
20857.8515625
34576.36328125
46110.140625
54828.73828125
60319.0234375
62428.26171875
61286.83203125
57305.23828125
51141.74609375
43640.21875
35742.33984375
28382.859375
22380.65234375
18340.296875
16578.484375
17086.609375
19535.72265625
23323.6484375
27657.46875
31659.1328125
34478.27734375
35395.6171875
33902.203125
29744.359375
22930.44140625
13702.2734375
2480.03515625
-10206.74609375
-23788.47265625
-37713.23046875
-51485.62109375
-64684.71875
-76964.4765625
-88043.75
-97694.37890625
-105734.7109375
-112032.4609375
-116516.58203125
-119193.66015625
-120161.87109375
-119615.1328125
-117832.390625
-115150.92578125
-111927.5546875
-108495.61328125
-105127.98828125
-102015.6484375
-99267.66015625
-96932.9453125
-95037.703125
-93627.4609375
-92800.42578125
-92720.5625
-93603.83203125
-95678.6484375
-99129.0625
-104034.8515625
-110324.41796875
-117753.71484375
-125918.12109375
-134295.90625
-142314.2265625
-149423.59765625
-155165.78125
-159223.1015625
-161443.09765625
-161839.12109375
-160572.84765625
-157927.19921875
-154277.36328125
-150064.25
-145770.16796875
-141893.16015625
-138915.03515625
-137259.8359375
-137243.58984375
-139020.97265625
-142538.8046875
-147507.80859375
-153402.4296875
-159494.0078125
-164915.83203125
-168752.33984375
-170139.5546875
-168362.01171875
-162932.58203125
-153645.55859375
-140598.5078125
-124183.80078125
-105054.5625
-84071.76953125
-62239.49609375
-40633.92578125
-20330.33984375
-2330.75390625
12505.36328125
23524.58984375
30333.44140625
32837.75
31262.0
26143.48828125
18297.77734375
8754.92578125
-1330.0546875
-10784.81640625
-18533.51171875
-23702.75390625
-25705.00390625
-24287.45703125
-19539.46484375
-11858.3828125
-1881.109375
9605.78125
21761.26953125
33775.17578125
44932.18359375
54649.515625
62489.65625
68154.55859375
71470.12890625
72368.8203125
70875.2734375
67095.88671875
61210.22265625
53460.7890625
44138.87890625
33566.50390625
22077.34375
10001.31640625
-2342.9921875
-14646.078125
-26597.22265625
-37871.72265625
-48123.30078125
-56989.515625
-64115.05078125
-69193.1015625
-72019.50390625
-72549.6015625
-70945.02734375
-67598.078125
-63124.39453125
-58320.3671875
-54088.0859375
-51336.97265625
-50875.73828125
-53310.26953125
-58962.31640625
-67820.48828125
-79530.01171875
-93422.09375
-108578.27734375
-123921.046875
-138319.37890625
-150697.11328125
-160132.66796875
-165940.55078125
-167727.5390625
-165419.375
-159256.72265625
-149762.078125
-137681.82421875
-123909.89453125
-109401.1640625
-95083.6328125
-81778.53125
-70136.6796875
-60597.49609375
-53374.5078125
-48467.8046875
-45700.375
-44772.05859375
-45322.35546875
-46992.1796875
-49475.3515625
-52552.60546875
-56104.5234375
-60103.83203125
-64591.1015625
-69640.78125
-75325.2421875
-81683.97265625
-88702.9765625
-96306.796875
-104363.0390625
-112697.2265625
-121114.7421875
-129426.09765625
-137471.734375
-145142.69921875
-152393.796875
-159246.46875
-165779.6171875
-172108.5390625
-178354.22265625
-184607.65234375
-190895.2578125
-197152.15625
-203208.671875
-208793.28515625
-213552.1328125
-217082.36328125
-218974.39453125
-218857.3984375
-216442.23046875
-211556.8359375
-204170.13671875
-194401.4296875
-182513.453125
-168888.953125
-153992.6328125
-138323.328125
-122363.66796875
-106536.484375
-91176.66796875
-76524.8203125
-62743.921875
-49954.41015625
-38277.69921875
-27875.078125
-18969.296875
-11840.3046875
-6793.1484375
-4103.54296875
-3952.671875
-6365.98828125
-11169.8671875
-17975.984375
-26196.921875
-35090.11328125
-43822.1796875
-51543.46875
-57462.92578125
-60916.046875
-61422.0390625
-58729.046875
-52847.625
-44071.6953125
-32984.328125
-20443.125
-7538.90625
4477.2421875
14299.3515625
20698.25390625
22665.890625
19551.91796875
11169.2265625
-2152.96875
-19582.7578125
-39868.38671875
-61480.109375
-82788.859375
-102252.52734375
-118579.6015625
-130845.6640625
-138548.62109375
-141601.59375
-140274.109375
-135100.6015625
-126778.17578125
-116073.41796875
-103751.78515625
-90535.12109375
-77084.87109375
-64002.95703125
-51839.48046875
-41096.91796875
-32223.38671875
-25592.3984375
-21471.4609375
-19986.3203125
-21090.45703125
-24549.6015625
-29949.0078125
-36726.52734375
-44228.85546875
-51782.5859375
-58767.7265625
-64680.34375
-69173.4296875
-72070.45703125
-73352.8828125
-73129.2421875
-71597.00390625
-69008.7890625
-65650.7890625
-61835.51953125
-57904.84765625
-54234.7109375
-51231.9375
-49315.87109375
-48882.890625
-50257.91015625
-53642.17578125
-59069.10546875
-66378.95703125
-75219.51953125
-85074.16015625
-95313.2734375
-105260.44140625
-114262.859375
-121755.4453125
-127310.5078125
-130667.8828125
-131744.23828125
-130623.25390625
-127530.8828125
-122801.37109375
-116840.15234375
-110089.45703125
-103001.03125
-96018.64453125
-89570.34765625
-84068.0546875
-79909.796875
-77479.05078125
-77135.671875
-79195.09765625
-83895.48046875
-91356.33203125
-101535.62890625
-114194.6171875
-128879.6015625
-144928.09765625
-161502.55859375
-177649.91796875
-192380.09765625
-204752.8203125
-213960.45703125
-219395.51171875
-220694.40625
-217753.859375
-210721.0
-199962.4609375
-186020.12890625
-169561.6484375
-151332.53125
-132114.15234375
-112689.16015625
-93813.5078125
-76193.03125
-60462.2109375
-47163.56640625
-36727.36328125
-29452.40234375
-25489.63671875
-24830.58984375
-27302.34375
-32570.58984375
-40151.6171875
-49433.77734375
-59708.60546875
-70211.32421875
-80169.63671875
-88858.55078125
-95657.53125
-100104.625
-101941.3046875
-101141.4921875
-97919.33984375
-92712.63671875
-86141.85546875
-78948.20703125
-71917.07421875
-65795.0546875
-61209.453125
-58598.5
-58159.1875
-59818.0078125
-63228.19921875
-67795.6015625
-72733.57421875
-77145.04296875
-80126.8046875
-80886.98828125
-78862.65625
-73821.015625
-65926.6328125
-55758.98828125
-44270.37890625
-32683.08984375
-22335.578125
-14497.8984375
-10184.70703125
-9997.40234375
-14024.58203125
-21821.30859375
-32474.51171875
-44746.24609375
-57271.51953125
-68776.4375
-78277.66015625
-85227.234375
-89577.05078125
-91752.8203125
-92545.18359375
-92941.1796875
-93930.21875
-96321.5625
-100605.98828125
-106883.109375
-114861.69921875
-123926.04296875
-133250.4609375
-141938.26171875
-149161.0625
-154278.25
-156922.71484375
-157045.6015625
-154918.5078125
-151095.66015625
-146341.69921875
-141533.38671875
-137546.12109375
-135138.90625
-134853.09375
-136940.08203125
-141330.16015625
-147648.609375
-155277.1953125
-163450.5859375
-171370.49609375
-178316.98046875
-183737.42578125
-187298.97265625
-188897.984375
-188628.99609375
-186723.01171875
-183469.73046875
-179139.59765625
-173919.875
-167874.6328125
-160933.51953125
-152908.99609375
-143537.19140625
-132534.74609375
-119662.09765625
-104783.54296875
-87915.37109375
-69255.1875
-49188.34375
-28270.4140625
-7187.7734375
13299.01953125
32422.21875
49476.2734375
63881.484375
75234.19140625
83337.27734375
88206.75
90052.734375
89236.55859375
86208.90234375
81437.3984375
75334.47265625
68197.38671875
60171.2421875
51242.64453125
41266.6015625
30023.0703125
17293.9609375
2947.03125
-12988.5859375
-30269.30078125
-48416.73828125
-66735.08984375
-84364.98828125
-100367.4921875
-113827.5390625
-123964.0390625
-130232.9296875
-132410.27734375
-130644.13671875
-125466.94921875
-117764.03125
-108698.7109375
-99600.484375
-91828.10546875
-86624.29296875
-84981.2109375
-87535.00390625
-94503.7578125
-105676.28515625
-120450.96875
-137915.98828125
-156956.80078125
-176374.19921875
-194997.48828125
-211780.984375
-225876.9921875
-236683.06640625
-243864.578125
-247354.90234375
-247335.64453125
-244198.8046875
-238492.85546875
-230856.01953125
-221942.3828125
-212349.02734375
-202554.2734375
-192876.89453125
-183463.62890625
-174307.30859375
-165292.03515625
-156256.06640625
-147059.32421875
-137641.765625
-128061.296875
-118505.03515625
-109273.890625
-100746.25
-93330.23046875
-87414.97265625
-83329.671875
-81315.30078125
-81509.6875
-83942.90234375
-88538.06640625
-95113.015625
-103380.15234375
-112945.078125
-123307.27734375
-133867.94140625
-143949.76171875
-152831.5703125
-159797.2578125
-164194.42578125
-165495.015625
-163348.4140625
-157617.8671875
-148393.7890625
-135981.83984375
-120868.65234375
-103672.6171875
-85089.86328125
-65845.66796875
-46658.96484375
-28222.77734375
-11197.7109375
3789.30859375
16151.4296875
25362.8984375
30999.8984375
32799.34765625
30726.203125
25033.6328125
16297.78125
5411.00390625
-6476.00390625
-18062.859375
-28047.5625
-35293.62890625
-38990.19140625
-38778.64453125
-34824.0546875
-27818.2578125
-18912.37890625
-9587.578125
-1481.85546875
3803.22265625
4890.00390625
782.17578125
-9026.95703125
-24507.12109375
-45107.625
-69832.14453125
-97358.46875
-126184.68359375
-154781.15234375
-181728.828125
-205828.6484375
-226173.109375
-242178.25390625
-253580.5390625
-260407.30078125
-262931.28125
-261618.2734375
-257074.28515625
-249994.7421875
-241115.2890625
-231162.43359375
-220802.55078125
-210590.125
-200918.85546875
-191981.8671875
-183748.55859375
-175964.97265625
-168182.1796875
-159813.28125
-150215.17578125
-138787.21875
-125075.6875
-108871.4375
-90287.87890625
-69807.99609375
-48291.44140625
-26936.671875
-7197.359375
9342.33203125
21123.84765625
26786.3359375
25335.59765625
16288.08984375
-231.21484375
-23454.48828125
-52010.6015625
-84039.1484375
-117368.4921875
-149736.98828125
-179028.51953125
-203490.0703125
-221900.671875
-233668.06640625
-238840.95703125
-238038.04296875
-232308.5703125
-222949.5625
-211310.73046875
-198617.87109375
-185840.2578125
-173617.5078125
-162249.765625
-151743.71875
-141898.11328125
-132407.96875
-122966.67578125
-113349.0234375
-103465.01953125
-93381.72265625
-83316.859375
-73612.22265625
-64696.11328125
-57042.68359375
-51132.8125
-47417.59375
-46282.86328125
-48012.65625
-52751.05859375
-60465.40625
-70917.27734375
-83650.4296875
-98004.47265625
-113159.71484375
-128212.30859375
-142271.1953125
-154561.5
-164515.33203125
-171831.81640625
-176493.62890625
-178736.6484375
-178979.6875
-177730.07421875
-175485.83203125
-172654.6796875
-169504.8359375
-166153.8515625
-162592.203125
-158730.6640625
-154456.49609375
-149683.6953125
-144386.5859375
-138612.05078125
-132472.0703125
-126122.72265625
-119737.97265625
-113486.0546875
-107513.70703125
-101940.17578125
-96859.9453125
-92351.21875
-88486.49609375
-85342.15234375
-83004.87890625
-81573.7421875
-81157.1015625
-81863.60546875
-83786.2421875
-86978.6953125
-91424.19140625
-96999.2734375
-103437.640625
-110302.3125
-116976.0078125
-122679.53515625
-126524.76953125
-127602.96875
-125101.4609375
-118433.80078125
-107362.3828125
-92090.11328125
-73300.234375
-52130.65234375
-30080.16796875
-8856.33984375
9814.19921875
24384.6796875
33666.16796875
36958.265625
34114.72265625
25537.96875
12108.3046875
-4936.5078125
-24149.62890625
-44028.49609375
-63153.3046875
-80296.671875
-94498.16015625
-105104.06640625
-111777.96484375
-114489.75
-113490.7578125
-109280.25390625
-102565.796875
-94217.28515625
-85213.28125
-76578.36328125
-69312.2734375
-64314.26953125
-62308.98828125
-63782.296875
-68936.15625
-77670.4609375
-89596.83203125
-104085.13671875
-120338.703125
-137489.59375
-154701.640625
-171267.16015625
-186683.4140625
-200697.125
-213309.640625
-224740.859375
-235356.34375
-245567.80859375
-255722.27734375
-265997.7265625
-276323.37109375
-286339.8359375
-295408.80078125
-302673.98828125
-307166.59765625
-307940.390625
-304215.640625
-295509.14453125
-281729.03515625
-263219.078125
-240745.33203125
-215427.5625
-188626.296875
-161802.56640625
-136370.265625
-113560.44140625
-94313.703125
-79211.578125
-68452.0390625
-61868.234375
-58984.62109375
-59100.06640625
-61385.0390625
-64978.54296875
-69071.67578125
-72967.64453125
-76113.3125
-78103.16015625
-78662.48046875
-77620.2734375
-74883.3671875
-70421.0
-64264.05078125
-56517.33203125
-47377.78125
-37148.75390625
-26240.7421875
-15152.26171875
-4430.05078125
5386.640625
13828.203125
20551.58984375
25380.71484375
28321.80078125
29549.7734375
29367.0390625
28141.25390625
26232.8671875
23925.890625
21375.45703125
18583.47265625
15408.66796875
11610.51953125
6919.2734375
1118.09765625
-5879.73046875
-13975.01953125
-22859.8515625
-32031.88671875
-40841.5859375
-48561.3671875
-54462.26171875
-57884.3515625
-58291.1171875
-55303.6171875
-48715.9609375
-38496.90234375
-24783.25390625
-7869.296875
11806.453125
33678.0703125
57074.6875
81250.1875
105419.546875
128799.36328125
150648.54296875
170304.91796875
187214.7578125
200953.84765625
211240.5234375
217942.1015625
221076.33984375
220808.8984375
217447.2890625
211431.15625
203318.80078125
193770.14453125
183526.359375
173386.140625
164177.90234375
156726.3125
151811.41796875
150119.5
152187.30078125
158344.4921875
168662.8984375
182923.02734375
200608.3203125
220934.36328125
242914.46484375
265455.8671875
287474.03125
308008.125
326319.6171875
341959.01953125
354791.66015625
364981.2109375
372936.94140625
379236.359375
384537.40625
389493.98828125
394685.5859375
400567.3125
407442.23046875
415453.82421875
424594.19140625
434722.58984375
445589.47265625
456862.4765625
468152.609375
479040.48828125
489103.55078125
497945.44921875
505227.984375
510704.53125
514251.7890625
515894.98828125
515820.6484375
514371.59375
512021.03515625
509326.14453125
506865.91015625
505171.75
504661.9765625
505591.04296875
508022.29296875
511828.3671875
516718.20703125
522284.43359375
528061.59375
533584.43359375
538436.69921875
542284.0
544888.16015625
546104.46875
545865.96875
544160.35546875
541005.078125
536425.18359375
530436.984375
523039.26171875
514212.65625
503927.36328125
492158.875
478911.0546875
464244.890625
448310.05859375
431374.53515625
413846.08984375
396278.515625
379355.953125
363850.96875
350555.953125
340192.9140625
333312.3359375
330196.55078125
330785.4609375
334641.4296875
340965.23046875
348666.83984375
356484.69921875
363137.2734375
367483.25
368663.91015625
366203.421875
360050.54296875
350555.96484375
338391.609375
324428.53125
309596.2734375
294747.953125
280551.609375
267421.3828125
255493.45703125
244644.03125
234540.89453125
224717.56640625
214658.45703125
203884.7421875
192032.09375
178912.7265625
164555.1484375
149216.14453125
133361.5390625
117615.66015625
102684.078125
89259.21875
77922.7578125
69060.65234375
62805.625
59017.40625
57304.26953125
57081.375
57654.56640625
58313.75
58419.08203125
57465.9296875
55120.0703125
51221.4921875
45761.7109375
38844.31640625
30640.45703125
21350.1796875
11177.28515625
320.92578125
-11017.51953125
-22617.1875
-34216.94921875
-45498.09765625
-56076.109375
-65505.02734375
-73295.6875
-78947.18359375
-81989.24609375
-82032.0546875
-78818.60546875
-72273.53515625
-62541.1171875
-50004.7265625
-35281.03515625
-19184.953125
-2665.89453125
13278.546875
27700.046875
39792.890625
48967.46484375
54890.9609375
57488.42578125
56905.33984375
53440.80078125
47466.421875
39348.50390625
29389.50390625
17799.62890625
4701.91796875
-9833.53125
-25736.88671875
-42881.3046875
-61035.05859375
-79833.29296875
-98774.6015625
-117241.31640625
-134537.66796875
-149937.234375
-162731.10546875
-172270.71484375
-178003.140625
-179500.30078125
-176485.91015625
-168863.875
-156749.23828125
-140498.546875
-120732.19140625
-98338.26953125
-74447.7734375
-50374.3515625
-27518.67578125
-7245.359375
9251.8828125
21076.62109375
27726.69140625
29145.03125
25715.39453125
18203.9296875
7656.96875
-4727.578125
-17734.81640625
-30254.3671875
-41374.53515625
-50441.671875
-57084.13671875
-61205.52734375
-62954.64453125
-62679.8359375
-60873.87890625
-58113.41796875
-54995.62109375
-52074.71875
-49802.5234375
-48479.109375
-48221.41796875
-48957.375
-50450.48828125
-52354.90234375
-54294.41796875
-55952.76953125
-57158.12890625
-57944.0625
-58572.30078125
-59509.60546875
-61360.0234375
-64763.17578125
-70276.3671875
-78261.8828125
-88800.10546875
-101643.7265625
-116220.6640625
-131683.9453125
-146999.0390625
-161053.515625
-172772.0078125
-181220.828125
-185690.60546875
-185750.4609375
-181272.23828125
-172426.99609375
-159658.14453125
-143636.08984375
-125199.23828125
-105285.671875
-84860.26171875
-64842.58203125
-46041.8671875
-29105.68359375
-14488.15234375
-2441.25390625
6970.78515625
13838.12109375
18360.51953125
20800.95703125
21447.125
20588.19140625
18510.0859375
15507.7890625
11908.8359375
8098.94140625
4539.85546875
1770.4453125
385.28515625
989.4765625
4133.64453125
10237.89453125
19517.265625
31922.89453125
47112.40625
64459.5078125
83107.01953125
102060.27734375
120310.04296875
136967.6640625
151391.26171875
163281.3046875
172727.7890625
180198.640625
186468.94921875
192501.41796875
199297.6953125
207746.15625
218492.5859375
231855.796875
247801.17578125
265973.1484375
285775.8984375
306482.25390625
327346.6875
347700.04296875
367010.58203125
384906.23046875
401163.2734375
415674.44921875
428412.23828125
439400.859375
448704.21875
456429.0859375
462736.4296875
467850.5234375
472056.9375
475685.140625
479077.98046875
482555.6875
486384.49609375
490758.8046875
495801.06640625
501577.7890625
508124.5859375
515470.6484375
523653.90234375
532721.78515625
542718.2578125
553662.57421875
565528.32421875
578231.2890625
591631.4921875
605550.26953125
619798.0078125
634204.72265625
648644.29296875
663044.765625
677380.51953125
691646.87890625
705822.04296875
719824.3984375
733474.578125
746470.8203125
758383.625
768672.3359375
776722.296875
781897.828125
783603.859375
781347.85546875
774793.94921875
763802.734375
748452.57421875
729040.984375
706067.21484375
680199.078125
652227.94921875
623016.10546875
593440.2578125
564334.828125
536438.5859375
510348.875
486488.359375
465089.3984375
446200.1875
429714.0390625
415418.9296875
403059.32421875
392398.03125
383263.8671875
375572.40625
369312.57421875
364500.22265625
361108.94921875
358996.09375
357845.1640625
357143.703125
356208.109375
354255.35546875
350509.43359375
344320.6484375
335271.38671875
323244.2890625
308437.25390625
291322.1953125
272558.03515625
252879.1953125
232986.08203125
213462.5703125
194737.46484375
177094.5546875
160722.62109375
145785.83203125
132489.515625
121117.828125
112027.8359375
105596.9140625
102134.0078125
101776.27734375
104398.08984375
109557.74609375
116499.1796875
124213.20703125
131549.296875
137357.6484375
140635.32421875
140650.50390625
137025.0
129764.8671875
119239.5703125
106119.0390625
91283.22265625
75720.0
60425.26953125
46314.85546875
34153.54296875
24503.140625
17689.38671875
13786.84765625
12621.12109375
13787.6171875
16685.94140625
20567.94140625
24596.3125
27909.40234375
29687.30859375
29214.12890625
25931.83984375
19482.0390625
9732.8203125
-3211.04296875
-19015.5625
-37142.37890625
-56889.74609375
-77446.55859375
-97954.8125
-117574.4140625
-135543.36328125
-151226.61328125
-164148.23046875
-174004.0625
-180655.140625
-184105.36328125
-184469.4453125
-181938.4921875
-176750.19921875
-169169.0234375
-159478.59375
-147985.41796875
-135029.68359375
-120997.09765625
-106325.25
-91499.40625
-77035.5078125
-63451.98046875
-51235.4375
-40807.90234375
-32503.34375
-26559.3203125
-23125.30078125
-22284.03515625
-24077.50390625
-28526.55859375
-35633.9375
-45364.9375
-57607.0703125
-72118.11328125
-88478.234375
-106064.21484375
-124060.69140625
-141515.13671875
-157431.86328125
-170888.828125
-181152.78125
-187766.38671875
-190586.01953125
-189760.3203125
-185654.23046875
-178736.96875
-169461.96484375
-158168.64453125
-145030.53515625
-130062.2890625
-113183.4375
-94322.78515625
-73537.81640625
-51120.25390625
-27662.515625
-4068.859375
18493.23828125
38693.98828125
55177.5
66711.234375
72325.71484375
71425.15234375
63855.609375
49924.93359375
30375.80078125
6318.6796875
-20864.7265625
-49635.89453125
-78420.2578125
-105724.3984375
-130241.171875
-150935.7578125
-167106.5234375
-178415.8359375
-184887.4375
-186870.0390625
-184970.69140625
-179966.3359375
-172706.3046875
-164020.921875
-154650.8203125
-145207.30859375
-136167.09765625
-127896.23046875
-120690.65234375
-114816.859375
-110536.48828125
-108104.18359375
-107736.53515625
-109559.625
-113550.03515625
-119487.80078125
-126937.83203125
-135269.95703125
-143718.28125
-151471.0703125
-157774.84375
-162033.0546875
-163880.9609375
-163223.546875
-160231.2734375
-155296.75
-148962.66015625
-141835.6015625
-134501.71875
-127457.7578125
-121066.62109375
-115540.60546875
-110949.79296875
-107248.76953125
-104312.8046875
-101974.95703125
-100058.13671875
-98399.45703125
-96867.4765625
-95374.7421875
-93887.8671875
-92435.66796875
-91113.16796875
-90077.3046875
-89529.7890625
-89684.83203125
-90723.6171875
-92742.65234375
-95707.38671875
-99424.30859375
-103542.72265625
-107591.8046875
-111050.4296875
-113438.6328125
-114413.05078125
-113845.71484375
-111867.703125
-108865.703125
-105429.12890625
-102256.0625
-100035.0546875
-99325.42578125
-100459.03125
-103482.3984375
-108149.94140625
-113968.82421875
-120285.95703125
-126399.71484375
-131674.7734375
-135638.83203125
-138044.43359375
-138886.81640625
-138377.81640625
-136884.296875
-134845.86328125
-132689.46484375
-130757.5234375
-129261.984375
-128270.4375
-127723.54296875
-127476.8671875
-127356.2734375
-127214.36328125
-126976.55078125
-126668.22265625
-126418.6796875
-126441.91015625
-126998.35546875
-128344.6953125
-130680.53515625
-134101.09375
-138564.05859375
-143876.69921875
-149706.1796875
-155612.46484375
-161099.40625
-165676.4375
-168921.015625
-170531.62109375
-170362.50390625
-168434.7109375
-164922.62109375
-160120.01171875
-154393.7578125
-148135.5
-141721.078125
-135484.8828125
-129711.63671875
-124643.15234375
-120493.328125
-117462.6328125
-115743.58203125
-115511.765625
-116901.33203125
-119969.01953125
-124654.8671875
-130750.3125
-137884.2734375
-145535.44921875
-153074.63671875
-159835.16015625
-165203.46875
-168716.5625
-170149.49609375
-169575.17578125
-167381.2578125
-164234.65625
-160993.1328125
-158573.65234375
-157797.05859375
-159235.94140625
-163094.80078125
-169148.078125
-176752.046875
-184932.71875
-192536.515625
-198417.19140625
-201624.37109375
-201558.3671875
-198062.984375
-191440.8515625
-182392.02734375
-171891.43359375
-161031.31640625
-150858.89453125
-142236.328125
-135741.8515625
-131620.01953125
-129778.9453125
-129825.43359375
-131126.35546875
-132885.9453125
-134232.0625
-134307.58203125
-132364.3515625
-127855.52734375
-120518.703125
-110438.38671875
-98074.83203125
-84248.02734375
-70071.6171875
-56840.43359375
-45885.01171875
-38413.96484375
-35368.79296875
-37313.640625
-44375.9921875
-56244.37109375
-72218.8125
-91301.2734375
-112308.15234375
-133986.3671875
-155117.2265625
-174597.640625
-191494.08203125
-205070.22265625
-214792.96484375
-220323.69921875
-221502.0859375
-218328.87109375
-210952.53125
-199662.39453125
-184888.4453125
-167205.41015625
-147336.4921875
-126150.49609375
-104645.55859375
-83913.8828125
-65084.41796875
-49244.8203125
-37348.9453125
-30120.953125
-27970.71875
-30936.140625
-38665.9609375
-50451.41015625
-65307.0234375
-82091.9296875
-99654.46484375
-116976.99609375
-133296.1953125
-148177.23046875
-161528.359375
-173553.703125
-184654.38671875
-195298.6953125
-205888.37890625
-216648.65234375
-227563.7734375
-238369.5859375
-248601.39453125
-257683.5859375
-265038.84375
-270192.46484375
-272850.49609375
-272938.99609375
-270602.04296875
-266165.890625
-260082.65625
-252868.37890625
-245046.9921875
-237105.86328125
-229462.578125
-222438.875
-216237.3671875
-210919.9375
-206391.3671875
-202396.02734375
-198536.38671875
-194319.39453125
-189230.0234375
-182823.02734375
-174816.75390625
-165168.9453125
-154116.08203125
-142164.22265625
-130029.4609375
-118536.9765625
-108496.80859375
-100579.27734375
-95212.90625
-92522.74609375
-92318.76953125
-94134.58203125
-97307.796875
-101086.9609375
-104746.5390625
-107691.3046875
-109534.375
-110138.16015625
-109613.76953125
-108280.7890625
-106595.359375
-105058.5390625
-104119.5546875
-104088.55078125
-105071.69921875
-106938.18359375
-109323.87890625
-111671.828125
-113304.55078125
-113519.08203125
-111692.04296875
-107380.24609375
-100401.90625
-90885.34375
-79276.1484375
-66299.48046875
-52881.36328125
-40039.91796875
-28762.96484375
-19891.40234375
-14026.9375
-11478.13671875
-12251.27734375
-16083.74609375
-22509.5703125
-30941.33984375
-40751.35546875
-51337.68359375
-62166.90625
-72792.91796875
-82857.84765625
-92085.11328125
-100274.52734375
-107305.78515625
-113150.5
-117887.08984375
-121708.70703125
-124914.33203125
-127876.8203125
-130988.12890625
-134589.28125
-138898.078125
-143949.7265625
-149563.62890625
-155344.09765625
-160715.75390625
-164987.62109375
-167435.09375
-167387.1484375
-164306.84765625
-157855.73828125
-147935.8125
-134705.74609375
-118570.4375
-100145.1796875
-80197.98046875
-59576.1953125
-39126.15234375
-19616.5078125
-1676.25390625
14243.3046875
27877.42578125
39127.7265625
48018.859375
54642.296875
59099.87109375
61459.20703125
61730.40234375
59868.75390625
55803.21875
49485.5078125
40950.84375
30379.0546875
18143.74609375
4838.2265625
-8730.61328125
-21585.15234375
-32655.51953125
-40886.625
-45360.484375
-45416.109375
-40747.2265625
-31459.64453125
-18074.875
-1474.69921875
17208.79296875
36743.53515625
55965.8046875
73939.94140625
90083.05859375
104233.52734375
116651.60546875
127952.296875
138982.6875
150665.56640625
163836.328125
179099.984375
196729.6796875
216619.28125
238292.27734375
260960.28515625
283618.3984375
305162.19921875
324512.140625
340733.6015625
353143.76171875
361398.05859375
365549.515625
366073.6484375
363851.76953125
360107.38671875
356294.796875
353945.88671875
354489.12890625
359062.23828125
368344.49609375
382435.22265625
400800.18359375
422298.9296875
445294.01953125
467830.47265625
487862.73828125
503498.8046875
513228.34765625
516104.19921875
511853.46484375
500904.91796875
484331.26171875
463716.49609375
440968.2265625
418101.30859375
397021.71875
379338.171875
366223.90234375
358342.91015625
355845.17578125
358424.88671875
365426.25
375974.9140625
389110.01171875
403894.046875
419484.328125
435159.796875
450308.1171875
464387.6796875
476884.66796875
487285.3515625
495078.0625
499789.58984375
501049.6796875
498667.875
492702.2265625
483499.96875
471696.265625
458166.45703125
443937.3671875
430071.44140625
417542.26171875
407120.51171875
399286.40625
394179.26953125
391588.8984375
390987.58984375
391597.375
392483.5859375
392664.02734375
391221.84375
387410.00390625
380736.12890625
371018.44921875
358406.66796875
343365.68359375
326624.65234375
309098.16015625
291789.421875
275687.43359375
261669.83203125
250421.6953125
242377.70703125
237691.50390625
236232.6875
237608.796875
241207.41796875
246252.3671875
251867.546875
257142.52734375
261194.69140625
263223.96484375
262557.3046875
258681.0703125
251260.546875
240146.62890625
225370.59765625
207128.69921875
185758.86328125
161712.37890625
135523.6953125
107781.2578125
79101.99609375
50111.125
21427.890625
-6343.4375
-32619.375
-56842.671875
-78490.78125
-97090.0
-112236.6328125
-123624.20703125
-131073.34375
-134558.734375
-134226.7109375
-130397.53515625
-123548.671875
-114279.05859375
-103258.28125
-91168.13671875
-78645.9921875
-66239.3515625
-54378.9296875
-43373.7265625
-33427.33984375
-24670.578125
-17202.2734375
-11129.0
-6594.55859375
-3792.29296875
-2956.41015625
-4332.5625
-8132.00390625
-14477.15234375
-23348.8046875
-34546.078125
-47668.828125
-62129.33984375
-77195.35546875
-92061.26171875
-105938.828125
-118154.90625
-128241.0625
-136000.140625
-141537.3125
-145247.6015625
-147758.375
-149832.16015625
-152242.19921875
-155638.515625
-160425.3984375
-166670.77734375
-174063.87890625
-181930.203125
-189303.27734375
-195042.8203125
-197981.1015625
-197074.71484375
-191539.30859375
-180949.0625
-165290.3203125
-144966.9765625
-120762.7421875
-93769.9765625
-65296.53125
-36761.06640625
-9585.1328125
14911.87890625
35609.83203125
51671.40234375
62605.68359375
68304.28515625
69043.19140625
65446.2734375
58411.109375
49003.76171875
38334.83203125
27433.33984375
17136.2109375
8009.078125
309.28515625
-6005.296875
-11225.58203125
-15809.4921875
-20284.5625
-25151.88671875
-30806.875
-37487.89453125
-45257.7890625
-54016.73046875
-63539.33203125
-73525.359375
-83652.390625
-93620.42578125
-103181.83203125
-112154.390625
-120419.2578125
-127908.5
-134588.328125
-140443.51171875
-145467.171875
-149657.67578125
-153022.26953125
-155585.0625
-157395.734375
-158534.77734375
-159111.1796875
-159249.59765625
-159065.921875
-158633.05859375
-157942.00390625
-156866.609375
-155142.4609375
-152370.1796875
-148050.69140625
-141654.0078125
-132715.48828125
-120945.4609375
-106331.890625
-89213.81640625
-70306.0
-50663.390625
-31585.390625
-14472.33984375
-656.87890625
8761.640625
13052.06640625
11934.4140625
5600.35546875
-5327.29296875
-19884.1015625
-36883.46484375
-55045.1484375
-73114.42578125
-89959.3046875
-104640.171875
-116452.3984375
-124946.55078125
-129932.13671875
-131469.8671875
-129855.12890625
-125592.921875
-119363.0625
-111974.3515625
-104308.11328125
-97253.87109375
-91642.49609375
-88184.0
-87417.125
-89676.4375
-95079.35546875
-103531.98828125
-114749.33203125
-128283.609375
-143554.6328125
-159878.1328125
-176491.1484375
-192576.609375
-207291.08984375
-219799.60546875
-229319.21484375
-235169.7421875
-236826.55859375
-233968.21875
-226511.41015625
-214627.890625
-198741.32421875
-179505.671875
-157769.46875
-134531.25390625
-110890.59375
-87996.8984375
-66996.27734375
-48975.203125
-34900.26171875
-25555.125
-21478.890625
-22912.73046875
-29763.66796875
-41594.07421875
-57643.0703125
-76881.87890625
-98099.40625
-120009.05078125
-141363.07421875
-161058.8828125
-178222.15625
-192255.7265625
-202849.3984375
-209953.46875
-213725.68359375
-214466.02734375
-212554.5546875
-208404.48046875
-202436.28515625
-195070.9765625
-186734.33203125
-177860.5234375
-168884.96875
-160221.36328125
-152225.2578125
-145153.47265625
-139132.34765625
-134147.09765625
-130058.85546875
-126647.83203125
-123672.484375
-120928.99609375
-118294.6796875
-115743.35546875
-113329.078125
-111144.25390625
-109265.8515625
-107707.109375
-106390.28515625
-105149.72265625
-103765.328125
-102017.58984375
-99748.91796875
-96913.98046875
-93604.6953125
-90042.09375
-86536.04296875
-83421.97265625
-80989.74609375
-79421.55078125
-78753.57421875
-78870.50390625
-79533.96484375
-80438.39453125
-81281.48828125
-81833.515625
-81990.35546875
-81799.18359375
-81452.24609375
-81251.30078125
-81551.53125
-82697.7109375
-84966.0234375
-88522.5390625
-93404.36328125
-99523.8046875
-106690.61328125
-114644.24609375
-123087.59375
-131715.7109375
-140236.9609375
-148387.63671875
-155944.01171875
-162735.86328125
-168663.62109375
-173717.58984375
-177994.0390625
-181700.703125
-185144.71875
-188699.34765625
-192751.0546875
-197634.20703125
-203564.859375
-210586.34765625
-218537.484375
-227049.58203125
-235572.94921875
-243428.43359375
-249876.609375
-254196.265625
-255764.8984375
-254135.125
-249101.69921875
-240753.24609375
-229501.37890625
-216078.83984375
-201499.28125
-186974.94140625
-173795.5859375
-163180.5078125
-156123.68359375
-153257.23828125
-154758.25390625
-160318.19140625
-169183.3046875
-180261.0859375
-192274.953125
-203940.21484375
-214131.046875
-222011.0390625
-227108.33984375
-229328.0859375
-228906.80078125
-226323.50390625
-222188.16796875
-217129.35546875
-211699.7890625
-206312.33984375
-201211.47265625
-196478.17578125
-192061.07421875
-187823.765625
-183597.8125
-179232.328125
-174633.375
-169788.765625
-164776.20703125
-159754.33203125
-154937.95703125
-150560.4765625
-146828.4453125
-143875.265625
-141722.43359375
-140256.8671875
-139231.2734375
-138290.67578125
-137023.25
-135027.9375
-131986.9140625
-127728.65234375
-122268.25
-115815.81640625
-108749.984375
-101561.08984375
-94775.0234375
-88873.14453125
-84224.47265625
-81043.75
-79383.2578125
-79158.5703125
-80200.89453125
-82322.25
-85376.8671875
-89302.91796875
-94133.484375
-99973.39453125
-106947.31640625
-115132.421875
-124493.375
-134837.71875
-145804.8671875
-156893.75
-167524.2734375
-177119.08984375
-185186.98828125
-191389.0703125
-195573.36328125
-197771.75390625
-198162.3984375
-197008.640625
-194590.125
-191142.14453125
-186815.765625
-181665.1875
-175662.0703125
-168730.67578125
-160794.05078125
-151820.32421875
-141859.26953125
-131062.31640625
-119682.69921875
-108056.4296875
-96568.2421875
-85609.16015625
-75533.9140625
-66626.1953125
-59078.3046875
-52988.6796875
-48377.22265625
-45214.4140625
-43457.515625
-43085.6796875
-44126.50390625
-46668.5
-50857.2109375
-56875.76953125
-64913.140625
-75124.80859375
-87591.015625
-102277.46875
-119003.0546875
-137418.73828125
-157001.57421875
-177067.1484375
-196802.4765625
-215318.91796875
-231721.6875
-245188.91796875
-255050.44140625
-260855.12109375
-262416.30859375
-259827.796875
-253447.33984375
-243849.83984375
-231757.37890625
-217956.5625
-203215.4140625
-188211.33203125
-173479.359375
-159386.328125
-146132.1875
-133775.70703125
-122278.4140625
-111558.4296875
-101545.11328125
-92226.13671875
-83680.58984375
-76094.2265625
-69756.1015625
-65038.3203125
-62362.578125
-62158.33203125
-64817.54296875
-70650.64453125
-79847.453125
-92445.9296875
-108310.57421875
-127121.5625
-148374.92578125
-171393.90234375
-195351.4296875
-219304.0390625
-242237.6953125
-263125.94921875
-280999.86328125
-295027.015625
-304593.7734375
-309381.57421875
-309425.05078125
-305139.2421875
-297305.21484375
-287009.234375
-275538.5390625
-264245.7578125
-254401.421875
-247057.5859375
-242944.3984375
-242415.19140625
-245445.93359375
-251684.046875
-260532.70703125
-271251.29296875
-283052.5859375
-295181.2734375
-306965.390625
-317839.93359375
-327348.08203125
-335128.96875
-340901.25
-344449.80078125
-345619.46875
-344316.6484375
-340517.1484375
-334277.55859375
-325747.4453125
-315179.796875
-302937.50390625
-289493.62890625
-275422.83984375
-261381.6484375
-248075.6171875
-236213.64453125
-226451.93359375
-219333.17578125
-215228.72265625
-214292.61328125
-216435.20703125
-221321.6484375
-228396.09375
-236928.6171875
-246078.140625
-254962.89453125
-262730.2265625
-268619.14453125
-272011.734375
-272471.8828125
-269771.42578125
-263903.9296875
-255085.8125
-243743.375
-230483.984375
-216050.359375
-201259.08984375
-186927.51953125
-173796.546875
-162459.171875
-153305.4609375
-146493.29296875
-141950.80859375
-139411.8125
-138479.97265625
-138712.60546875
-139711.1953125
-141203.89453125
-143105.79296875
-145545.41796875
-148851.02734375
-153496.5546875
-160014.09375
-168886.12109375
-180435.171875
-194730.17578125
-211526.76953125
-230253.4765625
-250047.86328125
-269837.94921875
-288456.046875
-304766.83984375
-317789.53125
-326796.06640625
-331372.88671875
-331440.91015625
-327235.98828125
-319258.08984375
-308200.7109375
-294872.40234375
-280120.3671875
-264762.546875
-249531.71484375
-235032.77734375
-221714.07421875
-209854.046875
-199565.29296875
-190817.69140625
-183480.1171875
-177376.37890625
-172346.32421875
-168299.34765625
-165246.77734375
-163302.34375
-162646.85546875
-163462.2734375
-165849.16015625
-169747.45703125
-174881.51953125
-180745.3984375
-186635.328125
-191725.0234375
-195169.58984375
-196217.625
-194310.5625
-189152.5625
-180742.046875
-169364.49609375
-155553.1953125
-140028.63671875
-123627.82421875
-107232.89453125
-91705.18359375
-77827.92578125
-66258.6484375
-57491.60546875
-51830.66015625
-49373.7109375
-50009.890625
-53431.0625
-59158.30859375
-66583.2421875
-75022.33984375
-83780.66015625
-92218.98046875
-99816.49609375
-106219.984375
-111270.65625
-115002.60546875
-117611.390625
-119397.3125
-120694.015625
-121797.06640625
-122907.83203125
-124104.5859375
-125346.09375
-126504.3984375
-127415.8984375
-127935.2421875
-127976.34375
-127529.2890625
-126649.42578125
-125423.25
-123922.76171875
-122162.97265625
-120076.63671875
-117515.30078125
-114279.06640625
-110170.12890625
-105059.51171875
-98953.3828125
-92045.32421875
-84743.484375
-77665.73046875
-71600.984375
-67439.78125
-66081.46875
-68328.73828125
-74782.609375
-85751.7109375
-101189.09765625
-120667.27734375
-143397.7734375
-168295.7890625
-194083.87109375
-219422.41796875
-243050.04296875
-263914.58203125
-281276.6640625
-294771.4609375
-304420.9296875
-310596.34765625
-313938.64453125
-315250.0234375
-315373.953125
-315081.33203125
-314978.0390625
-315444.66015625
-316612.9375
-318377.4140625
-320435.54296875
-322346.08984375
-323594.95703125
-323658.74609375
-322059.6015625
-318408.703125
-312439.1015625
-304030.55078125
-293228.90234375
-280260.75
-265541.1328125
-249669.515625
-233408.1796875
-217638.4140625
-203293.7421875
-191274.5390625
-182354.109375
-177089.89453125
-175754.74609375
-178300.56640625
-184361.2890625
-193295.0703125
-204258.65625
-216301.60546875
-228465.83203125
-239876.56640625
-249814.16796875
-257760.8671875
-263421.21484375
-266718.96875
-267775.46484375
-266875.41796875
-264425.703125
-260911.59765625
-256853.56640625
-252766.6640625
-249123.69140625
-246322.94921875
-244661.5703125
-244315.5390625
-245327.90625
-247606.59765625
-250932.83203125
-254979.90625
-259340.79296875
-263561.27734375
-267174.453125
-269732.10546875
-270829.7265625
-270123.8359375
-267342.80859375
-262294.34765625
-254873.58203125
-245074.85546875
-233007.8984375
-218915.91796875
-203190.0
-186372.87890625
-169145.296875
-152291.0625
-136641.08203125
-123001.62890625
-112076.25
-104393.25390625
-100250.7265625
-99688.73828125
-102493.8515625
-108235.85546875
-116330.79296875
-126120.10546875
-136952.62890625
-148255.8828125
-159584.84765625
-170640.70703125
-181257.515625
-191361.078125
-200909.80078125
-209831.12890625
-217968.37109375
-225050.94140625
-230696.5390625
-234447.44921875
-235836.2578125
-234470.02734375
-230117.921875
-222785.8125
-212763.15625
-200631.66015625
-187231.5703125
-173588.47265625
-160810.140625
-149968.19140625
-141982.09375
-137522.92578125
-136951.12890625
-140296.80078125
-147283.87109375
-157391.859375
-169942.82421875
-184197.0625
-199440.6640625
-215050.72265625
-230529.25
-245503.671875
-259698.37890625
-272887.1328125
-284838.92578125
-295270.35546875
-303815.2421875
-310018.9140625
-313359.7578125
-313296.546875
-309335.984375
-301111.96875
-288466.03125
-271517.25
-250710.19140625
-226830.8828125
-200983.83203125
-174527.91015625
-148974.51953125
-125857.87109375
-106592.5625
-92337.2109375
-83883.26953125
-81585.3125
-85342.56640625
-94633.35546875
-108595.2109375
-126136.15625
-146058.546875
-167176.5234375
-188411.78515625
-208858.5390625
-227815.91796875
-244792.3125
-259490.23046875
-271781.09765625
-281677.71875
-289308.5234375
-294894.015625
-298723.15625
-301126.74609375
-302446.00390625
-302997.22265625
-303036.140625
-302727.74609375
-302127.6640625
-301179.95703125
-299733.515625
-297575.6796875
-294478.75390625
-290252.3828125
-284793.94921875
-278128.9765625
-270434.84375
-262043.05859375
-253417.87890625
-245111.91796875
-237702.7421875
-231717.5
-227555.67578125
-225421.93359375
-225281.19140625
-226846.3671875
-229604.6953125
-232882.3359375
-235939.59375
-238082.3671875
-238770.8203125
-237705.48828125
-234874.2109375
-230550.5234375
-225243.6171875
-219609.66796875
-214341.80859375
-210059.62109375
-207217.8046875
-206048.31640625
-206542.33984375
-208470.14453125
-211430.36328125
-214916.65625
-218389.515625
-221343.04296875
-223359.984375
-224151.24609375
-223578.26171875
-221657.56640625
-218547.73046875
-214519.86328125
-209914.84765625
-205093.046875
-200384.4921875
-196048.24609375
-192248.01171875
-189047.0078125
-186419.73046875
-184273.20703125
-182467.9296875
-180829.640625
-179148.16015625
-177166.35546875
-174569.1796875
-170986.375
-166021.10546875
-159310.30859375
-150612.25390625
-139905.80859375
-127477.93359375
-113973.6640625
-100387.85546875
-87989.41796875
-78183.64453125
-72333.171875
-71568.4609375
-76622.1875
-87717.34375
-104527.75390625
-126214.76953125
-151529.40234375
-178958.15625
-206886.03125
-233751.609375
-258175.734375
-279054.28515625
-295613.953125
-307435.8046875
-314453.2265625
-316929.87109375
-315420.1171875
-310712.484375
-303755.7734375
-295570.203125
-287149.78125
-279366.69140625
-272891.2265625
-268140.546875
-265265.625
-264178.92578125
-264617.52734375
-266229.1796875
-268664.37890625
-271656.71484375
-275076.62109375
-278949.37109375
-283435.125
-288776.1015625
-295221.4609375
-302944.19921875
-311965.359375
-322099.37109375
-332930.65234375
-343826.25
-353983.20703125
-362503.3984375
-368484.07421875
-371109.90234375
-369732.8046875
-363928.75390625
-353525.71875
-338602.55078125
-319463.83203125
-296598.9453125
-270635.0703125
-242292.51953125
-212348.22265625
-181609.47265625
-150896.62890625
-121030.6640625
-92820.265625
-67043.2265625
-44418.51953125
-25568.046875
-10970.3203125
-911.59375
4557.765625
5652.734375
2860.84375
-3078.11328125
-11221.296875
-20497.6484375
-29800.8984375
-38090.68359375
-44490.51171875
-48372.2421875
-49418.56640625
-47657.44921875
-43464.86328125
-37533.96484375
-30810.91796875
-24399.50390625
-19439.82421875
-16970.20703125
-17785.765625
-22310.8984375
-30504.8203125
-41818.0234375
-55212.5390625
-69250.26171875
-82242.8359375
-92445.359375
-98267.23828125
-98468.9375
-92314.22265625
-79654.6953125
-60934.8515625
-37119.94921875
-9562.2578125
20169.15625
50465.96484375
79838.6328125
107036.12890625
131119.05078125
151488.67578125
167882.30078125
180348.22265625
189211.90234375
195039.703125
198600.19921875
200818.640625
202719.0625
205351.47265625
209707.23046875
216631.9296875
226749.2421875
240409.6171875
257673.74609375
278333.6875
301966.43359375
328008.1015625
355833.62890625
384827.87890625
414438.15625
444204.41015625
473769.07421875
502872.4453125
531340.56640625
559071.3203125
586021.59765625
612195.6484375
637632.83203125
662392.77734375
686537.23046875
710109.80859375
733116.8359375
755513.7421875
777201.37109375
798035.4609375
817850.3046875
836494.83203125
853876.484375
870005.46875
885030.34375
899255.22265625
913130.2734375
927210.52734375
942083.43359375
958272.26953125
976129.1875
995737.0
1016840.57421875
1038826.4765625
1060762.3984375
1081497.32421875
1099811.11328125
1114591.07421875
1125005.52734375
1130642.93359375
1131589.94921875
1128432.546875
1122178.6640625
1114115.703125
1105628.50390625
1098010.31640625
1092299.63671875
1089169.328125
1088883.26953125
1091321.74609375
1096063.6484375
1102503.5
1109976.640625
1117866.9453125
1125677.9296875
1133058.09765625
1139782.48046875
1145702.28515625
1150680.82421875
1154535.76171875
1157004.58203125
1157743.3359375
1156359.67578125
1152472.47265625
1145783.546875
1136144.1875
1123600.2109375
1108404.578125
1090993.76953125
1071932.32421875
1051836.65234375
1031293.15625
1010786.12890625
990647.984375
971038.81640625
951955.84765625
933267.32421875
914761.15625
896197.06640625
877352.0
858051.76171875
838186.078125
817708.59375
796626.49609375
774985.93359375
752859.125
730337.20703125
707530.19921875
684572.75
661632.421875
638916.21875
616671.5703125
595179.0703125
574736.15625
555632.66015625
538120.6015625
522381.56640625
508495.36328125
496413.921875
485944.2421875
476744.1796875
468334.30859375
460128.23828125
451481.9140625
441759.74609375
430411.984375
417054.2890625
401537.578125
383995.28125
364856.375
344816.75390625
324767.72265625
305688.09375
288513.66015625
274003.25
262622.8203125
254467.23828125
249233.91015625
246253.9921875
244577.26953125
243097.921875
240701.609375
236411.3515625
229510.375
219624.58203125
206754.18359375
191252.26953125
173756.05078125
155083.08984375
136109.3125
117647.3984375
100343.46484375
84606.76171875
70582.15625
58168.5703125
47079.57421875
36935.1875
27368.421875
18126.64453125
9147.80078125
595.1484375
-7158.83203125
-13598.98828125
-18174.05078125
-20423.94921875
-20103.06640625
-17274.38671875
-12353.8515625
-6093.46875
496.95703125
6277.86328125
10136.8515625
11148.625
8711.6796875
2640.1015625
-6803.0078125
-18934.40625
-32735.7265625
-46980.78125
-60385.78125
-71761.1875
-80145.06640625
-84901.71875
-85775.19921875
-82894.234375
-76731.78125
-68028.4609375
-57693.08203125
-46695.21484375
-35964.21875
-26306.3359375
-18347.328125
-12503.5859375
-8980.28515625
-7791.99609375
-8799.265625
-11754.0703125
-16347.59765625
-22254.9453125
-29172.8125
-36847.63671875
-45093.1484375
-53797.21875
-62918.984375
-72477.5625
-82534.10546875
-93168.83203125
-104454.671875
-116429.12109375
-129066.28125
-142251.69140625
-155763.48828125
-169264.0625
-182306.4453125
-194358.46875
-204845.49609375
-213209.01953125
-218974.64453125
-221819.875
-221630.41796875
-218534.2890625
-212906.10546875
-205338.60546875
-196584.34375
-187475.4921875
-178833.6015625
-171382.0390625
-165672.73046875
-162035.3828125
-160553.05859375
-161063.828125
-163185.078125
-166355.5078125
-169889.5234375
-173039.34375
-175060.6875
-175278.046875
-173144.98046875
-168294.0625
-160570.78515625
-150046.421875
-137007.26171875
-121921.3515625
-105387.9375
-88078.546875
-70680.046875
-53849.15234375
-38184.25390625
-24215.2265625
-12406.79296875
-3167.0390625
3147.96484375
6240.76171875
5892.82421875
1995.89453125
-5413.31640625
-16125.22265625
-29745.98046875
-45709.32421875
-63313.03515625
-81776.0859375
-100307.80078125
-118177.91015625
-134776.296875
-149653.453125
-162536.5
-173320.15625
-182036.20703125
-188808.26953125
-193800.4453125
-197168.56640625
-199021.66796875
-199399.0703125
-198265.7734375
-195526.09765625
-191053.17578125
-184730.171875
-176497.86328125
-166402.921875
-154640.7578125
-141587.04296875
-127812.140625
-114073.578125
-101283.08984375
-90447.45703125
-82585.9609375
-78631.62109375
-79327.5390625
-85132.60546875
-96151.5234375
-112101.7265625
-132324.6796875
-155841.5546875
-181445.578125
-207816.40625
-233638.44140625
-257704.85546875
-278993.4765625
-296707.51953125
-310282.38671875
-319366.91015625
-323791.73828125
-323538.1484375
-318717.5
-309565.890625
-296452.06640625
-279891.4921875
-260556.578125
-239273.51953125
-216999.31640625
-194777.17578125
-173673.5625
-154703.8359375
-138755.5859375
-126518.91796875
-118431.73828125
-114646.078125
-115019.359375
-119132.13671875
-126331.5390625
-135796.7890625
-146620.0859375
-157893.31640625
-168788.7734375
-178622.1875
-186888.46484375
-193265.5703125
-197588.1953125
-199799.42578125
-199892.9609375
-197859.9921875
-193652.48828125
-187169.49609375
-178266.94921875
-166785.69140625
-152589.71484375
-135606.4453125
-115863.421875
-93519.265625
-68889.078125
-42464.95703125
-14929.90625
12839.83203125
39792.109375
64743.94140625
86459.140625
103755.76953125
115631.91015625
121389.8984375
120735.109375
113827.05078125
101268.375
84029.93359375
63323.5546875
40445.75
16621.23046875
-7125.89453125
-30053.03515625
-51723.5234375
-71978.359375
-90869.0390625
-108570.3203125
-125291.8203125
-141203.0
-156379.8046875
-170775.19921875
-184211.7578125
-196392.921875
-206930.0234375
-215382.98046875
-221312.97265625
-224343.80078125
-224225.86328125
-220893.62890625
-214505.46484375
-205455.58203125
-194351.59375
-181957.77734375
-169111.484375
-156626.44921875
-145200.1015625
-135341.0546875
-127328.23046875
-121205.83984375
-116810.37890625
-113819.9140625
-111812.609375
-110322.30078125
-108882.4921875
-107055.29296875
-104446.8515625
-100714.1640625
-95569.07421875
-88784.2265625
-80203.11328125
-69753.83984375
-57464.13671875
-43474.69140625
-28048.03125
-11571.34765625
5447.7109375
22392.8046875
38559.0546875
53182.72265625
65481.28125
74703.4453125
80186.56640625
81415.8515625
78077.6640625
70098.19140625
57660.18359375
41193.921875
21343.359375
-1086.609375
-25192.53125
-50034.21484375
-74687.87890625
-98286.4765625
-120047.81640625
-139294.9921875
-155474.9375
-168179.765625
-177171.9296875
-182409.671875
-184065.65234375
-182530.0703125
-178391.0859375
-172389.35546875
-165349.18359375
-158094.14453125
-151359.0703125
-145711.65234375
-141495.5546875
-138803.55078125
-137484.43359375
-137182.52734375
-137404.36328125
-137603.77734375
-137274.38671875
-136037.39453125
-133712.65625
-130362.234375
-126298.5859375
-122053.83203125
-118312.32421875
-115814.6875
-115246.984375
-117131.83203125
-121738.5390625
-129026.3046875
-138628.4296875
-149878.3671875
-161871.26953125
-173549.8828125
-183801.640625
-191555.16015625
-195867.56640625
-195998.27734375
-191467.7421875
-182100.68359375
-168052.1640625
-149812.55078125
-128185.5859375
-104234.328125
-79193.35546875
-54352.515625
-30925.61328125
-9924.63671875
7936.8046875
22289.83984375
33094.3359375
40562.12890625
45035.77734375
46851.2734375
46218.7734375
43152.58984375
37470.21875
28863.51953125
17026.5234375
1809.41015625
-16639.4453125
-37780.20703125
-60663.24609375
-83995.6953125
-106284.06640625
-126027.8984375
-141928.91796875
-153077.3828125
-159082.34765625
-160123.5390625
-156917.23828125
-150603.4296875
-142574.23046875
-134272.12109375
-126989.69140625
-121700.7265625
-118945.86328125
-118786.65625
-120830.6015625
-124319.36328125
-128263.47265625
-131601.4296875
-133359.26953125
-132788.5
-129465.16796875
-123339.51953125
-114733.328125
-104288.8359375
-92879.2265625
-81494.48828125
-71118.59765625
-62614.01953125
-56627.671875
-53529.046875
-53386.57421875
-55982.9140625
-60864.4609375
-67416.0625
-74948.80078125
-82787.984375
-90349.625
-97196.6484375
-103069.99609375
-107893.6484375
-111756.15234375
-114873.2734375
-117537.703125
-120062.17578125
-122722.41796875
-125706.4921875
-129077.25
-132754.24609375
-136520.39453125
-140055.74609375
-142996.58203125
-145012.43359375
-145888.12109375
-145593.8671875
-144325.78125
-142502.26171875
-140709.48046875
-139599.92578125
-139759.421875
-141567.671875
-145082.08984375
-149972.93359375
-155529.14453125
-160740.65625
-164446.8203125
-165526.47265625
-163095.55859375
-156676.37890625
-146307.87109375
-132578.1484375
-116575.30859375
-99767.046875
-83830.7421875
-70461.421875
-61185.01953125
-57199.7421875
-59261.0859375
-67617.921875
-82000.37890625
-101655.12109375
-125420.67578125
-151833.76171875
-179256.73046875
-206015.265625
-230534.9296875
-251464.625
-267775.484375
-278825.2734375
-284381.7265625
-284602.609375
-279975.8671875
-271228.64453125
-259218.83203125
-244825.48046875
-228854.9609375
-211976.9453125
-194698.80078125
-177379.2890625
-160274.12890625
-143598.59375
-127588.2265625
-112538.5859375
-98810.19140625
-86793.45703125
-76839.78125
-69174.80859375
-63816.8125
-60523.91796875
-58788.49609375
-57886.58984375
-56976.84765625
-55231.00390625
-51969.58984375
-46774.296875
-39553.15234375
-30545.07421875
-20263.515625
-9391.95703125
1346.5859375
11319.83984375
20092.15625
27489.03125
33613.2109375
38815.859375
43634.48046875
48713.79296875
54725.9453125
62302.91015625
71988.0234375
84207.546875
99258.0859375
117303.4921875
138375.3984375
162374.15234375
189070.85546875
218114.30859375
249048.1484375
281342.44921875
314440.68359375
347818.34375
381045.125
413839.7265625
446106.34375
477944.66015625
509630.28125
541568.5078125
574229.6796875
608077.67578125
643503.75
680775.7265625
720008.60546875
761157.76171875
804031.50390625
848316.71484375
893610.02734375
939447.4296875
985327.0625
1030722.640625
1075087.63671875
1117853.1171875
1158423.81640625
1196178.19921875
1230477.9765625
1260691.3046875
1286231.5078125
1306609.87890625
1321497.66796875
1330789.21484375
1334655.9609375
1333580.625
1328362.078125
1320084.6484375
1310050.30859375
1299677.6796875
1290377.29296875
1283417.1484375
1279795.33984375
1280136.84375
1284629.1875
1293006.609375
1304585.43359375
1318345.7734375
1333047.609375
1347364.49609375
1360016.33203125
1369884.28515625
1376095.42578125
1378070.8203125
1375537.2578125
1368507.59375
1357237.73828125
1342168.625
1323860.49609375
1302925.05078125
1279959.8671875
1255489.15234375
1229915.82421875
1203490.4765625
1176302.92578125
1148299.86328125
1119328.3515625
1089199.359375
1057760.3828125
1024962.40234375
990906.26171875
955856.8515625
920220.6328125
884490.62109375
849171.328125
814701.73828125
781395.296875
749411.9140625
718768.80078125
689386.5390625
661157.23828125
634015.19921875
607989.4453125
583221.9296875
559944.32421875
538417.48828125
518848.25390625
501304.7734375
485653.1015625
471532.81640625
458380.47265625
445497.98828125
432152.6484375
417688.2890625
401625.32421875
383730.7734375
364046.96875
342877.1796875
320735.0859375
298271.328125
276192.4921875
255186.421875
235863.17578125
218715.59765625
204098.03125
192218.66015625
183139.66796875
176780.8359375
172924.453125
171222.43359375
171208.34765625
172317.8125
173919.4296875
175356.10546875
175993.66796875
175271.0
172744.63671875
168120.9765625
161271.26171875
152227.69140625
141162.4296875
128354.33984375
114149.95703125
98925.2734375
83053.5703125
66882.42578125
50720.59375
34833.7265625
19446.96875
4752.3515625
-9080.69921875
-21892.98046875
-33522.49609375
-43792.5
-52502.984375
-59428.421875
-64324.7109375
-66947.1875
-67079.98046875
-64574.70703125
-59394.31640625
-51655.98828125
-41666.14453125
-29940.41015625
-17202.48046875
-4357.625
7560.66796875
17468.9140625
24330.796875
27263.52734375
25640.34375
19174.65234375
7972.07421875
-7459.86328125
-26248.53515625
-47236.19921875
-69092.46875
-90442.8046875
-109993.94921875
-126638.4921875
-139525.30078125
-148089.56640625
-152043.828125
-151338.0
-146100.98828125
-136578.01171875
-123076.83984375
-105932.80078125
-85497.77734375
-62153.16015625
-36341.34765625
-8606.03515625
20371.5703125
49754.23828125
78559.40234375
105705.5703125
130093.25390625
150710.70703125
166746.890625
177689.6796875
183387.765625
184060.5390625
180250.9453125
172728.91015625
162364.421875
149996.76953125
136327.09765625
121855.5
106872.3125
91499.8046875
75768.0703125
59701.37109375
43390.20703125
27029.91015625
10917.109375
-4592.34765625
-19149.62890625
-32482.4609375
-44446.625
-55043.40234375
-64396.51171875
-72693.40234375
-80105.6640625
-86709.58203125
-92428.37890625
-97013.125
-100070.04296875
-101130.765625
-99751.82421875
-95622.2734375
-88656.3515625
-79051.07421875
-67296.4140625
-54135.80078125
-40484.79296875
-27323.6484375
-15583.28125
-6043.67578125
740.5625
4479.48828125
5150.96484375
2972.97265625
-1645.82421875
-8166.671875
-15982.4921875
-24473.19140625
-33049.5546875
-41183.7890625
-48427.1328125
-54416.9375
-58876.76953125
-61613.62109375
-62515.98828125
-61555.3984375
-58792.01171875
-54382.4375
-48585.6953125
-41761.5
-34355.25
-26865.78125
-19795.62890625
-13588.3671875
-8562.04296875
-4851.22265625
-2370.61328125
-810.92578125
327.71484375
1666.79296875
3854.06640625
7457.07421875
12863.46484375
20205.30078125
29320.3671875
39756.76171875
50819.78125
61653.26171875
71342.94140625
79027.109375
84000.0625
85795.92578125
84243.5
79486.50390625
71967.1875
62374.97265625
51565.4296875
40458.40625
29927.078125
20691.9296875
13233.9765625
7740.03125
4088.80859375
1881.14453125
510.70703125
-734.8125
-2557.34375
-5534.96875
-10029.4375
-16129.640625
-23640.46484375
-32119.203125
-40953.89453125
-49470.796875
-57052.98828125
-63249.76171875
-67857.53125
-70957.6484375
-72903.8125
-74260.80859375
-75705.19921875
-77905.38671875
-81402.40625
-86512.05078125
-93264.87890625
-101393.125
-110365.0703125
-119459.40234375
-127866.0078125
-134796.9296875
-139591.23046875
-141800.29296875
-141244.2734375
-138034.8125
-132563.2265625
-125456.6328125
-117507.03515625
-109580.61328125
-102516.84375
-97028.94140625
-93618.8671875
-92519.76171875
-93676.60546875
-96770.62109375
-101285.74609375
-106607.22265625
-112134.83984375
-117389.25
-122089.76171875
-126187.37109375
-129846.05859375
-133376.65234375
-137138.1953125
-141428.7890625
-146389.89453125
-151944.5859375
-157782.31640625
-163392.75390625
-168141.58984375
-171373.87109375
-172526.890625
-171234.6015625
-167408.171875
-161281.5078125
-153415.1015625
-144656.02734375
-136056.1875
-128755.45703125
-123841.25
-122200.8515625
-124386.53515625
-130514.79296875
-140218.5546875
-152664.58203125
-166638.1328125
-180685.0703125
-193290.87109375
-203068.7421875
-208927.33984375
-210193.1015625
-206671.42578125
-198642.80078125
-186801.640625
-172154.04296875
-155894.55078125
-139281.2890625
-123524.08203125
-109694.02734375
-98656.9375
-91029.08203125
-87152.1171875
-87084.5546875
-90608.77734375
-97253.97265625
-106335.42578125
-117009.5859375
-128341.84765625
-139381.64453125
-149237.58984375
-157144.95703125
-162518.78515625
-164988.03125
-164408.8125
-160857.19921875
-154604.19921875
-146076.75
-135809.73828125
-124394.62109375
-112430.765625
-100485.5078125
-89068.08203125
-78620.37890625
-69524.29296875
-62121.609375
-56738.859375
-53707.60546875
-53371.171875
-56071.6171875
-62115.99609375
-71726.51953125
-84983.9375
-101775.90625
-121761.2578125
-144357.67578125
-168755.37109375
-193954.42578125
-218820.2421875
-242150.8046875
-262750.50390625
-279507.703125
-291474.73046875
-297948.7890625
-298549.953125
-293288.09375
-282606.75
-267389.875
-248919.19140625
-228776.0546875
-208691.3984375
-190358.5859375
-175233.7890625
-164354.1875
-158203.98828125
-156651.70703125
-158970.3359375
-163938.12890625
-170004.10546875
-175492.5078125
-178815.84765625
-178667.203125
-174168.484375
-164960.17578125
-151227.61328125
-133667.234375
-113402.1015625
-91859.34375
-70623.28515625
-51278.01953125
-35252.76953125
-23683.00390625
-17300.12109375
-16361.44921875
-20630.33203125
-29411.64453125
-41642.01171875
-56026.31640625
-71204.19921875
-85923.91015625
-99197.82421875
-110414.92578125
-119391.625
-126351.97265625
-131840.546875
-136583.21875
-141320.7109375
-146644.75390625
-152866.0078125
-159936.8828125
-167441.76171875
-174654.74609375
-180652.87890625
-184463.6484375
-185220.7578125
-182302.58984375
-175432.6796875
-164729.8125
-150704.62890625
-134208.4375
-116346.31640625
-98369.76953125
-81564.28515625
-67144.48828125
-56165.68359375
-49456.2109375
-47571.56640625
-50769.16796875
-59001.75
-71927.55859375
-88936.11328125
-109188.37890625
-131669.8046875
-155253.65234375
-178770.46875
-201078.765625
-221131.38671875
-238032.94921875
-251085.3359375
-259819.95703125
-264017.203125
-263713.9921875
-259199.80859375
-251000.3515625
-239846.71875
-226627.6015625
-212323.6796875
-197926.44921875
-184348.37890625
-172335.7109375
-162397.9609375
-154768.02734375
-149402.78125
-146026.98828125
-144214.359375
-143491.171875
-143442.1640625
-143797.12890625
-144480.4296875
-145613.8671875
-147473.58984375
-150412.12890625
-154763.828125
-160754.8828125
-168436.78125
-177655.33984375
-188058.66796875
-199138.3984375
-210292.09765625
-220892.015625
-230346.6015625
-238145.81640625
-243887.2578125
-247285.72265625
-248172.546875
-246491.76171875
-242298.3125
-235760.0546875
-227161.328125
-216903.125
-205494.1953125
-193528.6484375
-181649.01953125
-170497.390625
-160660.91015625
-152619.91796875
-146707.0625
-143083.95703125
-141738.421875
-142501.41796875
-145079.02734375
-149092.2734375
-154116.8203125
-159715.6953125
-165460.859375
-170943.0625
-175772.9375
-179579.01171875
-182009.1640625
-182741.3125
-181506.3671875
-178122.80078125
-172538.39453125
-164871.40625
-155441.96484375
-144784.43359375
-133633.84375
-122882.75
-113509.7734375
-106485.71484375
-102667.82421875
-102696.07421875
-106906.93359375
-115279.23828125
-127423.2265625
-142617.71875
-159892.50390625
-178144.95703125
-196272.96875
-213302.83984375
-228491.41015625
-241386.8515625
-251841.015625
-259976.19140625
-266117.671875
-270709.2265625
-274229.3125
-277122.55859375
-279754.57421875
-282390.73828125
-285193.6953125
-288231.1640625
-291485.984375
-294863.42578125
-298194.95703125
-301241.49609375
-303700.9375
-305224.234375
-305441.6015625
-303996.87890625
-300584.984375
-294985.73046875
-287087.94921875
-276900.25
-264548.19140625
-250260.9296875
-234352.390625
-217202.09765625
-199239.1328125
-180929.6171875
-162765.3125
-145248.82421875
-128870.921875
-114077.4140625
-101226.6953125
-90543.17578125
-82075.41015625
-75669.359375
-70966.58203125
-67433.6640625
-64424.10546875
-61267.625
-57376.01953125
-52350.2890625
-46071.59765625
-38759.4765625
-30983.94140625
-23624.5546875
-17777.0859375
-14617.234375
-15238.734375
-20488.94921875
-30827.48046875
-46230.984375
-66160.95703125
-89601.203125
-115160.1484375
-141222.421875
-166126.6328125
-188343.140625
-206627.73046875
-220133.09765625
-228468.3515625
-231705.13671875
-230335.9296875
-225194.25390625
-217348.6640625
-207982.48046875
-198270.98828125
-189267.26953125
-181807.5
-176445.5234375
-173424.515625
-172689.390625
-173938.14453125
-176703.97265625
-180454.21484375
-184688.95703125
-189021.8984375
-193229.89453125
-197263.9609375
-201222.5
-205295.03515625
-209689.90234375
-214561.69140625
-219952.8828125
-225760.23046875
-231730.7421875
-237486.37109375
-242571.46484375
-246513.87109375
-248889.54296875
-249381.08203125
-247823.21484375
-244230.8359375
-238808.5546875
-231942.83984375
-224179.41796875
-216188.8671875
-208723.078125
-202564.5703125
-198470.3125
-197112.1953125
-199017.55859375
-204515.03515625
-213692.6953125
-226376.13671875
-242133.0546875
-260307.59375
-280082.78515625
-300563.5234375
-320867.52734375
-340209.05859375
-357960.703125
-373682.96875
-387118.390625
-398155.1640625
-406772.1328125
-412981.078125
-416781.71875
-418140.4921875
-416996.64453125
-413291.3359375
-407008.96875
-398217.1640625
-387093.1015625
-373928.7734375
-359114.421875
-343105.83203125
-326385.48828125
-309428.28125
-292680.171875
-276553.11328125
-261433.96875
-247700.48828125
-235734.953125
-225926.46875
-218656.05078125
-214263.15625
-212997.6484375
-214965.35546875
-220078.17578125
-228019.81640625
-238236.46484375
-249957.578125
-262247.03515625
-274079.61328125
-284433.0546875
-292383.1875
-297188.58984375
-298352.78125
-295655.22265625
-289147.3671875
-279115.12109375
-266014.2734375
-250389.1328125
-232786.97265625
-213681.1953125
-193414.33984375
-172168.95703125
-149969.59375
-126714.10546875
-102227.56640625
-76328.21875
-48892.9140625
-19909.953125
10490.23046875
42031.55859375
74315.71484375
106867.3671875
139192.5703125
170840.1328125
201456.6484375
230827.99609375
258903.34375
285800.9296875
311797.16796875
337302.3046875
362826.34765625
388939.16015625
416228.30859375
445257.98046875
476531.6484375
510460.52734375
547338.92578125
587326.41015625
630436.17578125
676528.875
725311.93359375
776345.96875
829061.28125
882788.15625
936803.6484375
990394.51171875
1042931.41015625
1093944.3671875
1143185.74609375
1190666.0078125
1236650.55859375
1281612.8515625
1326148.26171875
1370862.8671875
1416258.26171875
1462635.8125
1510040.0390625
1558251.96875
1606831.2421875
1655193.93359375
1702704.66796875
1748759.234375
1792837.953125
1834519.83203125
1873459.4921875
1909340.13671875
1941822.39453125
1970509.3828125
1994942.50390625
2014632.34765625
2029117.78125
2038037.62109375
2041195.296875
2038599.19921875
2030468.71875
2017205.80859375
1999341.4296875
1977472.2734375
1952204.28515625
1924115.671875
1893744.69140625
1861599.19140625
1828178.0
1793991.21875
1759567.24609375
1725439.34765625
1692111.23046875
1660007.94140625
1629423.30078125
1600476.70703125
1573090.40234375
1546993.77734375
1521755.140625
1496835.7109375
1471656.015625
1445663.1640625
1418388.18359375
1389485.5859375
1358751.8125
1326123.609375
1291661.125
1255522.45703125
1217936.38671875
1179178.578125
1139553.58203125
1099382.51171875
1058993.9375
1018714.8671875
978859.2421875
939713.11328125
901517.75
864453.7265625
828629.84765625
794080.0859375
760770.21875
728613.32421875
697491.2421875
667277.57421875
637857.76171875
609142.71484375
581074.52734375
553624.91015625
526788.74609375
500575.94140625
475004.51171875
450096.67578125
425878.07421875
402378.9140625
379634.84765625
357685.6171875
336570.23828125
316319.1953125
296945.43359375
278437.2890625
260756.49609375
243843.60546875
227631.1796875
212062.41015625
197110.5859375
182792.98046875
169173.19921875
156347.8515625
144417.5859375
133447.33203125
123425.05078125
114231.0234375
105629.30078125
97289.09765625
88837.12890625
79933.9609375
70359.9453125
60091.9609375
49352.0234375
38613.54296875
28559.30078125
19995.8125
13738.09765625
10485.83984375
10713.74609375
14596.1640625
21978.7109375
32400.15625
45157.81640625
59401.78515625
74238.83984375
88826.66015625
102442.7109375
114519.29296875
124644.390625
132536.05859375
138003.71484375
140911.83203125
141159.78125
138685.8125
133495.30078125
125705.0625
115589.1640625
103608.9453125
90412.3828125
76794.625
63621.578125
51728.72265625
41815.421875
34357.94921875
29561.49609375
27362.5390625
27480.578125
29505.4375
32996.96484375
37570.453125
42945.2109375
48944.0859375
55445.96875
62307.375
69278.83203125
75944.703125
81709.4609375
85841.65625
87571.1015625
86220.390625
81341.66015625
72827.015625
60966.15625
46436.09375
30222.64453125
13487.41796875
-2595.3515625
-17002.96484375
-29001.453125
-38234.28515625
-44750.71875
-48972.62890625
-51608.58203125
-53531.28515625
-55638.98046875
-58722.0625
-63353.98046875
-69820.28125
-78092.7109375
-87847.765625
-98521.9921875
-109391.16796875
-119658.29296875
-128536.1171875
-135313.609375
-139401.18359375
-140355.1875
-137886.58984375
-131861.20703125
-122298.45703125
-109373.2890625
-93422.16796875
-74950.1875
-54633.453125
-33309.34375
-11947.8984375
8400.3515625
26680.89453125
41932.015625
53392.64453125
60607.12890625
63509.4765625
62468.99609375
58282.25390625
52103.19140625
45313.73828125
39349.26953125
35504.56640625
34753.06640625
37613.08984375
44087.88671875
53692.71484375
65564.3125
78630.49609375
91804.26953125
104161.8046875
115068.20703125
124228.11328125
131656.59375
137584.828125
142329.265625
146159.6875
149198.7734375
151375.3515625
152438.4140625
152023.78515625
149753.6640625
145343.828125
138694.3203125
129945.76171875
119492.4609375
107952.68359375
96103.42578125
84791.515625
74834.18359375
66921.97265625
61535.52734375
58886.1015625
58887.63671875
61165.4921875
65103.171875
69923.1171875
74792.140625
78936.796875
81750.73828125
82876.109375
82244.4921875
80069.6953125
76793.38671875
72993.12890625
69269.13671875
66129.52734375
63893.24609375
62625.83984375
62116.98828125
61901.33203125
61317.74609375
59597.30078125
55967.44921875
49759.33984375
40505.9453125
28020.4453125
12446.6015625
-5724.67578125
-25675.40234375
-46316.6953125
-66376.890625
-84513.4921875
-99437.44921875
-110036.1796875
-115481.0234375
-115306.5546875
-109452.45703125
-98263.484375
-82448.3125
-63003.1015625
-41109.62890625
-18020.4296875
5055.3671875
27052.4609375
47124.6171875
64686.6328125
79419.09765625
91237.1953125
100230.125
106582.69921875
110493.94921875
112108.671875
111475.95703125
108543.98046875
103193.3203125
95303.10546875
84837.00390625
71930.80859375
56961.76171875
40581.80859375
23703.06640625
7432.46484375
-7037.76171875
-18567.80859375
-26214.02734375
-29354.36328125
-27773.5546875
-21693.46484375
-11744.04296875
1118.56640625
15730.55859375
30853.90234375
45302.03515625
58039.63671875
68246.03515625
75341.38671875
78982.57421875
79041.01171875
75575.046875
68806.796875
59107.69921875
46991.46484375
33108.66015625
18235.55078125
3250.71875
-10904.03125
-23278.46484375
-32980.796875
-39251.21875
-41535.22265625
-39549.79296875
-33335.46484375
-23287.3359375
-10158.28515625
4971.32421875
20760.98046875
35713.74609375
48310.23828125
57160.41796875
61155.140625
59596.328125
52285.09375
39551.61328125
22219.11328125
1504.60546875
-21129.99609375
-44154.3203125
-66146.6484375
-85945.2890625
-102752.73828125
-116180.296875
-126231.359375
-133231.9609375
-137725.1171875
-140349.578125
-141723.65234375
-142351.0390625
-142559.41015625
-142475.45703125
-142033.52734375
-141010.51171875
-139077.3125
-135857.2734375
-130983.984375
-124153.2734375
-115166.98046875
-103967.50390625
-90662.53515625
-75538.5625
-59060.515625
-41854.0703125
-24667.671875
-8313.7734375
6407.1875
18791.33984375
28311.45703125
34677.21875
37861.859375
38086.74609375
35764.25390625
31409.20703125
25537.83984375
18577.609375
10809.9296875
2360.3828125
-6760.80859375
-16578.46875
-27053.78125
-37994.23046875
-48997.6484375
-59447.57421875
-68564.43359375
-75503.21875
-79477.45703125
-79883.7578125
-76402.3671875
-69056.109375
-58220.40234375
-44587.4453125
-29095.78515625
-12839.9453125
3025.7265625
17378.7421875
29210.328125
37695.84765625
42253.7265625
42591.69140625
38736.64453125
31042.16796875
20167.109375
7021.3671875
-7320.0703125
-21726.80859375
-35132.48046875
-46646.34765625
-55639.796875
-61795.15234375
-65111.63671875
-65871.86328125
-64579.28515625
-61880.81640625
-58488.68359375
-55111.73828125
-52401.109375
-50909.671875
-51061.54296875
-53127.59765625
-57205.0234375
-63202.62890625
-70836.4453125
-79641.31640625
-89002.34375
-98206.2734375
-106508.0390625
-113203.73046875
-117699.46484375
-119566.6484375
-118577.453125
-114718.65234375
-108185.84765625
-99362.26953125
-88786.44140625
-77111.66796875
-65058.64453125
-53361.78515625
-42710.875
-33692.0625
-26735.09765625
-22075.65625
-19740.875
-19562.96484375
-21219.828125
-24295.32421875
-28346.453125
-32962.92578125
-37806.43359375
-42622.71484375
-47227.20703125
-51472.671875
-55212.2890625
-58272.875
-60449.75
-61528.30859375
-61329.171875
-59766.4375
-56903.6796875
-52991.3828125
-48472.47265625
-43949.20703125
-40112.8671875
-37646.12890625
-37114.67578125
-38868.0078125
-42968.9375
-49166.6484375
-56920.6953125
-65473.7109375
-73961.58984375
-81542.578125
-87523.234375
-91459.734375
-93217.89453125
-92982.8046875
-91218.13671875
-88583.48046875
-85824.38671875
-83652.83203125
-82635.75390625
-83106.36328125
-85108.45703125
-88378.79296875
-92367.79296875
-96294.94921875
-99232.23828125
-100206.8359375
-98312.78125
-92820.5
-83272.640625
-69555.58984375
-51937.640625
-31068.15234375
-7936.08203125
16208.703125
39963.51171875
61898.47265625
80685.984375
95219.96875
104712.5625
108759.1953125
107366.77734375
100944.10546875
90257.0078125
76353.90234375
60469.41015625
43915.1328125
27967.44921875
13762.35546875
2206.859375
-6084.765625
-10824.08203125
-12048.17578125
-10087.28125
-5505.421875
977.3515625
8570.6171875
16496.140625
24057.796875
30692.0
35995.2109375
39728.625
41803.14453125
42249.66015625
41180.7109375
38749.67578125
35112.99609375
30400.08984375
24694.265625
18026.6796875
10383.96484375
1728.6953125
-7969.6015625
-18696.41015625
-30351.82421875
-42713.328125
-55407.48046875
-67896.359375
-79483.703125
-89344.35546875
-96578.0234375
-100285.3359375
-99660.2109375
-94088.6328125
-83240.95703125
-67143.1015625
-46213.13671875
-21253.33984375
6605.91015625
36006.140625
65492.24609375
93656.62890625
119273.8125
141404.24609375
159451.40234375
173164.94921875
182593.27734375
187998.4296875
189753.48046875
188244.81640625
183799.046875
176647.265625
166929.67578125
154733.83984375
140152.31640625
123342.1171875
104569.7265625
84230.8203125
62841.296875
41003.90234375
19359.97265625
-1461.94921875
-20890.51953125
-38442.78515625
-53740.90234375
-66517.2421875
-76612.8046875
-83973.58203125
-88647.41796875
-90781.0625
-90614.87890625
-88471.83984375
-84738.48046875
-79837.75390625
-74196.48828125
-68212.40625
-62226.4296875
-56505.20703125
-51236.66015625
-46538.20703125
-42474.61328125
-39080.0859375
-36378.625
-34397.15234375
-33168.0703125
-32720.53125
-33062.9140625
-34161.390625
-35921.19921875
-38177.0390625
-40697.5
-43205.24609375
-45410.86328125
-47054.375
-47945.7578125
-47994.94921875
-47223.41015625
-45753.04296875
-43773.4921875
-41494.171875
-39091.84375
-36666.26171875
-34215.53515625
-31638.73046875
-28767.05859375
-25417.8984375
-21459.87109375
-16873.46484375
-11791.453125
-6507.203125
-1445.73828125
2898.875
6048.078125
7627.49609375
7440.19921875
5507.6953125
2068.8515625
-2463.6328125
-7579.83984375
-12765.46484375
-17590.77734375
-21776.80859375
-25225.9296875
-28012.10546875
-30335.39453125
-32452.375
-34598.61328125
-36919.796875
-39425.453125
-41974.1171875
-44292.578125
-46025.71875
-46808.29296875
-46346.1015625
-44492.3828125
-41305.45703125
-37076.1953125
-32318.6953125
-27723.578125
-24079.953125
-22177.77734375
-22705.64453125
-26159.2265625
-32772.6484375
-42479.79296875
-54906.58984375
-69390.6953125
-85022.328125
-100700.453125
-115200.6484375
-127253.5234375
-135633.77734375
-139258.9140625
-137292.83203125
-129244.640625
-115048.75
-95110.46484375
-70303.8671875
-41915.1328125
-11533.953125
19094.140625
48233.6796875
74318.35546875
96079.71875
112628.02734375
123477.703125
128520.89453125
127962.1484375
122233.56640625
111910.95703125
97648.2265625
80139.84375
60112.12890625
38335.25390625
15641.76171875
-7064.765625
-28824.4296875
-48666.04296875
-65680.60546875
-79112.1953125
-88449.14453125
-93496.046875
-94410.08203125
-91692.04296875
-86131.96875
-78718.7578125
-70530.1484375
-62622.359375
-55937.1171875
-51238.0234375
-49080.40234375
-49810.82421875
-53586.3203125
-60400.79296875
-70106.92578125
-82426.234375
-96945.89453125
-113107.1484375
-130194.73046875
-147338.6640625
-163538.45703125
-177715.4296875
-188792.4140625
-195793.4453125
-197949.828125
-194795.89453125
-186237.41015625
-172579.33984375
-154506.09765625
-133015.72265625
-109317.73046875
-84710.83984375
-60460.12109375
-37692.3671875
-17323.87890625
-27.60546875
13761.9765625
23815.171875
30058.25
32524.19921875
31314.82421875
26580.5078125
18517.34375
7375.875
-6527.37890625
-22804.05859375
-40998.953125
-60606.484375
-81094.5078125
-101928.765625
-122591.375
-142589.32421875
-161453.4296875
-178732.13671875
-193987.37890625
-206799.41015625
-216785.13671875
-223630.08984375
-227129.53515625
-227230.89453125
-224068.2421875
-217980.47265625
-209507.51171875
-199362.3671875
-188380.44140625
-177450.4296875
-167433.37109375
-159078.0859375
-152942.4140625
-149330.39453125
-148255.25390625
-149436.32421875
-152334.51171875
-156225.25
-160301.43359375
-163792.4140625
-166080.73046875
-166797.0625
-165876.703125
-163567.15625
-160385.10546875
-157029.84765625
-154267.5625
-152805.0703125
-153172.3125
-155630.16796875
-160115.484375
-166229.39453125
-173269.296875
-180300.0078125
-186255.57421875
-190060.12109375
-190753.82421875
-187609.0625
-180222.0
-168567.27734375
-153008.0
-134259.625
-113313.36328125
-91331.50390625
-69531.140625
-49073.8359375
-30976.01953125
-16049.23828125
-4872.31640625
2209.04296875
5064.01171875
3749.7265625
-1516.1484375
-10379.13671875
-22367.91015625
-36913.70703125
-53373.3671875
-71058.8203125
-89273.01171875
-107348.91796875
-124685.90234375
-140777.11328125
-155223.15625
-167730.5625
-178097.30078125
-186191.1328125
-191928.30078125
-195260.02734375
-196171.8125
-194696.87109375
-190940.375
-185107.296875
-177523.91796875
-168643.0625
-159025.30859375
-149293.54296875
-140064.5390625
-131868.05078125
-125069.02734375
-119810.671875
-115993.8515625
-113301.78125
-111269.1484375
-109383.8125
-107200.02734375
-104437.265625
-101040.16796875
-97183.18359375
-93216.2265625
-89562.66796875
-86593.5546875
-84509.37109375
-83259.78515625
-82523.5078125
-81755.62109375
-80293.2734375
-77495.93359375
-72888.0625
-66271.6015625
-57783.59375
-47887.8125
-37305.10546875
-26900.8203125
-17556.109375
-10050.94140625
-4981.0234375
-2720.20703125
-3427.49609375
-7087.23828125
-13564.1875
-22653.95703125
-34113.26953125
-47661.890625
-62957.296875
-79551.43359375
-96844.7734375
-114054.86328125
-130214.91796875
-144212.51171875
-154871.015625
-161067.58984375
-161873.4609375
-156695.9765625
-145398.95703125
-128378.75390625
-106578.71875
-81433.515625
-54745.96875
-28510.5859375
-4707.65625
14902.609375
28956.03125
36605.90234375
37575.30078125
32138.01171875
21038.015625
5367.0
-13576.1640625
-34420.80859375
-55837.26171875
-76618.2265625
-95728.87890625
-112332.99609375
-125805.75390625
-135743.046875
-141972.9921875
-144569.10546875
-143859.0
-140419.015625
-135045.21875
-128694.9375
-122399.453125
-117155.9375
-113813.1484375
-112969.2109375
-114899.3828125
-119527.65625
-126448.50390625
-134996.26171875
-144351.109375
-153664.48046875
-162183.84375
-169357.875
-174907.2578125
-178852.4375
-181496.8515625
-183370.078125
-185140.46484375
-187509.66015625
-191103.0859375
-196370.3515625
-203508.66796875
-212419.8359375
-222707.76171875
-233718.28515625
-244616.78125
-254492.6640625
-262474.6328125
-267837.87890625
-270085.6640625
-268992.50390625
-264604.16015625
-257198.6328125
-247220.0234375
-235201.78125
-221696.0859375
-207222.4375
-192241.8671875
-177156.12109375
-162325.05859375
-148092.25
-134808.37109375
-122844.04296875
-112587.29296875
-104424.3671875
-98705.90625
-95702.7890625
-95557.7734375
-98240.328125
-103512.97265625
-110917.5234375
-119788.28515625
-129296.1015625
-138522.2734375
-146555.3046875
-152597.69140625
-156066.0859375
-156667.40625
-154436.57421875
-149728.02734375
-143161.6328125
-135532.29296875
-127699.328125
-120474.98828125
-114530.7734375
-110335.8125
-108134.234375
-107960.52734375
-109684.41015625
-113071.8046875
-117846.6875
-123740.24609375
-130518.3671875
-137984.83203125
-145963.8984375
-154271.19921875
-162684.23828125
-170923.015625
-178647.9140625
-185476.45703125
-191015.36328125
-194899.96875
-196831.99609375
-196607.87890625
-194133.89453125
-189428.89453125
-182619.54296875
-173934.5546875
-163703.44140625
-152361.3671875
-140456.83984375
-128654.359375
-117722.12890625
-108496.05078125
-101816.2734375
-98439.72265625
-98939.83203125
-103610.6953125
-112394.88671875
-124851.578125
-140174.73828125
-157261.3125
-174819.45703125
-191499.28515625
-206025.1953125
-217310.484375
-224540.8046875
-227220.97265625
-225187.7109375
-218596.12109375
-207889.625
-193761.05859375
-177108.7109375
-158986.44140625
-140544.73828125
-122959.65625
-107350.265625
-94689.96875
-85722.265625
-80893.859375
-80317.4140625
-83771.74609375
-90740.5
-100483.0703125
-112125.75
-124758.28125
-137521.765625
-149677.2421875
-160649.33984375
-170044.25
-177644.87890625
-183388.1328125
-187329.6484375
-189601.31640625
-190366.71484375
-189779.9453125
-187953.76171875
-184942.87890625
-180747.0703125
-175335.5546875
-168689.9140625
-160857.64453125
-152004.58984375
-142452.765625
-132691.953125
-123358.17578125
-115179.71875
-108898.7421875
-105182.67578125
-104542.2421875
-107271.3046875
-113418.4921875
-122792.95703125
-134998.79296875
-149486.81640625
-165610.19140625
-182671.9375
-199957.453125
-216751.734375
-232347.12890625
-246051.4140625
-257206.12109375
-265221.93359375
-269631.8203125
-270155.80859375
-266765.33984375
-259732.23046875
-249647.80859375
-237402.33203125
-224121.94140625
-211068.57421875
-199515.80078125
-190618.44921875
-185295.28515625
-184141.625
-187383.20703125
-194875.03515625
-206141.20703125
-220445.0
-236874.71875
-254429.98046875
-272095.73828125
-288896.3359375
-303928.05859375
-316374.5703125
-325513.53515625
-330724.0390625
-331502.5546875
-327490.9921875
-318514.578125
-304622.375
-286119.5703125
-263580.46484375
-237833.66796875
-209916.2734375
-181000.28515625
-152300.4375
-124976.65625
-100045.37109375
-78311.9765625
-60332.1875
-46404.41796875
-36589.64453125
-30751.05078125
-28603.58984375
-29763.63671875
-33790.9921875
-40218.58203125
-48568.80078125
-58358.64453125
-69098.125
-80287.51171875
-91418.85546875
-101985.85546875
-111503.8515625
-119539.1328125
-125743.94140625
-129891.703125
-131905.953125
-131877.1171875
-130062.93359375
-126871.328125
-122827.390625
-118528.87109375
-114596.0859375
-111622.15625
-110128.453125
-110528.25390625
-113099.6953125
-117967.8828125
-125095.82421875
-134284.32421875
-145182.0234375
-157307.23046875
-170082.75
-182883.0703125
-195090.56640625
-206154.234375
-215642.33984375
-223279.890625
-228963.67578125
-232751.51953125
-234827.5078125
-235450.1015625
-234893.5
-233393.8984375
-231110.6796875
-228108.76953125
-224363.42578125
-219784.01171875
-214249.875
-207650.16015625
-199919.9609375
-191067.40625
-181188.84765625
-170471.703125
-159186.06640625
-147666.859375
-136288.484375
-125434.12109375
-115462.20703125
-106673.6328125
-99284.0625
-93406.34765625
-89047.25
-86120.82421875
-84477.328125
-83942.8984375
-84361.6875
-85630.6875
-87717.87890625
-90657.96484375
-94525.05078125
-99387.9453125
-105259.04296875
-112050.7109375
-119552.69921875
-127439.953125
-135313.4609375
-142768.47265625
-149477.09765625
-155267.609375
-160181.80859375
-164495.58203125
-168694.703125
-173407.10546875
-179301.9765625
-186972.73828125
-196824.50390625
-208985.6640625
-223258.6015625
-239117.421875
-255752.25
-272152.4375
-287215.4765625
-299865.96484375
-309169.07421875
-314425.44921875
-315238.16796875
-311546.6328125
-303626.12890625
-292055.03515625
-277654.14453125
-261404.4921875
-244351.5703125
-227505.13671875
-211744.55078125
-197739.80078125
-185897.2578125
-176336.8046875
-168903.25
-163210.2265625
-158709.85546875
-154777.60546875
-150799.453125
-146248.67578125
-140742.09765625
-134070.07421875
-126199.5390625
-117254.50390625
-107481.6015625
-97209.69140625
-86811.68359375
-76674.3359375
-67178.34375
-58687.89453125
-51546.578125
-46075.484375
-42569.56640625
-41289.828125
-42450.4609375
-46201.9453125
-52612.33203125
-61649.6796875
-73168.55078125
-86903.05859375
-102468.1171875
-119369.5078125
-137022.35546875
-154776.6640625
-171947.80859375
-187849.3984375
-201826.08203125
-213284.14453125
-221718.7265625
-226737.484375
-228081.25390625
-225642.68359375
-219483.234375
-209847.8203125
-197174.51953125
-182095.2109375
-165422.0546875
-148115.17578125
-131228.91796875
-115837.6328125
-102946.19140625
-93394.6640625
-87769.4609375
-86334.01171875
-88990.55078125
-95280.26171875
-104423.76171875
-115397.53515625
-127036.734375
-138150.94921875
-147638.23828125
-154583.875
-158333.31640625
-158533.640625
-155142.49609375
-148408.0703125
-138826.75
-127086.2109375
-114001.5078125
-100449.7265625
-87306.85546875
-75388.51171875
-65395.8203125
-57868.28125
-53147.3359375
-51355.953125
-52400.26953125
-55997.65625
-61731.77734375
-69129.41796875
-77747.9140625
-87257.40234375
-97500.9921875
-108518.8203125
-120528.81640625
-133866.09765625
-148892.2265625
-165892.39453125
-184981.421875
-206037.4765625
-228676.3046875
-252270.23828125
-276007.3671875
-298979.00390625
-320279.19140625
-339099.26171875
-354802.55078125
-366969.0703125
-375405.78125
-380124.27734375
-381293.33203125
-379177.85546875
-374077.96875
-366281.546875
-356040.47265625
-343575.5859375
-329108.6328125
-312912.8125
-295368.37890625
-277007.5625
-258534.1875
-240808.2734375
-224792.828125
-211468.07421875
-201725.38671875
-196257.84375
-195465.625
-199392.40234375
-207703.80078125
-219712.11328125
-234443.69140625
-250738.734375
-267368.0390625
-283149.0625
-297044.63671875
-308231.6171875
-316133.2734375
-320416.59375
-320962.515625
-317821.96484375
-311171.703125
-301281.90234375
-288501.7890625
-273262.875
-256092.68359375
-237627.55078125
-218612.2421875
-199876.98046875
-182288.2890625
-166677.12890625
-153754.42578125
-144028.4296875
-137739.52734375
-134825.7734375
-134927.43359375
-137431.95703125
-141553.765625
-146437.14453125
-151266.5859375
-155367.41796875
-158281.3359375
-159805.4453125
-159989.9296875
-159096.50390625
-157526.86328125
-155735.609375
-154144.46875
-153073.74609375
-152702.51171875
-153062.35546875
-154061.98046875
-155533.36328125
-157286.12890625
-159156.421875
-161039.2890625
-162899.0625
-164758.36328125
-166671.71484375
-168692.8515625
-170845.19921875
-173102.76953125
-175385.0859375
-177565.9453125
-179492.73046875
-181011.6328125
-181994.3828125
-182362.8515625
-182109.4453125
-181311.7109375
-180139.73046875
-178854.390625
-177794.39453125
-177350.37109375
-177926.3515625
-179891.46484375
-183527.99609375
-188984.2734375
-196241.421875
-205101.5234375
-215200.69140625
-226045.5859375
-237066.7109375
-247678.5
-257335.171875
-265573.51171875
-272037.94921875
-276488.640625
-278797.73046875
-278941.421875
-276995.078125
-273135.43359375
-267649.43359375
-260944.5078125
-253552.24609375
-246116.9765625
-239363.4609375
-234042.66015625
-230860.11328125
-230396.359375
-233031.43359375
-238885.48046875
-247784.82421875
-259258.62109375
-272566.26953125
-286751.8125
-300719.01953125
-313319.6953125
-323448.03125
-330134.34375
-332631.80078125
-330489.64453125
-323605.8828125
-312252.296875
-297065.65625
-279001.78125
-259253.54296875
-239139.39453125
-219974.6015625
-202941.1796875
-188973.9921875
-178678.3984375
-172289.9609375
-169679.71875
-170401.1953125
-173769.0234375
-178955.33984375
-185089.18359375
-191346.05078125
-197018.58203125
-201563.75
-204626.01171875
-206038.796875
-205808.15625
-204083.02734375
-201116.4296875
-197221.7890625
-192728.94921875
-187944.59765625
-183122.046875
-178444.5234375
-174024.49609375
-169918.63671875
-166154.6875
-162763.48046875
-159807.46484375
-157397.33203125
-155690.890625
-154872.62890625
-155117.76953125
-156549.2890625
-159199.35546875
-162986.58984375
-167717.55859375
-173115.15234375
-178869.9609375
-184704.1953125
-190433.921875
-196014.49609375
-201557.234375
-207311.2421875
-213612.15625
-220806.74609375
-229167.97265625
-238816.9609375
-249667.0625
-261400.41796875
-273480.8828125
-285200.46484375
-295750.84375
-304308.234375
-310119.28125
-312577.05078125
-311279.36328125
-306064.9375
-297025.8046875
-284496.875
-269024.87109375
-251320.22265625
-232196.66796875
-212504.67578125
-193066.2578125
-174619.3515625
-157779.515625
-143024.27734375
-130701.37109375
-121056.95703125
-114274.67578125
-110513.0234375
-109927.79296875
-112669.26953125
-118849.9140625
-128486.19140625
-141426.1484375
-157279.94140625
-175372.4765625
-194734.640625
-214142.94140625
-232208.14453125
-247503.796875
-258717.61328125
-264803.99609375
-265115.421875
-259493.73828125
-248308.6171875
-232438.140625
-213194.234375
-192202.515625
-171250.91796875
-152124.4765625
-136444.23828125
-125527.17578125
-120280.9296875
-121142.91015625
-128068.0546875
-140563.84375
-157765.8984375
-178543.12890625
-201618.73046875
-225692.34375
-249549.8515625
-272149.74609375
-292678.9375
-310575.03515625
-325516.6875
-337387.54296875
-346222.73828125
-352148.84765625
-355328.85546875
-355922.3984375
-354068.328125
-349892.08203125
-343534.65234375
-335195.1328125
-325175.05859375
-313912.1328125
-301992.91015625
-290138.91015625
-279166.71484375
-269928.5
-263243.66015625
-259833.12109375
-260266.0390625
-264924.3046875
-273985.16015625
-287418.1875
-304990.9765625
-326278.6875
-350675.41015625
-377409.0390625
-405563.984375
-434116.609375
-461986.21875
-488100.1796875
-511466.93359375
-531246.7421875
-546808.79296875
-557765.09375
-563976.4921875
-565532.25
-562710.66015625
-555931.73828125
-545713.4375
-532639.71484375
-517343.0625
-500497.91015625
-482816.26953125
-465035.1484375
-447887.22265625
-432051.79296875
-418090.41015625
-406378.8203125
-397051.35546875
-389974.15625
-384758.93359375
-380820.25
-377468.85546875
-374024.04296875
-369922.4140625
-364800.2890625
-358533.0234375
-351224.7578125
-343154.2421875
-334692.65625
-326215.3359375
-318028.7265625
-310327.9453125
-303190.1484375
-296598.15234375
-290480.66015625
-284751.83984375
-279335.48046875
-274165.7578125
-269165.80078125
-264213.87890625
-259112.16796875
-253573.57421875
-247237.78515625
-239719.89453125
-230685.8125
-219940.66015625
-207511.375
-193703.8671875
-179118.5546875
-164614.828125
-151224.07421875
-140020.21875
-131964.80859375
-127749.4453125
-127660.140625
-131486.49609375
-138492.54296875
-147457.5703125
-156784.55859375
-164663.51171875
-169268.19140625
-168959.453125
-162467.37890625
-149027.859375
-128456.59375
-101153.34765625
-68039.76953125
-30443.2265625
10054.21484375
51780.05859375
93127.875
132689.66796875
169353.296875
202361.015625
231330.453125
256243.07421875
277406.73828125
295398.6015625
310993.53515625
325082.13671875
338582.35546875
352349.7421875
367093.51171875
383307.41015625
401225.4765625
420811.53125
441787.5625
463700.1328125
486016.9453125
508238.83203125
530008.09375
551193.078125
571932.1640625
592627.203125
613886.03515625
636423.203125
660936.28125
687979.51171875
717856.55078125
750549.8203125
785696.33984375
822611.125
860351.08984375
897806.5703125
933805.26953125
967214.36328125
997029.9453125
1022447.5234375
1042911.49609375
1058144.25390625
1068156.69921875
1073241.4375
1073949.08984375
1071047.4375
1065463.59375
1058211.18359375
1050306.84765625
1042683.16015625
1036106.60546875
1031109.59765625
1027944.125
1026561.84765625
1026622.203125
1027527.12890625
1028478.6171875
1028554.2265625
1026795.16015625
1022301.23828125
1014326.5078125
1002368.1171875
986239.45703125
966117.39453125
942553.6171875
916442.40625
888942.0390625
861354.296875
834974.578125
810932.45703125
790046.95703125
772720.83203125
758893.1640625
748060.203125
739362.33203125
731722.86328125
724014.79296875
715226.65234375
704599.3984375
691712.51953125
676507.765625
659251.0703125
640444.3515625
620707.52734375
600654.98046875
580789.87109375
561434.49609375
542706.31640625
524539.48046875
506742.328125
489074.48828125
471324.21484375
453367.73828125
435197.89453125
416917.30078125
398700.3984375
380736.27734375
363168.85546875
346051.19921875
329327.046875
312845.40625
296405.94921875
279825.1953125
263008.64453125
246012.42578125
229080.44140625
212648.00390625
197310.0
183758.53515625
172700.88671875
164772.23828125
160458.5625
160042.87109375
163583.515625
170926.734375
181748.64453125
195615.921875
212050.58984375
230584.20703125
250790.34765625
272290.76953125
294738.7421875
317790.109375
341076.63671875
364195.87890625
386726.79296875
408272.234375
428520.58203125
447311.56640625
464688.69140625
480922.44921875
496495.1484375
512047.03515625
528292.30078125
545919.97265625
565497.4140625
587392.55078125
611726.40234375
638361.21875
666923.4609375
696856.01953125
727490.90625
758132.34375
788139.84375
817001.21875
844386.82421875
870177.95703125
894465.44921875
917518.40625
939727.765625
961533.671875
983348.8125
1005490.58984375
1028132.953125
1051284.48046875
1074793.67578125
1098377.20703125
1121663.125
1144239.9609375
1165703.96484375
1185699.51953125
1203951.1796875
1220288.0234375
1234661.82421875
1247159.48828125
1258008.3828125
1267571.26171875
1276326.91796875
1284833.77734375
1293676.484375
1303399.4921875
1314435.515625
1327039.46875
1341239.296875
1356813.44140625
1373300.921875
1390044.7421875
1406263.35546875
1421139.81640625
1433914.421875
1443965.65234375
1450865.828125
1454402.61328125
1454564.02734375
1451492.265625
1445417.953125
1436590.7109375
1425221.93359375
1411452.1328125
1395348.0625
1376926.68359375
1356195.62890625
1333195.7109375
1308031.35546875
1280879.6875
1251976.76953125
1221587.9296875
1189975.09375
1157375.86328125
1124005.53515625
1090085.4296875
1055891.20703125
1021805.99609375
988358.640625
956228.4921875
926205.33203125
899104.359375
875648.703125
856342.16796875
841359.66796875
830480.81640625
823083.703125
818202.8671875
814641.828125
811119.046875
806420.47265625
799532.17578125
789733.296875
776639.6875
760199.69140625
740652.36328125
718463.0859375
694251.54296875
668723.203125
642609.890625
616619.72265625
591393.7890625
567466.7109375
545230.7109375
524906.21875
506525.0390625
489932.7578125
474815.16015625
460748.93359375
447271.23828125
433957.375
420492.6875
406724.75
392685.21484375
378576.65234375
364726.93359375
351520.35546875
339319.375
328392.3515625
318861.01171875
310676.82421875
303629.359375
297383.33203125
291535.8359375
285682.25390625
279478.7265625
272691.0546875
265223.46484375
257125.12890625
248576.53515625
239860.8671875
231327.19921875
223352.15625
216305.18359375
210520.41015625
206275.62109375
203777.12890625
203148.484375
204421.3671875
207528.0078125
212296.04296875
218447.828125
225606.5
233310.3828125
241035.7734375
248226.16015625
254324.48828125
258804.55078125
261198.20703125
261116.96484375
258268.203125
252468.03515625
243652.71875
231889.546875
217385.71875
200491.4921875
181692.6640625
161588.046875
140850.58984375
120175.11328125
100220.2265625
81555.3203125
64623.796875
49730.76171875
37057.484375
26697.5390625
18702.98828125
13125.08203125
10034.6015625
9511.94140625
11605.6875
16268.35546875
23286.23046875
32224.765625
42409.6171875
52956.640625
62852.86328125
71078.02734375
76745.4375
79234.82421875
78290.390625
74064.0078125
67095.265625
58233.234375
48516.65625
39036.32421875
30804.72265625
24653.375
21169.85546875
20676.5078125
23244.45703125
28731.23828125
36829.28125
47114.66796875
59089.890625
72218.6796875
85954.19921875
99763.234375
113148.25
125667.7890625
136953.6328125
146722.12890625
154777.08203125
161002.59375
165346.33203125
167795.87890625
168352.8046875
167010.40234375
163741.04296875
158497.70703125
151231.5703125
141923.7734375
130625.421875
117496.7578125
102834.921875
87081.015625
70800.9375
54640.30078125
39259.984375
25264.03125
13133.73046875
3180.55078125
-4474.01953125
-9890.18359375
-13277.83984375
-14950.515625
-15275.99609375
-14633.01953125
-13379.203125
-11830.85546875
-10251.62890625
-8845.52734375
-7750.5859375
-7032.00390625
-6676.2578125
-6589.64453125
-6604.796875
-6497.19140625
-6010.9296875
-4890.58203125
-2914.1171875
78.09375
4162.12109375
9318.8671875
15432.00390625
22293.9296875
29618.0390625
37055.84765625
44218.109375
50699.3515625
56104.8671875
60078.6484375
62329.796875
62654.7578125
60953.02734375
57235.03515625
51622.28125
44340.90234375
35710.33203125
26128.421875
16053.65234375
5984.0234375
-3567.96875
-12104.73828125
-19176.70703125
-24417.2890625
-27576.70703125
-28551.140625
-27404.03515625
-24376.8203125
-19887.3203125
-14514.578125
-8969.23046875
-4049.08203125
-580.6328125
650.74609375
-1023.609375
-6083.078125
-14758.8125
-26999.53125
-42469.99609375
-60584.8828125
-80573.4453125
-101563.6015625
-122669.421875
-143065.359375
-162034.26953125
-178983.46875
-193431.7734375
-204978.2734375
-213268.02734375
-217969.93359375
-218777.71484375
-215437.5234375
-207797.6640625
-195869.1328125
-179882.2734375
-160324.97265625
-137951.68359375
-113758.2578125
-88923.91015625
-64727.10546875
-42445.69140625
-23253.03125
-8121.43359375
2257.46484375
7528.16015625
7697.78515625
3131.5703125
-5482.453125
-17196.578125
-30888.85546875
-45362.8359375
-59451.6953125
-72115.765625
-82522.95703125
-90103.50390625
-94573.9765625
-95929.9296875
-94411.01171875
-90446.2734375
-84589.23046875
-77452.48828125
-69649.44140625
-61747.390625
-54232.578125
-47484.92578125
-41759.1953125
-37170.20703125
-33682.375
-31106.78515625
-29111.40625
-27249.921875
-25012.37109375
-21895.6171875
-17485.80078125
-11539.3046875
-4045.9140625
4741.359375
14320.23046875
23999.01171875
32994.796875
40553.578125
46070.37890625
49186.734375
49847.20703125
48304.89453125
45076.28515625
40855.79296875
36407.37890625
32453.73046875
29581.90234375
28179.125
28405.1171875
30199.84765625
33319.8203125
37392.53515625
41978.2578125
46629.703125
50942.95703125
54595.86328125
57372.53125
59174.11328125
60016.94140625
60019.8125
59382.55078125
58358.7265625
57225.77734375
56255.94140625
55690.8984375
55722.015625
56476.6796875
58010.203125
60301.8828125
63254.3359375
66695.75390625
70386.02734375
74028.27734375
77287.23828125
79814.85546875
81281.44921875
81408.8984375
80000.671875
76963.2109375
72314.2890625
66176.07421875
58753.76171875
50303.33984375
41094.26953125
31373.8203125
21339.3203125
11123.0078125
791.8203125
-9638.48046875
-20177.921875
-30830.9453125
-41565.5625
-52289.53515625
-62839.0390625
-72983.0625
-82443.76171875
-90929.953125
-98177.9296875
-103992.04296875
-108277.06640625
-111055.34375
-112464.4140625
-112734.15234375
-112146.65234375
-110985.5
-109483.93359375
-107782.42578125
-105905.41015625
-103763.91796875
-101186.3046875
-97973.453125
-93969.2265625
-89132.5859375
-83595.921875
-77695.6171875
-71965.36328125
-67089.75
-63823.47265625
-62888.3984375
-64865.1015625
-70096.55078125
-78619.0625
-90130.70703125
-104001.10546875
-119320.3515625
-134980.13671875
-149776.98046875
-162525.96875
-172173.25390625
-177895.92578125
-179179.015625
-175861.0546875
-168142.3671875
-156554.078125
-141890.7890625
-125115.1484375
-107247.265625
-89254.80859375
-71959.8359375
-55975.640625
-41681.25
-29234.125
-18614.35546875
-9688.046875
-2274.66796875
3796.00390625
8647.90625
12347.8359375
14917.26953125
16358.52734375
16684.31640625
15940.0
14211.890625
11620.5078125
8303.5859375
4397.51171875
26.4296875
-4694.69921875
-9642.44921875
-14658.41015625
-19524.23046875
-23950.046875
-27585.37890625
-30055.50390625
-31018.7734375
-30233.76953125
-27621.5859375
-23309.0703125
-17642.78515625
-11170.0546875
-4589.80859375
1318.953125
5780.66015625
8107.890625
7777.984375
4493.55859375
-1779.44140625
-10801.46875
-22080.46875
-34925.11328125
-48526.2265625
-62056.8046875
-74775.4609375
-86114.86328125
-95737.26953125
-103544.5390625
-109639.359375
-114245.48828125
-117604.98046875
-119876.5859375
-121059.71875
-120962.703125
-119223.56640625
-115379.34765625
-108968.9296875
-99647.453125
-87288.85546875
-72056.66015625
-54430.82421875
-35187.375
-15335.85546875
3974.47265625
21565.91015625
36347.21875
47420.046875
54167.203125
56315.3515625
53966.77734375
47596.53515625
38013.61328125
26287.63671875
13646.70703125
1356.140625
-9408.3828125
-17677.64453125
-22780.6328125
-24399.4375
-22581.14453125
-17707.3359375
-10428.296875
-1573.73828125
7946.078125
17235.69140625
25495.93359375
32085.37109375
36559.23046875
38686.390625
38446.46484375
36009.41796875
31700.21484375
25951.015625
19244.4453125
12052.796875
4779.98046875
-2286.07421875
-9002.88671875
-15378.92578125
-21553.15234375
-27750.7578125
-34222.1796875
-41175.7578125
-48716.203125
-56800.19921875
-65217.71484375
-73603.03515625
-81474.375
-88295.87890625
-93552.09765625
-96822.86328125
-97846.5625
-96561.828125
-93121.4609375
-87877.19140625
-81338.7734375
-74115.16015625
-66847.87890625
-60147.125
-54539.0625
-50429.234375
-48082.6328125
-47617.1953125
-49005.5
-52079.6484375
-56536.8203125
-61946.60546875
-67764.77734375
-73359.828125
-78057.61328125
-81205.48046875
-82251.2421875
-80826.20703125
-76816.81640625
-70408.41015625
-62087.8203125
-52598.328125
-42849.96484375
-33797.22265625
-26303.60546875
-21015.48046875
-18266.44921875
-18028.09375
-19914.59375
-23239.75390625
-27116.59375
-30583.5390625
-32738.1875
-32859.41015625
-30501.36328125
-25547.59375
-18219.59765625
-9040.81640625
1236.8359375
11731.7265625
21541.38671875
29845.765625
35991.01171875
39544.1484375
40314.2734375
38341.765625
33861.64453125
27250.51953125
18967.5625
9499.1328125
-685.64453125
-11164.3515625
-21574.87890625
-31615.5859375
-41036.31640625
-49626.08984375
-57203.296875
-63613.08984375
-68734.6015625
-72497.390625
-74903.3671875
-76047.81640625
-76131.87890625
-75459.82421875
-74417.375
-73432.01171875
-72921.01171875
-73236.8828125
-74621.45703125
-77178.37890625
-80869.7578125
-85536.828125
-90938.82421875
-96799.98046875
-102853.15625
-108870.26953125
-114673.77734375
-120129.0078125
-125122.125
-129532.14453125
-133206.4921875
-135948.2421875
-137519.89453125
-137664.2109375
-136138.58203125
-132756.3203125
-127426.85546875
-120187.2421875
-111219.3671875
-100850.01953125
-89534.23046875
-77824.73046875
-66332.0078125
-55679.734375
-46459.6875
-39188.8515625
-34270.4453125
-31959.8046875
-32336.52734375
-35285.19140625
-40487.99609375
-47433.26171875
-55442.94921875
-63720.1953125
-71414.7734375
-77700.64453125
-81857.1171875
-83343.5
-81857.7265625
-77371.41015625
-70137.1171875
-60666.94921875
-49684.671875
-38055.82421875
-26701.91796875
-16505.8828125
-8217.109375
-2365.20703125
807.89453125
1388.3671875
-203.7734375
-3247.296875
-6789.8125
-9749.18359375
-11035.7578125
-9681.734375
-4963.0078125
3500.4296875
15677.14453125
31098.1015625
48876.35546875
67772.84375
86304.36328125
102884.91015625
115987.0078125
124305.29296875
126902.375
123317.1875
113619.87890625
98404.2734375
78718.38671875
55943.29296875
31638.6953125
7378.2578125
-15402.3125
-35525.53515625
-52149.30078125
-64797.83203125
-73350.9765625
-78001.56640625
-79192.71875
-77546.5078125
-73792.890625
-68704.8359375
-63042.859375
-57510.203125
-52719.0703125
-49167.63671875
-47227.38671875
-47139.4609375
-49017.95703125
-52857.21484375
-58539.890625
-65843.078125
-74441.54296875
-83909.1953125
-93722.63671875
-103271.9375
-111884.140625
-118863.06640625
-123545.39453125
-125368.38671875
-123940.22265625
-119100.89453125
-110961.35546875
-99911.25390625
-86590.86328125
-71829.56640625
-56559.79296875
-41719.8359375
-28160.65234375
-16569.98828125
-7422.76953125
-961.125
2798.01171875
4033.61328125
3076.921875
360.78125
-3632.28125
-8418.9296875
-13557.4453125
-18680.828125
-23517.8359375
-27900.0
-31754.4921875
-35085.203125
-37947.26171875
-40421.7734375
-42597.3046875
-44561.9609375
-46405.64453125
-48227.6796875
-50142.32421875
-52274.95703125
-54745.3359375
-57640.109375
-60982.5234375
-64710.71484375
-68675.4140625
-72662.8125
-76440.578125
-79816.46875
-82693.5234375
-85104.6015625
-87213.7109375
-89280.109375
-91591.5859375
-94382.12890625
-97754.01953125
-101623.6796875
-105705.234375
-109536.765625
-112544.9921875
-114136.0625
-113795.75390625
-111181.359375
-106190.234375
-98994.53125
-90037.59375
-79993.19921875
-69693.82421875
-60037.93359375
-51888.7421875
-45977.45703125
-42823.37890625
-42680.48046875
-45516.515625
-51026.11328125
-58674.7265625
-67766.5859375
-77526.953125
-87187.8671875
-96066.86328125
-103629.515625
-109529.26953125
-113620.9453125
-115947.81640625
-116705.68359375
-116190.5859375
-114739.1875
-112672.03125
-110249.2578125
-107645.87890625
-104949.6953125
-102180.140625
-99321.81640625
-96363.296875
-93330.90625
-90308.6015625
-87438.76171875
-84903.6171875
-82891.59765625
-81556.71875
-80980.3359375
-81144.03125
-81919.44140625
-83077.2109375
-84313.16796875
-85286.88671875
-85665.98828125
-85169.32421875
-83603.05859375
-80885.15234375
-77055.5078125
-72270.64453125
-66783.421875
-60909.984375
-54988.05078125
-49332.6171875
-44196.55078125
-39743.890625
-36042.2109375
-33076.83203125
-30784.83203125
-29101.30078125
-28006.3359375
-27559.74609375
-27912.45703125
-29289.05078125
-31943.0859375
-36094.40625
-41862.796875
-49214.21875
-57933.39453125
-67630.890625
-77785.265625
-87813.5234375
-97157.4609375
-105370.70703125
-112191.265625
-117586.88671875
-121764.66015625
-125141.33984375
-128276.44140625
-131775.63671875
-136177.3046875
-141839.1328125
-148844.03125
-156943.68359375
-165553.8984375
-173808.0390625
-180664.62109375
-185054.5390625
-186044.66796875
-182989.85546875
-175646.2734375
-164225.26953125
-149377.5546875
-132110.29296875
-113651.6953125
-95286.72265625
-78191.83203125
-63295.57421875
-51185.9921875
-42076.46484375
-35830.99609375
-32039.7890625
-30128.33203125
-29478.90625
-29543.30078125
-29928.734375
-30445.2421875
-31110.140625
-32112.92578125
-33750.0625
-36343.5703125
-40158.68359375
-45334.99609375
-51842.09765625
-59465.984375
-67826.8125
-76423.26953125
-84694.55859375
-92088.58984375
-98124.85546875
-102442.65234375
-104829.18359375
-105226.875
-103723.44140625
-100531.1640625
-95962.47265625
-90407.21484375
-84314.01953125
-78174.421875
-72505.73046875
-67827.578125
-64628.50390625
-63321.79296875
-64194.10546875
-67354.015625
-72690.30859375
-79850.27734375
-88246.55078125
-97097.28125
-105499.5546875
-112530.06640625
-117361.84765625
-119381.41796875
-118288.4296875
-114160.25390625
-107467.34375
-99032.09765625
-89932.74609375
-81363.9609375
-74474.5703125
-70208.5
-69175.56640625
-71574.19140625
-77178.26953125
-85388.328125
-95334.69140625
-106011.10546875
-116412.9140625
-125655.44140625
-133054.99609375
-138164.69921875
-140767.7890625
-140839.21484375
-138490.90234375
-133915.9140625
-127343.30859375
-119009.49609375
-109146.33203125
-97981.7421875
-85746.93359375
-72684.80859375
-59056.43359375
-45144.86328125
-31257.32421875
-17726.89453125
-4913.80078125
6795.671875
16995.84375
25277.4375
31254.38671875
34600.49609375
35091.18359375
32642.5390625
27338.71484375
19439.94140625
9366.6875
-2339.37109375
-15072.07421875
-28225.359375
-41254.375
-53722.0859375
-65323.484375
-75884.140625
-85335.08203125
-93670.6640625
-100899.65234375
-107000.92578125
-111894.1796875
-115432.7578125
-117420.875
-117651.86328125
-115959.04296875
-112267.546875
-106634.71875
-99268.96875
-90521.8671875
-80854.34375
-70783.96484375
-60824.43359375
-51429.80078125
-42954.15625
-35633.12890625
-29587.93359375
-24847.484375
-21380.5546875
-19128.80859375
-18033.01171875
-18047.73828125
-19143.63671875
-21299.55859375
-24488.80078125
-28664.265625
-33746.34375
-39615.85546875
-46112.359375
-53036.91015625
-60157.3515625
-67214.43359375
-73927.51953125
-79999.7734375
-85123.7421875
-88989.203125
-91295.2109375
-91768.24609375
-90186.8359375
-86411.75
-80418.625
-72328.421875
-62430.02734375
-51189.265625
-39239.95703125
-27354.671875
-16396.046875
-7252.43359375
-764.48046875
2348.98828125
1557.06640625
-3433.15625
-12648.09375
-25843.3984375
-42523.21484375
-61979.171875
-83343.18359375
-105647.47265625
-127885.4765625
-149069.1796875
-168280.328125
-184715.1015625
-197723.02734375
-206840.97265625
-211821.95703125
-212656.73828125
-209584.28515625
-203086.07421875
-193859.65625
-182768.9609375
-170772.53515625
-158835.48828125
-147835.13671875
-138473.41015625
-131209.5859375
-126224.6015625
-123423.37109375
-122474.65625
-122881.1015625
-124066.21875
-125462.07421875
-126582.0234375
-127066.640625
-126697.72265625
-125382.44140625
-123116.19140625
-119936.640625
-115881.90625
-110963.2578125
-105157.72265625
-98420.234375
-90710.1953125
-82024.03515625
-72425.04296875
-62062.9921875
-51179.31640625
-40096.82421875
-29196.1875
-18883.33984375
-9553.0859375
-1554.09375
4840.3515625
9452.6015625
12210.1875
13144.375
12378.78515625
10110.33984375
6585.4375
2074.7734375
-3150.12109375
-8836.046875
-14761.5
-20743.9921875
-26642.28515625
-32355.6875
-37823.015625
-43023.80078125
-47983.16015625
-52780.0
-57555.71875
-62518.6875
-67938.45703125
-74124.58984375
-81387.6328125
-89984.24609375
-100053.703125
-111557.00390625
-124231.9140625
-137575.62109375
-150862.19140625
-163195.30078125
-173589.578125
-181068.73828125
-184766.15234375
-184014.64453125
-178415.75390625
-167883.28515625
-152660.01171875
-133308.6875
-110679.21484375
-85853.65234375
-60070.5703125
-34631.8671875
-10797.85546875
10319.83984375
27855.09765625
41260.37109375
50345.109375
55273.58984375
56523.4453125
54812.6875
51007.8984375
46027.359375
40750.99609375
35944.68359375
32201.671875
29900.359375
29176.421875
29908.4609375
31718.9453125
33994.74609375
35932.4453125
36612.01171875
35098.0
30561.52734375
22409.69140625
10404.359375
-5249.90234375
-23867.23828125
-44304.21484375
-65050.4921875
-84380.79296875
-100552.640625
-112025.703125
-117673.453125
-116956.5078125
-110030.12890625
-97765.890625
-81678.25390625
-63759.98828125
-46243.90625
-31320.6953125
-20851.3203125
-16116.12109375
-17639.578125
-25120.05078125
-37477.98046875
-53016.83984375
-69671.80078125
-85305.37109375
-98001.08984375
-106307.31640625
-109393.81640625
-107101.82421875
-99889.390625
-88693.69921875
-74745.52734375
-59375.86328125
-43850.0078125
-29252.44140625
-16430.00390625
-5985.96875
1692.80078125
6397.06640625
8063.1796875
6758.11328125
2681.94140625
-3820.45703125
-12251.6640625
-21971.02734375
-32229.8984375
-42234.24609375
-51228.28125
-58586.21484375
-63895.91796875
-67018.5390625
-68111.859375
-67611.671875
-66172.6640625
-64577.4296875
-63627.49609375
-64032.7265625
-66315.3984375
-70741.86328125
-77289.99609375
-85654.44140625
-95286.0703125
-105457.58203125
-115344.5546875
-124110.63671875
-130986.80078125
-135336.89453125
-136704.5390625
-134839.1953125
-129701.69140625
-121451.125
-110416.828125
-97060.00390625
-81930.49609375
-65624.484375
-48748.19921875
-31891.359375
-15611.5546875
-428.0390625
13179.08203125
24769.73046875
33949.81640625
40385.42578125
43825.12890625
44127.06640625
41285.08203125
35447.7734375
26925.5546875
16183.63671875
3821.65234375
-9457.37109375
-22885.62890625
-35674.73828125
-47065.23046875
-56381.76953125
-63093.62109375
-66876.65625
-67668.90234375
-65707.71484375
-61535.296875
-55962.0625
-49984.39453125
-44663.15625
-40979.68359375
-39693.2578125
-41226.3359375
-45599.44921875
-52428.13671875
-60981.58203125
-70290.3203125
-79281.62109375
-86917.66796875
-92314.1953125
-94824.06640625
-94079.40234375
-89994.84375
-82740.93359375
-72699.91015625
-60415.765625
-46547.61328125
-31830.94921875
-17046.83984375
-2995.46875
9531.48046875
19784.8671875
27101.3515625
30954.921875
31010.65625
27170.85546875
19601.46484375
8727.77734375
-4806.91015625
-20218.75390625
-36686.83984375
-53465.3984375
-69982.60546875
-85904.765625
-101150.48828125
-115849.72265625
-130254.75
-144621.26171875
-159085.2890625
-173563.37109375
-187699.2890625
-200871.3046875
-212261.546875
-220976.4921875
-226196.96875
-227329.8671875
-224132.8203125
-216787.4921875
-205906.08984375
-192467.5703125
-177692.55078125
-162877.24609375
-149214.25
-137630.875
-128672.68359375
-122451.8828125
-118668.38671875
-116698.13671875
-115731.24609375
-114934.05078125
-113605.94140625
-111304.3359375
-107918.421875
-103682.79296875
-99133.2265625
-95016.359375
-92171.3984375
-91404.26953125
-93373.1015625
-98499.5234375
-106914.5078125
-118441.30859375
-132612.94921875
-148717.8515625
-165864.91015625
-183058.6953125
-199275.734375
-213534.5234375
-224953.86328125
-232796.78515625
-236499.796875
-235689.26953125
-230188.01171875
-220015.28125
-205382.90234375
-186688.61328125
-164506.35546875
-139572.0390625
-112762.5859375
-85066.3515625
-57543.61328125
-31276.765625
-7311.16015625
13411.42578125
30123.2421875
42299.73828125
49720.63671875
52514.265625
51175.875
46551.5625
39782.40625
32208.74609375
25241.2109375
20212.0625
18225.7734375
20030.109375
25927.4296875
35740.2109375
48836.37109375
64210.1484375
80605.49609375
96662.81640625
111067.546875
122680.8046875
130637.2265625
134402.0390625
133786.37109375
128925.828125
120231.18359375
108321.45703125
93949.33984375
77927.109375
61058.984375
44083.984375
27631.80078125
12193.109375
-1895.1171875
-14449.8515625
-25429.51953125
-34911.921875
-43066.5078125
-50125.203125
-56354.93359375
-62033.41796875
-67427.625
-72772.90625
-78250.64453125
-83963.63671875
-89911.1484375
-95968.6640625
-101879.3984375
-107264.72265625
-111658.06640625
-114562.03515625
-115522.35546875
-114207.04296875
-110475.87109375
-104425.66796875
-96400.7265625
-86964.5
-76836.55078125
-66805.953125
-57637.0234375
-49984.32421875
-44331.14453125
-40959.953125
-39955.78515625
-41236.3359375
-44597.1015625
-49757.7734375
-56397.52734375
-64171.7265625
-72709.37890625
-81597.70703125
-90365.3828125
-98477.65625
-105354.328125
-110415.17578125
-113149.36328125
-113197.09375
-110426.0546875
-104983.80078125
-97310.51171875
-88104.15234375
-78239.94921875
-68656.03515625
-60224.62109375
-53631.5546875
-49285.703125
-47273.84375
-47367.8203125
-49080.640625
-51759.10546875
-54694.06640625
-57227.16796875
-58835.203125
-59179.1484375
-58113.72265625
-55662.3359375
-51969.38671875
-47245.65625
-41721.6171875
-35618.68359375
-29141.21484375
-22484.8671875
-15851.6640625
-9460.90625
-3547.5390625
1655.125
5945.01953125
9185.1015625
11331.1015625
12444.12109375
12683.02734375
12276.70703125
11480.9765625
10528.14453125
9578.34765625
8680.8515625
7751.61328125
6570.92578125
4802.2421875
2030.93359375
-2180.98828125
-8230.59765625
-16408.79296875
-26843.9296875
-39463.703125
-53982.390625
-69916.37890625
-86625.83984375
-103375.58203125
-119404.80859375
-133994.41015625
-146522.0
-156498.15234375
-163581.66015625
-167575.67578125
-168409.5625
-166112.87109375
-160787.9921875
-152587.1171875
-141697.75
-128339.05078125
-112769.51953125
-95304.265625
-76338.234375
-56369.6328125
-36016.72265625
-16020.62890625
2772.14453125
19451.2578125
33108.1484375
42921.19921875
48251.05078125
48732.83203125
44349.69921875
35472.3828125
22852.44921875
7563.203125
-9109.4765625
-25814.58203125
-41301.1875
-54575.23046875
-65020.44140625
-72460.50390625
-77149.4375
-79690.58203125
-80898.85546875
-81632.90625
-82630.06640625
-84376.41015625
-87036.30859375
-90452.625
-94213.296875
-97766.03125
-100553.6484375
-102140.078125
-102301.24609375
-101064.9765625
-98696.28515625
-95636.47265625
-92413.296875
-89543.4921875
-87447.89453125
-86394.22265625
-86474.84765625
-87618.89453125
-89631.08203125
-92245.62109375
-95182.10546875
-98191.78515625
-101086.22265625
-103744.9375
-106103.3828125
-108126.5625
-109776.1171875
-110979.13671875
-111605.85546875
-111460.640625
-110287.37890625
-107787.265625
-103645.07421875
-97559.32421875
-89272.75390625
-78601.0859375
-65459.6171875
-49887.78515625
-32071.05859375
-12357.5625
8735.265625
30530.09375
52220.4140625
72925.1171875
91764.1953125
107947.49609375
120863.70703125
130154.640625
135761.15625
137931.48828125
137189.34765625
134266.2265625
130008.18359375
125270.80078125
120816.60546875
117227.32421875
114840.18359375
113713.69140625
113625.17578125
114099.9765625
114470.1875
113959.21484375
111786.15234375
107281.33984375
100001.45703125
89829.9921875
77047.6640625
62358.47265625
46860.703125
31958.80859375
19220.5390625
10193.1015625
6200.421875
8149.41015625
16374.72265625
30548.05859375
49670.03515625
72150.52734375
95969.79296875
118899.5
138752.8515625
153628.0859375
162110.66796875
163406.62109375
157390.8828125
144568.6640625
125961.5078125
102940.98046875
77039.47265625
49768.7265625
22472.3828125
-3769.8828125
-28180.0625
-50266.03125
-69766.25
-86574.4609375
-100664.76953125
-112034.45703125
-120675.12109375
-126574.7265625
-129745.4140625
-130266.125
-128326.328125
-124257.7265625
-118543.9765625
-111803.7109375
-104747.5625
-98115.13671875
-92601.39453125
-88783.71875
-87060.6953125
-87611.640625
-90382.59375
-95100.25
-101311.046875
-108438.82421875
-115851.87109375
-122929.23046875
-129117.0234375
-133968.0390625
-137161.57421875
-138504.2890625
-137916.4453125
-135409.76953125
-131063.90625
-125006.98828125
-117403.7109375
-108451.25
-98380.8828125
-87461.33984375
-75999.59375
-64335.55859375
-52829.00390625
-41839.21875
-31700.01171875
-22693.9765625
-15030.41796875
-8830.7265625
-4123.76171875
-852.20703125
1110.8203125
1936.953125
1812.5703125
907.66796875
-651.92578125
-2804.13671875
-5557.30078125
-8980.53515625
-13176.6640625
-18240.3515625
-24208.3515625
-31012.671875
-38449.51953125
-46175.96484375
-53741.6015625
-60654.61328125
-66472.41796875
-70898.62109375
-73863.1640625
-75563.3359375
-76450.08203125
-77155.80078125
-78373.8125
-80712.14453125
-84552.2421875
-89943.79296875
-96560.42578125
-103728.2578125
-110524.01953125
-115924.83203125
-118981.33984375
-118981.84765625
-115577.96875
-108850.60546875
-99307.2265625
-87813.75
-75475.29296875
-63487.11328125
-52979.95703125
-44882.625
-39819.91015625
-38057.23828125
-39495.50390625
-43712.20703125
-50038.5390625
-57657.6015625
-65706.95703125
-73369.33203125
-79938.69140625
-84854.5
-87704.1171875
-88200.08203125
-86144.73828125
-81397.109375
-73855.8125
-63466.80859375
-50256.96484375
-34385.72265625
-16199.8671875
3727.46484375
24591.05078125
45392.3984375
65024.28125
82390.72265625
96542.1640625
106800.1484375
112846.0078125
114754.49609375
112964.203125
108189.5
101290.7578125
93127.60546875
84422.96484375
75662.53125
67046.73828125
58501.6015625
49743.59375
40383.80078125
30050.046875
18503.07421875
5724.671875
-8038.5390625
-22283.49609375
-36308.796875
-49310.97265625
-60499.9140625
-69211.48046875
-74996.734375
-77673.09375
-77331.640625
-74304.3671875
-69103.01171875
-62345.44140625
-54685.04296875
-46754.49609375
-39128.63671875
-32304.8515625
-26695.16796875
-22623.34375
-20322.05078125
-19929.02734375
-21483.92578125
-24928.91796875
-30114.859375
-36811.734375
-44719.12890625
-53471.328125
-62633.3984375
-71689.296875
-80029.05078125
-86946.72265625
-91662.1796875
-93375.8515625
-91357.375
-85058.0625
-74227.28125
-59006.83984375
-39978.3984375
-18146.515625
5146.75390625
28364.91015625
49953.64453125
68519.4609375
82978.59375
92651.59375
97291.53515625
97048.3203125
92384.1015625
83963.16015625
72541.2265625
58875.16796875
43665.3046875
27532.34375
11021.7265625
-5377.83203125
-21216.140625
-36075.28515625
-49581.0625
-61430.41796875
-71427.1484375
-79514.41796875
-85792.5234375
-90513.546875
-94050.21875
-96842.6171875
-99332.0859375
-101894.9296875
-104788.88671875
-108122.5
-111852.6015625
-115809.0546875
-119740.21484375
-123368.6875
-126445.609375
-128792.81640625
-130325.95703125
-131056.15234375
-131072.734375
-130513.2265625
-129528.70703125
-128252.35546875
-126777.28515625
-125146.453125
-123354.3515625
-121357.484375
-119089.08203125
-116473.46484375
-113436.6171875
-109911.51953125
-105839.1171875
-101167.71484375
-95854.78515625
-89874.97265625
-83236.52734375
-76005.84765625
-68336.32421875
-60494.49609375
-52874.5625
-45992.1171875
-40450.60546875
-36878.94140625
-35845.20703125
-37758.31640625
-42774.48046875
-50727.48046875
-61099.46875
-73043.05078125
-85456.1875
-97101.42578125
-106752.2734375
-113344.01953125
-116105.265625
-114650.1953125
-109018.87109375
-99662.08984375
-87376.7265625
-73204.71875
-58313.23828125
-43874.2421875
-30959.29296875
-20460.56640625
-13043.453125
-9130.20703125
-8909.77734375
-12365.90625
-19314.7578125
-29443.859375
-42346.1015625
-57544.98828125
-74510.0546875
-92663.67578125
-111382.28125
-129996.171875
-147792.49609375
-164025.65234375
-177938.359375
-188795.04296875
-195926.83984375
-198785.20703125
-196998.58984375
-190424.8203125
-179191.1953125
-163714.6015625
-144696.26171875
-123088.75
-100036.71484375
-76796.640625
-54643.8828125
-34776.953125
-18229.25
-5797.15234375
2009.08984375
4988.296875
3244.953125
-2837.6875
-12643.1484375
-25379.6015625
-40143.71484375
-55984.5
-71962.5078125
-87201.16015625
-100928.22265625
-112506.5234375
-121453.375
-127448.29296875
-130328.765625
-130074.375
-126780.703125
-120626.4765625
-111839.4375
-100668.15625
-87367.3125
-72202.19140625
-55474.12109375
-37562.94921875
-18976.375
-391.19140625
17330.33984375
33163.3203125
45989.67578125
54711.54296875
58394.3515625
56415.83984375
48592.04296875
35252.44140625
17244.34375
-4140.16015625
-27305.86328125
-50541.421875
-72219.11328125
-90972.53125
-105823.12109375
-116238.4765625
-122120.73046875
-123737.87109375
-121621.203125
-116455.64453125
-108986.12890625
-99954.1484375
-90067.109375
-79992.3671875
-70361.6328125
-61770.37109375
-54761.46875
-49790.4921875
-47178.4140625
-47064.140625
-49371.140625
-53799.7578125
-59850.16796875
-66872.89453125
-74136.75390625
-80900.390625
-86473.9296875
-90261.80859375
-91784.1796875
-90680.99609375
-86707.02734375
-79727.09765625
-69718.2421875
-56780.62890625
-41153.84375
-23231.32421875
-3564.55078125
17149.37890625
38099.33203125
58408.62890625
77194.58984375
93631.55859375
107010.328125
116788.97265625
122632.40234375
124439.44921875
122356.42578125
116774.92578125
108310.37109375
97757.6953125
86022.6875
74031.91796875
62630.2578125
52480.69140625
43984.5390625
37239.453125
32047.0234375
27972.41015625
24447.0234375
20894.93359375
16857.328125
12088.578125
6603.36328125
664.9921875
-5281.5546875
-10715.68359375
-15161.61328125
-18295.69140625
-20017.078125
-20467.69921875
-19999.76171875
-19101.4609375
-18300.546875
-18069.19140625
-18751.41796875
-20527.1796875
-23417.0859375
-27321.69921875
-32081.7421875
-37542.16015625
-43604.2890625
-50255.0234375
-57568.75
-65684.07421875
-74762.1796875
-84935.8046875
-96257.796875
-108656.796875
-121905.890625
-135608.56640625
-149205.33984375
-162003.18359375
-173227.9921875
-182097.21875
-187905.640625
-190113.25390625
-188421.39453125
-182823.07421875
-173616.625
-161377.76171875
-146893.00390625
-131065.0078125
-114805.81640625
-98936.2734375
-84107.97265625
-70759.06640625
-59108.34765625
-49184.5703125
-40882.0546875
-34029.81640625
-28460.44140625
-24066.58984375
-20836.51953125
-18864.6796875
-18338.34765625
-19505.171875
-22629.27734375
-27944.140625
-35609.62109375
-45678.140625
-58072.39453125
-72574.64453125
-88826.48828125
-106337.96875
-124505.66015625
-142640.140625
-160002.9921875
-175852.23046875
-189492.4921875
-200323.80859375
-207881.34375
-211859.2109375
-212114.578125
-208653.16796875
-201602.36328125
-191181.58203125
-177680.046875
-161449.0546875
-142910.19921875
-122574.4453125
-101061.859375
-79109.81640625
-57559.3828125
-37314.84765625
-19278.2265625
-4267.29296875
7070.21484375
14332.12890625
17415.125
16537.88671875
12231.1953125
5296.5625
-3261.54296875
-12322.875
-20749.83984375
-27488.69140625
-31664.73046875
-32662.63671875
-30183.66015625
-24272.578125
-15309.94140625
-3968.7890625
8860.40234375
22168.0390625
34934.671875
46236.5703125
55333.234375
61725.11328125
65174.828125
65691.76953125
63486.36328125
58905.70703125
52365.125
44289.51953125
35074.890625
25074.32421875
14605.8515625
3973.8984375
-6507.41015625
-16500.75
-25650.15234375
-33606.3671875
-40069.2421875
-44837.92578125
-47856.59375
-49243.33203125
-49292.859375
-48448.8359375
-47247.7890625
-46242.58203125
-45917.6484375
-46610.34765625
-48452.10546875
-51340.03515625
-54944.46875
-58751.99609375
-62137.3515625
-64452.84765625
-65121.12890625
-63716.94140625
-60025.83203125
-54072.1640625
-46114.19140625
-36609.453125
-26158.04296875
-15434.0546875
-5115.98828125
4174.19921875
11916.55078125
17719.40625
21326.62109375
22608.484375
21541.44921875
18182.6015625
12644.703125
5076.33203125
-4350.2109375
-15442.890625
-27987.4921875
-41741.96484375
-56431.3125
-71746.44140625
-87349.29296875
-102884.890625
-117999.46875
-132362.25390625
-145687.82421875
-157755.625
-168423.44921875
-177632.58984375
-185403.40234375
-191821.47265625
-197016.0625
-201133.73828125
-204311.08203125
-206650.40234375
-208201.7265625
-208952.8515625
-208827.5078125
-207690.078125
-205354.53515625
-201595.765625
-196162.71875
-188794.68359375
-179243.5078125
-167304.48828125
-152856.98828125
-135912.28125
-116661.828125
-95515.4453125
-73117.09765625
-50327.66796875
-28168.91796875
-7730.5078125
9949.5
24012.94921875
33896.671875
39412.9453125
40778.7265625
38585.96484375
33715.98046875
27211.03125
20123.90625
13370.14453125
7606.51953125
3154.53125
-20.3828125
-2272.69921875
-4191.5234375
-6481.703125
-9831.40625
-14787.65234375
-21659.1953125
-30461.00390625
-40907.3671875
-52452.46875
-64369.63671875
-75854.6640625
-86135.7109375
-94572.5390625
-100731.3359375
-104426.86328125
-105729.9375
-104943.9453125
-102557.9609375
-99185.65625
-95498.51953125
-92160.03515625
-89764.94921875
-88786.07421875
-89530.34375
-92106.2265625
-96405.73828125
-102104.7421875
-108685.0390625
-115479.48046875
-121737.921875
-126707.6015625
-129717.625
-130255.03125
-128020.1953125
-122952.5625
-115223.01171875
-105195.9609375
-93370.35546875
-80312.73046875
-66596.40625
-52757.890625
-39275.90625
-26571.1875
-15018.69140625
-4959.9140625
3296.93359375
9496.83984375
13478.515625
15227.48046875
14926.5625
12985.48046875
10033.30078125
6864.78515625
4342.625
3269.203125
4250.72265625
7580.73046875
13167.69140625
20522.6640625
28810.90625
36957.9140625
43789.8828125
48183.30078125
49199.0546875
46182.8515625
38823.0546875
27166.8125
11602.5390625
-7179.99609375
-28241.78125
-50452.74609375
-72554.9140625
-93232.859375
-111194.8359375
-125265.1328125
-134483.5546875
-138202.1640625
-136165.08984375
-128555.97265625
-116000.08984375
-99514.36328125
-80406.9453125
-60137.2421875
-40154.83203125
-21740.28125
-5871.39453125
6865.57421875
16307.328125
22684.671875
26540.2890625
28608.1484375
29675.03125
30446.39453125
31436.703125
32899.3828125
34804.6484375
36865.734375
38607.0703125
39462.2421875
38885.70703125
36460.83984375
31987.41015625
25534.68359375
17451.421875
8330.80859375
-1064.2109375
-9902.63671875
-17396.72265625
-22903.9765625
-26003.234375
-26534.421875
-24599.796875
-20532.73828125
-14846.02734375
-8173.4609375
-1216.2734375
5299.76953125
10657.54296875
14177.96875
15253.51171875
13391.27734375
8265.44140625
-227.7734375
-11924.90234375
-26373.75
-42846.84765625
-60394.30078125
-77931.69140625
-94350.34765625
-108631.84765625
-119947.51171875
-127727.21484375
-131689.0078125
-131829.64453125
-128384.328125
-121769.27734375
-112522.33984375
-101254.3046875
-88618.08203125
-75295.453125
-61994.53515625
-49446.68359375
-38390.84375
-29536.95703125
-23506.78125
-20758.859375
-21511.99609375
-25685.859375
-32876.93359375
-42382.109375
-53272.4375
-64507.703125
-75072.07421875
-84105.0
-91001.171875
-95459.78125
-97474.3671875
-97268.078125
-95191.19921875
-91606.12109375
-86786.68359375
-80854.55859375
-73765.63671875
-65347.37890625
-55376.0
-43673.7734375
-30202.8984375
-15133.89453125
1126.9140625
17957.01953125
34580.2734375
50159.703125
63901.9921875
75153.70703125
83471.52734375
88654.4375
90733.46484375
89922.66796875
86542.5078125
80931.71875
73366.31640625
64003.1328125
52860.75390625
39843.76171875
24807.0703125
7648.62890625
-11588.53125
-32627.36328125
-54902.4921875
-77556.4140625
-99492.5234375
-119479.95703125
-136294.46484375
-148871.78515625
-156447.17578125
-158657.27734375
-155587.96484375
-147762.1015625
-136072.0859375
-121671.0390625
-105842.01171875
-89865.76953125
-74904.890625
-61916.6171875
-51600.0703125
-44377.53125
-40404.59375
-39601.38671875
-41696.25
-46273.8671875
-52821.44921875
-60768.5546875
-69518.15234375
-78468.58203125
-87027.84375
-94623.04296875
-100708.76171875
-104778.1875
-106379.921875
-105141.6328125
-100799.36328125
-93228.8515625
-82473.45703125
-68762.65234375
-52516.05859375
-34330.01171875
-14946.921875
4789.45703125
23987.5
41763.5859375
57294.84375
69864.73828125
78899.71875
83996.80859375
84942.80859375
81725.46484375
74535.95703125
63760.76171875
49960.51171875
33834.234375
16169.3203125
-2219.25390625
-20553.9921875
-38155.34375
-54488.578125
-69189.6171875
-82066.29296875
-93076.4453125
-102289.0859375
-109838.37109375
-115881.2109375
-120567.6953125
-124029.3984375
-126385.19921875
-127758.90234375
-128299.13671875
-128190.91796875
-127650.25390625
-126897.84375
-126114.0703125
-125383.75390625
-124643.5390625
-123646.5546875
-121957.1796875
-118983.80078125
-114050.27734375
-106498.7265625
-95809.16796875
-81716.54296875
-64304.2421875
-44055.4921875
-21850.0859375
1097.5390625
23353.00390625
43414.30078125
59880.08203125
71609.19140625
77848.61328125
78312.65625
73205.01953125
63184.88671875
49286.43359375
32806.6796875
15178.03125
-2159.89453125
-17878.625
-30863.24609375
-40296.1328125
-45720.2265625
-47079.16015625
-44729.52734375
-39419.0625
-32225.1953125
-24451.94921875
-17489.64453125
-12649.83984375
-10995.484375
-13191.16796875
-19398.73046875
-29238.74609375
-41828.66015625
-55895.62109375
-69948.57421875
-82482.953125
-92184.66015625
-98099.8125
-99742.78515625
-97126.953125
-90717.02734375
-81316.75
-69917.1328125
-57536.30859375
-45081.02734375
-33252.52734375
-22507.45703125
-13071.5234375
-4991.8671875
1792.4140625
7383.15234375
11876.0
15341.32421875
17831.0234375
19401.26953125
20137.01171875
20164.8984375
19646.265625
18749.43359375
17608.015625
16277.1171875
14700.9765625
12702.8359375
10002.62890625
6260.8359375
1140.8125
-5622.38671875
-14159.75390625
-24423.89453125
-36169.90234375
-48964.08203125
-62218.58203125
-75246.34375
-87328.72265625
-97787.05859375
-106049.90234375
-111708.28515625
-114553.1328125
-114590.859375
-112035.7890625
-107280.87109375
-100851.109375
-93346.37109375
-85381.55859375
-77531.94140625
-70289.76953125
-64035.55078125
-59024.44921875
-55385.4609375
-53129.8125
-52164.9375
-52311.4375
-53322.42578125
-54905.94921875
-56751.74609375
-58562.91015625
-60090.87109375
-61169.71875
-61743.73828125
-61881.05859375
-61767.703125
-61679.16796875
-61931.59765625
-62819.39453125
-64550.3203125
-67190.984375
-70634.59375
-74598.828125
-78655.859375
-82289.77734375
-84971.20703125
-86235.69140625
-85752.30078125
-83371.7421875
-79147.89453125
-73331.81640625
-66341.67578125
-58714.734375
-51048.57421875
-43938.4375
-37917.0390625
-33402.5625
-30660.3515625
-29783.29296875
-30694.60546875
-33173.78515625
-36902.4765625
-41522.17578125
-46691.97265625
-52133.1796875
-57649.90234375
-63120.21875
-68460.578125
-73573.87890625
-78297.2734375
-82367.14453125
-85415.0859375
-87001.15234375
-86680.81640625
-84092.8359375
-79048.9453125
-71604.23046875
-62090.30859375
-51100.24609375
-39423.86328125
-27941.9375
-17496.16796875
-8757.20703125
-2114.39453125
2391.97265625
5081.96875
6586.47265625
7743.515625
9457.28515625
12544.1640625
17592.94140625
24863.90625
34243.78515625
45262.2890625
57163.96875
69018.53515625
79846.9609375
88740.07421875
94951.1953125
97952.84765625
97456.8828125
93405.39453125
85943.7890625
75387.56640625
62190.6875
46918.1640625
30220.60546875
12805.78125
-4597.37890625
-21283.8828125
-36623.7890625
-50112.35546875
-61409.9609375
-70363.4921875
-77004.34375
-81523.375
-84228.33984375
-85492.7578125
-85706.13671875
-85233.4765625
-84388.0390625
-83417.02734375
-82496.2578125
-81728.82421875
-81143.75
-80694.015625
-80256.8125
-79641.71484375
-78612.83203125
-76928.48046875
-74396.94921875
-70940.8125
-66656.71484375
-61854.66015625
-57061.97265625
-52982.3046875
-50408.94140625
-50102.02734375
-52648.9921875
-58333.625
-67040.40625
-78216.046875
-90900.41796875
-103826.2421875
-115573.80859375
-124756.4296875
-130206.609375
-131133.0625
-127224.46484375
-118685.6953125
-106203.796875
-90852.07421875
-73949.08203125
-56894.40234375
-41004.2734375
-27368.2265625
-16743.671875
-9499.390625
-5612.3828125
-4715.34765625
-6185.39453125
-9258.80078125
-13152.82421875
-17174.734375
-20800.91796875
-23714.95703125
-25802.08203125
-27106.48828125
-27765.40234375
-27937.73046875
-27744.5
-27233.4453125
-26372.3671875
-25067.80859375
-23199.296875
-20656.7109375
-17369.64453125
-13322.29296875
-8553.23046875
-3145.04296875
2788.578125
9110.875
15660.8984375
22244.015625
28619.08984375
34490.4765625
39512.53125
43311.59375
45525.20703125
45852.890625
44108.40234375
40261.5546875
34458.765625
27015.68359375
18380.8984375
9076.05078125
-377.328125
-9531.234375
-18071.8828125
-25857.46875
-32927.2890625
-39481.85546875
-45838.39453125
-52369.63671875
-59435.703125
-67318.9375
-76170.5
-85975.4765625
-96540.921875
-107508.49609375
-118390.6796875
-128626.44140625
-137649.55859375
-144960.23046875
-150189.30859375
-153144.640625
-153831.19140625
-152440.671875
-149311.69140625
-144867.09375
-139539.64453125
-133699.76953125
-127598.6328125
-121336.93359375
-114864.5
-108009.91796875
-100533.6484375
-92194.15625
-82814.5859375
-72338.12109375
-60862.53515625
-48648.28125
-36098.6953125
-23715.14453125
-12033.42578125
-1550.54296875
7347.5390625
14446.15625
19740.2890625
23443.59765625
25964.7734375
27852.796875
29718.109375
32141.3125
35584.20703125
40318.23046875
46382.95703125
53582.0625
61517.01171875
69651.55078125
77393.8515625
84180.03515625
89543.10546875
93155.2890625
94838.421875
94544.9140625
92318.609375
88249.484375
82436.69140625
74971.2734375
65943.67578125
55473.26953125
43750.0859375
31074.28515625
17878.203125
4719.296875
-7760.83203125
-18907.47265625
-28142.0078125
-35051.74609375
-39461.46484375
-41470.40234375
-41445.37109375
-39969.21875
-37753.1015625
-35527.890625
-33934.13671875
-33429.7421875
-34230.984375
-36295.91796875
-39351.5703125
-42958.65234375
-46601.26953125
-49785.30078125
-52128.15234375
-53424.625
-53678.2578125
-53093.94140625
-52034.75
-50952.4609375
-50305.73828125
-50481.6640625
-51734.6953125
-54152.546875
-57652.234375
-62002.95703125
-66867.30078125
-71849.76953125
-76542.25
-80559.19140625
-83559.94140625
-85260.34375
-85438.4765625
-83940.23046875
-80688.51171875
-75696.6171875
-69082.79296875
-61080.58984375
-52039.296875
-42410.56640625
-32720.84765625
-23532.88671875
-15402.4921875
-8837.5234375
-4264.61328125
-2006.09765625
-2265.80078125
-5119.7578125
-10507.0234375
-18217.66796875
-27878.625
-38942.53125
-50687.97265625
-62240.26171875
-72619.40234375
-80816.2578125
-85890.91796875
-87080.515625
-83899.50390625
-76214.984375
-64283.28125
-48740.59375
-30548.59375
-10903.07421875
8881.15625
27494.19140625
43749.36328125
56684.61328125
65638.58984375
70296.41796875
70702.71875
67241.54296875
60585.46484375
51618.84375
41343.35546875
30776.7265625
20856.84765625
12362.640625
5859.90234375
1675.38671875
-102.92578125
394.35546875
2850.1953125
6797.8359375
11658.1796875
16777.37109375
21467.25
25052.06640625
26923.02734375
26598.58203125
23783.83203125
18419.31640625
10708.390625
1114.59765625
-9674.9609375
-20818.05078125
-31409.1484375
-40581.9765625
-47607.6015625
-51973.9296875
-53435.5703125
-52028.13671875
-48046.8203125
-41994.7109375
-34510.765625
-26290.08203125
-18009.3671875
-10268.8515625
-3557.6640625
1755.26953125
5408.52734375
7221.66796875
7065.64453125
4840.515625
467.9375
-6098.96484375
-14851.41015625
-25694.0859375
-38417.890625
-52685.875
-68038.61328125
-83919.98828125
-99718.67578125
-114816.4375
-128632.7265625
-140656.70703125
-150462.05859375
-157705.45703125
-162114.8203125
-163476.453125
-161630.2734375
-156479.3046875
-148014.3984375
-136349.6328125
-121759.1875
-104704.73046875
-85843.328125
-66009.65625
-46171.515625
-27362.8828125
-10602.79296875
3189.62890625
13273.6015625
19149.84765625
20602.2109375
17714.125
10858.89453125
664.98828125
-12040.18359375
-26302.6640625
-41122.9453125
-55537.09765625
-68688.87890625
-79885.0859375
-88628.90625
-94629.59765625
-97790.83203125
-98183.09765625
-96007.55078125
-91558.50390625
-85190.234375
-77291.09765625
-68265.0
-58518.1953125
-48448.140625
-38431.5390625
-28809.89453125
-19872.76953125
-11840.65234375
-4850.48046875
1053.06640625
5918.0078125
9876.3125
13126.890625
15912.59765625
18494.65625
21127.6640625
24037.80078125
27405.20703125
31350.40625
35923.72265625
41096.625
46754.90625
52694.81640625
58624.45703125
64173.15234375
68910.6640625
72376.34375
74115.98046875
73722.09375
70872.484375
65362.40625
57127.5625
46257.62109375
33001.76953125
17768.8125
1123.21484375
-16223.51171875
-33429.3125
-49550.63671875
-63588.60546875
-74554.01171875
-81548.6640625
-83855.171875
-81023.2890625
-72938.77734375
-59862.08984375
-42428.16015625
-21605.0859375
1383.9375
25165.16015625
48331.65625
69559.23828125
87708.55078125
101904.5234375
111588.37890625
116540.88671875
116877.8515625
113019.7890625
105638.5390625
95583.91796875
83795.2421875
71204.63671875
58642.0703125
46754.13671875
35949.109375
26378.43359375
17959.625
10437.92578125
3475.87109375
-3246.6875
-9942.87109375
-16658.5625
-23254.82421875
-29436.23828125
-34818.1484375
-39016.65625
-41740.41796875
-42863.5078125
-42463.7109375
-40819.39453125
-38367.58203125
-35634.1953125
-33152.45703125
-31386.0625
-30670.94921875
-31183.61328125
-32937.59765625
-35803.9140625
-39547.5078125
-43870.43359375
-48453.40625
-52989.796875
-57209.1875
-60890.30078125
-63865.0703125
-66016.3046875
-67271.3203125
-67592.95703125
-66968.7109375
-65397.95703125
-62877.5078125
-59386.4765625
-54872.6640625
-49244.0078125
-42369.1875
-34091.2578125
-24256.34765625
-12756.5
417.90625
15124.6484375
31025.80859375
47565.4453125
63978.28515625
79334.6953125
92620.71875
102844.6328125
109155.3984375
110954.2890625
107980.78515625
100357.32421875
88584.51171875
73487.3984375
56122.1875
37659.875
19266.24609375
1996.7734375
-13280.32421875
-25927.0859375
-35547.1796875
-41974.42578125
-45250.109375
-45599.84375
-43416.30859375
-39247.6796875
-33785.5078125
-27841.91015625
-22305.984375
-18073.6875
-15952.98046875
-16555.05859375
-20190.1484375
-26790.44921875
-35881.3203125
-46614.94921875
-57869.04296875
-68399.765625
-77025.65625
-82811.18359375
-85216.65625
-84186.34375
-80157.71875
-73989.41015625
-66820.69140625
-59887.8515625
-54330.22265625
-51019.64453125
-50441.875
-52648.046875
-57281.03125
-63667.94140625
-70958.4765625
-78281.19921875
-84887.96875
-90260.09765625
-94158.578125
-96612.76171875
-97854.75390625
-98218.2421875
-98027.421875
-97502.828125
-96705.8125
-95533.15234375
-93760.7578125
-91123.1875
-87407.6953125
-82538.65234375
-76632.046875
-70007.9609375
-63159.77734375
-56688.71875
-51219.0078125
-47311.08984375
-45387.84765625
-45683.4765625
-48218.546875
-52799.7109375
-59039.9765625
-66395.07421875
-74212.7890625
-81793.12890625
-88457.16015625
-93620.296875
-96862.73046875
-97986.36328125
-97046.4140625
-94347.51171875
-90399.51171875
-85836.28125
-81309.5234375
-77376.76953125
-74405.8828125
-72516.171875
-71568.9453125
-71209.59375
-70951.55078125
-70283.1796875
-68773.54296875
-66154.22265625
-62360.60546875
-57526.265625
-51935.25
-45946.578125
-39910.72265625
-34098.234375
-28656.38671875
-23601.765625
-18847.51953125
-14255.69921875
-9699.61328125
-5119.57421875
-557.91796875
3835.01953125
7824.68359375
11139.03515625
13525.9765625
14806.8359375
14912.57421875
13894.3671875
11906.62109375
9167.87890625
5910.11328125
2329.65625
-1448.328125
-5384.015625
-9513.92578125
-13923.17578125
-18707.78515625
-23937.71875
-29630.0546875
-35738.125
-42157.53515625
-48745.4453125
-55346.30859375
-61816.359375
-68040.4296875
-73937.5
-79454.94140625
-84554.56640625
-89195.4296875
-93318.68359375
-96838.546875
-99641.26953125
-101591.54296875
-102543.9453125
-102356.1015625
-100900.71875
-98074.7421875
-93805.578125
-88055.4296875
-80825.1796875
-72158.58203125
-62146.28515625
-50927.953125
-38690.18359375
-25658.70703125
-12084.94921875
1770.4609375
15652.97265625
29323.265625
42557.09765625
55135.59765625
66830.09375
77388.75390625
86533.88671875
93976.89453125
99453.3125
102773.74609375
103879.734375
102889.08984375
100114.46484375
96042.94921875
91272.7109375
86413.3828125
81967.4453125
78217.23828125
75144.25
72403.04296875
69361.65234375
65206.14453125
59092.35546875
50315.98828125
38467.02734375
23536.546875
5953.95703125
-13452.1875
-33560.21484375
-53104.55859375
-70836.79296875
-85667.15625
-96762.99609375
-103593.37109375
-105923.27734375
-103772.84765625
-97362.7890625
-87066.83203125
-73384.953125
-56940.7734375
-38495.63671875
-18964.1328125
586.9375
18971.03515625
34952.6171875
47352.6796875
55175.1328125
57732.8046875
54749.21875
46414.9921875
33385.328125
16715.75
-2255.359375
-22059.03125
-41258.26953125
-58595.4453125
-73102.8046875
-84162.4765625
-91512.68359375
-95206.80078125
-95540.078125
-92962.57421875
-87996.66796875
-81172.95703125
-72991.53125
-63907.85546875
-54336.28515625
-44660.57421875
-35240.53515625
-26407.0234375
-18442.56640625
-11550.6640625
-5821.8046875
-1206.8203125
2491.92578125
5604.15234375
8547.83984375
11762.28515625
15627.94921875
20387.328125
26082.46875
32522.88671875
39292.95703125
45800.80078125
51362.83203125
55310.90234375
57103.96484375
56424.2578125
53240.28125
47824.40234375
40721.19921875
32671.94921875
24508.7578125
17037.30078125
10928.62890625
6637.73828125
4360.40234375
4031.65625
5361.3203125
7895.7265625
11091.69921875
14389.2109375
17272.0390625
19310.625
20186.0234375
19697.875
17761.5234375
14399.98046875
9735.44921875
3983.39453125
-2550.2265625
-9470.18359375
-16295.1875
-22468.05078125
-27377.89453125
-30398.390625
-30943.33984375
-28536.5859375
-22888.71875
-13968.5078125
-2054.85546875
12244.58984375
28017.94140625
44119.73046875
59282.265625
72254.140625
81946.14453125
87562.4140625
88696.10546875
85374.265625
78044.51171875
67505.375
54790.83984375
41026.546875
27279.15234375
14421.03515625
3029.85546875
-6663.14453125
-14769.8515625
-21689.07421875
-28007.48046875
-34373.640625
-41364.58203125
-49364.578125
-58473.6484375
-68458.6171875
-78754.16015625
-88514.98828125
-96714.3359375
-102278.18359375
-104239.4296875
-101892.26171875
-94924.3984375
-83505.421875
-68313.05078125
-50486.98046875
-31510.37890625
-13031.578125
3350.40625
16304.71875
24957.59765625
29020.62890625
28836.75
25335.625
19904.41015625
14193.03125
9882.80078125
8451.96484375
10971.50390625
17959.484375
29313.38671875
44328.609375
61799.02734375
80183.69140625
97814.11328125
113110.8046875
124776.6171875
131938.9140625
134221.80859375
131742.1875
125036.70703125
114938.48828125
102429.66015625
88497.55859375
74018.59375
59685.52734375
45983.30859375
33208.71875
21521.28515625
11009.21484375
1753.890625
-6120.33984375
-12419.6484375
-16880.83984375
-19196.92578125
-19063.45703125
-16238.33984375
-10606.2578125
-2237.5078125
8569.13671875
21269.47265625
35090.2109375
49082.05078125
62207.0546875
73451.2734375
81947.60546875
87089.96875
88619.1328125
86664.03515625
81729.06640625
74627.0546875
66367.15625
58015.015625
50547.17578125
44722.6875
40991.265625
39450.76171875
39858.0078125
41688.1953125
44230.375
46701.734375
48361.515625
48607.19921875
47040.1484375
43494.453125
38029.75
30895.09375
22474.94921875
13229.8359375
3642.5546875
-5822.90234375
-14747.3984375
-22769.6796875
-29591.45703125
-34980.03125
-38772.59375
-40883.28125
-41310.9140625
-40143.05078125
-37551.6484375
-33777.08984375
-29100.52734375
-23808.33984375
-18155.55078125
-12336.58984375
-6470.94921875
-608.29296875
5247.16796875
11098.25390625
16911.69921875
22581.76953125
27911.1953125
32616.33984375
36357.91015625
38792.0546875
39631.41796875
38702.72265625
35987.83203125
31638.82421875
25963.5859375
19385.1015625
12383.28515625
5431.66015625
-1058.6015625
-6777.41015625
-11531.76171875
-15239.0
-17901.68359375
-19571.75390625
-20312.81640625
-20169.04296875
-19147.25390625
-17216.02734375
-14322.46875
-10423.65625
-5526.70703125
271.2734375
6753.16015625
13570.92578125
20260.1875
26281.79296875
31086.17578125
34190.71484375
35256.3125
34148.43359375
30969.8203125
26057.1015625
19940.34765625
13271.41796875
6732.78515625
941.9296875
-3633.1875
-6734.234375
-8339.08203125
-8651.5703125
-8056.9453125
-7051.01953125
-6155.0546875
-5830.53125
-6407.65625
-8038.6015625
-10681.6328125
-14116.28125
-17983.6875
-21841.77734375
-25223.09375
-27684.33984375
-28840.61328125
-28382.8671875
-26082.65234375
-21791.8125
-15445.546875
-7074.90234375
3170.31640625
14993.10546875
27925.00390625
41318.21484375
54364.84765625
66149.046875
75730.45703125
82249.1875
85035.87890625
83707.11328125
78227.48828125
68925.1640625
56456.3984375
41724.63671875
25768.69921875
9640.28515625
-5707.65625
-19503.83203125
-31202.02734375
-40483.8671875
-47228.12109375
-51460.3515625
-53298.6796875
-52909.734375
-50483.39453125
-46227.99609375
-40381.18359375
-33226.98046875
-25108.56640625
-16428.28125
-7630.71484375
829.8671875
8531.8828125
15130.1953125
20392.8359375
24224.3515625
26672.96875
27922.2578125
28270.375
28100.73046875
27847.29296875
27956.13671875
28844.0078125
30854.44921875
34213.74609375
38991.46875
45072.7109375
52150.18359375
59742.57421875
67241.3515625
73981.7109375
79326.7734375
82749.328125
83894.375
82609.16015625
78934.890625
73063.90625
65275.17578125
55866.79296875
45104.625
33201.5546875
20332.5078125
6679.59765625
-7507.546875
-21856.6484375
-35842.703125
-48797.08203125
-59959.90234375
-68568.85546875
-73967.9453125
-75714.2734375
-73660.39453125
-67994.609375
-59229.83984375
-48141.98046875
-35668.21484375
-22782.91796875
-10372.6015625
869.19140625
10510.0703125
18399.921875
24643.1875
29529.0859375
33433.828125
36714.0
39611.8828125
42191.43359375
44317.98828125
45686.203125
45890.9140625
44526.375
41292.85546875
36087.21875
29056.96875
20604.70703125
11340.59765625
1991.7890625
-6712.6953125
-14157.7421875
-19934.6484375
-23891.83984375
-26134.45703125
-26974.65234375
-26844.58984375
-26191.453125
-25376.54296875
-24598.6796875
-23856.328125
-22954.44921875
-21553.2734375
-19248.3125
-15665.66015625
-10554.59375
-3860.6875
4233.22265625
13305.16015625
22731.3828125
31757.33203125
39591.6171875
45509.94140625
48955.00390625
49619.58203125
47502.15625
42927.58203125
36528.58984375
29187.79296875
21944.015625
15871.1328125
11942.40234375
10897.03515625
13127.953125
18609.19140625
26877.1640625
37072.62890625
48040.2734375
58472.73828125
67077.54296875
72741.28515625
74666.2734375
72460.65625
66172.36328125
56267.5390625
43563.05859375
29128.1953125
14172.0703125
-68.85546875
-12433.22265625
-21921.85546875
-27767.82421875
-29489.171875
-26923.828125
-20244.90234375
-9953.67578125
3152.265625
18036.47265625
33504.140625
48299.9765625
61214.3359375
71187.28125
77400.23046875
79346.515625
76875.05078125
70204.2421875
59906.0859375
46862.74609375
32199.4921875
17199.0859375
3203.90625
-8487.34375
-16720.6953125
-20577.96484375
-19450.76953125
-13091.359375
-1636.296875
14398.91015625
34153.69140625
56482.17578125
80034.49609375
103353.890625
124982.8671875
143570.8671875
157975.4375
167348.7109375
171201.57421875
169439.140625
162363.5
150642.5703125
135247.421875
117363.7109375
98285.6015625
79302.33203125
61588.12109375
46105.74609375
33532.5390625
24215.7265625
18161.50390625
15059.3125
14339.71875
15260.640625
17013.0390625
18833.87890625
20111.859375
20470.96484375
19818.5234375
18349.0078125
16501.14453125
14873.60546875
14111.8984375
14784.8671875
17271.55078125
21678.109375
27799.45703125
35132.3203125
42937.28125
50338.57421875
56443.84375
60463.1328125
61807.38671875
60151.5703125
55454.82421875
47938.515625
38030.55078125
26289.64453125
13325.23046875
-272.484375
-13981.9375
-27374.20703125
-40112.6015625
-51933.31640625
-62615.66796875
-71950.72265625
-79716.12890625
-85662.37109375
-89512.89453125
-90978.0546875
-89780.94140625
-85691.8828125
-78567.66015625
-68390.921875
-55304.703125
-39636.53125
-21906.7109375
-2816.02734375
16789.7109375
35978.13671875
53807.46875
69414.2734375
82100.49609375
91406.75390625
97159.81640625
99485.2265625
98781.5234375
95659.0703125
90852.96484375
85124.69140625
79169.30859375
73543.95703125
68628.71484375
64623.73828125
61578.37109375
59440.71875
58111.9375
57489.3515625
57486.83984375
58028.578125
59021.38671875
60318.54296875
61692.1171875
62829.63671875
63364.6328125
62940.36328125
61295.1328125
58348.7890625
54266.2734375
49476.87890625
44636.7109375
40534.87109375
37957.625
37535.94921875
39607.484375
44122.68359375
50616.875
58257.48828125
65960.9140625
72560.0546875
76993.8671875
78485.94921875
76680.87890625
71714.12890625
64202.66015625
55156.625
45826.078125
37507.88671875
31345.31640625
28154.46875
28307.609375
31693.34375
37759.67578125
45630.2734375
54270.35546875
62669.09765625
70002.7734375
75747.7578125
79723.71875
82062.8203125
83116.328125
83322.9140625
83069.60546875
82576.25
81827.3828125
80563.91015625
78333.8359375
74589.0625
68807.02734375
60612.359375
49875.2578125
36769.08203125
21777.7734375
5653.15234375
-10669.640625
-26183.6640625
-39930.01171875
-51107.1328125
-59153.20703125
-63790.87109375
-65030.54296875
-63136.40625
-58565.4140625
-51893.7890625
-43746.078125
-34738.7109375
-25444.49609375
-16377.4921875
-7991.6015625
-682.796875
5215.27734375
9448.94921875
11876.1328125
12506.1171875
11536.53125
9374.3671875
6629.4921875
4073.9609375
2567.390625
2956.14453125
5960.01953125
12063.62890625
21429.875
33850.0
48739.515625
65182.52734375
82020.18359375
97972.70703125
111779.7890625
122341.77734375
128843.69921875
130846.66796875
128335.390625
121716.35546875
111767.625
99547.32421875
86272.71875
73185.10546875
61416.5703125
51873.9609375
45152.49609375
41487.69140625
40749.546875
42478.19921875
45955.765625
50305.328125
54605.28515625
58005.77734375
59833.90234375
59675.6796875
57425.16015625
53294.55859375
47783.32421875
41608.4921875
35603.24609375
30594.85546875
27276.91796875
26093.2734375
27151.37890625
30181.1171875
34549.85546875
39336.9921875
43461.6796875
45847.41796875
45598.97265625
42162.328125
35438.52734375
25828.08203125
14193.3125
1740.00390625
-10165.56640625
-20215.2578125
-27376.4140625
-31069.328125
-31271.703125
-28529.203125
-23867.61328125
-18620.37109375
-14201.1328125
-11861.703125
-12478.6171875
-16405.9140625
-23418.73828125
-32754.484375
-43239.94921875
-53477.60546875
-62055.375
-67743.37109375
-69647.42578125
-67300.6484375
-60687.5390625
-50206.91015625
-36588.19140625
-20779.1484375
-3823.06640625
13259.53515625
29572.890625
44423.25
57365.37890625
68214.64453125
77023.671875
84026.3515625
89556.703125
93954.7109375
97474.890625
100214.0234375
102072.44921875
102757.34765625
101829.0234375
98782.7109375
93151.63671875
84612.80078125
73076.45703125
58743.05078125
42117.078125
23974.59375
5288.390625
-12878.3125
-29494.4140625
-43681.73828125
-54816.59765625
-62597.234375
-67067.1171875
-68590.640625
-67784.86328125
-65417.87109375
-62289.76171875
-59115.4375
-56428.3515625
-54521.2109375
-53433.26953125
-52985.69921875
-52857.453125
-52686.23828125
-52173.8203125
-51173.69921875
-49742.2734375
-48141.88671875
-46794.15234375
-46192.7109375
-46793.58203125
-48906.51953125
-52610.97265625
-57715.05078125
-63766.6328125
-70114.38671875
-76005.89453125
-80702.3984375
-83587.1328125
-84246.73828125
-82512.38671875
-78456.77734375
-72352.97265625
-64608.39453125
-55691.0234375
-46064.14453125
-36141.6015625
-26268.81640625
-16727.875
-7759.21875
410.51953125
7545.3671875
13389.76953125
17675.67578125
20146.5546875
20594.08203125
18900.34375
15077.37109375
9296.15625
1899.2109375
-6606.578125
-15577.06640625
-24274.85546875
-31925.07421875
-37775.81640625
-41156.16796875
-41525.36328125
-38508.57421875
-31917.3828125
-21755.27734375
-8210.671875
8359.05078125
27448.80859375
48429.33984375
70571.2578125
93069.1640625
115066.69921875
135684.25
154051.6015625
169347.47265625
180846.99609375
187976.13671875
190369.3359375
187923.296875
180837.15625
169627.79296875
155110.375
138338.4296875
120505.01171875
102815.1640625
86347.98828125
71931.8984375
60056.98046875
50843.08203125
44072.03515625
39279.4921875
35888.86328125
33360.5703125
31325.96875
29678.2890625
28601.7265625
28532.828125
30062.05859375
33795.5078125
40204.26953125
49490.90625
61498.61328125
75679.87109375
91129.85546875
106677.9140625
121020.15625
132869.9375
141101.6875
144866.7734375
143667.4921875
137384.234375
126259.73828125
110850.55078125
91958.921875
70557.28125
47714.24609375
24526.5
2057.08984375
-18720.99609375
-36976.7890625
-52067.4609375
-63574.84765625
-71327.1171875
-75400.90625
-76101.88671875
-73925.578125
-69504.28515625
-63548.50390625
-56791.38671875
-49942.7734375
-43655.44140625
-38502.1328125
-34959.046875
-33390.64453125
-34032.25390625
-36970.37109375
-42124.26171875
-49235.328125
-57871.07421875
-67448.640625
-77278.5078125
-86624.19921875
-94769.4765625
-101082.67578125
-105068.546875
-106401.3046875
-104937.3515625
-100710.6015625
-93916.09765625
-84888.109375
-74076.9375
-62025.53515625
-49344.21484375
-36680.4296875
-24681.44921875
-13950.671875
-5001.87890625
1781.57421875
6174.75390625
8120.46484375
7718.12109375
5195.234375
868.828125
-4894.0078125
-11708.203125
-19190.4375
-26966.49609375
-34670.578125
-41943.52734375
-48437.37109375
-53830.8671875
-57856.828125
-60337.05859375
-61217.1484375
-60591.32421875
-58708.34375
-55952.4296875
-52798.30859375
-49745.06640625
-47238.91796875
-45598.6171875
-44958.25390625
-45240.15234375
-46165.57421875
-47303.71484375
-48151.56640625
-48230.3046875
-47179.4375
-44829.39453125
-41236.84375
-36674.14453125
-31573.6796875
-26437.29296875
-21728.5625
-17769.62109375
-14663.66015625
-12259.3984375
-10165.57421875
-7813.6875
-4558.140625
204.00390625
6914.56640625
15756.8671875
26594.88671875
38957.3671875
52067.796875
64914.63671875
76351.59765625
85215.55859375
90449.76171875
91220.96875
87020.765625
77742.2734375
63724.21484375
45755.125
25032.078125
3071.8515625
-18422.328125
-37728.390625
-53290.23828125
-63897.12890625
-68832.44140625
-67968.61328125
-61791.5625
-51348.078125
-38121.8671875
-23855.6328125
-10345.44921875
762.015625
8140.30078125
10899.2421875
8634.3984375
1409.74609375
-10314.9375
-25792.26171875
-44107.69140625
-64290.265625
-85397.28125
-106564.84765625
-127025.20703125
-146098.91796875
-163174.35546875
-177687.6953125
-189113.953125
-196974.94140625
-200864.5234375
-200486.4140625
-195696.6484375
-186541.203125
-173280.17578125
-156392.19921875
-136556.30078125
-114612.30078125
-91504.60546875
-68216.87890625
-45706.53515625
-24847.42578125
-6386.8984375
9079.96484375
21120.2109375
29461.41015625
33984.76953125
34718.80078125
31836.85546875
25658.24609375
16648.95703125
5415.52734375
-7314.44921875
-20729.52734375
-33989.2265625
-46291.56640625
-56943.84765625
-65425.0390625
-71428.453125
-74876.59765625
-75905.26953125
-74819.94921875
-72032.80859375
-67992.07421875
-63116.23828125
-57743.62109375
-52103.76171875
-46311.84765625
-40382.6171875
-34256.703125
-27831.10546875
-20986.7734375
-13609.03125
-5600.43359375
3111.40234375
12566.92578125
22765.2265625
33651.1796875
45101.515625
56914.95703125
68812.765625
80454.48046875
91470.02734375
101504.27734375
110265.75
117568.4375
123356.2578125
127703.4921875
130790.33984375
132859.23046875
134162.51171875
134913.9140625
135254.69921875
135240.59765625
134849.67578125
134005.546875
132607.234375
130556.640625
127777.41015625
124223.31640625
119878.51953125
114754.65234375
108889.40625
102349.01953125
95233.2265625
87678.01953125
79850.54296875
71932.05078125
64088.99609375
56437.6953125
49012.24609375
41747.18359375
34484.30859375
27007.63671875
19102.90625
10630.56640625
1596.13671875
-7799.5
-17143.91796875
-25838.375
-33162.9765625
-38371.69921875
-40801.171875
-39974.3828125
-35681.921875
-28028.05859375
-17435.78125
-4612.078125
9518.8984375
23903.2109375
37451.94921875
49131.68359375
58041.63671875
63472.796875
64947.9375
62244.265625
55401.63671875
44718.76171875
30738.421875
14220.75390625
-3897.19921875
-22557.41015625
-40651.89453125
-57105.40234375
-70962.6953125
-81470.23046875
-88140.796875
-90790.6484375
-89541.890625
-84788.203125
-77127.890625
-67274.03125
-55955.50390625
-43824.5703125
-31385.58203125
-18955.94140625
-6664.8125
5511.46875
17684.83984375
29974.55078125
42425.7578125
54943.7734375
67257.546875
78920.671875
89351.28125
97904.7265625
103966.50390625
107048.6171875
106871.45703125
103415.953125
96936.04296875
87929.34375
77071.65234375
65127.63671875
52854.0859375
40912.4296875
29804.484375
19839.875
11136.9765625
3653.15625
-2764.5234375
-8319.29296875
-13206.27734375
-17565.1484375
-21450.203125
-24821.26953125
-27555.8125
-29479.6796875
-30411.34765625
-30212.18359375
-28833.5390625
-26351.06640625
-22978.0078125
-19052.55078125
-14999.48046875
-11272.06640625
-8284.984375
-6351.859375
-5640.3515625
-6154.08203125
-7744.640625
-10150.2578125
-13052.12109375
-16136.140625
-19147.8515625
-21930.4140625
-24439.8359375
-26736.03515625
-28952.578125
-31251.0078125
-33767.98046875
-36564.4921875
-39586.65625
-42646.359375
-45427.546875
-47519.57421875
-48473.9921875
-47875.6640625
-45415.30078125
-40949.3671875
-34535.53125
-26437.2109375
-17097.7109375
-7091.015625
2939.49609375
12342.75
20513.16015625
26931.62109375
31195.7265625
33043.68359375
32376.55859375
29280.19140625
24043.65625
17166.7265625
9347.1328125
1440.26953125
-5610.828125
-10870.1796875
-13516.125
-12944.62890625
-8851.2421875
-1277.76953125
9383.85546875
22429.94921875
36917.8828125
51760.5078125
65827.23828125
78038.33984375
87442.30859375
93271.43359375
94975.1328125
92234.76953125
84965.45703125
73310.765625
57634.6171875
38512.25
16718.953125
-6787.046875
-30892.72265625
-54374.078125
-75958.36328125
-94403.51171875
-108589.2578125
-117610.21484375
-120858.578125
-118083.9375
-109420.1796875
-95374.71484375
-76781.46875
-54725.57421875
-30452.05078125
-5272.4375
19518.5
42708.48828125
63214.28125
80113.109375
92666.53515625
100344.40234375
102853.59765625
100170.9453125
92573.55859375
80655.54296875
65318.58984375
47726.5703125
29220.65625
11200.0234375
-5017.8515625
-18336.6640625
-27997.03125
-33647.46875
-35356.52734375
-33562.7890625
-28971.25
-22415.32421875
-14710.55859375
-6527.83203125
1690.48046875
9756.97265625
17706.1015625
25711.96875
33977.39453125
42620.453125
51584.328125
60590.7578125
69147.43359375
76608.41796875
82275.7421875
85522.890625
85917.38671875
83320.91015625
77950.23828125
70389.375
61550.79296875
52590.734375
44788.81640625
39405.74609375
37535.0546875
39965.4765625
47070.109375
58736.77734375
74350.69140625
92835.2265625
112749.78125
132435.6796875
150193.46875
164468.828125
174021.87109375
178056.01171875
176288.625
168954.97265625
156747.8515625
140705.73828125
122069.87890625
102134.1484375
82110.16796875
63024.78125
45658.75390625
30526.85546875
17891.953125
7801.140625
130.72265625
-5370.8359375
-9048.421875
-11315.35546875
-12634.484375
-13499.25
-14408.56640625
-15832.01171875
-18165.87109375
-21685.05078125
-26499.38671875
-32523.90234375
-39471.40234375
-46871.7109375
-54116.90625
-60526.44140625
-65422.421875
-68203.58984375
-68407.90625
-65756.84375
-60178.859375
-51813.5078125
-41000.32421875
-28256.8359375
-14248.87109375
246.3046875
14385.65234375
27317.05859375
38248.05859375
46523.75390625
51706.4375
53644.83984375
52518.5234375
48843.7890625
43432.16796875
37300.86328125
31544.0859375
27183.76171875
25024.22265625
25537.09375
28798.47265625
34491.11328125
41972.15625
50393.76953125
58853.828125
66548.015625
72895.19921875
77614.3359375
80741.640625
82589.265625
83657.98046875
84524.328125
85725.94140625
87666.80078125
90558.14453125
94402.23046875
99017.24609375
104093.76953125
109268.296875
114197.53125
118618.5390625
122384.03125
125467.6015625
127939.9375
129922.41015625
131528.40234375
132804.53125
133683.453125
133957.40234375
133277.72265625
131180.828125
127136.50390625
120610.8125
111133.58984375
98360.34765625
82119.80078125
62441.4296875
39561.5546875
13910.41015625
-13913.89453125
-43177.1484375
-73039.69921875
-102581.9921875
-130824.8515625
-156748.78515625
-179319.4765625
-197526.9765625
-210443.54296875
-217299.51171875
-217569.93359375
-211058.3515625
-197960.6484375
-178892.4140625
-154868.2109375
-127229.7890625
-97530.2890625
-67390.67578125
-38350.35546875
-11735.05078125
11439.05078125
30513.48046875
45186.4296875
55469.88671875
61619.0078125
64050.54296875
63265.97265625
59790.7578125
54135.171875
46776.30859375
38156.3828125
28690.125
18774.1796875
8793.15625
-880.35546875
-9891.87890625
-17915.3828125
-24665.3515625
-29908.1328125
-33470.828125
-35247.01953125
-35199.16796875
-33358.1328125
-29820.32421875
-24743.2421875
-18340.15234375
-10874.7265625
-2656.0234375
5966.33203125
14608.328125
22861.48828125
30309.91796875
36557.03125
41262.77734375
44188.71875
45244.69921875
44527.49609375
42340.73046875
39186.92578125
35726.92578125
32708.453125
30872.5703125
30852.46484375
33081.82421875
37729.1171875
44669.73046875
53501.01953125
63597.453125
74196.0625
84497.73828125
93767.80859375
101420.79296875
107077.7265625
110589.921875
112028.81640625
111646.98046875
109819.328125
106975.70703125
103535.95703125
99856.7265625
96196.12890625
92698.62109375
89399.19140625
86243.55078125
83119.69140625
79896.16796875
76462.6953125
72769.17578125
68859.32421875
64894.83203125
61165.55859375
58081.53515625
56143.59375
55892.06640625
57836.6171875
62374.59765625
69709.1015625
79780.4921875
92225.1796875
106372.88671875
121288.48046875
135857.14453125
148904.03125
159332.35546875
166259.4453125
169128.85546875
167779.80859375
162461.6328125
153790.26953125
142653.859375
130083.1953125
117108.6953125
104626.9296875
93297.08984375
83481.390625
75235.03125
68342.78125
62391.9609375
56866.9296875
51248.23828125
45100.7265625
38137.91015625
30254.9765625
21528.23828125
12184.51953125
2548.85546875
-7017.84375
-16178.56640625
-24666.06640625
-32307.70703125
-39027.24609375
-44827.36328125
-49761.01953125
-53901.69140625
-57321.4453125
-60082.11328125
-62239.87109375
-63858.69140625
-65025.125
-65856.46484375
-66496.66796875
-67098.52734375
-67795.140625
-68667.49609375
-69716.62890625
-70848.3515625
-71875.96875
-72542.515625
-72559.94921875
-71659.08203125
-69641.6484375
-66424.8671875
-62069.796875
-56787.1796875
-50918.25
-44892.74609375
-39171.0234375
-34180.890625
-30261.5625
-27625.9765625
-26348.96875
-26382.66796875
-27593.76171875
-29811.40234375
-32871.8125
-36646.28125
-41044.10546875
-45989.390625
-51378.5234375
-57031.7109375
-62654.63671875
-67824.6640625
-72010.390625
-74624.72265625
-75103.26953125
-72992.80078125
-68031.5625
-60204.48828125
-49761.1875
-37192.43359375
-23168.6640625
-8451.32421875
6207.71875
20161.90234375
32945.33984375
44316.25
54262.03515625
62965.734375
70739.31640625
77934.54296875
84845.54296875
91619.16796875
98188.42578125
104241.36328125
109232.5234375
112437.6640625
113045.234375
110272.0390625
103486.12890625
92318.3046875
76744.859375
57128.3125
34208.8515625
9046.2734375
-17080.64453125
-42804.46484375
-66811.921875
-87980.49609375
-105490.6015625
-118898.69140625
-128162.11328125
-133613.21484375
-135887.59375
-135817.84375
-134309.11328125
-132215.078125
-130232.41015625
-128828.21875
-128208.98046875
-128331.99609375
-128952.9375
-129696.74609375
-130135.6328125
-129857.75390625
-128513.71875
-125834.609375
-121623.09375
-115726.9453125
-108009.1484375
-98330.15234375
-86554.24609375
-72585.0078125
-56425.4765625
-38249.80078125
-18467.2734375
2241.8125
22935.11328125
42470.078125
59616.0234375
73202.26953125
82279.66015625
86268.078125
85063.19921875
79081.34375
69230.8671875
56810.2734375
43345.37109375
30388.08984375
19306.5625
11098.38671875
6256.2109375
4706.9921875
5834.9375
8584.5859375
11627.734375
13567.58203125
13147.953125
9435.64453125
1949.3515625
-9281.453125
-23732.35546875
-40467.1328125
-58270.98828125
-75810.4609375
-91794.59765625
-105114.45703125
-114943.59765625
-120790.40234375
-122501.69140625
-120225.19140625
-114344.40625
-105402.328125
-94029.85546875
-80890.88671875
-66649.8046875
-51959.97265625
-37465.73046875
-23806.734375
-11613.42578125
-1485.78515625
6046.53515625
10578.07421875
11885.1875
9974.75
5111.87109375
-2181.453125
-11159.1875
-20912.1875
-30449.46484375
-38789.84375
-45054.25
-48550.15625
-48841.78515625
-45800.4921875
-39630.265625
-30863.0234375
-20318.96484375
-9029.60546875
1874.25
11300.65625
18344.63671875
22424.40234375
23381.5859375
21524.3671875
17600.29296875
12697.6953125
8087.890625
5032.421875
4587.02734375
7435.52734375
13781.6875
23316.515625
35264.75390625
48500.28125
61708.828125
73569.73046875
82927.3828125
88927.6328125
91102.81640625
89399.375
84151.9765625
76015.45703125
65869.7265625
54713.15625
43557.37890625
33332.671875
24809.60546875
18540.17578125
14821.05859375
13681.3984375
14897.7265625
18036.82421875
22524.3671875
27732.3515625
33073.40625
38086.7734375
42500.171875
46255.17578125
49490.18359375
52483.75
55569.13671875
59037.18359375
63046.71484375
67560.203125
72316.91796875
76848.7734375
80536.15234375
82694.44921875
82677.29296875
79980.12890625
74327.91015625
65732.99609375
54513.421875
41267.19921875
26804.83203125
12048.640625
-2086.78515625
-14814.85546875
-25578.6875
-34117.3046875
-40484.33984375
-45015.1953125
-48247.07421875
-50804.98046875
-53272.9296875
-56073.12890625
-59375.01953125
-63051.359375
-66690.45703125
-69663.25390625
-71233.6484375
-70691.7578125
-67485.1484375
-61323.3828125
-52236.61328125
-40578.63671875
-26976.296875
-12237.83984375
2759.7734375
17182.265625
30328.70703125
41689.28125
50966.95703125
58068.2265625
63073.640625
66200.046875
67764.12109375
68151.625
67791.5
67130.046875
66599.6171875
66578.5625
67343.87890625
69023.3515625
71558.05859375
74687.171875
77964.52734375
80810.48046875
82594.74609375
82738.10546875
80815.28125
76639.59765625
70312.66015625
62229.015625
53034.5078125
43545.85546875
34645.62890625
27169.87109375
21804.7890625
19005.03515625
18941.0234375
21477.83203125
26185.0625
32375.70703125
39171.765625
45593.96484375
50670.9296875
53559.41015625
53662.3046875
50726.74609375
44903.11328125
36748.625
27167.3046875
17289.71875
8309.00390625
1300.37109375
-2943.41796875
-4030.02734375
-2017.265625
2613.05078125
9049.48828125
16292.8359375
23317.09375
29220.35546875
33341.75390625
35330.42578125
35163.2578125
33117.57421875
29710.90234375
25621.5703125
21602.50390625
18396.9375
16661.45703125
16899.42578125
19407.55078125
24239.296875
31190.23046875
39810.76171875
49450.09765625
59331.26171875
68651.2109375
76693.640625
82937.05859375
87138.46484375
89375.078125
90032.86328125
89740.5234375
89258.65625
89343.82421875
90613.18359375
93435.91796875
97872.0390625
103668.51171875
110310.0625
117109.90234375
123318.015625
128222.81640625
131226.76171875
131885.88671875
129914.578125
125166.625
117608.75
107302.26171875
94402.44921875
79176.234375
62029.65625
43530.83984375
24413.37109375
5549.57421875
-12108.3984375
-27612.390625
-40112.2421875
-48942.05859375
-53682.84375
-54191.58984375
-50595.42578125
-43256.8125
-32720.90625
-19656.921875
-4802.7421875
11082.83203125
27260.40625
43045.93359375
57845.30859375
71187.96875
82756.203125
92403.94140625
100158.07421875
106197.859375
110812.65234375
114344.03125
117122.796875
119413.33984375
121375.90234375
123052.875
124379.00390625
125209.875
125359.9140625
124640.734375
122893.2890625
120011.15625
115956.0390625
110768.49609375
104576.828125
97604.71484375
90175.18359375
82706.05859375
75691.3125
69664.453125
65143.8515625
62564.67578125
62206.87109375
64131.625
68139.55859375
73761.6796875
80289.6015625
86845.0234375
92481.4921875
96305.03125
97595.84765625
95911.859375
91156.890625
83601.64453125
73853.6015625
62780.51953125
51400.28515625
40755.09765625
31789.7890625
25251.859375
21625.67578125
21106.08984375
23609.77734375
28816.6171875
36230.12109375
45244.828125
55209.984375
65481.51953125
75457.9296875
84599.2734375
92431.6171875
98541.66796875
102567.70703125
104193.08984375
103147.40234375
99218.15625
92272.7890625
82287.5546875
69377.25390625
53818.55859375
36059.9921875
16713.81640625
-3471.66796875
-23657.2890625
-42970.2421875
-60566.2265625
-75688.80859375
-87719.625
-96215.23046875
-100928.8828125
-101817.890625
-99038.3125
-92928.96875
-83986.046875
-72828.46875
-60153.48828125
-46682.65234375
-33099.98828125
-19987.55859375
-7766.828125
3343.203125
13340.30859375
22418.06640625
30908.390625
39194.65625
47610.625
56345.76953125
65378.39453125
74453.09765625
83109.53125
90757.7109375
96783.7265625
100662.6953125
102054.125
100859.625
97232.15234375
91537.1796875
84276.4375
75991.55859375
67167.3046875
58152.00390625
49107.9375
39998.328125
30611.6796875
20619.2109375
9657.30078125
-2576.47265625
-16227.63671875
-31204.9765625
-47132.140625
-63343.3828125
-78930.421875
-92838.6640625
-104001.15234375
-111489.68359375
-114657.0
-113243.78515625
-107429.96875
-97820.3046875
-85367.1484375
-71245.82421875
-56706.3359375
-42928.46875
-30904.1015625
-21362.66015625
-14744.83203125
-11219.15234375
-10727.8515625
-13044.5078125
-17826.96484375
-24653.80859375
-33040.2421875
-42437.19921875
-52223.91015625
-61707.4765625
-70142.01953125
-76775.03515625
-80920.74609375
-82051.08984375
-79887.4140625
-74471.78515625
-66197.91015625
-55788.0703125
-44213.34765625
-32567.00390625
-21912.140625
-13131.72265625
-6809.59765625
-3164.8046875
-2049.9140625
-3010.0234375
-5386.140625
-8438.03515625
-11459.44140625
-13862.9921875
-15221.75
-15266.3671875
-13848.01171875
-10884.91796875
-6312.6875
-55.50390625
7972.11328125
17832.70703125
29511.19921875
42853.26171875
57514.1015625
72933.06640625
88343.84765625
102822.5
115367.84765625
125002.734375
130881.15625
132385.97265625
129203.921875
121368.640625
109266.71875
93606.20703125
75350.78125
55626.03515625
35607.34765625
16401.38671875
-1064.703125
-16131.5546875
-28459.73046875
-38036.33203125
-45133.08984375
-50221.45703125
-53858.5625
-56564.43359375
-58713.5546875
-60461.72265625
-61722.3515625
-62196.3828125
-61449.0
-59016.78515625
-54523.33984375
-47780.25
-38854.15625
-28087.8828125
-16072.703125
-3577.52734375
8552.1875
19509.08203125
28634.15625
35506.70703125
40001.4453125
42305.32421875
42892.0
42457.12109375
41822.828125
41823.88671875
43190.91015625
46447.42578125
51836.3828125
59288.09375
68435.671875
78676.15625
89267.62109375
99445.69140625
108539.046875
116063.6953125
121780.04296875
125704.69921875
128078.22265625
129298.76953125
129837.76171875
130155.578125
130632.984375
131528.4140625
132963.78125
134934.94140625
137338.1328125
140002.265625
142718.47265625
145261.54296875
147402.1171875
148911.7421875
149564.66796875
149140.3515625
147429.41796875
144243.78125
139430.11328125
132884.640625
124567.10546875
114512.234375
102837.75390625
89748.921875
75539.87109375
60592.12890625
45370.171875
30413.1328125
16320.796875
3731.48046875
-6710.625
-14400.28125
-18827.46875
-19641.61328125
-16716.4140625
-10205.00390625
-573.2734375
11399.8828125
24663.25
37976.26171875
50028.1171875
59579.0625
65604.35546875
67419.2578125
64765.48828125
57845.6015625
47300.21484375
34132.296875
19590.640625
5029.8515625
-8233.94921875
-19054.015625
-26556.328125
-30206.45703125
-29836.08984375
-25630.046875
-18078.828125
-7904.61328125
4028.859375
16811.05859375
29572.51953125
41556.1328125
52165.15234375
60985.703125
67785.92578125
72497.7421875
75189.09375
76034.16015625
75286.90234375
73259.74609375
70305.890625
66801.56640625
63124.4296875
59625.828125
56597.76171875
54238.39453125
52622.203125
51681.32421875
51203.484375
50849.0625
50186.41796875
48741.3203125
46054.015625
41736.16796875
35520.375
27296.171875
17128.7890625
5259.53125
-7910.8203125
-21852.0546875
-35943.140625
-49514.28515625
-61888.05859375
-72416.64453125
-80514.1875
-85684.796875
-87547.7421875
-85861.046875
-80543.921875
-71696.53515625
-59614.09375
-44791.08984375
-27911.33203125
-9820.46484375
8520.32421875
26098.1484375
41925.39453125
55122.99609375
65000.71875
71124.33203125
73359.6171875
71885.2265625
67170.01171875
59915.54296875
50970.5546875
41229.4140625
31530.6328125
22572.34765625
14858.94140625
8687.1171875
4171.29296875
1299.59765625
4.73046875
230.56640625
1976.546875
5307.5390625
10325.4765625
17109.04296875
25635.8359375
35706.59375
46891.53515625
58514.671875
69684.37109375
79369.078125
86507.98046875
90139.57421875
89527.71875
84265.2265625
74339.0625
60147.984375
42471.1015625
22393.515625
1201.21875
-19739.03515625
-39098.3203125
-55688.13671875
-68536.90234375
-76935.56640625
-80453.390625
-78929.45703125
-72448.16015625
-61307.36328125
-45986.09765625
-27115.59375
-5453.93359375
18138.16015625
42724.05859375
67323.53125
90951.828125
112664.1171875
131601.6875
147035.3359375
158401.66015625
165329.4609375
167655.21875
165428.1640625
158905.99609375
148541.91796875
134962.84765625
118938.00390625
101337.38671875
83081.0625
65082.515625
48191.58984375
33143.953125
20523.58203125
10742.44140625
4037.921875
484.5703125
13.9453125
2435.68359375
7454.703125
14682.9765625
23648.35546875
33805.8828125
44557.48046875
55283.75
65387.02734375
74339.91015625
81729.5703125
87287.4140625
90896.32421875
92573.47265625
92433.984375
90646.7890625
87397.0
82867.73046875
77248.28125
70766.8515625
63736.8984375
56599.62109375
49943.2109375
44483.33203125
40998.01171875
40221.68359375
42714.66015625
48732.75390625
58124.87890625
70283.6953125
84165.51953125
98383.6015625
111365.06640625
121549.69140625
127600.28515625
128591.44140625
124145.98828125
114496.6015625
100461.8046875
83339.12890625
64731.4765625
46333.08984375
29707.63671875
16091.6015625
6251.609375
415.0625
-1718.55859375
-891.1171875
1859.0625
5375.0546875
8562.84375
10548.00390625
10784.23828125
9099.4453125
5675.63671875
970.23046875
-4404.26953125
-9818.7109375
-14757.89453125
-18919.75
-22265.55078125
-25013.22265625
-27576.45703125
-30462.56640625
-34149.8046875
-38968.71484375
-45011.19140625
-52085.62109375
-59727.4921875
-67264.0390625
-73920.8359375
-78950.09375
-81756.07421875
-81993.9296875
-79623.82421875
-74911.5234375
-68377.625
-60707.63671875
-52642.19140625
-44869.12109375
-37936.5703125
-32199.86328125
-27806.375
-24714.2734375
-22735.1640625
-21588.109375
-20953.66015625
-20520.03125
-20018.01171875
-19244.93359375
-18079.84765625
-16491.96875
-14542.7890625
-12380.46484375
-10223.9609375
-8334.953125
-6977.5703125
-6369.421875
-6630.44140625
-7738.69140625
-9502.6875
-11558.28515625
-13394.640625
-14408.5859375
-13981.5703125
-11568.23046875
-6782.7421875
531.6640625
10262.484375
22024.625
35195.25390625
48981.078125
62506.625
74908.70703125
85422.3046875
93446.08203125
98581.05859375
100642.13671875
99647.06640625
95790.51953125
89411.1015625
80957.1015625
70953.6875
59971.24609375
48593.171875
37381.83203125
26843.3828125
17394.91015625
9339.1953125
2852.75390625
-2009.078125
-5290.03125
-7098.015625
-7565.53125
-6815.01953125
-4937.87109375
-1992.24609375
1980.390625
6925.23046875
12739.734375
19245.26953125
26173.5078125
33172.1640625
39829.40234375
45711.4765625
50404.90625
53554.28125
54888.8203125
54234.90625
51516.0703125
46745.47265625
40017.0234375
31500.19140625
21440.3125
10162.2109375
-1928.53125
-14353.7890625
-26586.47265625
-38091.80859375
-48382.8984375
-57081.9765625
-63974.59375
-69043.30078125
-72470.1015625
-74603.12109375
-75890.91796875
-76795.9765625
-77704.5
-78851.6171875
-80278.35546875
-81829.953125
-83195.98046875
-83983.5546875
-83807.91796875
-82381.5
-79584.01953125
-75501.01171875
-70425.4453125
-64824.29296875
-59277.63671875
-54401.0546875
-50762.70703125
-48805.2109375
-48780.44921875
-50703.48046875
-54330.23046875
-59162.5390625
-64482.6640625
-69416.9453125
-73025.03515625
-74406.7421875
-72814.6328125
-67757.5234375
-59079.75
-47003.09765625
-32123.4140625
-15360.3828125
2133.9296875
19095.98046875
34285.21875
46614.75
55261.98046875
59746.34375
59966.19140625
56192.33203125
49021.07421875
39294.09375
27995.8984375
16141.4921875
4667.3359375
-5662.1953125
-14322.9375
-21066.828125
-25922.86328125
-29164.5703125
-31249.76171875
-32741.69140625
-34222.96484375
-36214.1171875
-39107.30078125
-43122.6640625
-48290.77734375
-54460.265625
-61326.02734375
-68471.23828125
-75415.76171875
-81664.46875
-86750.96484375
-90274.22265625
-91927.25390625
-91517.88671875
-88981.67578125
-84387.11328125
-77933.03515625
-69938.69921875
-60827.609375
-51106.71875
-41342.796875
-32136.7734375
-24095.625
-17799.87890625
-13764.4296875
-12391.53125
-13917.91796875
-18362.3828125
-25484.0703125
-34764.16015625
-45422.24609375
-56473.80078125
-66826.65234375
-75404.9921875
-81281.0859375
-83790.84765625
-82610.67578125
-77780.33203125
-69667.8515625
-58885.32421875
-46174.86328125
-32290.10546875
-17897.8515625
-3518.0234375
10490.66796875
23903.7109375
36576.4296875
48381.6875
59158.6796875
68686.75390625
76690.05078125
82870.01953125
86955.74609375
88758.69921875
88218.25
85427.9296875
80637.12109375
74228.3828125
66674.80859375
58484.6875
50141.953125
42050.80078125
34492.1171875
27597.93359375
21348.18359375
15591.51171875
10088.35546875
4570.8046875
-1190.140625
-7321.796875
-13803.92578125
-20450.12890625
-26921.875
-32774.33984375
-37526.2109375
-40740.48828125
-42100.6640625
-41467.75390625
-38907.70703125
-34685.08984375
-29225.78125
-23056.97265625
-16736.30859375
-10782.546875
-5618.22265625
-1531.3515625
1340.9921875
3008.203125
3604.3828125
3354.82421875
2536.5859375
1439.01953125
329.20703125
-573.68359375
-1112.9140625
-1196.95703125
-792.3515625
89.72265625
1408.109375
3102.14453125
5093.85546875
7280.3046875
9518.16015625
11605.953125
13272.13671875
14177.1640625
13935.81640625
12161.453125
8527.8359375
2838.7578125
-4908.66015625
-14481.62109375
-25402.421875
-36978.3828125
-48369.08984375
-58681.1875
-67074.953125
-72864.203125
-75592.6484375
-75074.73046875
-71396.59375
-64880.53125
-56023.0859375
-45420.546875
-33696.1875
-21440.7890625
-9173.16015625
2678.20703125
13775.9375
23863.60546875
32751.77734375
40305.8515625
46438.3203125
51105.10546875
54303.13671875
56065.796875
56453.984375
55542.91796875
53407.640625
50112.296875
45708.51953125
40246.65234375
33799.91015625
26497.43359375
18558.15625
10315.5625
2223.87109375
-5160.56640625
-11223.57421875
-15358.20703125
-17040.52734375
-15902.89453125
-11791.3984375
-4796.5546875
4748.81640625
16304.83984375
29187.31640625
42647.76953125
55957.73046875
68483.99609375
79743.37109375
89429.62890625
97410.5078125
103698.3203125
108402.515625
111675.71875
113665.39453125
114481.26953125
114184.65625
112800.35546875
110346.58984375
106874.43359375
102506.296875
97463.3984375
92074.76953125
86763.9375
82013.765625
78313.71484375
76096.8359375
75675.91796875
77188.8828125
80563.3046875
85507.83984375
91535.19140625
98016.31640625
104260.19140625
109607.9375
113526.1640625
115683.12109375
115992.9375
114618.6015625
111931.58203125
108434.2734375
104658.50390625
101057.9296875
97913.37109375
95267.7421875
92902.36328125
90359.53125
87009.09765625
82149.8515625
75131.0078125
65475.42578125
52984.7578125
37808.22265625
20461.23046875
1787.16796875
-17134.7890625
-35123.52734375
-51050.56640625
-63989.7734375
-73336.44140625
-78875.0859375
-80784.90234375
-79583.52734375
-76021.28125
-70946.77734375
-65168.7890625
-59338.26953125
-53868.76953125
-48905.04296875
-44340.36328125
-39874.77734375
-35100.73828125
-29599.6015625
-23032.6640625
-15212.609375
-6145.5546875
3961.25
14725.62890625
25645.04296875
36170.06640625
45784.51171875
54079.38671875
60809.26953125
65923.01953125
69565.328125
72050.62109375
73815.0546875
75355.2890625
77163.65234375
79668.59765625
83187.23046875
87894.05078125
93807.203125
100791.453125
108575.31640625
116778.76953125
124947.48828125
132589.40234375
139209.796875
144341.94921875
147571.6015625
148554.93359375
147031.03515625
142830.609375
135882.4296875
126218.40625
113976.57421875
99400.30859375
82831.65625
64697.359375
45487.91015625
25732.1875
5971.8515625
-13259.78125
-31450.96875
-48116.2109375
-62795.26953125
-75052.19140625
-84481.453125
-90726.88671875
-93515.62890625
-92704.06640625
-88327.609375
-80642.54296875
-70147.375
-57573.6171875
-43841.421875
-29982.45703125
-17039.578125
-5958.04296875
2514.6875
7904.72265625
10051.66796875
9107.91015625
5499.65234375
-141.63671875
-7064.36328125
-14484.19921875
-21661.0546875
-27956.59765625
-32868.5859375
-36043.33984375
-37271.80078125
-36476.609375
-33697.5546875
-29080.41015625
-22870.74609375
-15410.625
-7133.1875
1450.80859375
9779.390625
17280.30078125
23423.94921875
27781.2578125
30076.1875
30221.99609375
28332.2265625
24702.08984375
19762.109375
14012.27734375
7949.59765625
2003.65625
-3506.95703125
-8389.6328125
-12563.39453125
-16021.48046875
-18782.5703125
-20844.20703125
-22150.671875
-22582.859375
-21971.5390625
-20129.4765625
-16893.83203125
-12168.74609375
-5959.453125
1607.5703125
10280.3203125
19691.5859375
29381.2265625
38827.54296875
47485.4765625
54830.0390625
60402.6953125
63856.93359375
64997.01171875
63802.078125
60427.84765625
55180.6484375
48463.875
40703.84375
32268.9296875
23400.2890625
14173.03515625
4502.00390625
-5802.82421875
-16937.984375
-28983.80078125
-41784.3359375
-54860.08984375
-67379.5625
-78205.609375
-86017.61328125
-89494.41796875
-87529.09375
-79437.73046875
-65123.0859375
-45160.01953125
-20782.40234375
6231.984375
33764.16015625
59614.3828125
81780.11328125
98707.77734375
109478.81640625
113901.31640625
112494.30078125
106369.64453125
97033.43359375
86141.53515625
75250.83203125
65606.83203125
58000.44140625
52713.171875
49553.46875
47970.54296875
47219.15625
46541.4296875
45331.21484375
43252.44921875
40293.6640625
36753.8203125
33167.59375
30188.26171875
28452.41015625
28451.796875
30434.3515625
34349.8125
39846.546875
46317.40625
52984.22265625
59005.0390625
63585.3359375
66075.3046875
66039.0234375
63287.62890625
57875.8984375
50068.3984375
40286.18359375
29046.73046875
16908.28515625
4425.66796875
-7880.640625
-19544.984375
-30171.66796875
-39449.6953125
-47168.87109375
-53234.96875
-57678.19140625
-60647.734375
-62387.3125
-63190.98828125
-63344.99609375
-63066.54296875
-62453.625
-61458.95703125
-59896.2421875
-57479.68359375
-53889.55859375
-48850.3515625
-42204.9765625
-33969.625
-24358.6171875
-13775.37890625
-2772.76171875
8008.31640625
17910.16015625
26327.5
32765.15234375
36878.25
38493.16796875
37610.50390625
34393.22265625
29144.00390625
22275.35546875
14275.61328125
5673.27734375
-2998.07421875
-11232.09375
-18577.02734375
-24656.40234375
-29182.0546875
-31960.0234375
-32891.0703125
-31968.8828125
-29278.91796875
-24999.9296875
-19407.828125
-12878.90625
-5886.8046875
1013.33203125
7219.07421875
12135.3671875
15246.49609375
16196.14453125
14861.5546875
11405.3671875
6290.296875
247.171875
-5804.59765625
-10875.15625
-14043.0234375
-14591.20703125
-12116.01953125
-6588.60546875
1642.25
11906.08203125
23314.20703125
34890.88671875
45707.86328125
54999.0625
62237.79296875
67167.80859375
69789.28125
70309.38671875
69072.52734375
66486.703125
62960.24609375
58857.94921875
54479.57421875
50057.93359375
45769.890625
41752.18359375
38114.91015625
34948.08984375
32320.19921875
30270.61328125
28799.90234375
27862.578125
27365.75390625
27175.49609375
27130.03515625
27057.1796875
26792.16015625
26192.2265625
25145.79296875
23575.78515625
21438.9921875
18724.59765625
15455.140625
11691.98828125
7545.15625
3184.796875
-1150.453125
-5153.6171875
-8462.5625
-10688.1875
-11456.06640625
-10456.703125
-7496.703125
-2542.2265625
4253.2421875
12542.65234375
21803.12890625
31376.59375
40528.8203125
48519.6484375
54675.73046875
58456.59765625
59505.7421875
57680.45703125
53057.30078125
45913.6015625
36689.19921875
25935.55078125
14260.82421875
2279.3828125
-9428.08984375
-20340.91796875
-30012.04296875
-38072.79296875
-44234.125
-48289.10546875
-50119.37890625
-49705.1171875
-47135.2421875
-42612.99609375
-36451.8828125
-29058.953125
-20905.08984375
-12485.18359375
-4273.48046875
3319.49609375
9982.20703125
15524.66796875
19885.5390625
23122.81640625
25389.2421875
26895.140625
27862.8515625
28478.453125
28847.765625
28964.34375
28696.8515625
27801.17578125
25958.96484375
22839.14453125
18173.69140625
11834.4296875
3895.8046875
-5330.47265625
-15298.48828125
-25271.6875
-34402.1171875
-41833.48046875
-46811.65625
-48784.88671875
-47477.83984375
-42928.3671875
-35482.16015625
-25747.09765625
-14515.18359375
-2664.4453125
8944.3203125
19560.86328125
28615.703125
35758.51953125
40861.39453125
43990.19921875
45353.16015625
45239.7734375
43964.21484375
41825.140625
39088.33984375
35991.75390625
32765.33984375
29653.6640625
26928.1171875
24878.77734375
23782.55078125
23852.36328125
25179.44921875
27685.0703125
31097.89453125
34968.26953125
38722.47265625
41749.890625
43507.62890625
43621.22265625
41959.609375
38666.765625
34140.80859375
28962.32421875
23784.37109375
19205.109375
15648.2265625
13275.609375
11950.8125
11262.234375
10603.55078125
9297.47265625
6740.58203125
2542.359375
-3367.76171875
-10686.08203125
-18744.46875
-26584.51171875
-33084.84375
-37121.16015625
-37732.88671875
-34269.3203125
-26491.7265625
-14615.2734375
715.04296875
18509.4296875
37564.49609375
56618.7421875
74507.57421875
90294.2890625
103358.87890625
113434.61328125
120591.62109375
125175.4921875
127715.49609375
128820.578125
129081.125
128991.453125
128902.28515625
129006.01953125
129351.1875
129877.69140625
130461.54296875
130957.8515625
131232.7265625
131178.83984375
130713.859375
129765.44140625
128249.53515625
126050.21875
123008.53125
118925.4296875
113580.52734375
106764.4375
98319.38671875
88180.5703125
76410.08203125
63216.16015625
48952.56640625
34096.17578125
19204.5546875
4858.96875
-8398.42578125
-20122.64453125
-30008.3828125
-37908.49609375
-43824.14453125
-47868.3359375
-50210.84765625
-51017.54296875
-50399.44921875
-48385.39453125
-44926.7421875
-39934.65625
-33341.51953125
-25170.88671875
-15597.1484375
-4977.4453125
6155.09765625
17138.41796875
27260.43359375
35853.44140625
42384.09375
46520.4453125
48163.7109375
47441.11328125
44665.37109375
40273.09765625
34757.734375
28611.0859375
22283.05078125
16162.015625
10572.01171875
5777.9921875
1989.1875
-647.16796875
-2064.640625
-2305.44140625
-1548.34765625
-124.3671875
1491.62890625
2721.015625
2953.4375
1642.67578125
-1589.6484375
-6862.953125
-13979.5234375
-22414.859375
-31362.9140625
-39831.6953125
-46774.11328125
-51231.46484375
-52464.08984375
-50046.41015625
-43910.73046875
-34334.3984375
-21875.984375
-7275.5234375
8660.0859375
25163.65234375
41586.23828125
57434.44140625
72362.4609375
86125.1015625
98506.7734375
109247.59765625
117989.046875
124258.08203125
127500.2109375
127160.58203125
122799.6015625
114219.65234375
101573.90625
85429.41796875
66764.49609375
46893.140625
27324.81640625
9581.54296875
-4996.00390625
-15419.08984375
-21168.3125
-22238.578125
-19106.58203125
-12630.1328125
-3900.77734375
5922.171875
15766.890625
24768.95703125
32340.3671875
38182.92578125
42252.40234375
44688.265625
45728.65625
45630.52734375
44610.9765625
42818.7734375
40336.94140625
37209.625
33481.375
29235.3125
24618.53125
19847.7578125
15194.1953125
10951.94140625
7398.0234375
4753.07421875
3150.3828125
2618.01953125
3075.3828125
4342.69140625
6160.4375
8215.44140625
10170.68359375
11696.62890625
12501.94921875
12361.30859375
11137.34765625
8793.87890625
5397.9453125
1109.9765625
-3836.453125
-9161.53125
-14567.4453125
-19762.5859375
-24477.484375
-28470.59375
-31524.85546875
-33438.15234375
-34012.19921875
-33044.46875
-30327.0
-25654.46484375
-18842.33984375
-9754.52734375
1661.7109375
15337.171875
31043.7734375
48366.1953125
66689.79296875
85212.01953125
102982.21484375
118970.16015625
132158.01953125
141644.52734375
146745.92578125
147076.95703125
142597.53515625
133616.5703125
120752.37109375
104857.03125
86918.4609375
67956.58203125
48929.3203125
30660.0546875
13792.5625
-1226.265625
-14139.92578125
-24858.23046875
-33422.43359375
-39965.30859375
-44671.09765625
-47739.40625
-49356.8515625
-49679.984375
-48832.06640625
-46914.11328125
-44027.55078125
-40302.15234375
-35920.3515625
-31128.25390625
-26226.015625
-21535.2421875
-17347.796875
-13866.99609375
-11156.37109375
-9111.71484375
-7467.89453125
-5844.125
-3821.796875
-1039.7734375
2713.4765625
7432.56640625
12869.7578125
18560.03515625
23894.06640625
28226.25
30997.11328125
31846.234375
30693.41796875
27772.08984375
23607.80859375
18945.015625
14634.328125
11499.4765625
10206.3828125
11156.109375
14419.359375
19723.05859375
26490.953125
33931.328125
41157.51171875
47321.70703125
51740.85546875
53994.7734375
53981.38671875
51920.5703125
48306.140625
43813.5625
39177.8671875
35061.5234375
31934.3359375
29986.6796875
29092.984375
28834.734375
28582.01953125
27621.55078125
25309.09765625
21217.73828125
15252.23046875
7704.8984375
-760.8046875
-9198.4609375
-16522.95703125
-21683.60546875
-23832.59765625
-22456.8828125
-17449.8984375
-9112.9375
1909.22265625
14740.7109375
28409.203125
41975.21484375
54632.99609375
65768.98828125
74975.2265625
82025.38671875
86828.80078125
89380.25390625
89721.515625
87924.2578125
84095.87109375
78401.5078125
71089.8984375
62508.78515625
53098.30078125
43357.3671875
33786.56640625
24819.32421875
16758.41015625
9735.59375
3707.80078125
-1505.6328125
-6150.7109375
-10447.3671875
-14501.12890625
-18240.6796875
-21399.15625
-23547.23046875
-24174.18359375
-22801.76171875
-19107.890625
-13034.49609375
-4856.69921875
4801.859375
15012.19921875
24635.29296875
32454.0625
37320.51953125
38295.3203125
34759.3671875
26483.1953125
13647.53515625
-3183.51953125
-23128.6484375
-45082.12890625
-67819.19140625
-90100.48828125
-110765.13671875
-128805.49609375
-143420.48046875
-154047.22265625
-160372.87890625
-162329.2421875
-160073.28515625
-153956.8359375
-144488.5703125
-132291.6640625
-118060.23046875
-102517.23046875
-86375.49609375
-70302.5234375
-54888.58203125
-40617.61328125
-27841.06640625
-16756.3828125
-7393.86328125
383.40234375
6861.82421875
12439.5390625
17570.1640625
22694.40234375
28169.97265625
34212.40234375
40858.4296875
47959.7578125
55209.01953125
62193.05859375
68463.125
73608.62890625
77321.04296875
79437.4296875
79957.75
79035.23828125
76943.7578125
74029.19140625
70653.7109375
67141.90625
63737.0859375
60574.296875
57674.21484375
54958.84375
52286.375
49498.76171875
46472.78515625
43164.11328125
39634.93359375
36059.1484375
32704.234375
29894.30078125
27963.07421875
27207.5234375
27851.44921875
30024.71875
33758.6640625
38993.42578125
45590.296875
53342.1328125
61977.8125
71161.125
80489.04296875
89497.0859375
97679.34765625
104527.55078125
109587.76953125
112527.2734375
113198.65625
111686.2265625
108321.20703125
103657.375
98406.6171875
93342.1328125
89184.1015625
86486.48046875
85543.859375
86333.57421875
88502.09765625
91397.47265625
94142.625
95739.37890625
95189.9453125
91621.84375
84402.625
73232.11328125
58201.6171875
39811.8828125
18944.61328125
-3213.0390625
-25285.84375
-45857.70703125
-63630.64453125
-77572.94921875
-87033.3671875
-91801.94921875
-92106.30078125
-88543.2421875
-81957.84375
-73291.796875
-63428.875
-53065.40234375
-42627.79296875
-32249.3671875
-21806.4921875
-11002.63671875
519.1328125
13058.4453125
26756.57421875
41528.63671875
57038.12890625
72714.8203125
87810.66796875
101483.734375
112898.171875
121327.9140625
126252.4453125
127433.95703125
124966.55078125
119289.6953125
111161.01171875
101587.5
91720.05859375
82722.31640625
75630.64453125
71225.71875
69935.99609375
71789.5859375
76423.25
83147.37890625
91055.7734375
99160.93359375
106531.47265625
112408.45703125
116282.59375
117922.12890625
117351.2265625
114787.59375
110555.171875
104991.0703125
98365.51953125
90829.6015625
82398.86328125
72973.48046875
62388.2734375
50480.80859375
37163.140625
22483.38671875
6666.23046875
-9873.8203125
-26547.61328125
-42631.703125
-57327.70703125
-69832.828125
-79413.5078125
-85474.78125
-87618.53515625
-85684.98046875
-79772.62890625
-70233.640625
-57643.63671875
-42747.98828125
-26389.78125
-9427.703125
7346.0859375
23277.59765625
37903.11328125
50975.59375
62462.921875
72519.52734375
81436.0625
89574.40234375
97296.44921875
104895.65625
112539.69140625
120231.53515625
127794.2890625
134882.421875
141018.91796875
145654.36328125
148240.8671875
148311.44921875
145554.515625
139873.65234375
131424.765625
120625.328125
108133.5078125
94797.9140625
81581.546875
69466.06640625
59345.26171875
51919.0078125
47601.12890625
46455.203125
48170.8828125
52089.15625
57277.84375
62650.08203125
67109.69921875
69700.87890625
69736.9375
66885.6875
61196.48046875
53065.015625
43144.0234375
32218.1953125
21067.9296875
10347.22265625
496.8515625
-8294.44921875
-16078.03125
-23089.48046875
-29663.15234375
-36135.16796875
-42753.2265625
-49608.71875
-56601.21875
-63439.34765625
-69675.41796875
-74766.0625
-78147.14453125
-79309.8046875
-77865.19921875
-73588.50390625
-66437.23046875
-56544.26171875
-44190.69921875
-29767.125
-13732.92578125
3417.89453125
21179.31640625
39043.36328125
56501.0390625
73040.19140625
88147.296875
101318.60546875
112083.00390625
120034.99609375
124872.59765625
126432.87890625
124717.5703125
119903.078125
112332.35546875
102489.8984375
90964.13671875
78403.32421875
65470.9453125
52805.30859375
40985.453125
30503.53125
21742.3203125
14956.88671875
10260.4375
7616.55859375
6841.26953125
7618.6328125
9531.98046875
12109.71875
14880.7109375
17430.91796875
19451.328125
20767.953125
21348.26953125
21283.41015625
20751.12890625
19968.76171875
19147.2578125
18456.24609375
18006.12109375
17848.01953125
17987.34765625
18403.1328125
19064.87890625
19940.81640625
20995.515625
22179.71484375
23418.55078125
24605.55078125
25607.87890625
26284.15625
26511.22265625
26212.2265625
25376.8125
24066.02734375
22398.953125
20523.9296875
18582.30859375
16675.4609375
14844.86328125
13071.18359375
11292.484375
9436.046875
7454.57421875
5357.19921875
3228.0078125
1228.99609375
-411.25
-1419.36328125
-1504.94140625
-391.44140625
2150.71484375
6268.3671875
11987.3984375
19175.12890625
27510.03515625
36468.58984375
45339.515625
53272.55859375
59362.19140625
62757.9765625
62785.10546875
59053.33984375
51532.2578125
40575.79296875
26888.4453125
11437.3125
-4675.10546875
-20354.6640625
-34650.609375
-46859.50390625
-56582.76171875
-63732.4375
-68489.703125
-71228.6796875
-72422.890625
-72552.484375
-72027.87109375
-71140.453125
-70045.0546875
-68772.90234375
-67269.1171875
-65445.3671875
-63236.58203125
-60650.4296875
-57799.57421875
-54909.19921875
-52296.3671875
-50322.63671875
-49326.66796875
-49548.3828125
-51059.3203125
-53714.09375
-57134.8671875
-60734.9765625
-63779.98046875
-65476.984375
-65077.4921875
-61976.921875
-55795.78125
-46432.4375
-34083.74609375
-19235.61328125
-2629.140625
14791.46484375
31944.64453125
47689.01171875
60912.26171875
70630.16015625
76090.578125
76872.015625
72960.625
64787.47265625
53209.8515625
39428.44140625
24844.2109375
10872.95703125
-1252.703125
-10657.66796875
-16940.34765625
-20205.7265625
-21007.26953125
-20208.84375
-18795.0546875
-17669.66796875
-17483.6875
-18527.1171875
-20703.25390625
-23585.2734375
-26536.76953125
-28865.08984375
-29971.41015625
-29465.33984375
-27222.73828125
-23380.16796875
-18274.27734375
-12346.03125
-6035.30859375
308.953125
6483.98046875
12444.23046875
18269.4609375
24100.375
30058.75
36171.43359375
42315.859375
48199.65234375
53379.46875
57316.21484375
59456.38671875
59324.17578125
56607.00390625
51218.44140625
43327.109375
33346.83203125
21890.734375
9698.75
-2447.51953125
-13807.45703125
-23748.1875
-31787.29296875
-37609.44921875
-41061.66015625
-42136.25
-40952.44140625
-37745.3359375
-32865.765625
-26787.85546875
-20114.62109375
-13568.4921875
-7954.52734375
-4089.91015625
-2702.8984375
-4315.25390625
-9130.98828125
-16957.9453125
-27185.58984375
-38832.109375
-50659.32421875
-61337.88671875
-69633.07421875
-74575.5
-75584.0625
-72518.9140625
-65657.79296875
-55605.71875
-43161.24609375
-29169.8359375
-14394.42578125
573.375
15349.40234375
29740.44140625
43686.03125
57176.359375
70166.51953125
82505.82421875
93895.9375
103885.390625
111900.96875
117310.5234375
119506.640625
117997.60546875
112490.8203125
102954.75390625
89648.6796875
73114.140625
54128.4296875
33626.60546875
12604.3046875
-7982.91015625
-27307.10546875
-44728.328125
-59819.13671875
-72351.8359375
-82254.81640625
-89550.796875
-94293.625
-96520.26953125
-96230.95703125
-93403.29296875
-88037.7265625
-80223.16796875
-70205.44140625
-58438.76953125
-45602.421875
-32571.02734375
-20336.3828125
-9889.0703125
-2077.796875
2529.37109375
3755.86328125
1876.8828125
-2385.53125
-7936.203125
-13440.734375
-17500.36328125
-18841.078125
-16488.015625
-9898.73828125
963.6484375
15626.47265625
33170.23046875
52345.90234375
71727.3984375
89876.44921875
105497.66796875
117565.47265625
125410.46875
128759.83984375
127732.78125
122797.35546875
114698.71484375
104370.26953125
92839.16796875
81136.06640625
70216.34765625
60897.265625
53812.5234375
49383.578125
47805.8515625
49047.703125
52860.80078125
58801.5703125
66264.37109375
74527.28125
82810.33984375
90344.10546875
96443.375
100578.08984375
102431.23828125
101933.46875
99265.9609375
94827.76171875
89169.7265625
82904.12109375
76604.66015625
70715.0859375
65484.09375
60940.09765625
56911.67578125
53089.98046875
49119.875
44699.78125
39667.37890625
34050.92578125
28073.09375
22104.8828125
16578.546875
11878.28125
8233.0
5635.99609375
3810.98046875
2234.7734375
214.93359375
-2990.53125
-8033.3125
-15340.7890625
-25013.46484375
-36773.41015625
-49974.21875
-63671.75
-76744.25390625
-88042.03125
-96542.19921875
-101483.9140625
-102463.46484375
-99476.0546875
-92900.2421875
-83430.3515625
-71969.7890625
-59503.4375
-46969.046875
-35146.10546875
-24576.67578125
-15526.69140625
-7989.734375
-1729.05859375
3651.6328125
8621.2578125
13632.29296875
19042.75
25059.65625
31710.69921875
38846.01171875
46167.82421875
53281.8125
59761.53515625
65216.01953125
69350.86328125
72014.390625
73222.83203125
73161.33984375
72161.08203125
70655.76953125
69124.12109375
68026.53515625
67745.11328125
68535.33203125
70495.3671875
73556.0390625
77490.83203125
81942.609375
86461.98046875
90552.02734375
93714.71875
95495.69140625
95524.8671875
93550.46875
89463.453125
83308.41015625
75276.7734375
65679.55078125
54899.73046875
43329.21875
31300.03515625
19023.31640625
6550.8125
-6228.984375
-19554.00390625
-33713.59765625
-48947.44140625
-65337.80859375
-82718.75
-100624.48046875
-118292.9140625
-134729.609375
-148825.05859375
-159506.16796875
-165894.7890625
-167443.1640625
-164020.0703125
-155930.8125
-143867.71875
-128801.9609375
-111839.2734375
-94068.63671875
-76432.98828125
-59644.12109375
-44152.75390625
-30171.578125
-17737.6953125
-6793.796875
2733.7890625
10877.84765625
17603.05078125
22808.94921875
26355.08203125
28096.00390625
27913.578125
25737.73828125
21552.515625
15390.1015625
7319.98046875
-2558.3984375
-14112.56640625
-27160.53125
-41442.8203125
-56589.6171875
-72092.51171875
-87291.234375
-101384.05078125
-113466.953125
-122601.7890625
-127908.3671875
-128670.296875
-124440.88671875
-115132.91796875
-101076.453125
-83031.25390625
-62145.62109375
-39860.87109375
-17769.5234375
2555.90234375
19739.68359375
32757.98828125
41046.8671875
44544.69140625
43662.08984375
39186.234375
32139.078125
23618.015625
14649.96484375
6085.1875
-1453.4609375
-7564.1953125
-12014.73828125
-14667.48828125
-15406.703125
-14089.89453125
-10536.73828125
-4556.9921875
3992.328125
15138.3359375
28732.640625
44418.453125
61634.9765625
79660.265625
97684.62109375
114900.0
130587.90625
144189.45703125
155345.92578125
163904.6171875
169892.25
173463.81640625
174838.89453125
174238.31640625
171832.58984375
167709.99609375
161867.71484375
154225.11328125
144654.70703125
133024.43359375
119244.19921875
103310.19140625
85341.69921875
65606.49609375
44532.03125
22700.71484375
828.4765625
-20273.17578125
-39750.0078125
-56769.4140625
-70591.1484375
-80637.31640625
-86553.47265625
-88252.29296875
-85932.53125
-80068.3984375
-71368.32421875
-60706.6015625
-49036.0078125
-37293.0625
-26309.3203125
-16741.359375
-9028.65234375
-3383.28125
190.94140625
1857.8046875
1897.7734375
658.5859375
-1483.8515625
-4150.22265625
-6969.96484375
-9587.13671875
-11668.0625
-12917.703125
-13107.3125
-12110.5546875
-9939.73828125
-6770.953125
-2947.05859375
1048.51171875
4647.65625
7276.09765625
8440.92578125
7810.125
5267.6015625
931.9453125
-4864.93359375
-11634.38671875
-18809.9375
-25831.20703125
-32215.34765625
-37602.82421875
-41772.04296875
-44625.953125
-46161.12890625
-46433.58984375
-45534.86328125
-43586.75
-40755.51953125
-37278.41796875
-33489.578125
-29830.890625
-26836.51171875
-25086.32421875
-25132.58203125
-27411.9375
-32160.42578125
-39349.85546875
-48660.8203125
-59500.2890625
-71062.9609375
-82426.80859375
-92666.69140625
-100966.72265625
-106712.921875
-109552.15625
-109410.3359375
-106470.9609375
-101122.4375
-93887.43359375
-85349.35546875
-76088.90625
-66638.875
-57458.92578125
-48926.19921875
-41333.79296875
-34888.6328125
-29703.03125
-25779.3671875
-22992.84765625
-21081.34375
-19652.22265625
-18213.26171875
-16229.04296875
-13196.92578125
-8730.578125
-2635.23828125
5040.65234375
13988.703125
23663.109375
33339.01953125
42196.64453125
49416.9453125
54273.96484375
56211.328125
54894.9453125
50239.19140625
42408.61328125
31800.14453125
19011.82421875
4803.21875
-9949.453125
-24302.71875
-37300.640625
-48036.08203125
-55718.11328125
-59742.32421875
-59757.5390625
-55719.3828125
-47920.109375
-36985.16015625
-23831.0234375
-9584.99609375
4525.4609375
17299.73828125
27689.53515625
34904.35546875
38482.04296875
38315.9375
34638.15625
27966.40234375
19026.9140625
8668.4375
-2219.64453125
-12776.1796875
-22220.76171875
-29891.9140625
-35275.62109375
-38029.4375
-38004.91796875
-35267.33984375
-30107.71875
-23039.796875
-14774.875
-6170.25390625
1847.77734375
8379.6171875
12654.59375
14125.0859375
12537.7734375
7970.828125
831.3984375
-8185.56640625
-18170.22265625
-28091.3515625
-36898.10546875
-43618.33203125
-47444.609375
-47802.23046875
-44396.125
-37235.12890625
-26632.6484375
-13182.828125
2288.27734375
18795.12109375
35284.1953125
50736.14453125
64266.15625
75208.0546875
83168.37890625
88040.6171875
89976.55078125
89319.75390625
86513.95703125
82003.96484375
76148.24609375
69159.65234375
61084.65625
51823.53125
41186.04296875
28970.5546875
15050.7265625
-546.8203125
-17588.46875
-35613.34765625
-53951.3203125
-71777.28125
-88193.87890625
-102330.05859375
-113440.046875
-120987.203125
-124699.8984375
-124591.4296875
-120942.87890625
-114254.16015625
-105174.1484375
-94423.01953125
-82719.62890625
-70723.0078125
-58992.125
-47962.859375
-37937.58203125
-29081.91015625
-21424.6796875
-14860.62109375
-9158.6015625
-3980.38671875
1085.48046875
6473.01171875
12574.41796875
19670.1796875
27865.29296875
37044.40234375
46856.30078125
56733.26953125
65944.09765625
73673.125
79112.78125
81554.90234375
80467.171875
75544.60546875
66731.33984375
54213.5859375
38389.41015625
19823.87109375
-801.2734375
-22735.28515625
-45198.359375
-67411.93359375
-88620.3359375
-108107.01953125
-125209.0625
-139332.9453125
-149972.99609375
-156731.56640625
-159338.484375
-157666.27734375
-151738.0703125
-141726.67578125
-127945.48828125
-110833.96484375
-90941.63671875
-68914.2734375
-45483.828125
-21460.5546875
2277.609375
24805.46875
45187.6640625
62536.23046875
76086.65625
85283.5
89860.61328125
89897.69140625
85836.375
78445.3984375
68734.5546875
57828.8125
46824.1640625
36652.265625
27980.2890625
21165.24609375
16269.9453125
13133.94921875
11480.45703125
11032.625
11611.40625
13192.76953125
15912.25390625
20017.9375
25784.6171875
33410.8125
42923.37890625
54112.40625
66511.9921875
79432.5859375
92039.703125
103464.5390625
112925.859375
119840.41796875
123901.74609375
125113.015625
123768.33203125
120386.109375
115606.625
110071.9453125
104309.30859375
98638.32421875
93118.2265625
87544.71484375
81497.7421875
74433.0625
65802.921875
55185.80859375
42402.76171875
27599.1015625
11275.01953125
-5743.22265625
-22389.796875
-37491.2734375
-49923.0390625
-58763.64453125
-63420.25390625
-63703.09375
-59836.19140625
-52403.80859375
-42244.2890625
-30312.765625
-17539.49609375
-4710.12109375
7611.87109375
19109.83203125
29686.828125
39398.1484375
48362.28125
56672.06640625
64325.74609375
71191.6875
77012.3125
81443.9765625
84122.06640625
84736.1796875
83098.8828125
79193.8046875
73193.69140625
65445.390625
56425.3828125
46675.16796875
36729.5
27051.49609375
17987.01953125
9746.6875
2417.80078125
-3997.69140625
-9529.2109375
-14181.078125
-17888.51171875
-20498.42578125
-21782.34375
-21481.2890625
-19374.96484375
-15360.9140625
-9525.921875
-2192.140625
6075.53125
14506.88671875
22205.91796875
28261.24609375
31869.7109375
32452.4609375
29743.74609375
23837.265625
15182.140625
4529.203125
-7163.4453125
-18850.2578125
-29524.35546875
-38330.5859375
-44649.2578125
-48139.9609375
-48742.28515625
-46637.7734375
-42183.6953125
-35833.1328125
-28056.66796875
-19278.671875
-9836.5625
34.21875
10192.3203125
20566.421875
31123.6171875
41838.44140625
52668.84375
63542.5078125
74354.203125
84972.7265625
95254.62109375
105061.16015625
114274.703125
122810.33203125
130618.7734375
137677.3671875
143967.67578125
149441.35546875
153979.8984375
157357.55078125
159219.26171875
159084.96484375
156387.81640625
150546.9140625
141066.2890625
127643.6796875
110267.328125
89278.73828125
65384.55078125
39610.64453125
13203.66796875
-12503.5546875
-36239.04296875
-56925.80859375
-73782.51953125
-86378.72265625
-94643.3515625
-98834.25390625
-99481.57421875
-97318.40234375
-93208.49609375
-88075.375
-82832.41796875
-78311.41015625
-75188.73828125
-73912.86328125
-74642.30859375
-77207.30859375
-81108.61328125
-85562.4765625
-89592.47265625
-92158.36328125
-92302.77734375
-89290.76171875
-82717.14453125
-72562.34375
-59187.6875
-43273.5
-25714.48046875
-7494.24609375
10436.90234375
27260.453125
42351.21875
55298.51171875
65892.19140625
74085.3984375
79948.01953125
83623.87109375
85300.13671875
85192.109375
83541.12109375
80619.6875
76736.8203125
72237.11328125
67490.02734375
62868.9453125
58722.765625
55345.01171875
52946.25390625
51635.265625
51412.62109375
52178.15625
53751.08984375
55899.2109375
58371.8046875
60930.26171875
63370.77734375
65535.28515625
67309.3515625
68608.921875
69360.5703125
69481.84375
68868.48828125
67393.8203125
64922.41015625
61336.06640625
56566.30859375
50624.71875
43621.8984375
35767.6875
27349.29296875
18689.3671875
10091.4296875
1783.9375
-6124.26953125
-13666.23046875
-21010.38671875
-28425.3125
-36222.12109375
-44686.3359375
-54013.3671875
-64260.95703125
-75327.94140625
-86962.41796875
-98795.85546875
-110393.91015625
-121311.625
-131140.6875
-139539.23828125
-146240.00390625
-151038.203125
-153765.9296875
-154262.94140625
-152354.515625
-147845.0234375
-140532.07421875
-130240.84765625
-116873.34375
-100463.25
-81224.99609375
-59585.65625
-36190.625
-11878.1640625
12376.83203125
35544.09375
56633.45703125
74790.890625
89380.22265625
100037.67578125
106690.48828125
109536.96875
108992.234375
105610.0625
99995.57421875
92724.91015625
84286.015625
75049.671875
65273.03125
55130.5390625
44761.15234375
34317.41796875
24002.2890625
14083.25
4879.5234375
-3274.54296875
-10080.35546875
-15326.5625
-18926.94921875
-20933.39453125
-21518.671875
-20931.39453125
-19432.984375
-17231.69140625
-14430.8515625
-11006.140625
-6820.2265625
-1674.37890625
4613.375
12122.00390625
20755.5859375
30207.0859375
39971.8203125
49413.31640625
57870.82421875
64786.05078125
69819.7578125
72928.9296875
74382.97265625
74710.921875
74588.01171875
74684.6015625
75510.23046875
77287.05078125
79880.7734375
82804.3828125
85294.203125
86442.953125
85363.8984375
81355.73828125
74039.88671875
63448.91796875
50054.51171875
34733.4765625
18678.71875
3268.16015625
-10091.86328125
-20130.6875
-25866.45703125
-26731.109375
-22651.84375
-14077.76171875
-1945.72265625
12413.1640625
27417.14453125
41410.59375
52851.703125
60486.59765625
63487.10546875
61534.8046875
54841.953125
44109.171875
30428.18359375
15144.6796875
-299.51171875
-14524.98046875
-26355.25390625
-34924.34765625
-39741.15234375
-40705.91796875
-38080.04296875
-32415.4140625
-24454.56640625
-15016.01171875
-4881.0625
5302.140625
15084.16015625
24240.95703125
32759.3984375
40785.81640625
48547.81640625
56263.66796875
64055.359375
71880.375
79493.78515625
86446.99609375
92123.65625
95807.57421875
96773.12109375
94385.8125
88199.96875
78040.94140625
64061.375
46763.80859375
26985.04296875
5841.43359375
-15362.0859375
-35252.37109375
-52527.00390625
-66097.57421875
-75220.35546875
-79596.64453125
-79426.44140625
-75403.3125
-68645.0
-60563.2578125
-52685.9375
-46453.296875
-43016.6640625
-43069.98046875
-46741.7734375
-53567.19921875
-62547.6796875
-72291.1640625
-81212.234375
-87760.25390625
-90638.59375
-88979.56640625
-82448.11328125
-71260.9765625
-56124.2109375
-38106.70703125
-18478.03515625
1457.3359375
20500.73828125
37655.6015625
52172.90625
63551.77734375
71510.37890625
75945.8125
76899.359375
74536.35546875
69141.12109375
61119.5
50997.3828125
39404.2109375
27035.5234375
14596.26171875
2734.0
-8023.70703125
-17313.08984375
-24948.10546875
-30901.1015625
-35255.22265625
-38141.03125
-39673.9453125
-39908.65234375
-38822.109375
-36329.1015625
-32325.859375
-26749.94140625
-19640.41015625
-11182.23828125
-1722.6015625
8246.53125
18137.140625
27335.62109375
35280.44140625
41530.96875
45813.5546875
48036.33984375
48271.14453125
46708.046875
43593.9296875
39169.40625
33618.171875
27039.7578125
19451.078125
10815.71484375
1094.01171875
-9697.53515625
-21430.953125
-33828.19921875
-46449.09765625
-58710.484375
-69935.83984375
-79428.94921875
-86560.6875
-90855.3046875
-92062.01171875
-90199.671875
-85566.296875
-78710.80859375
-70370.61328125
-61384.16796875
-52591.8515625
-44740.015625
-38402.046875
-33926.77734375
-31419.58203125
-30755.87109375
-31622.03515625
-33575.35546875
-36113.125
-38741.359375
-41034.76953125
-42681.8984375
-43511.20703125
-43496.35546875
-42740.921875
-41445.39453125
-39861.74609375
-38243.00390625
-36796.63671875
-35650.16015625
-34835.15625
-34291.94921875
-33892.5625
-33475.21875
-32881.390625
-31986.3671875
-30717.1953125
-29056.078125
-27031.82421875
-24705.125
-22154.18359375
-19465.5390625
-16731.625
-14053.171875
-11542.0234375
-9319.81640625
-7509.44921875
-6219.40625
-5523.7421875
-5442.5703125
-5927.9921875
-6859.05078125
-8047.16015625
-9251.38671875
-10201.484375
-10626.19140625
-10284.1953125
-8995.2265625
-6668.15234375
-3322.16796875
903.69921875
5757.2890625
10898.87890625
15944.8984375
20524.390625
24338.4921875
27210.6171875
29115.3828125
30177.73046875
30640.04296875
30802.17578125
30945.97265625
31259.89453125
31779.94921875
32360.23828125
32680.59765625
32291.66015625
30690.4921875
27414.36328125
22136.71484375
14748.91796875
5413.41015625
-5421.75390625
-17050.97265625
-28578.97265625
-39019.421875
-47409.828125
-52925.6015625
-54976.0234375
-53267.92578125
-47828.453125
-38985.3515625
-27310.56640625
-13538.9453125
1522.63671875
17079.94921875
32416.84375
46933.578125
60156.59375
71724.546875
81360.171875
88839.76953125
93971.53125
96590.48828125
96572.84765625
93866.70703125
88531.2265625
80773.33203125
70970.7265625
59672.08203125
47569.90625
35446.890625
24102.0
14266.6953125
6523.86328125
1241.90234375
-1465.84765625
-1750.15625
-1.94140625
3200.71484375
7166.56640625
11174.53515625
14553.6875
16747.8671875
17356.046875
16144.44140625
13032.0390625
8056.7890625
1333.34765625
-6985.40625
-16732.90234375
-27733.6171875
-39788.53125
-52647.359375
-65978.01953125
-79344.8203125
-92204.91796875
-103928.0078125
-113838.37109375
-121273.1171875
-125646.9765625
-126512.98828125
-123610.19921875
-116892.6875
-106538.1015625
-92937.19140625
-76667.62890625
-58456.0234375
-39131.375
-19572.59765625
-652.28515625
16820.4375
32154.1953125
44821.3671875
54490.109375
61037.03515625
64537.69140625
65235.65234375
63495.109375
59745.65625
54429.796875
47963.078125
40713.56640625
33002.21484375
25119.80078125
17351.12890625
9994.796875
3367.59375
-2213.265625
-6470.296875
-9221.15234375
-10436.375
-10283.4453125
-9142.35546875
-7583.05078125
-6303.1328125
-6033.421875
-7426.60546875
-10949.10546875
-16796.41015625
-24848.09375
-34671.1328125
-45570.75
-56679.23828125
-67066.6328125
-75854.26171875
-82313.24609375
-85934.61328125
-86464.21484375
-83902.8046875
-78477.453125
-70594.12109375
-60782.046875
-49638.9765625
-37782.91015625
-25812.53515625
-14275.26953125
-3640.4921875
5724.24609375
13574.61328125
19806.51953125
24465.015625
27740.2578125
29946.88671875
31485.75
32790.85546875
34268.37109375
36237.33203125
38882.70703125
42229.578125
46143.421875
50356.06640625
54511.640625
58222.8828125
61126.78125
62929.625
63435.21484375
62554.4609375
60298.984375
56764.203125
52108.07421875
46530.46875
40255.76953125
33518.71875
26551.99609375
19573.78515625
12774.671875
6304.94921875
264.8515625
-5299.1171875
-10389.46875
-15043.84375
-19313.671875
-23238.8671875
-26823.41015625
-30016.91796875
-32706.60546875
-34722.7265625
-35858.66796875
-35904.609375
-34691.11328125
-32136.37109375
-28288.3828125
-23352.14453125
-17692.34765625
-11805.2578125
-6258.86328125
-1607.78125
1703.40234375
3429.26953125
3584.48046875
2459.49609375
582.18359375
-1372.12890625
-2707.44921875
-2846.58203125
-1454.4921875
1481.58203125
5634.1015625
10385.625
14939.36328125
18468.51171875
20274.21875
19919.6484375
17312.06640625
12715.5703125
6691.5859375
-20.44921875
-6656.91015625
-12585.49609375
-17429.23828125
-21132.71484375
-23956.82421875
-26404.4296875
-29094.27734375
-32612.0078125
-37371.5
-43516.81640625
-50884.97265625
-59035.4609375
-67336.9453125
-75089.0
-81649.6015625
-86539.1953125
-89499.18359375
-90494.68359375
-89665.51171875
-87241.859375
-83449.18359375
-78428.61328125
-72194.046875
-64637.0546875
-55577.7578125
-44847.80859375
-32383.3671875
-18303.3984375
-2952.625
13102.55078125
29125.0390625
44293.546875
57805.23828125
68972.484375
77294.5234375
82492.37890625
84505.0859375
83454.625
79593.51953125
73251.3046875
64793.8828125
54603.9375
43083.2109375
30670.37109375
17863.26953125
5233.140625
-6579.76171875
-16894.58203125
-25041.36328125
-30428.703125
-32616.01171875
-31377.16015625
-26743.6015625
-19018.7109375
-8760.2890625
3266.4375
16158.52734375
28958.1953125
40738.44921875
50681.8125
58144.4296875
62700.23046875
64162.58203125
62583.15625
58230.16796875
51550.08984375
43118.38671875
33585.625
23624.98046875
13885.77734375
4955.5078125
-2669.625
-8607.50390625
-12608.48828125
-14570.796875
-14551.953125
-12772.81640625
-9609.16796875
-5565.984375
-1232.22265625
2781.7421875
5916.58203125
7734.90234375
7977.30078125
6592.078125
3731.6171875
-284.37890625
-5031.88671875
-10058.98046875
-14960.59375
-19437.3828125
-23328.59375
-26615.03515625
-29394.69921875
-31839.0625
-34141.14453125
-36466.8671875
-38919.08984375
-41519.73828125
-44210.6796875
-46869.7578125
-49335.3046875
-51431.46875
-52987.71875
-53848.6875
-53874.265625
-52933.453125
-50898.0859375
-47643.1640625
-43058.94140625
-37076.62109375
-29704.96484375
-21070.9765625
-11454.8203125
-1308.55078125
8749.9609375
17972.46484375
25544.09765625
30669.0703125
32667.0234375
31066.2421875
25679.38671875
16649.4375
4457.52734375
-10110.42578125
-26035.49609375
-42167.296875
-57342.1953125
-70501.96875
-80796.1953125
-87653.88671875
-90814.7265625
-90317.125
-86448.1875
-79667.6796875
-70522.79296875
-59571.625
-47330.41015625
-34253.0390625
-20742.8984375
-7188.83984375
5989.359375
18302.96484375
29178.78515625
37975.70703125
44034.79296875
46756.30078125
45690.4453125
40625.19921875
31654.3203125
19212.01171875
4065.95703125
-12733.01953125
-29940.0703125
-46233.98828125
-60349.1875
-71205.47265625
-78018.60546875
-80376.71484375
-78271.5
-72079.1953125
-62493.55859375
-50420.69921875
-36851.86328125
-22734.23828125
-8860.10546875
4209.01171875
16173.125
26978.265625
36761.875
45772.9609375
54284.16796875
62512.46484375
70561.3984375
78392.13671875
85824.390625
92563.16015625
98244.015625
102488.48046875
104961.40234375
105423.40625
103772.6875
100071.42578125
94552.921875
87606.9375
79742.76171875
71532.91015625
63544.05859375
56265.51171875
50047.39453125
45060.4140625
41285.56640625
38536.52734375
36510.53125
34857.515625
33253.32421875
31462.40625
29378.328125
27035.890625
24595.0859375
22302.8203125
20441.984375
19278.3828125
19014.71484375
19757.69921875
21501.265625
24125.65234375
27410.68359375
31060.4921875
34736.80859375
38097.82421875
40838.88671875
42730.78125
43650.19140625
43596.9140625
42693.20703125
41162.9140625
39291.58984375
37372.75390625
35649.203125
34260.26171875
33206.03125
32337.03125
31373.08203125
29949.51171875
27683.12890625
24246.40234375
19436.44921875
13226.6953125
5792.4609375
-2493.203125
-11091.921875
-19354.875
-26591.84375
-32145.265625
-35460.94921875
-36148.65234375
-34027.2890625
-29151.0703125
-21813.9609375
-12531.203125
-1998.42578125
8968.6484375
19507.93359375
28789.50390625
36088.765625
40844.40234375
42693.8046875
41483.03515625
37253.359375
30210.859375
20687.93359375
9105.49609375
-4058.109375
-18289.52734375
-33056.41796875
-47822.15234375
-62064.53515625
-75301.85546875
-87125.5625
-97234.66796875
-105463.97265625
-111797.515625
-116360.7421875
-119389.4609375
-121179.0078125
-122022.15625
-122147.4296875
-121669.83984375
-120563.70703125
-118662.88671875
-115688.2734375
-111297.86328125
-105150.921875
-96976.68359375
-86638.0859375
-74182.921875
-59876.83984375
-44214.9375
-27910.24609375
-11858.70703125
2918.6796875
15354.40234375
24429.5390625
29278.58203125
29294.1328125
24218.89453125
14211.1875
-129.20703125
-17784.53515625
-37395.66796875
-57387.75
-76132.2734375
-92125.6171875
-104159.30859375
-111456.48046875
-113752.84765625
-111308.3359375
-104846.4453125
-95430.1640625
-84294.02734375
-72659.16015625
-61561.16015625
-51718.19140625
-43459.53125
-36724.18359375
-31126.75390625
-26076.11328125
-20923.0234375
-15108.2890625
-8283.41796875
-381.78515625
8371.4140625
17509.30078125
26419.94140625
34466.40234375
41102.84765625
45961.625
48894.44921875
49963.1875
49388.65625
47476.4453125
44543.40625
40866.45703125
36666.73828125
32130.09765625
27452.4140625
22889.78125
18791.2421875
15596.6875
13793.1640625
13835.76953125
16051.203125
20548.65625
27162.59765625
35444.96484375
44712.3359375
54140.2421875
62885.51953125
70211.390625
75590.08203125
78763.953125
79756.265625
78834.0078125
76434.8671875
73076.40625
69266.75
65432.953125
61877.21875
58763.74609375
56132.36328125
53930.23046875
52050.828125
50369.8203125
48770.02734375
47151.375
45426.0390625
43502.42578125
41264.26953125
38552.125
35154.078125
30810.66796875
25236.3828125
18156.94921875
9358.71484375
-1255.890625
-13614.50390625
-27430.984375
-42180.1015625
-57098.359375
-71217.02734375
-83430.50390625
-92598.9375
-97678.203125
-97863.90625
-92729.7265625
-82336.34375
-67286.79296875
-48709.1640625
-28157.68359375
-7437.80078125
11623.65625
27428.7421875
38837.06640625
45331.890625
47092.07421875
44955.0625
40276.1953125
34708.828125
29943.59375
27451.3359375
28271.18359375
32875.015625
41124.23046875
52318.33984375
65320.1953125
78732.52734375
91095.54296875
101075.88671875
107622.19140625
110070.171875
108189.41796875
102172.9921875
92578.26953125
80233.015625
66122.98046875
51277.44921875
36666.70703125
23121.7578125
11282.09765625
1573.09765625
-5789.10546875
-10770.28515625
-13475.2890625
-14098.2109375
-12874.30078125
-10042.0703125
-5822.078125
-415.82421875
5976.19140625
13122.79296875
20726.23046875
28393.625
35626.390625
41835.0625
46381.28515625
48642.58203125
48090.1875
44366.9296875
37351.86328125
27200.5546875
14354.12890625
-484.90625
-16407.2578125
-32375.2734375
-47316.19140625
-60219.765625
-70229.6484375
-76718.8515625
-79341.19921875
-78053.62890625
-73107.55078125
-65011.390625
-54470.0625
-42309.65234375
-29397.03515625
-16563.66796875
-4541.28125
6085.3359375
14906.01171875
21693.21875
26392.4765625
29098.66015625
30022.64453125
29453.52734375
27721.66796875
25167.16796875
22117.0546875
18872.27734375
15703.3203125
12851.109375
10528.96484375
8921.48046875
8177.8828125
8399.6875
9624.78515625
11811.7890625
14828.7890625
18450.1015625
22362.96484375
26184.65234375
29489.07421875
31841.26953125
32837.56640625
32148.75390625
29562.60546875
25020.65625
18643.01171875
10734.30078125
1765.3203125
-7672.0078125
-16933.41015625
-25406.109375
-32593.921875
-38187.1796875
-42102.40234375
-44481.6484375
-45649.90625
-46038.2421875
-46088.61328125
-46160.85546875
-46462.03515625
-47012.98828125
-47657.95703125
-48112.94921875
-48039.71875
-47127.171875
-45161.78125
-42073.0390625
-37947.3125
-33011.5234375
-27594.640625
-22078.25
-16847.29296875
-12248.92578125
-8563.15625
-5984.828125
-4614.21484375
-4453.15234375
-5405.16015625
-7279.87890625
-9804.09375
-12641.70703125
-15424.12890625
-17790.1640625
-19431.8203125
-20140.2265625
-19844.5234375
-18636.83203125
-16777.8046875
-14679.875
-12868.37890625
-11924.2890625
-12415.18359375
-14823.4921875
-19481.828125
-26524.62109375
-35862.71875
-47183.98828125
-59978.48828125
-73583.07421875
-87237.72265625
-100145.51953125
-111529.51953125
-120682.58203125
-127008.9375
-130058.203125
-129552.92578125
-125409.41015625
-117749.53125
-106899.3515625
-93370.07421875
-77818.37109375
-60986.921875
-43630.65234375
-26438.66796875
-9964.6875
5421.40234375
19551.2421875
32441.1171875
44243.75390625
55178.37890625
65453.34375
75196.69921875
84407.91015625
92938.43359375
100502.0859375
106709.265625
111114.46875
113265.06640625
112741.62890625
109184.96875
102311.38671875
91922.73828125
77920.1953125
60328.8125
39334.875
15330.3203125
-11048.2109375
-38902.15625
-67091.16015625
-94299.7109375
-119149.06640625
-140341.484375
-156813.70703125
-167871.515625
-173278.44140625
-173279.4296875
-168552.90234375
-160098.69140625
-149082.0703125
-136662.18359375
-123835.26171875
-111319.015625
-99495.58984375
-88419.0546875
-77881.484375
-67522.015625
-56956.84765625
-45905.9765625
-34294.20703125
-22309.296875
-10407.72265625
732.33203125
10302.37109375
17483.2578125
21572.3359375
22095.859375
18887.3359375
12118.9609375
2282.2109375
-9876.77734375
-23453.2421875
-37492.3828125
-51091.28125
-63478.23046875
-74060.36328125
-82438.3125
-88393.5703125
-91858.734375
-92881.88671875
-91594.44140625
-88187.67578125
-82898.71484375
-76003.12890625
-67809.51953125
-58651.73046875
-48876.171875
-38824.2421875
-28812.14453125
-19111.625
-9935.30859375
-1429.28515625
6326.04296875
13307.66796875
19536.53125
25062.0703125
29948.06640625
34262.59765625
38073.72265625
41451.1171875
44472.38671875
47231.0859375
49842.8125
52445.15234375
55188.2890625
58214.6328125
61628.54296875
65460.23046875
69630.5625
73925.21484375
77986.5234375
81329.22265625
83382.234375
83553.49609375
81309.45703125
76257.09375
68214.52734375
57257.89453125
43736.03125
28250.48828125
11604.3125
-5272.1171875
-21407.5234375
-35877.796875
-47887.23046875
-56837.28125
-62379.55859375
-64450.88671875
-63287.78125
-59416.7578125
-53616.37890625
-46848.46875
-40159.6875
-34560.59375
-30895.78515625
-29723.96875
-31228.77734375
-35178.55078125
-40946.52734375
-47592.3125
-53994.42578125
-59013.5234375
-61659.890625
-61237.58203125
-57441.83984375
-50395.109375
-40618.0078125
-28942.98828125
-16387.79296875
-4011.40625
7223.76953125
16563.03125
23530.0078125
27951.58203125
29939.98828125
29841.59765625
28165.46875
25505.41015625
22467.0859375
19608.28515625
17396.3359375
16183.19140625
16196.37109375
17542.80859375
20222.01953125
24145.31640625
29157.8828125
35060.7890625
41630.76171875
48636.1171875
55848.55078125
63051.44921875
70046.18359375
76657.796875
82740.828125
88184.703125
92916.875
96901.46875
100131.44921875
102613.87109375
104349.80078125
105312.19140625
105426.23828125
104556.44140625
102503.5390625
99012.6015625
93792.0390625
86541.8125
76988.765625
64926.62109375
50257.93359375
33034.5
13491.515625
-7930.3984375
-30581.80078125
-53625.10546875
-76082.34375
-96908.62890625
-115085.1328125
-129720.84765625
-140149.515625
-146007.46875
-147280.12890625
-144308.98828125
-137756.4296875
-128531.6640625
-117686.5859375
-106294.890625
-95330.61328125
-85563.140625
-77484.14453125
-71277.71875
-66838.43359375
-63833.83203125
-61799.44140625
-60247.72265625
-58769.01171875
-57104.26953125
-55175.65234375
-53070.98828125
-50989.47265625
-49165.0
-47788.5078125
-46949.6875
-46611.76953125
-46623.15234375
-46758.84375
-46777.05078125
-46472.9609375
-45714.6171875
-44452.5859375
-42704.26171875
-40521.59765625
-37955.69921875
-35031.56640625
-31741.984375
-28062.421875
-23981.734375
-19538.1484375
-14848.5625
-10121.2578125
-5647.20703125
-1771.26171875
1150.2890625
2796.27734375
2921.6875
1386.26953125
-1832.4921875
-6641.01953125
-12842.296875
-20154.94140625
-28235.22265625
-36700.35546875
-45153.5
-53211.51953125
-60535.80859375
-66864.09765625
-72038.3671875
-76022.078125
-78899.70703125
-80854.28125
-82123.3359375
-82939.65625
-83468.46875
-83755.515625
-83699.66015625
-83059.25390625
-81493.93359375
-78635.44921875
-74173.8203125
-67941.1640625
-59975.55859375
-50551.1328125
-40167.6953125
-29500.9765625
-19322.11328125
-10400.0703125
-3402.73046875
1188.35546875
3138.16796875
2486.46875
-457.3984375
-5150.4296875
-10876.41015625
-16822.87890625
-22165.68359375
-26152.4765625
-28176.921875
-27836.48828125
-24967.91015625
-19656.2890625
-12216.44921875
-3148.60546875
6925.6484375
17337.4453125
27442.83984375
36681.22265625
44610.66796875
50916.44140625
55395.359375
57925.05078125
58430.97265625
56864.07421875
53198.0703125
47448.22265625
39705.5390625
30173.890625
19194.87109375
7247.49609375
-5083.75390625
-17169.97265625
-28416.515625
-38342.2109375
-46640.58203125
-53208.625
-58136.54296875
-61661.578125
-64097.70703125
-65758.66015625
-66892.38671875
-67641.453125
-68036.61328125
-68022.10546875
-67503.4921875
-66403.91015625
-64713.63671875
-62520.6015625
-60015.375
-57470.86328125
-55203.0
-53522.51171875
-52688.21484375
-52870.3203125
-54127.9609375
-56401.17578125
-59514.51171875
-63188.51953125
-67056.609375
-70686.98046875
-73611.41015625
-75363.31640625
-75525.96875
-73788.20703125
-70000.83203125
-64223.34765625
-56749.515625
-48102.35546875
-38994.1484375
-30254.2421875
-22734.3359375
-17206.27734375
-14269.3125
-14281.5234375
-17325.18359375
-23208.31640625
-31497.94921875
-41575.2578125
-52700.80078125
-64079.27734375
-74916.98046875
-84469.9453125
-92084.84765625
-97236.9375
-99568.421875
-98927.7265625
-95405.390625
-89358.359375
-81411.9609375
-72430.08203125
-63448.08203125
-55570.203125
-49841.234375
-47109.265625
-47900.9453125
-52330.7421875
-60061.8046875
-70327.93359375
-82016.359375
-93800.4453125
-104303.265625
-112267.8203125
-116709.1953125
-117027.74609375
-113069.6796875
-105130.73046875
-93907.70703125
-80410.30859375
-65849.625
-51520.30078125
-38690.3671875
-28507.5078125
-21924.80078125
-19644.4296875
-22075.421875
-29302.21875
-41063.6015625
-56745.47265625
-75394.2734375
-95758.859375
-116366.72265625
-135635.2890625
-152011.6953125
-164126.796875
-170943.14453125
-171874.1015625
-166853.53515625
-156342.28125
-141268.11328125
-122907.56640625
-102728.71875
-82220.83984375
-62738.328125
-45382.25390625
-30933.76171875
-19842.2578125
-12260.1953125
-8108.01953125
-7149.5546875
-9059.59765625
-13471.3125
-19998.74609375
-28237.41015625
-37751.01953125
-48054.6796875
-58603.80078125
-68794.87890625
-77980.59765625
-85498.66796875
-90711.8515625
-93056.05078125
-92093.23828125
-87565.64453125
-79446.7734375
-67983.203125
-53719.640625
-37499.08984375
-20431.19921875
-3825.32421875
10910.046875
22393.44140625
29408.3828125
31035.5703125
26760.6484375
16541.54296875
824.97265625
-19490.47265625
-43139.08203125
-68607.73828125
-94273.3203125
-118539.2265625
-139954.9375
-157307.64453125
-169681.54296875
-176486.60546875
-177463.23046875
-172670.80078125
-162467.12890625
-147482.35546875
-128586.87109375
-106849.453125
-83480.74609375
-59758.8046875
-36937.6875
-16145.60546875
1715.3984375
16052.99609375
26635.93359375
33601.546875
37414.55078125
38781.2109375
38531.35546875
37487.59765625
36343.7578125
35573.22265625
35382.2578125
35714.66015625
36304.4765625
36764.4296875
36691.484375
35768.453125
33842.16796875
30964.01953125
27386.43359375
23517.34765625
19842.6640625
16832.0390625
14846.15234375
14062.5078125
14433.2421875
15682.30859375
17342.5078125
18826.171875
19517.86328125
18874.3828125
16516.50390625
12298.48828125
6345.08203125
-949.73828125
-8962.53125
-16913.86328125
-23966.27734375
-29334.00390625
-32389.80078125
-32753.90625
-30351.95703125
-25432.23828125
-18538.33984375
-10439.91015625
-2030.98046875
5789.01953125
12233.30859375
16726.6875
18970.79296875
18967.21875
16997.65234375
13567.25
9322.87109375
4960.078125
1132.44140625
-1626.01171875
-2958.23828125
-2717.9140625
-978.765625
1979.9453125
5710.38671875
9653.28125
13211.46875
15833.421875
17096.9296875
16780.453125
14908.390625
11758.3828125
7823.90234375
3733.44921875
137.0703125
-2420.8203125
-3617.9296875
-3435.51953125
-2185.9453125
-477.6171875
878.35546875
1003.20703125
-898.39453125
-5400.13671875
-12754.421875
-22848.5
-35221.234375
-49133.23828125
-63673.16796875
-77878.0234375
-90845.37890625
-101820.4921875
-110248.99609375
-115794.171875
-118324.90234375
-117884.43359375
-114651.1796875
-108901.01171875
-100977.26953125
-91270.7265625
-80208.703125
-68250.19921875
-55883.1015625
-43619.61328125
-31986.88671875
-21511.00390625
-12693.7421875
-5982.9140625
-1738.5703125
-198.43359375
-1447.34375
-5395.83203125
-11772.8828125
-20136.6171875
-29904.375
-40400.53515625
-50917.1953125
-60780.15625
-69411.15234375
-76377.71484375
-81424.0546875
-84479.89453125
-85648.046875
-85175.0625
-83411.4296875
-80768.40234375
-77677.45703125
-74556.4140625
-71784.08984375
-69683.515625
-68512.953125
-68463.67578125
-69663.66015625
-72186.1953125
-76061.91015625
-81291.640625
-87856.62109375
-95722.11328125
-104831.49609375
-115090.1484375
-126341.5625
-138341.3984375
-150737.5
-163063.87890625
-174754.703125
-185180.0859375
-193700.22265625
-199729.64453125
-202800.13671875
-202610.31640625
-199052.0625
-192208.55078125
-182324.32421875
-169753.44140625
-154896.1640625
-138136.71875
-119794.46484375
-100098.13671875
-79188.4375
-57148.984375
-34059.9765625
-10064.26953125
14567.6484375
39388.46875
63753.6328125
86838.7890625
107697.62890625
125355.1796875
138924.05859375
147725.21875
151392.19140625
149938.95703125
143777.2421875
133677.70703125
120679.86328125
105965.109375
90714.05859375
75971.8359375
62542.69140625
50928.9921875
41320.7578125
33632.85546875
27579.02734375
22767.203125
18798.7578125
15355.71484375
12263.1953125
9519.11328125
7287.8359375
5859.6171875
5581.91015625
6772.9140625
9630.921875
14154.859375
20091.23828125
26920.01171875
33886.06640625
40075.68359375
44528.66796875
46369.49609375
44936.25390625
39885.40625
31254.41796875
19471.6328125
5312.4296875
-10190.015625
-25863.828125
-40528.19921875
-53115.18359375
-62768.828125
-68912.87109375
-71284.63671875
-69937.9453125
-65220.75
-57733.84765625
-48275.984375
-37778.74609375
-27233.49609375
-17612.46875
-9787.5
-4452.40625
-2057.13671875
-2763.28125
-6429.46484375
-12632.046875
-20721.30078125
-29906.9921875
-39361.52734375
-48324.96484375
-56195.06640625
-62588.0390625
-67360.58984375
-70591.0703125
-72524.91015625
-73495.73828125
-73837.71875
-73805.44921875
-73515.84375
-72921.86328125
-71821.87109375
-69902.23046875
-66804.91015625
-62208.03515625
-55905.2421875
-47870.06640625
-38293.921875
-27590.24609375
-16362.609375
-5340.22265625
4710.5390625
13085.65234375
19238.69140625
22856.58984375
23903.11328125
22622.2265625
19500.0078125
15190.60546875
10418.11328125
5870.0546875
2099.53515625
-548.7578125
-1978.0390625
-2339.8359375
-1997.21875
-1458.40625
-1292.140625
-2037.953125
-4124.109375
-7803.94921875
-13118.171875
-19886.94921875
-27731.8359375
-36123.765625
-44450.15625
-52091.6640625
-58497.65625
-63249.515625
-66102.71875
-67001.71875
-66066.34375
-63553.21484375
-59800.05859375
-55163.65625
-49962.9140625
-44437.00390625
-38724.94921875
-32868.41796875
-26834.69921875
-20553.046875
-13955.61328125
-7014.26171875
233.44140625
7672.47265625
15112.5078125
22300.953125
28941.90625
34716.5625
39301.91015625
42387.1484375
43689.44140625
42971.70703125
40064.71484375
34893.48828125
27504.80859375
18089.5703125
6991.96484375
-5301.87890625
-18199.875
-31063.23046875
-43281.47265625
-54350.4609375
-63937.984375
-71922.55859375
-78395.6015625
-83624.578125
-87982.7578125
-91858.4453125
-95560.54296875
-99237.99609375
-102827.33984375
-106036.859375
-108369.09375
-109177.06640625
-107744.984375
-103381.7734375
-95515.33984375
-83776.65234375
-68064.48046875
-48583.94921875
-25854.45703125
-685.21875
25880.1015625
52644.4609375
78355.38671875
101807.7734375
121938.30078125
137898.88671875
149100.48046875
155223.87109375
156200.9375
152175.609375
143457.25
130479.4375
113773.5234375
93960.41796875
71756.8125
47986.26953125
23582.671875
-425.35546875
-22955.6171875
-42938.21484375
-59397.83203125
-71538.40234375
-78814.3671875
-80975.1015625
-78075.09375
-70450.2890625
-58668.1171875
-43463.671875
-25675.265625
-6190.0703125
14094.796875
34296.33203125
53560.16015625
71073.28515625
86082.0234375
97919.3828125
106041.69921875
110070.5703125
109833.1015625
105392.53125
97061.81640625
85394.625
71151.015625
55238.1484375
38630.0078125
22273.6171875
6992.796875
-6596.9375
-18147.890625
-27601.359375
-35162.74609375
-41230.640625
-46289.20703125
-50782.140625
-54992.4296875
-58953.2734375
-62410.9375
-64850.44921875
-65582.0859375
-63873.37109375
-59101.10546875
-50893.0234375
-39230.578125
-24492.0625
-7427.40625
10930.66015625
29402.34375
46818.44140625
62172.15625
74739.26953125
84147.90625
90388.71875
93767.2109375
94810.08203125
94145.015625
92377.60546875
89988.67578125
87270.625
84313.3203125
81039.44140625
77278.9296875
72863.921875
67721.2421875
61940.71875
55803.265625
49762.33203125
44382.85546875
40251.3203125
37876.078125
37598.296875
39530.2265625
43530.58203125
49218.83984375
56022.82421875
63248.8828125
70162.12109375
76064.73828125
80363.2265625
82618.6484375
82577.3671875
80182.18359375
75565.49609375
69027.05859375
60999.55859375
52005.66796875
42610.4375
33373.07421875
24801.84375
17315.1953125
11211.3984375
6647.8671875
3630.68359375
2014.2734375
1511.18359375
1712.171875
2117.12109375
2177.21484375
1348.13671875
-847.62109375
-4753.52734375
-10513.83984375
-18019.83984375
-26877.8203125
-36408.4140625
-45683.35546875
-53600.6171875
-58991.9296875
-60750.62109375
-57962.859375
-50023.921875
-36722.9140625
-18284.36328125
4638.171875
31014.1796875
59525.77734375
88683.07421875
116951.78125
142880.3046875
165214.796875
182992.53515625
195606.09765625
202832.9375
204827.87109375
202079.70703125
195337.50390625
185516.06640625
173593.31640625
160512.9296875
147103.78515625
134023.80859375
121730.390625
110474.6875
100313.8203125
91134.21875
82680.8203125
74589.9765625
66426.765625
57729.1953125
48061.23828125
37073.93359375
24569.7265625
10561.2265625
-4687.13671875
-20645.99609375
-36544.83203125
-51435.44140625
-64290.421875
-74124.984375
-80124.83203125
-81760.578125
-78870.421875
-71697.82421875
-60878.2265625
-47377.30078125
-32390.52734375
-17219.12890625
-3139.3046875
8719.48828125
17474.80078125
22562.1796875
23773.48828125
21262.37890625
15518.9765625
7316.95703125
-2362.98046875
-12428.11328125
-21780.33203125
-29425.80078125
-34577.125
-36736.875
-35751.9453125
-31830.69921875
-25518.64453125
-17633.3984375
-9164.6328125
-1149.734375
5460.61328125
9930.171875
11841.08203125
11158.75
8246.2578125
3823.30078125
-1127.64453125
-5496.91796875
-8206.55078125
-8369.07421875
-5421.55078125
786.921875
9968.78125
21437.17578125
34204.0546875
47120.26171875
59033.51171875
68937.5078125
76088.08984375
80069.16796875
80801.921875
78501.75390625
73597.6015625
66634.44921875
58181.0703125
48761.265625
38818.7421875
28716.02734375
18758.53125
9228.8984375
415.51171875
-7377.53515625
-13844.51953125
-18713.390625
-21792.25
-23013.2421875
-22460.4921875
-20373.28515625
-17122.26953125
-13163.3671875
-8979.0625
-5018.53125
-1646.78125
890.6875
2485.46875
3167.4140625
3092.52734375
2520.66796875
1785.00390625
1254.14453125
1287.70703125
2187.68359375
4150.2734375
7225.68359375
11294.3828125
16067.24609375
21113.03125
25910.765625
29918.125
32642.203125
33697.37109375
32837.64453125
29957.28515625
25061.88671875
18220.67578125
9516.2109375
-990.9296875
-13268.89453125
-27287.16796875
-42959.66796875
-60072.44921875
-78216.3828125
-96746.36328125
-114784.140625
-131272.76171875
-145079.0234375
-155128.9140625
-160552.75390625
-160813.2890625
-155792.59765625
-145821.4453125
-131645.8984375
-114338.1015625
-95168.25390625
-75460.6953125
-56457.89453125
-39211.7265625
-24513.84375
-12867.79296875
-4497.6796875
617.046875
2692.73828125
2089.03125
-740.15625
-5289.12890625
-11036.1015625
-17473.48828125
-24133.85546875
-30611.8828125
-36581.57421875
-41807.6328125
-46150.1796875
-49562.71875
-52084.0390625
-53824.94140625
-54950.51953125
-55658.11328125
-56150.90625
-56607.5546875
-57149.6015625
-57810.35546875
-58510.70703125
-59048.2421875
-59105.37109375
-58279.62109375
-56135.3203125
-52271.23828125
-46394.51171875
-38388.5703125
-28362.3125
-16670.05859375
-3896.359375
9194.25390625
21735.9921875
32857.12109375
41776.84375
47888.41796875
50816.23046875
50439.859375
46884.82421875
40485.9296875
31733.56640625
21214.85546875
9559.93359375
-2600.0703125
-14661.86328125
-26068.36328125
-36322.1171875
-44999.2734375
-51767.546875
-56408.140625
-58837.89453125
-59125.37109375
-57493.8828125
-54305.98046875
-50027.17578125
-45171.15234375
-40233.1875
-35622.0625
-31602.5703125
-28260.1796875
-25496.171875
-23056.3671875
-20589.81640625
-17727.33203125
-14164.703125
-9733.72265625
-4446.09375
1498.765625
7742.890625
13827.8984375
19267.55859375
23617.46484375
26526.55859375
27761.51953125
27203.65625
24826.19140625
20665.203125
14798.3515625
7341.65625
-1532.74609375
-11563.30078125
-22362.40625
-33391.87109375
-43964.3984375
-53279.34765625
-60493.01171875
-64815.03515625
-65616.11328125
-62528.75
-55523.39453125
-44946.21875
-31510.9375
-16243.98046875
-388.953125
14718.546875
27791.15234375
37728.62109375
43739.09375
45427.86328125
42841.87109375
36462.77734375
27147.328125
16020.71484375
4335.45703125
-6685.58203125
-15999.984375
-22868.0859375
-26928.3828125
-28215.08203125
-27116.828125
-24285.9296875
-20516.34375
-16613.40625
-13278.51953125
-11027.07421875
-10149.41015625
-10714.703125
-12608.7890625
-15591.3828125
-19357.0234375
-23587.13671875
-27986.69140625
-32305.47265625
-36349.1796875
-39987.40234375
-43163.9453125
-45910.78125
-48361.71484375
-50758.1640625
-53438.44921875
-56804.62109375
-61266.40234375
-67168.4140625
-74712.72265625
-83891.765625
-94446.0703125
-105856.90234375
-117377.48046875
-128099.16015625
-137043.28125
-143265.828125
-145961.640625
-144556.44140625
-138777.953125
-128700.36328125
-114758.5234375
-97729.9765625
-78683.82421875
-58897.16015625
-39742.484375
-22553.53125
-8481.921875
1638.4609375
7399.8125
8882.2421875
6654.6640625
1708.31640625
-4672.390625
-11085.8671875
-16210.66015625
-18993.61328125
-18798.32421875
-15489.61328125
-9440.45703125
-1461.3125
7334.83984375
15707.48046875
22473.48828125
26671.61328125
27681.52734375
25282.19140625
19646.04296875
11277.15625
910.3359375
-10607.00390625
-22428.36328125
-33799.3671875
-44116.35546875
-52950.078125
-60039.65234375
-65266.83203125
-68622.14453125
-70173.12890625
-70040.94921875
-68387.35546875
-65409.76171875
-61339.98046875
-56441.578125
-51002.171875
-45319.1015625
-39679.21875
-34335.2578125
-29482.3046875
-25238.11328125
-21630.92578125
-18598.15625
-15998.42578125
-13638.20703125
-11311.8359375
-8850.37109375
-6171.11328125
-3316.7265625
-472.09765625
2050.34765625
3860.2578125
4568.6953125
3883.22265625
1697.84375
-1845.2578125
-6341.5
-11167.1484375
-15577.22265625
-18841.70703125
-20393.55078125
-19957.32421875
-17630.1328125
-13895.36328125
-9563.4375
-5648.37109375
-3201.83984375
-3134.53125
-6056.86328125
-12167.43359375
-21208.734375
-32497.890625
-45027.25390625
-57618.07421875
-69101.79296875
-78498.984375
-85166.6171875
-88889.7109375
-89902.81640625
-88839.03515625
-86616.4921875
-84283.12109375
-82847.2421875
-83123.140625
-85616.75
-90467.81640625
-97453.30859375
-106044.8984375
-115503.83984375
-124991.3671875
-133672.84375
-140799.0625
-145756.23046875
-148085.4453125
-147479.5859375
-143769.53125
-136910.9296875
-126978.73828125
-114170.83984375
-98816.41015625
-81381.51953125
-62464.36328125
-42775.34765625
-23101.75
-4260.9453125
12951.43359375
27811.80078125
39712.8359375
48199.6796875
52998.05078125
54034.265625
51445.4921875
45576.04296875
36954.16015625
26244.86328125
14178.84375
1464.34765625
-11303.796875
-23718.875
-35601.34375
-46988.85546875
-58074.3515625
-69102.81640625
-80249.03125
-91505.72265625
-102611.046875
-113036.3203125
-122041.015625
-128785.9453125
-132481.65625
-132540.29296875
-128698.6171875
-121086.48046875
-110227.31640625
-96972.05078125
-82381.15234375
-67578.79296875
-53606.40234375
-41300.30859375
-31210.68359375
-23569.38671875
-18304.51953125
-15091.90234375
-13429.61328125
-12721.05078125
-12354.5546875
-11771.42578125
-10518.65625
-8285.8203125
-4927.484375
-472.7734375
4876.97265625
10762.375
16692.21484375
22081.64453125
26300.93359375
28731.78125
28826.6953125
26166.02734375
20507.3203125
11822.15625
317.29296875
-13561.984375
-29146.8515625
-45577.84375
-61854.484375
-76899.52734375
-89634.98046875
-99065.73828125
-104365.43359375
-104957.62109375
-100584.4453125
-91354.33203125
-77761.00390625
-60667.765625
-41254.27734375
-20927.2578125
-1201.671875
16436.12890625
30667.7734375
40467.19921875
45193.015625
44635.71875
39012.90234375
28913.53515625
15200.78125
-1110.6484375
-18982.75390625
-37468.05078125
-55792.7421875
-73399.4765625
-89947.94921875
-105279.390625
-119356.9296875
-132196.91015625
-143805.99609375
-154135.953125
-163062.86328125
-170391.7734375
-175882.67578125
-179289.95703125
-180406.28515625
-179102.5
-175357.86328125
-169278.21875
-161102.73046875
-151201.8203125
-140068.8203125
-128306.62890625
-116607.90625
-105725.28125
-96427.13671875
-89435.96875
-85350.19921875
-84556.0078125
-87141.58984375
-92830.5625
-100952.30859375
-110463.85546875
-120030.4140625
-128161.3359375
-133387.03515625
-134452.68359375
-130498.8984375
-121199.12890625
-106828.953125
-88252.6328125
-66825.421875
-44224.046875
-22229.625
-2495.2109375
13667.1953125
25448.42578125
32629.25
35581.39453125
35184.73828125
32676.09765625
29455.21484375
26879.18359375
26076.58984375
27807.35546875
32384.78515625
39664.79296875
49095.96484375
59815.3828125
70770.5625
80847.55859375
88988.8984375
94290.9921875
96076.72265625
93943.70703125
87791.19921875
77828.42578125
64565.3359375
48784.74609375
31493.6796875
13852.5234375
-2916.46484375
-17635.5859375
-29282.890625
-37094.9609375
-40647.23828125
-39899.9609375
-35202.40625
-27254.24609375
-17029.16015625
-5671.23046875
5622.359375
15717.953125
23648.57421875
28694.13671875
30432.9375
28762.4765625
23890.78125
16301.59375
6698.33203125
-4067.32421875
-15075.42578125
-25419.046875
-34279.18359375
-40986.12890625
-45061.625
-46238.58984375
-44458.6953125
-39851.515625
-32701.76171875
-23412.26171875
-12469.63671875
-417.00390625
12165.58203125
24675.734375
36503.140625
47048.734375
55751.18359375
62119.73046875
65768.54296875
66445.23828125
64046.078125
58612.72265625
50310.05078125
39389.5
26146.703125
10884.07421875
-6112.25390625
-24575.36328125
-44240.09375
-64810.4609375
-85921.26953125
-107104.8046875
-127772.58984375
-147218.7109375
-164646.765625
-179217.78125
-190112.828125
-196601.8046875
-198109.54296875
-194271.38671875
-184972.35546875
-170366.64453125
-150876.546875
-127172.20703125
-100135.0234375
-70808.65625
-40341.80078125
-9926.7890625
19262.41796875
46129.90234375
69712.3515625
89226.0703125
104103.546875
114016.65625
118883.63671875
118857.98828125
114299.27734375
105728.50390625
93773.6328125
79113.26171875
62427.27734375
44362.3828125
25516.9921875
6445.48828125
-12323.48828125
-30264.0078125
-46836.05859375
-61484.90234375
-73662.19140625
-82868.3828125
-88709.6875
-90957.69921875
-89597.71875
-84853.1328125
-77177.61328125
-67213.65625
-55723.00390625
-43500.3828125
-31285.4453125
-19687.95703125
-9138.47265625
128.45703125
8057.71875
14729.109375
20295.08203125
24913.92578125
28691.70703125
31644.4765625
33687.78125
34655.25390625
34341.890625
32562.46484375
29211.86328125
24313.1171875
18040.78515625
10712.1875
2745.8515625
-5405.953125
-13336.9296875
-20761.125
-27564.18359375
-33817.7734375
-39751.41015625
-45685.74609375
-51941.234375
-58742.99609375
-66145.078125
-73993.71875
-81940.58203125
-89504.91015625
-96171.14453125
-101499.26171875
-105221.296875
-107300.609375
-107939.87890625
-107536.9453125
-106601.140625
-105652.6796875
-105131.484375
-105338.00390625
-106418.6875
-108395.296875
-111224.09765625
-114862.3125
-119317.09375
-124657.82421875
-130983.78125
-138353.390625
-146693.9765625
-155718.73046875
-164878.14453125
-173366.11328125
-180188.0625
-184283.1796875
-184679.046875
-180648.3828125
-171836.19140625
-158331.88671875
-140673.0625
-119782.375
-96852.796875
-73205.97265625
-50151.57421875
-28872.05078125
-10348.4765625
4668.1484375
15646.625
22240.76953125
24247.734375
21575.62109375
14230.90625
2328.7421875
-13878.49609375
-33965.15625
-57302.203125
-83046.5
-110159.04296875
-137456.2578125
-163691.3046875
-187655.88671875
-208287.87890625
-224767.6484375
-236586.75
-243576.6953125
-245892.2265625
-243951.71484375
-238345.125
-229726.2734375
-218708.81640625
-205784.62890625
-191278.609375
-175346.54296875
-158014.40234375
-139249.40234375
-119047.41796875
-97518.6640625
-74954.2890625
-51860.375
-28951.96484375
-7106.78515625
12714.7578125
29571.35546875
42648.91015625
51358.87109375
55412.3125
54858.92578125
50085.296875
41772.5625
30819.140625
18239.0625
5049.703125
-7835.6484375
-19695.7265625
-30057.8515625
-38716.203125
-45711.1953125
-51275.90234375
-55761.3984375
-59556.17578125
-63015.1640625
-66410.64453125
-69911.32421875
-73588.5078125
-77441.6640625
-81431.58984375
-85508.9765625
-89629.52734375
-93752.796875
-97828.34765625
-101777.90234375
-105483.99609375
-108793.5078125
-111539.69140625
-113579.859375
-114840.25390625
-115356.6953125
-115299.5546875
-114975.0703125
-114800.24609375
-115254.0390625
-116812.11328125
-119874.89453125
-124699.02734375
-131341.09375
-139620.578125
-149106.91015625
-159133.50390625
-168839.9921875
-177241.4765625
-183320.765625
-186135.85546875
-184931.015625
-179236.8828125
-168943.73046875
-154334.1640625
-136066.33984375
-115106.87109375
-92621.28515625
-69838.59765625
-47911.734375
-27797.02734375
-10172.05078125
4596.6875
16435.30078125
25502.6953125
32106.46875
36614.97265625
39383.93359375
40709.66796875
40812.125
39842.5234375
37904.30859375
35074.9453125
31418.7109375
26986.8984375
21808.59375
15880.3828125
9164.73828125
1604.1953125
-6847.734375
-16185.1875
-26309.98828125
-37007.38671875
-47948.80859375
-58726.34765625
-68914.58203125
-78146.75
-86186.76953125
-92978.05078125
-98654.6328125
-103508.69921875
-107918.921875
-112253.37109375
-116767.140625
-121516.16796875
-126305.9765625
-130687.1171875
-134000.1875
-135464.41796875
-134296.03515625
-129837.6875
-121678.3828125
-109744.72265625
-94348.359375
-76180.99609375
-56255.95703125
-35803.27734375
-16132.5625
1516.7890625
16116.12890625
26957.75390625
33718.390625
36466.7734375
35615.27734375
31824.6796875
25878.71484375
18549.8046875
10478.1796875
2083.6171875
-6477.1796875
-15302.9609375
-24694.12109375
-35064.49609375
-46835.62890625
-60332.3359375
-75696.75
-92833.734375
-111394.171875
-130796.03515625
-150277.125
-168969.39453125
-185982.89453125
-200487.87109375
-211785.7578125
-219362.8046875
-222923.4609375
-222403.28515625
-217963.3046875
-209968.85546875
-198956.60546875
-185593.5234375
-170631.42578125
-154860.37109375
-139063.65234375
-123976.515625
-110249.9765625
-98420.57421875
-88886.53125
-81890.7734375
-77511.5703125
-75661.93359375
-76099.16796875
-78445.61328125
-82220.9453125
-86884.6640625
-91885.75390625
-96714.44921875
-100949.7578125
-104295.84375
-106601.21484375
-107856.68359375
-108171.265625
-107729.05859375
-106734.015625
-105352.515625
-103665.11328125
-101638.10546875
-99122.47265625
-95882.734375
-91652.046875
-86203.88671875
-79426.2265625
-71382.3984375
-62344.52734375
-52790.21875
-43360.27734375
-34782.97265625
-27777.05859375
-22950.02734375
-20708.72265625
-21197.015625
-24269.875
-29506.59375
-36259.46484375
-43729.26953125
-51055.796875
-57411.24609375
-62085.5234375
-64554.87890625
-64528.3671875
-61969.2890625
-57091.18359375
-50330.0859375
-42296.390625
-33711.62890625
-25336.73046875
-17899.625
-12030.0703125
-8208.7109375
-6734.96875
-7715.5234375
-11071.62890625
-16561.1328125
-23809.87109375
-32347.5703125
-41645.23828125
-51153.19921875
-60340.40234375
-68735.76171875
-75970.3046875
-81816.12109375
-86215.1171875
-89289.10546875
-91324.328125
-92727.63671875
-93958.1484375
-95444.96484375
-97506.62890625
-100289.234375
-103737.01171875
-107602.125
-111491.296875
-114938.12890625
-117484.37109375
-118751.90625
-118490.7578125
-116595.21875
-113088.609375
-108084.6171875
-101738.07421875
-94199.28125
-85583.69140625
-75964.3671875
-65388.68359375
-53915.27734375
-41662.8046875
-28859.375
-15880.6796875
-3266.0078125
8295.65234375
18012.59375
25067.80078125
28717.95703125
28399.77734375
23826.02734375
15053.31640625
2507.0703125
-13044.2265625
-30564.67578125
-48866.375
-66747.1015625
-83128.27734375
-97171.33203125
-108354.6640625
-116500.74609375
-121752.05859375
-124503.41015625
-125305.2421875
-124756.453125
-123405.58203125
-121676.08203125
-119825.51171875
-117941.3984375
-115969.34375
-113763.5390625
-111146.84765625
-107967.65234375
-104143.4296875
-99685.53515625
-94704.62109375
-89400.16796875
-84039.7734375
-78933.8046875
-74409.34375
-70784.828125
-68344.8515625
-67314.01171875
-67829.74609375
-69916.609375
-73466.94921875
-78234.609375
-83847.78515625
-89844.32421875
-95727.859375
-101037.76171875
-105421.07421875
-108692.3046875
-110867.98046875
-112167.04296875
-112975.046875
-113777.8359375
-115077.109375
-117304.4609375
-120750.87109375
-125525.1171875
-131547.921875
-138580.5546875
-146278.7578125
-154257.44921875
-162149.9609375
-169647.87890625
-176513.390625
-182564.00390625
-187637.1796875
-191548.17578125
-194056.5
-194854.33984375
-193584.73046875
-189889.50390625
-183479.1953125
-174211.01171875
-162158.05859375
-147654.01953125
-131301.6640625
-113940.3671875
-96575.08203125
-80276.234375
-66064.7421875
-54798.98046875
-47080.01171875
-43188.765625
-43064.046875
-46324.3828125
-52330.390625
-60278.44140625
-69311.92578125
-78633.55078125
-87602.1328125
-95799.5859375
-103058.58984375
-109447.75390625
-115218.078125
-120720.82421875
-126311.7265625
-132258.5078125
-138668.01171875
-145445.7734375
-152295.04296875
-158755.54296875
-164275.15234375
-168302.03515625
-170380.92578125
-170236.484375
-167828.75
-163370.54296875
-157303.54296875
-150237.26953125
-142862.140625
-135852.4921875
-129777.29296875
-125034.19140625
-121817.5859375
-120123.84375
-119788.97265625
-120547.37890625
-122096.62109375
-124153.05859375
-126487.27734375
-128934.64453125
-131383.765625
-133751.90234375
-135959.59765625
-137916.05859375
-139522.31640625
-140692.52734375
-141386.62890625
-141642.5
-141594.59375
-141468.63671875
-141548.7421875
-142121.16796875
-143406.58203125
-145497.03515625
-148314.0234375
-151599.62109375
-154945.01953125
-157851.82421875
-159813.86328125
-160402.578125
-159338.70703125
-156536.58984375
-152113.765625
-146366.05859375
-139714.93359375
-132638.27734375
-125597.55859375
-118973.0546875
-113016.16796875
-107823.93359375
-103337.140625
-99360.6171875
-95601.90625
-91723.453125
-87402.48046875
-82392.0859375
-76576.66796875
-70014.4296875
-62959.8828125
-55860.59375
-49324.640625
-44059.14453125
-40784.94140625
-40137.546875
-42568.7890625
-48265.875
-57103.78125
-68642.8046875
-82175.58984375
-96818.734375
-111634.67578125
-125762.45703125
-138532.93359375
-149546.34765625
-158697.359375
-166143.5078125
-172224.9375
-177353.41796875
-181894.421875
-186066.671875
-189878.33203125
-193110.33203125
-195346.64453125
-196042.171875
-194612.48046875
-190527.87890625
-183396.0546875
-173022.6328125
-159444.7734375
-142938.3828125
-124003.0234375
-103330.0859375
-81759.3359375
-60227.734375
-39713.15625
-21175.17578125
-5495.3359375
6579.51171875
14486.56640625
17884.36328125
16674.390625
11004.91796875
1257.49609375
-11981.4609375
-27960.1171875
-45807.53125
-64583.49609375
-83329.59375
-101120.21875
-117112.6484375
-130594.73046875
-141027.74609375
-148080.921875
-151653.7265625
-151882.60546875
-149130.36328125
-143958.4453125
-137084.3671875
-129327.8359375
-121549.609375
-114587.1328125
-109190.59765625
-105963.27734375
-105310.3203125
-107401.140625
-112150.5390625
-119223.1796875
-128063.45703125
-137949.5859375
-148066.60546875
-157589.890625
-165769.11328125
-172003.12109375
-175898.3515625
-177306.3203125
-176338.2109375
-173356.015625
-168939.9921875
-163832.3046875
-158857.578125
-154824.04296875
-152413.515625
-152073.94921875
-153932.51171875
-157747.890625
-162916.6171875
-168539.1640625
-173539.67578125
-176820.9765625
-177427.73828125
-174687.8203125
-168305.84765625
-158393.28515625
-145432.78515625
-130187.84375
-113579.04296875
-96552.52734375
-79965.22265625
-64504.92578125
-50654.32421875
-38698.33203125
-28765.90234375
-20892.078125
-15083.8046875
-11373.99609375
-9851.9453125
-10663.57421875
-13981.265625
-19949.44140625
-28617.23828125
-39872.79296875
-53394.171875
-68629.48828125
-84813.484375
-101021.2109375
-116252.2578125
-129533.0390625
-140021.25390625
-147096.15234375
-150421.0390625
-149969.5546875
-146013.8359375
-139078.92578125
-129873.01171875
-119205.73828125
-107907.12109375
-96757.2109375
-86432.83203125
-77473.12890625
-70261.859375
-65022.0234375
-61818.13671875
-60563.0546875
-61028.72265625
-62862.8515625
-65614.8125
-68773.5
-71817.47265625
-74274.0
-75779.734375
-76133.0390625
-75327.5234375
-73558.3671875
-71197.375
-68738.39453125
-66720.61328125
-65641.73046875
-65875.4453125
-67607.453125
-70801.2265625
-75199.88671875
-80364.38671875
-85741.92578125
-90753.109375
-94883.01953125
-97760.18359375
-99209.45703125
-99269.16796875
-98169.37109375
-96275.16796875
-94005.82421875
-91745.21875
-89761.1015625
-88149.30078125
-86814.609375
-85493.2265625
-83813.859375
-81387.2265625
-77907.87890625
-73249.2890625
-67533.43359375
-61159.5546875
-54783.19921875
-49244.85546875
-45456.4375
-44261.90234375
-46293.96875
-51851.09765625
-60816.69140625
-72636.140625
-86357.62109375
-100731.6015625
-114353.4453125
-125826.04296875
-133916.62890625
-137683.9375
-136559.02734375
-130372.6171875
-119332.47265625
-103962.80859375
-85022.90234375
-63422.734375
-40150.05078125
-16217.125
7371.5859375
29636.046875
49630.3671875
66455.80078125
79285.12109375
87402.54296875
90258.32421875
87531.9296875
79193.62109375
65551.83203125
47273.7734375
25368.95703125
1130.359375
-23965.59765625
-48391.5
-70718.18359375
-89760.2578125
-104695.671875
-115139.6328125
-121159.3984375
-123225.86328125
-122108.41015625
-118729.265625
-114000.7421875
-108671.66015625
-103207.6015625
-97723.88671875
-91981.0859375
-85442.74609375
-77385.01953125
-67040.0859375
-53750.4921875
-37110.578125
-17073.7734375
5989.78125
31293.234375
57690.390625
83782.609375
108061.37890625
129069.06640625
145558.87890625
156635.76953125
161862.26953125
161316.59765625
155594.859375
145754.19140625
133199.98828125
119527.01953125
106331.2109375
95014.7578125
86610.796875
81653.75
80116.7890625
81428.828125
84571.28515625
88241.4453125
91057.62109375
91773.38671875
89466.359375
83670.9765625
74434.79296875
62291.125
48155.625
33167.4453125
18504.80859375
5208.43359375
-5956.4296875
-14576.87109375
-20597.953125
-24261.49609375
-25995.2421875
-26279.328125
-25520.41015625
-23960.96484375
-21641.96875
-18424.33984375
-14060.44921875
-8295.421875
-971.5703125
7890.6015625
18054.77734375
29083.4609375
40401.0234375
51389.890625
61497.57421875
70330.5390625
77714.90625
83712.15625
88588.13671875
92743.5546875
96621.48828125
100611.07421875
104966.16796875
109753.671875
114840.0234375
119916.734375
124559.046875
128306.23828125
130749.0234375
131608.84375
130795.74609375
128435.3359375
124860.31640625
120567.63671875
116147.30859375
112193.13671875
109208.03125
107517.45703125
107203.59375
108070.140625
109644.046875
111215.671875
111914.265625
110810.82421875
107036.64453125
99903.328125
89008.79296875
74314.9140625
56185.08984375
35374.72265625
12973.5859375
-9694.38671875
-31202.0546875
-50164.06640625
-65376.84765625
-75934.9140625
-81308.42578125
-81373.02734375
-76390.4609375
-66946.015625
-53855.0
-38054.27734375
-20495.46484375
-2054.53125
16531.8671875
34698.33203125
52051.359375
68343.91015625
83432.3515625
97225.84375
109638.2578125
120551.19140625
129794.0234375
137143.44921875
142341.40625
145127.13671875
145276.79296875
142643.42578125
137190.90234375
129017.25390625
118365.72265625
105623.90234375
91312.9453125
76068.8359375
60616.9296875
45739.65625
32236.59375
20876.31640625
12341.1953125
7168.73828125
5695.82421875
8013.66015625
13941.48828125
23025.01171875
34562.22265625
47655.109375
61282.02734375
74382.73828125
85946.92578125
95097.12890625
101158.30859375
103708.07421875
102603.7265625
97984.56640625
90250.3671875
80019.1484375
68069.66015625
55275.41796875
42537.59765625
30723.30078125
20613.640625
12863.73046875
7974.03125
6271.2890625
7897.12890625
12803.4296875
20755.5390625
31345.546875
44018.26953125
58111.13671875
72906.55078125
87691.9296875
101820.08984375
114761.15625
126138.23828125
135741.796875
143521.70703125
149560.31640625
154033.1015625
157165.0859375
159190.77734375
160323.2890625
160735.08984375
160549.7265625
159841.5859375
158639.8203125
156933.43359375
154676.23828125
151792.84765625
148188.5
143766.00390625
138451.60546875
132228.79296875
125175.109375
117493.8828125
109531.171875
101769.26953125
94792.09765625
89223.76171875
85648.203125
84523.375
86105.76953125
90400.1953125
97144.76953125
105834.0859375
115775.9140625
126170.578125
136199.0078125
145105.70703125
152266.01171875
157231.9453125
159755.9765625
159795.421875
157502.046875
153200.75
147359.8984375
140554.03515625
133419.07421875
126600.890625
120700.1015625
116218.3828125
113513.39453125
112769.63671875
113990.36328125
117012.046875
121537.86328125
127182.5546875
133518.65625
140114.44921875
146557.37109375
152461.7109375
157464.859375
161220.4296875
163397.5859375
163693.87890625
161863.890625
157760.09765625
151376.97265625
142886.57421875
132654.23828125
121226.6484375
109290.29296875
97604.3671875
86917.3203125
77879.0859375
70961.44140625
66397.375
64147.37890625
63897.21484375
65088.2734375
66978.390625
68727.640625
69500.59765625
68573.54296875
65433.1875
59853.203125
51936.765625
42117.484375
31117.28125
19866.375
9396.38671875
721.6640625
-5275.2421875
-7939.5
-6910.87109375
-2156.015625
6034.47265625
17080.9765625
30175.828125
44363.21875
58630.34375
72002.21875
83632.36328125
92881.5546875
99376.69921875
103042.40234375
104099.4375
103027.35546875
100493.1171875
97253.23828125
94042.5703125
91467.1015625
89919.578125
89534.265625
90190.66015625
91566.4140625
93228.97265625
94746.45703125
95793.20703125
96226.34375
96116.47265625
95726.70703125
95447.03125
95701.49609375
96851.796875
99120.1328125
102547.82421875
106995.8359375
112182.2421875
117743.01953125
123298.38671875
128508.06640625
133104.21875
136898.359375
139766.09765625
141618.79296875
142373.4453125
141931.0703125
140170.71875
136961.70703125
132192.5078125
125811.09765625
117869.14453125
108561.43359375
98251.9140625
87479.2265625
76937.171875
67429.21484375
59800.53125
54855.21484375
53269.63671875
55514.203125
61794.9609375
72023.26171875
85817.08984375
102532.49609375
121319.2421875
141192.109375
161108.484375
180044.1875
197061.41796875
211365.27734375
222347.0
229613.0234375
232999.01171875
232567.9296875
228591.12109375
221512.24609375
211895.65234375
200363.0
187524.4765625
173912.69140625
159928.02734375
145803.33984375
131593.55078125
117192.18359375
102373.01171875
86851.04296875
70354.15625
52694.8515625
33831.32421875
13908.48046875
-6727.734375
-27545.390625
-47869.0625
-66943.71875
-84010.22265625
-98381.1328125
-109505.6015625
-117014.67578125
-120742.2890625
-120721.8203125
-117162.40625
-110411.86328125
-100913.86328125
-89165.8125
-75681.63671875
-60960.9921875
-45464.96875
-29597.7734375
-13694.91015625
1980.703125
17232.5703125
31913.37109375
45898.51171875
59055.7109375
71219.2734375
82178.80859375
91689.93359375
99509.40234375
105449.41015625
109438.56640625
111572.09375
112133.58203125
111575.59765625
110455.90234375
109337.68359375
108672.6875
108692.79296875
109336.078125
110227.62890625
110724.3203125
110019.33203125
107289.16015625
101856.625
93339.4296875
81756.15625
67569.55078125
51658.2578125
35221.29296875
19630.8984375
6257.984375
-3702.12890625
-9377.26953125
-10318.640625
-6542.08984375
1491.26953125
12947.46875
26730.5625
41613.86328125
56373.1484375
69906.00390625
81325.7265625
90023.09765625
95693.83984375
98333.36328125
98203.21484375
95775.81640625
91665.48046875
86554.421875
81122.31640625
75986.625
71658.46484375
68515.5625
66790.7265625
66571.8671875
67808.890625
70323.875
73823.3359375
77914.0703125
82125.9140625
85944.91796875
88858.296875
90409.1171875
90254.83203125
88220.8359375
84339.41015625
78865.984375
72268.0703125
65186.62890625
58373.765625
52613.7421875
48635.81640625
47027.984375
48160.34375
52126.39453125
58709.79296875
67382.76953125
77339.94140625
87567.24609375
96940.46875
104342.34375
108782.7109375
109504.55859375
106060.49609375
98349.46484375
86611.01171875
71382.25390625
53428.70703125
33662.94921875
13064.19140625
-7392.0546875
-26789.9765625
-44315.44921875
-59286.875
-71177.7265625
-79631.90234375
-84470.6875
-85688.55078125
-83435.30078125
-77984.36328125
-69690.40234375
-58942.87890625
-46124.16015625
-31580.65625
-15612.6015625
1516.15234375
19552.2265625
38218.66015625
57183.33203125
76040.046875
94309.96484375
111466.2265625
126979.265625
140375.0390625
151294.74609375
159543.50390625
165116.9296875
168198.64453125
169127.4765625
168339.48046875
166294.88671875
163403.5
159962.0390625
156114.625
151842.77734375
146985.89453125
141287.78515625
134460.91796875
126257.98828125
116539.95703125
105330.7890625
92850.98046875
79524.34765625
65955.28125
52876.8828125
41074.125
31290.1328125
24127.52734375
19959.3203125
18864.3125
20599.71875
24618.66796875
30132.9453125
36213.49609375
41914.16796875
46399.578125
49057.04296875
49574.9921875
47976.3203125
44602.65625
40053.80859375
35093.703125
30539.01953125
27148.50390625
25529.8203125
26076.64453125
28942.65625
34052.22265625
41140.87890625
49814.05078125
59610.04296875
70054.296875
80695.5546875
91120.27734375
100947.83984375
109814.2578125
117355.1171875
123198.1953125
126973.16015625
128340.4765625
127035.81640625
122921.30859375
116032.2265625
106607.98046875
95099.14453125
82147.34765625
68540.171875
55148.00390625
42852.37890625
32475.62890625
24719.5625
20117.5859375
19001.08984375
21478.44140625
27424.3046875
36478.17578125
48053.41796875
61360.42578125
75448.56640625
89270.171875
101765.9453125
111965.51953125
119091.05859375
122647.58984375
122483.140625
118805.25390625
112147.84765625
103292.07421875
93154.2734375
82660.95703125
72633.12109375
63699.22265625
56249.14453125
50431.7890625
46189.84375
43318.44921875
41531.94140625
40524.5078125
40015.4296875
39775.84765625
39639.6328125
39504.30859375
39328.59765625
39131.22265625
38992.23046875
39054.875
39523.83203125
40655.51953125
42737.65625
46058.18359375
50866.453125
57331.96484375
65506.75
75297.07421875
86448.4921875
98546.359375
111031.78125
123231.8125
134401.7109375
143776.8359375
150631.31640625
154339.93359375
154438.51953125
150676.74609375
143056.046875
131845.3671875
117568.734375
100962.08984375
82901.61328125
64311.28515625
46062.46875
28881.2265625
13279.0859375
-480.61328125
-12374.83984375
-22573.58984375
-31363.015625
-39054.41796875
-45896.71875
-52008.71875
-57342.32421875
-61681.47265625
-64674.375
-65890.9609375
-64894.22265625
-61313.1328125
-54906.203125
-45607.37109375
-33549.14453125
-19061.15625
-2645.25
15069.00390625
33382.0703125
51587.11328125
69028.32421875
85145.88671875
99500.89453125
111777.484375
121764.26171875
129322.01953125
134347.90234375
136746.87890625
136419.1015625
133267.17578125
127221.55078125
118277.3203125
106532.625
92218.8828125
75715.7265625
57547.8046875
38365.13671875
18911.875
-10.78515625
-17583.01953125
-33004.14453125
-45530.66015625
-54516.66015625
-59458.32421875
-60041.5234375
-56187.765625
-48090.23828125
-36229.5859375
-21359.94140625
-4459.34375
13355.26953125
30941.0234375
47255.94921875
61481.12109375
73118.42578125
82046.82421875
88526.14453125
93145.68359375
96724.0546875
100174.74609375
104357.54296875
109938.13671875
117276.671875
126361.2265625
136794.9609375
147837.6015625
158494.22265625
167638.06640625
174150.2578125
177057.953125
175653.56640625
169580.59765625
158876.26171875
143966.453125
125614.390625
104830.15625
82753.5078125
60526.25
39172.4140625
19503.81640625
2065.0546875
-12874.296875
-25280.69140625
-35279.890625
-43059.03125
-48768.609375
-52445.8203125
-53976.75
-53106.87890625
-49499.11328125
-42828.1953125
-32892.1484375
-19717.078125
-3632.63671875
14699.2265625
34310.40625
54005.35546875
72480.4453125
88465.0234375
100862.328125
108869.70703125
112062.3671875
110431.6484375
104376.21484375
94650.93359375
82282.82421875
68466.0078125
54448.140625
41420.24609375
30420.09375
22257.16796875
17464.8046875
16282.1484375
18665.5703125
24326.08203125
32786.53125
43450.55859375
55674.46875
68833.62890625
82376.67578125
95862.8046875
108979.78515625
121542.44140625
133473.109375
144767.08984375
155447.734375
165517.2265625
174910.39453125
183459.5625
190877.76953125
196765.44140625
200641.91015625
201998.38671875
200364.6640625
195378.546875
186846.296875
174784.1640625
159435.07421875
141259.6328125
120905.16015625
99159.7890625
76899.21875
55032.69140625
34451.95703125
15984.375
349.4609375
-11881.95703125
-20325.453125
-24814.71484375
-25422.3125
-22463.5078125
-16477.86328125
-8186.11328125
1576.046875
11941.28125
22100.8125
31389.265625
39351.66796875
45782.42578125
50730.3828125
54469.484375
57440.23828125
60171.83203125
63197.88671875
66979.38671875
71846.58984375
77967.89453125
85348.28515625
93854.5234375
103259.2890625
113293.35546875
123694.2421875
134241.265625
144771.015625
155172.2890625
165364.75390625
175269.91015625
184784.69140625
193767.3203125
202041.6640625
209420.7265625
215744.14453125
220919.40625
224954.00390625
227966.5546875
230169.16796875
231820.37890625
233155.8046875
234310.83203125
235253.74609375
235747.56640625
235354.3125
233487.12890625
229505.1640625
222836.265625
213104.9765625
200240.3671875
184540.6328125
166678.61328125
147643.265625
128624.39453125
110858.94140625
95464.62890625
83289.171875
74800.1875
70032.8515625
68601.40234375
69768.98046875
72560.43359375
75896.9453125
78730.0234375
80155.8828125
79497.6484375
76350.5625
70592.15234375
62363.79296875
52031.71875
40134.68359375
27323.35546875
14294.8828125
1725.22265625
-9796.8515625
-19828.3515625
-28115.43359375
-34613.41015625
-39477.1328125
-43019.98046875
-45645.80078125
-47764.2890625
-49704.921875
-51646.01953125
-53573.21484375
-55276.21875
-56385.25
-56440.5703125
-54982.39453125
-51644.59375
-46235.33203125
-38790.36328125
-29589.7109375
-19134.8515625
-8089.875
2803.87890625
12826.27734375
21374.0625
28038.51171875
32652.48828125
35299.4140625
36283.26171875
36065.390625
35179.96875
34143.265625
33372.6328125
33128.21875
33485.296875
34338.3828125
35432.11328125
36409.4296875
36865.73046875
36398.8125
34647.70703125
31317.8984375
26194.546875
19147.94140625
10136.28515625
-790.19921875
-13482.4140625
-27683.75
-43023.1328125
-59013.8828125
-75062.28515625
-90488.13671875
-104557.41796875
-116525.25
-125685.64453125
-131423.90625
-133267.33203125
-130930.08203125
-124348.33203125
-113701.875
-99418.3828125
-82156.9296875
-62768.578125
-42234.15234375
-21582.80078125
-1798.9921875
16270.92578125
31999.48828125
45033.375
55314.05859375
63059.95703125
68713.26953125
72860.6953125
76141.515625
79157.55078125
82397.6328125
86184.9921875
90650.94140625
95733.76171875
101198.9453125
106675.84375
111706.27734375
115801.265625
118502.37109375
119443.1953125
118405.03515625
115359.13671875
110487.51171875
104175.9453125
96976.515625
89542.4609375
82543.77734375
76576.546875
72080.79296875
69280.52734375
68155.40234375
68447.5390625
69700.5859375
71322.9921875
72664.2578125
73092.48828125
72063.07421875
69171.515625
64186.89453125
57065.65234375
47947.68359375
37137.90625
25076.90234375
12303.76953125
-586.01171875
-12985.69921875
-24323.328125
-34106.9375
-41966.47265625
-47689.3125
-51245.453125
-52797.8671875
-52693.67578125
-51433.171875
-49616.34375
-47870.45703125
-46766.703125
-46737.84765625
-48011.0859375
-50569.7109375
-54153.5
-58300.86328125
-62427.734375
-65929.8828125
-68289.65234375
-69166.36328125
-68452.25390625
-66282.9921875
-63001.13671875
-59081.02734375
-55031.296875
-51295.4140625
-48170.08203125
-45756.6875
-43953.12890625
-42484.83984375
-40965.9140625
-38976.12890625
-36137.734375
-32177.5703125
-26964.3359375
-20516.9140625
-12985.75390625
-4614.51953125
4307.6640625
13492.33203125
22686.7734375
31692.28515625
40364.10546875
48595.98046875
56295.6015625
63358.98046875
69651.6484375
75002.97265625
79216.8125
82098.30859375
83493.046875
83331.85546875
81672.55859375
78729.32421875
74881.2578125
70654.484375
66676.13671875
63603.80078125
62039.2265625
62439.22265625
65038.74609375
69800.2890625
76399.6484375
84251.89453125
92574.234375
100475.67578125
107059.43359375
111522.75
113241.0546875
111827.7578125
107166.3828125
99416.36328125
88996.69140625
76552.4296875
62907.90234375
49008.68359375
35853.01953125
24413.328125
15550.0
9922.8671875
7909.23046875
9540.07421875
14466.99609375
21970.49609375
31015.53515625
40353.234375
48659.51171875
54693.9921875
57457.3359375
56323.41015625
51125.58203125
42182.984375
30262.1953125
16480.35546875
2165.1796875
-11306.29296875
-22666.08984375
-30888.9375
-35285.1875
-35545.0
-31734.25390625
-24249.65234375
-13745.328125
-1045.08984375
12946.1484375
27320.73828125
41229.19140625
53920.39453125
64761.95703125
73244.80859375
78978.6796875
81686.13671875
81202.1953125
77484.203125
70632.64453125
60918.82421875
48810.8359375
34986.515625
20322.13671875
5848.88671875
-7324.4765625
-18116.47265625
-25591.25390625
-29071.3046875
-28224.046875
-23105.28515625
-14149.9921875
-2110.875
12044.8515625
27262.203125
42526.62109375
56972.7109375
69957.62890625
81091.59375
90226.59375
97412.01953125
102830.59765625
106729.16015625
109356.71484375
110917.91796875
111545.0859375
111287.421875
110113.4609375
107922.23046875
104559.67578125
99839.06640625
93565.8046875
85567.7265625
75730.92578125
64038.734375
50608.33984375
35717.2578125
19811.32421875
3487.94921875
-12547.04296875
-27544.76953125
-40790.625
-51679.75
-59776.1953125
-64844.58984375
-66849.59375
-65925.953125
-62328.859375
-56378.21484375
-48410.55859375
-38748.4375
-27690.7421875
-15520.6171875
-2522.27734375
11004.03515625
24738.1796875
38352.0
51535.7734375
64032.34375
75668.65625
86373.96875
96176.5078125
105175.37109375
113490.375
121198.23828125
128267.609375
134507.1171875
139539.671875
142812.60546875
143647.51171875
141326.578125
135205.1171875
124833.796875
110070.3046875
91159.71484375
68766.125
43944.97265625
18055.1640625
-7379.5625
-30840.90625
-50992.43359375
-66834.6328125
-77814.03125
-83869.4765625
-85409.50390625
-83226.5703125
-78364.58984375
-71963.75390625
-65109.0859375
-58707.171875
-53408.41796875
-49582.6484375
-47344.98828125
-46619.69921875
-47223.2109375
-48945.765625
-51613.5859375
-55120.05859375
-59422.921875
-64513.296875
-70369.15234375
-76908.91796875
-83959.93359375
-91251.1796875
-98432.47265625
-105114.23828125
-110916.2109375
-115510.921875
-118649.921875
-120166.328125
-119955.10546875
-117939.81640625
-114039.63671875
-108150.76171875
-100152.76171875
-89942.8203125
-77492.14453125
-62911.21875
-46506.296875
-28810.07421875
-10574.26953125
7279.74609375
23747.10546875
37849.21875
48749.48828125
55856.37890625
58898.5625
57962.375
53488.3984375
46229.85546875
37179.78515625
27476.11328125
18294.51171875
10738.59375
5736.640625
3953.8125
5728.3828125
11039.8671875
19514.55859375
30470.4140625
42997.82421875
56066.9296875
68646.984375
79820.36328125
88874.2109375
95357.0
99094.265625
100166.1328125
98856.69921875
95589.83203125
90866.3359375
85213.94140625
79155.05859375
73190.37109375
67790.9609375
63389.63671875
60364.05859375
59009.171875
59502.69921875
61872.734375
65978.80859375
71516.4609375
78050.33203125
85073.80859375
92086.0859375
98672.31640625
104570.6171875
109711.70703125
114222.07421875
118388.828125
122591.98046875
127216.25
132558.62890625
138748.96484375
145698.8046875
153089.0390625
160400.06640625
166980.69921875
172144.6875
175278.171875
175938.67578125
173927.2734375
169320.21875
162454.11328125
153868.0234375
144214.65234375
134158.828125
124283.5078125
115020.7890625
106618.51953125
99144.203125
92518.99609375
86568.4921875
81075.01953125
75818.78515625
70601.296875
65251.98828125
59625.21484375
53597.9140625
47077.07421875
40021.109375
32472.35546875
24591.19921875
16678.6015625
9174.12109375
2621.46484375
-2398.30859375
-5356.92578125
-5875.734375
-3809.3046875
703.18359375
7231.5546875
15097.08984375
23457.40234375
31418.63671875
38154.47265625
43010.58203125
45576.8984375
45717.13671875
43554.16796875
39418.46875
33773.35546875
27133.79296875
19994.390625
12777.8828125
5808.80859375
-689.54296875
-6582.00390625
-11801.38671875
-16329.8828125
-20186.9765625
-23424.53515625
-26125.96875
-28404.46875
-30395.79296875
-32243.91015625
-34081.1484375
-36007.55859375
-38075.37890625
-40283.33203125
-42582.5859375
-44892.296875
-47119.546875
-49176.9375
-50991.95703125
-52505.09765625
-53657.6796875
-54374.0625
-54545.37890625
-54022.203125
-52621.671875
-50150.92578125
-46444.33984375
-41407.99609375
-35062.0078125
-27570.66015625
-19251.76953125
-10560.37109375
-2046.57421875
5706.9921875
12158.375
16877.5
19602.734375
20272.71484375
19028.2109375
16184.8984375
12183.48046875
7527.80078125
2722.73046875
-1777.828125
-5606.48828125
-8500.0234375
-10302.26953125
-10958.19921875
-10505.29296875
-9066.328125
-6844.15234375
-4115.3984375
